  0
SECTION
  2
HEADER
  9
$ACADVER
  1
AC1024
  9
$ACADMAINTVER
 70
6
  9
$DWGCODEPAGE
  3
ANSI_1252
  9
$LASTSAVEDBY
  1
ezdxf
  9
$INSBASE
 10
0.0
 20
0.0
 30
0.0
  9
$EXTMIN
 10
1e+20
 20
1e+20
 30
1e+20
  9
$EXTMAX
 10
-1e+20
 20
-1e+20
 30
-1e+20
  9
$LIMMIN
 10
0.0
 20
0.0
  9
$LIMMAX
 10
420.0
 20
297.0
  9
$ORTHOMODE
 70
0
  9
$REGENMODE
 70
1
  9
$FILLMODE
 70
1
  9
$QTEXTMODE
 70
0
  9
$MIRRTEXT
 70
1
  9
$LTSCALE
 40
1.0
  9
$ATTMODE
 70
1
  9
$TEXTSIZE
 40
2.5
  9
$TRACEWID
 40
1.0
  9
$TEXTSTYLE
  7
Standard
  9
$CLAYER
  8
0
  9
$CELTYPE
  6
ByLayer
  9
$CECOLOR
 62
256
  9
$CELTSCALE
 40
1.0
  9
$DISPSILH
 70
0
  9
$DIMSCALE
 40
1.0
  9
$DIMASZ
 40
2.5
  9
$DIMEXO
 40
0.625
  9
$DIMDLI
 40
3.75
  9
$DIMRND
 40
0.0
  9
$DIMDLE
 40
0.0
  9
$DIMEXE
 40
1.25
  9
$DIMTP
 40
0.0
  9
$DIMTM
 40
0.0
  9
$DIMTXT
 40
2.5
  9
$DIMCEN
 40
2.5
  9
$DIMTSZ
 40
0.0
  9
$DIMTOL
 70
0
  9
$DIMLIM
 70
0
  9
$DIMTIH
 70
0
  9
$DIMTOH
 70
0
  9
$DIMSE1
 70
0
  9
$DIMSE2
 70
0
  9
$DIMTAD
 70
1
  9
$DIMZIN
 70
8
  9
$DIMBLK
  1

  9
$DIMASO
 70
1
  9
$DIMSHO
 70
1
  9
$DIMPOST
  1

  9
$DIMAPOST
  1

  9
$DIMALT
 70
0
  9
$DIMALTD
 70
3
  9
$DIMALTF
 40
0.03937007874
  9
$DIMLFAC
 40
1.0
  9
$DIMTOFL
 70
1
  9
$DIMTVP
 40
0.0
  9
$DIMTIX
 70
0
  9
$DIMSOXD
 70
0
  9
$DIMSAH
 70
0
  9
$DIMBLK1
  1

  9
$DIMBLK2
  1

  9
$DIMSTYLE
  2
ISO-25
  9
$DIMCLRD
 70
0
  9
$DIMCLRE
 70
0
  9
$DIMCLRT
 70
0
  9
$DIMTFAC
 40
1.0
  9
$DIMGAP
 40
0.625
  9
$DIMJUST
 70
0
  9
$DIMSD1
 70
0
  9
$DIMSD2
 70
0
  9
$DIMTOLJ
 70
0
  9
$DIMTZIN
 70
8
  9
$DIMALTZ
 70
0
  9
$DIMALTTZ
 70
0
  9
$DIMUPT
 70
0
  9
$DIMDEC
 70
2
  9
$DIMTDEC
 70
2
  9
$DIMALTU
 70
2
  9
$DIMALTTD
 70
3
  9
$DIMTXSTY
  7
Standard
  9
$DIMAUNIT
 70
0
  9
$DIMADEC
 70
0
  9
$DIMALTRND
 40
0.0
  9
$DIMAZIN
 70
0
  9
$DIMDSEP
 70
44
  9
$DIMATFIT
 70
3
  9
$DIMFRAC
 70
0
  9
$DIMLDRBLK
  1

  9
$DIMLUNIT
 70
2
  9
$DIMLWD
 70
-2
  9
$DIMLWE
 70
-2
  9
$DIMTMOVE
 70
0
  9
$DIMFXL
 40
1.0
  9
$DIMFXLON
 70
0
  9
$DIMJOGANG
 40
0.785398163397
  9
$DIMTFILL
 70
0
  9
$DIMTFILLCLR
 70
0
  9
$DIMARCSYM
 70
0
  9
$DIMLTYPE
  6

  9
$DIMLTEX1
  6

  9
$DIMLTEX2
  6

  9
$DIMTXTDIRECTION
 70
0
  9
$LUNITS
 70
2
  9
$LUPREC
 70
4
  9
$SKETCHINC
 40
1.0
  9
$FILLETRAD
 40
10.0
  9
$AUNITS
 70
0
  9
$AUPREC
 70
2
  9
$MENU
  1
.
  9
$ELEVATION
 40
0.0
  9
$PELEVATION
 40
0.0
  9
$THICKNESS
 40
0.0
  9
$LIMCHECK
 70
0
  9
$CHAMFERA
 40
0.0
  9
$CHAMFERB
 40
0.0
  9
$CHAMFERC
 40
0.0
  9
$CHAMFERD
 40
0.0
  9
$SKPOLY
 70
0
  9
$TDCREATE
 40
2461283.713402778
  9
$TDUCREATE
 40
2458532.153996898
  9
$TDUPDATE
 40
2461283.713402778
  9
$TDUUPDATE
 40
2458532.1544311
  9
$TDINDWG
 40
0.0
  9
$TDUSRTIMER
 40
0.0
  9
$USRTIMER
 70
1
  9
$ANGBASE
 50
0.0
  9
$ANGDIR
 70
0
  9
$PDMODE
 70
0
  9
$PDSIZE
 40
0.0
  9
$PLINEWID
 40
0.0
  9
$SPLFRAME
 70
0
  9
$SPLINETYPE
 70
6
  9
$SPLINESEGS
 70
8
  9
$HANDSEED
  5
E19
  9
$SURFTAB1
 70
6
  9
$SURFTAB2
 70
6
  9
$SURFTYPE
 70
6
  9
$SURFU
 70
6
  9
$SURFV
 70
6
  9
$UCSBASE
  2

  9
$UCSNAME
  2

  9
$UCSORG
 10
0.0
 20
0.0
 30
0.0
  9
$UCSXDIR
 10
1.0
 20
0.0
 30
0.0
  9
$UCSYDIR
 10
0.0
 20
1.0
 30
0.0
  9
$UCSORTHOREF
  2

  9
$UCSORTHOVIEW
 70
0
  9
$UCSORGTOP
 10
0.0
 20
0.0
 30
0.0
  9
$UCSORGBOTTOM
 10
0.0
 20
0.0
 30
0.0
  9
$UCSORGLEFT
 10
0.0
 20
0.0
 30
0.0
  9
$UCSORGRIGHT
 10
0.0
 20
0.0
 30
0.0
  9
$UCSORGFRONT
 10
0.0
 20
0.0
 30
0.0
  9
$UCSORGBACK
 10
0.0
 20
0.0
 30
0.0
  9
$PUCSBASE
  2

  9
$PUCSNAME
  2

  9
$PUCSORG
 10
0.0
 20
0.0
 30
0.0
  9
$PUCSXDIR
 10
1.0
 20
0.0
 30
0.0
  9
$PUCSYDIR
 10
0.0
 20
1.0
 30
0.0
  9
$PUCSORTHOREF
  2

  9
$PUCSORTHOVIEW
 70
0
  9
$PUCSORGTOP
 10
0.0
 20
0.0
 30
0.0
  9
$PUCSORGBOTTOM
 10
0.0
 20
0.0
 30
0.0
  9
$PUCSORGLEFT
 10
0.0
 20
0.0
 30
0.0
  9
$PUCSORGRIGHT
 10
0.0
 20
0.0
 30
0.0
  9
$PUCSORGFRONT
 10
0.0
 20
0.0
 30
0.0
  9
$PUCSORGBACK
 10
0.0
 20
0.0
 30
0.0
  9
$USERI1
 70
0
  9
$USERI2
 70
0
  9
$USERI3
 70
0
  9
$USERI4
 70
0
  9
$USERI5
 70
0
  9
$USERR1
 40
0.0
  9
$USERR2
 40
0.0
  9
$USERR3
 40
0.0
  9
$USERR4
 40
0.0
  9
$USERR5
 40
0.0
  9
$WORLDVIEW
 70
1
  9
$SHADEDGE
 70
3
  9
$SHADEDIF
 70
70
  9
$TILEMODE
 70
1
  9
$MAXACTVP
 70
64
  9
$PINSBASE
 10
0.0
 20
0.0
 30
0.0
  9
$PLIMCHECK
 70
0
  9
$PEXTMIN
 10
1e+20
 20
1e+20
 30
1e+20
  9
$PEXTMAX
 10
-1e+20
 20
-1e+20
 30
-1e+20
  9
$PLIMMIN
 10
0.0
 20
0.0
  9
$PLIMMAX
 10
420.0
 20
297.0
  9
$UNITMODE
 70
0
  9
$VISRETAIN
 70
1
  9
$PLINEGEN
 70
0
  9
$PSLTSCALE
 70
1
  9
$TREEDEPTH
 70
3020
  9
$CMLSTYLE
  2
Standard
  9
$CMLJUST
 70
0
  9
$CMLSCALE
 40
20.0
  9
$PROXYGRAPHICS
 70
1
  9
$MEASUREMENT
 70
1
  9
$CELWEIGHT
370
-1
  9
$ENDCAPS
280
0
  9
$JOINSTYLE
280
0
  9
$LWDISPLAY
290
0
  9
$INSUNITS
 70
6
  9
$HYPERLINKBASE
  1

  9
$STYLESHEET
  1

  9
$XEDIT
290
1
  9
$CEPSNTYPE
380
0
  9
$PSTYLEMODE
290
1
  9
$FINGERPRINTGUID
  2
{36981568-6BF6-4AEA-9879-937A901120C4}
  9
$VERSIONGUID
  2
{9BE35354-68EE-4A02-8D99-4B13FAD5FD7D}
  9
$EXTNAMES
290
1
  9
$PSVPSCALE
 40
0.0
  9
$OLESTARTUP
290
0
  9
$SORTENTS
280
127
  9
$INDEXCTL
280
0
  9
$HIDETEXT
280
1
  9
$XCLIPFRAME
280
1
  9
$HALOGAP
280
0
  9
$OBSCOLOR
 70
257
  9
$OBSLTYPE
280
0
  9
$INTERSECTIONDISPLAY
280
0
  9
$INTERSECTIONCOLOR
 70
257
  9
$DIMASSOC
280
2
  9
$PROJECTNAME
  1

  9
$CAMERADISPLAY
290
0
  9
$LENSLENGTH
 40
50.0
  9
$CAMERAHEIGHT
 40
0.0
  9
$STEPSPERSEC
 40
24.0
  9
$STEPSIZE
 40
100.0
  9
$3DDWFPREC
 40
2.0
  9
$PSOLWIDTH
 40
0.005
  9
$PSOLHEIGHT
 40
0.08
  9
$LOFTANG1
 40
1.570796326795
  9
$LOFTANG2
 40
1.570796326795
  9
$LOFTMAG1
 40
0.0
  9
$LOFTMAG2
 40
0.0
  9
$LOFTPARAM
 70
7
  9
$LOFTNORMALS
280
1
  9
$LATITUDE
 40
37.795
  9
$LONGITUDE
 40
-122.394
  9
$NORTHDIRECTION
 40
0.0
  9
$TIMEZONE
 70
-8000
  9
$LIGHTGLYPHDISPLAY
280
1
  9
$TILEMODELIGHTSYNCH
280
1
  9
$CMATERIAL
347
20
  9
$SOLIDHIST
280
0
  9
$SHOWHIST
280
1
  9
$DWFFRAME
280
2
  9
$DGNFRAME
280
2
  9
$REALWORLDSCALE
290
1
  9
$INTERFERECOLOR
 62
256
  9
$CSHADOW
280
0
  9
$SHADOWPLANELOCATION
 40
0.0
  0
ENDSEC
  0
SECTION
  2
CLASSES
  0
CLASS
  1
ACDBDICTIONARYWDFLT
  2
AcDbDictionaryWithDefault
  3
ObjectDBX Classes
 90
0
 91
0
280
0
281
0
  0
CLASS
  1
SUN
  2
AcDbSun
  3
SCENEOE
 90
1153
 91
0
280
0
281
0
  0
CLASS
  1
VISUALSTYLE
  2
AcDbVisualStyle
  3
ObjectDBX Classes
 90
4095
 91
0
280
0
281
0
  0
CLASS
  1
MATERIAL
  2
AcDbMaterial
  3
ObjectDBX Classes
 90
1153
 91
0
280
0
281
0
  0
CLASS
  1
SCALE
  2
AcDbScale
  3
ObjectDBX Classes
 90
1153
 91
0
280
0
281
0
  0
CLASS
  1
TABLESTYLE
  2
AcDbTableStyle
  3
ObjectDBX Classes
 90
4095
 91
0
280
0
281
0
  0
CLASS
  1
MLEADERSTYLE
  2
AcDbMLeaderStyle
  3
ACDB_MLEADERSTYLE_CLASS
 90
4095
 91
0
280
0
281
0
  0
CLASS
  1
DICTIONARYVAR
  2
AcDbDictionaryVar
  3
ObjectDBX Classes
 90
0
 91
0
280
0
281
0
  0
CLASS
  1
CELLSTYLEMAP
  2
AcDbCellStyleMap
  3
ObjectDBX Classes
 90
1152
 91
0
280
0
281
0
  0
CLASS
  1
MENTALRAYRENDERSETTINGS
  2
AcDbMentalRayRenderSettings
  3
SCENEOE
 90
1024
 91
0
280
0
281
0
  0
CLASS
  1
ACDBDETAILVIEWSTYLE
  2
AcDbDetailViewStyle
  3
ObjectDBX Classes
 90
1025
 91
0
280
0
281
0
  0
CLASS
  1
ACDBSECTIONVIEWSTYLE
  2
AcDbSectionViewStyle
  3
ObjectDBX Classes
 90
1025
 91
0
280
0
281
0
  0
CLASS
  1
RASTERVARIABLES
  2
AcDbRasterVariables
  3
ISM
 90
0
 91
0
280
0
281
0
  0
CLASS
  1
ACDBPLACEHOLDER
  2
AcDbPlaceHolder
  3
ObjectDBX Classes
 90
0
 91
0
280
0
281
0
  0
CLASS
  1
LAYOUT
  2
AcDbLayout
  3
ObjectDBX Classes
 90
0
 91
0
280
0
281
0
  0
ENDSEC
  0
SECTION
  2
TABLES
  0
TABLE
  2
VPORT
  5
8
330
0
100
AcDbSymbolTable
 70
1
  0
VPORT
  5
23
330
8
100
AcDbSymbolTableRecord
100
AcDbViewportTableRecord
  2
*Active
 70
0
 10
0.0
 20
0.0
 11
1.0
 21
1.0
 12
0.0
 22
0.0
 13
0.0
 23
0.0
 14
0.5
 24
0.5
 15
0.5
 25
0.5
 16
0.0
 26
0.0
 36
1.0
 17
0.0
 27
0.0
 37
0.0
 40
1000.0
 41
1.34
 42
50.0
 43
0.0
 44
0.0
 50
0.0
 51
0.0
 71
0
 72
1000
 73
1
 74
3
 75
0
 76
0
 77
0
 78
0
281
0
 65
0
146
0.0
  0
ENDTAB
  0
TABLE
  2
LTYPE
  5
2
330
0
100
AcDbSymbolTable
 70
3
  0
LTYPE
  5
24
330
2
100
AcDbSymbolTableRecord
100
AcDbLinetypeTableRecord
  2
ByBlock
 70
0
  3

 72
65
 73
0
 40
0.0
  0
LTYPE
  5
25
330
2
100
AcDbSymbolTableRecord
100
AcDbLinetypeTableRecord
  2
ByLayer
 70
0
  3

 72
65
 73
0
 40
0.0
  0
LTYPE
  5
26
330
2
100
AcDbSymbolTableRecord
100
AcDbLinetypeTableRecord
  2
Continuous
 70
0
  3

 72
65
 73
0
 40
0.0
  0
ENDTAB
  0
TABLE
  2
LAYER
  5
1
330
0
100
AcDbSymbolTable
 70
7
  0
LAYER
  5
27
330
1
100
AcDbSymbolTableRecord
100
AcDbLayerTableRecord
  2
0
 70
0
 62
7
  6
Continuous
370
-3
390
13
347
21
  0
LAYER
  5
28
330
1
100
AcDbSymbolTableRecord
100
AcDbLayerTableRecord
  2
Defpoints
 70
0
 62
7
  6
Continuous
290
0
370
-3
390
13
347
21
  0
LAYER
  5
2F
330
1
100
AcDbSymbolTableRecord
100
AcDbLayerTableRecord
  2
CUT_REFERENCE
 70
0
 62
1
  6
Continuous
370
-3
390
13
347
21
  0
LAYER
  5
30
330
1
100
AcDbSymbolTableRecord
100
AcDbLayerTableRecord
  2
ENGRAVE_AWA
 70
0
 62
4
  6
Continuous
370
-3
390
13
347
21
  0
LAYER
  5
31
330
1
100
AcDbSymbolTableRecord
100
AcDbLayerTableRecord
  2
ENGRAVE_POLARS
 70
0
 62
5
  6
Continuous
370
-3
390
13
347
21
  0
LAYER
  5
32
330
1
100
AcDbSymbolTableRecord
100
AcDbLayerTableRecord
  2
ENGRAVE_TEXT
 70
0
 62
7
  6
Continuous
370
-3
390
13
347
21
  0
LAYER
  5
33
330
1
100
AcDbSymbolTableRecord
100
AcDbLayerTableRecord
  2
ENGRAVE_VMG
 70
0
 62
3
  6
Continuous
370
-3
390
13
347
21
  0
ENDTAB
  0
TABLE
  2
STYLE
  5
5
330
0
100
AcDbSymbolTable
 70
1
  0
STYLE
  5
29
330
5
100
AcDbSymbolTableRecord
100
AcDbTextStyleTableRecord
  2
Standard
 70
0
 40
0.0
 41
1.0
 50
0.0
 71
0
 42
2.5
  3
txt
  4

  0
ENDTAB
  0
TABLE
  2
VIEW
  5
7
330
0
100
AcDbSymbolTable
 70
0
  0
ENDTAB
  0
TABLE
  2
UCS
  5
6
330
0
100
AcDbSymbolTable
 70
0
  0
ENDTAB
  0
TABLE
  2
APPID
  5
3
330
0
100
AcDbSymbolTable
 70
3
  0
APPID
  5
2A
330
3
100
AcDbSymbolTableRecord
100
AcDbRegAppTableRecord
  2
ACAD
 70
0
  0
APPID
  5
E16
330
3
100
AcDbSymbolTableRecord
100
AcDbRegAppTableRecord
  2
HATCHBACKGROUNDCOLOR
 70
0
  0
APPID
  5
E17
330
3
100
AcDbSymbolTableRecord
100
AcDbRegAppTableRecord
  2
EZDXF
 70
0
  0
ENDTAB
  0
TABLE
  2
DIMSTYLE
  5
4
330
0
100
AcDbSymbolTable
 70
1
100
AcDbDimStyleTable
  0
DIMSTYLE
105
2B
330
4
100
AcDbSymbolTableRecord
100
AcDbDimStyleTableRecord
  2
Standard
 70
0
 40
1.0
 41
2.5
 42
0.625
 43
3.75
 44
1.25
 45
0.0
 46
0.0
 47
0.0
 48
0.0
 49
2.5
140
2.5
141
2.5
142
0.0
143
0.03937007874
144
1.0
145
0.0
146
1.0
147
0.625
148
0.0
 69
0
 70
0
 71
0
 72
0
 73
0
 74
0
 75
0
 76
0
 77
1
 78
8
 79
3
170
0
171
3
172
1
173
0
174
0
175
0
176
0
177
0
178
0
179
2
271
2
272
2
273
2
274
3
275
0
276
0
277
2
278
44
279
0
280
0
281
0
282
0
283
0
284
8
285
0
286
0
288
0
289
3
290
0
371
-2
372
-2
  0
ENDTAB
  0
TABLE
  2
BLOCK_RECORD
  5
9
330
0
100
AcDbSymbolTable
 70
2
  0
BLOCK_RECORD
  5
17
330
9
100
AcDbSymbolTableRecord
100
AcDbBlockTableRecord
  2
*Model_Space
340
1A
 70
0
280
1
281
0
  0
BLOCK_RECORD
  5
1B
330
9
100
AcDbSymbolTableRecord
100
AcDbBlockTableRecord
  2
*Paper_Space
340
1E
 70
0
280
1
281
0
  0
ENDTAB
  0
ENDSEC
  0
SECTION
  2
BLOCKS
  0
BLOCK
  5
18
330
17
100
AcDbEntity
  8
0
100
AcDbBlockBegin
  2
*Model_Space
 70
0
 10
0.0
 20
0.0
 30
0.0
  3
*Model_Space
  1

  0
ENDBLK
  5
19
330
17
100
AcDbEntity
  8
0
100
AcDbBlockEnd
  0
BLOCK
  5
1C
330
1B
100
AcDbEntity
  8
0
100
AcDbBlockBegin
  2
*Paper_Space
 70
0
 10
0.0
 20
0.0
 30
0.0
  3
*Paper_Space
  1

  0
ENDBLK
  5
1D
330
1B
100
AcDbEntity
  8
0
100
AcDbBlockEnd
  0
ENDSEC
  0
SECTION
  2
ENTITIES
  0
CIRCLE
  5
34
330
17
100
AcDbEntity
  8
CUT_REFERENCE
100
AcDbCircle
 10
0.0
 20
0.0
 30
0.0
 40
57.5
  0
CIRCLE
  5
35
330
17
100
AcDbEntity
  8
CUT_REFERENCE
100
AcDbCircle
 10
0.0
 20
0.0
 30
0.0
 40
47.0
  0
CIRCLE
  5
36
330
17
100
AcDbEntity
  8
CUT_REFERENCE
100
AcDbCircle
 10
0.0
 20
0.0
 30
0.0
 40
1.6
  0
CIRCLE
  5
37
330
17
100
AcDbEntity
  8
ENGRAVE_AWA
100
AcDbCircle
 10
0.0
 20
0.0
 30
0.0
 40
7.791666666666668
  0
TEXT
  5
38
330
17
100
AcDbEntity
  8
ENGRAVE_TEXT
100
AcDbText
 10
7.791666666666668
 20
0.8
 30
0.0
 40
2.8
  1
0.2
 72
1
 11
7.791666666666668
 21
0.8
 31
0.0
100
AcDbText
 73
1
  0
CIRCLE
  5
39
330
17
100
AcDbEntity
  8
ENGRAVE_AWA
100
AcDbCircle
 10
0.0
 20
0.0
 30
0.0
 40
15.583333333333336
  0
TEXT
  5
3A
330
17
100
AcDbEntity
  8
ENGRAVE_TEXT
100
AcDbText
 10
15.583333333333336
 20
0.8
 30
0.0
 40
2.8
  1
0.4
 72
1
 11
15.583333333333336
 21
0.8
 31
0.0
100
AcDbText
 73
1
  0
CIRCLE
  5
3B
330
17
100
AcDbEntity
  8
ENGRAVE_AWA
100
AcDbCircle
 10
0.0
 20
0.0
 30
0.0
 40
23.375000000000004
  0
TEXT
  5
3C
330
17
100
AcDbEntity
  8
ENGRAVE_TEXT
100
AcDbText
 10
23.375000000000004
 20
0.8
 30
0.0
 40
2.8
  1
0.6
 72
1
 11
23.375000000000004
 21
0.8
 31
0.0
100
AcDbText
 73
1
  0
CIRCLE
  5
3D
330
17
100
AcDbEntity
  8
ENGRAVE_AWA
100
AcDbCircle
 10
0.0
 20
0.0
 30
0.0
 40
31.16666666666667
  0
TEXT
  5
3E
330
17
100
AcDbEntity
  8
ENGRAVE_TEXT
100
AcDbText
 10
31.16666666666667
 20
0.8
 30
0.0
 40
2.8
  1
0.8
 72
1
 11
31.16666666666667
 21
0.8
 31
0.0
100
AcDbText
 73
1
  0
CIRCLE
  5
3F
330
17
100
AcDbEntity
  8
ENGRAVE_AWA
100
AcDbCircle
 10
0.0
 20
0.0
 30
0.0
 40
38.95833333333334
  0
TEXT
  5
40
330
17
100
AcDbEntity
  8
ENGRAVE_TEXT
100
AcDbText
 10
38.95833333333334
 20
0.8
 30
0.0
 40
2.8
  1
1.0
 72
1
 11
38.95833333333334
 21
0.8
 31
0.0
100
AcDbText
 73
1
  0
LINE
  5
41
330
17
100
AcDbEntity
  8
ENGRAVE_AWA
100
AcDbLine
 10
0.0
 20
0.0
 30
0.0
 11
0.0
 21
45.5
 31
0.0
  0
LINE
  5
42
330
17
100
AcDbEntity
  8
ENGRAVE_AWA
100
AcDbLine
 10
0.0
 20
45.5
 30
0.0
 11
-1.5
 21
42.5
 31
0.0
  0
LINE
  5
43
330
17
100
AcDbEntity
  8
ENGRAVE_AWA
100
AcDbLine
 10
0.0
 20
45.5
 30
0.0
 11
1.5
 21
42.5
 31
0.0
  0
LINE
  5
44
330
17
100
AcDbEntity
  8
ENGRAVE_AWA
100
AcDbLine
 10
0.0
 20
-38.95833333333334
 30
0.0
 11
1.9593342301361716
 21
-42.701877425505074
 31
0.0
  0
LINE
  5
45
330
17
100
AcDbEntity
  8
ENGRAVE_AWA
100
AcDbLine
 10
1.9593342301361716
 20
-42.701877425505074
 30
0.0
 11
4.253251681217577
 21
-46.25026518941158
 31
0.0
  0
LINE
  5
46
330
17
100
AcDbEntity
  8
ENGRAVE_AWA
100
AcDbLine
 10
4.253251681217577
 20
-46.25026518941158
 30
0.0
 11
4.293374843579421
 21
-46.301370740535525
 31
0.0
  0
LINE
  5
47
330
17
100
AcDbEntity
  8
ENGRAVE_AWA
100
AcDbLine
 10
38.25843149033575
 20
26.42995308167016
 30
0.0
 11
35.99368862807995
 21
26.248680171849603
 31
0.0
  0
LINE
  5
48
330
17
100
AcDbEntity
  8
ENGRAVE_AWA
100
AcDbLine
 10
35.99368862807995
 20
26.248680171849603
 30
0.0
 11
31.830433663428725
 21
25.527277999185866
 31
0.0
  0
LINE
  5
49
330
17
100
AcDbEntity
  8
ENGRAVE_AWA
100
AcDbLine
 10
31.830433663428725
 20
25.527277999185866
 30
0.0
 11
27.750734632375224
 21
24.42765587707383
 31
0.0
  0
LINE
  5
4A
330
17
100
AcDbEntity
  8
ENGRAVE_AWA
100
AcDbLine
 10
27.750734632375224
 20
24.42765587707383
 30
0.0
 11
23.78887603734446
 21
22.959054682603973
 31
0.0
  0
LINE
  5
4B
330
17
100
AcDbEntity
  8
ENGRAVE_AWA
100
AcDbLine
 10
23.78887603734446
 20
22.959054682603973
 30
0.0
 11
19.97815208694728
 21
21.133816076479736
 31
0.0
  0
LINE
  5
4C
330
17
100
AcDbEntity
  8
ENGRAVE_AWA
100
AcDbLine
 10
19.97815208694728
 20
21.133816076479736
 30
0.0
 11
16.35058690196412
 21
18.967278787597888
 31
0.0
  0
LINE
  5
4D
330
17
100
AcDbEntity
  8
ENGRAVE_AWA
100
AcDbLine
 10
16.35058690196412
 20
18.967278787597888
 30
0.0
 11
12.936665394746406
 21
16.477649711214543
 31
0.0
  0
LINE
  5
4E
330
17
100
AcDbEntity
  8
ENGRAVE_AWA
100
AcDbLine
 10
12.936665394746406
 20
16.477649711214543
 30
0.0
 11
9.765077083639014
 21
13.685850903946356
 31
0.0
  0
LINE
  5
4F
330
17
100
AcDbEntity
  8
ENGRAVE_AWA
100
AcDbLine
 10
9.765077083639014
 20
13.685850903946356
 30
0.0
 11
6.862474995327418
 21
10.6153437614133
 31
0.0
  0
LINE
  5
50
330
17
100
AcDbEntity
  8
ENGRAVE_AWA
100
AcDbLine
 10
6.862474995327418
 20
10.6153437614133
 30
0.0
 11
4.253251681217577
 21
7.2919318560782465
 31
0.0
  0
LINE
  5
51
330
17
100
AcDbEntity
  8
ENGRAVE_AWA
100
AcDbLine
 10
4.253251681217577
 20
7.2919318560782465
 30
0.0
 11
1.9593342301361574
 21
3.7435440921717245
 31
0.0
  0
LINE
  5
52
330
17
100
AcDbEntity
  8
ENGRAVE_AWA
100
AcDbLine
 10
1.9593342301361574
 20
3.7435440921717245
 30
0.0
 11
0.0
 21
3.552713678800501e-15
 31
0.0
  0
LINE
  5
53
330
17
100
AcDbEntity
  8
ENGRAVE_AWA
100
AcDbLine
 10
-0.0
 20
-38.95833333333334
 30
0.0
 11
-1.9593342301361716
 21
-42.701877425505074
 31
0.0
  0
LINE
  5
54
330
17
100
AcDbEntity
  8
ENGRAVE_AWA
100
AcDbLine
 10
-1.9593342301361716
 20
-42.701877425505074
 30
0.0
 11
-4.253251681217577
 21
-46.25026518941158
 31
0.0
  0
LINE
  5
55
330
17
100
AcDbEntity
  8
ENGRAVE_AWA
100
AcDbLine
 10
-4.253251681217577
 20
-46.25026518941158
 30
0.0
 11
-4.293374843579421
 21
-46.301370740535525
 31
0.0
  0
LINE
  5
56
330
17
100
AcDbEntity
  8
ENGRAVE_AWA
100
AcDbLine
 10
-38.25843149033575
 20
26.42995308167016
 30
0.0
 11
-35.99368862807995
 21
26.248680171849603
 31
0.0
  0
LINE
  5
57
330
17
100
AcDbEntity
  8
ENGRAVE_AWA
100
AcDbLine
 10
-35.99368862807995
 20
26.248680171849603
 30
0.0
 11
-31.830433663428725
 21
25.527277999185866
 31
0.0
  0
LINE
  5
58
330
17
100
AcDbEntity
  8
ENGRAVE_AWA
100
AcDbLine
 10
-31.830433663428725
 20
25.527277999185866
 30
0.0
 11
-27.750734632375224
 21
24.42765587707383
 31
0.0
  0
LINE
  5
59
330
17
100
AcDbEntity
  8
ENGRAVE_AWA
100
AcDbLine
 10
-27.750734632375224
 20
24.42765587707383
 30
0.0
 11
-23.78887603734446
 21
22.959054682603973
 31
0.0
  0
LINE
  5
5A
330
17
100
AcDbEntity
  8
ENGRAVE_AWA
100
AcDbLine
 10
-23.78887603734446
 20
22.959054682603973
 30
0.0
 11
-19.97815208694728
 21
21.133816076479736
 31
0.0
  0
LINE
  5
5B
330
17
100
AcDbEntity
  8
ENGRAVE_AWA
100
AcDbLine
 10
-19.97815208694728
 20
21.133816076479736
 30
0.0
 11
-16.35058690196412
 21
18.967278787597888
 31
0.0
  0
LINE
  5
5C
330
17
100
AcDbEntity
  8
ENGRAVE_AWA
100
AcDbLine
 10
-16.35058690196412
 20
18.967278787597888
 30
0.0
 11
-12.936665394746406
 21
16.477649711214543
 31
0.0
  0
LINE
  5
5D
330
17
100
AcDbEntity
  8
ENGRAVE_AWA
100
AcDbLine
 10
-12.936665394746406
 20
16.477649711214543
 30
0.0
 11
-9.765077083639014
 21
13.685850903946356
 31
0.0
  0
LINE
  5
5E
330
17
100
AcDbEntity
  8
ENGRAVE_AWA
100
AcDbLine
 10
-9.765077083639014
 20
13.685850903946356
 30
0.0
 11
-6.862474995327418
 21
10.6153437614133
 31
0.0
  0
LINE
  5
5F
330
17
100
AcDbEntity
  8
ENGRAVE_AWA
100
AcDbLine
 10
-6.862474995327418
 20
10.6153437614133
 30
0.0
 11
-4.253251681217577
 21
7.2919318560782465
 31
0.0
  0
LINE
  5
60
330
17
100
AcDbEntity
  8
ENGRAVE_AWA
100
AcDbLine
 10
-4.253251681217577
 20
7.2919318560782465
 30
0.0
 11
-1.9593342301361574
 21
3.7435440921717245
 31
0.0
  0
LINE
  5
61
330
17
100
AcDbEntity
  8
ENGRAVE_AWA
100
AcDbLine
 10
-1.9593342301361574
 20
3.7435440921717245
 30
0.0
 11
-0.0
 21
3.552713678800501e-15
 31
0.0
  0
TEXT
  5
62
330
17
100
AcDbEntity
  8
ENGRAVE_TEXT
100
AcDbText
 10
10.265077083639014
 20
14.085850903946357
 30
0.0
 40
2.5
  1
25°
 11
10.265077083639014
 21
14.085850903946357
 31
0.0
100
AcDbText
 73
2
  0
TEXT
  5
63
330
17
100
AcDbEntity
  8
ENGRAVE_TEXT
100
AcDbText
 10
-10.265077083639014
 20
14.085850903946357
 30
0.0
 40
2.5
  1
25°
 72
2
 11
-10.265077083639014
 21
14.085850903946357
 31
0.0
100
AcDbText
 73
2
  0
LINE
  5
64
330
17
100
AcDbEntity
  8
ENGRAVE_AWA
100
AcDbLine
 10
-7.105427357601002e-15
 20
-38.95833333333333
 30
0.0
 11
1.7713218497510752
 21
-41.270303152643535
 31
0.0
  0
LINE
  5
65
330
17
100
AcDbEntity
  8
ENGRAVE_AWA
100
AcDbLine
 10
1.7713218497510752
 20
-41.270303152643535
 30
0.0
 11
3.734224321303511
 21
-43.42200002441245
 31
0.0
  0
LINE
  5
66
330
17
100
AcDbEntity
  8
ENGRAVE_AWA
100
AcDbLine
 10
3.734224321303511
 20
-43.42200002441245
 30
0.0
 11
5.87427034456444
 21
-45.39759830319585
 31
0.0
  0
LINE
  5
67
330
17
100
AcDbEntity
  8
ENGRAVE_AWA
100
AcDbLine
 10
5.87427034456444
 20
-45.39759830319585
 30
0.0
 11
6.674762574207266
 21
-46.018447872325744
 31
0.0
  0
LINE
  5
68
330
17
100
AcDbEntity
  8
ENGRAVE_AWA
100
AcDbLine
 10
45.526626840566976
 20
9.464472965768689
 30
0.0
 11
44.054761752912306
 21
10.349451439543113
 31
0.0
  0
LINE
  5
69
330
17
100
AcDbEntity
  8
ENGRAVE_AWA
100
AcDbLine
 10
44.054761752912306
 20
10.349451439543113
 30
0.0
 11
41.43927441143839
 21
11.630861408053011
 31
0.0
  0
LINE
  5
6A
330
17
100
AcDbEntity
  8
ENGRAVE_AWA
100
AcDbLine
 10
41.43927441143839
 20
11.630861408053011
 30
0.0
 11
38.72361146858395
 21
12.683458349723477
 31
0.0
  0
LINE
  5
6B
330
17
100
AcDbEntity
  8
ENGRAVE_AWA
100
AcDbLine
 10
38.72361146858395
 20
12.683458349723477
 30
0.0
 11
35.92774651795482
 21
13.499500455653287
 31
0.0
  0
LINE
  5
6C
330
17
100
AcDbEntity
  8
ENGRAVE_AWA
100
AcDbLine
 10
35.92774651795482
 20
13.499500455653287
 30
0.0
 11
33.07224303575394
 21
14.072985768408113
 31
0.0
  0
LINE
  5
6D
330
17
100
AcDbEntity
  8
ENGRAVE_AWA
100
AcDbLine
 10
33.07224303575394
 20
14.072985768408113
 30
0.0
 11
30.17810313722672
 21
14.399696326180116
 31
0.0
  0
LINE
  5
6E
330
17
100
AcDbEntity
  8
ENGRAVE_AWA
100
AcDbLine
 10
30.17810313722672
 20
14.399696326180116
 30
0.0
 11
27.266613106933516
 21
14.47722918573039
 31
0.0
  0
LINE
  5
6F
330
17
100
AcDbEntity
  8
ENGRAVE_AWA
100
AcDbLine
 10
27.266613106933516
 20
14.47722918573039
 30
0.0
 11
24.35918683896799
 21
14.305014095941505
 31
0.0
  0
LINE
  5
70
330
17
100
AcDbEntity
  8
ENGRAVE_AWA
100
AcDbLine
 10
24.35918683896799
 20
14.305014095941505
 30
0.0
 11
21.477208338612613
 21
13.884317691991907
 31
0.0
  0
LINE
  5
71
330
17
100
AcDbEntity
  8
ENGRAVE_AWA
100
AcDbLine
 10
21.477208338612613
 20
13.884317691991907
 30
0.0
 11
18.641874443824825
 21
13.218234179304272
 31
0.0
  0
LINE
  5
72
330
17
100
AcDbEntity
  8
ENGRAVE_AWA
100
AcDbLine
 10
18.641874443824825
 20
13.218234179304272
 30
0.0
 11
15.874038923331812
 21
12.311662575786887
 31
0.0
  0
LINE
  5
73
330
17
100
AcDbEntity
  8
ENGRAVE_AWA
100
AcDbLine
 10
15.874038923331812
 20
12.311662575786887
 30
0.0
 11
13.194059097985807
 21
11.171270679750638
 31
0.0
  0
LINE
  5
74
330
17
100
AcDbEntity
  8
ENGRAVE_AWA
100
AcDbLine
 10
13.194059097985807
 20
11.171270679750638
 30
0.0
 11
10.621646113473737
 21
9.805446028515902
 31
0.0
  0
LINE
  5
75
330
17
100
AcDbEntity
  8
ENGRAVE_AWA
100
AcDbLine
 10
10.621646113473737
 20
9.805446028515902
 30
0.0
 11
8.175719965619876
 21
8.224234208407125
 31
0.0
  0
LINE
  5
76
330
17
100
AcDbEntity
  8
ENGRAVE_AWA
100
AcDbLine
 10
8.175719965619876
 20
8.224234208407125
 30
0.0
 11
5.87427034456444
 21
6.4392649698625135
 31
0.0
  0
LINE
  5
77
330
17
100
AcDbEntity
  8
ENGRAVE_AWA
100
AcDbLine
 10
5.87427034456444
 20
6.4392649698625135
 30
0.0
 11
3.7342243213035182
 21
4.463666691079123
 31
0.0
  0
LINE
  5
78
330
17
100
AcDbEntity
  8
ENGRAVE_AWA
100
AcDbLine
 10
3.7342243213035182
 20
4.463666691079123
 30
0.0
 11
1.771321849751061
 21
2.3119698193101925
 31
0.0
  0
LINE
  5
79
330
17
100
AcDbEntity
  8
ENGRAVE_AWA
100
AcDbLine
 10
1.771321849751061
 20
2.3119698193101925
 30
0.0
 11
-7.105427357601002e-15
 21
-3.552713678800501e-15
 31
0.0
  0
LINE
  5
7A
330
17
100
AcDbEntity
  8
ENGRAVE_AWA
100
AcDbLine
 10
7.105427357601002e-15
 20
-38.95833333333333
 30
0.0
 11
-1.7713218497510752
 21
-41.270303152643535
 31
0.0
  0
LINE
  5
7B
330
17
100
AcDbEntity
  8
ENGRAVE_AWA
100
AcDbLine
 10
-1.7713218497510752
 20
-41.270303152643535
 30
0.0
 11
-3.734224321303511
 21
-43.42200002441245
 31
0.0
  0
LINE
  5
7C
330
17
100
AcDbEntity
  8
ENGRAVE_AWA
100
AcDbLine
 10
-3.734224321303511
 20
-43.42200002441245
 30
0.0
 11
-5.87427034456444
 21
-45.39759830319585
 31
0.0
  0
LINE
  5
7D
330
17
100
AcDbEntity
  8
ENGRAVE_AWA
100
AcDbLine
 10
-5.87427034456444
 20
-45.39759830319585
 30
0.0
 11
-6.674762574207266
 21
-46.018447872325744
 31
0.0
  0
LINE
  5
7E
330
17
100
AcDbEntity
  8
ENGRAVE_AWA
100
AcDbLine
 10
-45.526626840566976
 20
9.464472965768689
 30
0.0
 11
-44.054761752912306
 21
10.349451439543113
 31
0.0
  0
LINE
  5
7F
330
17
100
AcDbEntity
  8
ENGRAVE_AWA
100
AcDbLine
 10
-44.054761752912306
 20
10.349451439543113
 30
0.0
 11
-41.43927441143839
 21
11.630861408053011
 31
0.0
  0
LINE
  5
80
330
17
100
AcDbEntity
  8
ENGRAVE_AWA
100
AcDbLine
 10
-41.43927441143839
 20
11.630861408053011
 30
0.0
 11
-38.72361146858395
 21
12.683458349723477
 31
0.0
  0
LINE
  5
81
330
17
100
AcDbEntity
  8
ENGRAVE_AWA
100
AcDbLine
 10
-38.72361146858395
 20
12.683458349723477
 30
0.0
 11
-35.92774651795482
 21
13.499500455653287
 31
0.0
  0
LINE
  5
82
330
17
100
AcDbEntity
  8
ENGRAVE_AWA
100
AcDbLine
 10
-35.92774651795482
 20
13.499500455653287
 30
0.0
 11
-33.07224303575394
 21
14.072985768408113
 31
0.0
  0
LINE
  5
83
330
17
100
AcDbEntity
  8
ENGRAVE_AWA
100
AcDbLine
 10
-33.07224303575394
 20
14.072985768408113
 30
0.0
 11
-30.17810313722672
 21
14.399696326180116
 31
0.0
  0
LINE
  5
84
330
17
100
AcDbEntity
  8
ENGRAVE_AWA
100
AcDbLine
 10
-30.17810313722672
 20
14.399696326180116
 30
0.0
 11
-27.266613106933516
 21
14.47722918573039
 31
0.0
  0
LINE
  5
85
330
17
100
AcDbEntity
  8
ENGRAVE_AWA
100
AcDbLine
 10
-27.266613106933516
 20
14.47722918573039
 30
0.0
 11
-24.35918683896799
 21
14.305014095941505
 31
0.0
  0
LINE
  5
86
330
17
100
AcDbEntity
  8
ENGRAVE_AWA
100
AcDbLine
 10
-24.35918683896799
 20
14.305014095941505
 30
0.0
 11
-21.477208338612613
 21
13.884317691991907
 31
0.0
  0
LINE
  5
87
330
17
100
AcDbEntity
  8
ENGRAVE_AWA
100
AcDbLine
 10
-21.477208338612613
 20
13.884317691991907
 30
0.0
 11
-18.641874443824825
 21
13.218234179304272
 31
0.0
  0
LINE
  5
88
330
17
100
AcDbEntity
  8
ENGRAVE_AWA
100
AcDbLine
 10
-18.641874443824825
 20
13.218234179304272
 30
0.0
 11
-15.874038923331812
 21
12.311662575786887
 31
0.0
  0
LINE
  5
89
330
17
100
AcDbEntity
  8
ENGRAVE_AWA
100
AcDbLine
 10
-15.874038923331812
 20
12.311662575786887
 30
0.0
 11
-13.194059097985807
 21
11.171270679750638
 31
0.0
  0
LINE
  5
8A
330
17
100
AcDbEntity
  8
ENGRAVE_AWA
100
AcDbLine
 10
-13.194059097985807
 20
11.171270679750638
 30
0.0
 11
-10.621646113473737
 21
9.805446028515902
 31
0.0
  0
LINE
  5
8B
330
17
100
AcDbEntity
  8
ENGRAVE_AWA
100
AcDbLine
 10
-10.621646113473737
 20
9.805446028515902
 30
0.0
 11
-8.175719965619876
 21
8.224234208407125
 31
0.0
  0
LINE
  5
8C
330
17
100
AcDbEntity
  8
ENGRAVE_AWA
100
AcDbLine
 10
-8.175719965619876
 20
8.224234208407125
 30
0.0
 11
-5.87427034456444
 21
6.4392649698625135
 31
0.0
  0
LINE
  5
8D
330
17
100
AcDbEntity
  8
ENGRAVE_AWA
100
AcDbLine
 10
-5.87427034456444
 20
6.4392649698625135
 30
0.0
 11
-3.7342243213035182
 21
4.463666691079123
 31
0.0
  0
LINE
  5
8E
330
17
100
AcDbEntity
  8
ENGRAVE_AWA
100
AcDbLine
 10
-3.7342243213035182
 20
4.463666691079123
 30
0.0
 11
-1.771321849751061
 21
2.3119698193101925
 31
0.0
  0
LINE
  5
8F
330
17
100
AcDbEntity
  8
ENGRAVE_AWA
100
AcDbLine
 10
-1.771321849751061
 20
2.3119698193101925
 30
0.0
 11
7.105427357601002e-15
 21
-3.552713678800501e-15
 31
0.0
  0
TEXT
  5
90
330
17
100
AcDbEntity
  8
ENGRAVE_TEXT
100
AcDbText
 10
16.37403892333181
 20
12.711662575786887
 30
0.0
 40
2.5
  1
35°
 11
16.37403892333181
 21
12.711662575786887
 31
0.0
100
AcDbText
 73
2
  0
TEXT
  5
91
330
17
100
AcDbEntity
  8
ENGRAVE_TEXT
100
AcDbText
 10
-16.37403892333181
 20
12.711662575786887
 30
0.0
 40
2.5
  1
35°
 72
2
 11
-16.37403892333181
 21
12.711662575786887
 31
0.0
100
AcDbText
 73
2
  0
LINE
  5
92
330
17
100
AcDbEntity
  8
ENGRAVE_AWA
100
AcDbLine
 10
3.552713678800501e-15
 20
-38.95833333333334
 30
0.0
 11
1.6162662941329522
 21
-40.45040073470593
 31
0.0
  0
LINE
  5
93
330
17
100
AcDbEntity
  8
ENGRAVE_AWA
100
AcDbLine
 10
1.6162662941329522
 20
-40.45040073470593
 30
0.0
 11
3.3464261898619867
 21
-41.808755842547704
 31
0.0
  0
LINE
  5
94
330
17
100
AcDbEntity
  8
ENGRAVE_AWA
100
AcDbLine
 10
3.3464261898619867
 20
-41.808755842547704
 30
0.0
 11
5.179448212020603
 21
-43.024737803791595
 31
0.0
  0
LINE
  5
95
330
17
100
AcDbEntity
  8
ENGRAVE_AWA
100
AcDbLine
 10
5.179448212020603
 20
-43.024737803791595
 30
0.0
 11
7.103645037970535
 21
-44.09059353455123
 31
0.0
  0
LINE
  5
96
330
17
100
AcDbEntity
  8
ENGRAVE_AWA
100
AcDbLine
 10
7.103645037970535
 20
-44.09059353455123
 30
0.0
 11
9.106748015806645
 21
-44.99952715367482
 31
0.0
  0
LINE
  5
97
330
17
100
AcDbEntity
  8
ENGRAVE_AWA
100
AcDbLine
 10
9.106748015806645
 20
-44.99952715367482
 30
0.0
 11
10.155071165175672
 21
-45.377577388289666
 31
0.0
  0
LINE
  5
98
330
17
100
AcDbEntity
  8
ENGRAVE_AWA
100
AcDbLine
 10
45.38155635076409
 20
-10.137274938681664
 30
0.0
 11
45.26660221484954
 21
-9.789789189043544
 31
0.0
  0
LINE
  5
99
330
17
100
AcDbEntity
  8
ENGRAVE_AWA
100
AcDbLine
 10
45.26660221484954
 20
-9.789789189043544
 30
0.0
 11
44.41131435745365
 21
-7.763199801727964
 31
0.0
  0
LINE
  5
9A
330
17
100
AcDbEntity
  8
ENGRAVE_AWA
100
AcDbLine
 10
44.41131435745365
 20
-7.763199801727964
 30
0.0
 11
43.3970594769647
 21
-5.811311254399174
 31
0.0
  0
LINE
  5
9B
330
17
100
AcDbEntity
  8
ENGRAVE_AWA
100
AcDbLine
 10
43.3970594769647
 20
-5.811311254399174
 30
0.0
 11
42.23030444823874
 21
-3.946568760988436
 31
0.0
  0
LINE
  5
9C
330
17
100
AcDbEntity
  8
ENGRAVE_AWA
100
AcDbLine
 10
42.23030444823874
 20
-3.946568760988436
 30
0.0
 11
40.91848848493262
 21
-2.1808618934126827
 31
0.0
  0
LINE
  5
9D
330
17
100
AcDbEntity
  8
ENGRAVE_AWA
100
AcDbLine
 10
40.91848848493262
 20
-2.1808618934126827
 30
0.0
 11
39.46997570718226
 21
-0.5254487738310694
 31
0.0
  0
LINE
  5
9E
330
17
100
AcDbEntity
  8
ENGRAVE_AWA
100
AcDbLine
 10
39.46997570718226
 20
-0.5254487738310694
 30
0.0
 11
37.89400181209034
 21
1.009115706983522
 31
0.0
  0
LINE
  5
9F
330
17
100
AcDbEntity
  8
ENGRAVE_AWA
100
AcDbLine
 10
37.89400181209034
 20
1.009115706983522
 30
0.0
 11
36.200615187051405
 21
2.4130471874797195
 31
0.0
  0
LINE
  5
A0
330
17
100
AcDbEntity
  8
ENGRAVE_AWA
100
AcDbLine
 10
36.200615187051405
 20
2.4130471874797195
 30
0.0
 11
34.40061284137515
 21
3.6773942202792504
 31
0.0
  0
LINE
  5
A1
330
17
100
AcDbEntity
  8
ENGRAVE_AWA
100
AcDbLine
 10
34.40061284137515
 20
3.6773942202792504
 30
0.0
 11
32.50547156470688
 21
4.7940953464795975
 31
0.0
  0
LINE
  5
A2
330
17
100
AcDbEntity
  8
ENGRAVE_AWA
100
AcDbLine
 10
32.50547156470688
 20
4.7940953464795975
 30
0.0
 11
30.52727475117809
 21
5.756030495402609
 31
0.0
  0
LINE
  5
A3
330
17
100
AcDbEntity
  8
ENGRAVE_AWA
100
AcDbLine
 10
30.52727475117809
 20
5.756030495402609
 30
0.0
 11
28.478635355855438
 21
6.5570663820649955
 31
0.0
  0
LINE
  5
A4
330
17
100
AcDbEntity
  8
ENGRAVE_AWA
100
AcDbLine
 10
28.478635355855438
 20
6.5570663820649955
 30
0.0
 11
26.372615474716543
 21
7.192095612917168
 31
0.0
  0
LINE
  5
A5
330
17
100
AcDbEntity
  8
ENGRAVE_AWA
100
AcDbLine
 10
26.372615474716543
 20
7.192095612917168
 30
0.0
 11
24.22264306090976
 21
7.657069250512677
 31
0.0
  0
LINE
  5
A6
330
17
100
AcDbEntity
  8
ENGRAVE_AWA
100
AcDbLine
 10
24.22264306090976
 20
7.657069250512677
 30
0.0
 11
22.042426308313672
 21
7.949022629476442
 31
0.0
  0
LINE
  5
A7
330
17
100
AcDbEntity
  8
ENGRAVE_AWA
100
AcDbLine
 10
22.042426308313672
 20
7.949022629476442
 30
0.0
 11
19.845866248285716
 21
8.066094259169489
 31
0.0
  0
LINE
  5
A8
330
17
100
AcDbEntity
  8
ENGRAVE_AWA
100
AcDbLine
 10
19.845866248285716
 20
8.066094259169489
 30
0.0
 11
17.646968116881716
 21
8.007537692527102
 31
0.0
  0
LINE
  5
A9
330
17
100
AcDbEntity
  8
ENGRAVE_AWA
100
AcDbLine
 10
17.646968116881716
 20
8.007537692527102
 30
0.0
 11
15.459752057667686
 21
7.773726285394794
 31
0.0
  0
LINE
  5
AA
330
17
100
AcDbEntity
  8
ENGRAVE_AWA
100
AcDbLine
 10
15.459752057667686
 20
7.773726285394794
 30
0.0
 11
13.298163729481608
 21
7.366150816016702
 31
0.0
  0
LINE
  5
AB
330
17
100
AcDbEntity
  8
ENGRAVE_AWA
100
AcDbLine
 10
13.298163729481608
 20
7.366150816016702
 30
0.0
 11
11.17598538910887
 21
6.787409979854466
 31
0.0
  0
LINE
  5
AC
330
17
100
AcDbEntity
  8
ENGRAVE_AWA
100
AcDbLine
 10
11.17598538910887
 20
6.787409979854466
 30
0.0
 11
9.106748015806655
 21
6.041193820341487
 31
0.0
  0
LINE
  5
AD
330
17
100
AcDbEntity
  8
ENGRAVE_AWA
100
AcDbLine
 10
9.106748015806655
 20
6.041193820341487
 30
0.0
 11
7.103645037970557
 21
5.1322602012179
 31
0.0
  0
LINE
  5
AE
330
17
100
AcDbEntity
  8
ENGRAVE_AWA
100
AcDbLine
 10
7.103645037970557
 20
5.1322602012179
 30
0.0
 11
5.179448212020603
 21
4.066404470458259
 31
0.0
  0
LINE
  5
AF
330
17
100
AcDbEntity
  8
ENGRAVE_AWA
100
AcDbLine
 10
5.179448212020603
 20
4.066404470458259
 30
0.0
 11
3.346426189861994
 21
2.8504225092143756
 31
0.0
  0
LINE
  5
B0
330
17
100
AcDbEntity
  8
ENGRAVE_AWA
100
AcDbLine
 10
3.346426189861994
 20
2.8504225092143756
 30
0.0
 11
1.6162662941329593
 21
1.4920674013725979
 31
0.0
  0
LINE
  5
B1
330
17
100
AcDbEntity
  8
ENGRAVE_AWA
100
AcDbLine
 10
1.6162662941329593
 20
1.4920674013725979
 30
0.0
 11
3.552713678800501e-15
 21
3.552713678800501e-15
 31
0.0
  0
LINE
  5
B2
330
17
100
AcDbEntity
  8
ENGRAVE_AWA
100
AcDbLine
 10
-3.552713678800501e-15
 20
-38.95833333333334
 30
0.0
 11
-1.6162662941329522
 21
-40.45040073470593
 31
0.0
  0
LINE
  5
B3
330
17
100
AcDbEntity
  8
ENGRAVE_AWA
100
AcDbLine
 10
-1.6162662941329522
 20
-40.45040073470593
 30
0.0
 11
-3.3464261898619867
 21
-41.808755842547704
 31
0.0
  0
LINE
  5
B4
330
17
100
AcDbEntity
  8
ENGRAVE_AWA
100
AcDbLine
 10
-3.3464261898619867
 20
-41.808755842547704
 30
0.0
 11
-5.179448212020603
 21
-43.024737803791595
 31
0.0
  0
LINE
  5
B5
330
17
100
AcDbEntity
  8
ENGRAVE_AWA
100
AcDbLine
 10
-5.179448212020603
 20
-43.024737803791595
 30
0.0
 11
-7.103645037970535
 21
-44.09059353455123
 31
0.0
  0
LINE
  5
B6
330
17
100
AcDbEntity
  8
ENGRAVE_AWA
100
AcDbLine
 10
-7.103645037970535
 20
-44.09059353455123
 30
0.0
 11
-9.106748015806645
 21
-44.99952715367482
 31
0.0
  0
LINE
  5
B7
330
17
100
AcDbEntity
  8
ENGRAVE_AWA
100
AcDbLine
 10
-9.106748015806645
 20
-44.99952715367482
 30
0.0
 11
-10.155071165175672
 21
-45.377577388289666
 31
0.0
  0
LINE
  5
B8
330
17
100
AcDbEntity
  8
ENGRAVE_AWA
100
AcDbLine
 10
-45.38155635076409
 20
-10.137274938681664
 30
0.0
 11
-45.26660221484954
 21
-9.789789189043544
 31
0.0
  0
LINE
  5
B9
330
17
100
AcDbEntity
  8
ENGRAVE_AWA
100
AcDbLine
 10
-45.26660221484954
 20
-9.789789189043544
 30
0.0
 11
-44.41131435745365
 21
-7.763199801727964
 31
0.0
  0
LINE
  5
BA
330
17
100
AcDbEntity
  8
ENGRAVE_AWA
100
AcDbLine
 10
-44.41131435745365
 20
-7.763199801727964
 30
0.0
 11
-43.3970594769647
 21
-5.811311254399174
 31
0.0
  0
LINE
  5
BB
330
17
100
AcDbEntity
  8
ENGRAVE_AWA
100
AcDbLine
 10
-43.3970594769647
 20
-5.811311254399174
 30
0.0
 11
-42.23030444823874
 21
-3.946568760988436
 31
0.0
  0
LINE
  5
BC
330
17
100
AcDbEntity
  8
ENGRAVE_AWA
100
AcDbLine
 10
-42.23030444823874
 20
-3.946568760988436
 30
0.0
 11
-40.91848848493262
 21
-2.1808618934126827
 31
0.0
  0
LINE
  5
BD
330
17
100
AcDbEntity
  8
ENGRAVE_AWA
100
AcDbLine
 10
-40.91848848493262
 20
-2.1808618934126827
 30
0.0
 11
-39.46997570718226
 21
-0.5254487738310694
 31
0.0
  0
LINE
  5
BE
330
17
100
AcDbEntity
  8
ENGRAVE_AWA
100
AcDbLine
 10
-39.46997570718226
 20
-0.5254487738310694
 30
0.0
 11
-37.89400181209034
 21
1.009115706983522
 31
0.0
  0
LINE
  5
BF
330
17
100
AcDbEntity
  8
ENGRAVE_AWA
100
AcDbLine
 10
-37.89400181209034
 20
1.009115706983522
 30
0.0
 11
-36.200615187051405
 21
2.4130471874797195
 31
0.0
  0
LINE
  5
C0
330
17
100
AcDbEntity
  8
ENGRAVE_AWA
100
AcDbLine
 10
-36.200615187051405
 20
2.4130471874797195
 30
0.0
 11
-34.40061284137515
 21
3.6773942202792504
 31
0.0
  0
LINE
  5
C1
330
17
100
AcDbEntity
  8
ENGRAVE_AWA
100
AcDbLine
 10
-34.40061284137515
 20
3.6773942202792504
 30
0.0
 11
-32.50547156470688
 21
4.7940953464795975
 31
0.0
  0
LINE
  5
C2
330
17
100
AcDbEntity
  8
ENGRAVE_AWA
100
AcDbLine
 10
-32.50547156470688
 20
4.7940953464795975
 30
0.0
 11
-30.52727475117809
 21
5.756030495402609
 31
0.0
  0
LINE
  5
C3
330
17
100
AcDbEntity
  8
ENGRAVE_AWA
100
AcDbLine
 10
-30.52727475117809
 20
5.756030495402609
 30
0.0
 11
-28.478635355855438
 21
6.5570663820649955
 31
0.0
  0
LINE
  5
C4
330
17
100
AcDbEntity
  8
ENGRAVE_AWA
100
AcDbLine
 10
-28.478635355855438
 20
6.5570663820649955
 30
0.0
 11
-26.372615474716543
 21
7.192095612917168
 31
0.0
  0
LINE
  5
C5
330
17
100
AcDbEntity
  8
ENGRAVE_AWA
100
AcDbLine
 10
-26.372615474716543
 20
7.192095612917168
 30
0.0
 11
-24.22264306090976
 21
7.657069250512677
 31
0.0
  0
LINE
  5
C6
330
17
100
AcDbEntity
  8
ENGRAVE_AWA
100
AcDbLine
 10
-24.22264306090976
 20
7.657069250512677
 30
0.0
 11
-22.042426308313672
 21
7.949022629476442
 31
0.0
  0
LINE
  5
C7
330
17
100
AcDbEntity
  8
ENGRAVE_AWA
100
AcDbLine
 10
-22.042426308313672
 20
7.949022629476442
 30
0.0
 11
-19.845866248285716
 21
8.066094259169489
 31
0.0
  0
LINE
  5
C8
330
17
100
AcDbEntity
  8
ENGRAVE_AWA
100
AcDbLine
 10
-19.845866248285716
 20
8.066094259169489
 30
0.0
 11
-17.646968116881716
 21
8.007537692527102
 31
0.0
  0
LINE
  5
C9
330
17
100
AcDbEntity
  8
ENGRAVE_AWA
100
AcDbLine
 10
-17.646968116881716
 20
8.007537692527102
 30
0.0
 11
-15.459752057667686
 21
7.773726285394794
 31
0.0
  0
LINE
  5
CA
330
17
100
AcDbEntity
  8
ENGRAVE_AWA
100
AcDbLine
 10
-15.459752057667686
 20
7.773726285394794
 30
0.0
 11
-13.298163729481608
 21
7.366150816016702
 31
0.0
  0
LINE
  5
CB
330
17
100
AcDbEntity
  8
ENGRAVE_AWA
100
AcDbLine
 10
-13.298163729481608
 20
7.366150816016702
 30
0.0
 11
-11.17598538910887
 21
6.787409979854466
 31
0.0
  0
LINE
  5
CC
330
17
100
AcDbEntity
  8
ENGRAVE_AWA
100
AcDbLine
 10
-11.17598538910887
 20
6.787409979854466
 30
0.0
 11
-9.106748015806655
 21
6.041193820341487
 31
0.0
  0
LINE
  5
CD
330
17
100
AcDbEntity
  8
ENGRAVE_AWA
100
AcDbLine
 10
-9.106748015806655
 20
6.041193820341487
 30
0.0
 11
-7.103645037970557
 21
5.1322602012179
 31
0.0
  0
LINE
  5
CE
330
17
100
AcDbEntity
  8
ENGRAVE_AWA
100
AcDbLine
 10
-7.103645037970557
 20
5.1322602012179
 30
0.0
 11
-5.179448212020603
 21
4.066404470458259
 31
0.0
  0
LINE
  5
CF
330
17
100
AcDbEntity
  8
ENGRAVE_AWA
100
AcDbLine
 10
-5.179448212020603
 20
4.066404470458259
 30
0.0
 11
-3.346426189861994
 21
2.8504225092143756
 31
0.0
  0
LINE
  5
D0
330
17
100
AcDbEntity
  8
ENGRAVE_AWA
100
AcDbLine
 10
-3.346426189861994
 20
2.8504225092143756
 30
0.0
 11
-1.6162662941329593
 21
1.4920674013725979
 31
0.0
  0
LINE
  5
D1
330
17
100
AcDbEntity
  8
ENGRAVE_AWA
100
AcDbLine
 10
-1.6162662941329593
 20
1.4920674013725979
 30
0.0
 11
-3.552713678800501e-15
 21
3.552713678800501e-15
 31
0.0
  0
TEXT
  5
D2
330
17
100
AcDbEntity
  8
ENGRAVE_TEXT
100
AcDbText
 10
18.146968116881716
 20
8.407537692527102
 30
0.0
 40
2.5
  1
45°
 11
18.146968116881716
 21
8.407537692527102
 31
0.0
100
AcDbText
 73
2
  0
TEXT
  5
D3
330
17
100
AcDbEntity
  8
ENGRAVE_TEXT
100
AcDbText
 10
-18.146968116881716
 20
8.407537692527102
 30
0.0
 40
2.5
  1
45°
 72
2
 11
-18.146968116881716
 21
8.407537692527102
 31
0.0
100
AcDbText
 73
2
  0
LINE
  5
D4
330
17
100
AcDbEntity
  8
ENGRAVE_AWA
100
AcDbLine
 10
0.0
 20
-38.95833333333333
 30
0.0
 11
1.4765438200598187
 21
-39.91287096041407
 31
0.0
  0
LINE
  5
D5
330
17
100
AcDbEntity
  8
ENGRAVE_AWA
100
AcDbLine
 10
1.4765438200598187
 20
-39.91287096041407
 30
0.0
 11
3.019579804569453
 21
-40.75570171719634
 31
0.0
  0
LINE
  5
D6
330
17
100
AcDbEntity
  8
ENGRAVE_AWA
100
AcDbLine
 10
3.019579804569453
 20
-40.75570171719634
 30
0.0
 11
4.6206724922875235
 21
-41.48221802080246
 31
0.0
  0
LINE
  5
D7
330
17
100
AcDbEntity
  8
ENGRAVE_AWA
100
AcDbLine
 10
4.6206724922875235
 20
-41.48221802080246
 30
0.0
 11
6.271069037884002
 21
-42.08844815561348
 31
0.0
  0
LINE
  5
D8
330
17
100
AcDbEntity
  8
ENGRAVE_AWA
100
AcDbLine
 10
6.271069037884002
 20
-42.08844815561348
 30
0.0
 11
7.961747061950358
 21
-42.57107798582381
 31
0.0
  0
LINE
  5
D9
330
17
100
AcDbEntity
  8
ENGRAVE_AWA
100
AcDbLine
 10
7.961747061950358
 20
-42.57107798582381
 30
0.0
 11
9.683463974497233
 21
-42.92746907314199
 31
0.0
  0
LINE
  5
DA
330
17
100
AcDbEntity
  8
ENGRAVE_AWA
100
AcDbLine
 10
9.683463974497233
 20
-42.92746907314199
 30
0.0
 11
11.426807502298205
 21
-43.15567310059159
 31
0.0
  0
LINE
  5
DB
330
17
100
AcDbEntity
  8
ENGRAVE_AWA
100
AcDbLine
 10
11.426807502298205
 20
-43.15567310059159
 30
0.0
 11
13.182247143857028
 21
-43.25444252356057
 31
0.0
  0
LINE
  5
DC
330
17
100
AcDbEntity
  8
ENGRAVE_AWA
100
AcDbLine
 10
13.182247143857028
 20
-43.25444252356057
 30
0.0
 11
14.94018627070449
 21
-43.22323738987174
 31
0.0
  0
LINE
  5
DD
330
17
100
AcDbEntity
  8
ENGRAVE_AWA
100
AcDbLine
 10
14.94018627070449
 20
-43.22323738987174
 30
0.0
 11
16.69101459019801
 21
-43.06222829159064
 31
0.0
  0
LINE
  5
DE
330
17
100
AcDbEntity
  8
ENGRAVE_AWA
100
AcDbLine
 10
16.69101459019801
 20
-43.06222829159064
 30
0.0
 11
18.123614992781132
 21
-42.82271102573305
 31
0.0
  0
LINE
  5
DF
330
17
100
AcDbEntity
  8
ENGRAVE_AWA
100
AcDbLine
 10
34.036822931905945
 20
-31.681929939668795
 30
0.0
 11
34.72415956878743
 21
-30.47499320411138
 31
0.0
  0
LINE
  5
E0
330
17
100
AcDbEntity
  8
ENGRAVE_AWA
100
AcDbLine
 10
34.72415956878743
 20
-30.47499320411138
 30
0.0
 11
35.47897791766845
 21
-28.88704704814063
 31
0.0
  0
LINE
  5
E1
330
17
100
AcDbEntity
  8
ENGRAVE_AWA
100
AcDbLine
 10
35.47897791766845
 20
-28.88704704814063
 30
0.0
 11
36.11440409789107
 21
-27.247669939737115
 31
0.0
  0
LINE
  5
E2
330
17
100
AcDbEntity
  8
ENGRAVE_AWA
100
AcDbLine
 10
36.11440409789107
 20
-27.247669939737115
 30
0.0
 11
36.62696436485772
 21
-25.565824017306394
 31
0.0
  0
LINE
  5
E3
330
17
100
AcDbEntity
  8
ENGRAVE_AWA
100
AcDbLine
 10
36.62696436485772
 20
-25.565824017306394
 30
0.0
 11
37.0138566567181
 21
-23.850703587549695
 31
0.0
  0
LINE
  5
E4
330
17
100
AcDbEntity
  8
ENGRAVE_AWA
100
AcDbLine
 10
37.0138566567181
 20
-23.850703587549695
 30
0.0
 11
37.27296591266652
 21
-22.111684862075002
 31
0.0
  0
LINE
  5
E5
330
17
100
AcDbEntity
  8
ENGRAVE_AWA
100
AcDbLine
 10
37.27296591266652
 20
-22.111684862075002
 30
0.0
 11
37.40287563554559
 21
-20.358274699571293
 31
0.0
  0
LINE
  5
E6
330
17
100
AcDbEntity
  8
ENGRAVE_AWA
100
AcDbLine
 10
37.40287563554559
 20
-20.358274699571293
 30
0.0
 11
37.40287563554559
 21
-18.600058633762043
 31
0.0
  0
LINE
  5
E7
330
17
100
AcDbEntity
  8
ENGRAVE_AWA
100
AcDbLine
 10
37.40287563554559
 20
-18.600058633762043
 30
0.0
 11
37.27296591266652
 21
-16.846648471258334
 31
0.0
  0
LINE
  5
E8
330
17
100
AcDbEntity
  8
ENGRAVE_AWA
100
AcDbLine
 10
37.27296591266652
 20
-16.846648471258334
 30
0.0
 11
37.0138566567181
 21
-15.107629745783647
 31
0.0
  0
LINE
  5
E9
330
17
100
AcDbEntity
  8
ENGRAVE_AWA
100
AcDbLine
 10
37.0138566567181
 20
-15.107629745783647
 30
0.0
 11
36.62696436485773
 21
-13.392509316026953
 31
0.0
  0
LINE
  5
EA
330
17
100
AcDbEntity
  8
ENGRAVE_AWA
100
AcDbLine
 10
36.62696436485773
 20
-13.392509316026953
 30
0.0
 11
36.11440409789107
 21
-11.710663393596224
 31
0.0
  0
LINE
  5
EB
330
17
100
AcDbEntity
  8
ENGRAVE_AWA
100
AcDbLine
 10
36.11440409789107
 20
-11.710663393596224
 30
0.0
 11
35.47897791766845
 21
-10.071286285192715
 31
0.0
  0
LINE
  5
EC
330
17
100
AcDbEntity
  8
ENGRAVE_AWA
100
AcDbLine
 10
35.47897791766845
 20
-10.071286285192715
 30
0.0
 11
34.72415956878743
 21
-8.483340129221954
 31
0.0
  0
LINE
  5
ED
330
17
100
AcDbEntity
  8
ENGRAVE_AWA
100
AcDbLine
 10
34.72415956878743
 20
-8.483340129221954
 30
0.0
 11
33.85407548834355
 21
-6.955505901621363
 31
0.0
  0
LINE
  5
EE
330
17
100
AcDbEntity
  8
ENGRAVE_AWA
100
AcDbLine
 10
33.85407548834355
 20
-6.955505901621363
 30
0.0
 11
32.873482247545134
 21
-5.496135958745246
 31
0.0
  0
LINE
  5
EF
330
17
100
AcDbEntity
  8
ENGRAVE_AWA
100
AcDbLine
 10
32.873482247545134
 20
-5.496135958745246
 30
0.0
 11
31.787740548514066
 21
-4.113208376745778
 31
0.0
  0
LINE
  5
F0
330
17
100
AcDbEntity
  8
ENGRAVE_AWA
100
AcDbLine
 10
31.787740548514066
 20
-4.113208376745778
 30
0.0
 11
30.602785918426804
 21
-2.8142833370669855
 31
0.0
  0
LINE
  5
F1
330
17
100
AcDbEntity
  8
ENGRAVE_AWA
100
AcDbLine
 10
30.602785918426804
 20
-2.8142833370669855
 30
0.0
 11
29.32509626120473
 21
-1.6064617964834866
 31
0.0
  0
LINE
  5
F2
330
17
100
AcDbEntity
  8
ENGRAVE_AWA
100
AcDbLine
 10
29.32509626120473
 20
-1.6064617964834866
 30
0.0
 11
27.961656444142044
 21
-0.49634666762618096
 31
0.0
  0
LINE
  5
F3
330
17
100
AcDbEntity
  8
ENGRAVE_AWA
100
AcDbLine
 10
27.961656444142044
 20
-0.49634666762618096
 30
0.0
 11
26.519920113068956
 21
0.5099932777867302
 31
0.0
  0
LINE
  5
F4
330
17
100
AcDbEntity
  8
ENGRAVE_AWA
100
AcDbLine
 10
26.519920113068956
 20
0.5099932777867302
 30
0.0
 11
25.00776894479864
 21
1.4070565856800563
 31
0.0
  0
LINE
  5
F5
330
17
100
AcDbEntity
  8
ENGRAVE_AWA
100
AcDbLine
 10
25.00776894479864
 20
1.4070565856800563
 30
0.0
 11
23.433469559616768
 21
2.1899391949425997
 31
0.0
  0
LINE
  5
F6
330
17
100
AcDbEntity
  8
ENGRAVE_AWA
100
AcDbLine
 10
23.433469559616768
 20
2.1899391949425997
 30
0.0
 11
21.80562832936385
 21
2.8543612469234603
 31
0.0
  0
LINE
  5
F7
330
17
100
AcDbEntity
  8
ENGRAVE_AWA
100
AcDbLine
 10
21.80562832936385
 20
2.8543612469234603
 30
0.0
 11
20.133144328165685
 21
3.3966904825413984
 31
0.0
  0
LINE
  5
F8
330
17
100
AcDbEntity
  8
ENGRAVE_AWA
100
AcDbLine
 10
20.133144328165685
 20
3.3966904825413984
 30
0.0
 11
18.425160683020305
 21
3.813962099100287
 31
0.0
  0
LINE
  5
F9
330
17
100
AcDbEntity
  8
ENGRAVE_AWA
100
AcDbLine
 10
18.425160683020305
 20
3.813962099100287
 30
0.0
 11
16.69101459019801
 21
4.103894958257303
 31
0.0
  0
LINE
  5
FA
330
17
100
AcDbEntity
  8
ENGRAVE_AWA
100
AcDbLine
 10
16.69101459019801
 20
4.103894958257303
 30
0.0
 11
14.940186270704501
 21
4.264904056538409
 31
0.0
  0
LINE
  5
FB
330
17
100
AcDbEntity
  8
ENGRAVE_AWA
100
AcDbLine
 10
14.940186270704501
 20
4.264904056538409
 30
0.0
 11
13.182247143857028
 21
4.296109190227231
 31
0.0
  0
LINE
  5
FC
330
17
100
AcDbEntity
  8
ENGRAVE_AWA
100
AcDbLine
 10
13.182247143857028
 20
4.296109190227231
 30
0.0
 11
11.426807502298216
 21
4.197339767258256
 31
0.0
  0
LINE
  5
FD
330
17
100
AcDbEntity
  8
ENGRAVE_AWA
100
AcDbLine
 10
11.426807502298216
 20
4.197339767258256
 30
0.0
 11
9.683463974497233
 21
3.9691357398086566
 31
0.0
  0
LINE
  5
FE
330
17
100
AcDbEntity
  8
ENGRAVE_AWA
100
AcDbLine
 10
9.683463974497233
 20
3.9691357398086566
 30
0.0
 11
7.961747061950363
 21
3.6127446524904805
 31
0.0
  0
LINE
  5
FF
330
17
100
AcDbEntity
  8
ENGRAVE_AWA
100
AcDbLine
 10
7.961747061950363
 20
3.6127446524904805
 30
0.0
 11
6.271069037884002
 21
3.1301148222801416
 31
0.0
  0
LINE
  5
100
330
17
100
AcDbEntity
  8
ENGRAVE_AWA
100
AcDbLine
 10
6.271069037884002
 20
3.1301148222801416
 30
0.0
 11
4.620672492287527
 21
2.5238846874691276
 31
0.0
  0
LINE
  5
101
330
17
100
AcDbEntity
  8
ENGRAVE_AWA
100
AcDbLine
 10
4.620672492287527
 20
2.5238846874691276
 30
0.0
 11
3.019579804569462
 21
1.7973683838630095
 31
0.0
  0
LINE
  5
102
330
17
100
AcDbEntity
  8
ENGRAVE_AWA
100
AcDbLine
 10
3.019579804569462
 20
1.7973683838630095
 30
0.0
 11
1.4765438200598187
 21
0.9545376270807324
 31
0.0
  0
LINE
  5
103
330
17
100
AcDbEntity
  8
ENGRAVE_AWA
100
AcDbLine
 10
1.4765438200598187
 20
0.9545376270807324
 30
0.0
 11
0.0
 21
-3.552713678800501e-15
 31
0.0
  0
LINE
  5
104
330
17
100
AcDbEntity
  8
ENGRAVE_AWA
100
AcDbLine
 10
-0.0
 20
-38.95833333333333
 30
0.0
 11
-1.4765438200598187
 21
-39.91287096041407
 31
0.0
  0
LINE
  5
105
330
17
100
AcDbEntity
  8
ENGRAVE_AWA
100
AcDbLine
 10
-1.4765438200598187
 20
-39.91287096041407
 30
0.0
 11
-3.019579804569453
 21
-40.75570171719634
 31
0.0
  0
LINE
  5
106
330
17
100
AcDbEntity
  8
ENGRAVE_AWA
100
AcDbLine
 10
-3.019579804569453
 20
-40.75570171719634
 30
0.0
 11
-4.6206724922875235
 21
-41.48221802080246
 31
0.0
  0
LINE
  5
107
330
17
100
AcDbEntity
  8
ENGRAVE_AWA
100
AcDbLine
 10
-4.6206724922875235
 20
-41.48221802080246
 30
0.0
 11
-6.271069037884002
 21
-42.08844815561348
 31
0.0
  0
LINE
  5
108
330
17
100
AcDbEntity
  8
ENGRAVE_AWA
100
AcDbLine
 10
-6.271069037884002
 20
-42.08844815561348
 30
0.0
 11
-7.961747061950358
 21
-42.57107798582381
 31
0.0
  0
LINE
  5
109
330
17
100
AcDbEntity
  8
ENGRAVE_AWA
100
AcDbLine
 10
-7.961747061950358
 20
-42.57107798582381
 30
0.0
 11
-9.683463974497233
 21
-42.92746907314199
 31
0.0
  0
LINE
  5
10A
330
17
100
AcDbEntity
  8
ENGRAVE_AWA
100
AcDbLine
 10
-9.683463974497233
 20
-42.92746907314199
 30
0.0
 11
-11.426807502298205
 21
-43.15567310059159
 31
0.0
  0
LINE
  5
10B
330
17
100
AcDbEntity
  8
ENGRAVE_AWA
100
AcDbLine
 10
-11.426807502298205
 20
-43.15567310059159
 30
0.0
 11
-13.182247143857028
 21
-43.25444252356057
 31
0.0
  0
LINE
  5
10C
330
17
100
AcDbEntity
  8
ENGRAVE_AWA
100
AcDbLine
 10
-13.182247143857028
 20
-43.25444252356057
 30
0.0
 11
-14.94018627070449
 21
-43.22323738987174
 31
0.0
  0
LINE
  5
10D
330
17
100
AcDbEntity
  8
ENGRAVE_AWA
100
AcDbLine
 10
-14.94018627070449
 20
-43.22323738987174
 30
0.0
 11
-16.69101459019801
 21
-43.06222829159064
 31
0.0
  0
LINE
  5
10E
330
17
100
AcDbEntity
  8
ENGRAVE_AWA
100
AcDbLine
 10
-16.69101459019801
 20
-43.06222829159064
 30
0.0
 11
-18.123614992781132
 21
-42.82271102573305
 31
0.0
  0
LINE
  5
10F
330
17
100
AcDbEntity
  8
ENGRAVE_AWA
100
AcDbLine
 10
-34.036822931905945
 20
-31.681929939668795
 30
0.0
 11
-34.72415956878743
 21
-30.47499320411138
 31
0.0
  0
LINE
  5
110
330
17
100
AcDbEntity
  8
ENGRAVE_AWA
100
AcDbLine
 10
-34.72415956878743
 20
-30.47499320411138
 30
0.0
 11
-35.47897791766845
 21
-28.88704704814063
 31
0.0
  0
LINE
  5
111
330
17
100
AcDbEntity
  8
ENGRAVE_AWA
100
AcDbLine
 10
-35.47897791766845
 20
-28.88704704814063
 30
0.0
 11
-36.11440409789107
 21
-27.247669939737115
 31
0.0
  0
LINE
  5
112
330
17
100
AcDbEntity
  8
ENGRAVE_AWA
100
AcDbLine
 10
-36.11440409789107
 20
-27.247669939737115
 30
0.0
 11
-36.62696436485772
 21
-25.565824017306394
 31
0.0
  0
LINE
  5
113
330
17
100
AcDbEntity
  8
ENGRAVE_AWA
100
AcDbLine
 10
-36.62696436485772
 20
-25.565824017306394
 30
0.0
 11
-37.0138566567181
 21
-23.850703587549695
 31
0.0
  0
LINE
  5
114
330
17
100
AcDbEntity
  8
ENGRAVE_AWA
100
AcDbLine
 10
-37.0138566567181
 20
-23.850703587549695
 30
0.0
 11
-37.27296591266652
 21
-22.111684862075002
 31
0.0
  0
LINE
  5
115
330
17
100
AcDbEntity
  8
ENGRAVE_AWA
100
AcDbLine
 10
-37.27296591266652
 20
-22.111684862075002
 30
0.0
 11
-37.40287563554559
 21
-20.358274699571293
 31
0.0
  0
LINE
  5
116
330
17
100
AcDbEntity
  8
ENGRAVE_AWA
100
AcDbLine
 10
-37.40287563554559
 20
-20.358274699571293
 30
0.0
 11
-37.40287563554559
 21
-18.600058633762043
 31
0.0
  0
LINE
  5
117
330
17
100
AcDbEntity
  8
ENGRAVE_AWA
100
AcDbLine
 10
-37.40287563554559
 20
-18.600058633762043
 30
0.0
 11
-37.27296591266652
 21
-16.846648471258334
 31
0.0
  0
LINE
  5
118
330
17
100
AcDbEntity
  8
ENGRAVE_AWA
100
AcDbLine
 10
-37.27296591266652
 20
-16.846648471258334
 30
0.0
 11
-37.0138566567181
 21
-15.107629745783647
 31
0.0
  0
LINE
  5
119
330
17
100
AcDbEntity
  8
ENGRAVE_AWA
100
AcDbLine
 10
-37.0138566567181
 20
-15.107629745783647
 30
0.0
 11
-36.62696436485773
 21
-13.392509316026953
 31
0.0
  0
LINE
  5
11A
330
17
100
AcDbEntity
  8
ENGRAVE_AWA
100
AcDbLine
 10
-36.62696436485773
 20
-13.392509316026953
 30
0.0
 11
-36.11440409789107
 21
-11.710663393596224
 31
0.0
  0
LINE
  5
11B
330
17
100
AcDbEntity
  8
ENGRAVE_AWA
100
AcDbLine
 10
-36.11440409789107
 20
-11.710663393596224
 30
0.0
 11
-35.47897791766845
 21
-10.071286285192715
 31
0.0
  0
LINE
  5
11C
330
17
100
AcDbEntity
  8
ENGRAVE_AWA
100
AcDbLine
 10
-35.47897791766845
 20
-10.071286285192715
 30
0.0
 11
-34.72415956878743
 21
-8.483340129221954
 31
0.0
  0
LINE
  5
11D
330
17
100
AcDbEntity
  8
ENGRAVE_AWA
100
AcDbLine
 10
-34.72415956878743
 20
-8.483340129221954
 30
0.0
 11
-33.85407548834355
 21
-6.955505901621363
 31
0.0
  0
LINE
  5
11E
330
17
100
AcDbEntity
  8
ENGRAVE_AWA
100
AcDbLine
 10
-33.85407548834355
 20
-6.955505901621363
 30
0.0
 11
-32.873482247545134
 21
-5.496135958745246
 31
0.0
  0
LINE
  5
11F
330
17
100
AcDbEntity
  8
ENGRAVE_AWA
100
AcDbLine
 10
-32.873482247545134
 20
-5.496135958745246
 30
0.0
 11
-31.787740548514066
 21
-4.113208376745778
 31
0.0
  0
LINE
  5
120
330
17
100
AcDbEntity
  8
ENGRAVE_AWA
100
AcDbLine
 10
-31.787740548514066
 20
-4.113208376745778
 30
0.0
 11
-30.602785918426804
 21
-2.8142833370669855
 31
0.0
  0
LINE
  5
121
330
17
100
AcDbEntity
  8
ENGRAVE_AWA
100
AcDbLine
 10
-30.602785918426804
 20
-2.8142833370669855
 30
0.0
 11
-29.32509626120473
 21
-1.6064617964834866
 31
0.0
  0
LINE
  5
122
330
17
100
AcDbEntity
  8
ENGRAVE_AWA
100
AcDbLine
 10
-29.32509626120473
 20
-1.6064617964834866
 30
0.0
 11
-27.961656444142044
 21
-0.49634666762618096
 31
0.0
  0
LINE
  5
123
330
17
100
AcDbEntity
  8
ENGRAVE_AWA
100
AcDbLine
 10
-27.961656444142044
 20
-0.49634666762618096
 30
0.0
 11
-26.519920113068956
 21
0.5099932777867302
 31
0.0
  0
LINE
  5
124
330
17
100
AcDbEntity
  8
ENGRAVE_AWA
100
AcDbLine
 10
-26.519920113068956
 20
0.5099932777867302
 30
0.0
 11
-25.00776894479864
 21
1.4070565856800563
 31
0.0
  0
LINE
  5
125
330
17
100
AcDbEntity
  8
ENGRAVE_AWA
100
AcDbLine
 10
-25.00776894479864
 20
1.4070565856800563
 30
0.0
 11
-23.433469559616768
 21
2.1899391949425997
 31
0.0
  0
LINE
  5
126
330
17
100
AcDbEntity
  8
ENGRAVE_AWA
100
AcDbLine
 10
-23.433469559616768
 20
2.1899391949425997
 30
0.0
 11
-21.80562832936385
 21
2.8543612469234603
 31
0.0
  0
LINE
  5
127
330
17
100
AcDbEntity
  8
ENGRAVE_AWA
100
AcDbLine
 10
-21.80562832936385
 20
2.8543612469234603
 30
0.0
 11
-20.133144328165685
 21
3.3966904825413984
 31
0.0
  0
LINE
  5
128
330
17
100
AcDbEntity
  8
ENGRAVE_AWA
100
AcDbLine
 10
-20.133144328165685
 20
3.3966904825413984
 30
0.0
 11
-18.425160683020305
 21
3.813962099100287
 31
0.0
  0
LINE
  5
129
330
17
100
AcDbEntity
  8
ENGRAVE_AWA
100
AcDbLine
 10
-18.425160683020305
 20
3.813962099100287
 30
0.0
 11
-16.69101459019801
 21
4.103894958257303
 31
0.0
  0
LINE
  5
12A
330
17
100
AcDbEntity
  8
ENGRAVE_AWA
100
AcDbLine
 10
-16.69101459019801
 20
4.103894958257303
 30
0.0
 11
-14.940186270704501
 21
4.264904056538409
 31
0.0
  0
LINE
  5
12B
330
17
100
AcDbEntity
  8
ENGRAVE_AWA
100
AcDbLine
 10
-14.940186270704501
 20
4.264904056538409
 30
0.0
 11
-13.182247143857028
 21
4.296109190227231
 31
0.0
  0
LINE
  5
12C
330
17
100
AcDbEntity
  8
ENGRAVE_AWA
100
AcDbLine
 10
-13.182247143857028
 20
4.296109190227231
 30
0.0
 11
-11.426807502298216
 21
4.197339767258256
 31
0.0
  0
LINE
  5
12D
330
17
100
AcDbEntity
  8
ENGRAVE_AWA
100
AcDbLine
 10
-11.426807502298216
 20
4.197339767258256
 30
0.0
 11
-9.683463974497233
 21
3.9691357398086566
 31
0.0
  0
LINE
  5
12E
330
17
100
AcDbEntity
  8
ENGRAVE_AWA
100
AcDbLine
 10
-9.683463974497233
 20
3.9691357398086566
 30
0.0
 11
-7.961747061950363
 21
3.6127446524904805
 31
0.0
  0
LINE
  5
12F
330
17
100
AcDbEntity
  8
ENGRAVE_AWA
100
AcDbLine
 10
-7.961747061950363
 20
3.6127446524904805
 30
0.0
 11
-6.271069037884002
 21
3.1301148222801416
 31
0.0
  0
LINE
  5
130
330
17
100
AcDbEntity
  8
ENGRAVE_AWA
100
AcDbLine
 10
-6.271069037884002
 20
3.1301148222801416
 30
0.0
 11
-4.620672492287527
 21
2.5238846874691276
 31
0.0
  0
LINE
  5
131
330
17
100
AcDbEntity
  8
ENGRAVE_AWA
100
AcDbLine
 10
-4.620672492287527
 20
2.5238846874691276
 30
0.0
 11
-3.019579804569462
 21
1.7973683838630095
 31
0.0
  0
LINE
  5
132
330
17
100
AcDbEntity
  8
ENGRAVE_AWA
100
AcDbLine
 10
-3.019579804569462
 20
1.7973683838630095
 30
0.0
 11
-1.4765438200598187
 21
0.9545376270807324
 31
0.0
  0
LINE
  5
133
330
17
100
AcDbEntity
  8
ENGRAVE_AWA
100
AcDbLine
 10
-1.4765438200598187
 20
0.9545376270807324
 30
0.0
 11
-0.0
 21
-3.552713678800501e-15
 31
0.0
  0
TEXT
  5
134
330
17
100
AcDbEntity
  8
ENGRAVE_TEXT
100
AcDbText
 10
25.50776894479864
 20
1.8070565856800562
 30
0.0
 40
2.5
  1
55°
 11
25.50776894479864
 21
1.8070565856800562
 31
0.0
100
AcDbText
 73
2
  0
TEXT
  5
135
330
17
100
AcDbEntity
  8
ENGRAVE_TEXT
100
AcDbText
 10
-25.50776894479864
 20
1.8070565856800562
 30
0.0
 40
2.5
  1
55°
 72
2
 11
-25.50776894479864
 21
1.8070565856800562
 31
0.0
100
AcDbText
 73
2
  0
LINE
  5
136
330
17
100
AcDbEntity
  8
ENGRAVE_AWA
100
AcDbLine
 10
3.552713678800501e-15
 20
-38.95833333333334
 30
0.0
 11
1.3453223693387502
 21
-39.53079836200277
 31
0.0
  0
LINE
  5
137
330
17
100
AcDbEntity
  8
ENGRAVE_AWA
100
AcDbLine
 10
1.3453223693387502
 20
-39.53079836200277
 30
0.0
 11
2.726451533363522
 21
-40.01047608586842
 31
0.0
  0
LINE
  5
138
330
17
100
AcDbEntity
  8
ENGRAVE_AWA
100
AcDbLine
 10
2.726451533363522
 20
-40.01047608586842
 30
0.0
 11
4.13699642851088
 21
-40.39514683503768
 31
0.0
  0
LINE
  5
139
330
17
100
AcDbEntity
  8
ENGRAVE_AWA
100
AcDbLine
 10
4.13699642851088
 20
-40.39514683503768
 30
0.0
 11
5.57042987229941
 21
-40.683030576713485
 31
0.0
  0
LINE
  5
13A
330
17
100
AcDbEntity
  8
ENGRAVE_AWA
100
AcDbLine
 10
5.57042987229941
 20
-40.683030576713485
 30
0.0
 11
7.020118767339056
 21
-40.872795152152214
 31
0.0
  0
LINE
  5
13B
330
17
100
AcDbEntity
  8
ENGRAVE_AWA
100
AcDbLine
 10
7.020118767339056
 20
-40.872795152152214
 30
0.0
 11
8.479354795453093
 21
-40.96356244112057
 31
0.0
  0
LINE
  5
13C
330
17
100
AcDbEntity
  8
ENGRAVE_AWA
100
AcDbLine
 10
8.479354795453093
 20
-40.96356244112057
 30
0.0
 11
9.94138545987825
 21
-40.954912425326
 31
0.0
  0
LINE
  5
13D
330
17
100
AcDbEntity
  8
ENGRAVE_AWA
100
AcDbLine
 10
9.94138545987825
 20
-40.954912425326
 30
0.0
 11
11.399445331897612
 21
-40.84688513201736
 31
0.0
  0
LINE
  5
13E
330
17
100
AcDbEntity
  8
ENGRAVE_AWA
100
AcDbLine
 10
11.399445331897612
 20
-40.84688513201736
 30
0.0
 11
12.846787357315149
 21
-40.6399804487621
 31
0.0
  0
LINE
  5
13F
330
17
100
AcDbEntity
  8
ENGRAVE_AWA
100
AcDbLine
 10
12.846787357315149
 20
-40.6399804487621
 30
0.0
 11
14.276714077903618
 21
-40.33515581025692
 31
0.0
  0
LINE
  5
140
330
17
100
AcDbEntity
  8
ENGRAVE_AWA
100
AcDbLine
 10
14.276714077903618
 20
-40.33515581025692
 30
0.0
 11
15.6826086233511
 21
-39.93382176787611
 31
0.0
  0
LINE
  5
141
330
17
100
AcDbEntity
  8
ENGRAVE_AWA
100
AcDbLine
 10
15.6826086233511
 20
-39.93382176787611
 30
0.0
 11
17.057965330293513
 21
-39.43783546245909
 31
0.0
  0
LINE
  5
142
330
17
100
AcDbEntity
  8
ENGRAVE_AWA
100
AcDbLine
 10
17.057965330293513
 20
-39.43783546245909
 30
0.0
 11
18.396419846745943
 21
-38.8494920305413
 31
0.0
  0
LINE
  5
143
330
17
100
AcDbEntity
  8
ENGRAVE_AWA
100
AcDbLine
 10
18.396419846745943
 20
-38.8494920305413
 30
0.0
 11
19.691778582626995
 21
-38.17151398379543
 31
0.0
  0
LINE
  5
144
330
17
100
AcDbEntity
  8
ENGRAVE_AWA
100
AcDbLine
 10
19.691778582626995
 20
-38.17151398379543
 30
0.0
 11
20.93804737009623
 21
-37.40703861082867
 31
0.0
  0
LINE
  5
145
330
17
100
AcDbEntity
  8
ENGRAVE_AWA
100
AcDbLine
 10
20.93804737009623
 20
-37.40703861082867
 30
0.0
 11
22.129459201081318
 21
-36.55960345963334
 31
0.0
  0
LINE
  5
146
330
17
100
AcDbEntity
  8
ENGRAVE_AWA
100
AcDbLine
 10
22.129459201081318
 20
-36.55960345963334
 30
0.0
 11
23.260500913641735
 21
-35.63312996786948
 31
0.0
  0
LINE
  5
147
330
17
100
AcDbEntity
  8
ENGRAVE_AWA
100
AcDbLine
 10
23.260500913641735
 20
-35.63312996786948
 30
0.0
 11
24.32593870367993
 21
-34.631905316729075
 31
0.0
  0
LINE
  5
148
330
17
100
AcDbEntity
  8
ENGRAVE_AWA
100
AcDbLine
 10
24.32593870367993
 20
-34.631905316729075
 30
0.0
 11
25.320842343946804
 21
-33.56056259235166
 31
0.0
  0
LINE
  5
149
330
17
100
AcDbEntity
  8
ENGRAVE_AWA
100
AcDbLine
 10
25.320842343946804
 20
-33.56056259235166
 30
0.0
 11
26.240607998269684
 21
-32.42405934659267
 31
0.0
  0
LINE
  5
14A
330
17
100
AcDbEntity
  8
ENGRAVE_AWA
100
AcDbLine
 10
26.240607998269684
 20
-32.42405934659267
 30
0.0
 11
27.08097952543212
 21
-31.227654656353042
 31
0.0
  0
LINE
  5
14B
330
17
100
AcDbEntity
  8
ENGRAVE_AWA
100
AcDbLine
 10
27.08097952543212
 20
-31.227654656353042
 30
0.0
 11
27.83806817412329
 21
-29.976884787625913
 31
0.0
  0
LINE
  5
14C
330
17
100
AcDbEntity
  8
ENGRAVE_AWA
100
AcDbLine
 10
27.83806817412329
 20
-29.976884787625913
 30
0.0
 11
28.50837057782037
 21
-28.677537576873284
 31
0.0
  0
LINE
  5
14D
330
17
100
AcDbEntity
  8
ENGRAVE_AWA
100
AcDbLine
 10
28.50837057782037
 20
-28.677537576873284
 30
0.0
 11
29.088784966333893
 21
-27.33562564828066
 31
0.0
  0
LINE
  5
14E
330
17
100
AcDbEntity
  8
ENGRAVE_AWA
100
AcDbLine
 10
29.088784966333893
 20
-27.33562564828066
 30
0.0
 11
29.57662551899861
 21
-25.95735859082464
 31
0.0
  0
LINE
  5
14F
330
17
100
AcDbEntity
  8
ENGRAVE_AWA
100
AcDbLine
 10
29.57662551899861
 20
-25.95735859082464
 30
0.0
 11
29.969634793091476
 21
-24.54911422390187
 31
0.0
  0
LINE
  5
150
330
17
100
AcDbEntity
  8
ENGRAVE_AWA
100
AcDbLine
 10
29.969634793091476
 20
-24.54911422390187
 30
0.0
 11
30.26599416996539
 21
-23.11740908448537
 31
0.0
  0
LINE
  5
151
330
17
100
AcDbEntity
  8
ENGRAVE_AWA
100
AcDbLine
 10
30.26599416996539
 20
-23.11740908448537
 30
0.0
 11
30.464332270559964
 21
-21.66886827237643
 31
0.0
  0
LINE
  5
152
330
17
100
AcDbEntity
  8
ENGRAVE_AWA
100
AcDbLine
 10
30.464332270559964
 20
-21.66886827237643
 30
0.0
 11
30.5637313013473
 21
-20.2101947930908
 31
0.0
  0
LINE
  5
153
330
17
100
AcDbEntity
  8
ENGRAVE_AWA
100
AcDbLine
 10
30.5637313013473
 20
-20.2101947930908
 30
0.0
 11
30.5637313013473
 21
-18.748138540242536
 31
0.0
  0
LINE
  5
154
330
17
100
AcDbEntity
  8
ENGRAVE_AWA
100
AcDbLine
 10
30.5637313013473
 20
-18.748138540242536
 30
0.0
 11
30.464332270559964
 21
-17.2894650609569
 31
0.0
  0
LINE
  5
155
330
17
100
AcDbEntity
  8
ENGRAVE_AWA
100
AcDbLine
 10
30.464332270559964
 20
-17.2894650609569
 30
0.0
 11
30.26599416996539
 21
-15.84092424884796
 31
0.0
  0
LINE
  5
156
330
17
100
AcDbEntity
  8
ENGRAVE_AWA
100
AcDbLine
 10
30.26599416996539
 20
-15.84092424884796
 30
0.0
 11
29.969634793091476
 21
-14.409219109431465
 31
0.0
  0
LINE
  5
157
330
17
100
AcDbEntity
  8
ENGRAVE_AWA
100
AcDbLine
 10
29.969634793091476
 20
-14.409219109431465
 30
0.0
 11
29.57662551899861
 21
-13.000974742508694
 31
0.0
  0
LINE
  5
158
330
17
100
AcDbEntity
  8
ENGRAVE_AWA
100
AcDbLine
 10
29.57662551899861
 20
-13.000974742508694
 30
0.0
 11
29.088784966333893
 21
-11.622707685052672
 31
0.0
  0
LINE
  5
159
330
17
100
AcDbEntity
  8
ENGRAVE_AWA
100
AcDbLine
 10
29.088784966333893
 20
-11.622707685052672
 30
0.0
 11
28.50837057782037
 21
-10.280795756460051
 31
0.0
  0
LINE
  5
15A
330
17
100
AcDbEntity
  8
ENGRAVE_AWA
100
AcDbLine
 10
28.50837057782037
 20
-10.280795756460051
 30
0.0
 11
27.83806817412329
 21
-8.981448545707421
 31
0.0
  0
LINE
  5
15B
330
17
100
AcDbEntity
  8
ENGRAVE_AWA
100
AcDbLine
 10
27.83806817412329
 20
-8.981448545707421
 30
0.0
 11
27.08097952543212
 21
-7.730678676980293
 31
0.0
  0
LINE
  5
15C
330
17
100
AcDbEntity
  8
ENGRAVE_AWA
100
AcDbLine
 10
27.08097952543212
 20
-7.730678676980293
 30
0.0
 11
26.240607998269684
 21
-6.534273986740667
 31
0.0
  0
LINE
  5
15D
330
17
100
AcDbEntity
  8
ENGRAVE_AWA
100
AcDbLine
 10
26.240607998269684
 20
-6.534273986740667
 30
0.0
 11
25.3208423439468
 21
-5.3977707409816755
 31
0.0
  0
LINE
  5
15E
330
17
100
AcDbEntity
  8
ENGRAVE_AWA
100
AcDbLine
 10
25.3208423439468
 20
-5.3977707409816755
 30
0.0
 11
24.32593870367993
 21
-4.3264280166042575
 31
0.0
  0
LINE
  5
15F
330
17
100
AcDbEntity
  8
ENGRAVE_AWA
100
AcDbLine
 10
24.32593870367993
 20
-4.3264280166042575
 30
0.0
 11
23.260500913641735
 21
-3.32520336546386
 31
0.0
  0
LINE
  5
160
330
17
100
AcDbEntity
  8
ENGRAVE_AWA
100
AcDbLine
 10
23.260500913641735
 20
-3.32520336546386
 30
0.0
 11
22.129459201081318
 21
-2.3987298736999954
 31
0.0
  0
LINE
  5
161
330
17
100
AcDbEntity
  8
ENGRAVE_AWA
100
AcDbLine
 10
22.129459201081318
 20
-2.3987298736999954
 30
0.0
 11
20.93804737009623
 21
-1.5512947225046645
 31
0.0
  0
LINE
  5
162
330
17
100
AcDbEntity
  8
ENGRAVE_AWA
100
AcDbLine
 10
20.93804737009623
 20
-1.5512947225046645
 30
0.0
 11
19.691778582626995
 21
-0.7868193495379074
 31
0.0
  0
LINE
  5
163
330
17
100
AcDbEntity
  8
ENGRAVE_AWA
100
AcDbLine
 10
19.691778582626995
 20
-0.7868193495379074
 30
0.0
 11
18.39641984674594
 21
-0.10884130279202964
 31
0.0
  0
LINE
  5
164
330
17
100
AcDbEntity
  8
ENGRAVE_AWA
100
AcDbLine
 10
18.39641984674594
 20
-0.10884130279202964
 30
0.0
 11
17.057965330293513
 21
0.47950212912575196
 31
0.0
  0
LINE
  5
165
330
17
100
AcDbEntity
  8
ENGRAVE_AWA
100
AcDbLine
 10
17.057965330293513
 20
0.47950212912575196
 30
0.0
 11
15.6826086233511
 21
0.9754884345427719
 31
0.0
  0
LINE
  5
166
330
17
100
AcDbEntity
  8
ENGRAVE_AWA
100
AcDbLine
 10
15.6826086233511
 20
0.9754884345427719
 30
0.0
 11
14.276714077903613
 21
1.3768224769235893
 31
0.0
  0
LINE
  5
167
330
17
100
AcDbEntity
  8
ENGRAVE_AWA
100
AcDbLine
 10
14.276714077903613
 20
1.3768224769235893
 30
0.0
 11
12.846787357315149
 21
1.6816471154287704
 31
0.0
  0
LINE
  5
168
330
17
100
AcDbEntity
  8
ENGRAVE_AWA
100
AcDbLine
 10
12.846787357315149
 20
1.6816471154287704
 30
0.0
 11
11.399445331897603
 21
1.8885517986840306
 31
0.0
  0
LINE
  5
169
330
17
100
AcDbEntity
  8
ENGRAVE_AWA
100
AcDbLine
 10
11.399445331897603
 20
1.8885517986840306
 30
0.0
 11
9.941385459878244
 21
1.9965790919926647
 31
0.0
  0
LINE
  5
16A
330
17
100
AcDbEntity
  8
ENGRAVE_AWA
100
AcDbLine
 10
9.941385459878244
 20
1.9965790919926647
 30
0.0
 11
8.479354795453093
 21
2.005229107787237
 31
0.0
  0
LINE
  5
16B
330
17
100
AcDbEntity
  8
ENGRAVE_AWA
100
AcDbLine
 10
8.479354795453093
 20
2.005229107787237
 30
0.0
 11
7.020118767339047
 21
1.9144618188188787
 31
0.0
  0
LINE
  5
16C
330
17
100
AcDbEntity
  8
ENGRAVE_AWA
100
AcDbLine
 10
7.020118767339047
 20
1.9144618188188787
 30
0.0
 11
5.570429872299406
 21
1.7246972433801488
 31
0.0
  0
LINE
  5
16D
330
17
100
AcDbEntity
  8
ENGRAVE_AWA
100
AcDbLine
 10
5.570429872299406
 20
1.7246972433801488
 30
0.0
 11
4.13699642851088
 21
1.4368135017043429
 31
0.0
  0
LINE
  5
16E
330
17
100
AcDbEntity
  8
ENGRAVE_AWA
100
AcDbLine
 10
4.13699642851088
 20
1.4368135017043429
 30
0.0
 11
2.726451533363517
 21
1.0521427525350795
 31
0.0
  0
LINE
  5
16F
330
17
100
AcDbEntity
  8
ENGRAVE_AWA
100
AcDbLine
 10
2.726451533363517
 20
1.0521427525350795
 30
0.0
 11
1.3453223693387457
 21
0.5724650286694306
 31
0.0
  0
LINE
  5
170
330
17
100
AcDbEntity
  8
ENGRAVE_AWA
100
AcDbLine
 10
1.3453223693387457
 20
0.5724650286694306
 30
0.0
 11
3.552713678800501e-15
 21
3.552713678800501e-15
 31
0.0
  0
LINE
  5
171
330
17
100
AcDbEntity
  8
ENGRAVE_AWA
100
AcDbLine
 10
-3.552713678800501e-15
 20
-38.95833333333334
 30
0.0
 11
-1.3453223693387502
 21
-39.53079836200277
 31
0.0
  0
LINE
  5
172
330
17
100
AcDbEntity
  8
ENGRAVE_AWA
100
AcDbLine
 10
-1.3453223693387502
 20
-39.53079836200277
 30
0.0
 11
-2.726451533363522
 21
-40.01047608586842
 31
0.0
  0
LINE
  5
173
330
17
100
AcDbEntity
  8
ENGRAVE_AWA
100
AcDbLine
 10
-2.726451533363522
 20
-40.01047608586842
 30
0.0
 11
-4.13699642851088
 21
-40.39514683503768
 31
0.0
  0
LINE
  5
174
330
17
100
AcDbEntity
  8
ENGRAVE_AWA
100
AcDbLine
 10
-4.13699642851088
 20
-40.39514683503768
 30
0.0
 11
-5.57042987229941
 21
-40.683030576713485
 31
0.0
  0
LINE
  5
175
330
17
100
AcDbEntity
  8
ENGRAVE_AWA
100
AcDbLine
 10
-5.57042987229941
 20
-40.683030576713485
 30
0.0
 11
-7.020118767339056
 21
-40.872795152152214
 31
0.0
  0
LINE
  5
176
330
17
100
AcDbEntity
  8
ENGRAVE_AWA
100
AcDbLine
 10
-7.020118767339056
 20
-40.872795152152214
 30
0.0
 11
-8.479354795453093
 21
-40.96356244112057
 31
0.0
  0
LINE
  5
177
330
17
100
AcDbEntity
  8
ENGRAVE_AWA
100
AcDbLine
 10
-8.479354795453093
 20
-40.96356244112057
 30
0.0
 11
-9.94138545987825
 21
-40.954912425326
 31
0.0
  0
LINE
  5
178
330
17
100
AcDbEntity
  8
ENGRAVE_AWA
100
AcDbLine
 10
-9.94138545987825
 20
-40.954912425326
 30
0.0
 11
-11.399445331897612
 21
-40.84688513201736
 31
0.0
  0
LINE
  5
179
330
17
100
AcDbEntity
  8
ENGRAVE_AWA
100
AcDbLine
 10
-11.399445331897612
 20
-40.84688513201736
 30
0.0
 11
-12.846787357315149
 21
-40.6399804487621
 31
0.0
  0
LINE
  5
17A
330
17
100
AcDbEntity
  8
ENGRAVE_AWA
100
AcDbLine
 10
-12.846787357315149
 20
-40.6399804487621
 30
0.0
 11
-14.276714077903618
 21
-40.33515581025692
 31
0.0
  0
LINE
  5
17B
330
17
100
AcDbEntity
  8
ENGRAVE_AWA
100
AcDbLine
 10
-14.276714077903618
 20
-40.33515581025692
 30
0.0
 11
-15.6826086233511
 21
-39.93382176787611
 31
0.0
  0
LINE
  5
17C
330
17
100
AcDbEntity
  8
ENGRAVE_AWA
100
AcDbLine
 10
-15.6826086233511
 20
-39.93382176787611
 30
0.0
 11
-17.057965330293513
 21
-39.43783546245909
 31
0.0
  0
LINE
  5
17D
330
17
100
AcDbEntity
  8
ENGRAVE_AWA
100
AcDbLine
 10
-17.057965330293513
 20
-39.43783546245909
 30
0.0
 11
-18.396419846745943
 21
-38.8494920305413
 31
0.0
  0
LINE
  5
17E
330
17
100
AcDbEntity
  8
ENGRAVE_AWA
100
AcDbLine
 10
-18.396419846745943
 20
-38.8494920305413
 30
0.0
 11
-19.691778582626995
 21
-38.17151398379543
 31
0.0
  0
LINE
  5
17F
330
17
100
AcDbEntity
  8
ENGRAVE_AWA
100
AcDbLine
 10
-19.691778582626995
 20
-38.17151398379543
 30
0.0
 11
-20.93804737009623
 21
-37.40703861082867
 31
0.0
  0
LINE
  5
180
330
17
100
AcDbEntity
  8
ENGRAVE_AWA
100
AcDbLine
 10
-20.93804737009623
 20
-37.40703861082867
 30
0.0
 11
-22.129459201081318
 21
-36.55960345963334
 31
0.0
  0
LINE
  5
181
330
17
100
AcDbEntity
  8
ENGRAVE_AWA
100
AcDbLine
 10
-22.129459201081318
 20
-36.55960345963334
 30
0.0
 11
-23.260500913641735
 21
-35.63312996786948
 31
0.0
  0
LINE
  5
182
330
17
100
AcDbEntity
  8
ENGRAVE_AWA
100
AcDbLine
 10
-23.260500913641735
 20
-35.63312996786948
 30
0.0
 11
-24.32593870367993
 21
-34.631905316729075
 31
0.0
  0
LINE
  5
183
330
17
100
AcDbEntity
  8
ENGRAVE_AWA
100
AcDbLine
 10
-24.32593870367993
 20
-34.631905316729075
 30
0.0
 11
-25.320842343946804
 21
-33.56056259235166
 31
0.0
  0
LINE
  5
184
330
17
100
AcDbEntity
  8
ENGRAVE_AWA
100
AcDbLine
 10
-25.320842343946804
 20
-33.56056259235166
 30
0.0
 11
-26.240607998269684
 21
-32.42405934659267
 31
0.0
  0
LINE
  5
185
330
17
100
AcDbEntity
  8
ENGRAVE_AWA
100
AcDbLine
 10
-26.240607998269684
 20
-32.42405934659267
 30
0.0
 11
-27.08097952543212
 21
-31.227654656353042
 31
0.0
  0
LINE
  5
186
330
17
100
AcDbEntity
  8
ENGRAVE_AWA
100
AcDbLine
 10
-27.08097952543212
 20
-31.227654656353042
 30
0.0
 11
-27.83806817412329
 21
-29.976884787625913
 31
0.0
  0
LINE
  5
187
330
17
100
AcDbEntity
  8
ENGRAVE_AWA
100
AcDbLine
 10
-27.83806817412329
 20
-29.976884787625913
 30
0.0
 11
-28.50837057782037
 21
-28.677537576873284
 31
0.0
  0
LINE
  5
188
330
17
100
AcDbEntity
  8
ENGRAVE_AWA
100
AcDbLine
 10
-28.50837057782037
 20
-28.677537576873284
 30
0.0
 11
-29.088784966333893
 21
-27.33562564828066
 31
0.0
  0
LINE
  5
189
330
17
100
AcDbEntity
  8
ENGRAVE_AWA
100
AcDbLine
 10
-29.088784966333893
 20
-27.33562564828066
 30
0.0
 11
-29.57662551899861
 21
-25.95735859082464
 31
0.0
  0
LINE
  5
18A
330
17
100
AcDbEntity
  8
ENGRAVE_AWA
100
AcDbLine
 10
-29.57662551899861
 20
-25.95735859082464
 30
0.0
 11
-29.969634793091476
 21
-24.54911422390187
 31
0.0
  0
LINE
  5
18B
330
17
100
AcDbEntity
  8
ENGRAVE_AWA
100
AcDbLine
 10
-29.969634793091476
 20
-24.54911422390187
 30
0.0
 11
-30.26599416996539
 21
-23.11740908448537
 31
0.0
  0
LINE
  5
18C
330
17
100
AcDbEntity
  8
ENGRAVE_AWA
100
AcDbLine
 10
-30.26599416996539
 20
-23.11740908448537
 30
0.0
 11
-30.464332270559964
 21
-21.66886827237643
 31
0.0
  0
LINE
  5
18D
330
17
100
AcDbEntity
  8
ENGRAVE_AWA
100
AcDbLine
 10
-30.464332270559964
 20
-21.66886827237643
 30
0.0
 11
-30.5637313013473
 21
-20.2101947930908
 31
0.0
  0
LINE
  5
18E
330
17
100
AcDbEntity
  8
ENGRAVE_AWA
100
AcDbLine
 10
-30.5637313013473
 20
-20.2101947930908
 30
0.0
 11
-30.5637313013473
 21
-18.748138540242536
 31
0.0
  0
LINE
  5
18F
330
17
100
AcDbEntity
  8
ENGRAVE_AWA
100
AcDbLine
 10
-30.5637313013473
 20
-18.748138540242536
 30
0.0
 11
-30.464332270559964
 21
-17.2894650609569
 31
0.0
  0
LINE
  5
190
330
17
100
AcDbEntity
  8
ENGRAVE_AWA
100
AcDbLine
 10
-30.464332270559964
 20
-17.2894650609569
 30
0.0
 11
-30.26599416996539
 21
-15.84092424884796
 31
0.0
  0
LINE
  5
191
330
17
100
AcDbEntity
  8
ENGRAVE_AWA
100
AcDbLine
 10
-30.26599416996539
 20
-15.84092424884796
 30
0.0
 11
-29.969634793091476
 21
-14.409219109431465
 31
0.0
  0
LINE
  5
192
330
17
100
AcDbEntity
  8
ENGRAVE_AWA
100
AcDbLine
 10
-29.969634793091476
 20
-14.409219109431465
 30
0.0
 11
-29.57662551899861
 21
-13.000974742508694
 31
0.0
  0
LINE
  5
193
330
17
100
AcDbEntity
  8
ENGRAVE_AWA
100
AcDbLine
 10
-29.57662551899861
 20
-13.000974742508694
 30
0.0
 11
-29.088784966333893
 21
-11.622707685052672
 31
0.0
  0
LINE
  5
194
330
17
100
AcDbEntity
  8
ENGRAVE_AWA
100
AcDbLine
 10
-29.088784966333893
 20
-11.622707685052672
 30
0.0
 11
-28.50837057782037
 21
-10.280795756460051
 31
0.0
  0
LINE
  5
195
330
17
100
AcDbEntity
  8
ENGRAVE_AWA
100
AcDbLine
 10
-28.50837057782037
 20
-10.280795756460051
 30
0.0
 11
-27.83806817412329
 21
-8.981448545707421
 31
0.0
  0
LINE
  5
196
330
17
100
AcDbEntity
  8
ENGRAVE_AWA
100
AcDbLine
 10
-27.83806817412329
 20
-8.981448545707421
 30
0.0
 11
-27.08097952543212
 21
-7.730678676980293
 31
0.0
  0
LINE
  5
197
330
17
100
AcDbEntity
  8
ENGRAVE_AWA
100
AcDbLine
 10
-27.08097952543212
 20
-7.730678676980293
 30
0.0
 11
-26.240607998269684
 21
-6.534273986740667
 31
0.0
  0
LINE
  5
198
330
17
100
AcDbEntity
  8
ENGRAVE_AWA
100
AcDbLine
 10
-26.240607998269684
 20
-6.534273986740667
 30
0.0
 11
-25.3208423439468
 21
-5.3977707409816755
 31
0.0
  0
LINE
  5
199
330
17
100
AcDbEntity
  8
ENGRAVE_AWA
100
AcDbLine
 10
-25.3208423439468
 20
-5.3977707409816755
 30
0.0
 11
-24.32593870367993
 21
-4.3264280166042575
 31
0.0
  0
LINE
  5
19A
330
17
100
AcDbEntity
  8
ENGRAVE_AWA
100
AcDbLine
 10
-24.32593870367993
 20
-4.3264280166042575
 30
0.0
 11
-23.260500913641735
 21
-3.32520336546386
 31
0.0
  0
LINE
  5
19B
330
17
100
AcDbEntity
  8
ENGRAVE_AWA
100
AcDbLine
 10
-23.260500913641735
 20
-3.32520336546386
 30
0.0
 11
-22.129459201081318
 21
-2.3987298736999954
 31
0.0
  0
LINE
  5
19C
330
17
100
AcDbEntity
  8
ENGRAVE_AWA
100
AcDbLine
 10
-22.129459201081318
 20
-2.3987298736999954
 30
0.0
 11
-20.93804737009623
 21
-1.5512947225046645
 31
0.0
  0
LINE
  5
19D
330
17
100
AcDbEntity
  8
ENGRAVE_AWA
100
AcDbLine
 10
-20.93804737009623
 20
-1.5512947225046645
 30
0.0
 11
-19.691778582626995
 21
-0.7868193495379074
 31
0.0
  0
LINE
  5
19E
330
17
100
AcDbEntity
  8
ENGRAVE_AWA
100
AcDbLine
 10
-19.691778582626995
 20
-0.7868193495379074
 30
0.0
 11
-18.39641984674594
 21
-0.10884130279202964
 31
0.0
  0
LINE
  5
19F
330
17
100
AcDbEntity
  8
ENGRAVE_AWA
100
AcDbLine
 10
-18.39641984674594
 20
-0.10884130279202964
 30
0.0
 11
-17.057965330293513
 21
0.47950212912575196
 31
0.0
  0
LINE
  5
1A0
330
17
100
AcDbEntity
  8
ENGRAVE_AWA
100
AcDbLine
 10
-17.057965330293513
 20
0.47950212912575196
 30
0.0
 11
-15.6826086233511
 21
0.9754884345427719
 31
0.0
  0
LINE
  5
1A1
330
17
100
AcDbEntity
  8
ENGRAVE_AWA
100
AcDbLine
 10
-15.6826086233511
 20
0.9754884345427719
 30
0.0
 11
-14.276714077903613
 21
1.3768224769235893
 31
0.0
  0
LINE
  5
1A2
330
17
100
AcDbEntity
  8
ENGRAVE_AWA
100
AcDbLine
 10
-14.276714077903613
 20
1.3768224769235893
 30
0.0
 11
-12.846787357315149
 21
1.6816471154287704
 31
0.0
  0
LINE
  5
1A3
330
17
100
AcDbEntity
  8
ENGRAVE_AWA
100
AcDbLine
 10
-12.846787357315149
 20
1.6816471154287704
 30
0.0
 11
-11.399445331897603
 21
1.8885517986840306
 31
0.0
  0
LINE
  5
1A4
330
17
100
AcDbEntity
  8
ENGRAVE_AWA
100
AcDbLine
 10
-11.399445331897603
 20
1.8885517986840306
 30
0.0
 11
-9.941385459878244
 21
1.9965790919926647
 31
0.0
  0
LINE
  5
1A5
330
17
100
AcDbEntity
  8
ENGRAVE_AWA
100
AcDbLine
 10
-9.941385459878244
 20
1.9965790919926647
 30
0.0
 11
-8.479354795453093
 21
2.005229107787237
 31
0.0
  0
LINE
  5
1A6
330
17
100
AcDbEntity
  8
ENGRAVE_AWA
100
AcDbLine
 10
-8.479354795453093
 20
2.005229107787237
 30
0.0
 11
-7.020118767339047
 21
1.9144618188188787
 31
0.0
  0
LINE
  5
1A7
330
17
100
AcDbEntity
  8
ENGRAVE_AWA
100
AcDbLine
 10
-7.020118767339047
 20
1.9144618188188787
 30
0.0
 11
-5.570429872299406
 21
1.7246972433801488
 31
0.0
  0
LINE
  5
1A8
330
17
100
AcDbEntity
  8
ENGRAVE_AWA
100
AcDbLine
 10
-5.570429872299406
 20
1.7246972433801488
 30
0.0
 11
-4.13699642851088
 21
1.4368135017043429
 31
0.0
  0
LINE
  5
1A9
330
17
100
AcDbEntity
  8
ENGRAVE_AWA
100
AcDbLine
 10
-4.13699642851088
 20
1.4368135017043429
 30
0.0
 11
-2.726451533363517
 21
1.0521427525350795
 31
0.0
  0
LINE
  5
1AA
330
17
100
AcDbEntity
  8
ENGRAVE_AWA
100
AcDbLine
 10
-2.726451533363517
 20
1.0521427525350795
 30
0.0
 11
-1.3453223693387457
 21
0.5724650286694306
 31
0.0
  0
LINE
  5
1AB
330
17
100
AcDbEntity
  8
ENGRAVE_AWA
100
AcDbLine
 10
-1.3453223693387457
 20
0.5724650286694306
 30
0.0
 11
-3.552713678800501e-15
 21
3.552713678800501e-15
 31
0.0
  0
TEXT
  5
1AC
330
17
100
AcDbEntity
  8
ENGRAVE_TEXT
100
AcDbText
 10
30.964332270559964
 20
-16.8894650609569
 30
0.0
 40
2.5
  1
65°
 11
30.964332270559964
 21
-16.8894650609569
 31
0.0
100
AcDbText
 73
2
  0
TEXT
  5
1AD
330
17
100
AcDbEntity
  8
ENGRAVE_TEXT
100
AcDbText
 10
-30.964332270559964
 20
-16.8894650609569
 30
0.0
 40
2.5
  1
65°
 72
2
 11
-30.964332270559964
 21
-16.8894650609569
 31
0.0
100
AcDbText
 73
2
  0
LINE
  5
1AE
330
17
100
AcDbEntity
  8
ENGRAVE_AWA
100
AcDbLine
 10
-1.7763568394002505e-15
 20
-38.958333333333336
 30
0.0
 11
1.2193724443116674
 21
-39.244791264258055
 31
0.0
  0
LINE
  5
1AF
330
17
100
AcDbEntity
  8
ENGRAVE_AWA
100
AcDbLine
 10
1.2193724443116674
 20
-39.244791264258055
 30
0.0
 11
2.454176651540731
 21
-39.454995626595505
 31
0.0
  0
LINE
  5
1B0
330
17
100
AcDbEntity
  8
ENGRAVE_AWA
100
AcDbLine
 10
2.454176651540731
 20
-39.454995626595505
 30
0.0
 11
3.6996488851888545
 21
-39.58813547543062
 31
0.0
  0
LINE
  5
1B1
330
17
100
AcDbEntity
  8
ENGRAVE_AWA
100
AcDbLine
 10
3.6996488851888545
 20
-39.58813547543062
 30
0.0
 11
4.950984252705189
 21
-39.64369717212047
 31
0.0
  0
LINE
  5
1B2
330
17
100
AcDbEntity
  8
ENGRAVE_AWA
100
AcDbLine
 10
4.950984252705189
 20
-39.64369717212047
 30
0.0
 11
6.203355242224292
 21
-39.6214663658547
 31
0.0
  0
LINE
  5
1B3
330
17
100
AcDbEntity
  8
ENGRAVE_AWA
100
AcDbLine
 10
6.203355242224292
 20
-39.6214663658547
 30
0.0
 11
7.451930346566904
 21
-39.52152882059703
 31
0.0
  0
LINE
  5
1B4
330
17
100
AcDbEntity
  8
ENGRAVE_AWA
100
AcDbLine
 10
7.451930346566904
 20
-39.52152882059703
 30
0.0
 11
8.691892702654126
 21
-39.344270084217385
 31
0.0
  0
LINE
  5
1B5
330
17
100
AcDbEntity
  8
ENGRAVE_AWA
100
AcDbLine
 10
8.691892702654126
 20
-39.344270084217385
 30
0.0
 11
9.918458674426368
 21
-39.09037400109142
 31
0.0
  0
LINE
  5
1B6
330
17
100
AcDbEntity
  8
ENGRAVE_AWA
100
AcDbLine
 10
9.918458674426368
 20
-39.09037400109142
 30
0.0
 11
11.126896307576105
 21
-38.76082007390537
 31
0.0
  0
LINE
  5
1B7
330
17
100
AcDbEntity
  8
ENGRAVE_AWA
100
AcDbLine
 10
11.126896307576105
 20
-38.76082007390537
 30
0.0
 11
12.312543584898279
 21
-38.356879684844316
 31
0.0
  0
LINE
  5
1B8
330
17
100
AcDbEntity
  8
ENGRAVE_AWA
100
AcDbLine
 10
12.312543584898279
 20
-38.356879684844316
 30
0.0
 11
13.470826411831133
 21
-37.88011119074185
 31
0.0
  0
LINE
  5
1B9
330
17
100
AcDbEntity
  8
ENGRAVE_AWA
100
AcDbLine
 10
13.470826411831133
 20
-37.88011119074185
 30
0.0
 11
14.597276262801344
 21
-37.332353911113834
 31
0.0
  0
LINE
  5
1BA
330
17
100
AcDbEntity
  8
ENGRAVE_AWA
100
AcDbLine
 10
14.597276262801344
 20
-37.332353911113834
 30
0.0
 11
15.687547420295811
 21
-36.715721032269414
 31
0.0
  0
LINE
  5
1BB
330
17
100
AcDbEntity
  8
ENGRAVE_AWA
100
AcDbLine
 10
15.687547420295811
 20
-36.715721032269414
 30
0.0
 11
16.737433740153694
 21
-36.03259145487464
 31
0.0
  0
LINE
  5
1BC
330
17
100
AcDbEntity
  8
ENGRAVE_AWA
100
AcDbLine
 10
16.737433740153694
 20
-36.03259145487464
 30
0.0
 11
17.742884878400027
 21
-35.28560061641981
 31
0.0
  0
LINE
  5
1BD
330
17
100
AcDbEntity
  8
ENGRAVE_AWA
100
AcDbLine
 10
17.742884878400027
 20
-35.28560061641981
 30
0.0
 11
18.700021917019708
 21
-34.47763032399649
 31
0.0
  0
LINE
  5
1BE
330
17
100
AcDbEntity
  8
ENGRAVE_AWA
100
AcDbLine
 10
18.700021917019708
 20
-34.47763032399649
 30
0.0
 11
19.605152328389266
 21
-33.61179763660806
 31
0.0
  0
LINE
  5
1BF
330
17
100
AcDbEntity
  8
ENGRAVE_AWA
100
AcDbLine
 10
19.605152328389266
 20
-33.61179763660806
 30
0.0
 11
20.454784220635357
 21
-32.69144283990485
 31
0.0
  0
LINE
  5
1C0
330
17
100
AcDbEntity
  8
ENGRAVE_AWA
100
AcDbLine
 10
20.454784220635357
 20
-32.69144283990485
 30
0.0
 11
21.24563980896301
 21
-31.720116559735715
 31
0.0
  0
LINE
  5
1C1
330
17
100
AcDbEntity
  8
ENGRAVE_AWA
100
AcDbLine
 10
21.24563980896301
 20
-31.720116559735715
 30
0.0
 11
21.974668060982648
 21
-30.701566064230718
 31
0.0
  0
LINE
  5
1C2
330
17
100
AcDbEntity
  8
ENGRAVE_AWA
100
AcDbLine
 10
21.974668060982648
 20
-30.701566064230718
 30
0.0
 11
22.639056467251795
 21
-29.639720807259895
 31
0.0
  0
LINE
  5
1C3
330
17
100
AcDbEntity
  8
ENGRAVE_AWA
100
AcDbLine
 10
22.639056467251795
 20
-29.639720807259895
 30
0.0
 11
23.23624189162183
 21
-28.53867726903978
 31
0.0
  0
LINE
  5
1C4
330
17
100
AcDbEntity
  8
ENGRAVE_AWA
100
AcDbLine
 10
23.23624189162183
 20
-28.53867726903978
 30
0.0
 11
23.76392045953055
 21
-27.402683152370997
 31
0.0
  0
LINE
  5
1C5
330
17
100
AcDbEntity
  8
ENGRAVE_AWA
100
AcDbLine
 10
23.76392045953055
 20
-27.402683152370997
 30
0.0
 11
24.22005644609249
 21
-26.23612099547602
 31
0.0
  0
LINE
  5
1C6
330
17
100
AcDbEntity
  8
ENGRAVE_AWA
100
AcDbLine
 10
24.22005644609249
 20
-26.23612099547602
 30
0.0
 11
24.602890129697805
 21
-25.043491264656993
 31
0.0
  0
LINE
  5
1C7
330
17
100
AcDbEntity
  8
ENGRAVE_AWA
100
AcDbLine
 10
24.602890129697805
 20
-25.043491264656993
 30
0.0
 11
24.910944580821393
 21
-23.829394992000154
 31
0.0
  0
LINE
  5
1C8
330
17
100
AcDbEntity
  8
ENGRAVE_AWA
100
AcDbLine
 10
24.910944580821393
 20
-23.829394992000154
 30
0.0
 11
25.143031359851776
 21
-22.59851602510877
 31
0.0
  0
LINE
  5
1C9
330
17
100
AcDbEntity
  8
ENGRAVE_AWA
100
AcDbLine
 10
25.143031359851776
 20
-22.59851602510877
 30
0.0
 11
25.298255101958176
 21
-21.35560295734306
 31
0.0
  0
LINE
  5
1CA
330
17
100
AcDbEntity
  8
ENGRAVE_AWA
100
AcDbLine
 10
25.298255101958176
 20
-21.35560295734306
 30
0.0
 11
25.37601697130788
 21
-20.10545080827818
 31
0.0
  0
LINE
  5
1CB
330
17
100
AcDbEntity
  8
ENGRAVE_AWA
100
AcDbLine
 10
25.37601697130788
 20
-20.10545080827818
 30
0.0
 11
25.37601697130788
 21
-18.852882525055154
 31
0.0
  0
LINE
  5
1CC
330
17
100
AcDbEntity
  8
ENGRAVE_AWA
100
AcDbLine
 10
25.37601697130788
 20
-18.852882525055154
 30
0.0
 11
25.298255101958176
 21
-17.602730375990276
 31
0.0
  0
LINE
  5
1CD
330
17
100
AcDbEntity
  8
ENGRAVE_AWA
100
AcDbLine
 10
25.298255101958176
 20
-17.602730375990276
 30
0.0
 11
25.143031359851776
 21
-16.359817308224567
 31
0.0
  0
LINE
  5
1CE
330
17
100
AcDbEntity
  8
ENGRAVE_AWA
100
AcDbLine
 10
25.143031359851776
 20
-16.359817308224567
 30
0.0
 11
24.910944580821393
 21
-15.128938341333184
 31
0.0
  0
LINE
  5
1CF
330
17
100
AcDbEntity
  8
ENGRAVE_AWA
100
AcDbLine
 10
24.910944580821393
 20
-15.128938341333184
 30
0.0
 11
24.602890129697805
 21
-13.914842068676345
 31
0.0
  0
LINE
  5
1D0
330
17
100
AcDbEntity
  8
ENGRAVE_AWA
100
AcDbLine
 10
24.602890129697805
 20
-13.914842068676345
 30
0.0
 11
24.22005644609249
 21
-12.722212337857318
 31
0.0
  0
LINE
  5
1D1
330
17
100
AcDbEntity
  8
ENGRAVE_AWA
100
AcDbLine
 10
24.22005644609249
 20
-12.722212337857318
 30
0.0
 11
23.763920459530553
 21
-11.555650180962344
 31
0.0
  0
LINE
  5
1D2
330
17
100
AcDbEntity
  8
ENGRAVE_AWA
100
AcDbLine
 10
23.763920459530553
 20
-11.555650180962344
 30
0.0
 11
23.23624189162183
 21
-10.419656064293553
 31
0.0
  0
LINE
  5
1D3
330
17
100
AcDbEntity
  8
ENGRAVE_AWA
100
AcDbLine
 10
23.23624189162183
 20
-10.419656064293553
 30
0.0
 11
22.639056467251795
 21
-9.31861252607344
 31
0.0
  0
LINE
  5
1D4
330
17
100
AcDbEntity
  8
ENGRAVE_AWA
100
AcDbLine
 10
22.639056467251795
 20
-9.31861252607344
 30
0.0
 11
21.97466806098265
 21
-8.256767269102621
 31
0.0
  0
LINE
  5
1D5
330
17
100
AcDbEntity
  8
ENGRAVE_AWA
100
AcDbLine
 10
21.97466806098265
 20
-8.256767269102621
 30
0.0
 11
21.24563980896301
 21
-7.238216773597626
 31
0.0
  0
LINE
  5
1D6
330
17
100
AcDbEntity
  8
ENGRAVE_AWA
100
AcDbLine
 10
21.24563980896301
 20
-7.238216773597626
 30
0.0
 11
20.454784220635357
 21
-6.266890493428482
 31
0.0
  0
LINE
  5
1D7
330
17
100
AcDbEntity
  8
ENGRAVE_AWA
100
AcDbLine
 10
20.454784220635357
 20
-6.266890493428482
 30
0.0
 11
19.605152328389266
 21
-5.346535696725272
 31
0.0
  0
LINE
  5
1D8
330
17
100
AcDbEntity
  8
ENGRAVE_AWA
100
AcDbLine
 10
19.605152328389266
 20
-5.346535696725272
 30
0.0
 11
18.70002191701971
 21
-4.480703009336846
 31
0.0
  0
LINE
  5
1D9
330
17
100
AcDbEntity
  8
ENGRAVE_AWA
100
AcDbLine
 10
18.70002191701971
 20
-4.480703009336846
 30
0.0
 11
17.74288487840003
 21
-3.6727327169135204
 31
0.0
  0
LINE
  5
1DA
330
17
100
AcDbEntity
  8
ENGRAVE_AWA
100
AcDbLine
 10
17.74288487840003
 20
-3.6727327169135204
 30
0.0
 11
16.73743374015369
 21
-2.9257418784586946
 31
0.0
  0
LINE
  5
1DB
330
17
100
AcDbEntity
  8
ENGRAVE_AWA
100
AcDbLine
 10
16.73743374015369
 20
-2.9257418784586946
 30
0.0
 11
15.687547420295811
 21
-2.242612301063918
 31
0.0
  0
LINE
  5
1DC
330
17
100
AcDbEntity
  8
ENGRAVE_AWA
100
AcDbLine
 10
15.687547420295811
 20
-2.242612301063918
 30
0.0
 11
14.597276262801344
 21
-1.6259794222195012
 31
0.0
  0
LINE
  5
1DD
330
17
100
AcDbEntity
  8
ENGRAVE_AWA
100
AcDbLine
 10
14.597276262801344
 20
-1.6259794222195012
 30
0.0
 11
13.470826411831137
 21
-1.078222142591489
 31
0.0
  0
LINE
  5
1DE
330
17
100
AcDbEntity
  8
ENGRAVE_AWA
100
AcDbLine
 10
13.470826411831137
 20
-1.078222142591489
 30
0.0
 11
12.312543584898286
 21
-0.6014536484890307
 31
0.0
  0
LINE
  5
1DF
330
17
100
AcDbEntity
  8
ENGRAVE_AWA
100
AcDbLine
 10
12.312543584898286
 20
-0.6014536484890307
 30
0.0
 11
11.126896307576105
 21
-0.19751325942796427
 31
0.0
  0
LINE
  5
1E0
330
17
100
AcDbEntity
  8
ENGRAVE_AWA
100
AcDbLine
 10
11.126896307576105
 20
-0.19751325942796427
 30
0.0
 11
9.918458674426368
 21
0.13204066775807988
 31
0.0
  0
LINE
  5
1E1
330
17
100
AcDbEntity
  8
ENGRAVE_AWA
100
AcDbLine
 10
9.918458674426368
 20
0.13204066775807988
 30
0.0
 11
8.69189270265413
 21
0.38593675088404567
 31
0.0
  0
LINE
  5
1E2
330
17
100
AcDbEntity
  8
ENGRAVE_AWA
100
AcDbLine
 10
8.69189270265413
 20
0.38593675088404567
 30
0.0
 11
7.451930346566908
 21
0.5631954872636911
 31
0.0
  0
LINE
  5
1E3
330
17
100
AcDbEntity
  8
ENGRAVE_AWA
100
AcDbLine
 10
7.451930346566908
 20
0.5631954872636911
 30
0.0
 11
6.203355242224292
 21
0.6631330325213689
 31
0.0
  0
LINE
  5
1E4
330
17
100
AcDbEntity
  8
ENGRAVE_AWA
100
AcDbLine
 10
6.203355242224292
 20
0.6631330325213689
 30
0.0
 11
4.950984252705189
 21
0.6853638387871293
 31
0.0
  0
LINE
  5
1E5
330
17
100
AcDbEntity
  8
ENGRAVE_AWA
100
AcDbLine
 10
4.950984252705189
 20
0.6853638387871293
 30
0.0
 11
3.699648885188859
 21
0.6298021420972866
 31
0.0
  0
LINE
  5
1E6
330
17
100
AcDbEntity
  8
ENGRAVE_AWA
100
AcDbLine
 10
3.699648885188859
 20
0.6298021420972866
 30
0.0
 11
2.4541766515407355
 21
0.4966622932621725
 31
0.0
  0
LINE
  5
1E7
330
17
100
AcDbEntity
  8
ENGRAVE_AWA
100
AcDbLine
 10
2.4541766515407355
 20
0.4966622932621725
 30
0.0
 11
1.2193724443116674
 21
0.2864579309247155
 31
0.0
  0
LINE
  5
1E8
330
17
100
AcDbEntity
  8
ENGRAVE_AWA
100
AcDbLine
 10
1.2193724443116674
 20
0.2864579309247155
 30
0.0
 11
-1.7763568394002505e-15
 21
0.0
 31
0.0
  0
LINE
  5
1E9
330
17
100
AcDbEntity
  8
ENGRAVE_AWA
100
AcDbLine
 10
1.7763568394002505e-15
 20
-38.958333333333336
 30
0.0
 11
-1.2193724443116674
 21
-39.244791264258055
 31
0.0
  0
LINE
  5
1EA
330
17
100
AcDbEntity
  8
ENGRAVE_AWA
100
AcDbLine
 10
-1.2193724443116674
 20
-39.244791264258055
 30
0.0
 11
-2.454176651540731
 21
-39.454995626595505
 31
0.0
  0
LINE
  5
1EB
330
17
100
AcDbEntity
  8
ENGRAVE_AWA
100
AcDbLine
 10
-2.454176651540731
 20
-39.454995626595505
 30
0.0
 11
-3.6996488851888545
 21
-39.58813547543062
 31
0.0
  0
LINE
  5
1EC
330
17
100
AcDbEntity
  8
ENGRAVE_AWA
100
AcDbLine
 10
-3.6996488851888545
 20
-39.58813547543062
 30
0.0
 11
-4.950984252705189
 21
-39.64369717212047
 31
0.0
  0
LINE
  5
1ED
330
17
100
AcDbEntity
  8
ENGRAVE_AWA
100
AcDbLine
 10
-4.950984252705189
 20
-39.64369717212047
 30
0.0
 11
-6.203355242224292
 21
-39.6214663658547
 31
0.0
  0
LINE
  5
1EE
330
17
100
AcDbEntity
  8
ENGRAVE_AWA
100
AcDbLine
 10
-6.203355242224292
 20
-39.6214663658547
 30
0.0
 11
-7.451930346566904
 21
-39.52152882059703
 31
0.0
  0
LINE
  5
1EF
330
17
100
AcDbEntity
  8
ENGRAVE_AWA
100
AcDbLine
 10
-7.451930346566904
 20
-39.52152882059703
 30
0.0
 11
-8.691892702654126
 21
-39.344270084217385
 31
0.0
  0
LINE
  5
1F0
330
17
100
AcDbEntity
  8
ENGRAVE_AWA
100
AcDbLine
 10
-8.691892702654126
 20
-39.344270084217385
 30
0.0
 11
-9.918458674426368
 21
-39.09037400109142
 31
0.0
  0
LINE
  5
1F1
330
17
100
AcDbEntity
  8
ENGRAVE_AWA
100
AcDbLine
 10
-9.918458674426368
 20
-39.09037400109142
 30
0.0
 11
-11.126896307576105
 21
-38.76082007390537
 31
0.0
  0
LINE
  5
1F2
330
17
100
AcDbEntity
  8
ENGRAVE_AWA
100
AcDbLine
 10
-11.126896307576105
 20
-38.76082007390537
 30
0.0
 11
-12.312543584898279
 21
-38.356879684844316
 31
0.0
  0
LINE
  5
1F3
330
17
100
AcDbEntity
  8
ENGRAVE_AWA
100
AcDbLine
 10
-12.312543584898279
 20
-38.356879684844316
 30
0.0
 11
-13.470826411831133
 21
-37.88011119074185
 31
0.0
  0
LINE
  5
1F4
330
17
100
AcDbEntity
  8
ENGRAVE_AWA
100
AcDbLine
 10
-13.470826411831133
 20
-37.88011119074185
 30
0.0
 11
-14.597276262801344
 21
-37.332353911113834
 31
0.0
  0
LINE
  5
1F5
330
17
100
AcDbEntity
  8
ENGRAVE_AWA
100
AcDbLine
 10
-14.597276262801344
 20
-37.332353911113834
 30
0.0
 11
-15.687547420295811
 21
-36.715721032269414
 31
0.0
  0
LINE
  5
1F6
330
17
100
AcDbEntity
  8
ENGRAVE_AWA
100
AcDbLine
 10
-15.687547420295811
 20
-36.715721032269414
 30
0.0
 11
-16.737433740153694
 21
-36.03259145487464
 31
0.0
  0
LINE
  5
1F7
330
17
100
AcDbEntity
  8
ENGRAVE_AWA
100
AcDbLine
 10
-16.737433740153694
 20
-36.03259145487464
 30
0.0
 11
-17.742884878400027
 21
-35.28560061641981
 31
0.0
  0
LINE
  5
1F8
330
17
100
AcDbEntity
  8
ENGRAVE_AWA
100
AcDbLine
 10
-17.742884878400027
 20
-35.28560061641981
 30
0.0
 11
-18.700021917019708
 21
-34.47763032399649
 31
0.0
  0
LINE
  5
1F9
330
17
100
AcDbEntity
  8
ENGRAVE_AWA
100
AcDbLine
 10
-18.700021917019708
 20
-34.47763032399649
 30
0.0
 11
-19.605152328389266
 21
-33.61179763660806
 31
0.0
  0
LINE
  5
1FA
330
17
100
AcDbEntity
  8
ENGRAVE_AWA
100
AcDbLine
 10
-19.605152328389266
 20
-33.61179763660806
 30
0.0
 11
-20.454784220635357
 21
-32.69144283990485
 31
0.0
  0
LINE
  5
1FB
330
17
100
AcDbEntity
  8
ENGRAVE_AWA
100
AcDbLine
 10
-20.454784220635357
 20
-32.69144283990485
 30
0.0
 11
-21.24563980896301
 21
-31.720116559735715
 31
0.0
  0
LINE
  5
1FC
330
17
100
AcDbEntity
  8
ENGRAVE_AWA
100
AcDbLine
 10
-21.24563980896301
 20
-31.720116559735715
 30
0.0
 11
-21.974668060982648
 21
-30.701566064230718
 31
0.0
  0
LINE
  5
1FD
330
17
100
AcDbEntity
  8
ENGRAVE_AWA
100
AcDbLine
 10
-21.974668060982648
 20
-30.701566064230718
 30
0.0
 11
-22.639056467251795
 21
-29.639720807259895
 31
0.0
  0
LINE
  5
1FE
330
17
100
AcDbEntity
  8
ENGRAVE_AWA
100
AcDbLine
 10
-22.639056467251795
 20
-29.639720807259895
 30
0.0
 11
-23.23624189162183
 21
-28.53867726903978
 31
0.0
  0
LINE
  5
1FF
330
17
100
AcDbEntity
  8
ENGRAVE_AWA
100
AcDbLine
 10
-23.23624189162183
 20
-28.53867726903978
 30
0.0
 11
-23.76392045953055
 21
-27.402683152370997
 31
0.0
  0
LINE
  5
200
330
17
100
AcDbEntity
  8
ENGRAVE_AWA
100
AcDbLine
 10
-23.76392045953055
 20
-27.402683152370997
 30
0.0
 11
-24.22005644609249
 21
-26.23612099547602
 31
0.0
  0
LINE
  5
201
330
17
100
AcDbEntity
  8
ENGRAVE_AWA
100
AcDbLine
 10
-24.22005644609249
 20
-26.23612099547602
 30
0.0
 11
-24.602890129697805
 21
-25.043491264656993
 31
0.0
  0
LINE
  5
202
330
17
100
AcDbEntity
  8
ENGRAVE_AWA
100
AcDbLine
 10
-24.602890129697805
 20
-25.043491264656993
 30
0.0
 11
-24.910944580821393
 21
-23.829394992000154
 31
0.0
  0
LINE
  5
203
330
17
100
AcDbEntity
  8
ENGRAVE_AWA
100
AcDbLine
 10
-24.910944580821393
 20
-23.829394992000154
 30
0.0
 11
-25.143031359851776
 21
-22.59851602510877
 31
0.0
  0
LINE
  5
204
330
17
100
AcDbEntity
  8
ENGRAVE_AWA
100
AcDbLine
 10
-25.143031359851776
 20
-22.59851602510877
 30
0.0
 11
-25.298255101958176
 21
-21.35560295734306
 31
0.0
  0
LINE
  5
205
330
17
100
AcDbEntity
  8
ENGRAVE_AWA
100
AcDbLine
 10
-25.298255101958176
 20
-21.35560295734306
 30
0.0
 11
-25.37601697130788
 21
-20.10545080827818
 31
0.0
  0
LINE
  5
206
330
17
100
AcDbEntity
  8
ENGRAVE_AWA
100
AcDbLine
 10
-25.37601697130788
 20
-20.10545080827818
 30
0.0
 11
-25.37601697130788
 21
-18.852882525055154
 31
0.0
  0
LINE
  5
207
330
17
100
AcDbEntity
  8
ENGRAVE_AWA
100
AcDbLine
 10
-25.37601697130788
 20
-18.852882525055154
 30
0.0
 11
-25.298255101958176
 21
-17.602730375990276
 31
0.0
  0
LINE
  5
208
330
17
100
AcDbEntity
  8
ENGRAVE_AWA
100
AcDbLine
 10
-25.298255101958176
 20
-17.602730375990276
 30
0.0
 11
-25.143031359851776
 21
-16.359817308224567
 31
0.0
  0
LINE
  5
209
330
17
100
AcDbEntity
  8
ENGRAVE_AWA
100
AcDbLine
 10
-25.143031359851776
 20
-16.359817308224567
 30
0.0
 11
-24.910944580821393
 21
-15.128938341333184
 31
0.0
  0
LINE
  5
20A
330
17
100
AcDbEntity
  8
ENGRAVE_AWA
100
AcDbLine
 10
-24.910944580821393
 20
-15.128938341333184
 30
0.0
 11
-24.602890129697805
 21
-13.914842068676345
 31
0.0
  0
LINE
  5
20B
330
17
100
AcDbEntity
  8
ENGRAVE_AWA
100
AcDbLine
 10
-24.602890129697805
 20
-13.914842068676345
 30
0.0
 11
-24.22005644609249
 21
-12.722212337857318
 31
0.0
  0
LINE
  5
20C
330
17
100
AcDbEntity
  8
ENGRAVE_AWA
100
AcDbLine
 10
-24.22005644609249
 20
-12.722212337857318
 30
0.0
 11
-23.763920459530553
 21
-11.555650180962344
 31
0.0
  0
LINE
  5
20D
330
17
100
AcDbEntity
  8
ENGRAVE_AWA
100
AcDbLine
 10
-23.763920459530553
 20
-11.555650180962344
 30
0.0
 11
-23.23624189162183
 21
-10.419656064293553
 31
0.0
  0
LINE
  5
20E
330
17
100
AcDbEntity
  8
ENGRAVE_AWA
100
AcDbLine
 10
-23.23624189162183
 20
-10.419656064293553
 30
0.0
 11
-22.639056467251795
 21
-9.31861252607344
 31
0.0
  0
LINE
  5
20F
330
17
100
AcDbEntity
  8
ENGRAVE_AWA
100
AcDbLine
 10
-22.639056467251795
 20
-9.31861252607344
 30
0.0
 11
-21.97466806098265
 21
-8.256767269102621
 31
0.0
  0
LINE
  5
210
330
17
100
AcDbEntity
  8
ENGRAVE_AWA
100
AcDbLine
 10
-21.97466806098265
 20
-8.256767269102621
 30
0.0
 11
-21.24563980896301
 21
-7.238216773597626
 31
0.0
  0
LINE
  5
211
330
17
100
AcDbEntity
  8
ENGRAVE_AWA
100
AcDbLine
 10
-21.24563980896301
 20
-7.238216773597626
 30
0.0
 11
-20.454784220635357
 21
-6.266890493428482
 31
0.0
  0
LINE
  5
212
330
17
100
AcDbEntity
  8
ENGRAVE_AWA
100
AcDbLine
 10
-20.454784220635357
 20
-6.266890493428482
 30
0.0
 11
-19.605152328389266
 21
-5.346535696725272
 31
0.0
  0
LINE
  5
213
330
17
100
AcDbEntity
  8
ENGRAVE_AWA
100
AcDbLine
 10
-19.605152328389266
 20
-5.346535696725272
 30
0.0
 11
-18.70002191701971
 21
-4.480703009336846
 31
0.0
  0
LINE
  5
214
330
17
100
AcDbEntity
  8
ENGRAVE_AWA
100
AcDbLine
 10
-18.70002191701971
 20
-4.480703009336846
 30
0.0
 11
-17.74288487840003
 21
-3.6727327169135204
 31
0.0
  0
LINE
  5
215
330
17
100
AcDbEntity
  8
ENGRAVE_AWA
100
AcDbLine
 10
-17.74288487840003
 20
-3.6727327169135204
 30
0.0
 11
-16.73743374015369
 21
-2.9257418784586946
 31
0.0
  0
LINE
  5
216
330
17
100
AcDbEntity
  8
ENGRAVE_AWA
100
AcDbLine
 10
-16.73743374015369
 20
-2.9257418784586946
 30
0.0
 11
-15.687547420295811
 21
-2.242612301063918
 31
0.0
  0
LINE
  5
217
330
17
100
AcDbEntity
  8
ENGRAVE_AWA
100
AcDbLine
 10
-15.687547420295811
 20
-2.242612301063918
 30
0.0
 11
-14.597276262801344
 21
-1.6259794222195012
 31
0.0
  0
LINE
  5
218
330
17
100
AcDbEntity
  8
ENGRAVE_AWA
100
AcDbLine
 10
-14.597276262801344
 20
-1.6259794222195012
 30
0.0
 11
-13.470826411831137
 21
-1.078222142591489
 31
0.0
  0
LINE
  5
219
330
17
100
AcDbEntity
  8
ENGRAVE_AWA
100
AcDbLine
 10
-13.470826411831137
 20
-1.078222142591489
 30
0.0
 11
-12.312543584898286
 21
-0.6014536484890307
 31
0.0
  0
LINE
  5
21A
330
17
100
AcDbEntity
  8
ENGRAVE_AWA
100
AcDbLine
 10
-12.312543584898286
 20
-0.6014536484890307
 30
0.0
 11
-11.126896307576105
 21
-0.19751325942796427
 31
0.0
  0
LINE
  5
21B
330
17
100
AcDbEntity
  8
ENGRAVE_AWA
100
AcDbLine
 10
-11.126896307576105
 20
-0.19751325942796427
 30
0.0
 11
-9.918458674426368
 21
0.13204066775807988
 31
0.0
  0
LINE
  5
21C
330
17
100
AcDbEntity
  8
ENGRAVE_AWA
100
AcDbLine
 10
-9.918458674426368
 20
0.13204066775807988
 30
0.0
 11
-8.69189270265413
 21
0.38593675088404567
 31
0.0
  0
LINE
  5
21D
330
17
100
AcDbEntity
  8
ENGRAVE_AWA
100
AcDbLine
 10
-8.69189270265413
 20
0.38593675088404567
 30
0.0
 11
-7.451930346566908
 21
0.5631954872636911
 31
0.0
  0
LINE
  5
21E
330
17
100
AcDbEntity
  8
ENGRAVE_AWA
100
AcDbLine
 10
-7.451930346566908
 20
0.5631954872636911
 30
0.0
 11
-6.203355242224292
 21
0.6631330325213689
 31
0.0
  0
LINE
  5
21F
330
17
100
AcDbEntity
  8
ENGRAVE_AWA
100
AcDbLine
 10
-6.203355242224292
 20
0.6631330325213689
 30
0.0
 11
-4.950984252705189
 21
0.6853638387871293
 31
0.0
  0
LINE
  5
220
330
17
100
AcDbEntity
  8
ENGRAVE_AWA
100
AcDbLine
 10
-4.950984252705189
 20
0.6853638387871293
 30
0.0
 11
-3.699648885188859
 21
0.6298021420972866
 31
0.0
  0
LINE
  5
221
330
17
100
AcDbEntity
  8
ENGRAVE_AWA
100
AcDbLine
 10
-3.699648885188859
 20
0.6298021420972866
 30
0.0
 11
-2.4541766515407355
 21
0.4966622932621725
 31
0.0
  0
LINE
  5
222
330
17
100
AcDbEntity
  8
ENGRAVE_AWA
100
AcDbLine
 10
-2.4541766515407355
 20
0.4966622932621725
 30
0.0
 11
-1.2193724443116674
 21
0.2864579309247155
 31
0.0
  0
LINE
  5
223
330
17
100
AcDbEntity
  8
ENGRAVE_AWA
100
AcDbLine
 10
-1.2193724443116674
 20
0.2864579309247155
 30
0.0
 11
1.7763568394002505e-15
 21
0.0
 31
0.0
  0
TEXT
  5
224
330
17
100
AcDbEntity
  8
ENGRAVE_TEXT
100
AcDbText
 10
24.72005644609249
 20
-12.322212337857318
 30
0.0
 40
2.5
  1
75°
 11
24.72005644609249
 21
-12.322212337857318
 31
0.0
100
AcDbText
 73
2
  0
TEXT
  5
225
330
17
100
AcDbEntity
  8
ENGRAVE_TEXT
100
AcDbText
 10
-24.72005644609249
 20
-12.322212337857318
 30
0.0
 40
2.5
  1
75°
 72
2
 11
-24.72005644609249
 21
-12.322212337857318
 31
0.0
100
AcDbText
 73
2
  0
LINE
  5
226
330
17
100
AcDbEntity
  8
ENGRAVE_AWA
100
AcDbLine
 10
2.3855099108391153e-15
 20
-38.958333333333336
 30
0.0
 11
1.0367236141132736
 21
-38.930725426203594
 31
0.0
  0
LINE
  5
227
330
17
100
AcDbEntity
  8
ENGRAVE_AWA
100
AcDbLine
 10
1.0367236141132736
 20
-38.930725426203594
 30
0.0
 11
2.070508522505974
 21
-38.847979962426635
 31
0.0
  0
LINE
  5
228
330
17
100
AcDbEntity
  8
ENGRAVE_AWA
100
AcDbLine
 10
2.070508522505974
 20
-38.847979962426635
 30
0.0
 11
3.098424349538176
 21
-38.71033149300953
 31
0.0
  0
LINE
  5
229
330
17
100
AcDbEntity
  8
ENGRAVE_AWA
100
AcDbLine
 10
3.098424349538176
 20
-38.71033149300953
 30
0.0
 11
4.117557356118724
 21
-38.51817019749386
 31
0.0
  0
LINE
  5
22A
330
17
100
AcDbEntity
  8
ENGRAVE_AWA
100
AcDbLine
 10
4.117557356118724
 20
-38.51817019749386
 30
0.0
 11
5.125018699015258
 21
-38.27204077794943
 31
0.0
  0
LINE
  5
22B
330
17
100
AcDbEntity
  8
ENGRAVE_AWA
100
AcDbLine
 10
5.125018699015258
 20
-38.27204077794943
 30
0.0
 11
6.117952619594211
 21
-37.97264091495701
 31
0.0
  0
LINE
  5
22C
330
17
100
AcDbEntity
  8
ENGRAVE_AWA
100
AcDbLine
 10
6.117952619594211
 20
-37.97264091495701
 30
0.0
 11
7.093544538778936
 21
-37.62081928995701
 31
0.0
  0
LINE
  5
22D
330
17
100
AcDbEntity
  8
ENGRAVE_AWA
100
AcDbLine
 10
7.093544538778936
 20
-37.62081928995701
 30
0.0
 11
8.04902903527987
 21
-37.21757317956967
 31
0.0
  0
LINE
  5
22E
330
17
100
AcDbEntity
  8
ENGRAVE_AWA
100
AcDbLine
 10
8.04902903527987
 20
-37.21757317956967
 30
0.0
 11
8.981697684481663
 21
-36.764045628706135
 31
0.0
  0
LINE
  5
22F
330
17
100
AcDbEntity
  8
ENGRAVE_AWA
100
AcDbLine
 10
8.981697684481663
 20
-36.764045628706135
 30
0.0
 11
9.88890673576699
 21
-36.26152221048352
 31
0.0
  0
LINE
  5
230
330
17
100
AcDbEntity
  8
ENGRAVE_AWA
100
AcDbLine
 10
9.88890673576699
 20
-36.26152221048352
 30
0.0
 11
10.768084606514917
 21
-35.71142738212816
 31
0.0
  0
LINE
  5
231
330
17
100
AcDbEntity
  8
ENGRAVE_AWA
100
AcDbLine
 10
10.768084606514917
 20
-35.71142738212816
 30
0.0
 11
11.616739171531227
 21
-35.1153204471969
 31
0.0
  0
LINE
  5
232
330
17
100
AcDbEntity
  8
ENGRAVE_AWA
100
AcDbLine
 10
11.616739171531227
 20
-35.1153204471969
 30
0.0
 11
12.43246482724806
 21
-34.47489113556172
 31
0.0
  0
LINE
  5
233
330
17
100
AcDbEntity
  8
ENGRAVE_AWA
100
AcDbLine
 10
12.43246482724806
 20
-34.47489113556172
 30
0.0
 11
13.212949310668566
 21
-33.79195481368683
 31
0.0
  0
LINE
  5
234
330
17
100
AcDbEntity
  8
ENGRAVE_AWA
100
AcDbLine
 10
13.212949310668566
 20
-33.79195481368683
 30
0.0
 11
13.955980253727601
 21
-33.06844733877523
 31
0.0
  0
LINE
  5
235
330
17
100
AcDbEntity
  8
ENGRAVE_AWA
100
AcDbLine
 10
13.955980253727601
 20
-33.06844733877523
 30
0.0
 11
14.659451454489366
 21
-32.306419571371066
 31
0.0
  0
LINE
  5
236
330
17
100
AcDbEntity
  8
ENGRAVE_AWA
100
AcDbLine
 10
14.659451454489366
 20
-32.306419571371066
 30
0.0
 11
15.321368847405642
 21
-31.5080315619727
 31
0.0
  0
LINE
  5
237
330
17
100
AcDbEntity
  8
ENGRAVE_AWA
100
AcDbLine
 10
15.321368847405642
 20
-31.5080315619727
 30
0.0
 11
15.939856155711212
 21
-30.6755464281348
 31
0.0
  0
LINE
  5
238
330
17
100
AcDbEntity
  8
ENGRAVE_AWA
100
AcDbLine
 10
15.939856155711212
 20
-30.6755464281348
 30
0.0
 11
16.513160209934217
 21
-29.811323939415818
 31
0.0
  0
LINE
  5
239
330
17
100
AcDbEntity
  8
ENGRAVE_AWA
100
AcDbLine
 10
16.513160209934217
 20
-29.811323939415818
 30
0.0
 11
17.039655917445497
 21
-28.91781382835475
 31
0.0
  0
LINE
  5
23A
330
17
100
AcDbEntity
  8
ENGRAVE_AWA
100
AcDbLine
 10
17.039655917445497
 20
-28.91781382835475
 30
0.0
 11
17.51785086896021
 21
-27.99754884643812
 31
0.0
  0
LINE
  5
23B
330
17
100
AcDbEntity
  8
ENGRAVE_AWA
100
AcDbLine
 10
17.51785086896021
 20
-27.99754884643812
 30
0.0
 11
17.946389568934087
 21
-27.053137584740725
 31
0.0
  0
LINE
  5
23C
330
17
100
AcDbEntity
  8
ENGRAVE_AWA
100
AcDbLine
 10
17.946389568934087
 20
-27.053137584740725
 30
0.0
 11
18.324057277862835
 21
-26.0872570795908
 31
0.0
  0
LINE
  5
23D
330
17
100
AcDbEntity
  8
ENGRAVE_AWA
100
AcDbLine
 10
18.324057277862835
 20
-26.0872570795908
 30
0.0
 11
18.649783455593234
 21
-25.102645224219707
 31
0.0
  0
LINE
  5
23E
330
17
100
AcDbEntity
  8
ENGRAVE_AWA
100
AcDbLine
 10
18.649783455593234
 20
-25.102645224219707
 30
0.0
 11
18.922644795885496
 21
-24.102093007906095
 31
0.0
  0
LINE
  5
23F
330
17
100
AcDbEntity
  8
ENGRAVE_AWA
100
AcDbLine
 10
18.922644795885496
 20
-24.102093007906095
 30
0.0
 11
19.14186784362515
 21
-23.088436604613584
 31
0.0
  0
LINE
  5
240
330
17
100
AcDbEntity
  8
ENGRAVE_AWA
100
AcDbLine
 10
19.14186784362515
 20
-23.088436604613584
 30
0.0
 11
19.30683118726556
 21
-22.0645493335475
 31
0.0
  0
LINE
  5
241
330
17
100
AcDbEntity
  8
ENGRAVE_AWA
100
AcDbLine
 10
19.30683118726556
 20
-22.0645493335475
 30
0.0
 11
19.417067220286487
 21
-21.033333514419432
 31
0.0
  0
LINE
  5
242
330
17
100
AcDbEntity
  8
ENGRAVE_AWA
100
AcDbLine
 10
19.417067220286487
 20
-21.033333514419432
 30
0.0
 11
19.47226346667559
 21
-19.997712240506655
 31
0.0
  0
LINE
  5
243
330
17
100
AcDbEntity
  8
ENGRAVE_AWA
100
AcDbLine
 10
19.47226346667559
 20
-19.997712240506655
 30
0.0
 11
19.47226346667559
 21
-18.96062109282668
 31
0.0
  0
LINE
  5
244
330
17
100
AcDbEntity
  8
ENGRAVE_AWA
100
AcDbLine
 10
19.47226346667559
 20
-18.96062109282668
 30
0.0
 11
19.417067220286487
 21
-17.924999818913903
 31
0.0
  0
LINE
  5
245
330
17
100
AcDbEntity
  8
ENGRAVE_AWA
100
AcDbLine
 10
19.417067220286487
 20
-17.924999818913903
 30
0.0
 11
19.30683118726556
 21
-16.893783999785835
 31
0.0
  0
LINE
  5
246
330
17
100
AcDbEntity
  8
ENGRAVE_AWA
100
AcDbLine
 10
19.30683118726556
 20
-16.893783999785835
 30
0.0
 11
19.14186784362515
 21
-15.869896728719755
 31
0.0
  0
LINE
  5
247
330
17
100
AcDbEntity
  8
ENGRAVE_AWA
100
AcDbLine
 10
19.14186784362515
 20
-15.869896728719755
 30
0.0
 11
18.922644795885496
 21
-14.856240325427246
 31
0.0
  0
LINE
  5
248
330
17
100
AcDbEntity
  8
ENGRAVE_AWA
100
AcDbLine
 10
18.922644795885496
 20
-14.856240325427246
 30
0.0
 11
18.649783455593234
 21
-13.855688109113636
 31
0.0
  0
LINE
  5
249
330
17
100
AcDbEntity
  8
ENGRAVE_AWA
100
AcDbLine
 10
18.649783455593234
 20
-13.855688109113636
 30
0.0
 11
18.32405727786284
 21
-12.87107625374254
 31
0.0
  0
LINE
  5
24A
330
17
100
AcDbEntity
  8
ENGRAVE_AWA
100
AcDbLine
 10
18.32405727786284
 20
-12.87107625374254
 30
0.0
 11
17.94638956893409
 21
-11.905195748592611
 31
0.0
  0
LINE
  5
24B
330
17
100
AcDbEntity
  8
ENGRAVE_AWA
100
AcDbLine
 10
17.94638956893409
 20
-11.905195748592611
 30
0.0
 11
17.51785086896021
 21
-10.960784486895212
 31
0.0
  0
LINE
  5
24C
330
17
100
AcDbEntity
  8
ENGRAVE_AWA
100
AcDbLine
 10
17.51785086896021
 20
-10.960784486895212
 30
0.0
 11
17.039655917445497
 21
-10.040519504978587
 31
0.0
  0
LINE
  5
24D
330
17
100
AcDbEntity
  8
ENGRAVE_AWA
100
AcDbLine
 10
17.039655917445497
 20
-10.040519504978587
 30
0.0
 11
16.513160209934217
 21
-9.147009393917518
 31
0.0
  0
LINE
  5
24E
330
17
100
AcDbEntity
  8
ENGRAVE_AWA
100
AcDbLine
 10
16.513160209934217
 20
-9.147009393917518
 30
0.0
 11
15.939856155711214
 21
-8.282786905198535
 31
0.0
  0
LINE
  5
24F
330
17
100
AcDbEntity
  8
ENGRAVE_AWA
100
AcDbLine
 10
15.939856155711214
 20
-8.282786905198535
 30
0.0
 11
15.321368847405644
 21
-7.450301771360639
 31
0.0
  0
LINE
  5
250
330
17
100
AcDbEntity
  8
ENGRAVE_AWA
100
AcDbLine
 10
15.321368847405644
 20
-7.450301771360639
 30
0.0
 11
14.65945145448937
 21
-6.65191376196227
 31
0.0
  0
LINE
  5
251
330
17
100
AcDbEntity
  8
ENGRAVE_AWA
100
AcDbLine
 10
14.65945145448937
 20
-6.65191376196227
 30
0.0
 11
13.955980253727601
 21
-5.889885994558112
 31
0.0
  0
LINE
  5
252
330
17
100
AcDbEntity
  8
ENGRAVE_AWA
100
AcDbLine
 10
13.955980253727601
 20
-5.889885994558112
 30
0.0
 11
13.212949310668568
 21
-5.1663785196465035
 31
0.0
  0
LINE
  5
253
330
17
100
AcDbEntity
  8
ENGRAVE_AWA
100
AcDbLine
 10
13.212949310668568
 20
-5.1663785196465035
 30
0.0
 11
12.432464827248063
 21
-4.48344219777162
 31
0.0
  0
LINE
  5
254
330
17
100
AcDbEntity
  8
ENGRAVE_AWA
100
AcDbLine
 10
12.432464827248063
 20
-4.48344219777162
 30
0.0
 11
11.616739171531231
 21
-3.8430128861364388
 31
0.0
  0
LINE
  5
255
330
17
100
AcDbEntity
  8
ENGRAVE_AWA
100
AcDbLine
 10
11.616739171531231
 20
-3.8430128861364388
 30
0.0
 11
10.768084606514918
 21
-3.2469059512051786
 31
0.0
  0
LINE
  5
256
330
17
100
AcDbEntity
  8
ENGRAVE_AWA
100
AcDbLine
 10
10.768084606514918
 20
-3.2469059512051786
 30
0.0
 11
9.888906735766994
 21
-2.696811122849823
 31
0.0
  0
LINE
  5
257
330
17
100
AcDbEntity
  8
ENGRAVE_AWA
100
AcDbLine
 10
9.888906735766994
 20
-2.696811122849823
 30
0.0
 11
8.981697684481666
 21
-2.194287704627204
 31
0.0
  0
LINE
  5
258
330
17
100
AcDbEntity
  8
ENGRAVE_AWA
100
AcDbLine
 10
8.981697684481666
 20
-2.194287704627204
 30
0.0
 11
8.049029035279874
 21
-1.7407601537636737
 31
0.0
  0
LINE
  5
259
330
17
100
AcDbEntity
  8
ENGRAVE_AWA
100
AcDbLine
 10
8.049029035279874
 20
-1.7407601537636737
 30
0.0
 11
7.093544538778939
 21
-1.337514043376327
 31
0.0
  0
LINE
  5
25A
330
17
100
AcDbEntity
  8
ENGRAVE_AWA
100
AcDbLine
 10
7.093544538778939
 20
-1.337514043376327
 30
0.0
 11
6.117952619594219
 21
-0.985692418376324
 31
0.0
  0
LINE
  5
25B
330
17
100
AcDbEntity
  8
ENGRAVE_AWA
100
AcDbLine
 10
6.117952619594219
 20
-0.985692418376324
 30
0.0
 11
5.125018699015258
 21
-0.6862925553839077
 31
0.0
  0
LINE
  5
25C
330
17
100
AcDbEntity
  8
ENGRAVE_AWA
100
AcDbLine
 10
5.125018699015258
 20
-0.6862925553839077
 30
0.0
 11
4.117557356118724
 21
-0.4401631358394731
 31
0.0
  0
LINE
  5
25D
330
17
100
AcDbEntity
  8
ENGRAVE_AWA
100
AcDbLine
 10
4.117557356118724
 20
-0.4401631358394731
 30
0.0
 11
3.098424349538176
 21
-0.24800184032380912
 31
0.0
  0
LINE
  5
25E
330
17
100
AcDbEntity
  8
ENGRAVE_AWA
100
AcDbLine
 10
3.098424349538176
 20
-0.24800184032380912
 30
0.0
 11
2.070508522505974
 21
-0.11035337090670438
 31
0.0
  0
LINE
  5
25F
330
17
100
AcDbEntity
  8
ENGRAVE_AWA
100
AcDbLine
 10
2.070508522505974
 20
-0.11035337090670438
 30
0.0
 11
1.0367236141132736
 21
-0.027607907129741704
 31
0.0
  0
LINE
  5
260
330
17
100
AcDbEntity
  8
ENGRAVE_AWA
100
AcDbLine
 10
1.0367236141132736
 20
-0.027607907129741704
 30
0.0
 11
2.3855099108391153e-15
 21
0.0
 31
0.0
  0
LINE
  5
261
330
17
100
AcDbEntity
  8
ENGRAVE_AWA
100
AcDbLine
 10
-2.3855099108391153e-15
 20
-38.958333333333336
 30
0.0
 11
-1.0367236141132736
 21
-38.930725426203594
 31
0.0
  0
LINE
  5
262
330
17
100
AcDbEntity
  8
ENGRAVE_AWA
100
AcDbLine
 10
-1.0367236141132736
 20
-38.930725426203594
 30
0.0
 11
-2.070508522505974
 21
-38.847979962426635
 31
0.0
  0
LINE
  5
263
330
17
100
AcDbEntity
  8
ENGRAVE_AWA
100
AcDbLine
 10
-2.070508522505974
 20
-38.847979962426635
 30
0.0
 11
-3.098424349538176
 21
-38.71033149300953
 31
0.0
  0
LINE
  5
264
330
17
100
AcDbEntity
  8
ENGRAVE_AWA
100
AcDbLine
 10
-3.098424349538176
 20
-38.71033149300953
 30
0.0
 11
-4.117557356118724
 21
-38.51817019749386
 31
0.0
  0
LINE
  5
265
330
17
100
AcDbEntity
  8
ENGRAVE_AWA
100
AcDbLine
 10
-4.117557356118724
 20
-38.51817019749386
 30
0.0
 11
-5.125018699015258
 21
-38.27204077794943
 31
0.0
  0
LINE
  5
266
330
17
100
AcDbEntity
  8
ENGRAVE_AWA
100
AcDbLine
 10
-5.125018699015258
 20
-38.27204077794943
 30
0.0
 11
-6.117952619594211
 21
-37.97264091495701
 31
0.0
  0
LINE
  5
267
330
17
100
AcDbEntity
  8
ENGRAVE_AWA
100
AcDbLine
 10
-6.117952619594211
 20
-37.97264091495701
 30
0.0
 11
-7.093544538778936
 21
-37.62081928995701
 31
0.0
  0
LINE
  5
268
330
17
100
AcDbEntity
  8
ENGRAVE_AWA
100
AcDbLine
 10
-7.093544538778936
 20
-37.62081928995701
 30
0.0
 11
-8.04902903527987
 21
-37.21757317956967
 31
0.0
  0
LINE
  5
269
330
17
100
AcDbEntity
  8
ENGRAVE_AWA
100
AcDbLine
 10
-8.04902903527987
 20
-37.21757317956967
 30
0.0
 11
-8.981697684481663
 21
-36.764045628706135
 31
0.0
  0
LINE
  5
26A
330
17
100
AcDbEntity
  8
ENGRAVE_AWA
100
AcDbLine
 10
-8.981697684481663
 20
-36.764045628706135
 30
0.0
 11
-9.88890673576699
 21
-36.26152221048352
 31
0.0
  0
LINE
  5
26B
330
17
100
AcDbEntity
  8
ENGRAVE_AWA
100
AcDbLine
 10
-9.88890673576699
 20
-36.26152221048352
 30
0.0
 11
-10.768084606514917
 21
-35.71142738212816
 31
0.0
  0
LINE
  5
26C
330
17
100
AcDbEntity
  8
ENGRAVE_AWA
100
AcDbLine
 10
-10.768084606514917
 20
-35.71142738212816
 30
0.0
 11
-11.616739171531227
 21
-35.1153204471969
 31
0.0
  0
LINE
  5
26D
330
17
100
AcDbEntity
  8
ENGRAVE_AWA
100
AcDbLine
 10
-11.616739171531227
 20
-35.1153204471969
 30
0.0
 11
-12.43246482724806
 21
-34.47489113556172
 31
0.0
  0
LINE
  5
26E
330
17
100
AcDbEntity
  8
ENGRAVE_AWA
100
AcDbLine
 10
-12.43246482724806
 20
-34.47489113556172
 30
0.0
 11
-13.212949310668566
 21
-33.79195481368683
 31
0.0
  0
LINE
  5
26F
330
17
100
AcDbEntity
  8
ENGRAVE_AWA
100
AcDbLine
 10
-13.212949310668566
 20
-33.79195481368683
 30
0.0
 11
-13.955980253727601
 21
-33.06844733877523
 31
0.0
  0
LINE
  5
270
330
17
100
AcDbEntity
  8
ENGRAVE_AWA
100
AcDbLine
 10
-13.955980253727601
 20
-33.06844733877523
 30
0.0
 11
-14.659451454489366
 21
-32.306419571371066
 31
0.0
  0
LINE
  5
271
330
17
100
AcDbEntity
  8
ENGRAVE_AWA
100
AcDbLine
 10
-14.659451454489366
 20
-32.306419571371066
 30
0.0
 11
-15.321368847405642
 21
-31.5080315619727
 31
0.0
  0
LINE
  5
272
330
17
100
AcDbEntity
  8
ENGRAVE_AWA
100
AcDbLine
 10
-15.321368847405642
 20
-31.5080315619727
 30
0.0
 11
-15.939856155711212
 21
-30.6755464281348
 31
0.0
  0
LINE
  5
273
330
17
100
AcDbEntity
  8
ENGRAVE_AWA
100
AcDbLine
 10
-15.939856155711212
 20
-30.6755464281348
 30
0.0
 11
-16.513160209934217
 21
-29.811323939415818
 31
0.0
  0
LINE
  5
274
330
17
100
AcDbEntity
  8
ENGRAVE_AWA
100
AcDbLine
 10
-16.513160209934217
 20
-29.811323939415818
 30
0.0
 11
-17.039655917445497
 21
-28.91781382835475
 31
0.0
  0
LINE
  5
275
330
17
100
AcDbEntity
  8
ENGRAVE_AWA
100
AcDbLine
 10
-17.039655917445497
 20
-28.91781382835475
 30
0.0
 11
-17.51785086896021
 21
-27.99754884643812
 31
0.0
  0
LINE
  5
276
330
17
100
AcDbEntity
  8
ENGRAVE_AWA
100
AcDbLine
 10
-17.51785086896021
 20
-27.99754884643812
 30
0.0
 11
-17.946389568934087
 21
-27.053137584740725
 31
0.0
  0
LINE
  5
277
330
17
100
AcDbEntity
  8
ENGRAVE_AWA
100
AcDbLine
 10
-17.946389568934087
 20
-27.053137584740725
 30
0.0
 11
-18.324057277862835
 21
-26.0872570795908
 31
0.0
  0
LINE
  5
278
330
17
100
AcDbEntity
  8
ENGRAVE_AWA
100
AcDbLine
 10
-18.324057277862835
 20
-26.0872570795908
 30
0.0
 11
-18.649783455593234
 21
-25.102645224219707
 31
0.0
  0
LINE
  5
279
330
17
100
AcDbEntity
  8
ENGRAVE_AWA
100
AcDbLine
 10
-18.649783455593234
 20
-25.102645224219707
 30
0.0
 11
-18.922644795885496
 21
-24.102093007906095
 31
0.0
  0
LINE
  5
27A
330
17
100
AcDbEntity
  8
ENGRAVE_AWA
100
AcDbLine
 10
-18.922644795885496
 20
-24.102093007906095
 30
0.0
 11
-19.14186784362515
 21
-23.088436604613584
 31
0.0
  0
LINE
  5
27B
330
17
100
AcDbEntity
  8
ENGRAVE_AWA
100
AcDbLine
 10
-19.14186784362515
 20
-23.088436604613584
 30
0.0
 11
-19.30683118726556
 21
-22.0645493335475
 31
0.0
  0
LINE
  5
27C
330
17
100
AcDbEntity
  8
ENGRAVE_AWA
100
AcDbLine
 10
-19.30683118726556
 20
-22.0645493335475
 30
0.0
 11
-19.417067220286487
 21
-21.033333514419432
 31
0.0
  0
LINE
  5
27D
330
17
100
AcDbEntity
  8
ENGRAVE_AWA
100
AcDbLine
 10
-19.417067220286487
 20
-21.033333514419432
 30
0.0
 11
-19.47226346667559
 21
-19.997712240506655
 31
0.0
  0
LINE
  5
27E
330
17
100
AcDbEntity
  8
ENGRAVE_AWA
100
AcDbLine
 10
-19.47226346667559
 20
-19.997712240506655
 30
0.0
 11
-19.47226346667559
 21
-18.96062109282668
 31
0.0
  0
LINE
  5
27F
330
17
100
AcDbEntity
  8
ENGRAVE_AWA
100
AcDbLine
 10
-19.47226346667559
 20
-18.96062109282668
 30
0.0
 11
-19.417067220286487
 21
-17.924999818913903
 31
0.0
  0
LINE
  5
280
330
17
100
AcDbEntity
  8
ENGRAVE_AWA
100
AcDbLine
 10
-19.417067220286487
 20
-17.924999818913903
 30
0.0
 11
-19.30683118726556
 21
-16.893783999785835
 31
0.0
  0
LINE
  5
281
330
17
100
AcDbEntity
  8
ENGRAVE_AWA
100
AcDbLine
 10
-19.30683118726556
 20
-16.893783999785835
 30
0.0
 11
-19.14186784362515
 21
-15.869896728719755
 31
0.0
  0
LINE
  5
282
330
17
100
AcDbEntity
  8
ENGRAVE_AWA
100
AcDbLine
 10
-19.14186784362515
 20
-15.869896728719755
 30
0.0
 11
-18.922644795885496
 21
-14.856240325427246
 31
0.0
  0
LINE
  5
283
330
17
100
AcDbEntity
  8
ENGRAVE_AWA
100
AcDbLine
 10
-18.922644795885496
 20
-14.856240325427246
 30
0.0
 11
-18.649783455593234
 21
-13.855688109113636
 31
0.0
  0
LINE
  5
284
330
17
100
AcDbEntity
  8
ENGRAVE_AWA
100
AcDbLine
 10
-18.649783455593234
 20
-13.855688109113636
 30
0.0
 11
-18.32405727786284
 21
-12.87107625374254
 31
0.0
  0
LINE
  5
285
330
17
100
AcDbEntity
  8
ENGRAVE_AWA
100
AcDbLine
 10
-18.32405727786284
 20
-12.87107625374254
 30
0.0
 11
-17.94638956893409
 21
-11.905195748592611
 31
0.0
  0
LINE
  5
286
330
17
100
AcDbEntity
  8
ENGRAVE_AWA
100
AcDbLine
 10
-17.94638956893409
 20
-11.905195748592611
 30
0.0
 11
-17.51785086896021
 21
-10.960784486895212
 31
0.0
  0
LINE
  5
287
330
17
100
AcDbEntity
  8
ENGRAVE_AWA
100
AcDbLine
 10
-17.51785086896021
 20
-10.960784486895212
 30
0.0
 11
-17.039655917445497
 21
-10.040519504978587
 31
0.0
  0
LINE
  5
288
330
17
100
AcDbEntity
  8
ENGRAVE_AWA
100
AcDbLine
 10
-17.039655917445497
 20
-10.040519504978587
 30
0.0
 11
-16.513160209934217
 21
-9.147009393917518
 31
0.0
  0
LINE
  5
289
330
17
100
AcDbEntity
  8
ENGRAVE_AWA
100
AcDbLine
 10
-16.513160209934217
 20
-9.147009393917518
 30
0.0
 11
-15.939856155711214
 21
-8.282786905198535
 31
0.0
  0
LINE
  5
28A
330
17
100
AcDbEntity
  8
ENGRAVE_AWA
100
AcDbLine
 10
-15.939856155711214
 20
-8.282786905198535
 30
0.0
 11
-15.321368847405644
 21
-7.450301771360639
 31
0.0
  0
LINE
  5
28B
330
17
100
AcDbEntity
  8
ENGRAVE_AWA
100
AcDbLine
 10
-15.321368847405644
 20
-7.450301771360639
 30
0.0
 11
-14.65945145448937
 21
-6.65191376196227
 31
0.0
  0
LINE
  5
28C
330
17
100
AcDbEntity
  8
ENGRAVE_AWA
100
AcDbLine
 10
-14.65945145448937
 20
-6.65191376196227
 30
0.0
 11
-13.955980253727601
 21
-5.889885994558112
 31
0.0
  0
LINE
  5
28D
330
17
100
AcDbEntity
  8
ENGRAVE_AWA
100
AcDbLine
 10
-13.955980253727601
 20
-5.889885994558112
 30
0.0
 11
-13.212949310668568
 21
-5.1663785196465035
 31
0.0
  0
LINE
  5
28E
330
17
100
AcDbEntity
  8
ENGRAVE_AWA
100
AcDbLine
 10
-13.212949310668568
 20
-5.1663785196465035
 30
0.0
 11
-12.432464827248063
 21
-4.48344219777162
 31
0.0
  0
LINE
  5
28F
330
17
100
AcDbEntity
  8
ENGRAVE_AWA
100
AcDbLine
 10
-12.432464827248063
 20
-4.48344219777162
 30
0.0
 11
-11.616739171531231
 21
-3.8430128861364388
 31
0.0
  0
LINE
  5
290
330
17
100
AcDbEntity
  8
ENGRAVE_AWA
100
AcDbLine
 10
-11.616739171531231
 20
-3.8430128861364388
 30
0.0
 11
-10.768084606514918
 21
-3.2469059512051786
 31
0.0
  0
LINE
  5
291
330
17
100
AcDbEntity
  8
ENGRAVE_AWA
100
AcDbLine
 10
-10.768084606514918
 20
-3.2469059512051786
 30
0.0
 11
-9.888906735766994
 21
-2.696811122849823
 31
0.0
  0
LINE
  5
292
330
17
100
AcDbEntity
  8
ENGRAVE_AWA
100
AcDbLine
 10
-9.888906735766994
 20
-2.696811122849823
 30
0.0
 11
-8.981697684481666
 21
-2.194287704627204
 31
0.0
  0
LINE
  5
293
330
17
100
AcDbEntity
  8
ENGRAVE_AWA
100
AcDbLine
 10
-8.981697684481666
 20
-2.194287704627204
 30
0.0
 11
-8.049029035279874
 21
-1.7407601537636737
 31
0.0
  0
LINE
  5
294
330
17
100
AcDbEntity
  8
ENGRAVE_AWA
100
AcDbLine
 10
-8.049029035279874
 20
-1.7407601537636737
 30
0.0
 11
-7.093544538778939
 21
-1.337514043376327
 31
0.0
  0
LINE
  5
295
330
17
100
AcDbEntity
  8
ENGRAVE_AWA
100
AcDbLine
 10
-7.093544538778939
 20
-1.337514043376327
 30
0.0
 11
-6.117952619594219
 21
-0.985692418376324
 31
0.0
  0
LINE
  5
296
330
17
100
AcDbEntity
  8
ENGRAVE_AWA
100
AcDbLine
 10
-6.117952619594219
 20
-0.985692418376324
 30
0.0
 11
-5.125018699015258
 21
-0.6862925553839077
 31
0.0
  0
LINE
  5
297
330
17
100
AcDbEntity
  8
ENGRAVE_AWA
100
AcDbLine
 10
-5.125018699015258
 20
-0.6862925553839077
 30
0.0
 11
-4.117557356118724
 21
-0.4401631358394731
 31
0.0
  0
LINE
  5
298
330
17
100
AcDbEntity
  8
ENGRAVE_AWA
100
AcDbLine
 10
-4.117557356118724
 20
-0.4401631358394731
 30
0.0
 11
-3.098424349538176
 21
-0.24800184032380912
 31
0.0
  0
LINE
  5
299
330
17
100
AcDbEntity
  8
ENGRAVE_AWA
100
AcDbLine
 10
-3.098424349538176
 20
-0.24800184032380912
 30
0.0
 11
-2.070508522505974
 21
-0.11035337090670438
 31
0.0
  0
LINE
  5
29A
330
17
100
AcDbEntity
  8
ENGRAVE_AWA
100
AcDbLine
 10
-2.070508522505974
 20
-0.11035337090670438
 30
0.0
 11
-1.0367236141132736
 21
-0.027607907129741704
 31
0.0
  0
LINE
  5
29B
330
17
100
AcDbEntity
  8
ENGRAVE_AWA
100
AcDbLine
 10
-1.0367236141132736
 20
-0.027607907129741704
 30
0.0
 11
-2.3855099108391153e-15
 21
0.0
 31
0.0
  0
TEXT
  5
29C
330
17
100
AcDbEntity
  8
ENGRAVE_TEXT
100
AcDbText
 10
15.821368847405644
 20
-7.050301771360639
 30
0.0
 40
2.5
  1
90°
 11
15.821368847405644
 21
-7.050301771360639
 31
0.0
100
AcDbText
 73
2
  0
TEXT
  5
29D
330
17
100
AcDbEntity
  8
ENGRAVE_TEXT
100
AcDbText
 10
-15.821368847405644
 20
-7.050301771360639
 30
0.0
 40
2.5
  1
90°
 72
2
 11
-15.821368847405644
 21
-7.050301771360639
 31
0.0
100
AcDbText
 73
2
  0
LINE
  5
29E
330
17
100
AcDbEntity
  8
ENGRAVE_AWA
100
AcDbLine
 10
1.7763568394002505e-15
 20
-38.95833333333333
 30
0.0
 11
0.8004118940330134
 21
-38.64809191918705
 31
0.0
  0
LINE
  5
29F
330
17
100
AcDbEntity
  8
ENGRAVE_AWA
100
AcDbLine
 10
0.8004118940330134
 20
-38.64809191918705
 30
0.0
 11
1.587292616413876
 21
-38.30497726793129
 31
0.0
  0
LINE
  5
2A0
330
17
100
AcDbEntity
  8
ENGRAVE_AWA
100
AcDbLine
 10
1.587292616413876
 20
-38.30497726793129
 30
0.0
 11
2.3592927270345605
 21
-37.92957779488605
 31
0.0
  0
LINE
  5
2A1
330
17
100
AcDbEntity
  8
ENGRAVE_AWA
100
AcDbLine
 10
2.3592927270345605
 20
-37.92957779488605
 30
0.0
 11
3.115088304895284
 21
-37.52253728136539
 31
0.0
  0
LINE
  5
2A2
330
17
100
AcDbEntity
  8
ENGRAVE_AWA
100
AcDbLine
 10
3.115088304895284
 20
-37.52253728136539
 30
0.0
 11
3.85338321852754
 21
-37.08455377064182
 31
0.0
  0
LINE
  5
2A3
330
17
100
AcDbEntity
  8
ENGRAVE_AWA
100
AcDbLine
 10
3.85338321852754
 20
-37.08455377064182
 30
0.0
 11
4.572911348760176
 21
-36.61637837085567
 31
0.0
  0
LINE
  5
2A4
330
17
100
AcDbEntity
  8
ENGRAVE_AWA
100
AcDbLine
 10
4.572911348760176
 20
-36.61637837085567
 30
0.0
 11
5.272438760016708
 21
-36.11881396692213
 31
0.0
  0
LINE
  5
2A5
330
17
100
AcDbEntity
  8
ENGRAVE_AWA
100
AcDbLine
 10
5.272438760016708
 20
-36.11881396692213
 30
0.0
 11
5.950765816420217
 21
-35.592713843645264
 31
0.0
  0
LINE
  5
2A6
330
17
100
AcDbEntity
  8
ENGRAVE_AWA
100
AcDbLine
 10
5.950765816420217
 20
-35.592713843645264
 30
0.0
 11
6.606729239076916
 21
-35.0389802223999
 31
0.0
  0
LINE
  5
2A7
330
17
100
AcDbEntity
  8
ENGRAVE_AWA
100
AcDbLine
 10
6.606729239076916
 20
-35.0389802223999
 30
0.0
 11
7.239204101010246
 21
-34.45856271389123
 31
0.0
  0
LINE
  5
2A8
330
17
100
AcDbEntity
  8
ENGRAVE_AWA
100
AcDbLine
 10
7.239204101010246
 20
-34.45856271389123
 30
0.0
 11
7.847105756324408
 21
-33.85245668964523
 31
0.0
  0
LINE
  5
2A9
330
17
100
AcDbEntity
  8
ENGRAVE_AWA
100
AcDbLine
 10
7.847105756324408
 20
-33.85245668964523
 30
0.0
 11
8.429391700288896
 21
-33.221701575022784
 31
0.0
  0
LINE
  5
2AA
330
17
100
AcDbEntity
  8
ENGRAVE_AWA
100
AcDbLine
 10
8.429391700288896
 20
-33.221701575022784
 30
0.0
 11
8.985063357154194
 21
-32.56737906668491
 31
0.0
  0
LINE
  5
2AB
330
17
100
AcDbEntity
  8
ENGRAVE_AWA
100
AcDbLine
 10
8.985063357154194
 20
-32.56737906668491
 30
0.0
 11
9.51316779263262
 21
-31.890611277565913
 31
0.0
  0
LINE
  5
2AC
330
17
100
AcDbEntity
  8
ENGRAVE_AWA
100
AcDbLine
 10
9.51316779263262
 20
-31.890611277565913
 30
0.0
 11
10.012799348107569
 21
-31.192558812535758
 31
0.0
  0
LINE
  5
2AD
330
17
100
AcDbEntity
  8
ENGRAVE_AWA
100
AcDbLine
 10
10.012799348107569
 20
-31.192558812535758
 30
0.0
 11
10.483101193768592
 21
-30.47441877805165
 31
0.0
  0
LINE
  5
2AE
330
17
100
AcDbEntity
  8
ENGRAVE_AWA
100
AcDbLine
 10
10.483101193768592
 20
-30.47441877805165
 30
0.0
 11
10.923266798008845
 21
-29.73742272921231
 31
0.0
  0
LINE
  5
2AF
330
17
100
AcDbEntity
  8
ENGRAVE_AWA
100
AcDbLine
 10
10.923266798008845
 20
-29.73742272921231
 30
0.0
 11
11.33254131056495
 21
-28.982834557735337
 31
0.0
  0
LINE
  5
2B0
330
17
100
AcDbEntity
  8
ENGRAVE_AWA
100
AcDbLine
 10
11.33254131056495
 20
-28.982834557735337
 30
0.0
 11
11.71022285702731
 21
-28.211948324479877
 31
0.0
  0
LINE
  5
2B1
330
17
100
AcDbEntity
  8
ENGRAVE_AWA
100
AcDbLine
 10
11.71022285702731
 20
-28.211948324479877
 30
0.0
 11
12.05566374250092
 21
-27.426086040231418
 31
0.0
  0
LINE
  5
2B2
330
17
100
AcDbEntity
  8
ENGRAVE_AWA
100
AcDbLine
 10
12.05566374250092
 20
-27.426086040231418
 30
0.0
 11
12.368271562352463
 21
-26.626595398554695
 31
0.0
  0
LINE
  5
2B3
330
17
100
AcDbEntity
  8
ENGRAVE_AWA
100
AcDbLine
 10
12.368271562352463
 20
-26.626595398554695
 30
0.0
 11
12.647510218138807
 21
-25.814847464602515
 31
0.0
  0
LINE
  5
2B4
330
17
100
AcDbEntity
  8
ENGRAVE_AWA
100
AcDbLine
 10
12.647510218138807
 20
-25.814847464602515
 30
0.0
 11
12.892900836974759
 21
-24.992234323844173
 31
0.0
  0
LINE
  5
2B5
330
17
100
AcDbEntity
  8
ENGRAVE_AWA
100
AcDbLine
 10
12.892900836974759
 20
-24.992234323844173
 30
0.0
 11
13.104022592763327
 21
-24.160166694745588
 31
0.0
  0
LINE
  5
2B6
330
17
100
AcDbEntity
  8
ENGRAVE_AWA
100
AcDbLine
 10
13.104022592763327
 20
-24.160166694745588
 30
0.0
 11
13.280513427880235
 21
-23.320071509495286
 31
0.0
  0
LINE
  5
2B7
330
17
100
AcDbEntity
  8
ENGRAVE_AWA
100
AcDbLine
 10
13.280513427880235
 20
-23.320071509495286
 30
0.0
 11
13.422070674074957
 21
-22.47338946692514
 31
0.0
  0
LINE
  5
2B8
330
17
100
AcDbEntity
  8
ENGRAVE_AWA
100
AcDbLine
 10
13.422070674074957
 20
-22.47338946692514
 30
0.0
 11
13.528451571523602
 21
-21.621572561822276
 31
0.0
  0
LINE
  5
2B9
330
17
100
AcDbEntity
  8
ENGRAVE_AWA
100
AcDbLine
 10
13.528451571523602
 20
-21.621572561822276
 30
0.0
 11
13.59947368514335
 21
-20.766081594869394
 31
0.0
  0
LINE
  5
2BA
330
17
100
AcDbEntity
  8
ENGRAVE_AWA
100
AcDbLine
 10
13.59947368514335
 20
-20.766081594869394
 30
0.0
 11
13.635015217454681
 21
-19.908383667483562
 31
0.0
  0
LINE
  5
2BB
330
17
100
AcDbEntity
  8
ENGRAVE_AWA
100
AcDbLine
 10
13.635015217454681
 20
-19.908383667483562
 30
0.0
 11
13.635015217454681
 21
-19.049949665849773
 31
0.0
  0
LINE
  5
2BC
330
17
100
AcDbEntity
  8
ENGRAVE_AWA
100
AcDbLine
 10
13.635015217454681
 20
-19.049949665849773
 30
0.0
 11
13.59947368514335
 21
-18.19225173846394
 31
0.0
  0
LINE
  5
2BD
330
17
100
AcDbEntity
  8
ENGRAVE_AWA
100
AcDbLine
 10
13.59947368514335
 20
-18.19225173846394
 30
0.0
 11
13.528451571523602
 21
-17.33676077151106
 31
0.0
  0
LINE
  5
2BE
330
17
100
AcDbEntity
  8
ENGRAVE_AWA
100
AcDbLine
 10
13.528451571523602
 20
-17.33676077151106
 30
0.0
 11
13.422070674074957
 21
-16.484943866408194
 31
0.0
  0
LINE
  5
2BF
330
17
100
AcDbEntity
  8
ENGRAVE_AWA
100
AcDbLine
 10
13.422070674074957
 20
-16.484943866408194
 30
0.0
 11
13.280513427880235
 21
-15.638261823838048
 31
0.0
  0
LINE
  5
2C0
330
17
100
AcDbEntity
  8
ENGRAVE_AWA
100
AcDbLine
 10
13.280513427880235
 20
-15.638261823838048
 30
0.0
 11
13.104022592763327
 21
-14.798166638587748
 31
0.0
  0
LINE
  5
2C1
330
17
100
AcDbEntity
  8
ENGRAVE_AWA
100
AcDbLine
 10
13.104022592763327
 20
-14.798166638587748
 30
0.0
 11
12.892900836974759
 21
-13.966099009489163
 31
0.0
  0
LINE
  5
2C2
330
17
100
AcDbEntity
  8
ENGRAVE_AWA
100
AcDbLine
 10
12.892900836974759
 20
-13.966099009489163
 30
0.0
 11
12.647510218138807
 21
-13.14348586873082
 31
0.0
  0
LINE
  5
2C3
330
17
100
AcDbEntity
  8
ENGRAVE_AWA
100
AcDbLine
 10
12.647510218138807
 20
-13.14348586873082
 30
0.0
 11
12.368271562352463
 21
-12.33173793477864
 31
0.0
  0
LINE
  5
2C4
330
17
100
AcDbEntity
  8
ENGRAVE_AWA
100
AcDbLine
 10
12.368271562352463
 20
-12.33173793477864
 30
0.0
 11
12.055663742500924
 21
-11.532247293101918
 31
0.0
  0
LINE
  5
2C5
330
17
100
AcDbEntity
  8
ENGRAVE_AWA
100
AcDbLine
 10
12.055663742500924
 20
-11.532247293101918
 30
0.0
 11
11.71022285702731
 21
-10.74638500885346
 31
0.0
  0
LINE
  5
2C6
330
17
100
AcDbEntity
  8
ENGRAVE_AWA
100
AcDbLine
 10
11.71022285702731
 20
-10.74638500885346
 30
0.0
 11
11.33254131056495
 21
-9.975498775597998
 31
0.0
  0
LINE
  5
2C7
330
17
100
AcDbEntity
  8
ENGRAVE_AWA
100
AcDbLine
 10
11.33254131056495
 20
-9.975498775597998
 30
0.0
 11
10.923266798008845
 21
-9.220910604121029
 31
0.0
  0
LINE
  5
2C8
330
17
100
AcDbEntity
  8
ENGRAVE_AWA
100
AcDbLine
 10
10.923266798008845
 20
-9.220910604121029
 30
0.0
 11
10.483101193768592
 21
-8.483914555281684
 31
0.0
  0
LINE
  5
2C9
330
17
100
AcDbEntity
  8
ENGRAVE_AWA
100
AcDbLine
 10
10.483101193768592
 20
-8.483914555281684
 30
0.0
 11
10.012799348107569
 21
-7.765774520797578
 31
0.0
  0
LINE
  5
2CA
330
17
100
AcDbEntity
  8
ENGRAVE_AWA
100
AcDbLine
 10
10.012799348107569
 20
-7.765774520797578
 30
0.0
 11
9.51316779263262
 21
-7.0677220557674225
 31
0.0
  0
LINE
  5
2CB
330
17
100
AcDbEntity
  8
ENGRAVE_AWA
100
AcDbLine
 10
9.51316779263262
 20
-7.0677220557674225
 30
0.0
 11
8.985063357154194
 21
-6.39095426664843
 31
0.0
  0
LINE
  5
2CC
330
17
100
AcDbEntity
  8
ENGRAVE_AWA
100
AcDbLine
 10
8.985063357154194
 20
-6.39095426664843
 30
0.0
 11
8.429391700288898
 21
-5.736631758310557
 31
0.0
  0
LINE
  5
2CD
330
17
100
AcDbEntity
  8
ENGRAVE_AWA
100
AcDbLine
 10
8.429391700288898
 20
-5.736631758310557
 30
0.0
 11
7.847105756324408
 21
-5.105876643688106
 31
0.0
  0
LINE
  5
2CE
330
17
100
AcDbEntity
  8
ENGRAVE_AWA
100
AcDbLine
 10
7.847105756324408
 20
-5.105876643688106
 30
0.0
 11
7.239204101010246
 21
-4.499770619442101
 31
0.0
  0
LINE
  5
2CF
330
17
100
AcDbEntity
  8
ENGRAVE_AWA
100
AcDbLine
 10
7.239204101010246
 20
-4.499770619442101
 30
0.0
 11
6.606729239076914
 21
-3.919353110933434
 31
0.0
  0
LINE
  5
2D0
330
17
100
AcDbEntity
  8
ENGRAVE_AWA
100
AcDbLine
 10
6.606729239076914
 20
-3.919353110933434
 30
0.0
 11
5.950765816420219
 21
-3.3656194896880756
 31
0.0
  0
LINE
  5
2D1
330
17
100
AcDbEntity
  8
ENGRAVE_AWA
100
AcDbLine
 10
5.950765816420219
 20
-3.3656194896880756
 30
0.0
 11
5.272438760016708
 21
-2.8395193664111993
 31
0.0
  0
LINE
  5
2D2
330
17
100
AcDbEntity
  8
ENGRAVE_AWA
100
AcDbLine
 10
5.272438760016708
 20
-2.8395193664111993
 30
0.0
 11
4.572911348760176
 21
-2.341954962477665
 31
0.0
  0
LINE
  5
2D3
330
17
100
AcDbEntity
  8
ENGRAVE_AWA
100
AcDbLine
 10
4.572911348760176
 20
-2.341954962477665
 30
0.0
 11
3.85338321852754
 21
-1.8737795626915137
 31
0.0
  0
LINE
  5
2D4
330
17
100
AcDbEntity
  8
ENGRAVE_AWA
100
AcDbLine
 10
3.85338321852754
 20
-1.8737795626915137
 30
0.0
 11
3.115088304895284
 21
-1.4357960519679516
 31
0.0
  0
LINE
  5
2D5
330
17
100
AcDbEntity
  8
ENGRAVE_AWA
100
AcDbLine
 10
3.115088304895284
 20
-1.4357960519679516
 30
0.0
 11
2.3592927270345587
 21
-1.0287555384472853
 31
0.0
  0
LINE
  5
2D6
330
17
100
AcDbEntity
  8
ENGRAVE_AWA
100
AcDbLine
 10
2.3592927270345587
 20
-1.0287555384472853
 30
0.0
 11
1.5872926164138814
 21
-0.6533560654020434
 31
0.0
  0
LINE
  5
2D7
330
17
100
AcDbEntity
  8
ENGRAVE_AWA
100
AcDbLine
 10
1.5872926164138814
 20
-0.6533560654020434
 30
0.0
 11
0.8004118940330134
 21
-0.31024141414628303
 31
0.0
  0
LINE
  5
2D8
330
17
100
AcDbEntity
  8
ENGRAVE_AWA
100
AcDbLine
 10
0.8004118940330134
 20
-0.31024141414628303
 30
0.0
 11
1.7763568394002505e-15
 21
-3.552713678800501e-15
 31
0.0
  0
LINE
  5
2D9
330
17
100
AcDbEntity
  8
ENGRAVE_AWA
100
AcDbLine
 10
-1.7763568394002505e-15
 20
-38.95833333333333
 30
0.0
 11
-0.8004118940330134
 21
-38.64809191918705
 31
0.0
  0
LINE
  5
2DA
330
17
100
AcDbEntity
  8
ENGRAVE_AWA
100
AcDbLine
 10
-0.8004118940330134
 20
-38.64809191918705
 30
0.0
 11
-1.587292616413876
 21
-38.30497726793129
 31
0.0
  0
LINE
  5
2DB
330
17
100
AcDbEntity
  8
ENGRAVE_AWA
100
AcDbLine
 10
-1.587292616413876
 20
-38.30497726793129
 30
0.0
 11
-2.3592927270345605
 21
-37.92957779488605
 31
0.0
  0
LINE
  5
2DC
330
17
100
AcDbEntity
  8
ENGRAVE_AWA
100
AcDbLine
 10
-2.3592927270345605
 20
-37.92957779488605
 30
0.0
 11
-3.115088304895284
 21
-37.52253728136539
 31
0.0
  0
LINE
  5
2DD
330
17
100
AcDbEntity
  8
ENGRAVE_AWA
100
AcDbLine
 10
-3.115088304895284
 20
-37.52253728136539
 30
0.0
 11
-3.85338321852754
 21
-37.08455377064182
 31
0.0
  0
LINE
  5
2DE
330
17
100
AcDbEntity
  8
ENGRAVE_AWA
100
AcDbLine
 10
-3.85338321852754
 20
-37.08455377064182
 30
0.0
 11
-4.572911348760176
 21
-36.61637837085567
 31
0.0
  0
LINE
  5
2DF
330
17
100
AcDbEntity
  8
ENGRAVE_AWA
100
AcDbLine
 10
-4.572911348760176
 20
-36.61637837085567
 30
0.0
 11
-5.272438760016708
 21
-36.11881396692213
 31
0.0
  0
LINE
  5
2E0
330
17
100
AcDbEntity
  8
ENGRAVE_AWA
100
AcDbLine
 10
-5.272438760016708
 20
-36.11881396692213
 30
0.0
 11
-5.950765816420217
 21
-35.592713843645264
 31
0.0
  0
LINE
  5
2E1
330
17
100
AcDbEntity
  8
ENGRAVE_AWA
100
AcDbLine
 10
-5.950765816420217
 20
-35.592713843645264
 30
0.0
 11
-6.606729239076916
 21
-35.0389802223999
 31
0.0
  0
LINE
  5
2E2
330
17
100
AcDbEntity
  8
ENGRAVE_AWA
100
AcDbLine
 10
-6.606729239076916
 20
-35.0389802223999
 30
0.0
 11
-7.239204101010246
 21
-34.45856271389123
 31
0.0
  0
LINE
  5
2E3
330
17
100
AcDbEntity
  8
ENGRAVE_AWA
100
AcDbLine
 10
-7.239204101010246
 20
-34.45856271389123
 30
0.0
 11
-7.847105756324408
 21
-33.85245668964523
 31
0.0
  0
LINE
  5
2E4
330
17
100
AcDbEntity
  8
ENGRAVE_AWA
100
AcDbLine
 10
-7.847105756324408
 20
-33.85245668964523
 30
0.0
 11
-8.429391700288896
 21
-33.221701575022784
 31
0.0
  0
LINE
  5
2E5
330
17
100
AcDbEntity
  8
ENGRAVE_AWA
100
AcDbLine
 10
-8.429391700288896
 20
-33.221701575022784
 30
0.0
 11
-8.985063357154194
 21
-32.56737906668491
 31
0.0
  0
LINE
  5
2E6
330
17
100
AcDbEntity
  8
ENGRAVE_AWA
100
AcDbLine
 10
-8.985063357154194
 20
-32.56737906668491
 30
0.0
 11
-9.51316779263262
 21
-31.890611277565913
 31
0.0
  0
LINE
  5
2E7
330
17
100
AcDbEntity
  8
ENGRAVE_AWA
100
AcDbLine
 10
-9.51316779263262
 20
-31.890611277565913
 30
0.0
 11
-10.012799348107569
 21
-31.192558812535758
 31
0.0
  0
LINE
  5
2E8
330
17
100
AcDbEntity
  8
ENGRAVE_AWA
100
AcDbLine
 10
-10.012799348107569
 20
-31.192558812535758
 30
0.0
 11
-10.483101193768592
 21
-30.47441877805165
 31
0.0
  0
LINE
  5
2E9
330
17
100
AcDbEntity
  8
ENGRAVE_AWA
100
AcDbLine
 10
-10.483101193768592
 20
-30.47441877805165
 30
0.0
 11
-10.923266798008845
 21
-29.73742272921231
 31
0.0
  0
LINE
  5
2EA
330
17
100
AcDbEntity
  8
ENGRAVE_AWA
100
AcDbLine
 10
-10.923266798008845
 20
-29.73742272921231
 30
0.0
 11
-11.33254131056495
 21
-28.982834557735337
 31
0.0
  0
LINE
  5
2EB
330
17
100
AcDbEntity
  8
ENGRAVE_AWA
100
AcDbLine
 10
-11.33254131056495
 20
-28.982834557735337
 30
0.0
 11
-11.71022285702731
 21
-28.211948324479877
 31
0.0
  0
LINE
  5
2EC
330
17
100
AcDbEntity
  8
ENGRAVE_AWA
100
AcDbLine
 10
-11.71022285702731
 20
-28.211948324479877
 30
0.0
 11
-12.05566374250092
 21
-27.426086040231418
 31
0.0
  0
LINE
  5
2ED
330
17
100
AcDbEntity
  8
ENGRAVE_AWA
100
AcDbLine
 10
-12.05566374250092
 20
-27.426086040231418
 30
0.0
 11
-12.368271562352463
 21
-26.626595398554695
 31
0.0
  0
LINE
  5
2EE
330
17
100
AcDbEntity
  8
ENGRAVE_AWA
100
AcDbLine
 10
-12.368271562352463
 20
-26.626595398554695
 30
0.0
 11
-12.647510218138807
 21
-25.814847464602515
 31
0.0
  0
LINE
  5
2EF
330
17
100
AcDbEntity
  8
ENGRAVE_AWA
100
AcDbLine
 10
-12.647510218138807
 20
-25.814847464602515
 30
0.0
 11
-12.892900836974759
 21
-24.992234323844173
 31
0.0
  0
LINE
  5
2F0
330
17
100
AcDbEntity
  8
ENGRAVE_AWA
100
AcDbLine
 10
-12.892900836974759
 20
-24.992234323844173
 30
0.0
 11
-13.104022592763327
 21
-24.160166694745588
 31
0.0
  0
LINE
  5
2F1
330
17
100
AcDbEntity
  8
ENGRAVE_AWA
100
AcDbLine
 10
-13.104022592763327
 20
-24.160166694745588
 30
0.0
 11
-13.280513427880235
 21
-23.320071509495286
 31
0.0
  0
LINE
  5
2F2
330
17
100
AcDbEntity
  8
ENGRAVE_AWA
100
AcDbLine
 10
-13.280513427880235
 20
-23.320071509495286
 30
0.0
 11
-13.422070674074957
 21
-22.47338946692514
 31
0.0
  0
LINE
  5
2F3
330
17
100
AcDbEntity
  8
ENGRAVE_AWA
100
AcDbLine
 10
-13.422070674074957
 20
-22.47338946692514
 30
0.0
 11
-13.528451571523602
 21
-21.621572561822276
 31
0.0
  0
LINE
  5
2F4
330
17
100
AcDbEntity
  8
ENGRAVE_AWA
100
AcDbLine
 10
-13.528451571523602
 20
-21.621572561822276
 30
0.0
 11
-13.59947368514335
 21
-20.766081594869394
 31
0.0
  0
LINE
  5
2F5
330
17
100
AcDbEntity
  8
ENGRAVE_AWA
100
AcDbLine
 10
-13.59947368514335
 20
-20.766081594869394
 30
0.0
 11
-13.635015217454681
 21
-19.908383667483562
 31
0.0
  0
LINE
  5
2F6
330
17
100
AcDbEntity
  8
ENGRAVE_AWA
100
AcDbLine
 10
-13.635015217454681
 20
-19.908383667483562
 30
0.0
 11
-13.635015217454681
 21
-19.049949665849773
 31
0.0
  0
LINE
  5
2F7
330
17
100
AcDbEntity
  8
ENGRAVE_AWA
100
AcDbLine
 10
-13.635015217454681
 20
-19.049949665849773
 30
0.0
 11
-13.59947368514335
 21
-18.19225173846394
 31
0.0
  0
LINE
  5
2F8
330
17
100
AcDbEntity
  8
ENGRAVE_AWA
100
AcDbLine
 10
-13.59947368514335
 20
-18.19225173846394
 30
0.0
 11
-13.528451571523602
 21
-17.33676077151106
 31
0.0
  0
LINE
  5
2F9
330
17
100
AcDbEntity
  8
ENGRAVE_AWA
100
AcDbLine
 10
-13.528451571523602
 20
-17.33676077151106
 30
0.0
 11
-13.422070674074957
 21
-16.484943866408194
 31
0.0
  0
LINE
  5
2FA
330
17
100
AcDbEntity
  8
ENGRAVE_AWA
100
AcDbLine
 10
-13.422070674074957
 20
-16.484943866408194
 30
0.0
 11
-13.280513427880235
 21
-15.638261823838048
 31
0.0
  0
LINE
  5
2FB
330
17
100
AcDbEntity
  8
ENGRAVE_AWA
100
AcDbLine
 10
-13.280513427880235
 20
-15.638261823838048
 30
0.0
 11
-13.104022592763327
 21
-14.798166638587748
 31
0.0
  0
LINE
  5
2FC
330
17
100
AcDbEntity
  8
ENGRAVE_AWA
100
AcDbLine
 10
-13.104022592763327
 20
-14.798166638587748
 30
0.0
 11
-12.892900836974759
 21
-13.966099009489163
 31
0.0
  0
LINE
  5
2FD
330
17
100
AcDbEntity
  8
ENGRAVE_AWA
100
AcDbLine
 10
-12.892900836974759
 20
-13.966099009489163
 30
0.0
 11
-12.647510218138807
 21
-13.14348586873082
 31
0.0
  0
LINE
  5
2FE
330
17
100
AcDbEntity
  8
ENGRAVE_AWA
100
AcDbLine
 10
-12.647510218138807
 20
-13.14348586873082
 30
0.0
 11
-12.368271562352463
 21
-12.33173793477864
 31
0.0
  0
LINE
  5
2FF
330
17
100
AcDbEntity
  8
ENGRAVE_AWA
100
AcDbLine
 10
-12.368271562352463
 20
-12.33173793477864
 30
0.0
 11
-12.055663742500924
 21
-11.532247293101918
 31
0.0
  0
LINE
  5
300
330
17
100
AcDbEntity
  8
ENGRAVE_AWA
100
AcDbLine
 10
-12.055663742500924
 20
-11.532247293101918
 30
0.0
 11
-11.71022285702731
 21
-10.74638500885346
 31
0.0
  0
LINE
  5
301
330
17
100
AcDbEntity
  8
ENGRAVE_AWA
100
AcDbLine
 10
-11.71022285702731
 20
-10.74638500885346
 30
0.0
 11
-11.33254131056495
 21
-9.975498775597998
 31
0.0
  0
LINE
  5
302
330
17
100
AcDbEntity
  8
ENGRAVE_AWA
100
AcDbLine
 10
-11.33254131056495
 20
-9.975498775597998
 30
0.0
 11
-10.923266798008845
 21
-9.220910604121029
 31
0.0
  0
LINE
  5
303
330
17
100
AcDbEntity
  8
ENGRAVE_AWA
100
AcDbLine
 10
-10.923266798008845
 20
-9.220910604121029
 30
0.0
 11
-10.483101193768592
 21
-8.483914555281684
 31
0.0
  0
LINE
  5
304
330
17
100
AcDbEntity
  8
ENGRAVE_AWA
100
AcDbLine
 10
-10.483101193768592
 20
-8.483914555281684
 30
0.0
 11
-10.012799348107569
 21
-7.765774520797578
 31
0.0
  0
LINE
  5
305
330
17
100
AcDbEntity
  8
ENGRAVE_AWA
100
AcDbLine
 10
-10.012799348107569
 20
-7.765774520797578
 30
0.0
 11
-9.51316779263262
 21
-7.0677220557674225
 31
0.0
  0
LINE
  5
306
330
17
100
AcDbEntity
  8
ENGRAVE_AWA
100
AcDbLine
 10
-9.51316779263262
 20
-7.0677220557674225
 30
0.0
 11
-8.985063357154194
 21
-6.39095426664843
 31
0.0
  0
LINE
  5
307
330
17
100
AcDbEntity
  8
ENGRAVE_AWA
100
AcDbLine
 10
-8.985063357154194
 20
-6.39095426664843
 30
0.0
 11
-8.429391700288898
 21
-5.736631758310557
 31
0.0
  0
LINE
  5
308
330
17
100
AcDbEntity
  8
ENGRAVE_AWA
100
AcDbLine
 10
-8.429391700288898
 20
-5.736631758310557
 30
0.0
 11
-7.847105756324408
 21
-5.105876643688106
 31
0.0
  0
LINE
  5
309
330
17
100
AcDbEntity
  8
ENGRAVE_AWA
100
AcDbLine
 10
-7.847105756324408
 20
-5.105876643688106
 30
0.0
 11
-7.239204101010246
 21
-4.499770619442101
 31
0.0
  0
LINE
  5
30A
330
17
100
AcDbEntity
  8
ENGRAVE_AWA
100
AcDbLine
 10
-7.239204101010246
 20
-4.499770619442101
 30
0.0
 11
-6.606729239076914
 21
-3.919353110933434
 31
0.0
  0
LINE
  5
30B
330
17
100
AcDbEntity
  8
ENGRAVE_AWA
100
AcDbLine
 10
-6.606729239076914
 20
-3.919353110933434
 30
0.0
 11
-5.950765816420219
 21
-3.3656194896880756
 31
0.0
  0
LINE
  5
30C
330
17
100
AcDbEntity
  8
ENGRAVE_AWA
100
AcDbLine
 10
-5.950765816420219
 20
-3.3656194896880756
 30
0.0
 11
-5.272438760016708
 21
-2.8395193664111993
 31
0.0
  0
LINE
  5
30D
330
17
100
AcDbEntity
  8
ENGRAVE_AWA
100
AcDbLine
 10
-5.272438760016708
 20
-2.8395193664111993
 30
0.0
 11
-4.572911348760176
 21
-2.341954962477665
 31
0.0
  0
LINE
  5
30E
330
17
100
AcDbEntity
  8
ENGRAVE_AWA
100
AcDbLine
 10
-4.572911348760176
 20
-2.341954962477665
 30
0.0
 11
-3.85338321852754
 21
-1.8737795626915137
 31
0.0
  0
LINE
  5
30F
330
17
100
AcDbEntity
  8
ENGRAVE_AWA
100
AcDbLine
 10
-3.85338321852754
 20
-1.8737795626915137
 30
0.0
 11
-3.115088304895284
 21
-1.4357960519679516
 31
0.0
  0
LINE
  5
310
330
17
100
AcDbEntity
  8
ENGRAVE_AWA
100
AcDbLine
 10
-3.115088304895284
 20
-1.4357960519679516
 30
0.0
 11
-2.3592927270345587
 21
-1.0287555384472853
 31
0.0
  0
LINE
  5
311
330
17
100
AcDbEntity
  8
ENGRAVE_AWA
100
AcDbLine
 10
-2.3592927270345587
 20
-1.0287555384472853
 30
0.0
 11
-1.5872926164138814
 21
-0.6533560654020434
 31
0.0
  0
LINE
  5
312
330
17
100
AcDbEntity
  8
ENGRAVE_AWA
100
AcDbLine
 10
-1.5872926164138814
 20
-0.6533560654020434
 30
0.0
 11
-0.8004118940330134
 21
-0.31024141414628303
 31
0.0
  0
LINE
  5
313
330
17
100
AcDbEntity
  8
ENGRAVE_AWA
100
AcDbLine
 10
-0.8004118940330134
 20
-0.31024141414628303
 30
0.0
 11
-1.7763568394002505e-15
 21
-3.552713678800501e-15
 31
0.0
  0
TEXT
  5
314
330
17
100
AcDbEntity
  8
ENGRAVE_TEXT
100
AcDbText
 10
11.83254131056495
 20
-28.58283455773534
 30
0.0
 40
2.5
  1
110°
 11
11.83254131056495
 21
-28.58283455773534
 31
0.0
100
AcDbText
 73
2
  0
TEXT
  5
315
330
17
100
AcDbEntity
  8
ENGRAVE_TEXT
100
AcDbText
 10
-11.83254131056495
 20
-28.58283455773534
 30
0.0
 40
2.5
  1
110°
 72
2
 11
-11.83254131056495
 21
-28.58283455773534
 31
0.0
100
AcDbText
 73
2
  0
LINE
  5
316
330
17
100
AcDbEntity
  8
ENGRAVE_AWA
100
AcDbLine
 10
0.0
 20
-38.958333333333336
 30
0.0
 11
0.5689946804242751
 21
-38.46636726907904
 31
0.0
  0
LINE
  5
317
330
17
100
AcDbEntity
  8
ENGRAVE_AWA
100
AcDbLine
 10
0.5689946804242751
 20
-38.46636726907904
 30
0.0
 11
1.1231892746761396
 21
-37.9577869839411
 31
0.0
  0
LINE
  5
318
330
17
100
AcDbEntity
  8
ENGRAVE_AWA
100
AcDbLine
 10
1.1231892746761396
 20
-37.9577869839411
 30
0.0
 11
1.662098850216335
 21
-37.43303749692842
 31
0.0
  0
LINE
  5
319
330
17
100
AcDbEntity
  8
ENGRAVE_AWA
100
AcDbLine
 10
1.662098850216335
 20
-37.43303749692842
 30
0.0
 11
2.1852518492353816
 21
-36.892577975459545
 31
0.0
  0
LINE
  5
31A
330
17
100
AcDbEntity
  8
ENGRAVE_AWA
100
AcDbLine
 10
2.1852518492353816
 20
-36.892577975459545
 30
0.0
 11
2.6921905012770715
 21
-36.33688133358096
 31
0.0
  0
LINE
  5
31B
330
17
100
AcDbEntity
  8
ENGRAVE_AWA
100
AcDbLine
 10
2.6921905012770715
 20
-36.33688133358096
 30
0.0
 11
3.1824712237977977
 21
-35.766433818156855
 31
0.0
  0
LINE
  5
31C
330
17
100
AcDbEntity
  8
ENGRAVE_AWA
100
AcDbLine
 10
3.1824712237977977
 20
-35.766433818156855
 30
0.0
 11
3.655665010311047
 21
-35.18173458339231
 31
0.0
  0
LINE
  5
31D
330
17
100
AcDbEntity
  8
ENGRAVE_AWA
100
AcDbLine
 10
3.655665010311047
 20
-35.18173458339231
 30
0.0
 11
4.111357805777612
 21
-34.58329525406239
 31
0.0
  0
LINE
  5
31E
330
17
100
AcDbEntity
  8
ENGRAVE_AWA
100
AcDbLine
 10
4.111357805777612
 20
-34.58329525406239
 30
0.0
 11
4.549150868912907
 21
-33.97163947782906
 31
0.0
  0
LINE
  5
31F
330
17
100
AcDbEntity
  8
ENGRAVE_AWA
100
AcDbLine
 10
4.549150868912907
 20
-33.97163947782906
 30
0.0
 11
4.96866112109441
 21
-33.347302467037935
 31
0.0
  0
LINE
  5
320
330
17
100
AcDbEntity
  8
ENGRAVE_AWA
100
AcDbLine
 10
4.96866112109441
 20
-33.347302467037935
 30
0.0
 11
5.369521481563947
 21
-32.710830530395626
 31
0.0
  0
LINE
  5
321
330
17
100
AcDbEntity
  8
ENGRAVE_AWA
100
AcDbLine
 10
5.369521481563947
 20
-32.710830530395626
 30
0.0
 11
5.751381188631484
 21
-32.06278059493751
 31
0.0
  0
LINE
  5
322
330
17
100
AcDbEntity
  8
ENGRAVE_AWA
100
AcDbLine
 10
5.751381188631484
 20
-32.06278059493751
 30
0.0
 11
6.113906106599369
 21
-31.403719718704238
 31
0.0
  0
LINE
  5
323
330
17
100
AcDbEntity
  8
ENGRAVE_AWA
100
AcDbLine
 10
6.113906106599369
 20
-31.403719718704238
 30
0.0
 11
6.456779018138462
 21
-30.73422459455344
 31
0.0
  0
LINE
  5
324
330
17
100
AcDbEntity
  8
ENGRAVE_AWA
100
AcDbLine
 10
6.456779018138462
 20
-30.73422459455344
 30
0.0
 11
6.779699901860319
 21
-30.05488104554066
 31
0.0
  0
LINE
  5
325
330
17
100
AcDbEntity
  8
ENGRAVE_AWA
100
AcDbLine
 10
6.779699901860319
 20
-30.05488104554066
 30
0.0
 11
7.082386194842556
 21
-29.366283512311234
 31
0.0
  0
LINE
  5
326
330
17
100
AcDbEntity
  8
ENGRAVE_AWA
100
AcDbLine
 10
7.082386194842556
 20
-29.366283512311234
 30
0.0
 11
7.364573039877666
 21
-28.669034532951553
 31
0.0
  0
LINE
  5
327
330
17
100
AcDbEntity
  8
ENGRAVE_AWA
100
AcDbLine
 10
7.364573039877666
 20
-28.669034532951553
 30
0.0
 11
7.626013517228916
 21
-27.963744215754918
 31
0.0
  0
LINE
  5
328
330
17
100
AcDbEntity
  8
ENGRAVE_AWA
100
AcDbLine
 10
7.626013517228916
 20
-27.963744215754918
 30
0.0
 11
7.866478860690613
 21
-27.25102970536325
 31
0.0
  0
LINE
  5
329
330
17
100
AcDbEntity
  8
ENGRAVE_AWA
100
AcDbLine
 10
7.866478860690613
 20
-27.25102970536325
 30
0.0
 11
8.085758657763577
 21
-26.531514642751898
 31
0.0
  0
LINE
  5
32A
330
17
100
AcDbEntity
  8
ENGRAVE_AWA
100
AcDbLine
 10
8.085758657763577
 20
-26.531514642751898
 30
0.0
 11
8.283661033770752
 21
-25.80582861952994
 31
0.0
  0
LINE
  5
32B
330
17
100
AcDbEntity
  8
ENGRAVE_AWA
100
AcDbLine
 10
8.283661033770752
 20
-25.80582861952994
 30
0.0
 11
8.460012819751778
 21
-25.07460662703362
 31
0.0
  0
LINE
  5
32C
330
17
100
AcDbEntity
  8
ENGRAVE_AWA
100
AcDbLine
 10
8.460012819751778
 20
-25.07460662703362
 30
0.0
 11
8.614659703989677
 21
-24.338488500694858
 31
0.0
  0
LINE
  5
32D
330
17
100
AcDbEntity
  8
ENGRAVE_AWA
100
AcDbLine
 10
8.614659703989677
 20
-24.338488500694858
 30
0.0
 11
8.747466367037028
 21
-23.59811836017107
 31
0.0
  0
LINE
  5
32E
330
17
100
AcDbEntity
  8
ENGRAVE_AWA
100
AcDbLine
 10
8.747466367037028
 20
-23.59811836017107
 30
0.0
 11
8.858316600123459
 21
-22.854144045726233
 31
0.0
  0
LINE
  5
32F
330
17
100
AcDbEntity
  8
ENGRAVE_AWA
100
AcDbLine
 10
8.858316600123459
 20
-22.854144045726233
 30
0.0
 11
8.94711340684092
 21
-22.107216551356288
 31
0.0
  0
LINE
  5
330
330
17
100
AcDbEntity
  8
ENGRAVE_AWA
100
AcDbLine
 10
8.94711340684092
 20
-22.107216551356288
 30
0.0
 11
9.013779088017657
 21
-21.357989455154996
 31
0.0
  0
LINE
  5
331
330
17
100
AcDbEntity
  8
ENGRAVE_AWA
100
AcDbLine
 10
9.013779088017657
 20
-21.357989455154996
 30
0.0
 11
9.058255309706741
 21
-20.60711834741862
 31
0.0
  0
LINE
  5
332
330
17
100
AcDbEntity
  8
ENGRAVE_AWA
100
AcDbLine
 10
9.058255309706741
 20
-20.60711834741862
 30
0.0
 11
9.080503154229532
 21
-19.855260256989936
 31
0.0
  0
LINE
  5
333
330
17
100
AcDbEntity
  8
ENGRAVE_AWA
100
AcDbLine
 10
9.080503154229532
 20
-19.855260256989936
 30
0.0
 11
9.080503154229532
 21
-19.1030730763434
 31
0.0
  0
LINE
  5
334
330
17
100
AcDbEntity
  8
ENGRAVE_AWA
100
AcDbLine
 10
9.080503154229532
 20
-19.1030730763434
 30
0.0
 11
9.058255309706741
 21
-18.351214985914712
 31
0.0
  0
LINE
  5
335
330
17
100
AcDbEntity
  8
ENGRAVE_AWA
100
AcDbLine
 10
9.058255309706741
 20
-18.351214985914712
 30
0.0
 11
9.013779088017657
 21
-17.60034387817834
 31
0.0
  0
LINE
  5
336
330
17
100
AcDbEntity
  8
ENGRAVE_AWA
100
AcDbLine
 10
9.013779088017657
 20
-17.60034387817834
 30
0.0
 11
8.94711340684092
 21
-16.851116781977048
 31
0.0
  0
LINE
  5
337
330
17
100
AcDbEntity
  8
ENGRAVE_AWA
100
AcDbLine
 10
8.94711340684092
 20
-16.851116781977048
 30
0.0
 11
8.858316600123459
 21
-16.1041892876071
 31
0.0
  0
LINE
  5
338
330
17
100
AcDbEntity
  8
ENGRAVE_AWA
100
AcDbLine
 10
8.858316600123459
 20
-16.1041892876071
 30
0.0
 11
8.747466367037028
 21
-15.360214973162263
 31
0.0
  0
LINE
  5
339
330
17
100
AcDbEntity
  8
ENGRAVE_AWA
100
AcDbLine
 10
8.747466367037028
 20
-15.360214973162263
 30
0.0
 11
8.614659703989677
 21
-14.619844832638478
 31
0.0
  0
LINE
  5
33A
330
17
100
AcDbEntity
  8
ENGRAVE_AWA
100
AcDbLine
 10
8.614659703989677
 20
-14.619844832638478
 30
0.0
 11
8.460012819751778
 21
-13.883726706299715
 31
0.0
  0
LINE
  5
33B
330
17
100
AcDbEntity
  8
ENGRAVE_AWA
100
AcDbLine
 10
8.460012819751778
 20
-13.883726706299715
 30
0.0
 11
8.283661033770752
 21
-13.152504713803392
 31
0.0
  0
LINE
  5
33C
330
17
100
AcDbEntity
  8
ENGRAVE_AWA
100
AcDbLine
 10
8.283661033770752
 20
-13.152504713803392
 30
0.0
 11
8.085758657763577
 21
-12.426818690581435
 31
0.0
  0
LINE
  5
33D
330
17
100
AcDbEntity
  8
ENGRAVE_AWA
100
AcDbLine
 10
8.085758657763577
 20
-12.426818690581435
 30
0.0
 11
7.866478860690613
 21
-11.70730362797008
 31
0.0
  0
LINE
  5
33E
330
17
100
AcDbEntity
  8
ENGRAVE_AWA
100
AcDbLine
 10
7.866478860690613
 20
-11.70730362797008
 30
0.0
 11
7.626013517228916
 21
-10.994589117578418
 31
0.0
  0
LINE
  5
33F
330
17
100
AcDbEntity
  8
ENGRAVE_AWA
100
AcDbLine
 10
7.626013517228916
 20
-10.994589117578418
 30
0.0
 11
7.364573039877666
 21
-10.289298800381783
 31
0.0
  0
LINE
  5
340
330
17
100
AcDbEntity
  8
ENGRAVE_AWA
100
AcDbLine
 10
7.364573039877666
 20
-10.289298800381783
 30
0.0
 11
7.082386194842556
 21
-9.592049821022103
 31
0.0
  0
LINE
  5
341
330
17
100
AcDbEntity
  8
ENGRAVE_AWA
100
AcDbLine
 10
7.082386194842556
 20
-9.592049821022103
 30
0.0
 11
6.779699901860315
 21
-8.903452287792671
 31
0.0
  0
LINE
  5
342
330
17
100
AcDbEntity
  8
ENGRAVE_AWA
100
AcDbLine
 10
6.779699901860315
 20
-8.903452287792671
 30
0.0
 11
6.456779018138459
 21
-8.224108738779892
 31
0.0
  0
LINE
  5
343
330
17
100
AcDbEntity
  8
ENGRAVE_AWA
100
AcDbLine
 10
6.456779018138459
 20
-8.224108738779892
 30
0.0
 11
6.113906106599369
 21
-7.554613614629098
 31
0.0
  0
LINE
  5
344
330
17
100
AcDbEntity
  8
ENGRAVE_AWA
100
AcDbLine
 10
6.113906106599369
 20
-7.554613614629098
 30
0.0
 11
5.751381188631484
 21
-6.895552738395832
 31
0.0
  0
LINE
  5
345
330
17
100
AcDbEntity
  8
ENGRAVE_AWA
100
AcDbLine
 10
5.751381188631484
 20
-6.895552738395832
 30
0.0
 11
5.369521481563947
 21
-6.247502802937712
 31
0.0
  0
LINE
  5
346
330
17
100
AcDbEntity
  8
ENGRAVE_AWA
100
AcDbLine
 10
5.369521481563947
 20
-6.247502802937712
 30
0.0
 11
4.96866112109441
 21
-5.611030866295401
 31
0.0
  0
LINE
  5
347
330
17
100
AcDbEntity
  8
ENGRAVE_AWA
100
AcDbLine
 10
4.96866112109441
 20
-5.611030866295401
 30
0.0
 11
4.549150868912903
 21
-4.986693855504273
 31
0.0
  0
LINE
  5
348
330
17
100
AcDbEntity
  8
ENGRAVE_AWA
100
AcDbLine
 10
4.549150868912903
 20
-4.986693855504273
 30
0.0
 11
4.111357805777612
 21
-4.37503807927094
 31
0.0
  0
LINE
  5
349
330
17
100
AcDbEntity
  8
ENGRAVE_AWA
100
AcDbLine
 10
4.111357805777612
 20
-4.37503807927094
 30
0.0
 11
3.6556650103110435
 21
-3.7765987499410194
 31
0.0
  0
LINE
  5
34A
330
17
100
AcDbEntity
  8
ENGRAVE_AWA
100
AcDbLine
 10
3.6556650103110435
 20
-3.7765987499410194
 30
0.0
 11
3.1824712237977977
 21
-3.1918995151764804
 31
0.0
  0
LINE
  5
34B
330
17
100
AcDbEntity
  8
ENGRAVE_AWA
100
AcDbLine
 10
3.1824712237977977
 20
-3.1918995151764804
 30
0.0
 11
2.6921905012770715
 21
-2.62145199975237
 31
0.0
  0
LINE
  5
34C
330
17
100
AcDbEntity
  8
ENGRAVE_AWA
100
AcDbLine
 10
2.6921905012770715
 20
-2.62145199975237
 30
0.0
 11
2.1852518492353816
 21
-2.0657553578737904
 31
0.0
  0
LINE
  5
34D
330
17
100
AcDbEntity
  8
ENGRAVE_AWA
100
AcDbLine
 10
2.1852518492353816
 20
-2.0657553578737904
 30
0.0
 11
1.662098850216335
 21
-1.525295836404915
 31
0.0
  0
LINE
  5
34E
330
17
100
AcDbEntity
  8
ENGRAVE_AWA
100
AcDbLine
 10
1.662098850216335
 20
-1.525295836404915
 30
0.0
 11
1.1231892746761396
 21
-1.0005463493922342
 31
0.0
  0
LINE
  5
34F
330
17
100
AcDbEntity
  8
ENGRAVE_AWA
100
AcDbLine
 10
1.1231892746761396
 20
-1.0005463493922342
 30
0.0
 11
0.5689946804242751
 21
-0.49196606425429223
 31
0.0
  0
LINE
  5
350
330
17
100
AcDbEntity
  8
ENGRAVE_AWA
100
AcDbLine
 10
0.5689946804242751
 20
-0.49196606425429223
 30
0.0
 11
0.0
 21
0.0
 31
0.0
  0
LINE
  5
351
330
17
100
AcDbEntity
  8
ENGRAVE_AWA
100
AcDbLine
 10
-0.0
 20
-38.958333333333336
 30
0.0
 11
-0.5689946804242751
 21
-38.46636726907904
 31
0.0
  0
LINE
  5
352
330
17
100
AcDbEntity
  8
ENGRAVE_AWA
100
AcDbLine
 10
-0.5689946804242751
 20
-38.46636726907904
 30
0.0
 11
-1.1231892746761396
 21
-37.9577869839411
 31
0.0
  0
LINE
  5
353
330
17
100
AcDbEntity
  8
ENGRAVE_AWA
100
AcDbLine
 10
-1.1231892746761396
 20
-37.9577869839411
 30
0.0
 11
-1.662098850216335
 21
-37.43303749692842
 31
0.0
  0
LINE
  5
354
330
17
100
AcDbEntity
  8
ENGRAVE_AWA
100
AcDbLine
 10
-1.662098850216335
 20
-37.43303749692842
 30
0.0
 11
-2.1852518492353816
 21
-36.892577975459545
 31
0.0
  0
LINE
  5
355
330
17
100
AcDbEntity
  8
ENGRAVE_AWA
100
AcDbLine
 10
-2.1852518492353816
 20
-36.892577975459545
 30
0.0
 11
-2.6921905012770715
 21
-36.33688133358096
 31
0.0
  0
LINE
  5
356
330
17
100
AcDbEntity
  8
ENGRAVE_AWA
100
AcDbLine
 10
-2.6921905012770715
 20
-36.33688133358096
 30
0.0
 11
-3.1824712237977977
 21
-35.766433818156855
 31
0.0
  0
LINE
  5
357
330
17
100
AcDbEntity
  8
ENGRAVE_AWA
100
AcDbLine
 10
-3.1824712237977977
 20
-35.766433818156855
 30
0.0
 11
-3.655665010311047
 21
-35.18173458339231
 31
0.0
  0
LINE
  5
358
330
17
100
AcDbEntity
  8
ENGRAVE_AWA
100
AcDbLine
 10
-3.655665010311047
 20
-35.18173458339231
 30
0.0
 11
-4.111357805777612
 21
-34.58329525406239
 31
0.0
  0
LINE
  5
359
330
17
100
AcDbEntity
  8
ENGRAVE_AWA
100
AcDbLine
 10
-4.111357805777612
 20
-34.58329525406239
 30
0.0
 11
-4.549150868912907
 21
-33.97163947782906
 31
0.0
  0
LINE
  5
35A
330
17
100
AcDbEntity
  8
ENGRAVE_AWA
100
AcDbLine
 10
-4.549150868912907
 20
-33.97163947782906
 30
0.0
 11
-4.96866112109441
 21
-33.347302467037935
 31
0.0
  0
LINE
  5
35B
330
17
100
AcDbEntity
  8
ENGRAVE_AWA
100
AcDbLine
 10
-4.96866112109441
 20
-33.347302467037935
 30
0.0
 11
-5.369521481563947
 21
-32.710830530395626
 31
0.0
  0
LINE
  5
35C
330
17
100
AcDbEntity
  8
ENGRAVE_AWA
100
AcDbLine
 10
-5.369521481563947
 20
-32.710830530395626
 30
0.0
 11
-5.751381188631484
 21
-32.06278059493751
 31
0.0
  0
LINE
  5
35D
330
17
100
AcDbEntity
  8
ENGRAVE_AWA
100
AcDbLine
 10
-5.751381188631484
 20
-32.06278059493751
 30
0.0
 11
-6.113906106599369
 21
-31.403719718704238
 31
0.0
  0
LINE
  5
35E
330
17
100
AcDbEntity
  8
ENGRAVE_AWA
100
AcDbLine
 10
-6.113906106599369
 20
-31.403719718704238
 30
0.0
 11
-6.456779018138462
 21
-30.73422459455344
 31
0.0
  0
LINE
  5
35F
330
17
100
AcDbEntity
  8
ENGRAVE_AWA
100
AcDbLine
 10
-6.456779018138462
 20
-30.73422459455344
 30
0.0
 11
-6.779699901860319
 21
-30.05488104554066
 31
0.0
  0
LINE
  5
360
330
17
100
AcDbEntity
  8
ENGRAVE_AWA
100
AcDbLine
 10
-6.779699901860319
 20
-30.05488104554066
 30
0.0
 11
-7.082386194842556
 21
-29.366283512311234
 31
0.0
  0
LINE
  5
361
330
17
100
AcDbEntity
  8
ENGRAVE_AWA
100
AcDbLine
 10
-7.082386194842556
 20
-29.366283512311234
 30
0.0
 11
-7.364573039877666
 21
-28.669034532951553
 31
0.0
  0
LINE
  5
362
330
17
100
AcDbEntity
  8
ENGRAVE_AWA
100
AcDbLine
 10
-7.364573039877666
 20
-28.669034532951553
 30
0.0
 11
-7.626013517228916
 21
-27.963744215754918
 31
0.0
  0
LINE
  5
363
330
17
100
AcDbEntity
  8
ENGRAVE_AWA
100
AcDbLine
 10
-7.626013517228916
 20
-27.963744215754918
 30
0.0
 11
-7.866478860690613
 21
-27.25102970536325
 31
0.0
  0
LINE
  5
364
330
17
100
AcDbEntity
  8
ENGRAVE_AWA
100
AcDbLine
 10
-7.866478860690613
 20
-27.25102970536325
 30
0.0
 11
-8.085758657763577
 21
-26.531514642751898
 31
0.0
  0
LINE
  5
365
330
17
100
AcDbEntity
  8
ENGRAVE_AWA
100
AcDbLine
 10
-8.085758657763577
 20
-26.531514642751898
 30
0.0
 11
-8.283661033770752
 21
-25.80582861952994
 31
0.0
  0
LINE
  5
366
330
17
100
AcDbEntity
  8
ENGRAVE_AWA
100
AcDbLine
 10
-8.283661033770752
 20
-25.80582861952994
 30
0.0
 11
-8.460012819751778
 21
-25.07460662703362
 31
0.0
  0
LINE
  5
367
330
17
100
AcDbEntity
  8
ENGRAVE_AWA
100
AcDbLine
 10
-8.460012819751778
 20
-25.07460662703362
 30
0.0
 11
-8.614659703989677
 21
-24.338488500694858
 31
0.0
  0
LINE
  5
368
330
17
100
AcDbEntity
  8
ENGRAVE_AWA
100
AcDbLine
 10
-8.614659703989677
 20
-24.338488500694858
 30
0.0
 11
-8.747466367037028
 21
-23.59811836017107
 31
0.0
  0
LINE
  5
369
330
17
100
AcDbEntity
  8
ENGRAVE_AWA
100
AcDbLine
 10
-8.747466367037028
 20
-23.59811836017107
 30
0.0
 11
-8.858316600123459
 21
-22.854144045726233
 31
0.0
  0
LINE
  5
36A
330
17
100
AcDbEntity
  8
ENGRAVE_AWA
100
AcDbLine
 10
-8.858316600123459
 20
-22.854144045726233
 30
0.0
 11
-8.94711340684092
 21
-22.107216551356288
 31
0.0
  0
LINE
  5
36B
330
17
100
AcDbEntity
  8
ENGRAVE_AWA
100
AcDbLine
 10
-8.94711340684092
 20
-22.107216551356288
 30
0.0
 11
-9.013779088017657
 21
-21.357989455154996
 31
0.0
  0
LINE
  5
36C
330
17
100
AcDbEntity
  8
ENGRAVE_AWA
100
AcDbLine
 10
-9.013779088017657
 20
-21.357989455154996
 30
0.0
 11
-9.058255309706741
 21
-20.60711834741862
 31
0.0
  0
LINE
  5
36D
330
17
100
AcDbEntity
  8
ENGRAVE_AWA
100
AcDbLine
 10
-9.058255309706741
 20
-20.60711834741862
 30
0.0
 11
-9.080503154229532
 21
-19.855260256989936
 31
0.0
  0
LINE
  5
36E
330
17
100
AcDbEntity
  8
ENGRAVE_AWA
100
AcDbLine
 10
-9.080503154229532
 20
-19.855260256989936
 30
0.0
 11
-9.080503154229532
 21
-19.1030730763434
 31
0.0
  0
LINE
  5
36F
330
17
100
AcDbEntity
  8
ENGRAVE_AWA
100
AcDbLine
 10
-9.080503154229532
 20
-19.1030730763434
 30
0.0
 11
-9.058255309706741
 21
-18.351214985914712
 31
0.0
  0
LINE
  5
370
330
17
100
AcDbEntity
  8
ENGRAVE_AWA
100
AcDbLine
 10
-9.058255309706741
 20
-18.351214985914712
 30
0.0
 11
-9.013779088017657
 21
-17.60034387817834
 31
0.0
  0
LINE
  5
371
330
17
100
AcDbEntity
  8
ENGRAVE_AWA
100
AcDbLine
 10
-9.013779088017657
 20
-17.60034387817834
 30
0.0
 11
-8.94711340684092
 21
-16.851116781977048
 31
0.0
  0
LINE
  5
372
330
17
100
AcDbEntity
  8
ENGRAVE_AWA
100
AcDbLine
 10
-8.94711340684092
 20
-16.851116781977048
 30
0.0
 11
-8.858316600123459
 21
-16.1041892876071
 31
0.0
  0
LINE
  5
373
330
17
100
AcDbEntity
  8
ENGRAVE_AWA
100
AcDbLine
 10
-8.858316600123459
 20
-16.1041892876071
 30
0.0
 11
-8.747466367037028
 21
-15.360214973162263
 31
0.0
  0
LINE
  5
374
330
17
100
AcDbEntity
  8
ENGRAVE_AWA
100
AcDbLine
 10
-8.747466367037028
 20
-15.360214973162263
 30
0.0
 11
-8.614659703989677
 21
-14.619844832638478
 31
0.0
  0
LINE
  5
375
330
17
100
AcDbEntity
  8
ENGRAVE_AWA
100
AcDbLine
 10
-8.614659703989677
 20
-14.619844832638478
 30
0.0
 11
-8.460012819751778
 21
-13.883726706299715
 31
0.0
  0
LINE
  5
376
330
17
100
AcDbEntity
  8
ENGRAVE_AWA
100
AcDbLine
 10
-8.460012819751778
 20
-13.883726706299715
 30
0.0
 11
-8.283661033770752
 21
-13.152504713803392
 31
0.0
  0
LINE
  5
377
330
17
100
AcDbEntity
  8
ENGRAVE_AWA
100
AcDbLine
 10
-8.283661033770752
 20
-13.152504713803392
 30
0.0
 11
-8.085758657763577
 21
-12.426818690581435
 31
0.0
  0
LINE
  5
378
330
17
100
AcDbEntity
  8
ENGRAVE_AWA
100
AcDbLine
 10
-8.085758657763577
 20
-12.426818690581435
 30
0.0
 11
-7.866478860690613
 21
-11.70730362797008
 31
0.0
  0
LINE
  5
379
330
17
100
AcDbEntity
  8
ENGRAVE_AWA
100
AcDbLine
 10
-7.866478860690613
 20
-11.70730362797008
 30
0.0
 11
-7.626013517228916
 21
-10.994589117578418
 31
0.0
  0
LINE
  5
37A
330
17
100
AcDbEntity
  8
ENGRAVE_AWA
100
AcDbLine
 10
-7.626013517228916
 20
-10.994589117578418
 30
0.0
 11
-7.364573039877666
 21
-10.289298800381783
 31
0.0
  0
LINE
  5
37B
330
17
100
AcDbEntity
  8
ENGRAVE_AWA
100
AcDbLine
 10
-7.364573039877666
 20
-10.289298800381783
 30
0.0
 11
-7.082386194842556
 21
-9.592049821022103
 31
0.0
  0
LINE
  5
37C
330
17
100
AcDbEntity
  8
ENGRAVE_AWA
100
AcDbLine
 10
-7.082386194842556
 20
-9.592049821022103
 30
0.0
 11
-6.779699901860315
 21
-8.903452287792671
 31
0.0
  0
LINE
  5
37D
330
17
100
AcDbEntity
  8
ENGRAVE_AWA
100
AcDbLine
 10
-6.779699901860315
 20
-8.903452287792671
 30
0.0
 11
-6.456779018138459
 21
-8.224108738779892
 31
0.0
  0
LINE
  5
37E
330
17
100
AcDbEntity
  8
ENGRAVE_AWA
100
AcDbLine
 10
-6.456779018138459
 20
-8.224108738779892
 30
0.0
 11
-6.113906106599369
 21
-7.554613614629098
 31
0.0
  0
LINE
  5
37F
330
17
100
AcDbEntity
  8
ENGRAVE_AWA
100
AcDbLine
 10
-6.113906106599369
 20
-7.554613614629098
 30
0.0
 11
-5.751381188631484
 21
-6.895552738395832
 31
0.0
  0
LINE
  5
380
330
17
100
AcDbEntity
  8
ENGRAVE_AWA
100
AcDbLine
 10
-5.751381188631484
 20
-6.895552738395832
 30
0.0
 11
-5.369521481563947
 21
-6.247502802937712
 31
0.0
  0
LINE
  5
381
330
17
100
AcDbEntity
  8
ENGRAVE_AWA
100
AcDbLine
 10
-5.369521481563947
 20
-6.247502802937712
 30
0.0
 11
-4.96866112109441
 21
-5.611030866295401
 31
0.0
  0
LINE
  5
382
330
17
100
AcDbEntity
  8
ENGRAVE_AWA
100
AcDbLine
 10
-4.96866112109441
 20
-5.611030866295401
 30
0.0
 11
-4.549150868912903
 21
-4.986693855504273
 31
0.0
  0
LINE
  5
383
330
17
100
AcDbEntity
  8
ENGRAVE_AWA
100
AcDbLine
 10
-4.549150868912903
 20
-4.986693855504273
 30
0.0
 11
-4.111357805777612
 21
-4.37503807927094
 31
0.0
  0
LINE
  5
384
330
17
100
AcDbEntity
  8
ENGRAVE_AWA
100
AcDbLine
 10
-4.111357805777612
 20
-4.37503807927094
 30
0.0
 11
-3.6556650103110435
 21
-3.7765987499410194
 31
0.0
  0
LINE
  5
385
330
17
100
AcDbEntity
  8
ENGRAVE_AWA
100
AcDbLine
 10
-3.6556650103110435
 20
-3.7765987499410194
 30
0.0
 11
-3.1824712237977977
 21
-3.1918995151764804
 31
0.0
  0
LINE
  5
386
330
17
100
AcDbEntity
  8
ENGRAVE_AWA
100
AcDbLine
 10
-3.1824712237977977
 20
-3.1918995151764804
 30
0.0
 11
-2.6921905012770715
 21
-2.62145199975237
 31
0.0
  0
LINE
  5
387
330
17
100
AcDbEntity
  8
ENGRAVE_AWA
100
AcDbLine
 10
-2.6921905012770715
 20
-2.62145199975237
 30
0.0
 11
-2.1852518492353816
 21
-2.0657553578737904
 31
0.0
  0
LINE
  5
388
330
17
100
AcDbEntity
  8
ENGRAVE_AWA
100
AcDbLine
 10
-2.1852518492353816
 20
-2.0657553578737904
 30
0.0
 11
-1.662098850216335
 21
-1.525295836404915
 31
0.0
  0
LINE
  5
389
330
17
100
AcDbEntity
  8
ENGRAVE_AWA
100
AcDbLine
 10
-1.662098850216335
 20
-1.525295836404915
 30
0.0
 11
-1.1231892746761396
 21
-1.0005463493922342
 31
0.0
  0
LINE
  5
38A
330
17
100
AcDbEntity
  8
ENGRAVE_AWA
100
AcDbLine
 10
-1.1231892746761396
 20
-1.0005463493922342
 30
0.0
 11
-0.5689946804242751
 21
-0.49196606425429223
 31
0.0
  0
LINE
  5
38B
330
17
100
AcDbEntity
  8
ENGRAVE_AWA
100
AcDbLine
 10
-0.5689946804242751
 20
-0.49196606425429223
 30
0.0
 11
-0.0
 21
0.0
 31
0.0
  0
TEXT
  5
38C
330
17
100
AcDbEntity
  8
ENGRAVE_TEXT
100
AcDbText
 10
9.247466367037028
 20
-23.198118360171073
 30
0.0
 40
2.5
  1
130°
 11
9.247466367037028
 21
-23.198118360171073
 31
0.0
100
AcDbText
 73
2
  0
TEXT
  5
38D
330
17
100
AcDbEntity
  8
ENGRAVE_TEXT
100
AcDbText
 10
-9.247466367037028
 20
-23.198118360171073
 30
0.0
 40
2.5
  1
130°
 72
2
 11
-9.247466367037028
 21
-23.198118360171073
 31
0.0
100
AcDbText
 73
2
  0
LINE
  5
38E
330
17
100
AcDbEntity
  8
ENGRAVE_AWA
100
AcDbLine
 10
0.0
 20
-38.95833333333333
 30
0.0
 11
0.2835350948591966
 21
-38.33836073877535
 31
0.0
  0
LINE
  5
38F
330
17
100
AcDbEntity
  8
ENGRAVE_AWA
100
AcDbLine
 10
0.2835350948591966
 20
-38.33836073877535
 30
0.0
 11
0.5578695412534387
 21
-37.71426236548685
 31
0.0
  0
LINE
  5
390
330
17
100
AcDbEntity
  8
ENGRAVE_AWA
100
AcDbLine
 10
0.5578695412534387
 20
-37.71426236548685
 30
0.0
 11
0.8229433237218586
 21
-37.08617474590845
 31
0.0
  0
LINE
  5
391
330
17
100
AcDbEntity
  8
ENGRAVE_AWA
100
AcDbLine
 10
0.8229433237218586
 20
-37.08617474590845
 30
0.0
 11
1.0786984527358712
 21
-36.45423528519817
 31
0.0
  0
LINE
  5
392
330
17
100
AcDbEntity
  8
ENGRAVE_AWA
100
AcDbLine
 10
1.0786984527358712
 20
-36.45423528519817
 30
0.0
 11
1.3250789773854024
 21
-35.81858223117169
 31
0.0
  0
LINE
  5
393
330
17
100
AcDbEntity
  8
ENGRAVE_AWA
100
AcDbLine
 10
1.3250789773854024
 20
-35.81858223117169
 30
0.0
 11
1.5620309976191393
 21
-35.17935464405821
 31
0.0
  0
LINE
  5
394
330
17
100
AcDbEntity
  8
ENGRAVE_AWA
100
AcDbLine
 10
1.5620309976191393
 20
-35.17935464405821
 30
0.0
 11
1.7895026760361148
 21
-34.53669236607859
 31
0.0
  0
LINE
  5
395
330
17
100
AcDbEntity
  8
ENGRAVE_AWA
100
AcDbLine
 10
1.7895026760361148
 20
-34.53669236607859
 30
0.0
 11
2.0074442492260047
 21
-33.890735990852455
 31
0.0
  0
LINE
  5
396
330
17
100
AcDbEntity
  8
ENGRAVE_AWA
100
AcDbLine
 10
2.0074442492260047
 20
-33.890735990852455
 30
0.0
 11
2.2158080386558225
 21
-33.24162683264082
 31
0.0
  0
LINE
  5
397
330
17
100
AcDbEntity
  8
ENGRAVE_AWA
100
AcDbLine
 10
2.2158080386558225
 20
-33.24162683264082
 30
0.0
 11
2.4145484611003383
 21
-32.58950689543114
 31
0.0
  0
LINE
  5
398
330
17
100
AcDbEntity
  8
ENGRAVE_AWA
100
AcDbLine
 10
2.4145484611003383
 20
-32.58950689543114
 30
0.0
 11
2.603622038614283
 21
-31.934518841871494
 31
0.0
  0
LINE
  5
399
330
17
100
AcDbEntity
  8
ENGRAVE_AWA
100
AcDbLine
 10
2.603622038614283
 20
-31.934518841871494
 30
0.0
 11
2.78298740804388
 21
-31.276805962060582
 31
0.0
  0
LINE
  5
39A
330
17
100
AcDbEntity
  8
ENGRAVE_AWA
100
AcDbLine
 10
2.78298740804388
 20
-31.276805962060582
 30
0.0
 11
2.952605330075748
 21
-30.616512142200538
 31
0.0
  0
LINE
  5
39B
330
17
100
AcDbEntity
  8
ENGRAVE_AWA
100
AcDbLine
 10
2.952605330075748
 20
-30.616512142200538
 30
0.0
 11
3.1124386978212115
 21
-29.953781833119294
 31
0.0
  0
LINE
  5
39C
330
17
100
AcDbEntity
  8
ENGRAVE_AWA
100
AcDbLine
 10
3.1124386978212115
 20
-29.953781833119294
 30
0.0
 11
3.2624525449340567
 21
-29.28876001866944
 31
0.0
  0
LINE
  5
39D
330
17
100
AcDbEntity
  8
ENGRAVE_AWA
100
AcDbLine
 10
3.2624525449340567
 20
-29.28876001866944
 30
0.0
 11
3.4026140532600664
 21
-28.62159218401046
 31
0.0
  0
LINE
  5
39E
330
17
100
AcDbEntity
  8
ENGRAVE_AWA
100
AcDbLine
 10
3.4026140532600664
 20
-28.62159218401046
 30
0.0
 11
3.5328925600165277
 21
-27.952424283781312
 31
0.0
  0
LINE
  5
39F
330
17
100
AcDbEntity
  8
ENGRAVE_AWA
100
AcDbLine
 10
3.5328925600165277
 20
-27.952424283781312
 30
0.0
 11
3.6532595645002743
 21
-27.281402710170312
 31
0.0
  0
LINE
  5
3A0
330
17
100
AcDbEntity
  8
ENGRAVE_AWA
100
AcDbLine
 10
3.6532595645002743
 20
-27.281402710170312
 30
0.0
 11
3.763688734322713
 21
-26.608674260889245
 31
0.0
  0
LINE
  5
3A1
330
17
100
AcDbEntity
  8
ENGRAVE_AWA
100
AcDbLine
 10
3.763688734322713
 20
-26.608674260889245
 30
0.0
 11
3.864155911170471
 21
-25.93438610705884
 31
0.0
  0
LINE
  5
3A2
330
17
100
AcDbEntity
  8
ENGRAVE_AWA
100
AcDbLine
 10
3.864155911170471
 20
-25.93438610705884
 30
0.0
 11
3.9546391160904975
 21
-25.258685761012476
 31
0.0
  0
LINE
  5
3A3
330
17
100
AcDbEntity
  8
ENGRAVE_AWA
100
AcDbLine
 10
3.9546391160904975
 20
-25.258685761012476
 30
0.0
 11
4.035118554298293
 21
-24.581721044025294
 31
0.0
  0
LINE
  5
3A4
330
17
100
AcDbEntity
  8
ENGRAVE_AWA
100
AcDbLine
 10
4.035118554298293
 20
-24.581721044025294
 30
0.0
 11
4.105576619508398
 21
-23.90364005397571
 31
0.0
  0
LINE
  5
3A5
330
17
100
AcDbEntity
  8
ENGRAVE_AWA
100
AcDbLine
 10
4.105576619508398
 20
-23.90364005397571
 30
0.0
 11
4.165997897786063
 21
-23.2245911329464
 31
0.0
  0
LINE
  5
3A6
330
17
100
AcDbEntity
  8
ENGRAVE_AWA
100
AcDbLine
 10
4.165997897786063
 20
-23.2245911329464
 30
0.0
 11
4.216369170919336
 21
-22.544722834771886
 31
0.0
  0
LINE
  5
3A7
330
17
100
AcDbEntity
  8
ENGRAVE_AWA
100
AcDbLine
 10
4.216369170919336
 20
-22.544722834771886
 30
0.0
 11
4.256679419310721
 21
-21.864183892539778
 31
0.0
  0
LINE
  5
3A8
330
17
100
AcDbEntity
  8
ENGRAVE_AWA
100
AcDbLine
 10
4.256679419310721
 20
-21.864183892539778
 30
0.0
 11
4.2869198243879865
 21
-21.1831231860528
 31
0.0
  0
LINE
  5
3A9
330
17
100
AcDbEntity
  8
ENGRAVE_AWA
100
AcDbLine
 10
4.2869198243879865
 20
-21.1831231860528
 30
0.0
 11
4.307083770533318
 21
-20.501689709258752
 31
0.0
  0
LINE
  5
3AA
330
17
100
AcDbEntity
  8
ENGRAVE_AWA
100
AcDbLine
 10
4.307083770533318
 20
-20.501689709258752
 30
0.0
 11
4.317166846530647
 21
-19.820032537655454
 31
0.0
  0
LINE
  5
3AB
330
17
100
AcDbEntity
  8
ENGRAVE_AWA
100
AcDbLine
 10
4.317166846530647
 20
-19.820032537655454
 30
0.0
 11
4.317166846530647
 21
-19.138300795677882
 31
0.0
  0
LINE
  5
3AC
330
17
100
AcDbEntity
  8
ENGRAVE_AWA
100
AcDbLine
 10
4.317166846530647
 20
-19.138300795677882
 30
0.0
 11
4.307083770533318
 21
-18.45664362407458
 31
0.0
  0
LINE
  5
3AD
330
17
100
AcDbEntity
  8
ENGRAVE_AWA
100
AcDbLine
 10
4.307083770533318
 20
-18.45664362407458
 30
0.0
 11
4.2869198243879865
 21
-17.775210147280536
 31
0.0
  0
LINE
  5
3AE
330
17
100
AcDbEntity
  8
ENGRAVE_AWA
100
AcDbLine
 10
4.2869198243879865
 20
-17.775210147280536
 30
0.0
 11
4.256679419310721
 21
-17.094149440793558
 31
0.0
  0
LINE
  5
3AF
330
17
100
AcDbEntity
  8
ENGRAVE_AWA
100
AcDbLine
 10
4.256679419310721
 20
-17.094149440793558
 30
0.0
 11
4.216369170919336
 21
-16.413610498561447
 31
0.0
  0
LINE
  5
3B0
330
17
100
AcDbEntity
  8
ENGRAVE_AWA
100
AcDbLine
 10
4.216369170919336
 20
-16.413610498561447
 30
0.0
 11
4.165997897786063
 21
-15.733742200386933
 31
0.0
  0
LINE
  5
3B1
330
17
100
AcDbEntity
  8
ENGRAVE_AWA
100
AcDbLine
 10
4.165997897786063
 20
-15.733742200386933
 30
0.0
 11
4.105576619508398
 21
-15.054693279357625
 31
0.0
  0
LINE
  5
3B2
330
17
100
AcDbEntity
  8
ENGRAVE_AWA
100
AcDbLine
 10
4.105576619508398
 20
-15.054693279357625
 30
0.0
 11
4.035118554298293
 21
-14.376612289308042
 31
0.0
  0
LINE
  5
3B3
330
17
100
AcDbEntity
  8
ENGRAVE_AWA
100
AcDbLine
 10
4.035118554298293
 20
-14.376612289308042
 30
0.0
 11
3.9546391160904975
 21
-13.699647572320856
 31
0.0
  0
LINE
  5
3B4
330
17
100
AcDbEntity
  8
ENGRAVE_AWA
100
AcDbLine
 10
3.9546391160904975
 20
-13.699647572320856
 30
0.0
 11
3.864155911170471
 21
-13.023947226274492
 31
0.0
  0
LINE
  5
3B5
330
17
100
AcDbEntity
  8
ENGRAVE_AWA
100
AcDbLine
 10
3.864155911170471
 20
-13.023947226274492
 30
0.0
 11
3.763688734322713
 21
-12.349659072444087
 31
0.0
  0
LINE
  5
3B6
330
17
100
AcDbEntity
  8
ENGRAVE_AWA
100
AcDbLine
 10
3.763688734322713
 20
-12.349659072444087
 30
0.0
 11
3.6532595645002743
 21
-11.676930623163024
 31
0.0
  0
LINE
  5
3B7
330
17
100
AcDbEntity
  8
ENGRAVE_AWA
100
AcDbLine
 10
3.6532595645002743
 20
-11.676930623163024
 30
0.0
 11
3.5328925600165277
 21
-11.005909049552024
 31
0.0
  0
LINE
  5
3B8
330
17
100
AcDbEntity
  8
ENGRAVE_AWA
100
AcDbLine
 10
3.5328925600165277
 20
-11.005909049552024
 30
0.0
 11
3.4026140532600735
 21
-10.33674114932288
 31
0.0
  0
LINE
  5
3B9
330
17
100
AcDbEntity
  8
ENGRAVE_AWA
100
AcDbLine
 10
3.4026140532600735
 20
-10.33674114932288
 30
0.0
 11
3.2624525449340567
 21
-9.669573314663893
 31
0.0
  0
LINE
  5
3BA
330
17
100
AcDbEntity
  8
ENGRAVE_AWA
100
AcDbLine
 10
3.2624525449340567
 20
-9.669573314663893
 30
0.0
 11
3.1124386978212044
 21
-9.004551500214038
 31
0.0
  0
LINE
  5
3BB
330
17
100
AcDbEntity
  8
ENGRAVE_AWA
100
AcDbLine
 10
3.1124386978212044
 20
-9.004551500214038
 30
0.0
 11
2.952605330075748
 21
-8.341821191132796
 31
0.0
  0
LINE
  5
3BC
330
17
100
AcDbEntity
  8
ENGRAVE_AWA
100
AcDbLine
 10
2.952605330075748
 20
-8.341821191132796
 30
0.0
 11
2.78298740804388
 21
-7.681527371272754
 31
0.0
  0
LINE
  5
3BD
330
17
100
AcDbEntity
  8
ENGRAVE_AWA
100
AcDbLine
 10
2.78298740804388
 20
-7.681527371272754
 30
0.0
 11
2.603622038614283
 21
-7.0238144914618434
 31
0.0
  0
LINE
  5
3BE
330
17
100
AcDbEntity
  8
ENGRAVE_AWA
100
AcDbLine
 10
2.603622038614283
 20
-7.0238144914618434
 30
0.0
 11
2.4145484611003383
 21
-6.3688264379022
 31
0.0
  0
LINE
  5
3BF
330
17
100
AcDbEntity
  8
ENGRAVE_AWA
100
AcDbLine
 10
2.4145484611003383
 20
-6.3688264379022
 30
0.0
 11
2.2158080386558225
 21
-5.716706500692517
 31
0.0
  0
LINE
  5
3C0
330
17
100
AcDbEntity
  8
ENGRAVE_AWA
100
AcDbLine
 10
2.2158080386558225
 20
-5.716706500692517
 30
0.0
 11
2.0074442492260047
 21
-5.0675973424808785
 31
0.0
  0
LINE
  5
3C1
330
17
100
AcDbEntity
  8
ENGRAVE_AWA
100
AcDbLine
 10
2.0074442492260047
 20
-5.0675973424808785
 30
0.0
 11
1.7895026760361148
 21
-4.421640967254742
 31
0.0
  0
LINE
  5
3C2
330
17
100
AcDbEntity
  8
ENGRAVE_AWA
100
AcDbLine
 10
1.7895026760361148
 20
-4.421640967254742
 30
0.0
 11
1.5620309976191393
 21
-3.7789786892751316
 31
0.0
  0
LINE
  5
3C3
330
17
100
AcDbEntity
  8
ENGRAVE_AWA
100
AcDbLine
 10
1.5620309976191393
 20
-3.7789786892751316
 30
0.0
 11
1.3250789773854024
 21
-3.13975110216165
 31
0.0
  0
LINE
  5
3C4
330
17
100
AcDbEntity
  8
ENGRAVE_AWA
100
AcDbLine
 10
1.3250789773854024
 20
-3.13975110216165
 30
0.0
 11
1.0786984527358712
 21
-2.504098048135166
 31
0.0
  0
LINE
  5
3C5
330
17
100
AcDbEntity
  8
ENGRAVE_AWA
100
AcDbLine
 10
1.0786984527358712
 20
-2.504098048135166
 30
0.0
 11
0.8229433237218586
 21
-1.8721585874248774
 31
0.0
  0
LINE
  5
3C6
330
17
100
AcDbEntity
  8
ENGRAVE_AWA
100
AcDbLine
 10
0.8229433237218586
 20
-1.8721585874248774
 30
0.0
 11
0.5578695412534387
 21
-1.2440709678464792
 31
0.0
  0
LINE
  5
3C7
330
17
100
AcDbEntity
  8
ENGRAVE_AWA
100
AcDbLine
 10
0.5578695412534387
 20
-1.2440709678464792
 30
0.0
 11
0.2835350948591966
 21
-0.6199725945579893
 31
0.0
  0
LINE
  5
3C8
330
17
100
AcDbEntity
  8
ENGRAVE_AWA
100
AcDbLine
 10
0.2835350948591966
 20
-0.6199725945579893
 30
0.0
 11
0.0
 21
-3.552713678800501e-15
 31
0.0
  0
LINE
  5
3C9
330
17
100
AcDbEntity
  8
ENGRAVE_AWA
100
AcDbLine
 10
-0.0
 20
-38.95833333333333
 30
0.0
 11
-0.2835350948591966
 21
-38.33836073877535
 31
0.0
  0
LINE
  5
3CA
330
17
100
AcDbEntity
  8
ENGRAVE_AWA
100
AcDbLine
 10
-0.2835350948591966
 20
-38.33836073877535
 30
0.0
 11
-0.5578695412534387
 21
-37.71426236548685
 31
0.0
  0
LINE
  5
3CB
330
17
100
AcDbEntity
  8
ENGRAVE_AWA
100
AcDbLine
 10
-0.5578695412534387
 20
-37.71426236548685
 30
0.0
 11
-0.8229433237218586
 21
-37.08617474590845
 31
0.0
  0
LINE
  5
3CC
330
17
100
AcDbEntity
  8
ENGRAVE_AWA
100
AcDbLine
 10
-0.8229433237218586
 20
-37.08617474590845
 30
0.0
 11
-1.0786984527358712
 21
-36.45423528519817
 31
0.0
  0
LINE
  5
3CD
330
17
100
AcDbEntity
  8
ENGRAVE_AWA
100
AcDbLine
 10
-1.0786984527358712
 20
-36.45423528519817
 30
0.0
 11
-1.3250789773854024
 21
-35.81858223117169
 31
0.0
  0
LINE
  5
3CE
330
17
100
AcDbEntity
  8
ENGRAVE_AWA
100
AcDbLine
 10
-1.3250789773854024
 20
-35.81858223117169
 30
0.0
 11
-1.5620309976191393
 21
-35.17935464405821
 31
0.0
  0
LINE
  5
3CF
330
17
100
AcDbEntity
  8
ENGRAVE_AWA
100
AcDbLine
 10
-1.5620309976191393
 20
-35.17935464405821
 30
0.0
 11
-1.7895026760361148
 21
-34.53669236607859
 31
0.0
  0
LINE
  5
3D0
330
17
100
AcDbEntity
  8
ENGRAVE_AWA
100
AcDbLine
 10
-1.7895026760361148
 20
-34.53669236607859
 30
0.0
 11
-2.0074442492260047
 21
-33.890735990852455
 31
0.0
  0
LINE
  5
3D1
330
17
100
AcDbEntity
  8
ENGRAVE_AWA
100
AcDbLine
 10
-2.0074442492260047
 20
-33.890735990852455
 30
0.0
 11
-2.2158080386558225
 21
-33.24162683264082
 31
0.0
  0
LINE
  5
3D2
330
17
100
AcDbEntity
  8
ENGRAVE_AWA
100
AcDbLine
 10
-2.2158080386558225
 20
-33.24162683264082
 30
0.0
 11
-2.4145484611003383
 21
-32.58950689543114
 31
0.0
  0
LINE
  5
3D3
330
17
100
AcDbEntity
  8
ENGRAVE_AWA
100
AcDbLine
 10
-2.4145484611003383
 20
-32.58950689543114
 30
0.0
 11
-2.603622038614283
 21
-31.934518841871494
 31
0.0
  0
LINE
  5
3D4
330
17
100
AcDbEntity
  8
ENGRAVE_AWA
100
AcDbLine
 10
-2.603622038614283
 20
-31.934518841871494
 30
0.0
 11
-2.78298740804388
 21
-31.276805962060582
 31
0.0
  0
LINE
  5
3D5
330
17
100
AcDbEntity
  8
ENGRAVE_AWA
100
AcDbLine
 10
-2.78298740804388
 20
-31.276805962060582
 30
0.0
 11
-2.952605330075748
 21
-30.616512142200538
 31
0.0
  0
LINE
  5
3D6
330
17
100
AcDbEntity
  8
ENGRAVE_AWA
100
AcDbLine
 10
-2.952605330075748
 20
-30.616512142200538
 30
0.0
 11
-3.1124386978212115
 21
-29.953781833119294
 31
0.0
  0
LINE
  5
3D7
330
17
100
AcDbEntity
  8
ENGRAVE_AWA
100
AcDbLine
 10
-3.1124386978212115
 20
-29.953781833119294
 30
0.0
 11
-3.2624525449340567
 21
-29.28876001866944
 31
0.0
  0
LINE
  5
3D8
330
17
100
AcDbEntity
  8
ENGRAVE_AWA
100
AcDbLine
 10
-3.2624525449340567
 20
-29.28876001866944
 30
0.0
 11
-3.4026140532600664
 21
-28.62159218401046
 31
0.0
  0
LINE
  5
3D9
330
17
100
AcDbEntity
  8
ENGRAVE_AWA
100
AcDbLine
 10
-3.4026140532600664
 20
-28.62159218401046
 30
0.0
 11
-3.5328925600165277
 21
-27.952424283781312
 31
0.0
  0
LINE
  5
3DA
330
17
100
AcDbEntity
  8
ENGRAVE_AWA
100
AcDbLine
 10
-3.5328925600165277
 20
-27.952424283781312
 30
0.0
 11
-3.6532595645002743
 21
-27.281402710170312
 31
0.0
  0
LINE
  5
3DB
330
17
100
AcDbEntity
  8
ENGRAVE_AWA
100
AcDbLine
 10
-3.6532595645002743
 20
-27.281402710170312
 30
0.0
 11
-3.763688734322713
 21
-26.608674260889245
 31
0.0
  0
LINE
  5
3DC
330
17
100
AcDbEntity
  8
ENGRAVE_AWA
100
AcDbLine
 10
-3.763688734322713
 20
-26.608674260889245
 30
0.0
 11
-3.864155911170471
 21
-25.93438610705884
 31
0.0
  0
LINE
  5
3DD
330
17
100
AcDbEntity
  8
ENGRAVE_AWA
100
AcDbLine
 10
-3.864155911170471
 20
-25.93438610705884
 30
0.0
 11
-3.9546391160904975
 21
-25.258685761012476
 31
0.0
  0
LINE
  5
3DE
330
17
100
AcDbEntity
  8
ENGRAVE_AWA
100
AcDbLine
 10
-3.9546391160904975
 20
-25.258685761012476
 30
0.0
 11
-4.035118554298293
 21
-24.581721044025294
 31
0.0
  0
LINE
  5
3DF
330
17
100
AcDbEntity
  8
ENGRAVE_AWA
100
AcDbLine
 10
-4.035118554298293
 20
-24.581721044025294
 30
0.0
 11
-4.105576619508398
 21
-23.90364005397571
 31
0.0
  0
LINE
  5
3E0
330
17
100
AcDbEntity
  8
ENGRAVE_AWA
100
AcDbLine
 10
-4.105576619508398
 20
-23.90364005397571
 30
0.0
 11
-4.165997897786063
 21
-23.2245911329464
 31
0.0
  0
LINE
  5
3E1
330
17
100
AcDbEntity
  8
ENGRAVE_AWA
100
AcDbLine
 10
-4.165997897786063
 20
-23.2245911329464
 30
0.0
 11
-4.216369170919336
 21
-22.544722834771886
 31
0.0
  0
LINE
  5
3E2
330
17
100
AcDbEntity
  8
ENGRAVE_AWA
100
AcDbLine
 10
-4.216369170919336
 20
-22.544722834771886
 30
0.0
 11
-4.256679419310721
 21
-21.864183892539778
 31
0.0
  0
LINE
  5
3E3
330
17
100
AcDbEntity
  8
ENGRAVE_AWA
100
AcDbLine
 10
-4.256679419310721
 20
-21.864183892539778
 30
0.0
 11
-4.2869198243879865
 21
-21.1831231860528
 31
0.0
  0
LINE
  5
3E4
330
17
100
AcDbEntity
  8
ENGRAVE_AWA
100
AcDbLine
 10
-4.2869198243879865
 20
-21.1831231860528
 30
0.0
 11
-4.307083770533318
 21
-20.501689709258752
 31
0.0
  0
LINE
  5
3E5
330
17
100
AcDbEntity
  8
ENGRAVE_AWA
100
AcDbLine
 10
-4.307083770533318
 20
-20.501689709258752
 30
0.0
 11
-4.317166846530647
 21
-19.820032537655454
 31
0.0
  0
LINE
  5
3E6
330
17
100
AcDbEntity
  8
ENGRAVE_AWA
100
AcDbLine
 10
-4.317166846530647
 20
-19.820032537655454
 30
0.0
 11
-4.317166846530647
 21
-19.138300795677882
 31
0.0
  0
LINE
  5
3E7
330
17
100
AcDbEntity
  8
ENGRAVE_AWA
100
AcDbLine
 10
-4.317166846530647
 20
-19.138300795677882
 30
0.0
 11
-4.307083770533318
 21
-18.45664362407458
 31
0.0
  0
LINE
  5
3E8
330
17
100
AcDbEntity
  8
ENGRAVE_AWA
100
AcDbLine
 10
-4.307083770533318
 20
-18.45664362407458
 30
0.0
 11
-4.2869198243879865
 21
-17.775210147280536
 31
0.0
  0
LINE
  5
3E9
330
17
100
AcDbEntity
  8
ENGRAVE_AWA
100
AcDbLine
 10
-4.2869198243879865
 20
-17.775210147280536
 30
0.0
 11
-4.256679419310721
 21
-17.094149440793558
 31
0.0
  0
LINE
  5
3EA
330
17
100
AcDbEntity
  8
ENGRAVE_AWA
100
AcDbLine
 10
-4.256679419310721
 20
-17.094149440793558
 30
0.0
 11
-4.216369170919336
 21
-16.413610498561447
 31
0.0
  0
LINE
  5
3EB
330
17
100
AcDbEntity
  8
ENGRAVE_AWA
100
AcDbLine
 10
-4.216369170919336
 20
-16.413610498561447
 30
0.0
 11
-4.165997897786063
 21
-15.733742200386933
 31
0.0
  0
LINE
  5
3EC
330
17
100
AcDbEntity
  8
ENGRAVE_AWA
100
AcDbLine
 10
-4.165997897786063
 20
-15.733742200386933
 30
0.0
 11
-4.105576619508398
 21
-15.054693279357625
 31
0.0
  0
LINE
  5
3ED
330
17
100
AcDbEntity
  8
ENGRAVE_AWA
100
AcDbLine
 10
-4.105576619508398
 20
-15.054693279357625
 30
0.0
 11
-4.035118554298293
 21
-14.376612289308042
 31
0.0
  0
LINE
  5
3EE
330
17
100
AcDbEntity
  8
ENGRAVE_AWA
100
AcDbLine
 10
-4.035118554298293
 20
-14.376612289308042
 30
0.0
 11
-3.9546391160904975
 21
-13.699647572320856
 31
0.0
  0
LINE
  5
3EF
330
17
100
AcDbEntity
  8
ENGRAVE_AWA
100
AcDbLine
 10
-3.9546391160904975
 20
-13.699647572320856
 30
0.0
 11
-3.864155911170471
 21
-13.023947226274492
 31
0.0
  0
LINE
  5
3F0
330
17
100
AcDbEntity
  8
ENGRAVE_AWA
100
AcDbLine
 10
-3.864155911170471
 20
-13.023947226274492
 30
0.0
 11
-3.763688734322713
 21
-12.349659072444087
 31
0.0
  0
LINE
  5
3F1
330
17
100
AcDbEntity
  8
ENGRAVE_AWA
100
AcDbLine
 10
-3.763688734322713
 20
-12.349659072444087
 30
0.0
 11
-3.6532595645002743
 21
-11.676930623163024
 31
0.0
  0
LINE
  5
3F2
330
17
100
AcDbEntity
  8
ENGRAVE_AWA
100
AcDbLine
 10
-3.6532595645002743
 20
-11.676930623163024
 30
0.0
 11
-3.5328925600165277
 21
-11.005909049552024
 31
0.0
  0
LINE
  5
3F3
330
17
100
AcDbEntity
  8
ENGRAVE_AWA
100
AcDbLine
 10
-3.5328925600165277
 20
-11.005909049552024
 30
0.0
 11
-3.4026140532600735
 21
-10.33674114932288
 31
0.0
  0
LINE
  5
3F4
330
17
100
AcDbEntity
  8
ENGRAVE_AWA
100
AcDbLine
 10
-3.4026140532600735
 20
-10.33674114932288
 30
0.0
 11
-3.2624525449340567
 21
-9.669573314663893
 31
0.0
  0
LINE
  5
3F5
330
17
100
AcDbEntity
  8
ENGRAVE_AWA
100
AcDbLine
 10
-3.2624525449340567
 20
-9.669573314663893
 30
0.0
 11
-3.1124386978212044
 21
-9.004551500214038
 31
0.0
  0
LINE
  5
3F6
330
17
100
AcDbEntity
  8
ENGRAVE_AWA
100
AcDbLine
 10
-3.1124386978212044
 20
-9.004551500214038
 30
0.0
 11
-2.952605330075748
 21
-8.341821191132796
 31
0.0
  0
LINE
  5
3F7
330
17
100
AcDbEntity
  8
ENGRAVE_AWA
100
AcDbLine
 10
-2.952605330075748
 20
-8.341821191132796
 30
0.0
 11
-2.78298740804388
 21
-7.681527371272754
 31
0.0
  0
LINE
  5
3F8
330
17
100
AcDbEntity
  8
ENGRAVE_AWA
100
AcDbLine
 10
-2.78298740804388
 20
-7.681527371272754
 30
0.0
 11
-2.603622038614283
 21
-7.0238144914618434
 31
0.0
  0
LINE
  5
3F9
330
17
100
AcDbEntity
  8
ENGRAVE_AWA
100
AcDbLine
 10
-2.603622038614283
 20
-7.0238144914618434
 30
0.0
 11
-2.4145484611003383
 21
-6.3688264379022
 31
0.0
  0
LINE
  5
3FA
330
17
100
AcDbEntity
  8
ENGRAVE_AWA
100
AcDbLine
 10
-2.4145484611003383
 20
-6.3688264379022
 30
0.0
 11
-2.2158080386558225
 21
-5.716706500692517
 31
0.0
  0
LINE
  5
3FB
330
17
100
AcDbEntity
  8
ENGRAVE_AWA
100
AcDbLine
 10
-2.2158080386558225
 20
-5.716706500692517
 30
0.0
 11
-2.0074442492260047
 21
-5.0675973424808785
 31
0.0
  0
LINE
  5
3FC
330
17
100
AcDbEntity
  8
ENGRAVE_AWA
100
AcDbLine
 10
-2.0074442492260047
 20
-5.0675973424808785
 30
0.0
 11
-1.7895026760361148
 21
-4.421640967254742
 31
0.0
  0
LINE
  5
3FD
330
17
100
AcDbEntity
  8
ENGRAVE_AWA
100
AcDbLine
 10
-1.7895026760361148
 20
-4.421640967254742
 30
0.0
 11
-1.5620309976191393
 21
-3.7789786892751316
 31
0.0
  0
LINE
  5
3FE
330
17
100
AcDbEntity
  8
ENGRAVE_AWA
100
AcDbLine
 10
-1.5620309976191393
 20
-3.7789786892751316
 30
0.0
 11
-1.3250789773854024
 21
-3.13975110216165
 31
0.0
  0
LINE
  5
3FF
330
17
100
AcDbEntity
  8
ENGRAVE_AWA
100
AcDbLine
 10
-1.3250789773854024
 20
-3.13975110216165
 30
0.0
 11
-1.0786984527358712
 21
-2.504098048135166
 31
0.0
  0
LINE
  5
400
330
17
100
AcDbEntity
  8
ENGRAVE_AWA
100
AcDbLine
 10
-1.0786984527358712
 20
-2.504098048135166
 30
0.0
 11
-0.8229433237218586
 21
-1.8721585874248774
 31
0.0
  0
LINE
  5
401
330
17
100
AcDbEntity
  8
ENGRAVE_AWA
100
AcDbLine
 10
-0.8229433237218586
 20
-1.8721585874248774
 30
0.0
 11
-0.5578695412534387
 21
-1.2440709678464792
 31
0.0
  0
LINE
  5
402
330
17
100
AcDbEntity
  8
ENGRAVE_AWA
100
AcDbLine
 10
-0.5578695412534387
 20
-1.2440709678464792
 30
0.0
 11
-0.2835350948591966
 21
-0.6199725945579893
 31
0.0
  0
LINE
  5
403
330
17
100
AcDbEntity
  8
ENGRAVE_AWA
100
AcDbLine
 10
-0.2835350948591966
 20
-0.6199725945579893
 30
0.0
 11
-0.0
 21
-3.552713678800501e-15
 31
0.0
  0
TEXT
  5
404
330
17
100
AcDbEntity
  8
ENGRAVE_TEXT
100
AcDbText
 10
4.756679419310721
 20
-16.69414944079356
 30
0.0
 40
2.5
  1
155°
 11
4.756679419310721
 21
-16.69414944079356
 31
0.0
100
AcDbText
 73
2
  0
TEXT
  5
405
330
17
100
AcDbEntity
  8
ENGRAVE_TEXT
100
AcDbText
 10
-4.756679419310721
 20
-16.69414944079356
 30
0.0
 40
2.5
  1
155°
 72
2
 11
-4.756679419310721
 21
-16.69414944079356
 31
0.0
100
AcDbText
 73
2
  0
ARC
  5
406
330
17
100
AcDbEntity
  8
ENGRAVE_AWA
100
AcDbCircle
 10
0.0
 20
-38.958333333333336
 30
0.0
 40
7.791666666666668
100
AcDbArc
 50
285.92946943394736
 51
254.0705305660526
  0
TEXT
  5
407
330
17
100
AcDbEntity
  8
ENGRAVE_TEXT
100
AcDbText
 10
0.8
 20
-31.166666666666668
 30
0.0
 40
2.6
  1
0.2
 11
0.8
 21
-31.166666666666668
 31
0.0
100
AcDbText
 73
1
  0
ARC
  5
408
330
17
100
AcDbEntity
  8
ENGRAVE_AWA
100
AcDbCircle
 10
0.0
 20
-38.958333333333336
 30
0.0
 40
15.583333333333336
100
AcDbArc
 50
340.68265224777025
 51
199.31734775222978
  0
TEXT
  5
409
330
17
100
AcDbEntity
  8
ENGRAVE_TEXT
100
AcDbText
 10
0.8
 20
-23.375
 30
0.0
 40
2.6
  1
0.4
 11
0.8
 21
-23.375
 31
0.0
100
AcDbText
 73
1
  0
ARC
  5
40A
330
17
100
AcDbEntity
  8
ENGRAVE_AWA
100
AcDbCircle
 10
0.0
 20
-38.958333333333336
 30
0.0
 40
23.375000000000004
100
AcDbArc
 50
356.9121675809565
 51
183.08783241904345
  0
TEXT
  5
40B
330
17
100
AcDbEntity
  8
ENGRAVE_TEXT
100
AcDbText
 10
0.8
 20
-15.583333333333332
 30
0.0
 40
2.6
  1
0.6
 11
0.8
 21
-15.583333333333332
 31
0.0
100
AcDbText
 73
1
  0
ARC
  5
40C
330
17
100
AcDbEntity
  8
ENGRAVE_AWA
100
AcDbCircle
 10
0.0
 20
-38.958333333333336
 30
0.0
 40
31.16666666666667
100
AcDbArc
 50
7.735486501975511
 51
172.26451349802448
  0
TEXT
  5
40D
330
17
100
AcDbEntity
  8
ENGRAVE_TEXT
100
AcDbText
 10
0.8
 20
-7.791666666666664
 30
0.0
 40
2.6
  1
0.8
 11
0.8
 21
-7.791666666666664
 31
0.0
100
AcDbText
 73
1
  0
ARC
  5
40E
330
17
100
AcDbEntity
  8
ENGRAVE_AWA
100
AcDbCircle
 10
0.0
 20
-38.958333333333336
 30
0.0
 40
38.95833333333334
100
AcDbArc
 50
16.719108586896688
 51
163.28089141310332
  0
TEXT
  5
40F
330
17
100
AcDbEntity
  8
ENGRAVE_TEXT
100
AcDbText
 10
0.8
 20
7.105427357601002e-15
 30
0.0
 40
2.6
  1
1.0
 11
0.8
 21
7.105427357601002e-15
 31
0.0
100
AcDbText
 73
1
  0
ARC
  5
410
330
17
100
AcDbEntity
  8
ENGRAVE_AWA
100
AcDbCircle
 10
0.0
 20
-38.958333333333336
 30
0.0
 40
46.75000000000001
100
AcDbArc
 50
25.02834804398752
 51
154.97165195601247
  0
TEXT
  5
411
330
17
100
AcDbEntity
  8
ENGRAVE_TEXT
100
AcDbText
 10
0.8
 20
7.791666666666671
 30
0.0
 40
2.6
  1
1.2
 11
0.8
 21
7.791666666666671
 31
0.0
100
AcDbText
 73
1
  0
ARC
  5
412
330
17
100
AcDbEntity
  8
ENGRAVE_AWA
100
AcDbCircle
 10
0.0
 20
-38.958333333333336
 30
0.0
 40
54.54166666666667
100
AcDbArc
 50
33.253397475259014
 51
146.74660252474098
  0
TEXT
  5
413
330
17
100
AcDbEntity
  8
ENGRAVE_TEXT
100
AcDbText
 10
0.8
 20
15.583333333333336
 30
0.0
 40
2.6
  1
1.4
 11
0.8
 21
15.583333333333336
 31
0.0
100
AcDbText
 73
1
  0
ARC
  5
414
330
17
100
AcDbEntity
  8
ENGRAVE_AWA
100
AcDbCircle
 10
0.0
 20
-38.958333333333336
 30
0.0
 40
62.33333333333334
100
AcDbArc
 50
41.85901533392283
 51
138.14098466607717
  0
TEXT
  5
415
330
17
100
AcDbEntity
  8
ENGRAVE_TEXT
100
AcDbText
 10
0.8
 20
23.375000000000007
 30
0.0
 40
2.6
  1
1.6
 11
0.8
 21
23.375000000000007
 31
0.0
100
AcDbText
 73
1
  0
ARC
  5
416
330
17
100
AcDbEntity
  8
ENGRAVE_AWA
100
AcDbCircle
 10
0.0
 20
-38.958333333333336
 30
0.0
 40
70.12500000000001
100
AcDbArc
 50
51.4481430212152
 51
128.5518569787848
  0
TEXT
  5
417
330
17
100
AcDbEntity
  8
ENGRAVE_TEXT
100
AcDbText
 10
0.8
 20
31.16666666666668
 30
0.0
 40
2.6
  1
1.8
 11
0.8
 21
31.16666666666668
 31
0.0
100
AcDbText
 73
1
  0
ARC
  5
418
330
17
100
AcDbEntity
  8
ENGRAVE_AWA
100
AcDbCircle
 10
0.0
 20
-38.958333333333336
 30
0.0
 40
77.91666666666669
100
AcDbArc
 50
63.35981451017795
 51
116.64018548982204
  0
TEXT
  5
419
330
17
100
AcDbEntity
  8
ENGRAVE_TEXT
100
AcDbText
 10
0.8
 20
38.95833333333335
 30
0.0
 40
2.6
  1
2.0
 11
0.8
 21
38.95833333333335
 31
0.0
100
AcDbText
 73
1
  0
LINE
  5
41A
330
17
100
AcDbEntity
  8
ENGRAVE_POLARS
100
AcDbLine
 10
21.06631326796153
 20
23.127237643646694
 30
0.0
 11
21.383173205573396
 21
23.0518674110614
 31
0.0
  0
LINE
  5
41B
330
17
100
AcDbEntity
  8
ENGRAVE_POLARS
100
AcDbLine
 10
21.383173205573396
 20
23.0518674110614
 30
0.0
 11
21.78968380855016
 21
22.964357689002835
 31
0.0
  0
LINE
  5
41C
330
17
100
AcDbEntity
  8
ENGRAVE_POLARS
100
AcDbLine
 10
21.78968380855016
 20
22.964357689002835
 30
0.0
 11
22.2707958662922
 21
22.86490865382897
 31
0.0
  0
LINE
  5
41D
330
17
100
AcDbEntity
  8
ENGRAVE_POLARS
100
AcDbLine
 10
22.2707958662922
 20
22.86490865382897
 30
0.0
 11
22.811460168199893
 21
22.75372048189778
 31
0.0
  0
LINE
  5
41E
330
17
100
AcDbEntity
  8
ENGRAVE_POLARS
100
AcDbLine
 10
22.811460168199893
 20
22.75372048189778
 30
0.0
 11
23.39662750367363
 21
22.630993349567273
 31
0.0
  0
LINE
  5
41F
330
17
100
AcDbEntity
  8
ENGRAVE_POLARS
100
AcDbLine
 10
23.39662750367363
 20
22.630993349567273
 30
0.0
 11
24.011248662113772
 21
22.496927433195417
 31
0.0
  0
LINE
  5
420
330
17
100
AcDbEntity
  8
ENGRAVE_POLARS
100
AcDbLine
 10
24.011248662113772
 20
22.496927433195417
 30
0.0
 11
24.64027443292071
 21
22.351722909140186
 31
0.0
  0
LINE
  5
421
330
17
100
AcDbEntity
  8
ENGRAVE_POLARS
100
AcDbLine
 10
24.64027443292071
 20
22.351722909140186
 30
0.0
 11
25.268655605494818
 21
22.195579953759573
 31
0.0
  0
LINE
  5
422
330
17
100
AcDbEntity
  8
ENGRAVE_POLARS
100
AcDbLine
 10
25.268655605494818
 20
22.195579953759573
 30
0.0
 11
25.881342969236478
 21
22.02869874341156
 31
0.0
  0
LINE
  5
423
330
17
100
AcDbEntity
  8
ENGRAVE_POLARS
100
AcDbLine
 10
25.881342969236478
 20
22.02869874341156
 30
0.0
 11
26.463287313546072
 21
21.85127945445413
 31
0.0
  0
LINE
  5
424
330
17
100
AcDbEntity
  8
ENGRAVE_POLARS
100
AcDbLine
 10
26.463287313546072
 20
21.85127945445413
 30
0.0
 11
26.99943942782398
 21
21.663522263245255
 31
0.0
  0
LINE
  5
425
330
17
100
AcDbEntity
  8
ENGRAVE_POLARS
100
AcDbLine
 10
26.99943942782398
 20
21.663522263245255
 30
0.0
 11
27.47475010147057
 21
21.465627346142934
 31
0.0
  0
LINE
  5
426
330
17
100
AcDbEntity
  8
ENGRAVE_POLARS
100
AcDbLine
 10
27.47475010147057
 20
21.465627346142934
 30
0.0
 11
27.901361476713106
 21
21.259547463860752
 31
0.0
  0
LINE
  5
427
330
17
100
AcDbEntity
  8
ENGRAVE_POLARS
100
AcDbLine
 10
27.901361476713106
 20
21.259547463860752
 30
0.0
 11
28.30341769198671
 21
21.046306908098668
 31
0.0
  0
LINE
  5
428
330
17
100
AcDbEntity
  8
ENGRAVE_POLARS
100
AcDbLine
 10
28.30341769198671
 20
21.046306908098668
 30
0.0
 11
28.683872531003537
 21
20.824713151694162
 31
0.0
  0
LINE
  5
429
330
17
100
AcDbEntity
  8
ENGRAVE_POLARS
100
AcDbLine
 10
28.683872531003537
 20
20.824713151694162
 30
0.0
 11
29.04567977747575
 21
20.593573667484762
 31
0.0
  0
LINE
  5
42A
330
17
100
AcDbEntity
  8
ENGRAVE_POLARS
100
AcDbLine
 10
29.04567977747575
 20
20.593573667484762
 30
0.0
 11
29.391793215115527
 21
20.351695928307958
 31
0.0
  0
LINE
  5
42B
330
17
100
AcDbEntity
  8
ENGRAVE_POLARS
100
AcDbLine
 10
29.391793215115527
 20
20.351695928307958
 30
0.0
 11
29.725166627635005
 21
20.097887407001252
 31
0.0
  0
LINE
  5
42C
330
17
100
AcDbEntity
  8
ENGRAVE_POLARS
100
AcDbLine
 10
29.725166627635005
 20
20.097887407001252
 30
0.0
 11
30.04875379874636
 21
19.83095557640215
 31
0.0
  0
LINE
  5
42D
330
17
100
AcDbEntity
  8
ENGRAVE_POLARS
100
AcDbLine
 10
30.04875379874636
 20
19.83095557640215
 30
0.0
 11
30.36550851216176
 21
19.549707909348157
 31
0.0
  0
LINE
  5
42E
330
17
100
AcDbEntity
  8
ENGRAVE_POLARS
100
AcDbLine
 10
30.36550851216176
 20
19.549707909348157
 30
0.0
 11
30.678384551593368
 21
19.25295187867678
 31
0.0
  0
LINE
  5
42F
330
17
100
AcDbEntity
  8
ENGRAVE_POLARS
100
AcDbLine
 10
30.678384551593368
 20
19.25295187867678
 30
0.0
 11
30.990335700753334
 21
18.939494957225513
 31
0.0
  0
LINE
  5
430
330
17
100
AcDbEntity
  8
ENGRAVE_POLARS
100
AcDbLine
 10
30.990335700753334
 20
18.939494957225513
 30
0.0
 11
31.304315743353833
 21
18.608144617831858
 31
0.0
  0
LINE
  5
431
330
17
100
AcDbEntity
  8
ENGRAVE_POLARS
100
AcDbLine
 10
31.304315743353833
 20
18.608144617831858
 30
0.0
 11
31.623278463107024
 21
18.25770833333333
 31
0.0
  0
LINE
  5
432
330
17
100
AcDbEntity
  8
ENGRAVE_POLARS
100
AcDbLine
 10
31.623278463107024
 20
18.25770833333333
 30
0.0
 11
31.950011740405152
 21
17.874997969021695
 31
0.0
  0
LINE
  5
433
330
17
100
AcDbEntity
  8
ENGRAVE_POLARS
100
AcDbLine
 10
31.950011740405152
 20
17.874997969021695
 30
0.0
 11
32.28306737144819
 21
17.45292201425992
 31
0.0
  0
LINE
  5
434
330
17
100
AcDbEntity
  8
ENGRAVE_POLARS
100
AcDbLine
 10
32.28306737144819
 20
17.45292201425992
 30
0.0
 11
32.6190450136599
 21
16.999432877992238
 31
0.0
  0
LINE
  5
435
330
17
100
AcDbEntity
  8
ENGRAVE_POLARS
100
AcDbLine
 10
32.6190450136599
 20
16.999432877992238
 30
0.0
 11
32.95454432446405
 21
16.522482969162915
 31
0.0
  0
LINE
  5
436
330
17
100
AcDbEntity
  8
ENGRAVE_POLARS
100
AcDbLine
 10
32.95454432446405
 20
16.522482969162915
 30
0.0
 11
33.28616496128441
 21
16.030024696716204
 31
0.0
  0
LINE
  5
437
330
17
100
AcDbEntity
  8
ENGRAVE_POLARS
100
AcDbLine
 10
33.28616496128441
 20
16.030024696716204
 30
0.0
 11
33.61050658154473
 21
15.530010469596359
 31
0.0
  0
LINE
  5
438
330
17
100
AcDbEntity
  8
ENGRAVE_POLARS
100
AcDbLine
 10
33.61050658154473
 20
15.530010469596359
 30
0.0
 11
33.92416884266879
 21
15.030392696747624
 31
0.0
  0
LINE
  5
439
330
17
100
AcDbEntity
  8
ENGRAVE_POLARS
100
AcDbLine
 10
33.92416884266879
 20
15.030392696747624
 30
0.0
 11
34.22375140208034
 21
14.53912378711427
 31
0.0
  0
LINE
  5
43A
330
17
100
AcDbEntity
  8
ENGRAVE_POLARS
100
AcDbLine
 10
34.22375140208034
 20
14.53912378711427
 30
0.0
 11
34.50585391720315
 21
14.064156149640544
 31
0.0
  0
LINE
  5
43B
330
17
100
AcDbEntity
  8
ENGRAVE_POLARS
100
AcDbLine
 10
34.50585391720315
 20
14.064156149640544
 30
0.0
 11
34.767076045460975
 21
13.613442193270693
 31
0.0
  0
LINE
  5
43C
330
17
100
AcDbEntity
  8
ENGRAVE_POLARS
100
AcDbLine
 10
34.767076045460975
 20
13.613442193270693
 30
0.0
 11
35.00401744427758
 21
13.19493432694898
 31
0.0
  0
LINE
  5
43D
330
17
100
AcDbEntity
  8
ENGRAVE_POLARS
100
AcDbLine
 10
35.00401744427758
 20
13.19493432694898
 30
0.0
 11
35.21327777107675
 21
12.816584959619657
 31
0.0
  0
LINE
  5
43E
330
17
100
AcDbEntity
  8
ENGRAVE_POLARS
100
AcDbLine
 10
35.21327777107675
 20
12.816584959619657
 30
0.0
 11
35.39231166001466
 21
12.476984784420775
 31
0.0
  0
LINE
  5
43F
330
17
100
AcDbEntity
  8
ENGRAVE_POLARS
100
AcDbLine
 10
35.39231166001466
 20
12.476984784420775
 30
0.0
 11
35.543208797455755
 21
12.166561614501
 31
0.0
  0
LINE
  5
440
330
17
100
AcDbEntity
  8
ENGRAVE_POLARS
100
AcDbLine
 10
35.543208797455755
 20
12.166561614501
 30
0.0
 11
35.66952141913603
 21
11.881023538820504
 31
0.0
  0
LINE
  5
441
330
17
100
AcDbEntity
  8
ENGRAVE_POLARS
100
AcDbLine
 10
35.66952141913603
 20
11.881023538820504
 30
0.0
 11
35.77480176079152
 21
11.61607864633946
 31
0.0
  0
LINE
  5
442
330
17
100
AcDbEntity
  8
ENGRAVE_POLARS
100
AcDbLine
 10
35.77480176079152
 20
11.61607864633946
 30
0.0
 11
35.862602058158274
 21
11.367435026018047
 31
0.0
  0
LINE
  5
443
330
17
100
AcDbEntity
  8
ENGRAVE_POLARS
100
AcDbLine
 10
35.862602058158274
 20
11.367435026018047
 30
0.0
 11
35.93647454697233
 21
11.130800766816431
 31
0.0
  0
LINE
  5
444
330
17
100
AcDbEntity
  8
ENGRAVE_POLARS
100
AcDbLine
 10
35.93647454697233
 20
11.130800766816431
 30
0.0
 11
35.99997146296969
 21
10.901883957694787
 31
0.0
  0
LINE
  5
445
330
17
100
AcDbEntity
  8
ENGRAVE_POLARS
100
AcDbLine
 10
35.99997146296969
 20
10.901883957694787
 30
0.0
 11
36.05664504188642
 21
10.676392687613294
 31
0.0
  0
LINE
  5
446
330
17
100
AcDbEntity
  8
ENGRAVE_POLARS
100
AcDbLine
 10
36.05664504188642
 20
10.676392687613294
 30
0.0
 11
36.11004751945854
 21
10.45003504553212
 31
0.0
  0
LINE
  5
447
330
17
100
AcDbEntity
  8
ENGRAVE_POLARS
100
AcDbLine
 10
36.11004751945854
 20
10.45003504553212
 30
0.0
 11
36.16373113142208
 21
10.21851912041144
 31
0.0
  0
LINE
  5
448
330
17
100
AcDbEntity
  8
ENGRAVE_POLARS
100
AcDbLine
 10
36.16373113142208
 20
10.21851912041144
 30
0.0
 11
36.22124811351308
 21
9.977553001211422
 31
0.0
  0
LINE
  5
449
330
17
100
AcDbEntity
  8
ENGRAVE_POLARS
100
AcDbLine
 10
36.22124811351308
 20
9.977553001211422
 30
0.0
 11
36.28615070146757
 21
9.72284477689225
 31
0.0
  0
LINE
  5
44A
330
17
100
AcDbEntity
  8
ENGRAVE_POLARS
100
AcDbLine
 10
36.28615070146757
 20
9.72284477689225
 30
0.0
 11
36.35058713842043
 21
9.469463022134446
 31
0.0
  0
LINE
  5
44B
330
17
100
AcDbEntity
  8
ENGRAVE_POLARS
100
AcDbLine
 10
36.35058713842043
 20
9.469463022134446
 30
0.0
 11
36.40568568556363
 21
9.231678914687254
 31
0.0
  0
LINE
  5
44C
330
17
100
AcDbEntity
  8
ENGRAVE_POLARS
100
AcDbLine
 10
36.40568568556363
 20
9.231678914687254
 30
0.0
 11
36.45346860571887
 21
9.004004448113909
 31
0.0
  0
LINE
  5
44D
330
17
100
AcDbEntity
  8
ENGRAVE_POLARS
100
AcDbLine
 10
36.45346860571887
 20
9.004004448113909
 30
0.0
 11
36.4959581617078
 21
8.780951615977646
 31
0.0
  0
LINE
  5
44E
330
17
100
AcDbEntity
  8
ENGRAVE_POLARS
100
AcDbLine
 10
36.4959581617078
 20
8.780951615977646
 30
0.0
 11
36.53517661635214
 21
8.557032411841705
 31
0.0
  0
LINE
  5
44F
330
17
100
AcDbEntity
  8
ENGRAVE_POLARS
100
AcDbLine
 10
36.53517661635214
 20
8.557032411841705
 30
0.0
 11
36.57314623247354
 21
8.326758829269318
 31
0.0
  0
LINE
  5
450
330
17
100
AcDbEntity
  8
ENGRAVE_POLARS
100
AcDbLine
 10
36.57314623247354
 20
8.326758829269318
 30
0.0
 11
36.61188927289369
 21
8.084642861823726
 31
0.0
  0
LINE
  5
451
330
17
100
AcDbEntity
  8
ENGRAVE_POLARS
100
AcDbLine
 10
36.61188927289369
 20
8.084642861823726
 30
0.0
 11
36.65342800043428
 21
7.825196503068164
 31
0.0
  0
LINE
  5
452
330
17
100
AcDbEntity
  8
ENGRAVE_POLARS
100
AcDbLine
 10
36.65342800043428
 20
7.825196503068164
 30
0.0
 11
36.699784677917
 21
7.542931746565868
 31
0.0
  0
LINE
  5
453
330
17
100
AcDbEntity
  8
ENGRAVE_POLARS
100
AcDbLine
 10
36.699784677917
 20
7.542931746565868
 30
0.0
 11
36.752981568163506
 21
7.232360585880076
 31
0.0
  0
LINE
  5
454
330
17
100
AcDbEntity
  8
ENGRAVE_POLARS
100
AcDbLine
 10
36.752981568163506
 20
7.232360585880076
 30
0.0
 11
36.8150409339955
 21
6.887995014574023
 31
0.0
  0
LINE
  5
455
330
17
100
AcDbEntity
  8
ENGRAVE_POLARS
100
AcDbLine
 10
36.8150409339955
 20
6.887995014574023
 30
0.0
 11
36.88798503823465
 21
6.5043470262109455
 31
0.0
  0
LINE
  5
456
330
17
100
AcDbEntity
  8
ENGRAVE_POLARS
100
AcDbLine
 10
36.88798503823465
 20
6.5043470262109455
 30
0.0
 11
36.97985728421507
 21
6.099411320122066
 31
0.0
  0
LINE
  5
457
330
17
100
AcDbEntity
  8
ENGRAVE_POLARS
100
AcDbLine
 10
36.97985728421507
 20
6.099411320122066
 30
0.0
 11
37.093570096434796
 21
5.690625984721901
 31
0.0
  0
LINE
  5
458
330
17
100
AcDbEntity
  8
ENGRAVE_POLARS
100
AcDbLine
 10
37.093570096434796
 20
5.690625984721901
 30
0.0
 11
37.22344926946144
 21
5.271668097198636
 31
0.0
  0
LINE
  5
459
330
17
100
AcDbEntity
  8
ENGRAVE_POLARS
100
AcDbLine
 10
37.22344926946144
 20
5.271668097198636
 30
0.0
 11
37.36382059786259
 21
4.836214734740453
 31
0.0
  0
LINE
  5
45A
330
17
100
AcDbEntity
  8
ENGRAVE_POLARS
100
AcDbLine
 10
37.36382059786259
 20
4.836214734740453
 30
0.0
 11
37.509009876205866
 21
4.3779429745355385
 31
0.0
  0
LINE
  5
45B
330
17
100
AcDbEntity
  8
ENGRAVE_POLARS
100
AcDbLine
 10
37.509009876205866
 20
4.3779429745355385
 30
0.0
 11
37.653342899058856
 21
3.8905298937720723
 31
0.0
  0
LINE
  5
45C
330
17
100
AcDbEntity
  8
ENGRAVE_POLARS
100
AcDbLine
 10
37.653342899058856
 20
3.8905298937720723
 30
0.0
 11
37.79114546098917
 21
3.3676525696382393
 31
0.0
  0
LINE
  5
45D
330
17
100
AcDbEntity
  8
ENGRAVE_POLARS
100
AcDbLine
 10
37.79114546098917
 20
3.3676525696382393
 30
0.0
 11
37.91674335656441
 21
2.802988079322224
 31
0.0
  0
LINE
  5
45E
330
17
100
AcDbEntity
  8
ENGRAVE_POLARS
100
AcDbLine
 10
37.91674335656441
 20
2.802988079322224
 30
0.0
 11
38.02446238035218
 21
2.1902135000122094
 31
0.0
  0
LINE
  5
45F
330
17
100
AcDbEntity
  8
ENGRAVE_POLARS
100
AcDbLine
 10
38.02446238035218
 20
2.1902135000122094
 30
0.0
 11
38.108628326920076
 21
1.5230059088963777
 31
0.0
  0
LINE
  5
460
330
17
100
AcDbEntity
  8
ENGRAVE_POLARS
100
AcDbLine
 10
38.108628326920076
 20
1.5230059088963777
 30
0.0
 11
38.163566990835704
 21
0.7950423831629132
 31
0.0
  0
LINE
  5
461
330
17
100
AcDbEntity
  8
ENGRAVE_POLARS
100
AcDbLine
 10
38.163566990835704
 20
0.7950423831629132
 30
0.0
 11
38.18360416666667
 21
0.0
 31
0.0
  0
LINE
  5
462
330
17
100
AcDbEntity
  8
ENGRAVE_POLARS
100
AcDbLine
 10
38.18360416666667
 20
0.0
 30
0.0
 11
38.17455147709647
 21
-0.9010983373657665
 31
0.0
  0
LINE
  5
463
330
17
100
AcDbEntity
  8
ENGRAVE_POLARS
100
AcDbLine
 10
38.17455147709647
 20
-0.9010983373657665
 30
0.0
 11
38.146297269759074
 21
-1.9261585019954794
 31
0.0
  0
LINE
  5
464
330
17
100
AcDbEntity
  8
ENGRAVE_POLARS
100
AcDbLine
 10
38.146297269759074
 20
-1.9261585019954794
 30
0.0
 11
38.09928242664771
 21
-3.04989658113249
 31
0.0
  0
LINE
  5
465
330
17
100
AcDbEntity
  8
ENGRAVE_POLARS
100
AcDbLine
 10
38.09928242664771
 20
-3.04989658113249
 30
0.0
 11
38.03394782975561
 21
-4.24702866202015
 31
0.0
  0
LINE
  5
466
330
17
100
AcDbEntity
  8
ENGRAVE_POLARS
100
AcDbLine
 10
38.03394782975561
 20
-4.24702866202015
 30
0.0
 11
37.95073436107606
 21
-5.492270831901809
 31
0.0
  0
LINE
  5
467
330
17
100
AcDbEntity
  8
ENGRAVE_POLARS
100
AcDbLine
 10
37.95073436107606
 20
-5.492270831901809
 30
0.0
 11
37.85008290260227
 21
-6.760339178020818
 31
0.0
  0
LINE
  5
468
330
17
100
AcDbEntity
  8
ENGRAVE_POLARS
100
AcDbLine
 10
37.85008290260227
 20
-6.760339178020818
 30
0.0
 11
37.7324343363275
 21
-8.025949787620531
 31
0.0
  0
LINE
  5
469
330
17
100
AcDbEntity
  8
ENGRAVE_POLARS
100
AcDbLine
 10
37.7324343363275
 20
-8.025949787620531
 30
0.0
 11
37.598229544244994
 21
-9.263818747944295
 31
0.0
  0
LINE
  5
46A
330
17
100
AcDbEntity
  8
ENGRAVE_POLARS
100
AcDbLine
 10
37.598229544244994
 20
-9.263818747944295
 30
0.0
 11
37.44790940834801
 21
-10.448662146235462
 31
0.0
  0
LINE
  5
46B
330
17
100
AcDbEntity
  8
ENGRAVE_POLARS
100
AcDbLine
 10
37.44790940834801
 20
-10.448662146235462
 30
0.0
 11
37.28191481062978
 21
-11.555196069737384
 31
0.0
  0
LINE
  5
46C
330
17
100
AcDbEntity
  8
ENGRAVE_POLARS
100
AcDbLine
 10
37.28191481062978
 20
-11.555196069737384
 30
0.0
 11
37.100686633083555
 21
-12.558136605693416
 31
0.0
  0
LINE
  5
46D
330
17
100
AcDbEntity
  8
ENGRAVE_POLARS
100
AcDbLine
 10
37.100686633083555
 20
-12.558136605693416
 30
0.0
 11
36.90466575770258
 21
-13.432199841346904
 31
0.0
  0
LINE
  5
46E
330
17
100
AcDbEntity
  8
ENGRAVE_POLARS
100
AcDbLine
 10
36.90466575770258
 20
-13.432199841346904
 30
0.0
 11
36.70319598871492
 21
-14.184927767235525
 31
0.0
  0
LINE
  5
46F
330
17
100
AcDbEntity
  8
ENGRAVE_POLARS
100
AcDbLine
 10
36.70319598871492
 20
-14.184927767235525
 30
0.0
 11
36.501742421182136
 21
-14.848702282163236
 31
0.0
  0
LINE
  5
470
330
17
100
AcDbEntity
  8
ENGRAVE_POLARS
100
AcDbLine
 10
36.501742421182136
 20
-14.848702282163236
 30
0.0
 11
36.294927873347795
 21
-15.435499335772809
 31
0.0
  0
LINE
  5
471
330
17
100
AcDbEntity
  8
ENGRAVE_POLARS
100
AcDbLine
 10
36.294927873347795
 20
-15.435499335772809
 30
0.0
 11
36.077375163455415
 21
-15.957294877707014
 31
0.0
  0
LINE
  5
472
330
17
100
AcDbEntity
  8
ENGRAVE_POLARS
100
AcDbLine
 10
36.077375163455415
 20
-15.957294877707014
 30
0.0
 11
35.84370710974855
 21
-16.426064857608626
 31
0.0
  0
LINE
  5
473
330
17
100
AcDbEntity
  8
ENGRAVE_POLARS
100
AcDbLine
 10
35.84370710974855
 20
-16.426064857608626
 30
0.0
 11
35.588546530470744
 21
-16.85378522512041
 31
0.0
  0
LINE
  5
474
330
17
100
AcDbEntity
  8
ENGRAVE_POLARS
100
AcDbLine
 10
35.588546530470744
 20
-16.85378522512041
 30
0.0
 11
35.306516243865524
 21
-17.25243192988514
 31
0.0
  0
LINE
  5
475
330
17
100
AcDbEntity
  8
ENGRAVE_POLARS
100
AcDbLine
 10
35.306516243865524
 20
-17.25243192988514
 30
0.0
 11
34.992239068176445
 21
-17.63398092154559
 31
0.0
  0
LINE
  5
476
330
17
100
AcDbEntity
  8
ENGRAVE_POLARS
100
AcDbLine
 10
34.992239068176445
 20
-17.63398092154559
 30
0.0
 11
34.640337821647044
 21
-18.01040814974453
 31
0.0
  0
LINE
  5
477
330
17
100
AcDbEntity
  8
ENGRAVE_POLARS
100
AcDbLine
 10
34.640337821647044
 20
-18.01040814974453
 30
0.0
 11
34.24543532252086
 21
-18.39368956412473
 31
0.0
  0
LINE
  5
478
330
17
100
AcDbEntity
  8
ENGRAVE_POLARS
100
AcDbLine
 10
34.24543532252086
 20
-18.39368956412473
 30
0.0
 11
33.80215438904144
 21
-18.795801114328963
 31
0.0
  0
LINE
  5
479
330
17
100
AcDbEntity
  8
ENGRAVE_POLARS
100
AcDbLine
 10
33.80215438904144
 20
-18.795801114328963
 30
0.0
 11
33.305117839452315
 21
-19.228718749999995
 31
0.0
  0
LINE
  5
47A
330
17
100
AcDbEntity
  8
ENGRAVE_POLARS
100
AcDbLine
 10
33.305117839452315
 20
-19.228718749999995
 30
0.0
 11
32.729785636848355
 21
-19.68928739569898
 31
0.0
  0
LINE
  5
47B
330
17
100
AcDbEntity
  8
ENGRAVE_POLARS
100
AcDbLine
 10
32.729785636848355
 20
-19.68928739569898
 30
0.0
 11
32.0664074105697
 21
-20.16243460380907
 31
0.0
  0
LINE
  5
47C
330
17
100
AcDbEntity
  8
ENGRAVE_POLARS
100
AcDbLine
 10
32.0664074105697
 20
-20.16243460380907
 30
0.0
 11
31.33179047822781
 21
-20.64226026570607
 31
0.0
  0
LINE
  5
47D
330
17
100
AcDbEntity
  8
ENGRAVE_POLARS
100
AcDbLine
 10
31.33179047822781
 20
-20.64226026570607
 30
0.0
 11
30.542742157434137
 21
-21.12286427276576
 31
0.0
  0
LINE
  5
47E
330
17
100
AcDbEntity
  8
ENGRAVE_POLARS
100
AcDbLine
 10
30.542742157434137
 20
-21.12286427276576
 30
0.0
 11
29.716069765800142
 21
-21.598346516363943
 31
0.0
  0
LINE
  5
47F
330
17
100
AcDbEntity
  8
ENGRAVE_POLARS
100
AcDbLine
 10
29.716069765800142
 20
-21.598346516363943
 30
0.0
 11
28.868580620937283
 21
-22.062806887876402
 31
0.0
  0
LINE
  5
480
330
17
100
AcDbEntity
  8
ENGRAVE_POLARS
100
AcDbLine
 10
28.868580620937283
 20
-22.062806887876402
 30
0.0
 11
28.01708204045701
 21
-22.51034527867894
 31
0.0
  0
LINE
  5
481
330
17
100
AcDbEntity
  8
ENGRAVE_POLARS
100
AcDbLine
 10
28.01708204045701
 20
-22.51034527867894
 30
0.0
 11
27.17838134197079
 21
-22.935061580147348
 31
0.0
  0
LINE
  5
482
330
17
100
AcDbEntity
  8
ENGRAVE_POLARS
100
AcDbLine
 10
27.17838134197079
 20
-22.935061580147348
 30
0.0
 11
26.369285843090076
 21
-23.331055683657418
 31
0.0
  0
LINE
  5
483
330
17
100
AcDbEntity
  8
ENGRAVE_POLARS
100
AcDbLine
 10
26.369285843090076
 20
-23.331055683657418
 30
0.0
 11
25.606602861426325
 21
-23.692427480584946
 31
0.0
  0
LINE
  5
484
330
17
100
AcDbEntity
  8
ENGRAVE_POLARS
100
AcDbLine
 10
25.606602861426325
 20
-23.692427480584946
 30
0.0
 11
24.90713971459099
 21
-24.013276862305716
 31
0.0
  0
LINE
  5
485
330
17
100
AcDbEntity
  8
ENGRAVE_POLARS
100
AcDbLine
 10
24.90713971459099
 20
-24.013276862305716
 30
0.0
 11
24.287703720195534
 21
-24.28770372019553
 31
0.0
  0
LINE
  5
486
330
17
100
AcDbEntity
  8
ENGRAVE_POLARS
100
AcDbLine
 10
24.287703720195534
 20
-24.28770372019553
 30
0.0
 11
23.743783487074197
 21
-24.513778029607522
 31
0.0
  0
LINE
  5
487
330
17
100
AcDbEntity
  8
ENGRAVE_POLARS
100
AcDbLine
 10
23.743783487074197
 20
-24.513778029607522
 30
0.0
 11
23.25417287436354
 21
-24.696708075174648
 31
0.0
  0
LINE
  5
488
330
17
100
AcDbEntity
  8
ENGRAVE_POLARS
100
AcDbLine
 10
23.25417287436354
 20
-24.696708075174648
 30
0.0
 11
22.810637075128497
 21
-24.84130121219241
 31
0.0
  0
LINE
  5
489
330
17
100
AcDbEntity
  8
ENGRAVE_POLARS
100
AcDbLine
 10
22.810637075128497
 20
-24.84130121219241
 30
0.0
 11
22.404941282434027
 21
-24.952364795956317
 31
0.0
  0
LINE
  5
48A
330
17
100
AcDbEntity
  8
ENGRAVE_POLARS
100
AcDbLine
 10
22.404941282434027
 20
-24.952364795956317
 30
0.0
 11
22.02885068934506
 21
-25.034706181761898
 31
0.0
  0
LINE
  5
48B
330
17
100
AcDbEntity
  8
ENGRAVE_POLARS
100
AcDbLine
 10
22.02885068934506
 20
-25.034706181761898
 30
0.0
 11
21.674130488926536
 21
-25.09313272490465
 31
0.0
  0
LINE
  5
48C
330
17
100
AcDbEntity
  8
ENGRAVE_POLARS
100
AcDbLine
 10
21.674130488926536
 20
-25.09313272490465
 30
0.0
 11
21.332545874243404
 21
-25.132451780680075
 31
0.0
  0
LINE
  5
48D
330
17
100
AcDbEntity
  8
ENGRAVE_POLARS
100
AcDbLine
 10
21.332545874243404
 20
-25.132451780680075
 30
0.0
 11
20.995862038360602
 21
-25.1574707043837
 31
0.0
  0
LINE
  5
48E
330
17
100
AcDbEntity
  8
ENGRAVE_POLARS
100
AcDbLine
 10
20.995862038360602
 20
-25.1574707043837
 30
0.0
 11
20.655844174343073
 21
-25.172996851311034
 31
0.0
  0
LINE
  5
48F
330
17
100
AcDbEntity
  8
ENGRAVE_POLARS
100
AcDbLine
 10
20.655844174343073
 20
-25.172996851311034
 30
0.0
 11
20.304257475255756
 21
-25.183837576757583
 31
0.0
  0
LINE
  5
490
330
17
100
AcDbEntity
  8
ENGRAVE_POLARS
100
AcDbLine
 10
20.304257475255756
 20
-25.183837576757583
 30
0.0
 11
19.932867134163597
 21
-25.194800236018857
 31
0.0
  0
LINE
  5
491
330
17
100
AcDbEntity
  8
ENGRAVE_POLARS
100
AcDbLine
 10
19.932867134163597
 20
-25.194800236018857
 30
0.0
 11
19.533438344131532
 21
-25.210692184390368
 31
0.0
  0
LINE
  5
492
330
17
100
AcDbEntity
  8
ENGRAVE_POLARS
100
AcDbLine
 10
19.533438344131532
 20
-25.210692184390368
 30
0.0
 11
19.123460121927597
 21
-25.22641179546281
 31
0.0
  0
LINE
  5
493
330
17
100
AcDbEntity
  8
ENGRAVE_POLARS
100
AcDbLine
 10
19.123460121927597
 20
-25.22641179546281
 30
0.0
 11
18.72304526760606
 21
-25.233468192107875
 31
0.0
  0
LINE
  5
494
330
17
100
AcDbEntity
  8
ENGRAVE_POLARS
100
AcDbLine
 10
18.72304526760606
 20
-25.233468192107875
 30
0.0
 11
18.327894649161205
 21
-25.231584853542596
 31
0.0
  0
LINE
  5
495
330
17
100
AcDbEntity
  8
ENGRAVE_POLARS
100
AcDbLine
 10
18.327894649161205
 20
-25.231584853542596
 30
0.0
 11
17.933709134587335
 21
-25.220485258984
 31
0.0
  0
LINE
  5
496
330
17
100
AcDbEntity
  8
ENGRAVE_POLARS
100
AcDbLine
 10
17.933709134587335
 20
-25.220485258984
 30
0.0
 11
17.536189591878742
 21
-25.199892887649103
 31
0.0
  0
LINE
  5
497
330
17
100
AcDbEntity
  8
ENGRAVE_POLARS
100
AcDbLine
 10
17.536189591878742
 20
-25.199892887649103
 30
0.0
 11
17.131036889029705
 21
-25.16953121875494
 31
0.0
  0
LINE
  5
498
330
17
100
AcDbEntity
  8
ENGRAVE_POLARS
100
AcDbLine
 10
17.131036889029705
 20
-25.16953121875494
 30
0.0
 11
16.713951894034523
 21
-25.129123731518533
 31
0.0
  0
LINE
  5
499
330
17
100
AcDbEntity
  8
ENGRAVE_POLARS
100
AcDbLine
 10
16.713951894034523
 20
-25.129123731518533
 30
0.0
 11
16.280635474887493
 21
-25.078393905156904
 31
0.0
  0
LINE
  5
49A
330
17
100
AcDbEntity
  8
ENGRAVE_POLARS
100
AcDbLine
 10
16.280635474887493
 20
-25.078393905156904
 30
0.0
 11
15.826788499582902
 21
-25.017065218887094
 31
0.0
  0
LINE
  5
49B
330
17
100
AcDbEntity
  8
ENGRAVE_POLARS
100
AcDbLine
 10
15.826788499582902
 20
-25.017065218887094
 30
0.0
 11
15.348111836115038
 21
-24.944861151926112
 31
0.0
  0
LINE
  5
49C
330
17
100
AcDbEntity
  8
ENGRAVE_POLARS
100
AcDbLine
 10
15.348111836115038
 20
-24.944861151926112
 30
0.0
 11
14.840306352478194
 21
-24.861505183490994
 31
0.0
  0
LINE
  5
49D
330
17
100
AcDbEntity
  8
ENGRAVE_POLARS
100
AcDbLine
 10
14.840306352478194
 20
-24.861505183490994
 30
0.0
 11
14.29907291666667
 21
-24.76672079279876
 31
0.0
  0
LINE
  5
49E
330
17
100
AcDbEntity
  8
ENGRAVE_POLARS
100
AcDbLine
 10
14.29907291666667
 20
-24.76672079279876
 30
0.0
 11
13.713389150227156
 21
-24.653716101990327
 31
0.0
  0
LINE
  5
49F
330
17
100
AcDbEntity
  8
ENGRAVE_POLARS
100
AcDbLine
 10
13.713389150227156
 20
-24.653716101990327
 30
0.0
 11
13.080930774513785
 21
-24.518470666009517
 31
0.0
  0
LINE
  5
4A0
330
17
100
AcDbEntity
  8
ENGRAVE_POLARS
100
AcDbLine
 10
13.080930774513785
 20
-24.518470666009517
 30
0.0
 11
12.410445807231982
 21
-24.364865113277727
 31
0.0
  0
LINE
  5
4A1
330
17
100
AcDbEntity
  8
ENGRAVE_POLARS
100
AcDbLine
 10
12.410445807231982
 20
-24.364865113277727
 30
0.0
 11
11.710682266087183
 21
-24.196780072216356
 31
0.0
  0
LINE
  5
4A2
330
17
100
AcDbEntity
  8
ENGRAVE_POLARS
100
AcDbLine
 10
11.710682266087183
 20
-24.196780072216356
 30
0.0
 11
10.990388168784827
 21
-24.018096171246786
 31
0.0
  0
LINE
  5
4A3
330
17
100
AcDbEntity
  8
ENGRAVE_POLARS
100
AcDbLine
 10
10.990388168784827
 20
-24.018096171246786
 30
0.0
 11
10.258311533030342
 21
-23.832694038790425
 31
0.0
  0
LINE
  5
4A4
330
17
100
AcDbEntity
  8
ENGRAVE_POLARS
100
AcDbLine
 10
10.258311533030342
 20
-23.832694038790425
 30
0.0
 11
9.52320037652916
 21
-23.644454303268652
 31
0.0
  0
LINE
  5
4A5
330
17
100
AcDbEntity
  8
ENGRAVE_POLARS
100
AcDbLine
 10
9.52320037652916
 20
-23.644454303268652
 30
0.0
 11
8.793802716986718
 21
-23.45725759310288
 31
0.0
  0
LINE
  5
4A6
330
17
100
AcDbEntity
  8
ENGRAVE_POLARS
100
AcDbLine
 10
8.793802716986718
 20
-23.45725759310288
 30
0.0
 11
8.07886657210845
 21
-23.27498453671449
 31
0.0
  0
LINE
  5
4A7
330
17
100
AcDbEntity
  8
ENGRAVE_POLARS
100
AcDbLine
 10
8.07886657210845
 20
-23.27498453671449
 30
0.0
 11
7.387139959599783
 21
-23.10151576252488
 31
0.0
  0
LINE
  5
4A8
330
17
100
AcDbEntity
  8
ENGRAVE_POLARS
100
AcDbLine
 10
7.387139959599783
 20
-23.10151576252488
 30
0.0
 11
6.727370897166154
 21
-22.94073189895545
 31
0.0
  0
LINE
  5
4A9
330
17
100
AcDbEntity
  8
ENGRAVE_POLARS
100
AcDbLine
 10
6.727370897166154
 20
-22.94073189895545
 30
0.0
 11
6.108307402512997
 21
-22.796513574427586
 31
0.0
  0
LINE
  5
4AA
330
17
100
AcDbEntity
  8
ENGRAVE_POLARS
100
AcDbLine
 10
6.108307402512997
 20
-22.796513574427586
 30
0.0
 11
5.506929698560477
 21
-22.662575824233425
 31
0.0
  0
LINE
  5
4AB
330
17
100
AcDbEntity
  8
ENGRAVE_POLARS
100
AcDbLine
 10
5.506929698560477
 20
-22.662575824233425
 30
0.0
 11
4.899045544215503
 21
-22.530685712553712
 31
0.0
  0
LINE
  5
4AC
330
17
100
AcDbEntity
  8
ENGRAVE_POLARS
100
AcDbLine
 10
4.899045544215503
 20
-22.530685712553712
 30
0.0
 11
4.291644261163614
 21
-22.40180191114276
 31
0.0
  0
LINE
  5
4AD
330
17
100
AcDbEntity
  8
ENGRAVE_POLARS
100
AcDbLine
 10
4.291644261163614
 20
-22.40180191114276
 30
0.0
 11
3.6917151710903555
 21
-22.27688309175488
 31
0.0
  0
LINE
  5
4AE
330
17
100
AcDbEntity
  8
ENGRAVE_POLARS
100
AcDbLine
 10
3.6917151710903555
 20
-22.27688309175488
 30
0.0
 11
3.106247595681268
 21
-22.15688792614439
 31
0.0
  0
LINE
  5
4AF
330
17
100
AcDbEntity
  8
ENGRAVE_POLARS
100
AcDbLine
 10
3.106247595681268
 20
-22.15688792614439
 30
0.0
 11
2.542230856621895
 21
-22.042775086065596
 31
0.0
  0
LINE
  5
4B0
330
17
100
AcDbEntity
  8
ENGRAVE_POLARS
100
AcDbLine
 10
2.542230856621895
 20
-22.042775086065596
 30
0.0
 11
2.006654275597776
 21
-21.935503243272805
 31
0.0
  0
LINE
  5
4B1
330
17
100
AcDbEntity
  8
ENGRAVE_POLARS
100
AcDbLine
 10
2.006654275597776
 20
-21.935503243272805
 30
0.0
 11
1.5065071742944558
 21
-21.836031069520352
 31
0.0
  0
LINE
  5
4B2
330
17
100
AcDbEntity
  8
ENGRAVE_POLARS
100
AcDbLine
 10
1.5065071742944558
 20
-21.836031069520352
 30
0.0
 11
1.0487788743974769
 21
-21.745317236562528
 31
0.0
  0
LINE
  5
4B3
330
17
100
AcDbEntity
  8
ENGRAVE_POLARS
100
AcDbLine
 10
1.0487788743974769
 20
-21.745317236562528
 30
0.0
 11
0.6404586975923795
 21
-21.664320416153654
 31
0.0
  0
LINE
  5
4B4
330
17
100
AcDbEntity
  8
ENGRAVE_POLARS
100
AcDbLine
 10
0.6404586975923795
 20
-21.664320416153654
 30
0.0
 11
0.28853596556470645
 21
-21.59399928004804
 31
0.0
  0
LINE
  5
4B5
330
17
100
AcDbEntity
  8
ENGRAVE_POLARS
100
AcDbLine
 10
0.28853596556470645
 20
-21.59399928004804
 30
0.0
 11
1.3186575760881493e-15
 21
-21.5353125
 31
0.0
  0
LINE
  5
4B6
330
17
100
AcDbEntity
  8
ENGRAVE_POLARS
100
AcDbLine
 10
-21.06631326796153
 20
23.127237643646694
 30
0.0
 11
-21.383173205573396
 21
23.0518674110614
 31
0.0
  0
LINE
  5
4B7
330
17
100
AcDbEntity
  8
ENGRAVE_POLARS
100
AcDbLine
 10
-21.383173205573396
 20
23.0518674110614
 30
0.0
 11
-21.78968380855016
 21
22.964357689002835
 31
0.0
  0
LINE
  5
4B8
330
17
100
AcDbEntity
  8
ENGRAVE_POLARS
100
AcDbLine
 10
-21.78968380855016
 20
22.964357689002835
 30
0.0
 11
-22.2707958662922
 21
22.86490865382897
 31
0.0
  0
LINE
  5
4B9
330
17
100
AcDbEntity
  8
ENGRAVE_POLARS
100
AcDbLine
 10
-22.2707958662922
 20
22.86490865382897
 30
0.0
 11
-22.811460168199893
 21
22.75372048189778
 31
0.0
  0
LINE
  5
4BA
330
17
100
AcDbEntity
  8
ENGRAVE_POLARS
100
AcDbLine
 10
-22.811460168199893
 20
22.75372048189778
 30
0.0
 11
-23.39662750367363
 21
22.630993349567273
 31
0.0
  0
LINE
  5
4BB
330
17
100
AcDbEntity
  8
ENGRAVE_POLARS
100
AcDbLine
 10
-23.39662750367363
 20
22.630993349567273
 30
0.0
 11
-24.011248662113772
 21
22.496927433195417
 31
0.0
  0
LINE
  5
4BC
330
17
100
AcDbEntity
  8
ENGRAVE_POLARS
100
AcDbLine
 10
-24.011248662113772
 20
22.496927433195417
 30
0.0
 11
-24.64027443292071
 21
22.351722909140186
 31
0.0
  0
LINE
  5
4BD
330
17
100
AcDbEntity
  8
ENGRAVE_POLARS
100
AcDbLine
 10
-24.64027443292071
 20
22.351722909140186
 30
0.0
 11
-25.268655605494818
 21
22.195579953759573
 31
0.0
  0
LINE
  5
4BE
330
17
100
AcDbEntity
  8
ENGRAVE_POLARS
100
AcDbLine
 10
-25.268655605494818
 20
22.195579953759573
 30
0.0
 11
-25.881342969236478
 21
22.02869874341156
 31
0.0
  0
LINE
  5
4BF
330
17
100
AcDbEntity
  8
ENGRAVE_POLARS
100
AcDbLine
 10
-25.881342969236478
 20
22.02869874341156
 30
0.0
 11
-26.463287313546072
 21
21.85127945445413
 31
0.0
  0
LINE
  5
4C0
330
17
100
AcDbEntity
  8
ENGRAVE_POLARS
100
AcDbLine
 10
-26.463287313546072
 20
21.85127945445413
 30
0.0
 11
-26.99943942782398
 21
21.663522263245255
 31
0.0
  0
LINE
  5
4C1
330
17
100
AcDbEntity
  8
ENGRAVE_POLARS
100
AcDbLine
 10
-26.99943942782398
 20
21.663522263245255
 30
0.0
 11
-27.47475010147057
 21
21.465627346142934
 31
0.0
  0
LINE
  5
4C2
330
17
100
AcDbEntity
  8
ENGRAVE_POLARS
100
AcDbLine
 10
-27.47475010147057
 20
21.465627346142934
 30
0.0
 11
-27.901361476713106
 21
21.259547463860752
 31
0.0
  0
LINE
  5
4C3
330
17
100
AcDbEntity
  8
ENGRAVE_POLARS
100
AcDbLine
 10
-27.901361476713106
 20
21.259547463860752
 30
0.0
 11
-28.30341769198671
 21
21.046306908098668
 31
0.0
  0
LINE
  5
4C4
330
17
100
AcDbEntity
  8
ENGRAVE_POLARS
100
AcDbLine
 10
-28.30341769198671
 20
21.046306908098668
 30
0.0
 11
-28.683872531003537
 21
20.824713151694162
 31
0.0
  0
LINE
  5
4C5
330
17
100
AcDbEntity
  8
ENGRAVE_POLARS
100
AcDbLine
 10
-28.683872531003537
 20
20.824713151694162
 30
0.0
 11
-29.04567977747575
 21
20.593573667484762
 31
0.0
  0
LINE
  5
4C6
330
17
100
AcDbEntity
  8
ENGRAVE_POLARS
100
AcDbLine
 10
-29.04567977747575
 20
20.593573667484762
 30
0.0
 11
-29.391793215115527
 21
20.351695928307958
 31
0.0
  0
LINE
  5
4C7
330
17
100
AcDbEntity
  8
ENGRAVE_POLARS
100
AcDbLine
 10
-29.391793215115527
 20
20.351695928307958
 30
0.0
 11
-29.725166627635005
 21
20.097887407001252
 31
0.0
  0
LINE
  5
4C8
330
17
100
AcDbEntity
  8
ENGRAVE_POLARS
100
AcDbLine
 10
-29.725166627635005
 20
20.097887407001252
 30
0.0
 11
-30.04875379874636
 21
19.83095557640215
 31
0.0
  0
LINE
  5
4C9
330
17
100
AcDbEntity
  8
ENGRAVE_POLARS
100
AcDbLine
 10
-30.04875379874636
 20
19.83095557640215
 30
0.0
 11
-30.36550851216176
 21
19.549707909348157
 31
0.0
  0
LINE
  5
4CA
330
17
100
AcDbEntity
  8
ENGRAVE_POLARS
100
AcDbLine
 10
-30.36550851216176
 20
19.549707909348157
 30
0.0
 11
-30.678384551593368
 21
19.25295187867678
 31
0.0
  0
LINE
  5
4CB
330
17
100
AcDbEntity
  8
ENGRAVE_POLARS
100
AcDbLine
 10
-30.678384551593368
 20
19.25295187867678
 30
0.0
 11
-30.990335700753334
 21
18.939494957225513
 31
0.0
  0
LINE
  5
4CC
330
17
100
AcDbEntity
  8
ENGRAVE_POLARS
100
AcDbLine
 10
-30.990335700753334
 20
18.939494957225513
 30
0.0
 11
-31.304315743353833
 21
18.608144617831858
 31
0.0
  0
LINE
  5
4CD
330
17
100
AcDbEntity
  8
ENGRAVE_POLARS
100
AcDbLine
 10
-31.304315743353833
 20
18.608144617831858
 30
0.0
 11
-31.623278463107024
 21
18.25770833333333
 31
0.0
  0
LINE
  5
4CE
330
17
100
AcDbEntity
  8
ENGRAVE_POLARS
100
AcDbLine
 10
-31.623278463107024
 20
18.25770833333333
 30
0.0
 11
-31.950011740405152
 21
17.874997969021695
 31
0.0
  0
LINE
  5
4CF
330
17
100
AcDbEntity
  8
ENGRAVE_POLARS
100
AcDbLine
 10
-31.950011740405152
 20
17.874997969021695
 30
0.0
 11
-32.28306737144819
 21
17.45292201425992
 31
0.0
  0
LINE
  5
4D0
330
17
100
AcDbEntity
  8
ENGRAVE_POLARS
100
AcDbLine
 10
-32.28306737144819
 20
17.45292201425992
 30
0.0
 11
-32.6190450136599
 21
16.999432877992238
 31
0.0
  0
LINE
  5
4D1
330
17
100
AcDbEntity
  8
ENGRAVE_POLARS
100
AcDbLine
 10
-32.6190450136599
 20
16.999432877992238
 30
0.0
 11
-32.95454432446405
 21
16.522482969162915
 31
0.0
  0
LINE
  5
4D2
330
17
100
AcDbEntity
  8
ENGRAVE_POLARS
100
AcDbLine
 10
-32.95454432446405
 20
16.522482969162915
 30
0.0
 11
-33.28616496128441
 21
16.030024696716204
 31
0.0
  0
LINE
  5
4D3
330
17
100
AcDbEntity
  8
ENGRAVE_POLARS
100
AcDbLine
 10
-33.28616496128441
 20
16.030024696716204
 30
0.0
 11
-33.61050658154473
 21
15.530010469596359
 31
0.0
  0
LINE
  5
4D4
330
17
100
AcDbEntity
  8
ENGRAVE_POLARS
100
AcDbLine
 10
-33.61050658154473
 20
15.530010469596359
 30
0.0
 11
-33.92416884266879
 21
15.030392696747624
 31
0.0
  0
LINE
  5
4D5
330
17
100
AcDbEntity
  8
ENGRAVE_POLARS
100
AcDbLine
 10
-33.92416884266879
 20
15.030392696747624
 30
0.0
 11
-34.22375140208034
 21
14.53912378711427
 31
0.0
  0
LINE
  5
4D6
330
17
100
AcDbEntity
  8
ENGRAVE_POLARS
100
AcDbLine
 10
-34.22375140208034
 20
14.53912378711427
 30
0.0
 11
-34.50585391720315
 21
14.064156149640544
 31
0.0
  0
LINE
  5
4D7
330
17
100
AcDbEntity
  8
ENGRAVE_POLARS
100
AcDbLine
 10
-34.50585391720315
 20
14.064156149640544
 30
0.0
 11
-34.767076045460975
 21
13.613442193270693
 31
0.0
  0
LINE
  5
4D8
330
17
100
AcDbEntity
  8
ENGRAVE_POLARS
100
AcDbLine
 10
-34.767076045460975
 20
13.613442193270693
 30
0.0
 11
-35.00401744427758
 21
13.19493432694898
 31
0.0
  0
LINE
  5
4D9
330
17
100
AcDbEntity
  8
ENGRAVE_POLARS
100
AcDbLine
 10
-35.00401744427758
 20
13.19493432694898
 30
0.0
 11
-35.21327777107675
 21
12.816584959619657
 31
0.0
  0
LINE
  5
4DA
330
17
100
AcDbEntity
  8
ENGRAVE_POLARS
100
AcDbLine
 10
-35.21327777107675
 20
12.816584959619657
 30
0.0
 11
-35.39231166001466
 21
12.476984784420775
 31
0.0
  0
LINE
  5
4DB
330
17
100
AcDbEntity
  8
ENGRAVE_POLARS
100
AcDbLine
 10
-35.39231166001466
 20
12.476984784420775
 30
0.0
 11
-35.543208797455755
 21
12.166561614501
 31
0.0
  0
LINE
  5
4DC
330
17
100
AcDbEntity
  8
ENGRAVE_POLARS
100
AcDbLine
 10
-35.543208797455755
 20
12.166561614501
 30
0.0
 11
-35.66952141913603
 21
11.881023538820504
 31
0.0
  0
LINE
  5
4DD
330
17
100
AcDbEntity
  8
ENGRAVE_POLARS
100
AcDbLine
 10
-35.66952141913603
 20
11.881023538820504
 30
0.0
 11
-35.77480176079152
 21
11.61607864633946
 31
0.0
  0
LINE
  5
4DE
330
17
100
AcDbEntity
  8
ENGRAVE_POLARS
100
AcDbLine
 10
-35.77480176079152
 20
11.61607864633946
 30
0.0
 11
-35.862602058158274
 21
11.367435026018047
 31
0.0
  0
LINE
  5
4DF
330
17
100
AcDbEntity
  8
ENGRAVE_POLARS
100
AcDbLine
 10
-35.862602058158274
 20
11.367435026018047
 30
0.0
 11
-35.93647454697233
 21
11.130800766816431
 31
0.0
  0
LINE
  5
4E0
330
17
100
AcDbEntity
  8
ENGRAVE_POLARS
100
AcDbLine
 10
-35.93647454697233
 20
11.130800766816431
 30
0.0
 11
-35.99997146296969
 21
10.901883957694787
 31
0.0
  0
LINE
  5
4E1
330
17
100
AcDbEntity
  8
ENGRAVE_POLARS
100
AcDbLine
 10
-35.99997146296969
 20
10.901883957694787
 30
0.0
 11
-36.05664504188642
 21
10.676392687613294
 31
0.0
  0
LINE
  5
4E2
330
17
100
AcDbEntity
  8
ENGRAVE_POLARS
100
AcDbLine
 10
-36.05664504188642
 20
10.676392687613294
 30
0.0
 11
-36.11004751945854
 21
10.45003504553212
 31
0.0
  0
LINE
  5
4E3
330
17
100
AcDbEntity
  8
ENGRAVE_POLARS
100
AcDbLine
 10
-36.11004751945854
 20
10.45003504553212
 30
0.0
 11
-36.16373113142208
 21
10.21851912041144
 31
0.0
  0
LINE
  5
4E4
330
17
100
AcDbEntity
  8
ENGRAVE_POLARS
100
AcDbLine
 10
-36.16373113142208
 20
10.21851912041144
 30
0.0
 11
-36.22124811351308
 21
9.977553001211422
 31
0.0
  0
LINE
  5
4E5
330
17
100
AcDbEntity
  8
ENGRAVE_POLARS
100
AcDbLine
 10
-36.22124811351308
 20
9.977553001211422
 30
0.0
 11
-36.28615070146757
 21
9.72284477689225
 31
0.0
  0
LINE
  5
4E6
330
17
100
AcDbEntity
  8
ENGRAVE_POLARS
100
AcDbLine
 10
-36.28615070146757
 20
9.72284477689225
 30
0.0
 11
-36.35058713842043
 21
9.469463022134446
 31
0.0
  0
LINE
  5
4E7
330
17
100
AcDbEntity
  8
ENGRAVE_POLARS
100
AcDbLine
 10
-36.35058713842043
 20
9.469463022134446
 30
0.0
 11
-36.40568568556363
 21
9.231678914687254
 31
0.0
  0
LINE
  5
4E8
330
17
100
AcDbEntity
  8
ENGRAVE_POLARS
100
AcDbLine
 10
-36.40568568556363
 20
9.231678914687254
 30
0.0
 11
-36.45346860571887
 21
9.004004448113909
 31
0.0
  0
LINE
  5
4E9
330
17
100
AcDbEntity
  8
ENGRAVE_POLARS
100
AcDbLine
 10
-36.45346860571887
 20
9.004004448113909
 30
0.0
 11
-36.4959581617078
 21
8.780951615977646
 31
0.0
  0
LINE
  5
4EA
330
17
100
AcDbEntity
  8
ENGRAVE_POLARS
100
AcDbLine
 10
-36.4959581617078
 20
8.780951615977646
 30
0.0
 11
-36.53517661635214
 21
8.557032411841705
 31
0.0
  0
LINE
  5
4EB
330
17
100
AcDbEntity
  8
ENGRAVE_POLARS
100
AcDbLine
 10
-36.53517661635214
 20
8.557032411841705
 30
0.0
 11
-36.57314623247354
 21
8.326758829269318
 31
0.0
  0
LINE
  5
4EC
330
17
100
AcDbEntity
  8
ENGRAVE_POLARS
100
AcDbLine
 10
-36.57314623247354
 20
8.326758829269318
 30
0.0
 11
-36.61188927289369
 21
8.084642861823726
 31
0.0
  0
LINE
  5
4ED
330
17
100
AcDbEntity
  8
ENGRAVE_POLARS
100
AcDbLine
 10
-36.61188927289369
 20
8.084642861823726
 30
0.0
 11
-36.65342800043428
 21
7.825196503068164
 31
0.0
  0
LINE
  5
4EE
330
17
100
AcDbEntity
  8
ENGRAVE_POLARS
100
AcDbLine
 10
-36.65342800043428
 20
7.825196503068164
 30
0.0
 11
-36.699784677917
 21
7.542931746565868
 31
0.0
  0
LINE
  5
4EF
330
17
100
AcDbEntity
  8
ENGRAVE_POLARS
100
AcDbLine
 10
-36.699784677917
 20
7.542931746565868
 30
0.0
 11
-36.752981568163506
 21
7.232360585880076
 31
0.0
  0
LINE
  5
4F0
330
17
100
AcDbEntity
  8
ENGRAVE_POLARS
100
AcDbLine
 10
-36.752981568163506
 20
7.232360585880076
 30
0.0
 11
-36.8150409339955
 21
6.887995014574023
 31
0.0
  0
LINE
  5
4F1
330
17
100
AcDbEntity
  8
ENGRAVE_POLARS
100
AcDbLine
 10
-36.8150409339955
 20
6.887995014574023
 30
0.0
 11
-36.88798503823465
 21
6.5043470262109455
 31
0.0
  0
LINE
  5
4F2
330
17
100
AcDbEntity
  8
ENGRAVE_POLARS
100
AcDbLine
 10
-36.88798503823465
 20
6.5043470262109455
 30
0.0
 11
-36.97985728421507
 21
6.099411320122066
 31
0.0
  0
LINE
  5
4F3
330
17
100
AcDbEntity
  8
ENGRAVE_POLARS
100
AcDbLine
 10
-36.97985728421507
 20
6.099411320122066
 30
0.0
 11
-37.093570096434796
 21
5.690625984721901
 31
0.0
  0
LINE
  5
4F4
330
17
100
AcDbEntity
  8
ENGRAVE_POLARS
100
AcDbLine
 10
-37.093570096434796
 20
5.690625984721901
 30
0.0
 11
-37.22344926946144
 21
5.271668097198636
 31
0.0
  0
LINE
  5
4F5
330
17
100
AcDbEntity
  8
ENGRAVE_POLARS
100
AcDbLine
 10
-37.22344926946144
 20
5.271668097198636
 30
0.0
 11
-37.36382059786259
 21
4.836214734740453
 31
0.0
  0
LINE
  5
4F6
330
17
100
AcDbEntity
  8
ENGRAVE_POLARS
100
AcDbLine
 10
-37.36382059786259
 20
4.836214734740453
 30
0.0
 11
-37.509009876205866
 21
4.3779429745355385
 31
0.0
  0
LINE
  5
4F7
330
17
100
AcDbEntity
  8
ENGRAVE_POLARS
100
AcDbLine
 10
-37.509009876205866
 20
4.3779429745355385
 30
0.0
 11
-37.653342899058856
 21
3.8905298937720723
 31
0.0
  0
LINE
  5
4F8
330
17
100
AcDbEntity
  8
ENGRAVE_POLARS
100
AcDbLine
 10
-37.653342899058856
 20
3.8905298937720723
 30
0.0
 11
-37.79114546098917
 21
3.3676525696382393
 31
0.0
  0
LINE
  5
4F9
330
17
100
AcDbEntity
  8
ENGRAVE_POLARS
100
AcDbLine
 10
-37.79114546098917
 20
3.3676525696382393
 30
0.0
 11
-37.91674335656441
 21
2.802988079322224
 31
0.0
  0
LINE
  5
4FA
330
17
100
AcDbEntity
  8
ENGRAVE_POLARS
100
AcDbLine
 10
-37.91674335656441
 20
2.802988079322224
 30
0.0
 11
-38.02446238035218
 21
2.1902135000122094
 31
0.0
  0
LINE
  5
4FB
330
17
100
AcDbEntity
  8
ENGRAVE_POLARS
100
AcDbLine
 10
-38.02446238035218
 20
2.1902135000122094
 30
0.0
 11
-38.108628326920076
 21
1.5230059088963777
 31
0.0
  0
LINE
  5
4FC
330
17
100
AcDbEntity
  8
ENGRAVE_POLARS
100
AcDbLine
 10
-38.108628326920076
 20
1.5230059088963777
 30
0.0
 11
-38.163566990835704
 21
0.7950423831629132
 31
0.0
  0
LINE
  5
4FD
330
17
100
AcDbEntity
  8
ENGRAVE_POLARS
100
AcDbLine
 10
-38.163566990835704
 20
0.7950423831629132
 30
0.0
 11
-38.18360416666667
 21
0.0
 31
0.0
  0
LINE
  5
4FE
330
17
100
AcDbEntity
  8
ENGRAVE_POLARS
100
AcDbLine
 10
-38.18360416666667
 20
0.0
 30
0.0
 11
-38.17455147709647
 21
-0.9010983373657665
 31
0.0
  0
LINE
  5
4FF
330
17
100
AcDbEntity
  8
ENGRAVE_POLARS
100
AcDbLine
 10
-38.17455147709647
 20
-0.9010983373657665
 30
0.0
 11
-38.146297269759074
 21
-1.9261585019954794
 31
0.0
  0
LINE
  5
500
330
17
100
AcDbEntity
  8
ENGRAVE_POLARS
100
AcDbLine
 10
-38.146297269759074
 20
-1.9261585019954794
 30
0.0
 11
-38.09928242664771
 21
-3.04989658113249
 31
0.0
  0
LINE
  5
501
330
17
100
AcDbEntity
  8
ENGRAVE_POLARS
100
AcDbLine
 10
-38.09928242664771
 20
-3.04989658113249
 30
0.0
 11
-38.03394782975561
 21
-4.24702866202015
 31
0.0
  0
LINE
  5
502
330
17
100
AcDbEntity
  8
ENGRAVE_POLARS
100
AcDbLine
 10
-38.03394782975561
 20
-4.24702866202015
 30
0.0
 11
-37.95073436107606
 21
-5.492270831901809
 31
0.0
  0
LINE
  5
503
330
17
100
AcDbEntity
  8
ENGRAVE_POLARS
100
AcDbLine
 10
-37.95073436107606
 20
-5.492270831901809
 30
0.0
 11
-37.85008290260227
 21
-6.760339178020818
 31
0.0
  0
LINE
  5
504
330
17
100
AcDbEntity
  8
ENGRAVE_POLARS
100
AcDbLine
 10
-37.85008290260227
 20
-6.760339178020818
 30
0.0
 11
-37.7324343363275
 21
-8.025949787620531
 31
0.0
  0
LINE
  5
505
330
17
100
AcDbEntity
  8
ENGRAVE_POLARS
100
AcDbLine
 10
-37.7324343363275
 20
-8.025949787620531
 30
0.0
 11
-37.598229544244994
 21
-9.263818747944295
 31
0.0
  0
LINE
  5
506
330
17
100
AcDbEntity
  8
ENGRAVE_POLARS
100
AcDbLine
 10
-37.598229544244994
 20
-9.263818747944295
 30
0.0
 11
-37.44790940834801
 21
-10.448662146235462
 31
0.0
  0
LINE
  5
507
330
17
100
AcDbEntity
  8
ENGRAVE_POLARS
100
AcDbLine
 10
-37.44790940834801
 20
-10.448662146235462
 30
0.0
 11
-37.28191481062978
 21
-11.555196069737384
 31
0.0
  0
LINE
  5
508
330
17
100
AcDbEntity
  8
ENGRAVE_POLARS
100
AcDbLine
 10
-37.28191481062978
 20
-11.555196069737384
 30
0.0
 11
-37.100686633083555
 21
-12.558136605693416
 31
0.0
  0
LINE
  5
509
330
17
100
AcDbEntity
  8
ENGRAVE_POLARS
100
AcDbLine
 10
-37.100686633083555
 20
-12.558136605693416
 30
0.0
 11
-36.90466575770258
 21
-13.432199841346904
 31
0.0
  0
LINE
  5
50A
330
17
100
AcDbEntity
  8
ENGRAVE_POLARS
100
AcDbLine
 10
-36.90466575770258
 20
-13.432199841346904
 30
0.0
 11
-36.70319598871492
 21
-14.184927767235525
 31
0.0
  0
LINE
  5
50B
330
17
100
AcDbEntity
  8
ENGRAVE_POLARS
100
AcDbLine
 10
-36.70319598871492
 20
-14.184927767235525
 30
0.0
 11
-36.501742421182136
 21
-14.848702282163236
 31
0.0
  0
LINE
  5
50C
330
17
100
AcDbEntity
  8
ENGRAVE_POLARS
100
AcDbLine
 10
-36.501742421182136
 20
-14.848702282163236
 30
0.0
 11
-36.294927873347795
 21
-15.435499335772809
 31
0.0
  0
LINE
  5
50D
330
17
100
AcDbEntity
  8
ENGRAVE_POLARS
100
AcDbLine
 10
-36.294927873347795
 20
-15.435499335772809
 30
0.0
 11
-36.077375163455415
 21
-15.957294877707014
 31
0.0
  0
LINE
  5
50E
330
17
100
AcDbEntity
  8
ENGRAVE_POLARS
100
AcDbLine
 10
-36.077375163455415
 20
-15.957294877707014
 30
0.0
 11
-35.84370710974855
 21
-16.426064857608626
 31
0.0
  0
LINE
  5
50F
330
17
100
AcDbEntity
  8
ENGRAVE_POLARS
100
AcDbLine
 10
-35.84370710974855
 20
-16.426064857608626
 30
0.0
 11
-35.588546530470744
 21
-16.85378522512041
 31
0.0
  0
LINE
  5
510
330
17
100
AcDbEntity
  8
ENGRAVE_POLARS
100
AcDbLine
 10
-35.588546530470744
 20
-16.85378522512041
 30
0.0
 11
-35.306516243865524
 21
-17.25243192988514
 31
0.0
  0
LINE
  5
511
330
17
100
AcDbEntity
  8
ENGRAVE_POLARS
100
AcDbLine
 10
-35.306516243865524
 20
-17.25243192988514
 30
0.0
 11
-34.992239068176445
 21
-17.63398092154559
 31
0.0
  0
LINE
  5
512
330
17
100
AcDbEntity
  8
ENGRAVE_POLARS
100
AcDbLine
 10
-34.992239068176445
 20
-17.63398092154559
 30
0.0
 11
-34.640337821647044
 21
-18.01040814974453
 31
0.0
  0
LINE
  5
513
330
17
100
AcDbEntity
  8
ENGRAVE_POLARS
100
AcDbLine
 10
-34.640337821647044
 20
-18.01040814974453
 30
0.0
 11
-34.24543532252086
 21
-18.39368956412473
 31
0.0
  0
LINE
  5
514
330
17
100
AcDbEntity
  8
ENGRAVE_POLARS
100
AcDbLine
 10
-34.24543532252086
 20
-18.39368956412473
 30
0.0
 11
-33.80215438904144
 21
-18.795801114328963
 31
0.0
  0
LINE
  5
515
330
17
100
AcDbEntity
  8
ENGRAVE_POLARS
100
AcDbLine
 10
-33.80215438904144
 20
-18.795801114328963
 30
0.0
 11
-33.305117839452315
 21
-19.228718749999995
 31
0.0
  0
LINE
  5
516
330
17
100
AcDbEntity
  8
ENGRAVE_POLARS
100
AcDbLine
 10
-33.305117839452315
 20
-19.228718749999995
 30
0.0
 11
-32.729785636848355
 21
-19.68928739569898
 31
0.0
  0
LINE
  5
517
330
17
100
AcDbEntity
  8
ENGRAVE_POLARS
100
AcDbLine
 10
-32.729785636848355
 20
-19.68928739569898
 30
0.0
 11
-32.0664074105697
 21
-20.16243460380907
 31
0.0
  0
LINE
  5
518
330
17
100
AcDbEntity
  8
ENGRAVE_POLARS
100
AcDbLine
 10
-32.0664074105697
 20
-20.16243460380907
 30
0.0
 11
-31.33179047822781
 21
-20.64226026570607
 31
0.0
  0
LINE
  5
519
330
17
100
AcDbEntity
  8
ENGRAVE_POLARS
100
AcDbLine
 10
-31.33179047822781
 20
-20.64226026570607
 30
0.0
 11
-30.542742157434137
 21
-21.12286427276576
 31
0.0
  0
LINE
  5
51A
330
17
100
AcDbEntity
  8
ENGRAVE_POLARS
100
AcDbLine
 10
-30.542742157434137
 20
-21.12286427276576
 30
0.0
 11
-29.716069765800142
 21
-21.598346516363943
 31
0.0
  0
LINE
  5
51B
330
17
100
AcDbEntity
  8
ENGRAVE_POLARS
100
AcDbLine
 10
-29.716069765800142
 20
-21.598346516363943
 30
0.0
 11
-28.868580620937283
 21
-22.062806887876402
 31
0.0
  0
LINE
  5
51C
330
17
100
AcDbEntity
  8
ENGRAVE_POLARS
100
AcDbLine
 10
-28.868580620937283
 20
-22.062806887876402
 30
0.0
 11
-28.01708204045701
 21
-22.51034527867894
 31
0.0
  0
LINE
  5
51D
330
17
100
AcDbEntity
  8
ENGRAVE_POLARS
100
AcDbLine
 10
-28.01708204045701
 20
-22.51034527867894
 30
0.0
 11
-27.17838134197079
 21
-22.935061580147348
 31
0.0
  0
LINE
  5
51E
330
17
100
AcDbEntity
  8
ENGRAVE_POLARS
100
AcDbLine
 10
-27.17838134197079
 20
-22.935061580147348
 30
0.0
 11
-26.369285843090076
 21
-23.331055683657418
 31
0.0
  0
LINE
  5
51F
330
17
100
AcDbEntity
  8
ENGRAVE_POLARS
100
AcDbLine
 10
-26.369285843090076
 20
-23.331055683657418
 30
0.0
 11
-25.606602861426325
 21
-23.692427480584946
 31
0.0
  0
LINE
  5
520
330
17
100
AcDbEntity
  8
ENGRAVE_POLARS
100
AcDbLine
 10
-25.606602861426325
 20
-23.692427480584946
 30
0.0
 11
-24.90713971459099
 21
-24.013276862305716
 31
0.0
  0
LINE
  5
521
330
17
100
AcDbEntity
  8
ENGRAVE_POLARS
100
AcDbLine
 10
-24.90713971459099
 20
-24.013276862305716
 30
0.0
 11
-24.287703720195534
 21
-24.28770372019553
 31
0.0
  0
LINE
  5
522
330
17
100
AcDbEntity
  8
ENGRAVE_POLARS
100
AcDbLine
 10
-24.287703720195534
 20
-24.28770372019553
 30
0.0
 11
-23.743783487074197
 21
-24.513778029607522
 31
0.0
  0
LINE
  5
523
330
17
100
AcDbEntity
  8
ENGRAVE_POLARS
100
AcDbLine
 10
-23.743783487074197
 20
-24.513778029607522
 30
0.0
 11
-23.25417287436354
 21
-24.696708075174648
 31
0.0
  0
LINE
  5
524
330
17
100
AcDbEntity
  8
ENGRAVE_POLARS
100
AcDbLine
 10
-23.25417287436354
 20
-24.696708075174648
 30
0.0
 11
-22.810637075128497
 21
-24.84130121219241
 31
0.0
  0
LINE
  5
525
330
17
100
AcDbEntity
  8
ENGRAVE_POLARS
100
AcDbLine
 10
-22.810637075128497
 20
-24.84130121219241
 30
0.0
 11
-22.404941282434027
 21
-24.952364795956317
 31
0.0
  0
LINE
  5
526
330
17
100
AcDbEntity
  8
ENGRAVE_POLARS
100
AcDbLine
 10
-22.404941282434027
 20
-24.952364795956317
 30
0.0
 11
-22.02885068934506
 21
-25.034706181761898
 31
0.0
  0
LINE
  5
527
330
17
100
AcDbEntity
  8
ENGRAVE_POLARS
100
AcDbLine
 10
-22.02885068934506
 20
-25.034706181761898
 30
0.0
 11
-21.674130488926536
 21
-25.09313272490465
 31
0.0
  0
LINE
  5
528
330
17
100
AcDbEntity
  8
ENGRAVE_POLARS
100
AcDbLine
 10
-21.674130488926536
 20
-25.09313272490465
 30
0.0
 11
-21.332545874243404
 21
-25.132451780680075
 31
0.0
  0
LINE
  5
529
330
17
100
AcDbEntity
  8
ENGRAVE_POLARS
100
AcDbLine
 10
-21.332545874243404
 20
-25.132451780680075
 30
0.0
 11
-20.995862038360602
 21
-25.1574707043837
 31
0.0
  0
LINE
  5
52A
330
17
100
AcDbEntity
  8
ENGRAVE_POLARS
100
AcDbLine
 10
-20.995862038360602
 20
-25.1574707043837
 30
0.0
 11
-20.655844174343073
 21
-25.172996851311034
 31
0.0
  0
LINE
  5
52B
330
17
100
AcDbEntity
  8
ENGRAVE_POLARS
100
AcDbLine
 10
-20.655844174343073
 20
-25.172996851311034
 30
0.0
 11
-20.304257475255756
 21
-25.183837576757583
 31
0.0
  0
LINE
  5
52C
330
17
100
AcDbEntity
  8
ENGRAVE_POLARS
100
AcDbLine
 10
-20.304257475255756
 20
-25.183837576757583
 30
0.0
 11
-19.932867134163597
 21
-25.194800236018857
 31
0.0
  0
LINE
  5
52D
330
17
100
AcDbEntity
  8
ENGRAVE_POLARS
100
AcDbLine
 10
-19.932867134163597
 20
-25.194800236018857
 30
0.0
 11
-19.533438344131532
 21
-25.210692184390368
 31
0.0
  0
LINE
  5
52E
330
17
100
AcDbEntity
  8
ENGRAVE_POLARS
100
AcDbLine
 10
-19.533438344131532
 20
-25.210692184390368
 30
0.0
 11
-19.123460121927597
 21
-25.22641179546281
 31
0.0
  0
LINE
  5
52F
330
17
100
AcDbEntity
  8
ENGRAVE_POLARS
100
AcDbLine
 10
-19.123460121927597
 20
-25.22641179546281
 30
0.0
 11
-18.72304526760606
 21
-25.233468192107875
 31
0.0
  0
LINE
  5
530
330
17
100
AcDbEntity
  8
ENGRAVE_POLARS
100
AcDbLine
 10
-18.72304526760606
 20
-25.233468192107875
 30
0.0
 11
-18.327894649161205
 21
-25.231584853542596
 31
0.0
  0
LINE
  5
531
330
17
100
AcDbEntity
  8
ENGRAVE_POLARS
100
AcDbLine
 10
-18.327894649161205
 20
-25.231584853542596
 30
0.0
 11
-17.933709134587335
 21
-25.220485258984
 31
0.0
  0
LINE
  5
532
330
17
100
AcDbEntity
  8
ENGRAVE_POLARS
100
AcDbLine
 10
-17.933709134587335
 20
-25.220485258984
 30
0.0
 11
-17.536189591878742
 21
-25.199892887649103
 31
0.0
  0
LINE
  5
533
330
17
100
AcDbEntity
  8
ENGRAVE_POLARS
100
AcDbLine
 10
-17.536189591878742
 20
-25.199892887649103
 30
0.0
 11
-17.131036889029705
 21
-25.16953121875494
 31
0.0
  0
LINE
  5
534
330
17
100
AcDbEntity
  8
ENGRAVE_POLARS
100
AcDbLine
 10
-17.131036889029705
 20
-25.16953121875494
 30
0.0
 11
-16.713951894034523
 21
-25.129123731518533
 31
0.0
  0
LINE
  5
535
330
17
100
AcDbEntity
  8
ENGRAVE_POLARS
100
AcDbLine
 10
-16.713951894034523
 20
-25.129123731518533
 30
0.0
 11
-16.280635474887493
 21
-25.078393905156904
 31
0.0
  0
LINE
  5
536
330
17
100
AcDbEntity
  8
ENGRAVE_POLARS
100
AcDbLine
 10
-16.280635474887493
 20
-25.078393905156904
 30
0.0
 11
-15.826788499582902
 21
-25.017065218887094
 31
0.0
  0
LINE
  5
537
330
17
100
AcDbEntity
  8
ENGRAVE_POLARS
100
AcDbLine
 10
-15.826788499582902
 20
-25.017065218887094
 30
0.0
 11
-15.348111836115038
 21
-24.944861151926112
 31
0.0
  0
LINE
  5
538
330
17
100
AcDbEntity
  8
ENGRAVE_POLARS
100
AcDbLine
 10
-15.348111836115038
 20
-24.944861151926112
 30
0.0
 11
-14.840306352478194
 21
-24.861505183490994
 31
0.0
  0
LINE
  5
539
330
17
100
AcDbEntity
  8
ENGRAVE_POLARS
100
AcDbLine
 10
-14.840306352478194
 20
-24.861505183490994
 30
0.0
 11
-14.29907291666667
 21
-24.76672079279876
 31
0.0
  0
LINE
  5
53A
330
17
100
AcDbEntity
  8
ENGRAVE_POLARS
100
AcDbLine
 10
-14.29907291666667
 20
-24.76672079279876
 30
0.0
 11
-13.713389150227156
 21
-24.653716101990327
 31
0.0
  0
LINE
  5
53B
330
17
100
AcDbEntity
  8
ENGRAVE_POLARS
100
AcDbLine
 10
-13.713389150227156
 20
-24.653716101990327
 30
0.0
 11
-13.080930774513785
 21
-24.518470666009517
 31
0.0
  0
LINE
  5
53C
330
17
100
AcDbEntity
  8
ENGRAVE_POLARS
100
AcDbLine
 10
-13.080930774513785
 20
-24.518470666009517
 30
0.0
 11
-12.410445807231982
 21
-24.364865113277727
 31
0.0
  0
LINE
  5
53D
330
17
100
AcDbEntity
  8
ENGRAVE_POLARS
100
AcDbLine
 10
-12.410445807231982
 20
-24.364865113277727
 30
0.0
 11
-11.710682266087183
 21
-24.196780072216356
 31
0.0
  0
LINE
  5
53E
330
17
100
AcDbEntity
  8
ENGRAVE_POLARS
100
AcDbLine
 10
-11.710682266087183
 20
-24.196780072216356
 30
0.0
 11
-10.990388168784827
 21
-24.018096171246786
 31
0.0
  0
LINE
  5
53F
330
17
100
AcDbEntity
  8
ENGRAVE_POLARS
100
AcDbLine
 10
-10.990388168784827
 20
-24.018096171246786
 30
0.0
 11
-10.258311533030342
 21
-23.832694038790425
 31
0.0
  0
LINE
  5
540
330
17
100
AcDbEntity
  8
ENGRAVE_POLARS
100
AcDbLine
 10
-10.258311533030342
 20
-23.832694038790425
 30
0.0
 11
-9.52320037652916
 21
-23.644454303268652
 31
0.0
  0
LINE
  5
541
330
17
100
AcDbEntity
  8
ENGRAVE_POLARS
100
AcDbLine
 10
-9.52320037652916
 20
-23.644454303268652
 30
0.0
 11
-8.793802716986718
 21
-23.45725759310288
 31
0.0
  0
LINE
  5
542
330
17
100
AcDbEntity
  8
ENGRAVE_POLARS
100
AcDbLine
 10
-8.793802716986718
 20
-23.45725759310288
 30
0.0
 11
-8.07886657210845
 21
-23.27498453671449
 31
0.0
  0
LINE
  5
543
330
17
100
AcDbEntity
  8
ENGRAVE_POLARS
100
AcDbLine
 10
-8.07886657210845
 20
-23.27498453671449
 30
0.0
 11
-7.387139959599783
 21
-23.10151576252488
 31
0.0
  0
LINE
  5
544
330
17
100
AcDbEntity
  8
ENGRAVE_POLARS
100
AcDbLine
 10
-7.387139959599783
 20
-23.10151576252488
 30
0.0
 11
-6.727370897166154
 21
-22.94073189895545
 31
0.0
  0
LINE
  5
545
330
17
100
AcDbEntity
  8
ENGRAVE_POLARS
100
AcDbLine
 10
-6.727370897166154
 20
-22.94073189895545
 30
0.0
 11
-6.108307402512997
 21
-22.796513574427586
 31
0.0
  0
LINE
  5
546
330
17
100
AcDbEntity
  8
ENGRAVE_POLARS
100
AcDbLine
 10
-6.108307402512997
 20
-22.796513574427586
 30
0.0
 11
-5.506929698560477
 21
-22.662575824233425
 31
0.0
  0
LINE
  5
547
330
17
100
AcDbEntity
  8
ENGRAVE_POLARS
100
AcDbLine
 10
-5.506929698560477
 20
-22.662575824233425
 30
0.0
 11
-4.899045544215503
 21
-22.530685712553712
 31
0.0
  0
LINE
  5
548
330
17
100
AcDbEntity
  8
ENGRAVE_POLARS
100
AcDbLine
 10
-4.899045544215503
 20
-22.530685712553712
 30
0.0
 11
-4.291644261163614
 21
-22.40180191114276
 31
0.0
  0
LINE
  5
549
330
17
100
AcDbEntity
  8
ENGRAVE_POLARS
100
AcDbLine
 10
-4.291644261163614
 20
-22.40180191114276
 30
0.0
 11
-3.6917151710903555
 21
-22.27688309175488
 31
0.0
  0
LINE
  5
54A
330
17
100
AcDbEntity
  8
ENGRAVE_POLARS
100
AcDbLine
 10
-3.6917151710903555
 20
-22.27688309175488
 30
0.0
 11
-3.106247595681268
 21
-22.15688792614439
 31
0.0
  0
LINE
  5
54B
330
17
100
AcDbEntity
  8
ENGRAVE_POLARS
100
AcDbLine
 10
-3.106247595681268
 20
-22.15688792614439
 30
0.0
 11
-2.542230856621895
 21
-22.042775086065596
 31
0.0
  0
LINE
  5
54C
330
17
100
AcDbEntity
  8
ENGRAVE_POLARS
100
AcDbLine
 10
-2.542230856621895
 20
-22.042775086065596
 30
0.0
 11
-2.006654275597776
 21
-21.935503243272805
 31
0.0
  0
LINE
  5
54D
330
17
100
AcDbEntity
  8
ENGRAVE_POLARS
100
AcDbLine
 10
-2.006654275597776
 20
-21.935503243272805
 30
0.0
 11
-1.5065071742944558
 21
-21.836031069520352
 31
0.0
  0
LINE
  5
54E
330
17
100
AcDbEntity
  8
ENGRAVE_POLARS
100
AcDbLine
 10
-1.5065071742944558
 20
-21.836031069520352
 30
0.0
 11
-1.0487788743974769
 21
-21.745317236562528
 31
0.0
  0
LINE
  5
54F
330
17
100
AcDbEntity
  8
ENGRAVE_POLARS
100
AcDbLine
 10
-1.0487788743974769
 20
-21.745317236562528
 30
0.0
 11
-0.6404586975923795
 21
-21.664320416153654
 31
0.0
  0
LINE
  5
550
330
17
100
AcDbEntity
  8
ENGRAVE_POLARS
100
AcDbLine
 10
-0.6404586975923795
 20
-21.664320416153654
 30
0.0
 11
-0.28853596556470645
 21
-21.59399928004804
 31
0.0
  0
LINE
  5
551
330
17
100
AcDbEntity
  8
ENGRAVE_POLARS
100
AcDbLine
 10
-0.28853596556470645
 20
-21.59399928004804
 30
0.0
 11
-1.3186575760881493e-15
 21
-21.5353125
 31
0.0
  0
TEXT
  5
552
330
17
100
AcDbEntity
  8
ENGRAVE_TEXT
100
AcDbText
 10
22.26631326796153
 20
23.527237643646693
 30
0.0
 40
3.6
  1
6
 72
1
 11
22.26631326796153
 21
23.527237643646693
 31
0.0
100
AcDbText
 73
2
  0
TEXT
  5
553
330
17
100
AcDbEntity
  8
ENGRAVE_TEXT
100
AcDbText
 10
-22.26631326796153
 20
23.527237643646693
 30
0.0
 40
3.6
  1
6
 72
1
 11
-22.26631326796153
 21
23.527237643646693
 31
0.0
100
AcDbText
 73
2
  0
CIRCLE
  5
554
330
17
100
AcDbEntity
  8
ENGRAVE_VMG
100
AcDbCircle
 10
21.06631326796153
 20
23.127237643646694
 30
0.0
 40
0.65
  0
CIRCLE
  5
555
330
17
100
AcDbEntity
  8
ENGRAVE_VMG
100
AcDbCircle
 10
-21.06631326796153
 20
23.127237643646694
 30
0.0
 40
0.65
  0
CIRCLE
  5
556
330
17
100
AcDbEntity
  8
ENGRAVE_VMG
100
AcDbCircle
 10
19.533438344131532
 20
-25.210692184390368
 30
0.0
 40
0.65
  0
CIRCLE
  5
557
330
17
100
AcDbEntity
  8
ENGRAVE_VMG
100
AcDbCircle
 10
-19.533438344131532
 20
-25.210692184390368
 30
0.0
 40
0.65
  0
LINE
  5
558
330
17
100
AcDbEntity
  8
ENGRAVE_POLARS
100
AcDbLine
 10
18.05611462493301
 20
21.12239918399999
 30
0.0
 11
18.373069080173632
 21
21.026730811561894
 31
0.0
  0
LINE
  5
559
330
17
100
AcDbEntity
  8
ENGRAVE_POLARS
100
AcDbLine
 10
18.373069080173632
 20
21.026730811561894
 30
0.0
 11
18.78299328621079
 21
20.91140018212991
 31
0.0
  0
LINE
  5
55A
330
17
100
AcDbEntity
  8
ENGRAVE_POLARS
100
AcDbLine
 10
18.78299328621079
 20
20.91140018212991
 30
0.0
 11
19.269622209557475
 21
20.778226331441136
 31
0.0
  0
LINE
  5
55B
330
17
100
AcDbEntity
  8
ENGRAVE_POLARS
100
AcDbLine
 10
19.269622209557475
 20
20.778226331441136
 30
0.0
 11
19.816690816726712
 21
20.629028295232683
 31
0.0
  0
LINE
  5
55C
330
17
100
AcDbEntity
  8
ENGRAVE_POLARS
100
AcDbLine
 10
19.816690816726712
 20
20.629028295232683
 30
0.0
 11
20.40793407423151
 21
20.46562510924166
 31
0.0
  0
LINE
  5
55D
330
17
100
AcDbEntity
  8
ENGRAVE_POLARS
100
AcDbLine
 10
20.40793407423151
 20
20.46562510924166
 30
0.0
 11
21.02708694858488
 21
20.28983580920517
 31
0.0
  0
LINE
  5
55E
330
17
100
AcDbEntity
  8
ENGRAVE_POLARS
100
AcDbLine
 10
21.02708694858488
 20
20.28983580920517
 30
0.0
 11
21.657884406299836
 21
20.1034794308603
 31
0.0
  0
LINE
  5
55F
330
17
100
AcDbEntity
  8
ENGRAVE_POLARS
100
AcDbLine
 10
21.657884406299836
 20
20.1034794308603
 30
0.0
 11
22.28406141388939
 21
19.908375009944184
 31
0.0
  0
LINE
  5
560
330
17
100
AcDbEntity
  8
ENGRAVE_POLARS
100
AcDbLine
 10
22.28406141388939
 20
19.908375009944184
 30
0.0
 11
22.889352937866555
 21
19.706341582193907
 31
0.0
  0
LINE
  5
561
330
17
100
AcDbEntity
  8
ENGRAVE_POLARS
100
AcDbLine
 10
22.889352937866555
 20
19.706341582193907
 30
0.0
 11
23.457493944744336
 21
19.49919818334658
 31
0.0
  0
LINE
  5
562
330
17
100
AcDbEntity
  8
ENGRAVE_POLARS
100
AcDbLine
 10
23.457493944744336
 20
19.49919818334658
 30
0.0
 11
23.972219401035748
 21
19.288763849139308
 31
0.0
  0
LINE
  5
563
330
17
100
AcDbEntity
  8
ENGRAVE_POLARS
100
AcDbLine
 10
23.972219401035748
 20
19.288763849139308
 30
0.0
 11
24.41726427325381
 21
19.076857615309194
 31
0.0
  0
LINE
  5
564
330
17
100
AcDbEntity
  8
ENGRAVE_POLARS
100
AcDbLine
 10
24.41726427325381
 20
19.076857615309194
 30
0.0
 11
24.803395176372785
 21
18.863966998092714
 31
0.0
  0
LINE
  5
565
330
17
100
AcDbEntity
  8
ENGRAVE_POLARS
100
AcDbLine
 10
24.803395176372785
 20
18.863966998092714
 30
0.0
 11
25.155207265543922
 21
18.6484178324726
 31
0.0
  0
LINE
  5
566
330
17
100
AcDbEntity
  8
ENGRAVE_POLARS
100
AcDbLine
 10
25.155207265543922
 20
18.6484178324726
 30
0.0
 11
25.477178317545707
 21
18.428786632305346
 31
0.0
  0
LINE
  5
567
330
17
100
AcDbEntity
  8
ENGRAVE_POLARS
100
AcDbLine
 10
25.477178317545707
 20
18.428786632305346
 30
0.0
 11
25.77378610915662
 21
18.203649911447442
 31
0.0
  0
LINE
  5
568
330
17
100
AcDbEntity
  8
ENGRAVE_POLARS
100
AcDbLine
 10
25.77378610915662
 20
18.203649911447442
 30
0.0
 11
26.049508417155145
 21
17.971584183755386
 31
0.0
  0
LINE
  5
569
330
17
100
AcDbEntity
  8
ENGRAVE_POLARS
100
AcDbLine
 10
26.049508417155145
 20
17.971584183755386
 30
0.0
 11
26.308823018319753
 21
17.73116596308566
 31
0.0
  0
LINE
  5
56A
330
17
100
AcDbEntity
  8
ENGRAVE_POLARS
100
AcDbLine
 10
26.308823018319753
 20
17.73116596308566
 30
0.0
 11
26.556207689428938
 21
17.480971763294768
 31
0.0
  0
LINE
  5
56B
330
17
100
AcDbEntity
  8
ENGRAVE_POLARS
100
AcDbLine
 10
26.556207689428938
 20
17.480971763294768
 30
0.0
 11
26.796140207261164
 21
17.2195780982392
 31
0.0
  0
LINE
  5
56C
330
17
100
AcDbEntity
  8
ENGRAVE_POLARS
100
AcDbLine
 10
26.796140207261164
 20
17.2195780982392
 30
0.0
 11
27.033098348594937
 21
16.945561481775446
 31
0.0
  0
LINE
  5
56D
330
17
100
AcDbEntity
  8
ENGRAVE_POLARS
100
AcDbLine
 10
27.033098348594937
 20
16.945561481775446
 30
0.0
 11
27.271559890208728
 21
16.65749842776
 31
0.0
  0
LINE
  5
56E
330
17
100
AcDbEntity
  8
ENGRAVE_POLARS
100
AcDbLine
 10
27.271559890208728
 20
16.65749842776
 30
0.0
 11
27.516002608881006
 21
16.35396545004935
 31
0.0
  0
LINE
  5
56F
330
17
100
AcDbEntity
  8
ENGRAVE_POLARS
100
AcDbLine
 10
27.516002608881006
 20
16.35396545004935
 30
0.0
 11
27.77090428139027
 21
16.033539062499997
 31
0.0
  0
LINE
  5
570
330
17
100
AcDbEntity
  8
ENGRAVE_POLARS
100
AcDbLine
 10
27.77090428139027
 20
16.033539062499997
 30
0.0
 11
28.03601825928224
 21
15.685208052240153
 31
0.0
  0
LINE
  5
571
330
17
100
AcDbEntity
  8
ENGRAVE_POLARS
100
AcDbLine
 10
28.03601825928224
 20
15.685208052240153
 30
0.0
 11
28.30630273705495
 21
15.30351817778069
 31
0.0
  0
LINE
  5
572
330
17
100
AcDbEntity
  8
ENGRAVE_POLARS
100
AcDbLine
 10
28.30630273705495
 20
15.30351817778069
 30
0.0
 11
28.579042755915324
 21
14.895381410052085
 31
0.0
  0
LINE
  5
573
330
17
100
AcDbEntity
  8
ENGRAVE_POLARS
100
AcDbLine
 10
28.579042755915324
 20
14.895381410052085
 30
0.0
 11
28.8515233570703
 21
14.467709719984816
 31
0.0
  0
LINE
  5
574
330
17
100
AcDbEntity
  8
ENGRAVE_POLARS
100
AcDbLine
 10
28.8515233570703
 20
14.467709719984816
 30
0.0
 11
29.121029581726813
 21
14.027415078509367
 31
0.0
  0
LINE
  5
575
330
17
100
AcDbEntity
  8
ENGRAVE_POLARS
100
AcDbLine
 10
29.121029581726813
 20
14.027415078509367
 30
0.0
 11
29.384846471091794
 21
13.581409456556207
 31
0.0
  0
LINE
  5
576
330
17
100
AcDbEntity
  8
ENGRAVE_POLARS
100
AcDbLine
 10
29.384846471091794
 20
13.581409456556207
 30
0.0
 11
29.64025906637217
 21
13.136604825055818
 31
0.0
  0
LINE
  5
577
330
17
100
AcDbEntity
  8
ENGRAVE_POLARS
100
AcDbLine
 10
29.64025906637217
 20
13.136604825055818
 30
0.0
 11
29.88455240877488
 21
12.699913154938676
 31
0.0
  0
LINE
  5
578
330
17
100
AcDbEntity
  8
ENGRAVE_POLARS
100
AcDbLine
 10
29.88455240877488
 20
12.699913154938676
 30
0.0
 11
30.115011539506856
 21
12.278246417135257
 31
0.0
  0
LINE
  5
579
330
17
100
AcDbEntity
  8
ENGRAVE_POLARS
100
AcDbLine
 10
30.115011539506856
 20
12.278246417135257
 30
0.0
 11
30.328921499775024
 21
11.87851658257604
 31
0.0
  0
LINE
  5
57A
330
17
100
AcDbEntity
  8
ENGRAVE_POLARS
100
AcDbLine
 10
30.328921499775024
 20
11.87851658257604
 30
0.0
 11
30.523567330786317
 21
11.507635622191504
 31
0.0
  0
LINE
  5
57B
330
17
100
AcDbEntity
  8
ENGRAVE_POLARS
100
AcDbLine
 10
30.523567330786317
 20
11.507635622191504
 30
0.0
 11
30.69623407374768
 21
11.172515506912125
 31
0.0
  0
LINE
  5
57C
330
17
100
AcDbEntity
  8
ENGRAVE_POLARS
100
AcDbLine
 10
30.69623407374768
 20
11.172515506912125
 30
0.0
 11
30.84486620979359
 21
10.87229028975448
 31
0.0
  0
LINE
  5
57D
330
17
100
AcDbEntity
  8
ENGRAVE_POLARS
100
AcDbLine
 10
30.84486620979359
 20
10.87229028975448
 30
0.0
 11
30.971117454693005
 21
10.598868581623142
 31
0.0
  0
LINE
  5
57E
330
17
100
AcDbEntity
  8
ENGRAVE_POLARS
100
AcDbLine
 10
30.971117454693005
 20
10.598868581623142
 30
0.0
 11
31.077836701604504
 21
10.348324190280584
 31
0.0
  0
LINE
  5
57F
330
17
100
AcDbEntity
  8
ENGRAVE_POLARS
100
AcDbLine
 10
31.077836701604504
 20
10.348324190280584
 30
0.0
 11
31.167872843686666
 21
10.116730923489277
 31
0.0
  0
LINE
  5
580
330
17
100
AcDbEntity
  8
ENGRAVE_POLARS
100
AcDbLine
 10
31.167872843686666
 20
10.116730923489277
 30
0.0
 11
31.2440747740981
 21
9.900162589011696
 31
0.0
  0
LINE
  5
581
330
17
100
AcDbEntity
  8
ENGRAVE_POLARS
100
AcDbLine
 10
31.2440747740981
 20
9.900162589011696
 30
0.0
 11
31.309291385997383
 21
9.69469299461031
 31
0.0
  0
LINE
  5
582
330
17
100
AcDbEntity
  8
ENGRAVE_POLARS
100
AcDbLine
 10
31.309291385997383
 20
9.69469299461031
 30
0.0
 11
31.36637157254311
 21
9.496395948047594
 31
0.0
  0
LINE
  5
583
330
17
100
AcDbEntity
  8
ENGRAVE_POLARS
100
AcDbLine
 10
31.36637157254311
 20
9.496395948047594
 30
0.0
 11
31.418164226893865
 21
9.30134525708602
 31
0.0
  0
LINE
  5
584
330
17
100
AcDbEntity
  8
ENGRAVE_POLARS
100
AcDbLine
 10
31.418164226893865
 20
9.30134525708602
 30
0.0
 11
31.467518242208246
 21
9.105614729488059
 31
0.0
  0
LINE
  5
585
330
17
100
AcDbEntity
  8
ENGRAVE_POLARS
100
AcDbLine
 10
31.467518242208246
 20
9.105614729488059
 30
0.0
 11
31.51728251164484
 21
8.905278173016185
 31
0.0
  0
LINE
  5
586
330
17
100
AcDbEntity
  8
ENGRAVE_POLARS
100
AcDbLine
 10
31.51728251164484
 20
8.905278173016185
 30
0.0
 11
31.570305928362227
 21
8.696409395432866
 31
0.0
  0
LINE
  5
587
330
17
100
AcDbEntity
  8
ENGRAVE_POLARS
100
AcDbLine
 10
31.570305928362227
 20
8.696409395432866
 30
0.0
 11
31.62943738551901
 21
8.475082204500579
 31
0.0
  0
LINE
  5
588
330
17
100
AcDbEntity
  8
ENGRAVE_POLARS
100
AcDbLine
 10
31.62943738551901
 20
8.475082204500579
 30
0.0
 11
31.68752012940667
 21
8.254746309421305
 31
0.0
  0
LINE
  5
589
330
17
100
AcDbEntity
  8
ENGRAVE_POLARS
100
AcDbLine
 10
31.68752012940667
 20
8.254746309421305
 30
0.0
 11
31.73689197876496
 21
8.048243734855427
 31
0.0
  0
LINE
  5
58A
330
17
100
AcDbEntity
  8
ENGRAVE_POLARS
100
AcDbLine
 10
31.73689197876496
 20
8.048243734855427
 30
0.0
 11
31.779643685424873
 21
7.850736761753019
 31
0.0
  0
LINE
  5
58B
330
17
100
AcDbEntity
  8
ENGRAVE_POLARS
100
AcDbLine
 10
31.779643685424873
 20
7.850736761753019
 30
0.0
 11
31.817866001217418
 21
7.657387671064153
 31
0.0
  0
LINE
  5
58C
330
17
100
AcDbEntity
  8
ENGRAVE_POLARS
100
AcDbLine
 10
31.817866001217418
 20
7.657387671064153
 30
0.0
 11
31.853649677973586
 21
7.463358743738899
 31
0.0
  0
LINE
  5
58D
330
17
100
AcDbEntity
  8
ENGRAVE_POLARS
100
AcDbLine
 10
31.853649677973586
 20
7.463358743738899
 30
0.0
 11
31.88908546752436
 21
7.263812260727332
 31
0.0
  0
LINE
  5
58E
330
17
100
AcDbEntity
  8
ENGRAVE_POLARS
100
AcDbLine
 10
31.88908546752436
 20
7.263812260727332
 30
0.0
 11
31.92626412170076
 21
7.05391050297952
 31
0.0
  0
LINE
  5
58F
330
17
100
AcDbEntity
  8
ENGRAVE_POLARS
100
AcDbLine
 10
31.92626412170076
 20
7.05391050297952
 30
0.0
 11
31.967276392333766
 21
6.828815751445539
 31
0.0
  0
LINE
  5
590
330
17
100
AcDbEntity
  8
ENGRAVE_POLARS
100
AcDbLine
 10
31.967276392333766
 20
6.828815751445539
 30
0.0
 11
32.01421303125438
 21
6.583690287075462
 31
0.0
  0
LINE
  5
591
330
17
100
AcDbEntity
  8
ENGRAVE_POLARS
100
AcDbLine
 10
32.01421303125438
 20
6.583690287075462
 30
0.0
 11
32.0691647902936
 21
6.3136963908193575
 31
0.0
  0
LINE
  5
592
330
17
100
AcDbEntity
  8
ENGRAVE_POLARS
100
AcDbLine
 10
32.0691647902936
 20
6.3136963908193575
 30
0.0
 11
32.13422242128241
 21
6.013996343627299
 31
0.0
  0
LINE
  5
593
330
17
100
AcDbEntity
  8
ENGRAVE_POLARS
100
AcDbLine
 10
32.13422242128241
 20
6.013996343627299
 30
0.0
 11
32.211476676051824
 21
5.679752426449358
 31
0.0
  0
LINE
  5
594
330
17
100
AcDbEntity
  8
ENGRAVE_POLARS
100
AcDbLine
 10
32.211476676051824
 20
5.679752426449358
 30
0.0
 11
32.30877774362395
 21
5.327234436443998
 31
0.0
  0
LINE
  5
595
330
17
100
AcDbEntity
  8
ENGRAVE_POLARS
100
AcDbLine
 10
32.30877774362395
 20
5.327234436443998
 30
0.0
 11
32.42884037865177
 21
4.972073392584706
 31
0.0
  0
LINE
  5
596
330
17
100
AcDbEntity
  8
ENGRAVE_POLARS
100
AcDbLine
 10
32.42884037865177
 20
4.972073392584706
 30
0.0
 11
32.566052181412594
 21
4.608473408544092
 31
0.0
  0
LINE
  5
597
330
17
100
AcDbEntity
  8
ENGRAVE_POLARS
100
AcDbLine
 10
32.566052181412594
 20
4.608473408544092
 30
0.0
 11
32.71480075218371
 21
4.230638597994769
 31
0.0
  0
LINE
  5
598
330
17
100
AcDbEntity
  8
ENGRAVE_POLARS
100
AcDbLine
 10
32.71480075218371
 20
4.230638597994769
 30
0.0
 11
32.86947369124244
 21
3.8327730746093494
 31
0.0
  0
LINE
  5
599
330
17
100
AcDbEntity
  8
ENGRAVE_POLARS
100
AcDbLine
 10
32.86947369124244
 20
3.8327730746093494
 30
0.0
 11
33.02445859886608
 21
3.4090809520604415
 31
0.0
  0
LINE
  5
59A
330
17
100
AcDbEntity
  8
ENGRAVE_POLARS
100
AcDbLine
 10
33.02445859886608
 20
3.4090809520604415
 30
0.0
 11
33.17414307533194
 21
2.953766344020658
 31
0.0
  0
LINE
  5
59B
330
17
100
AcDbEntity
  8
ENGRAVE_POLARS
100
AcDbLine
 10
33.17414307533194
 20
2.953766344020658
 30
0.0
 11
33.312914720917306
 21
2.46103336416261
 31
0.0
  0
LINE
  5
59C
330
17
100
AcDbEntity
  8
ENGRAVE_POLARS
100
AcDbLine
 10
33.312914720917306
 20
2.46103336416261
 30
0.0
 11
33.4351611358995
 21
1.9250861261589096
 31
0.0
  0
LINE
  5
59D
330
17
100
AcDbEntity
  8
ENGRAVE_POLARS
100
AcDbLine
 10
33.4351611358995
 20
1.9250861261589096
 30
0.0
 11
33.53526992055581
 21
1.3401287436821665
 31
0.0
  0
LINE
  5
59E
330
17
100
AcDbEntity
  8
ENGRAVE_POLARS
100
AcDbLine
 10
33.53526992055581
 20
1.3401287436821665
 30
0.0
 11
33.60762867516353
 21
0.7003653304049928
 31
0.0
  0
LINE
  5
59F
330
17
100
AcDbEntity
  8
ENGRAVE_POLARS
100
AcDbLine
 10
33.60762867516353
 20
0.7003653304049928
 30
0.0
 11
33.646625
 21
0.0
 31
0.0
  0
LINE
  5
5A0
330
17
100
AcDbEntity
  8
ENGRAVE_POLARS
100
AcDbLine
 10
33.646625
 20
0.0
 30
0.0
 11
33.65754524754895
 21
-0.795066553733767
 31
0.0
  0
LINE
  5
5A1
330
17
100
AcDbEntity
  8
ENGRAVE_POLARS
100
AcDbLine
 10
33.65754524754895
 20
-0.795066553733767
 30
0.0
 11
33.64987607817936
 21
-1.7002111042034005
 31
0.0
  0
LINE
  5
5A2
330
17
100
AcDbEntity
  8
ENGRAVE_POLARS
100
AcDbLine
 10
33.64987607817936
 20
-1.7002111042034005
 30
0.0
 11
33.62430555399636
 21
-2.6931457385454958
 31
0.0
  0
LINE
  5
5A3
330
17
100
AcDbEntity
  8
ENGRAVE_POLARS
100
AcDbLine
 10
33.62430555399636
 20
-2.6931457385454958
 30
0.0
 11
33.58152173710505
 21
-3.7515825438966486
 31
0.0
  0
LINE
  5
5A4
330
17
100
AcDbEntity
  8
ENGRAVE_POLARS
100
AcDbLine
 10
33.58152173710505
 20
-3.7515825438966486
 30
0.0
 11
33.52221268961056
 21
-4.853233607393454
 31
0.0
  0
LINE
  5
5A5
330
17
100
AcDbEntity
  8
ENGRAVE_POLARS
100
AcDbLine
 10
33.52221268961056
 20
-4.853233607393454
 30
0.0
 11
33.44706647361801
 21
-5.975811016172509
 31
0.0
  0
LINE
  5
5A6
330
17
100
AcDbEntity
  8
ENGRAVE_POLARS
100
AcDbLine
 10
33.44706647361801
 20
-5.975811016172509
 30
0.0
 11
33.35677115123251
 21
-7.097026857370408
 31
0.0
  0
LINE
  5
5A7
330
17
100
AcDbEntity
  8
ENGRAVE_POLARS
100
AcDbLine
 10
33.35677115123251
 20
-7.097026857370408
 30
0.0
 11
33.25201478455919
 21
-8.19459321812375
 31
0.0
  0
LINE
  5
5A8
330
17
100
AcDbEntity
  8
ENGRAVE_POLARS
100
AcDbLine
 10
33.25201478455919
 20
-8.19459321812375
 30
0.0
 11
33.13348543570316
 21
-9.246222185569122
 31
0.0
  0
LINE
  5
5A9
330
17
100
AcDbEntity
  8
ENGRAVE_POLARS
100
AcDbLine
 10
33.13348543570316
 20
-9.246222185569122
 30
0.0
 11
33.00187116676954
 21
-10.22962584684313
 31
0.0
  0
LINE
  5
5AA
330
17
100
AcDbEntity
  8
ENGRAVE_POLARS
100
AcDbLine
 10
33.00187116676954
 20
-10.22962584684313
 30
0.0
 11
32.857860039863446
 21
-11.122516289082364
 31
0.0
  0
LINE
  5
5AB
330
17
100
AcDbEntity
  8
ENGRAVE_POLARS
100
AcDbLine
 10
32.857860039863446
 20
-11.122516289082364
 30
0.0
 11
32.70214011709
 21
-11.90260559942342
 31
0.0
  0
LINE
  5
5AC
330
17
100
AcDbEntity
  8
ENGRAVE_POLARS
100
AcDbLine
 10
32.70214011709
 20
-11.90260559942342
 30
0.0
 11
32.54144309017689
 21
-12.574783733576297
 31
0.0
  0
LINE
  5
5AD
330
17
100
AcDbEntity
  8
ENGRAVE_POLARS
100
AcDbLine
 10
32.54144309017689
 20
-12.574783733576297
 30
0.0
 11
32.37930214974524
 21
-13.166476568298338
 31
0.0
  0
LINE
  5
5AE
330
17
100
AcDbEntity
  8
ENGRAVE_POLARS
100
AcDbLine
 10
32.37930214974524
 20
-13.166476568298338
 30
0.0
 11
32.21160760624032
 21
-13.689200072297169
 31
0.0
  0
LINE
  5
5AF
330
17
100
AcDbEntity
  8
ENGRAVE_POLARS
100
AcDbLine
 10
32.21160760624032
 20
-13.689200072297169
 30
0.0
 11
32.034249770107415
 21
-14.154470214280412
 31
0.0
  0
LINE
  5
5B0
330
17
100
AcDbEntity
  8
ENGRAVE_POLARS
100
AcDbLine
 10
32.034249770107415
 20
-14.154470214280412
 30
0.0
 11
31.8431189517918
 21
-14.573802962955693
 31
0.0
  0
LINE
  5
5B1
330
17
100
AcDbEntity
  8
ENGRAVE_POLARS
100
AcDbLine
 10
31.8431189517918
 20
-14.573802962955693
 30
0.0
 11
31.63410546173876
 21
-14.95871428703063
 31
0.0
  0
LINE
  5
5B2
330
17
100
AcDbEntity
  8
ENGRAVE_POLARS
100
AcDbLine
 10
31.63410546173876
 20
-14.95871428703063
 30
0.0
 11
31.403099610393568
 21
-15.32072015521285
 31
0.0
  0
LINE
  5
5B3
330
17
100
AcDbEntity
  8
ENGRAVE_POLARS
100
AcDbLine
 10
31.403099610393568
 20
-15.32072015521285
 30
0.0
 11
31.145991708201503
 21
-15.671336536209978
 31
0.0
  0
LINE
  5
5B4
330
17
100
AcDbEntity
  8
ENGRAVE_POLARS
100
AcDbLine
 10
31.145991708201503
 20
-15.671336536209978
 30
0.0
 11
30.858672065607845
 21
-16.022079398729634
 31
0.0
  0
LINE
  5
5B5
330
17
100
AcDbEntity
  8
ENGRAVE_POLARS
100
AcDbLine
 10
30.858672065607845
 20
-16.022079398729634
 30
0.0
 11
30.537030993057876
 21
-16.38446471147944
 31
0.0
  0
LINE
  5
5B6
330
17
100
AcDbEntity
  8
ENGRAVE_POLARS
100
AcDbLine
 10
30.537030993057876
 20
-16.38446471147944
 30
0.0
 11
30.17695880099686
 21
-16.77000844316702
 31
0.0
  0
LINE
  5
5B7
330
17
100
AcDbEntity
  8
ENGRAVE_POLARS
100
AcDbLine
 10
30.17695880099686
 20
-16.77000844316702
 30
0.0
 11
29.774345799870094
 21
-17.190226562499998
 31
0.0
  0
LINE
  5
5B8
330
17
100
AcDbEntity
  8
ENGRAVE_POLARS
100
AcDbLine
 10
29.774345799870094
 20
-17.190226562499998
 30
0.0
 11
29.319040427701367
 21
-17.64489256421516
 31
0.0
  0
LINE
  5
5B9
330
17
100
AcDbEntity
  8
ENGRAVE_POLARS
100
AcDbLine
 10
29.319040427701367
 20
-17.64489256421516
 30
0.0
 11
28.809065897292793
 21
-18.121299433645774
 31
0.0
  0
LINE
  5
5BA
330
17
100
AcDbEntity
  8
ENGRAVE_POLARS
100
AcDbLine
 10
28.809065897292793
 20
-18.121299433645774
 30
0.0
 11
28.252574681257126
 21
-18.612242375394207
 31
0.0
  0
LINE
  5
5BB
330
17
100
AcDbEntity
  8
ENGRAVE_POLARS
100
AcDbLine
 10
28.252574681257126
 20
-18.612242375394207
 30
0.0
 11
27.657719252207112
 21
-19.110516594062812
 31
0.0
  0
LINE
  5
5BC
330
17
100
AcDbEntity
  8
ENGRAVE_POLARS
100
AcDbLine
 10
27.657719252207112
 20
-19.110516594062812
 30
0.0
 11
27.03265208275551
 21
-19.60891729425394
 31
0.0
  0
LINE
  5
5BD
330
17
100
AcDbEntity
  8
ENGRAVE_POLARS
100
AcDbLine
 10
27.03265208275551
 20
-19.60891729425394
 30
0.0
 11
26.38552564551506
 21
-20.100239680569956
 31
0.0
  0
LINE
  5
5BE
330
17
100
AcDbEntity
  8
ENGRAVE_POLARS
100
AcDbLine
 10
26.38552564551506
 20
-20.100239680569956
 30
0.0
 11
25.724492413098517
 21
-20.577278957613213
 31
0.0
  0
LINE
  5
5BF
330
17
100
AcDbEntity
  8
ENGRAVE_POLARS
100
AcDbLine
 10
25.724492413098517
 20
-20.577278957613213
 30
0.0
 11
25.057704858118633
 21
-21.032830329986073
 31
0.0
  0
LINE
  5
5C0
330
17
100
AcDbEntity
  8
ENGRAVE_POLARS
100
AcDbLine
 10
25.057704858118633
 20
-21.032830329986073
 30
0.0
 11
24.39331545318816
 21
-21.45968900229089
 31
0.0
  0
LINE
  5
5C1
330
17
100
AcDbEntity
  8
ENGRAVE_POLARS
100
AcDbLine
 10
24.39331545318816
 20
-21.45968900229089
 30
0.0
 11
23.739476670919835
 21
-21.850650179130024
 31
0.0
  0
LINE
  5
5C2
330
17
100
AcDbEntity
  8
ENGRAVE_POLARS
100
AcDbLine
 10
23.739476670919835
 20
-21.850650179130024
 30
0.0
 11
23.104340983926416
 21
-22.198509065105824
 31
0.0
  0
LINE
  5
5C3
330
17
100
AcDbEntity
  8
ENGRAVE_POLARS
100
AcDbLine
 10
23.104340983926416
 20
-22.198509065105824
 30
0.0
 11
22.496060864820667
 21
-22.496060864820663
 31
0.0
  0
LINE
  5
5C4
330
17
100
AcDbEntity
  8
ENGRAVE_POLARS
100
AcDbLine
 10
22.496060864820667
 20
-22.496060864820663
 30
0.0
 11
21.890311717274333
 21
-22.742497869899353
 31
0.0
  0
LINE
  5
5C5
330
17
100
AcDbEntity
  8
ENGRAVE_POLARS
100
AcDbLine
 10
21.890311717274333
 20
-22.742497869899353
 30
0.0
 11
21.262720646228267
 21
-22.94516586090058
 31
0.0
  0
LINE
  5
5C6
330
17
100
AcDbEntity
  8
ENGRAVE_POLARS
100
AcDbLine
 10
21.262720646228267
 20
-22.94516586090058
 30
0.0
 11
20.621367676198847
 21
-23.109090275827487
 31
0.0
  0
LINE
  5
5C7
330
17
100
AcDbEntity
  8
ENGRAVE_POLARS
100
AcDbLine
 10
20.621367676198847
 20
-23.109090275827487
 30
0.0
 11
19.974332831702455
 21
-23.23929655268321
 31
0.0
  0
LINE
  5
5C8
330
17
100
AcDbEntity
  8
ENGRAVE_POLARS
100
AcDbLine
 10
19.974332831702455
 20
-23.23929655268321
 30
0.0
 11
19.32969613725547
 21
-23.340810129470896
 31
0.0
  0
LINE
  5
5C9
330
17
100
AcDbEntity
  8
ENGRAVE_POLARS
100
AcDbLine
 10
19.32969613725547
 20
-23.340810129470896
 30
0.0
 11
18.695537617374278
 21
-23.418656444193672
 31
0.0
  0
LINE
  5
5CA
330
17
100
AcDbEntity
  8
ENGRAVE_POLARS
100
AcDbLine
 10
18.695537617374278
 20
-23.418656444193672
 30
0.0
 11
18.079937296575245
 21
-23.47786093485469
 31
0.0
  0
LINE
  5
5CB
330
17
100
AcDbEntity
  8
ENGRAVE_POLARS
100
AcDbLine
 10
18.079937296575245
 20
-23.47786093485469
 30
0.0
 11
17.490975199374756
 21
-23.523449039457084
 31
0.0
  0
LINE
  5
5CC
330
17
100
AcDbEntity
  8
ENGRAVE_POLARS
100
AcDbLine
 10
17.490975199374756
 20
-23.523449039457084
 30
0.0
 11
16.936731350289197
 21
-23.560446196003998
 31
0.0
  0
LINE
  5
5CD
330
17
100
AcDbEntity
  8
ENGRAVE_POLARS
100
AcDbLine
 10
16.936731350289197
 20
-23.560446196003998
 30
0.0
 11
16.425285773834936
 21
-23.593877842498568
 31
0.0
  0
LINE
  5
5CE
330
17
100
AcDbEntity
  8
ENGRAVE_POLARS
100
AcDbLine
 10
16.425285773834936
 20
-23.593877842498568
 30
0.0
 11
15.964718494528354
 21
-23.628769416943932
 31
0.0
  0
LINE
  5
5CF
330
17
100
AcDbEntity
  8
ENGRAVE_POLARS
100
AcDbLine
 10
15.964718494528354
 20
-23.628769416943932
 30
0.0
 11
15.563109536885838
 21
-23.670146357343235
 31
0.0
  0
LINE
  5
5D0
330
17
100
AcDbEntity
  8
ENGRAVE_POLARS
100
AcDbLine
 10
15.563109536885838
 20
-23.670146357343235
 30
0.0
 11
15.245076984834201
 21
-23.71188326127802
 31
0.0
  0
LINE
  5
5D1
330
17
100
AcDbEntity
  8
ENGRAVE_POLARS
100
AcDbLine
 10
15.245076984834201
 20
-23.71188326127802
 30
0.0
 11
15.017472319581735
 21
-23.74459984938768
 31
0.0
  0
LINE
  5
5D2
330
17
100
AcDbEntity
  8
ENGRAVE_POLARS
100
AcDbLine
 10
15.017472319581735
 20
-23.74459984938768
 30
0.0
 11
14.861725661567021
 21
-23.76843924426208
 31
0.0
  0
LINE
  5
5D3
330
17
100
AcDbEntity
  8
ENGRAVE_POLARS
100
AcDbLine
 10
14.861725661567021
 20
-23.76843924426208
 30
0.0
 11
14.759267131228649
 21
-23.783544568491116
 31
0.0
  0
LINE
  5
5D4
330
17
100
AcDbEntity
  8
ENGRAVE_POLARS
100
AcDbLine
 10
14.759267131228649
 20
-23.783544568491116
 30
0.0
 11
14.6915268490052
 21
-23.790058944664672
 31
0.0
  0
LINE
  5
5D5
330
17
100
AcDbEntity
  8
ENGRAVE_POLARS
100
AcDbLine
 10
14.6915268490052
 20
-23.790058944664672
 30
0.0
 11
14.639934935335258
 21
-23.788125495372633
 31
0.0
  0
LINE
  5
5D6
330
17
100
AcDbEntity
  8
ENGRAVE_POLARS
100
AcDbLine
 10
14.639934935335258
 20
-23.788125495372633
 30
0.0
 11
14.585921510657409
 21
-23.777887343204867
 31
0.0
  0
LINE
  5
5D7
330
17
100
AcDbEntity
  8
ENGRAVE_POLARS
100
AcDbLine
 10
14.585921510657409
 20
-23.777887343204867
 30
0.0
 11
14.510916695410236
 21
-23.759487610751275
 31
0.0
  0
LINE
  5
5D8
330
17
100
AcDbEntity
  8
ENGRAVE_POLARS
100
AcDbLine
 10
14.510916695410236
 20
-23.759487610751275
 30
0.0
 11
14.396350610032325
 21
-23.73306942060174
 31
0.0
  0
LINE
  5
5D9
330
17
100
AcDbEntity
  8
ENGRAVE_POLARS
100
AcDbLine
 10
14.396350610032325
 20
-23.73306942060174
 30
0.0
 11
14.223653374962263
 21
-23.698775895346138
 31
0.0
  0
LINE
  5
5DA
330
17
100
AcDbEntity
  8
ENGRAVE_POLARS
100
AcDbLine
 10
14.223653374962263
 20
-23.698775895346138
 30
0.0
 11
13.974255110638625
 21
-23.656750157574358
 31
0.0
  0
LINE
  5
5DB
330
17
100
AcDbEntity
  8
ENGRAVE_POLARS
100
AcDbLine
 10
13.974255110638625
 20
-23.656750157574358
 30
0.0
 11
13.629585937500003
 21
-23.607135329876286
 31
0.0
  0
LINE
  5
5DC
330
17
100
AcDbEntity
  8
ENGRAVE_POLARS
100
AcDbLine
 10
13.629585937500003
 20
-23.607135329876286
 30
0.0
 11
13.18798686389604
 21
-23.54560447063467
 31
0.0
  0
LINE
  5
5DD
330
17
100
AcDbEntity
  8
ENGRAVE_POLARS
100
AcDbLine
 10
13.18798686389604
 20
-23.54560447063467
 30
0.0
 11
12.66866021829805
 21
-23.469247937813225
 31
0.0
  0
LINE
  5
5DE
330
17
100
AcDbEntity
  8
ENGRAVE_POLARS
100
AcDbLine
 10
12.66866021829805
 20
-23.469247937813225
 30
0.0
 11
12.084328101327133
 21
-23.38033480337324
 31
0.0
  0
LINE
  5
5DF
330
17
100
AcDbEntity
  8
ENGRAVE_POLARS
100
AcDbLine
 10
12.084328101327133
 20
-23.38033480337324
 30
0.0
 11
11.447712613604377
 21
-23.281134139276006
 31
0.0
  0
LINE
  5
5E0
330
17
100
AcDbEntity
  8
ENGRAVE_POLARS
100
AcDbLine
 10
11.447712613604377
 20
-23.281134139276006
 30
0.0
 11
10.771535855750889
 21
-23.173915017482827
 31
0.0
  0
LINE
  5
5E1
330
17
100
AcDbEntity
  8
ENGRAVE_POLARS
100
AcDbLine
 10
10.771535855750889
 20
-23.173915017482827
 30
0.0
 11
10.068519928387754
 21
-23.060946509955
 31
0.0
  0
LINE
  5
5E2
330
17
100
AcDbEntity
  8
ENGRAVE_POLARS
100
AcDbLine
 10
10.068519928387754
 20
-23.060946509955
 30
0.0
 11
9.35138693213607
 21
-22.94449768865381
 31
0.0
  0
LINE
  5
5E3
330
17
100
AcDbEntity
  8
ENGRAVE_POLARS
100
AcDbLine
 10
9.35138693213607
 20
-22.94449768865381
 30
0.0
 11
8.632858967616931
 21
-22.82683762554057
 31
0.0
  0
LINE
  5
5E4
330
17
100
AcDbEntity
  8
ENGRAVE_POLARS
100
AcDbLine
 10
8.632858967616931
 20
-22.82683762554057
 30
0.0
 11
7.92565813545144
 21
-22.71023539257657
 31
0.0
  0
LINE
  5
5E5
330
17
100
AcDbEntity
  8
ENGRAVE_POLARS
100
AcDbLine
 10
7.92565813545144
 20
-22.71023539257657
 30
0.0
 11
7.242506536260683
 21
-22.596960061723102
 31
0.0
  0
LINE
  5
5E6
330
17
100
AcDbEntity
  8
ENGRAVE_POLARS
100
AcDbLine
 10
7.242506536260683
 20
-22.596960061723102
 30
0.0
 11
6.596126270665758
 21
-22.489280704941464
 31
0.0
  0
LINE
  5
5E7
330
17
100
AcDbEntity
  8
ENGRAVE_POLARS
100
AcDbLine
 10
6.596126270665758
 20
-22.489280704941464
 30
0.0
 11
5.999239439287763
 21
-22.389466394192958
 31
0.0
  0
LINE
  5
5E8
330
17
100
AcDbEntity
  8
ENGRAVE_POLARS
100
AcDbLine
 10
5.999239439287763
 20
-22.389466394192958
 30
0.0
 11
5.42310039227477
 21
-22.29196387411656
 31
0.0
  0
LINE
  5
5E9
330
17
100
AcDbEntity
  8
ENGRAVE_POLARS
100
AcDbLine
 10
5.42310039227477
 20
-22.29196387411656
 30
0.0
 11
4.835537788134361
 21
-22.19076390370658
 31
0.0
  0
LINE
  5
5EA
330
17
100
AcDbEntity
  8
ENGRAVE_POLARS
100
AcDbLine
 10
4.835537788134361
 20
-22.19076390370658
 30
0.0
 11
4.244135190026888
 21
-22.08745157645728
 31
0.0
  0
LINE
  5
5EB
330
17
100
AcDbEntity
  8
ENGRAVE_POLARS
100
AcDbLine
 10
4.244135190026888
 20
-22.08745157645728
 30
0.0
 11
3.656476161112704
 21
-21.983611985862943
 31
0.0
  0
LINE
  5
5EC
330
17
100
AcDbEntity
  8
ENGRAVE_POLARS
100
AcDbLine
 10
3.656476161112704
 20
-21.983611985862943
 30
0.0
 11
3.0801442645521626
 21
-21.880830225417853
 31
0.0
  0
LINE
  5
5ED
330
17
100
AcDbEntity
  8
ENGRAVE_POLARS
100
AcDbLine
 10
3.0801442645521626
 20
-21.880830225417853
 30
0.0
 11
2.5227230635056173
 21
-21.780691388616276
 31
0.0
  0
LINE
  5
5EE
330
17
100
AcDbEntity
  8
ENGRAVE_POLARS
100
AcDbLine
 10
2.5227230635056173
 20
-21.780691388616276
 30
0.0
 11
1.9917961211334183
 21
-21.684780568952476
 31
0.0
  0
LINE
  5
5EF
330
17
100
AcDbEntity
  8
ENGRAVE_POLARS
100
AcDbLine
 10
1.9917961211334183
 20
-21.684780568952476
 30
0.0
 11
1.494947000595921
 21
-21.594682859920752
 31
0.0
  0
LINE
  5
5F0
330
17
100
AcDbEntity
  8
ENGRAVE_POLARS
100
AcDbLine
 10
1.494947000595921
 20
-21.594682859920752
 30
0.0
 11
1.0397592650534784
 21
-21.511983355015367
 31
0.0
  0
LINE
  5
5F1
330
17
100
AcDbEntity
  8
ENGRAVE_POLARS
100
AcDbLine
 10
1.0397592650534784
 20
-21.511983355015367
 30
0.0
 11
0.6338164776664419
 21
-21.4382671477306
 31
0.0
  0
LINE
  5
5F2
330
17
100
AcDbEntity
  8
ENGRAVE_POLARS
100
AcDbLine
 10
0.6338164776664419
 20
-21.4382671477306
 30
0.0
 11
0.28470220159516485
 21
-21.375119331560715
 31
0.0
  0
LINE
  5
5F3
330
17
100
AcDbEntity
  8
ENGRAVE_POLARS
100
AcDbLine
 10
0.28470220159516485
 20
-21.375119331560715
 30
0.0
 11
1.3057260712934029e-15
 21
-21.324125000000002
 31
0.0
  0
LINE
  5
5F4
330
17
100
AcDbEntity
  8
ENGRAVE_POLARS
100
AcDbLine
 10
-18.05611462493301
 20
21.12239918399999
 30
0.0
 11
-18.373069080173632
 21
21.026730811561894
 31
0.0
  0
LINE
  5
5F5
330
17
100
AcDbEntity
  8
ENGRAVE_POLARS
100
AcDbLine
 10
-18.373069080173632
 20
21.026730811561894
 30
0.0
 11
-18.78299328621079
 21
20.91140018212991
 31
0.0
  0
LINE
  5
5F6
330
17
100
AcDbEntity
  8
ENGRAVE_POLARS
100
AcDbLine
 10
-18.78299328621079
 20
20.91140018212991
 30
0.0
 11
-19.269622209557475
 21
20.778226331441136
 31
0.0
  0
LINE
  5
5F7
330
17
100
AcDbEntity
  8
ENGRAVE_POLARS
100
AcDbLine
 10
-19.269622209557475
 20
20.778226331441136
 30
0.0
 11
-19.816690816726712
 21
20.629028295232683
 31
0.0
  0
LINE
  5
5F8
330
17
100
AcDbEntity
  8
ENGRAVE_POLARS
100
AcDbLine
 10
-19.816690816726712
 20
20.629028295232683
 30
0.0
 11
-20.40793407423151
 21
20.46562510924166
 31
0.0
  0
LINE
  5
5F9
330
17
100
AcDbEntity
  8
ENGRAVE_POLARS
100
AcDbLine
 10
-20.40793407423151
 20
20.46562510924166
 30
0.0
 11
-21.02708694858488
 21
20.28983580920517
 31
0.0
  0
LINE
  5
5FA
330
17
100
AcDbEntity
  8
ENGRAVE_POLARS
100
AcDbLine
 10
-21.02708694858488
 20
20.28983580920517
 30
0.0
 11
-21.657884406299836
 21
20.1034794308603
 31
0.0
  0
LINE
  5
5FB
330
17
100
AcDbEntity
  8
ENGRAVE_POLARS
100
AcDbLine
 10
-21.657884406299836
 20
20.1034794308603
 30
0.0
 11
-22.28406141388939
 21
19.908375009944184
 31
0.0
  0
LINE
  5
5FC
330
17
100
AcDbEntity
  8
ENGRAVE_POLARS
100
AcDbLine
 10
-22.28406141388939
 20
19.908375009944184
 30
0.0
 11
-22.889352937866555
 21
19.706341582193907
 31
0.0
  0
LINE
  5
5FD
330
17
100
AcDbEntity
  8
ENGRAVE_POLARS
100
AcDbLine
 10
-22.889352937866555
 20
19.706341582193907
 30
0.0
 11
-23.457493944744336
 21
19.49919818334658
 31
0.0
  0
LINE
  5
5FE
330
17
100
AcDbEntity
  8
ENGRAVE_POLARS
100
AcDbLine
 10
-23.457493944744336
 20
19.49919818334658
 30
0.0
 11
-23.972219401035748
 21
19.288763849139308
 31
0.0
  0
LINE
  5
5FF
330
17
100
AcDbEntity
  8
ENGRAVE_POLARS
100
AcDbLine
 10
-23.972219401035748
 20
19.288763849139308
 30
0.0
 11
-24.41726427325381
 21
19.076857615309194
 31
0.0
  0
LINE
  5
600
330
17
100
AcDbEntity
  8
ENGRAVE_POLARS
100
AcDbLine
 10
-24.41726427325381
 20
19.076857615309194
 30
0.0
 11
-24.803395176372785
 21
18.863966998092714
 31
0.0
  0
LINE
  5
601
330
17
100
AcDbEntity
  8
ENGRAVE_POLARS
100
AcDbLine
 10
-24.803395176372785
 20
18.863966998092714
 30
0.0
 11
-25.155207265543922
 21
18.6484178324726
 31
0.0
  0
LINE
  5
602
330
17
100
AcDbEntity
  8
ENGRAVE_POLARS
100
AcDbLine
 10
-25.155207265543922
 20
18.6484178324726
 30
0.0
 11
-25.477178317545707
 21
18.428786632305346
 31
0.0
  0
LINE
  5
603
330
17
100
AcDbEntity
  8
ENGRAVE_POLARS
100
AcDbLine
 10
-25.477178317545707
 20
18.428786632305346
 30
0.0
 11
-25.77378610915662
 21
18.203649911447442
 31
0.0
  0
LINE
  5
604
330
17
100
AcDbEntity
  8
ENGRAVE_POLARS
100
AcDbLine
 10
-25.77378610915662
 20
18.203649911447442
 30
0.0
 11
-26.049508417155145
 21
17.971584183755386
 31
0.0
  0
LINE
  5
605
330
17
100
AcDbEntity
  8
ENGRAVE_POLARS
100
AcDbLine
 10
-26.049508417155145
 20
17.971584183755386
 30
0.0
 11
-26.308823018319753
 21
17.73116596308566
 31
0.0
  0
LINE
  5
606
330
17
100
AcDbEntity
  8
ENGRAVE_POLARS
100
AcDbLine
 10
-26.308823018319753
 20
17.73116596308566
 30
0.0
 11
-26.556207689428938
 21
17.480971763294768
 31
0.0
  0
LINE
  5
607
330
17
100
AcDbEntity
  8
ENGRAVE_POLARS
100
AcDbLine
 10
-26.556207689428938
 20
17.480971763294768
 30
0.0
 11
-26.796140207261164
 21
17.2195780982392
 31
0.0
  0
LINE
  5
608
330
17
100
AcDbEntity
  8
ENGRAVE_POLARS
100
AcDbLine
 10
-26.796140207261164
 20
17.2195780982392
 30
0.0
 11
-27.033098348594937
 21
16.945561481775446
 31
0.0
  0
LINE
  5
609
330
17
100
AcDbEntity
  8
ENGRAVE_POLARS
100
AcDbLine
 10
-27.033098348594937
 20
16.945561481775446
 30
0.0
 11
-27.271559890208728
 21
16.65749842776
 31
0.0
  0
LINE
  5
60A
330
17
100
AcDbEntity
  8
ENGRAVE_POLARS
100
AcDbLine
 10
-27.271559890208728
 20
16.65749842776
 30
0.0
 11
-27.516002608881006
 21
16.35396545004935
 31
0.0
  0
LINE
  5
60B
330
17
100
AcDbEntity
  8
ENGRAVE_POLARS
100
AcDbLine
 10
-27.516002608881006
 20
16.35396545004935
 30
0.0
 11
-27.77090428139027
 21
16.033539062499997
 31
0.0
  0
LINE
  5
60C
330
17
100
AcDbEntity
  8
ENGRAVE_POLARS
100
AcDbLine
 10
-27.77090428139027
 20
16.033539062499997
 30
0.0
 11
-28.03601825928224
 21
15.685208052240153
 31
0.0
  0
LINE
  5
60D
330
17
100
AcDbEntity
  8
ENGRAVE_POLARS
100
AcDbLine
 10
-28.03601825928224
 20
15.685208052240153
 30
0.0
 11
-28.30630273705495
 21
15.30351817778069
 31
0.0
  0
LINE
  5
60E
330
17
100
AcDbEntity
  8
ENGRAVE_POLARS
100
AcDbLine
 10
-28.30630273705495
 20
15.30351817778069
 30
0.0
 11
-28.579042755915324
 21
14.895381410052085
 31
0.0
  0
LINE
  5
60F
330
17
100
AcDbEntity
  8
ENGRAVE_POLARS
100
AcDbLine
 10
-28.579042755915324
 20
14.895381410052085
 30
0.0
 11
-28.8515233570703
 21
14.467709719984816
 31
0.0
  0
LINE
  5
610
330
17
100
AcDbEntity
  8
ENGRAVE_POLARS
100
AcDbLine
 10
-28.8515233570703
 20
14.467709719984816
 30
0.0
 11
-29.121029581726813
 21
14.027415078509367
 31
0.0
  0
LINE
  5
611
330
17
100
AcDbEntity
  8
ENGRAVE_POLARS
100
AcDbLine
 10
-29.121029581726813
 20
14.027415078509367
 30
0.0
 11
-29.384846471091794
 21
13.581409456556207
 31
0.0
  0
LINE
  5
612
330
17
100
AcDbEntity
  8
ENGRAVE_POLARS
100
AcDbLine
 10
-29.384846471091794
 20
13.581409456556207
 30
0.0
 11
-29.64025906637217
 21
13.136604825055818
 31
0.0
  0
LINE
  5
613
330
17
100
AcDbEntity
  8
ENGRAVE_POLARS
100
AcDbLine
 10
-29.64025906637217
 20
13.136604825055818
 30
0.0
 11
-29.88455240877488
 21
12.699913154938676
 31
0.0
  0
LINE
  5
614
330
17
100
AcDbEntity
  8
ENGRAVE_POLARS
100
AcDbLine
 10
-29.88455240877488
 20
12.699913154938676
 30
0.0
 11
-30.115011539506856
 21
12.278246417135257
 31
0.0
  0
LINE
  5
615
330
17
100
AcDbEntity
  8
ENGRAVE_POLARS
100
AcDbLine
 10
-30.115011539506856
 20
12.278246417135257
 30
0.0
 11
-30.328921499775024
 21
11.87851658257604
 31
0.0
  0
LINE
  5
616
330
17
100
AcDbEntity
  8
ENGRAVE_POLARS
100
AcDbLine
 10
-30.328921499775024
 20
11.87851658257604
 30
0.0
 11
-30.523567330786317
 21
11.507635622191504
 31
0.0
  0
LINE
  5
617
330
17
100
AcDbEntity
  8
ENGRAVE_POLARS
100
AcDbLine
 10
-30.523567330786317
 20
11.507635622191504
 30
0.0
 11
-30.69623407374768
 21
11.172515506912125
 31
0.0
  0
LINE
  5
618
330
17
100
AcDbEntity
  8
ENGRAVE_POLARS
100
AcDbLine
 10
-30.69623407374768
 20
11.172515506912125
 30
0.0
 11
-30.84486620979359
 21
10.87229028975448
 31
0.0
  0
LINE
  5
619
330
17
100
AcDbEntity
  8
ENGRAVE_POLARS
100
AcDbLine
 10
-30.84486620979359
 20
10.87229028975448
 30
0.0
 11
-30.971117454693005
 21
10.598868581623142
 31
0.0
  0
LINE
  5
61A
330
17
100
AcDbEntity
  8
ENGRAVE_POLARS
100
AcDbLine
 10
-30.971117454693005
 20
10.598868581623142
 30
0.0
 11
-31.077836701604504
 21
10.348324190280584
 31
0.0
  0
LINE
  5
61B
330
17
100
AcDbEntity
  8
ENGRAVE_POLARS
100
AcDbLine
 10
-31.077836701604504
 20
10.348324190280584
 30
0.0
 11
-31.167872843686666
 21
10.116730923489277
 31
0.0
  0
LINE
  5
61C
330
17
100
AcDbEntity
  8
ENGRAVE_POLARS
100
AcDbLine
 10
-31.167872843686666
 20
10.116730923489277
 30
0.0
 11
-31.2440747740981
 21
9.900162589011696
 31
0.0
  0
LINE
  5
61D
330
17
100
AcDbEntity
  8
ENGRAVE_POLARS
100
AcDbLine
 10
-31.2440747740981
 20
9.900162589011696
 30
0.0
 11
-31.309291385997383
 21
9.69469299461031
 31
0.0
  0
LINE
  5
61E
330
17
100
AcDbEntity
  8
ENGRAVE_POLARS
100
AcDbLine
 10
-31.309291385997383
 20
9.69469299461031
 30
0.0
 11
-31.36637157254311
 21
9.496395948047594
 31
0.0
  0
LINE
  5
61F
330
17
100
AcDbEntity
  8
ENGRAVE_POLARS
100
AcDbLine
 10
-31.36637157254311
 20
9.496395948047594
 30
0.0
 11
-31.418164226893865
 21
9.30134525708602
 31
0.0
  0
LINE
  5
620
330
17
100
AcDbEntity
  8
ENGRAVE_POLARS
100
AcDbLine
 10
-31.418164226893865
 20
9.30134525708602
 30
0.0
 11
-31.467518242208246
 21
9.105614729488059
 31
0.0
  0
LINE
  5
621
330
17
100
AcDbEntity
  8
ENGRAVE_POLARS
100
AcDbLine
 10
-31.467518242208246
 20
9.105614729488059
 30
0.0
 11
-31.51728251164484
 21
8.905278173016185
 31
0.0
  0
LINE
  5
622
330
17
100
AcDbEntity
  8
ENGRAVE_POLARS
100
AcDbLine
 10
-31.51728251164484
 20
8.905278173016185
 30
0.0
 11
-31.570305928362227
 21
8.696409395432866
 31
0.0
  0
LINE
  5
623
330
17
100
AcDbEntity
  8
ENGRAVE_POLARS
100
AcDbLine
 10
-31.570305928362227
 20
8.696409395432866
 30
0.0
 11
-31.62943738551901
 21
8.475082204500579
 31
0.0
  0
LINE
  5
624
330
17
100
AcDbEntity
  8
ENGRAVE_POLARS
100
AcDbLine
 10
-31.62943738551901
 20
8.475082204500579
 30
0.0
 11
-31.68752012940667
 21
8.254746309421305
 31
0.0
  0
LINE
  5
625
330
17
100
AcDbEntity
  8
ENGRAVE_POLARS
100
AcDbLine
 10
-31.68752012940667
 20
8.254746309421305
 30
0.0
 11
-31.73689197876496
 21
8.048243734855427
 31
0.0
  0
LINE
  5
626
330
17
100
AcDbEntity
  8
ENGRAVE_POLARS
100
AcDbLine
 10
-31.73689197876496
 20
8.048243734855427
 30
0.0
 11
-31.779643685424873
 21
7.850736761753019
 31
0.0
  0
LINE
  5
627
330
17
100
AcDbEntity
  8
ENGRAVE_POLARS
100
AcDbLine
 10
-31.779643685424873
 20
7.850736761753019
 30
0.0
 11
-31.817866001217418
 21
7.657387671064153
 31
0.0
  0
LINE
  5
628
330
17
100
AcDbEntity
  8
ENGRAVE_POLARS
100
AcDbLine
 10
-31.817866001217418
 20
7.657387671064153
 30
0.0
 11
-31.853649677973586
 21
7.463358743738899
 31
0.0
  0
LINE
  5
629
330
17
100
AcDbEntity
  8
ENGRAVE_POLARS
100
AcDbLine
 10
-31.853649677973586
 20
7.463358743738899
 30
0.0
 11
-31.88908546752436
 21
7.263812260727332
 31
0.0
  0
LINE
  5
62A
330
17
100
AcDbEntity
  8
ENGRAVE_POLARS
100
AcDbLine
 10
-31.88908546752436
 20
7.263812260727332
 30
0.0
 11
-31.92626412170076
 21
7.05391050297952
 31
0.0
  0
LINE
  5
62B
330
17
100
AcDbEntity
  8
ENGRAVE_POLARS
100
AcDbLine
 10
-31.92626412170076
 20
7.05391050297952
 30
0.0
 11
-31.967276392333766
 21
6.828815751445539
 31
0.0
  0
LINE
  5
62C
330
17
100
AcDbEntity
  8
ENGRAVE_POLARS
100
AcDbLine
 10
-31.967276392333766
 20
6.828815751445539
 30
0.0
 11
-32.01421303125438
 21
6.583690287075462
 31
0.0
  0
LINE
  5
62D
330
17
100
AcDbEntity
  8
ENGRAVE_POLARS
100
AcDbLine
 10
-32.01421303125438
 20
6.583690287075462
 30
0.0
 11
-32.0691647902936
 21
6.3136963908193575
 31
0.0
  0
LINE
  5
62E
330
17
100
AcDbEntity
  8
ENGRAVE_POLARS
100
AcDbLine
 10
-32.0691647902936
 20
6.3136963908193575
 30
0.0
 11
-32.13422242128241
 21
6.013996343627299
 31
0.0
  0
LINE
  5
62F
330
17
100
AcDbEntity
  8
ENGRAVE_POLARS
100
AcDbLine
 10
-32.13422242128241
 20
6.013996343627299
 30
0.0
 11
-32.211476676051824
 21
5.679752426449358
 31
0.0
  0
LINE
  5
630
330
17
100
AcDbEntity
  8
ENGRAVE_POLARS
100
AcDbLine
 10
-32.211476676051824
 20
5.679752426449358
 30
0.0
 11
-32.30877774362395
 21
5.327234436443998
 31
0.0
  0
LINE
  5
631
330
17
100
AcDbEntity
  8
ENGRAVE_POLARS
100
AcDbLine
 10
-32.30877774362395
 20
5.327234436443998
 30
0.0
 11
-32.42884037865177
 21
4.972073392584706
 31
0.0
  0
LINE
  5
632
330
17
100
AcDbEntity
  8
ENGRAVE_POLARS
100
AcDbLine
 10
-32.42884037865177
 20
4.972073392584706
 30
0.0
 11
-32.566052181412594
 21
4.608473408544092
 31
0.0
  0
LINE
  5
633
330
17
100
AcDbEntity
  8
ENGRAVE_POLARS
100
AcDbLine
 10
-32.566052181412594
 20
4.608473408544092
 30
0.0
 11
-32.71480075218371
 21
4.230638597994769
 31
0.0
  0
LINE
  5
634
330
17
100
AcDbEntity
  8
ENGRAVE_POLARS
100
AcDbLine
 10
-32.71480075218371
 20
4.230638597994769
 30
0.0
 11
-32.86947369124244
 21
3.8327730746093494
 31
0.0
  0
LINE
  5
635
330
17
100
AcDbEntity
  8
ENGRAVE_POLARS
100
AcDbLine
 10
-32.86947369124244
 20
3.8327730746093494
 30
0.0
 11
-33.02445859886608
 21
3.4090809520604415
 31
0.0
  0
LINE
  5
636
330
17
100
AcDbEntity
  8
ENGRAVE_POLARS
100
AcDbLine
 10
-33.02445859886608
 20
3.4090809520604415
 30
0.0
 11
-33.17414307533194
 21
2.953766344020658
 31
0.0
  0
LINE
  5
637
330
17
100
AcDbEntity
  8
ENGRAVE_POLARS
100
AcDbLine
 10
-33.17414307533194
 20
2.953766344020658
 30
0.0
 11
-33.312914720917306
 21
2.46103336416261
 31
0.0
  0
LINE
  5
638
330
17
100
AcDbEntity
  8
ENGRAVE_POLARS
100
AcDbLine
 10
-33.312914720917306
 20
2.46103336416261
 30
0.0
 11
-33.4351611358995
 21
1.9250861261589096
 31
0.0
  0
LINE
  5
639
330
17
100
AcDbEntity
  8
ENGRAVE_POLARS
100
AcDbLine
 10
-33.4351611358995
 20
1.9250861261589096
 30
0.0
 11
-33.53526992055581
 21
1.3401287436821665
 31
0.0
  0
LINE
  5
63A
330
17
100
AcDbEntity
  8
ENGRAVE_POLARS
100
AcDbLine
 10
-33.53526992055581
 20
1.3401287436821665
 30
0.0
 11
-33.60762867516353
 21
0.7003653304049928
 31
0.0
  0
LINE
  5
63B
330
17
100
AcDbEntity
  8
ENGRAVE_POLARS
100
AcDbLine
 10
-33.60762867516353
 20
0.7003653304049928
 30
0.0
 11
-33.646625
 21
0.0
 31
0.0
  0
LINE
  5
63C
330
17
100
AcDbEntity
  8
ENGRAVE_POLARS
100
AcDbLine
 10
-33.646625
 20
0.0
 30
0.0
 11
-33.65754524754895
 21
-0.795066553733767
 31
0.0
  0
LINE
  5
63D
330
17
100
AcDbEntity
  8
ENGRAVE_POLARS
100
AcDbLine
 10
-33.65754524754895
 20
-0.795066553733767
 30
0.0
 11
-33.64987607817936
 21
-1.7002111042034005
 31
0.0
  0
LINE
  5
63E
330
17
100
AcDbEntity
  8
ENGRAVE_POLARS
100
AcDbLine
 10
-33.64987607817936
 20
-1.7002111042034005
 30
0.0
 11
-33.62430555399636
 21
-2.6931457385454958
 31
0.0
  0
LINE
  5
63F
330
17
100
AcDbEntity
  8
ENGRAVE_POLARS
100
AcDbLine
 10
-33.62430555399636
 20
-2.6931457385454958
 30
0.0
 11
-33.58152173710505
 21
-3.7515825438966486
 31
0.0
  0
LINE
  5
640
330
17
100
AcDbEntity
  8
ENGRAVE_POLARS
100
AcDbLine
 10
-33.58152173710505
 20
-3.7515825438966486
 30
0.0
 11
-33.52221268961056
 21
-4.853233607393454
 31
0.0
  0
LINE
  5
641
330
17
100
AcDbEntity
  8
ENGRAVE_POLARS
100
AcDbLine
 10
-33.52221268961056
 20
-4.853233607393454
 30
0.0
 11
-33.44706647361801
 21
-5.975811016172509
 31
0.0
  0
LINE
  5
642
330
17
100
AcDbEntity
  8
ENGRAVE_POLARS
100
AcDbLine
 10
-33.44706647361801
 20
-5.975811016172509
 30
0.0
 11
-33.35677115123251
 21
-7.097026857370408
 31
0.0
  0
LINE
  5
643
330
17
100
AcDbEntity
  8
ENGRAVE_POLARS
100
AcDbLine
 10
-33.35677115123251
 20
-7.097026857370408
 30
0.0
 11
-33.25201478455919
 21
-8.19459321812375
 31
0.0
  0
LINE
  5
644
330
17
100
AcDbEntity
  8
ENGRAVE_POLARS
100
AcDbLine
 10
-33.25201478455919
 20
-8.19459321812375
 30
0.0
 11
-33.13348543570316
 21
-9.246222185569122
 31
0.0
  0
LINE
  5
645
330
17
100
AcDbEntity
  8
ENGRAVE_POLARS
100
AcDbLine
 10
-33.13348543570316
 20
-9.246222185569122
 30
0.0
 11
-33.00187116676954
 21
-10.22962584684313
 31
0.0
  0
LINE
  5
646
330
17
100
AcDbEntity
  8
ENGRAVE_POLARS
100
AcDbLine
 10
-33.00187116676954
 20
-10.22962584684313
 30
0.0
 11
-32.857860039863446
 21
-11.122516289082364
 31
0.0
  0
LINE
  5
647
330
17
100
AcDbEntity
  8
ENGRAVE_POLARS
100
AcDbLine
 10
-32.857860039863446
 20
-11.122516289082364
 30
0.0
 11
-32.70214011709
 21
-11.90260559942342
 31
0.0
  0
LINE
  5
648
330
17
100
AcDbEntity
  8
ENGRAVE_POLARS
100
AcDbLine
 10
-32.70214011709
 20
-11.90260559942342
 30
0.0
 11
-32.54144309017689
 21
-12.574783733576297
 31
0.0
  0
LINE
  5
649
330
17
100
AcDbEntity
  8
ENGRAVE_POLARS
100
AcDbLine
 10
-32.54144309017689
 20
-12.574783733576297
 30
0.0
 11
-32.37930214974524
 21
-13.166476568298338
 31
0.0
  0
LINE
  5
64A
330
17
100
AcDbEntity
  8
ENGRAVE_POLARS
100
AcDbLine
 10
-32.37930214974524
 20
-13.166476568298338
 30
0.0
 11
-32.21160760624032
 21
-13.689200072297169
 31
0.0
  0
LINE
  5
64B
330
17
100
AcDbEntity
  8
ENGRAVE_POLARS
100
AcDbLine
 10
-32.21160760624032
 20
-13.689200072297169
 30
0.0
 11
-32.034249770107415
 21
-14.154470214280412
 31
0.0
  0
LINE
  5
64C
330
17
100
AcDbEntity
  8
ENGRAVE_POLARS
100
AcDbLine
 10
-32.034249770107415
 20
-14.154470214280412
 30
0.0
 11
-31.8431189517918
 21
-14.573802962955693
 31
0.0
  0
LINE
  5
64D
330
17
100
AcDbEntity
  8
ENGRAVE_POLARS
100
AcDbLine
 10
-31.8431189517918
 20
-14.573802962955693
 30
0.0
 11
-31.63410546173876
 21
-14.95871428703063
 31
0.0
  0
LINE
  5
64E
330
17
100
AcDbEntity
  8
ENGRAVE_POLARS
100
AcDbLine
 10
-31.63410546173876
 20
-14.95871428703063
 30
0.0
 11
-31.403099610393568
 21
-15.32072015521285
 31
0.0
  0
LINE
  5
64F
330
17
100
AcDbEntity
  8
ENGRAVE_POLARS
100
AcDbLine
 10
-31.403099610393568
 20
-15.32072015521285
 30
0.0
 11
-31.145991708201503
 21
-15.671336536209978
 31
0.0
  0
LINE
  5
650
330
17
100
AcDbEntity
  8
ENGRAVE_POLARS
100
AcDbLine
 10
-31.145991708201503
 20
-15.671336536209978
 30
0.0
 11
-30.858672065607845
 21
-16.022079398729634
 31
0.0
  0
LINE
  5
651
330
17
100
AcDbEntity
  8
ENGRAVE_POLARS
100
AcDbLine
 10
-30.858672065607845
 20
-16.022079398729634
 30
0.0
 11
-30.537030993057876
 21
-16.38446471147944
 31
0.0
  0
LINE
  5
652
330
17
100
AcDbEntity
  8
ENGRAVE_POLARS
100
AcDbLine
 10
-30.537030993057876
 20
-16.38446471147944
 30
0.0
 11
-30.17695880099686
 21
-16.77000844316702
 31
0.0
  0
LINE
  5
653
330
17
100
AcDbEntity
  8
ENGRAVE_POLARS
100
AcDbLine
 10
-30.17695880099686
 20
-16.77000844316702
 30
0.0
 11
-29.774345799870094
 21
-17.190226562499998
 31
0.0
  0
LINE
  5
654
330
17
100
AcDbEntity
  8
ENGRAVE_POLARS
100
AcDbLine
 10
-29.774345799870094
 20
-17.190226562499998
 30
0.0
 11
-29.319040427701367
 21
-17.64489256421516
 31
0.0
  0
LINE
  5
655
330
17
100
AcDbEntity
  8
ENGRAVE_POLARS
100
AcDbLine
 10
-29.319040427701367
 20
-17.64489256421516
 30
0.0
 11
-28.809065897292793
 21
-18.121299433645774
 31
0.0
  0
LINE
  5
656
330
17
100
AcDbEntity
  8
ENGRAVE_POLARS
100
AcDbLine
 10
-28.809065897292793
 20
-18.121299433645774
 30
0.0
 11
-28.252574681257126
 21
-18.612242375394207
 31
0.0
  0
LINE
  5
657
330
17
100
AcDbEntity
  8
ENGRAVE_POLARS
100
AcDbLine
 10
-28.252574681257126
 20
-18.612242375394207
 30
0.0
 11
-27.657719252207112
 21
-19.110516594062812
 31
0.0
  0
LINE
  5
658
330
17
100
AcDbEntity
  8
ENGRAVE_POLARS
100
AcDbLine
 10
-27.657719252207112
 20
-19.110516594062812
 30
0.0
 11
-27.03265208275551
 21
-19.60891729425394
 31
0.0
  0
LINE
  5
659
330
17
100
AcDbEntity
  8
ENGRAVE_POLARS
100
AcDbLine
 10
-27.03265208275551
 20
-19.60891729425394
 30
0.0
 11
-26.38552564551506
 21
-20.100239680569956
 31
0.0
  0
LINE
  5
65A
330
17
100
AcDbEntity
  8
ENGRAVE_POLARS
100
AcDbLine
 10
-26.38552564551506
 20
-20.100239680569956
 30
0.0
 11
-25.724492413098517
 21
-20.577278957613213
 31
0.0
  0
LINE
  5
65B
330
17
100
AcDbEntity
  8
ENGRAVE_POLARS
100
AcDbLine
 10
-25.724492413098517
 20
-20.577278957613213
 30
0.0
 11
-25.057704858118633
 21
-21.032830329986073
 31
0.0
  0
LINE
  5
65C
330
17
100
AcDbEntity
  8
ENGRAVE_POLARS
100
AcDbLine
 10
-25.057704858118633
 20
-21.032830329986073
 30
0.0
 11
-24.39331545318816
 21
-21.45968900229089
 31
0.0
  0
LINE
  5
65D
330
17
100
AcDbEntity
  8
ENGRAVE_POLARS
100
AcDbLine
 10
-24.39331545318816
 20
-21.45968900229089
 30
0.0
 11
-23.739476670919835
 21
-21.850650179130024
 31
0.0
  0
LINE
  5
65E
330
17
100
AcDbEntity
  8
ENGRAVE_POLARS
100
AcDbLine
 10
-23.739476670919835
 20
-21.850650179130024
 30
0.0
 11
-23.104340983926416
 21
-22.198509065105824
 31
0.0
  0
LINE
  5
65F
330
17
100
AcDbEntity
  8
ENGRAVE_POLARS
100
AcDbLine
 10
-23.104340983926416
 20
-22.198509065105824
 30
0.0
 11
-22.496060864820667
 21
-22.496060864820663
 31
0.0
  0
LINE
  5
660
330
17
100
AcDbEntity
  8
ENGRAVE_POLARS
100
AcDbLine
 10
-22.496060864820667
 20
-22.496060864820663
 30
0.0
 11
-21.890311717274333
 21
-22.742497869899353
 31
0.0
  0
LINE
  5
661
330
17
100
AcDbEntity
  8
ENGRAVE_POLARS
100
AcDbLine
 10
-21.890311717274333
 20
-22.742497869899353
 30
0.0
 11
-21.262720646228267
 21
-22.94516586090058
 31
0.0
  0
LINE
  5
662
330
17
100
AcDbEntity
  8
ENGRAVE_POLARS
100
AcDbLine
 10
-21.262720646228267
 20
-22.94516586090058
 30
0.0
 11
-20.621367676198847
 21
-23.109090275827487
 31
0.0
  0
LINE
  5
663
330
17
100
AcDbEntity
  8
ENGRAVE_POLARS
100
AcDbLine
 10
-20.621367676198847
 20
-23.109090275827487
 30
0.0
 11
-19.974332831702455
 21
-23.23929655268321
 31
0.0
  0
LINE
  5
664
330
17
100
AcDbEntity
  8
ENGRAVE_POLARS
100
AcDbLine
 10
-19.974332831702455
 20
-23.23929655268321
 30
0.0
 11
-19.32969613725547
 21
-23.340810129470896
 31
0.0
  0
LINE
  5
665
330
17
100
AcDbEntity
  8
ENGRAVE_POLARS
100
AcDbLine
 10
-19.32969613725547
 20
-23.340810129470896
 30
0.0
 11
-18.695537617374278
 21
-23.418656444193672
 31
0.0
  0
LINE
  5
666
330
17
100
AcDbEntity
  8
ENGRAVE_POLARS
100
AcDbLine
 10
-18.695537617374278
 20
-23.418656444193672
 30
0.0
 11
-18.079937296575245
 21
-23.47786093485469
 31
0.0
  0
LINE
  5
667
330
17
100
AcDbEntity
  8
ENGRAVE_POLARS
100
AcDbLine
 10
-18.079937296575245
 20
-23.47786093485469
 30
0.0
 11
-17.490975199374756
 21
-23.523449039457084
 31
0.0
  0
LINE
  5
668
330
17
100
AcDbEntity
  8
ENGRAVE_POLARS
100
AcDbLine
 10
-17.490975199374756
 20
-23.523449039457084
 30
0.0
 11
-16.936731350289197
 21
-23.560446196003998
 31
0.0
  0
LINE
  5
669
330
17
100
AcDbEntity
  8
ENGRAVE_POLARS
100
AcDbLine
 10
-16.936731350289197
 20
-23.560446196003998
 30
0.0
 11
-16.425285773834936
 21
-23.593877842498568
 31
0.0
  0
LINE
  5
66A
330
17
100
AcDbEntity
  8
ENGRAVE_POLARS
100
AcDbLine
 10
-16.425285773834936
 20
-23.593877842498568
 30
0.0
 11
-15.964718494528354
 21
-23.628769416943932
 31
0.0
  0
LINE
  5
66B
330
17
100
AcDbEntity
  8
ENGRAVE_POLARS
100
AcDbLine
 10
-15.964718494528354
 20
-23.628769416943932
 30
0.0
 11
-15.563109536885838
 21
-23.670146357343235
 31
0.0
  0
LINE
  5
66C
330
17
100
AcDbEntity
  8
ENGRAVE_POLARS
100
AcDbLine
 10
-15.563109536885838
 20
-23.670146357343235
 30
0.0
 11
-15.245076984834201
 21
-23.71188326127802
 31
0.0
  0
LINE
  5
66D
330
17
100
AcDbEntity
  8
ENGRAVE_POLARS
100
AcDbLine
 10
-15.245076984834201
 20
-23.71188326127802
 30
0.0
 11
-15.017472319581735
 21
-23.74459984938768
 31
0.0
  0
LINE
  5
66E
330
17
100
AcDbEntity
  8
ENGRAVE_POLARS
100
AcDbLine
 10
-15.017472319581735
 20
-23.74459984938768
 30
0.0
 11
-14.861725661567021
 21
-23.76843924426208
 31
0.0
  0
LINE
  5
66F
330
17
100
AcDbEntity
  8
ENGRAVE_POLARS
100
AcDbLine
 10
-14.861725661567021
 20
-23.76843924426208
 30
0.0
 11
-14.759267131228649
 21
-23.783544568491116
 31
0.0
  0
LINE
  5
670
330
17
100
AcDbEntity
  8
ENGRAVE_POLARS
100
AcDbLine
 10
-14.759267131228649
 20
-23.783544568491116
 30
0.0
 11
-14.6915268490052
 21
-23.790058944664672
 31
0.0
  0
LINE
  5
671
330
17
100
AcDbEntity
  8
ENGRAVE_POLARS
100
AcDbLine
 10
-14.6915268490052
 20
-23.790058944664672
 30
0.0
 11
-14.639934935335258
 21
-23.788125495372633
 31
0.0
  0
LINE
  5
672
330
17
100
AcDbEntity
  8
ENGRAVE_POLARS
100
AcDbLine
 10
-14.639934935335258
 20
-23.788125495372633
 30
0.0
 11
-14.585921510657409
 21
-23.777887343204867
 31
0.0
  0
LINE
  5
673
330
17
100
AcDbEntity
  8
ENGRAVE_POLARS
100
AcDbLine
 10
-14.585921510657409
 20
-23.777887343204867
 30
0.0
 11
-14.510916695410236
 21
-23.759487610751275
 31
0.0
  0
LINE
  5
674
330
17
100
AcDbEntity
  8
ENGRAVE_POLARS
100
AcDbLine
 10
-14.510916695410236
 20
-23.759487610751275
 30
0.0
 11
-14.396350610032325
 21
-23.73306942060174
 31
0.0
  0
LINE
  5
675
330
17
100
AcDbEntity
  8
ENGRAVE_POLARS
100
AcDbLine
 10
-14.396350610032325
 20
-23.73306942060174
 30
0.0
 11
-14.223653374962263
 21
-23.698775895346138
 31
0.0
  0
LINE
  5
676
330
17
100
AcDbEntity
  8
ENGRAVE_POLARS
100
AcDbLine
 10
-14.223653374962263
 20
-23.698775895346138
 30
0.0
 11
-13.974255110638625
 21
-23.656750157574358
 31
0.0
  0
LINE
  5
677
330
17
100
AcDbEntity
  8
ENGRAVE_POLARS
100
AcDbLine
 10
-13.974255110638625
 20
-23.656750157574358
 30
0.0
 11
-13.629585937500003
 21
-23.607135329876286
 31
0.0
  0
LINE
  5
678
330
17
100
AcDbEntity
  8
ENGRAVE_POLARS
100
AcDbLine
 10
-13.629585937500003
 20
-23.607135329876286
 30
0.0
 11
-13.18798686389604
 21
-23.54560447063467
 31
0.0
  0
LINE
  5
679
330
17
100
AcDbEntity
  8
ENGRAVE_POLARS
100
AcDbLine
 10
-13.18798686389604
 20
-23.54560447063467
 30
0.0
 11
-12.66866021829805
 21
-23.469247937813225
 31
0.0
  0
LINE
  5
67A
330
17
100
AcDbEntity
  8
ENGRAVE_POLARS
100
AcDbLine
 10
-12.66866021829805
 20
-23.469247937813225
 30
0.0
 11
-12.084328101327133
 21
-23.38033480337324
 31
0.0
  0
LINE
  5
67B
330
17
100
AcDbEntity
  8
ENGRAVE_POLARS
100
AcDbLine
 10
-12.084328101327133
 20
-23.38033480337324
 30
0.0
 11
-11.447712613604377
 21
-23.281134139276006
 31
0.0
  0
LINE
  5
67C
330
17
100
AcDbEntity
  8
ENGRAVE_POLARS
100
AcDbLine
 10
-11.447712613604377
 20
-23.281134139276006
 30
0.0
 11
-10.771535855750889
 21
-23.173915017482827
 31
0.0
  0
LINE
  5
67D
330
17
100
AcDbEntity
  8
ENGRAVE_POLARS
100
AcDbLine
 10
-10.771535855750889
 20
-23.173915017482827
 30
0.0
 11
-10.068519928387754
 21
-23.060946509955
 31
0.0
  0
LINE
  5
67E
330
17
100
AcDbEntity
  8
ENGRAVE_POLARS
100
AcDbLine
 10
-10.068519928387754
 20
-23.060946509955
 30
0.0
 11
-9.35138693213607
 21
-22.94449768865381
 31
0.0
  0
LINE
  5
67F
330
17
100
AcDbEntity
  8
ENGRAVE_POLARS
100
AcDbLine
 10
-9.35138693213607
 20
-22.94449768865381
 30
0.0
 11
-8.632858967616931
 21
-22.82683762554057
 31
0.0
  0
LINE
  5
680
330
17
100
AcDbEntity
  8
ENGRAVE_POLARS
100
AcDbLine
 10
-8.632858967616931
 20
-22.82683762554057
 30
0.0
 11
-7.92565813545144
 21
-22.71023539257657
 31
0.0
  0
LINE
  5
681
330
17
100
AcDbEntity
  8
ENGRAVE_POLARS
100
AcDbLine
 10
-7.92565813545144
 20
-22.71023539257657
 30
0.0
 11
-7.242506536260683
 21
-22.596960061723102
 31
0.0
  0
LINE
  5
682
330
17
100
AcDbEntity
  8
ENGRAVE_POLARS
100
AcDbLine
 10
-7.242506536260683
 20
-22.596960061723102
 30
0.0
 11
-6.596126270665758
 21
-22.489280704941464
 31
0.0
  0
LINE
  5
683
330
17
100
AcDbEntity
  8
ENGRAVE_POLARS
100
AcDbLine
 10
-6.596126270665758
 20
-22.489280704941464
 30
0.0
 11
-5.999239439287763
 21
-22.389466394192958
 31
0.0
  0
LINE
  5
684
330
17
100
AcDbEntity
  8
ENGRAVE_POLARS
100
AcDbLine
 10
-5.999239439287763
 20
-22.389466394192958
 30
0.0
 11
-5.42310039227477
 21
-22.29196387411656
 31
0.0
  0
LINE
  5
685
330
17
100
AcDbEntity
  8
ENGRAVE_POLARS
100
AcDbLine
 10
-5.42310039227477
 20
-22.29196387411656
 30
0.0
 11
-4.835537788134361
 21
-22.19076390370658
 31
0.0
  0
LINE
  5
686
330
17
100
AcDbEntity
  8
ENGRAVE_POLARS
100
AcDbLine
 10
-4.835537788134361
 20
-22.19076390370658
 30
0.0
 11
-4.244135190026888
 21
-22.08745157645728
 31
0.0
  0
LINE
  5
687
330
17
100
AcDbEntity
  8
ENGRAVE_POLARS
100
AcDbLine
 10
-4.244135190026888
 20
-22.08745157645728
 30
0.0
 11
-3.656476161112704
 21
-21.983611985862943
 31
0.0
  0
LINE
  5
688
330
17
100
AcDbEntity
  8
ENGRAVE_POLARS
100
AcDbLine
 10
-3.656476161112704
 20
-21.983611985862943
 30
0.0
 11
-3.0801442645521626
 21
-21.880830225417853
 31
0.0
  0
LINE
  5
689
330
17
100
AcDbEntity
  8
ENGRAVE_POLARS
100
AcDbLine
 10
-3.0801442645521626
 20
-21.880830225417853
 30
0.0
 11
-2.5227230635056173
 21
-21.780691388616276
 31
0.0
  0
LINE
  5
68A
330
17
100
AcDbEntity
  8
ENGRAVE_POLARS
100
AcDbLine
 10
-2.5227230635056173
 20
-21.780691388616276
 30
0.0
 11
-1.9917961211334183
 21
-21.684780568952476
 31
0.0
  0
LINE
  5
68B
330
17
100
AcDbEntity
  8
ENGRAVE_POLARS
100
AcDbLine
 10
-1.9917961211334183
 20
-21.684780568952476
 30
0.0
 11
-1.494947000595921
 21
-21.594682859920752
 31
0.0
  0
LINE
  5
68C
330
17
100
AcDbEntity
  8
ENGRAVE_POLARS
100
AcDbLine
 10
-1.494947000595921
 20
-21.594682859920752
 30
0.0
 11
-1.0397592650534784
 21
-21.511983355015367
 31
0.0
  0
LINE
  5
68D
330
17
100
AcDbEntity
  8
ENGRAVE_POLARS
100
AcDbLine
 10
-1.0397592650534784
 20
-21.511983355015367
 30
0.0
 11
-0.6338164776664419
 21
-21.4382671477306
 31
0.0
  0
LINE
  5
68E
330
17
100
AcDbEntity
  8
ENGRAVE_POLARS
100
AcDbLine
 10
-0.6338164776664419
 20
-21.4382671477306
 30
0.0
 11
-0.28470220159516485
 21
-21.375119331560715
 31
0.0
  0
LINE
  5
68F
330
17
100
AcDbEntity
  8
ENGRAVE_POLARS
100
AcDbLine
 10
-0.28470220159516485
 20
-21.375119331560715
 30
0.0
 11
-1.3057260712934029e-15
 21
-21.324125000000002
 31
0.0
  0
TEXT
  5
690
330
17
100
AcDbEntity
  8
ENGRAVE_TEXT
100
AcDbText
 10
19.25611462493301
 20
21.522399183999987
 30
0.0
 40
3.6
  1
8
 72
1
 11
19.25611462493301
 21
21.522399183999987
 31
0.0
100
AcDbText
 73
2
  0
TEXT
  5
691
330
17
100
AcDbEntity
  8
ENGRAVE_TEXT
100
AcDbText
 10
-19.25611462493301
 20
21.522399183999987
 30
0.0
 40
3.6
  1
8
 72
1
 11
-19.25611462493301
 21
21.522399183999987
 31
0.0
100
AcDbText
 73
2
  0
CIRCLE
  5
692
330
17
100
AcDbEntity
  8
ENGRAVE_VMG
100
AcDbCircle
 10
18.05611462493301
 20
21.12239918399999
 30
0.0
 40
0.65
  0
CIRCLE
  5
693
330
17
100
AcDbEntity
  8
ENGRAVE_VMG
100
AcDbCircle
 10
-18.05611462493301
 20
21.12239918399999
 30
0.0
 40
0.65
  0
CIRCLE
  5
694
330
17
100
AcDbEntity
  8
ENGRAVE_VMG
100
AcDbCircle
 10
15.563109536885838
 20
-23.670146357343235
 30
0.0
 40
0.65
  0
CIRCLE
  5
695
330
17
100
AcDbEntity
  8
ENGRAVE_VMG
100
AcDbCircle
 10
-15.563109536885838
 20
-23.670146357343235
 30
0.0
 40
0.65
  0
LINE
  5
696
330
17
100
AcDbEntity
  8
ENGRAVE_POLARS
100
AcDbLine
 10
15.239683156736248
 20
18.804404849727252
 30
0.0
 11
15.543781887783739
 21
18.702365968010962
 31
0.0
  0
LINE
  5
697
330
17
100
AcDbEntity
  8
ENGRAVE_POLARS
100
AcDbLine
 10
15.543781887783739
 20
18.702365968010962
 30
0.0
 11
15.938863557081648
 21
18.57725690219833
 31
0.0
  0
LINE
  5
698
330
17
100
AcDbEntity
  8
ENGRAVE_POLARS
100
AcDbLine
 10
15.938863557081648
 20
18.57725690219833
 30
0.0
 11
16.40866644571034
 21
18.431789953133304
 31
0.0
  0
LINE
  5
699
330
17
100
AcDbEntity
  8
ENGRAVE_POLARS
100
AcDbLine
 10
16.40866644571034
 20
18.431789953133304
 30
0.0
 11
16.936928834750177
 21
18.268677421659852
 31
0.0
  0
LINE
  5
69A
330
17
100
AcDbEntity
  8
ENGRAVE_POLARS
100
AcDbLine
 10
16.936928834750177
 20
18.268677421659852
 30
0.0
 11
17.507389005281528
 21
18.090631608621937
 31
0.0
  0
LINE
  5
69B
330
17
100
AcDbEntity
  8
ENGRAVE_POLARS
100
AcDbLine
 10
17.507389005281528
 20
18.090631608621937
 30
0.0
 11
18.10378523838476
 21
17.900364814863522
 31
0.0
  0
LINE
  5
69C
330
17
100
AcDbEntity
  8
ENGRAVE_POLARS
100
AcDbLine
 10
18.10378523838476
 20
17.900364814863522
 30
0.0
 11
18.709855815140223
 21
17.700589341228554
 31
0.0
  0
LINE
  5
69D
330
17
100
AcDbEntity
  8
ENGRAVE_POLARS
100
AcDbLine
 10
18.709855815140223
 20
17.700589341228554
 30
0.0
 11
19.309339016628304
 21
17.494017488561013
 31
0.0
  0
LINE
  5
69E
330
17
100
AcDbEntity
  8
ENGRAVE_POLARS
100
AcDbLine
 10
19.309339016628304
 20
17.494017488561013
 30
0.0
 11
19.885973123929354
 21
17.28336155770485
 31
0.0
  0
LINE
  5
69F
330
17
100
AcDbEntity
  8
ENGRAVE_POLARS
100
AcDbLine
 10
19.885973123929354
 20
17.28336155770485
 30
0.0
 11
20.42349641812374
 21
17.07133384950403
 31
0.0
  0
LINE
  5
6A0
330
17
100
AcDbEntity
  8
ENGRAVE_POLARS
100
AcDbLine
 10
20.42349641812374
 20
17.07133384950403
 30
0.0
 11
20.90564718029183
 21
16.86064666480251
 31
0.0
  0
LINE
  5
6A1
330
17
100
AcDbEntity
  8
ENGRAVE_POLARS
100
AcDbLine
 10
20.90564718029183
 20
16.86064666480251
 30
0.0
 11
21.316163691513992
 21
16.654012304444255
 31
0.0
  0
LINE
  5
6A2
330
17
100
AcDbEntity
  8
ENGRAVE_POLARS
100
AcDbLine
 10
21.316163691513992
 20
16.654012304444255
 30
0.0
 11
21.664576007517738
 21
16.451194999201697
 31
0.0
  0
LINE
  5
6A3
330
17
100
AcDbEntity
  8
ENGRAVE_POLARS
100
AcDbLine
 10
21.664576007517738
 20
16.451194999201697
 30
0.0
 11
21.974688766223817
 21
16.24908584046387
 31
0.0
  0
LINE
  5
6A4
330
17
100
AcDbEntity
  8
ENGRAVE_POLARS
100
AcDbLine
 10
21.974688766223817
 20
16.24908584046387
 30
0.0
 11
22.25165212200245
 21
16.04608741999966
 31
0.0
  0
LINE
  5
6A5
330
17
100
AcDbEntity
  8
ENGRAVE_POLARS
100
AcDbLine
 10
22.25165212200245
 20
16.04608741999966
 30
0.0
 11
22.500616229223844
 21
15.840602329577953
 31
0.0
  0
LINE
  5
6A6
330
17
100
AcDbEntity
  8
ENGRAVE_POLARS
100
AcDbLine
 10
22.500616229223844
 20
15.840602329577953
 30
0.0
 11
22.726731242258207
 21
15.631033160967625
 31
0.0
  0
LINE
  5
6A7
330
17
100
AcDbEntity
  8
ENGRAVE_POLARS
100
AcDbLine
 10
22.726731242258207
 20
15.631033160967625
 30
0.0
 11
22.935147315475753
 21
15.415782505937559
 31
0.0
  0
LINE
  5
6A8
330
17
100
AcDbEntity
  8
ENGRAVE_POLARS
100
AcDbLine
 10
22.935147315475753
 20
15.415782505937559
 30
0.0
 11
23.131014603246697
 21
15.193252956256632
 31
0.0
  0
LINE
  5
6A9
330
17
100
AcDbEntity
  8
ENGRAVE_POLARS
100
AcDbLine
 10
23.131014603246697
 20
15.193252956256632
 30
0.0
 11
23.319483259941254
 21
14.961847103693733
 31
0.0
  0
LINE
  5
6AA
330
17
100
AcDbEntity
  8
ENGRAVE_POLARS
100
AcDbLine
 10
23.319483259941254
 20
14.961847103693733
 30
0.0
 11
23.50570343992963
 21
14.71996754001774
 31
0.0
  0
LINE
  5
6AB
330
17
100
AcDbEntity
  8
ENGRAVE_POLARS
100
AcDbLine
 10
23.50570343992963
 20
14.71996754001774
 30
0.0
 11
23.694825297582042
 21
14.46601685699753
 31
0.0
  0
LINE
  5
6AC
330
17
100
AcDbEntity
  8
ENGRAVE_POLARS
100
AcDbLine
 10
23.694825297582042
 20
14.46601685699753
 30
0.0
 11
23.891998987268693
 21
14.19839764640199
 31
0.0
  0
LINE
  5
6AD
330
17
100
AcDbEntity
  8
ENGRAVE_POLARS
100
AcDbLine
 10
23.891998987268693
 20
14.19839764640199
 30
0.0
 11
24.102374663359807
 21
13.915512499999998
 31
0.0
  0
LINE
  5
6AE
330
17
100
AcDbEntity
  8
ENGRAVE_POLARS
100
AcDbLine
 10
24.102374663359807
 20
13.915512499999998
 30
0.0
 11
24.324145011796613
 21
13.608328437719273
 31
0.0
  0
LINE
  5
6AF
330
17
100
AcDbEntity
  8
ENGRAVE_POLARS
100
AcDbLine
 10
24.324145011796613
 20
13.608328437719273
 30
0.0
 11
24.550541573410577
 21
13.27283982667504
 31
0.0
  0
LINE
  5
6B0
330
17
100
AcDbEntity
  8
ENGRAVE_POLARS
100
AcDbLine
 10
24.550541573410577
 20
13.27283982667504
 30
0.0
 11
24.779272784907242
 21
12.914990279417438
 31
0.0
  0
LINE
  5
6B1
330
17
100
AcDbEntity
  8
ENGRAVE_POLARS
100
AcDbLine
 10
24.779272784907242
 20
12.914990279417438
 30
0.0
 11
25.008047082992178
 21
12.5407234084966
 31
0.0
  0
LINE
  5
6B2
330
17
100
AcDbEntity
  8
ENGRAVE_POLARS
100
AcDbLine
 10
25.008047082992178
 20
12.5407234084966
 30
0.0
 11
25.234572904370943
 21
12.155982826462669
 31
0.0
  0
LINE
  5
6B3
330
17
100
AcDbEntity
  8
ENGRAVE_POLARS
100
AcDbLine
 10
25.234572904370943
 20
12.155982826462669
 30
0.0
 11
25.456558685749073
 21
11.766712145865782
 31
0.0
  0
LINE
  5
6B4
330
17
100
AcDbEntity
  8
ENGRAVE_POLARS
100
AcDbLine
 10
25.456558685749073
 20
11.766712145865782
 30
0.0
 11
25.671712863832138
 21
11.37885497925607
 31
0.0
  0
LINE
  5
6B5
330
17
100
AcDbEntity
  8
ENGRAVE_POLARS
100
AcDbLine
 10
25.671712863832138
 20
11.37885497925607
 30
0.0
 11
25.87774387532569
 21
10.998354939183685
 31
0.0
  0
LINE
  5
6B6
330
17
100
AcDbEntity
  8
ENGRAVE_POLARS
100
AcDbLine
 10
25.87774387532569
 20
10.998354939183685
 30
0.0
 11
26.07236015693529
 21
10.631155638198752
 31
0.0
  0
LINE
  5
6B7
330
17
100
AcDbEntity
  8
ENGRAVE_POLARS
100
AcDbLine
 10
26.07236015693529
 20
10.631155638198752
 30
0.0
 11
26.253270145366482
 21
10.283200688851414
 31
0.0
  0
LINE
  5
6B8
330
17
100
AcDbEntity
  8
ENGRAVE_POLARS
100
AcDbLine
 10
26.253270145366482
 20
10.283200688851414
 30
0.0
 11
26.41818227732482
 21
9.960433703691807
 31
0.0
  0
LINE
  5
6B9
330
17
100
AcDbEntity
  8
ENGRAVE_POLARS
100
AcDbLine
 10
26.41818227732482
 20
9.960433703691807
 30
0.0
 11
26.564804989515874
 21
9.668798295270074
 31
0.0
  0
LINE
  5
6BA
330
17
100
AcDbEntity
  8
ENGRAVE_POLARS
100
AcDbLine
 10
26.564804989515874
 20
9.668798295270074
 30
0.0
 11
26.691462663777525
 21
9.407717630003795
 31
0.0
  0
LINE
  5
6BB
330
17
100
AcDbEntity
  8
ENGRAVE_POLARS
100
AcDbLine
 10
26.691462663777525
 20
9.407717630003795
 30
0.0
 11
26.799588884873298
 21
9.170340691013108
 31
0.0
  0
LINE
  5
6BC
330
17
100
AcDbEntity
  8
ENGRAVE_POLARS
100
AcDbLine
 10
26.799588884873298
 20
9.170340691013108
 30
0.0
 11
26.89155589389715
 21
8.953199815901963
 31
0.0
  0
LINE
  5
6BD
330
17
100
AcDbEntity
  8
ENGRAVE_POLARS
100
AcDbLine
 10
26.89155589389715
 20
8.953199815901963
 30
0.0
 11
26.969735931943074
 21
8.752827342274317
 31
0.0
  0
LINE
  5
6BE
330
17
100
AcDbEntity
  8
ENGRAVE_POLARS
100
AcDbLine
 10
26.969735931943074
 20
8.752827342274317
 30
0.0
 11
27.036501240105036
 21
8.56575560773413
 31
0.0
  0
LINE
  5
6BF
330
17
100
AcDbEntity
  8
ENGRAVE_POLARS
100
AcDbLine
 10
27.036501240105036
 20
8.56575560773413
 30
0.0
 11
27.094224059477018
 21
8.388516949885357
 31
0.0
  0
LINE
  5
6C0
330
17
100
AcDbEntity
  8
ENGRAVE_POLARS
100
AcDbLine
 10
27.094224059477018
 20
8.388516949885357
 30
0.0
 11
27.14527663115299
 21
8.21764370633195
 31
0.0
  0
LINE
  5
6C1
330
17
100
AcDbEntity
  8
ENGRAVE_POLARS
100
AcDbLine
 10
27.14527663115299
 20
8.21764370633195
 30
0.0
 11
27.19203119622694
 21
8.049668214677869
 31
0.0
  0
LINE
  5
6C2
330
17
100
AcDbEntity
  8
ENGRAVE_POLARS
100
AcDbLine
 10
27.19203119622694
 20
8.049668214677869
 30
0.0
 11
27.236859995792834
 21
7.88112281252707
 31
0.0
  0
LINE
  5
6C3
330
17
100
AcDbEntity
  8
ENGRAVE_POLARS
100
AcDbLine
 10
27.236859995792834
 20
7.88112281252707
 30
0.0
 11
27.282135270944643
 21
7.708539837483505
 31
0.0
  0
LINE
  5
6C4
330
17
100
AcDbEntity
  8
ENGRAVE_POLARS
100
AcDbLine
 10
27.282135270944643
 20
7.708539837483505
 30
0.0
 11
27.330229262776353
 21
7.528451627151133
 31
0.0
  0
LINE
  5
6C5
330
17
100
AcDbEntity
  8
ENGRAVE_POLARS
100
AcDbLine
 10
27.330229262776353
 20
7.528451627151133
 30
0.0
 11
27.383514212381943
 21
7.337390519133912
 31
0.0
  0
LINE
  5
6C6
330
17
100
AcDbEntity
  8
ENGRAVE_POLARS
100
AcDbLine
 10
27.383514212381943
 20
7.337390519133912
 30
0.0
 11
27.438125813613855
 21
7.147131318042925
 31
0.0
  0
LINE
  5
6C7
330
17
100
AcDbEntity
  8
ENGRAVE_POLARS
100
AcDbLine
 10
27.438125813613855
 20
7.147131318042925
 30
0.0
 11
27.489017063184768
 21
6.9689499857900055
 31
0.0
  0
LINE
  5
6C8
330
17
100
AcDbEntity
  8
ENGRAVE_POLARS
100
AcDbLine
 10
27.489017063184768
 20
6.9689499857900055
 30
0.0
 11
27.536786156479007
 21
6.798630595930224
 31
0.0
  0
LINE
  5
6C9
330
17
100
AcDbEntity
  8
ENGRAVE_POLARS
100
AcDbLine
 10
27.536786156479007
 20
6.798630595930224
 30
0.0
 11
27.582031288880863
 21
6.6319572220186505
 31
0.0
  0
LINE
  5
6CA
330
17
100
AcDbEntity
  8
ENGRAVE_POLARS
100
AcDbLine
 10
27.582031288880863
 20
6.6319572220186505
 30
0.0
 11
27.625350655774675
 21
6.464713937610359
 31
0.0
  0
LINE
  5
6CB
330
17
100
AcDbEntity
  8
ENGRAVE_POLARS
100
AcDbLine
 10
27.625350655774675
 20
6.464713937610359
 30
0.0
 11
27.66734245254475
 21
6.2926848162604205
 31
0.0
  0
LINE
  5
6CC
330
17
100
AcDbEntity
  8
ENGRAVE_POLARS
100
AcDbLine
 10
27.66734245254475
 20
6.2926848162604205
 30
0.0
 11
27.708604874575393
 21
6.111653931523903
 31
0.0
  0
LINE
  5
6CD
330
17
100
AcDbEntity
  8
ENGRAVE_POLARS
100
AcDbLine
 10
27.708604874575393
 20
6.111653931523903
 30
0.0
 11
27.749736117250933
 21
5.917405356955882
 31
0.0
  0
LINE
  5
6CE
330
17
100
AcDbEntity
  8
ENGRAVE_POLARS
100
AcDbLine
 10
27.749736117250933
 20
5.917405356955882
 30
0.0
 11
27.791334375955675
 21
5.705723166111428
 31
0.0
  0
LINE
  5
6CF
330
17
100
AcDbEntity
  8
ENGRAVE_POLARS
100
AcDbLine
 10
27.791334375955675
 20
5.705723166111428
 30
0.0
 11
27.833997846073935
 21
5.47239143254561
 31
0.0
  0
LINE
  5
6D0
330
17
100
AcDbEntity
  8
ENGRAVE_POLARS
100
AcDbLine
 10
27.833997846073935
 20
5.47239143254561
 30
0.0
 11
27.878324722990026
 21
5.213194229813502
 31
0.0
  0
LINE
  5
6D1
330
17
100
AcDbEntity
  8
ENGRAVE_POLARS
100
AcDbLine
 10
27.878324722990026
 20
5.213194229813502
 30
0.0
 11
27.924913202088266
 21
4.923915631470176
 31
0.0
  0
LINE
  5
6D2
330
17
100
AcDbEntity
  8
ENGRAVE_POLARS
100
AcDbLine
 10
27.924913202088266
 20
4.923915631470176
 30
0.0
 11
27.976046207676973
 21
4.6185649841141485
 31
0.0
  0
LINE
  5
6D3
330
17
100
AcDbEntity
  8
ENGRAVE_POLARS
100
AcDbLine
 10
27.976046207676973
 20
4.6185649841141485
 30
0.0
 11
28.03252393298765
 21
4.31065651897531
 31
0.0
  0
LINE
  5
6D4
330
17
100
AcDbEntity
  8
ENGRAVE_POLARS
100
AcDbLine
 10
28.03252393298765
 20
4.31065651897531
 30
0.0
 11
28.092720476789363
 21
3.995231636555786
 31
0.0
  0
LINE
  5
6D5
330
17
100
AcDbEntity
  8
ENGRAVE_POLARS
100
AcDbLine
 10
28.092720476789363
 20
3.995231636555786
 30
0.0
 11
28.155009937851204
 21
3.667331737357702
 31
0.0
  0
LINE
  5
6D6
330
17
100
AcDbEntity
  8
ENGRAVE_POLARS
100
AcDbLine
 10
28.155009937851204
 20
3.667331737357702
 30
0.0
 11
28.217766414942254
 21
3.3219982218831854
 31
0.0
  0
LINE
  5
6D7
330
17
100
AcDbEntity
  8
ENGRAVE_POLARS
100
AcDbLine
 10
28.217766414942254
 20
3.3219982218831854
 30
0.0
 11
28.279364006831578
 21
2.9542724906343603
 31
0.0
  0
LINE
  5
6D8
330
17
100
AcDbEntity
  8
ENGRAVE_POLARS
100
AcDbLine
 10
28.279364006831578
 20
2.9542724906343603
 30
0.0
 11
28.338176812288268
 21
2.5591959441133536
 31
0.0
  0
LINE
  5
6D9
330
17
100
AcDbEntity
  8
ENGRAVE_POLARS
100
AcDbLine
 10
28.338176812288268
 20
2.5591959441133536
 30
0.0
 11
28.39257893008141
 21
2.1318099828222907
 31
0.0
  0
LINE
  5
6DA
330
17
100
AcDbEntity
  8
ENGRAVE_POLARS
100
AcDbLine
 10
28.39257893008141
 20
2.1318099828222907
 30
0.0
 11
28.44094445898007
 21
1.6671560072632987
 31
0.0
  0
LINE
  5
6DB
330
17
100
AcDbEntity
  8
ENGRAVE_POLARS
100
AcDbLine
 10
28.44094445898007
 20
1.6671560072632987
 30
0.0
 11
28.48164749775334
 21
1.1602754179385018
 31
0.0
  0
LINE
  5
6DC
330
17
100
AcDbEntity
  8
ENGRAVE_POLARS
100
AcDbLine
 10
28.48164749775334
 20
1.1602754179385018
 30
0.0
 11
28.513062145170288
 21
0.6062096153500269
 31
0.0
  0
LINE
  5
6DD
330
17
100
AcDbEntity
  8
ENGRAVE_POLARS
100
AcDbLine
 10
28.513062145170288
 20
0.6062096153500269
 30
0.0
 11
28.533562500000002
 21
0.0
 31
0.0
  0
LINE
  5
6DE
330
17
100
AcDbEntity
  8
ENGRAVE_POLARS
100
AcDbLine
 10
28.533562500000002
 20
0.0
 30
0.0
 11
28.548855269312316
 21
-0.6874769667452945
 31
0.0
  0
LINE
  5
6DF
330
17
100
AcDbEntity
  8
ENGRAVE_POLARS
100
AcDbLine
 10
28.548855269312316
 20
-0.6874769667452945
 30
0.0
 11
28.564345704403586
 21
-1.469345064564176
 31
0.0
  0
LINE
  5
6E0
330
17
100
AcDbEntity
  8
ENGRAVE_POLARS
100
AcDbLine
 10
28.564345704403586
 20
-1.469345064564176
 30
0.0
 11
28.57795572038266
 21
-2.3265632545214254
 31
0.0
  0
LINE
  5
6E1
330
17
100
AcDbEntity
  8
ENGRAVE_POLARS
100
AcDbLine
 10
28.57795572038266
 20
-2.3265632545214254
 30
0.0
 11
28.5876072323584
 21
-3.240090497681824
 31
0.0
  0
LINE
  5
6E2
330
17
100
AcDbEntity
  8
ENGRAVE_POLARS
100
AcDbLine
 10
28.5876072323584
 20
-3.240090497681824
 30
0.0
 11
28.591222155439674
 21
-4.190885755110152
 31
0.0
  0
LINE
  5
6E3
330
17
100
AcDbEntity
  8
ENGRAVE_POLARS
100
AcDbLine
 10
28.591222155439674
 20
-4.190885755110152
 30
0.0
 11
28.586722404735326
 21
-5.159907987871192
 31
0.0
  0
LINE
  5
6E4
330
17
100
AcDbEntity
  8
ENGRAVE_POLARS
100
AcDbLine
 10
28.586722404735326
 20
-5.159907987871192
 30
0.0
 11
28.57202989535421
 21
-6.128116157029724
 31
0.0
  0
LINE
  5
6E5
330
17
100
AcDbEntity
  8
ENGRAVE_POLARS
100
AcDbLine
 10
28.57202989535421
 20
-6.128116157029724
 30
0.0
 11
28.54506654240519
 21
-7.076469223650529
 31
0.0
  0
LINE
  5
6E6
330
17
100
AcDbEntity
  8
ENGRAVE_POLARS
100
AcDbLine
 10
28.54506654240519
 20
-7.076469223650529
 30
0.0
 11
28.50375426099713
 21
-7.985926148798388
 31
0.0
  0
LINE
  5
6E7
330
17
100
AcDbEntity
  8
ENGRAVE_POLARS
100
AcDbLine
 10
28.50375426099713
 20
-7.985926148798388
 30
0.0
 11
28.446014966238874
 21
-8.83744589353808
 31
0.0
  0
LINE
  5
6E8
330
17
100
AcDbEntity
  8
ENGRAVE_POLARS
100
AcDbLine
 10
28.446014966238874
 20
-8.83744589353808
 30
0.0
 11
28.369770573239283
 21
-9.61198741893439
 31
0.0
  0
LINE
  5
6E9
330
17
100
AcDbEntity
  8
ENGRAVE_POLARS
100
AcDbLine
 10
28.369770573239283
 20
-9.61198741893439
 30
0.0
 11
28.272942997107222
 21
-10.290509686052099
 31
0.0
  0
LINE
  5
6EA
330
17
100
AcDbEntity
  8
ENGRAVE_POLARS
100
AcDbLine
 10
28.272942997107222
 20
-10.290509686052099
 30
0.0
 11
28.16217628625925
 21
-10.875624437231055
 31
0.0
  0
LINE
  5
6EB
330
17
100
AcDbEntity
  8
ENGRAVE_POLARS
100
AcDbLine
 10
28.16217628625925
 20
-10.875624437231055
 30
0.0
 11
28.04396547320536
 21
-11.389765732798677
 31
0.0
  0
LINE
  5
6EC
330
17
100
AcDbEntity
  8
ENGRAVE_POLARS
100
AcDbLine
 10
28.04396547320536
 20
-11.389765732798677
 30
0.0
 11
27.9160089491945
 21
-11.843626010801096
 31
0.0
  0
LINE
  5
6ED
330
17
100
AcDbEntity
  8
ENGRAVE_POLARS
100
AcDbLine
 10
27.9160089491945
 20
-11.843626010801096
 30
0.0
 11
27.77600510547562
 21
-12.24789770928444
 31
0.0
  0
LINE
  5
6EE
330
17
100
AcDbEntity
  8
ENGRAVE_POLARS
100
AcDbLine
 10
27.77600510547562
 20
-12.24789770928444
 30
0.0
 11
27.621652333297703
 21
-12.613273266294838
 31
0.0
  0
LINE
  5
6EF
330
17
100
AcDbEntity
  8
ENGRAVE_POLARS
100
AcDbLine
 10
27.621652333297703
 20
-12.613273266294838
 30
0.0
 11
27.450649023909698
 21
-12.950445119878419
 31
0.0
  0
LINE
  5
6F0
330
17
100
AcDbEntity
  8
ENGRAVE_POLARS
100
AcDbLine
 10
27.450649023909698
 20
-12.950445119878419
 30
0.0
 11
27.260693568560562
 21
-13.27010570808131
 31
0.0
  0
LINE
  5
6F1
330
17
100
AcDbEntity
  8
ENGRAVE_POLARS
100
AcDbLine
 10
27.260693568560562
 20
-13.27010570808131
 30
0.0
 11
27.049484358499257
 21
-13.582947468949646
 31
0.0
  0
LINE
  5
6F2
330
17
100
AcDbEntity
  8
ENGRAVE_POLARS
100
AcDbLine
 10
27.049484358499257
 20
-13.582947468949646
 30
0.0
 11
26.814719784974756
 21
-13.899662840529555
 31
0.0
  0
LINE
  5
6F3
330
17
100
AcDbEntity
  8
ENGRAVE_POLARS
100
AcDbLine
 10
26.814719784974756
 20
-13.899662840529555
 30
0.0
 11
26.554098239236005
 21
-14.230944260867163
 31
0.0
  0
LINE
  5
6F4
330
17
100
AcDbEntity
  8
ENGRAVE_POLARS
100
AcDbLine
 10
26.554098239236005
 20
-14.230944260867163
 30
0.0
 11
26.265318112531958
 21
-14.5874841680086
 31
0.0
  0
LINE
  5
6F5
330
17
100
AcDbEntity
  8
ENGRAVE_POLARS
100
AcDbLine
 10
26.265318112531958
 20
-14.5874841680086
 30
0.0
 11
25.946077796111595
 21
-14.979975
 31
0.0
  0
LINE
  5
6F6
330
17
100
AcDbEntity
  8
ENGRAVE_POLARS
100
AcDbLine
 10
25.946077796111595
 20
-14.979975
 30
0.0
 11
25.5932942366639
 21
-15.408025183729348
 31
0.0
  0
LINE
  5
6F7
330
17
100
AcDbEntity
  8
ENGRAVE_POLARS
100
AcDbLine
 10
25.5932942366639
 20
-15.408025183729348
 30
0.0
 11
25.207516337083018
 21
-15.859721058438684
 31
0.0
  0
LINE
  5
6F8
330
17
100
AcDbEntity
  8
ENGRAVE_POLARS
100
AcDbLine
 10
25.207516337083018
 20
-15.859721058438684
 30
0.0
 11
24.7918904229256
 21
-16.3284719307052
 31
0.0
  0
LINE
  5
6F9
330
17
100
AcDbEntity
  8
ENGRAVE_POLARS
100
AcDbLine
 10
24.7918904229256
 20
-16.3284719307052
 30
0.0
 11
24.349562819748318
 21
-16.807687107106087
 31
0.0
  0
LINE
  5
6FA
330
17
100
AcDbEntity
  8
ENGRAVE_POLARS
100
AcDbLine
 10
24.349562819748318
 20
-16.807687107106087
 30
0.0
 11
23.88367985310783
 21
-17.29077589421855
 31
0.0
  0
LINE
  5
6FB
330
17
100
AcDbEntity
  8
ENGRAVE_POLARS
100
AcDbLine
 10
23.88367985310783
 20
-17.29077589421855
 30
0.0
 11
23.397387848560793
 21
-17.77114759861978
 31
0.0
  0
LINE
  5
6FC
330
17
100
AcDbEntity
  8
ENGRAVE_POLARS
100
AcDbLine
 10
23.397387848560793
 20
-17.77114759861978
 30
0.0
 11
22.89383313166387
 21
-18.24221152688697
 31
0.0
  0
LINE
  5
6FD
330
17
100
AcDbEntity
  8
ENGRAVE_POLARS
100
AcDbLine
 10
22.89383313166387
 20
-18.24221152688697
 30
0.0
 11
22.37616202797373
 21
-18.69737698559732
 31
0.0
  0
LINE
  5
6FE
330
17
100
AcDbEntity
  8
ENGRAVE_POLARS
100
AcDbLine
 10
22.37616202797373
 20
-18.69737698559732
 30
0.0
 11
21.847520863047034
 21
-19.130053281328024
 31
0.0
  0
LINE
  5
6FF
330
17
100
AcDbEntity
  8
ENGRAVE_POLARS
100
AcDbLine
 10
21.847520863047034
 20
-19.130053281328024
 30
0.0
 11
21.311055962440438
 21
-19.533649720656275
 31
0.0
  0
LINE
  5
700
330
17
100
AcDbEntity
  8
ENGRAVE_POLARS
100
AcDbLine
 10
21.311055962440438
 20
-19.533649720656275
 30
0.0
 11
20.769913651710603
 21
-19.901575610159263
 31
0.0
  0
LINE
  5
701
330
17
100
AcDbEntity
  8
ENGRAVE_POLARS
100
AcDbLine
 10
20.769913651710603
 20
-19.901575610159263
 30
0.0
 11
20.2272402564142
 21
-20.2272402564142
 31
0.0
  0
LINE
  5
702
330
17
100
AcDbEntity
  8
ENGRAVE_POLARS
100
AcDbLine
 10
20.2272402564142
 20
-20.2272402564142
 30
0.0
 11
19.651394133772463
 21
-20.514416578457496
 31
0.0
  0
LINE
  5
703
330
17
100
AcDbEntity
  8
ENGRAVE_POLARS
100
AcDbLine
 10
19.651394133772463
 20
-20.514416578457496
 30
0.0
 11
19.01880733777347
 21
-20.772695372137207
 31
0.0
  0
LINE
  5
704
330
17
100
AcDbEntity
  8
ENGRAVE_POLARS
100
AcDbLine
 10
19.01880733777347
 20
-20.772695372137207
 30
0.0
 11
18.344736739124116
 21
-21.004212759247988
 31
0.0
  0
LINE
  5
705
330
17
100
AcDbEntity
  8
ENGRAVE_POLARS
100
AcDbLine
 10
18.344736739124116
 20
-21.004212759247988
 30
0.0
 11
17.6444392085313
 21
-21.211104861584474
 31
0.0
  0
LINE
  5
706
330
17
100
AcDbEntity
  8
ENGRAVE_POLARS
100
AcDbLine
 10
17.6444392085313
 20
-21.211104861584474
 30
0.0
 11
16.93317161670193
 21
-21.395507800941314
 31
0.0
  0
LINE
  5
707
330
17
100
AcDbEntity
  8
ENGRAVE_POLARS
100
AcDbLine
 10
16.93317161670193
 20
-21.395507800941314
 30
0.0
 11
16.2261908343429
 21
-21.559557699113153
 31
0.0
  0
LINE
  5
708
330
17
100
AcDbEntity
  8
ENGRAVE_POLARS
100
AcDbLine
 10
16.2261908343429
 20
-21.559557699113153
 30
0.0
 11
15.538753732161105
 21
-21.70539067789463
 31
0.0
  0
LINE
  5
709
330
17
100
AcDbEntity
  8
ENGRAVE_POLARS
100
AcDbLine
 10
15.538753732161105
 20
-21.70539067789463
 30
0.0
 11
14.886117180863453
 21
-21.8351428590804
 31
0.0
  0
LINE
  5
70A
330
17
100
AcDbEntity
  8
ENGRAVE_POLARS
100
AcDbLine
 10
14.886117180863453
 20
-21.8351428590804
 30
0.0
 11
14.283538051156844
 21
-21.950950364465093
 31
0.0
  0
LINE
  5
70B
330
17
100
AcDbEntity
  8
ENGRAVE_POLARS
100
AcDbLine
 10
14.283538051156844
 20
-21.950950364465093
 30
0.0
 11
13.746273213748172
 21
-22.054949315843366
 31
0.0
  0
LINE
  5
70C
330
17
100
AcDbEntity
  8
ENGRAVE_POLARS
100
AcDbLine
 10
13.746273213748172
 20
-22.054949315843366
 30
0.0
 11
13.28957953934434
 21
-22.149275835009856
 31
0.0
  0
LINE
  5
70D
330
17
100
AcDbEntity
  8
ENGRAVE_POLARS
100
AcDbLine
 10
13.28957953934434
 20
-22.149275835009856
 30
0.0
 11
12.928713898652244
 21
-22.23606604375921
 31
0.0
  0
LINE
  5
70E
330
17
100
AcDbEntity
  8
ENGRAVE_POLARS
100
AcDbLine
 10
12.928713898652244
 20
-22.23606604375921
 30
0.0
 11
12.690914032928266
 21
-22.308242434520455
 31
0.0
  0
LINE
  5
70F
330
17
100
AcDbEntity
  8
ENGRAVE_POLARS
100
AcDbLine
 10
12.690914032928266
 20
-22.308242434520455
 30
0.0
 11
12.576869191291658
 21
-22.35897082415428
 31
0.0
  0
LINE
  5
710
330
17
100
AcDbEntity
  8
ENGRAVE_POLARS
100
AcDbLine
 10
12.576869191291658
 20
-22.35897082415428
 30
0.0
 11
12.562013506243646
 21
-22.390752321102795
 31
0.0
  0
LINE
  5
711
330
17
100
AcDbEntity
  8
ENGRAVE_POLARS
100
AcDbLine
 10
12.562013506243646
 20
-22.390752321102795
 30
0.0
 11
12.621781110285454
 21
-22.40608803380812
 31
0.0
  0
LINE
  5
712
330
17
100
AcDbEntity
  8
ENGRAVE_POLARS
100
AcDbLine
 10
12.621781110285454
 20
-22.40608803380812
 30
0.0
 11
12.731606135918298
 21
-22.407479070712387
 31
0.0
  0
LINE
  5
713
330
17
100
AcDbEntity
  8
ENGRAVE_POLARS
100
AcDbLine
 10
12.731606135918298
 20
-22.407479070712387
 30
0.0
 11
12.866922715643407
 21
-22.39742654025769
 31
0.0
  0
LINE
  5
714
330
17
100
AcDbEntity
  8
ENGRAVE_POLARS
100
AcDbLine
 10
12.866922715643407
 20
-22.39742654025769
 30
0.0
 11
13.003164981961996
 21
-22.378431550886166
 31
0.0
  0
LINE
  5
715
330
17
100
AcDbEntity
  8
ENGRAVE_POLARS
100
AcDbLine
 10
13.003164981961996
 20
-22.378431550886166
 30
0.0
 11
13.115767067375296
 21
-22.352995211039925
 31
0.0
  0
LINE
  5
716
330
17
100
AcDbEntity
  8
ENGRAVE_POLARS
100
AcDbLine
 10
13.115767067375296
 20
-22.352995211039925
 30
0.0
 11
13.180163104384524
 21
-22.323618629161093
 31
0.0
  0
LINE
  5
717
330
17
100
AcDbEntity
  8
ENGRAVE_POLARS
100
AcDbLine
 10
13.180163104384524
 20
-22.323618629161093
 30
0.0
 11
13.171787225490903
 21
-22.29280291369178
 31
0.0
  0
LINE
  5
718
330
17
100
AcDbEntity
  8
ENGRAVE_POLARS
100
AcDbLine
 10
13.171787225490903
 20
-22.29280291369178
 30
0.0
 11
13.066073563195653
 21
-22.26304917307411
 31
0.0
  0
LINE
  5
719
330
17
100
AcDbEntity
  8
ENGRAVE_POLARS
100
AcDbLine
 10
13.066073563195653
 20
-22.26304917307411
 30
0.0
 11
12.838456250000002
 21
-22.236858515750196
 31
0.0
  0
LINE
  5
71A
330
17
100
AcDbEntity
  8
ENGRAVE_POLARS
100
AcDbLine
 10
12.838456250000002
 20
-22.236858515750196
 30
0.0
 11
12.491600733305154
 21
-22.21033590878588
 31
0.0
  0
LINE
  5
71B
330
17
100
AcDbEntity
  8
ENGRAVE_POLARS
100
AcDbLine
 10
12.491600733305154
 20
-22.21033590878588
 30
0.0
 11
12.054002335092363
 21
-22.178274212922567
 31
0.0
  0
LINE
  5
71C
330
17
100
AcDbEntity
  8
ENGRAVE_POLARS
100
AcDbLine
 10
12.054002335092363
 20
-22.178274212922567
 30
0.0
 11
11.539839999732923
 21
-22.14120637711572
 31
0.0
  0
LINE
  5
71D
330
17
100
AcDbEntity
  8
ENGRAVE_POLARS
100
AcDbLine
 10
11.539839999732923
 20
-22.14120637711572
 30
0.0
 11
10.963292671598118
 21
-22.099665350320812
 31
0.0
  0
LINE
  5
71E
330
17
100
AcDbEntity
  8
ENGRAVE_POLARS
100
AcDbLine
 10
10.963292671598118
 20
-22.099665350320812
 30
0.0
 11
10.338539295059245
 21
-22.05418408149331
 31
0.0
  0
LINE
  5
71F
330
17
100
AcDbEntity
  8
ENGRAVE_POLARS
100
AcDbLine
 10
10.338539295059245
 20
-22.05418408149331
 30
0.0
 11
9.679758814487592
 21
-22.005295519588678
 31
0.0
  0
LINE
  5
720
330
17
100
AcDbEntity
  8
ENGRAVE_POLARS
100
AcDbLine
 10
9.679758814487592
 20
-22.005295519588678
 30
0.0
 11
9.001130174254445
 21
-21.953532613562377
 31
0.0
  0
LINE
  5
721
330
17
100
AcDbEntity
  8
ENGRAVE_POLARS
100
AcDbLine
 10
9.001130174254445
 20
-21.953532613562377
 30
0.0
 11
8.3168323187311
 21
-21.899428312369892
 31
0.0
  0
LINE
  5
722
330
17
100
AcDbEntity
  8
ENGRAVE_POLARS
100
AcDbLine
 10
8.3168323187311
 20
-21.899428312369892
 30
0.0
 11
7.641044192288846
 21
-21.84351556496668
 31
0.0
  0
LINE
  5
723
330
17
100
AcDbEntity
  8
ENGRAVE_POLARS
100
AcDbLine
 10
7.641044192288846
 20
-21.84351556496668
 30
0.0
 11
6.987944739298971
 21
-21.78632732030821
 31
0.0
  0
LINE
  5
724
330
17
100
AcDbEntity
  8
ENGRAVE_POLARS
100
AcDbLine
 10
6.987944739298971
 20
-21.78632732030821
 30
0.0
 11
6.371712904132766
 21
-21.728396527349943
 31
0.0
  0
LINE
  5
725
330
17
100
AcDbEntity
  8
ENGRAVE_POLARS
100
AcDbLine
 10
6.371712904132766
 20
-21.728396527349943
 30
0.0
 11
5.806527631161522
 21
-21.67025613504736
 31
0.0
  0
LINE
  5
726
330
17
100
AcDbEntity
  8
ENGRAVE_POLARS
100
AcDbLine
 10
5.806527631161522
 20
-21.67025613504736
 30
0.0
 11
5.261265686362273
 21
-21.607823205329918
 31
0.0
  0
LINE
  5
727
330
17
100
AcDbEntity
  8
ENGRAVE_POLARS
100
AcDbLine
 10
5.261265686362273
 20
-21.607823205329918
 30
0.0
 11
4.700653436042631
 21
-21.537918106019504
 31
0.0
  0
LINE
  5
728
330
17
100
AcDbEntity
  8
ENGRAVE_POLARS
100
AcDbLine
 10
4.700653436042631
 20
-21.537918106019504
 30
0.0
 11
4.1326442250697575
 21
-21.462428744910195
 31
0.0
  0
LINE
  5
729
330
17
100
AcDbEntity
  8
ENGRAVE_POLARS
100
AcDbLine
 10
4.1326442250697575
 20
-21.462428744910195
 30
0.0
 11
3.565191398310813
 21
-21.383243029796084
 31
0.0
  0
LINE
  5
72A
330
17
100
AcDbEntity
  8
ENGRAVE_POLARS
100
AcDbLine
 10
3.565191398310813
 20
-21.383243029796084
 30
0.0
 11
3.0062483006329597
 21
-21.30224886847124
 31
0.0
  0
LINE
  5
72B
330
17
100
AcDbEntity
  8
ENGRAVE_POLARS
100
AcDbLine
 10
3.0062483006329597
 20
-21.30224886847124
 30
0.0
 11
2.463768276903357
 21
-21.221334168729754
 31
0.0
  0
LINE
  5
72C
330
17
100
AcDbEntity
  8
ENGRAVE_POLARS
100
AcDbLine
 10
2.463768276903357
 20
-21.221334168729754
 30
0.0
 11
1.9457046719891644
 21
-21.142386838365706
 31
0.0
  0
LINE
  5
72D
330
17
100
AcDbEntity
  8
ENGRAVE_POLARS
100
AcDbLine
 10
1.9457046719891644
 20
-21.142386838365706
 30
0.0
 11
1.4600108307575441
 21
-21.06729478517319
 31
0.0
  0
LINE
  5
72E
330
17
100
AcDbEntity
  8
ENGRAVE_POLARS
100
AcDbLine
 10
1.4600108307575441
 20
-21.06729478517319
 30
0.0
 11
1.0146400980756585
 21
-20.99794591694627
 31
0.0
  0
LINE
  5
72F
330
17
100
AcDbEntity
  8
ENGRAVE_POLARS
100
AcDbLine
 10
1.0146400980756585
 20
-20.99794591694627
 30
0.0
 11
0.6175458188106648
 21
-20.93622814147905
 31
0.0
  0
LINE
  5
730
330
17
100
AcDbEntity
  8
ENGRAVE_POLARS
100
AcDbLine
 10
0.6175458188106648
 20
-20.93622814147905
 30
0.0
 11
0.2766813378297252
 21
-20.884029366565592
 31
0.0
  0
LINE
  5
731
330
17
100
AcDbEntity
  8
ENGRAVE_POLARS
100
AcDbLine
 10
0.2766813378297252
 20
-20.884029366565592
 30
0.0
 11
1.2762802044121541e-15
 21
-20.8432375
 31
0.0
  0
LINE
  5
732
330
17
100
AcDbEntity
  8
ENGRAVE_POLARS
100
AcDbLine
 10
-15.239683156736248
 20
18.804404849727252
 30
0.0
 11
-15.543781887783739
 21
18.702365968010962
 31
0.0
  0
LINE
  5
733
330
17
100
AcDbEntity
  8
ENGRAVE_POLARS
100
AcDbLine
 10
-15.543781887783739
 20
18.702365968010962
 30
0.0
 11
-15.938863557081648
 21
18.57725690219833
 31
0.0
  0
LINE
  5
734
330
17
100
AcDbEntity
  8
ENGRAVE_POLARS
100
AcDbLine
 10
-15.938863557081648
 20
18.57725690219833
 30
0.0
 11
-16.40866644571034
 21
18.431789953133304
 31
0.0
  0
LINE
  5
735
330
17
100
AcDbEntity
  8
ENGRAVE_POLARS
100
AcDbLine
 10
-16.40866644571034
 20
18.431789953133304
 30
0.0
 11
-16.936928834750177
 21
18.268677421659852
 31
0.0
  0
LINE
  5
736
330
17
100
AcDbEntity
  8
ENGRAVE_POLARS
100
AcDbLine
 10
-16.936928834750177
 20
18.268677421659852
 30
0.0
 11
-17.507389005281528
 21
18.090631608621937
 31
0.0
  0
LINE
  5
737
330
17
100
AcDbEntity
  8
ENGRAVE_POLARS
100
AcDbLine
 10
-17.507389005281528
 20
18.090631608621937
 30
0.0
 11
-18.10378523838476
 21
17.900364814863522
 31
0.0
  0
LINE
  5
738
330
17
100
AcDbEntity
  8
ENGRAVE_POLARS
100
AcDbLine
 10
-18.10378523838476
 20
17.900364814863522
 30
0.0
 11
-18.709855815140223
 21
17.700589341228554
 31
0.0
  0
LINE
  5
739
330
17
100
AcDbEntity
  8
ENGRAVE_POLARS
100
AcDbLine
 10
-18.709855815140223
 20
17.700589341228554
 30
0.0
 11
-19.309339016628304
 21
17.494017488561013
 31
0.0
  0
LINE
  5
73A
330
17
100
AcDbEntity
  8
ENGRAVE_POLARS
100
AcDbLine
 10
-19.309339016628304
 20
17.494017488561013
 30
0.0
 11
-19.885973123929354
 21
17.28336155770485
 31
0.0
  0
LINE
  5
73B
330
17
100
AcDbEntity
  8
ENGRAVE_POLARS
100
AcDbLine
 10
-19.885973123929354
 20
17.28336155770485
 30
0.0
 11
-20.42349641812374
 21
17.07133384950403
 31
0.0
  0
LINE
  5
73C
330
17
100
AcDbEntity
  8
ENGRAVE_POLARS
100
AcDbLine
 10
-20.42349641812374
 20
17.07133384950403
 30
0.0
 11
-20.90564718029183
 21
16.86064666480251
 31
0.0
  0
LINE
  5
73D
330
17
100
AcDbEntity
  8
ENGRAVE_POLARS
100
AcDbLine
 10
-20.90564718029183
 20
16.86064666480251
 30
0.0
 11
-21.316163691513992
 21
16.654012304444255
 31
0.0
  0
LINE
  5
73E
330
17
100
AcDbEntity
  8
ENGRAVE_POLARS
100
AcDbLine
 10
-21.316163691513992
 20
16.654012304444255
 30
0.0
 11
-21.664576007517738
 21
16.451194999201697
 31
0.0
  0
LINE
  5
73F
330
17
100
AcDbEntity
  8
ENGRAVE_POLARS
100
AcDbLine
 10
-21.664576007517738
 20
16.451194999201697
 30
0.0
 11
-21.974688766223817
 21
16.24908584046387
 31
0.0
  0
LINE
  5
740
330
17
100
AcDbEntity
  8
ENGRAVE_POLARS
100
AcDbLine
 10
-21.974688766223817
 20
16.24908584046387
 30
0.0
 11
-22.25165212200245
 21
16.04608741999966
 31
0.0
  0
LINE
  5
741
330
17
100
AcDbEntity
  8
ENGRAVE_POLARS
100
AcDbLine
 10
-22.25165212200245
 20
16.04608741999966
 30
0.0
 11
-22.500616229223844
 21
15.840602329577953
 31
0.0
  0
LINE
  5
742
330
17
100
AcDbEntity
  8
ENGRAVE_POLARS
100
AcDbLine
 10
-22.500616229223844
 20
15.840602329577953
 30
0.0
 11
-22.726731242258207
 21
15.631033160967625
 31
0.0
  0
LINE
  5
743
330
17
100
AcDbEntity
  8
ENGRAVE_POLARS
100
AcDbLine
 10
-22.726731242258207
 20
15.631033160967625
 30
0.0
 11
-22.935147315475753
 21
15.415782505937559
 31
0.0
  0
LINE
  5
744
330
17
100
AcDbEntity
  8
ENGRAVE_POLARS
100
AcDbLine
 10
-22.935147315475753
 20
15.415782505937559
 30
0.0
 11
-23.131014603246697
 21
15.193252956256632
 31
0.0
  0
LINE
  5
745
330
17
100
AcDbEntity
  8
ENGRAVE_POLARS
100
AcDbLine
 10
-23.131014603246697
 20
15.193252956256632
 30
0.0
 11
-23.319483259941254
 21
14.961847103693733
 31
0.0
  0
LINE
  5
746
330
17
100
AcDbEntity
  8
ENGRAVE_POLARS
100
AcDbLine
 10
-23.319483259941254
 20
14.961847103693733
 30
0.0
 11
-23.50570343992963
 21
14.71996754001774
 31
0.0
  0
LINE
  5
747
330
17
100
AcDbEntity
  8
ENGRAVE_POLARS
100
AcDbLine
 10
-23.50570343992963
 20
14.71996754001774
 30
0.0
 11
-23.694825297582042
 21
14.46601685699753
 31
0.0
  0
LINE
  5
748
330
17
100
AcDbEntity
  8
ENGRAVE_POLARS
100
AcDbLine
 10
-23.694825297582042
 20
14.46601685699753
 30
0.0
 11
-23.891998987268693
 21
14.19839764640199
 31
0.0
  0
LINE
  5
749
330
17
100
AcDbEntity
  8
ENGRAVE_POLARS
100
AcDbLine
 10
-23.891998987268693
 20
14.19839764640199
 30
0.0
 11
-24.102374663359807
 21
13.915512499999998
 31
0.0
  0
LINE
  5
74A
330
17
100
AcDbEntity
  8
ENGRAVE_POLARS
100
AcDbLine
 10
-24.102374663359807
 20
13.915512499999998
 30
0.0
 11
-24.324145011796613
 21
13.608328437719273
 31
0.0
  0
LINE
  5
74B
330
17
100
AcDbEntity
  8
ENGRAVE_POLARS
100
AcDbLine
 10
-24.324145011796613
 20
13.608328437719273
 30
0.0
 11
-24.550541573410577
 21
13.27283982667504
 31
0.0
  0
LINE
  5
74C
330
17
100
AcDbEntity
  8
ENGRAVE_POLARS
100
AcDbLine
 10
-24.550541573410577
 20
13.27283982667504
 30
0.0
 11
-24.779272784907242
 21
12.914990279417438
 31
0.0
  0
LINE
  5
74D
330
17
100
AcDbEntity
  8
ENGRAVE_POLARS
100
AcDbLine
 10
-24.779272784907242
 20
12.914990279417438
 30
0.0
 11
-25.008047082992178
 21
12.5407234084966
 31
0.0
  0
LINE
  5
74E
330
17
100
AcDbEntity
  8
ENGRAVE_POLARS
100
AcDbLine
 10
-25.008047082992178
 20
12.5407234084966
 30
0.0
 11
-25.234572904370943
 21
12.155982826462669
 31
0.0
  0
LINE
  5
74F
330
17
100
AcDbEntity
  8
ENGRAVE_POLARS
100
AcDbLine
 10
-25.234572904370943
 20
12.155982826462669
 30
0.0
 11
-25.456558685749073
 21
11.766712145865782
 31
0.0
  0
LINE
  5
750
330
17
100
AcDbEntity
  8
ENGRAVE_POLARS
100
AcDbLine
 10
-25.456558685749073
 20
11.766712145865782
 30
0.0
 11
-25.671712863832138
 21
11.37885497925607
 31
0.0
  0
LINE
  5
751
330
17
100
AcDbEntity
  8
ENGRAVE_POLARS
100
AcDbLine
 10
-25.671712863832138
 20
11.37885497925607
 30
0.0
 11
-25.87774387532569
 21
10.998354939183685
 31
0.0
  0
LINE
  5
752
330
17
100
AcDbEntity
  8
ENGRAVE_POLARS
100
AcDbLine
 10
-25.87774387532569
 20
10.998354939183685
 30
0.0
 11
-26.07236015693529
 21
10.631155638198752
 31
0.0
  0
LINE
  5
753
330
17
100
AcDbEntity
  8
ENGRAVE_POLARS
100
AcDbLine
 10
-26.07236015693529
 20
10.631155638198752
 30
0.0
 11
-26.253270145366482
 21
10.283200688851414
 31
0.0
  0
LINE
  5
754
330
17
100
AcDbEntity
  8
ENGRAVE_POLARS
100
AcDbLine
 10
-26.253270145366482
 20
10.283200688851414
 30
0.0
 11
-26.41818227732482
 21
9.960433703691807
 31
0.0
  0
LINE
  5
755
330
17
100
AcDbEntity
  8
ENGRAVE_POLARS
100
AcDbLine
 10
-26.41818227732482
 20
9.960433703691807
 30
0.0
 11
-26.564804989515874
 21
9.668798295270074
 31
0.0
  0
LINE
  5
756
330
17
100
AcDbEntity
  8
ENGRAVE_POLARS
100
AcDbLine
 10
-26.564804989515874
 20
9.668798295270074
 30
0.0
 11
-26.691462663777525
 21
9.407717630003795
 31
0.0
  0
LINE
  5
757
330
17
100
AcDbEntity
  8
ENGRAVE_POLARS
100
AcDbLine
 10
-26.691462663777525
 20
9.407717630003795
 30
0.0
 11
-26.799588884873298
 21
9.170340691013108
 31
0.0
  0
LINE
  5
758
330
17
100
AcDbEntity
  8
ENGRAVE_POLARS
100
AcDbLine
 10
-26.799588884873298
 20
9.170340691013108
 30
0.0
 11
-26.89155589389715
 21
8.953199815901963
 31
0.0
  0
LINE
  5
759
330
17
100
AcDbEntity
  8
ENGRAVE_POLARS
100
AcDbLine
 10
-26.89155589389715
 20
8.953199815901963
 30
0.0
 11
-26.969735931943074
 21
8.752827342274317
 31
0.0
  0
LINE
  5
75A
330
17
100
AcDbEntity
  8
ENGRAVE_POLARS
100
AcDbLine
 10
-26.969735931943074
 20
8.752827342274317
 30
0.0
 11
-27.036501240105036
 21
8.56575560773413
 31
0.0
  0
LINE
  5
75B
330
17
100
AcDbEntity
  8
ENGRAVE_POLARS
100
AcDbLine
 10
-27.036501240105036
 20
8.56575560773413
 30
0.0
 11
-27.094224059477018
 21
8.388516949885357
 31
0.0
  0
LINE
  5
75C
330
17
100
AcDbEntity
  8
ENGRAVE_POLARS
100
AcDbLine
 10
-27.094224059477018
 20
8.388516949885357
 30
0.0
 11
-27.14527663115299
 21
8.21764370633195
 31
0.0
  0
LINE
  5
75D
330
17
100
AcDbEntity
  8
ENGRAVE_POLARS
100
AcDbLine
 10
-27.14527663115299
 20
8.21764370633195
 30
0.0
 11
-27.19203119622694
 21
8.049668214677869
 31
0.0
  0
LINE
  5
75E
330
17
100
AcDbEntity
  8
ENGRAVE_POLARS
100
AcDbLine
 10
-27.19203119622694
 20
8.049668214677869
 30
0.0
 11
-27.236859995792834
 21
7.88112281252707
 31
0.0
  0
LINE
  5
75F
330
17
100
AcDbEntity
  8
ENGRAVE_POLARS
100
AcDbLine
 10
-27.236859995792834
 20
7.88112281252707
 30
0.0
 11
-27.282135270944643
 21
7.708539837483505
 31
0.0
  0
LINE
  5
760
330
17
100
AcDbEntity
  8
ENGRAVE_POLARS
100
AcDbLine
 10
-27.282135270944643
 20
7.708539837483505
 30
0.0
 11
-27.330229262776353
 21
7.528451627151133
 31
0.0
  0
LINE
  5
761
330
17
100
AcDbEntity
  8
ENGRAVE_POLARS
100
AcDbLine
 10
-27.330229262776353
 20
7.528451627151133
 30
0.0
 11
-27.383514212381943
 21
7.337390519133912
 31
0.0
  0
LINE
  5
762
330
17
100
AcDbEntity
  8
ENGRAVE_POLARS
100
AcDbLine
 10
-27.383514212381943
 20
7.337390519133912
 30
0.0
 11
-27.438125813613855
 21
7.147131318042925
 31
0.0
  0
LINE
  5
763
330
17
100
AcDbEntity
  8
ENGRAVE_POLARS
100
AcDbLine
 10
-27.438125813613855
 20
7.147131318042925
 30
0.0
 11
-27.489017063184768
 21
6.9689499857900055
 31
0.0
  0
LINE
  5
764
330
17
100
AcDbEntity
  8
ENGRAVE_POLARS
100
AcDbLine
 10
-27.489017063184768
 20
6.9689499857900055
 30
0.0
 11
-27.536786156479007
 21
6.798630595930224
 31
0.0
  0
LINE
  5
765
330
17
100
AcDbEntity
  8
ENGRAVE_POLARS
100
AcDbLine
 10
-27.536786156479007
 20
6.798630595930224
 30
0.0
 11
-27.582031288880863
 21
6.6319572220186505
 31
0.0
  0
LINE
  5
766
330
17
100
AcDbEntity
  8
ENGRAVE_POLARS
100
AcDbLine
 10
-27.582031288880863
 20
6.6319572220186505
 30
0.0
 11
-27.625350655774675
 21
6.464713937610359
 31
0.0
  0
LINE
  5
767
330
17
100
AcDbEntity
  8
ENGRAVE_POLARS
100
AcDbLine
 10
-27.625350655774675
 20
6.464713937610359
 30
0.0
 11
-27.66734245254475
 21
6.2926848162604205
 31
0.0
  0
LINE
  5
768
330
17
100
AcDbEntity
  8
ENGRAVE_POLARS
100
AcDbLine
 10
-27.66734245254475
 20
6.2926848162604205
 30
0.0
 11
-27.708604874575393
 21
6.111653931523903
 31
0.0
  0
LINE
  5
769
330
17
100
AcDbEntity
  8
ENGRAVE_POLARS
100
AcDbLine
 10
-27.708604874575393
 20
6.111653931523903
 30
0.0
 11
-27.749736117250933
 21
5.917405356955882
 31
0.0
  0
LINE
  5
76A
330
17
100
AcDbEntity
  8
ENGRAVE_POLARS
100
AcDbLine
 10
-27.749736117250933
 20
5.917405356955882
 30
0.0
 11
-27.791334375955675
 21
5.705723166111428
 31
0.0
  0
LINE
  5
76B
330
17
100
AcDbEntity
  8
ENGRAVE_POLARS
100
AcDbLine
 10
-27.791334375955675
 20
5.705723166111428
 30
0.0
 11
-27.833997846073935
 21
5.47239143254561
 31
0.0
  0
LINE
  5
76C
330
17
100
AcDbEntity
  8
ENGRAVE_POLARS
100
AcDbLine
 10
-27.833997846073935
 20
5.47239143254561
 30
0.0
 11
-27.878324722990026
 21
5.213194229813502
 31
0.0
  0
LINE
  5
76D
330
17
100
AcDbEntity
  8
ENGRAVE_POLARS
100
AcDbLine
 10
-27.878324722990026
 20
5.213194229813502
 30
0.0
 11
-27.924913202088266
 21
4.923915631470176
 31
0.0
  0
LINE
  5
76E
330
17
100
AcDbEntity
  8
ENGRAVE_POLARS
100
AcDbLine
 10
-27.924913202088266
 20
4.923915631470176
 30
0.0
 11
-27.976046207676973
 21
4.6185649841141485
 31
0.0
  0
LINE
  5
76F
330
17
100
AcDbEntity
  8
ENGRAVE_POLARS
100
AcDbLine
 10
-27.976046207676973
 20
4.6185649841141485
 30
0.0
 11
-28.03252393298765
 21
4.31065651897531
 31
0.0
  0
LINE
  5
770
330
17
100
AcDbEntity
  8
ENGRAVE_POLARS
100
AcDbLine
 10
-28.03252393298765
 20
4.31065651897531
 30
0.0
 11
-28.092720476789363
 21
3.995231636555786
 31
0.0
  0
LINE
  5
771
330
17
100
AcDbEntity
  8
ENGRAVE_POLARS
100
AcDbLine
 10
-28.092720476789363
 20
3.995231636555786
 30
0.0
 11
-28.155009937851204
 21
3.667331737357702
 31
0.0
  0
LINE
  5
772
330
17
100
AcDbEntity
  8
ENGRAVE_POLARS
100
AcDbLine
 10
-28.155009937851204
 20
3.667331737357702
 30
0.0
 11
-28.217766414942254
 21
3.3219982218831854
 31
0.0
  0
LINE
  5
773
330
17
100
AcDbEntity
  8
ENGRAVE_POLARS
100
AcDbLine
 10
-28.217766414942254
 20
3.3219982218831854
 30
0.0
 11
-28.279364006831578
 21
2.9542724906343603
 31
0.0
  0
LINE
  5
774
330
17
100
AcDbEntity
  8
ENGRAVE_POLARS
100
AcDbLine
 10
-28.279364006831578
 20
2.9542724906343603
 30
0.0
 11
-28.338176812288268
 21
2.5591959441133536
 31
0.0
  0
LINE
  5
775
330
17
100
AcDbEntity
  8
ENGRAVE_POLARS
100
AcDbLine
 10
-28.338176812288268
 20
2.5591959441133536
 30
0.0
 11
-28.39257893008141
 21
2.1318099828222907
 31
0.0
  0
LINE
  5
776
330
17
100
AcDbEntity
  8
ENGRAVE_POLARS
100
AcDbLine
 10
-28.39257893008141
 20
2.1318099828222907
 30
0.0
 11
-28.44094445898007
 21
1.6671560072632987
 31
0.0
  0
LINE
  5
777
330
17
100
AcDbEntity
  8
ENGRAVE_POLARS
100
AcDbLine
 10
-28.44094445898007
 20
1.6671560072632987
 30
0.0
 11
-28.48164749775334
 21
1.1602754179385018
 31
0.0
  0
LINE
  5
778
330
17
100
AcDbEntity
  8
ENGRAVE_POLARS
100
AcDbLine
 10
-28.48164749775334
 20
1.1602754179385018
 30
0.0
 11
-28.513062145170288
 21
0.6062096153500269
 31
0.0
  0
LINE
  5
779
330
17
100
AcDbEntity
  8
ENGRAVE_POLARS
100
AcDbLine
 10
-28.513062145170288
 20
0.6062096153500269
 30
0.0
 11
-28.533562500000002
 21
0.0
 31
0.0
  0
LINE
  5
77A
330
17
100
AcDbEntity
  8
ENGRAVE_POLARS
100
AcDbLine
 10
-28.533562500000002
 20
0.0
 30
0.0
 11
-28.548855269312316
 21
-0.6874769667452945
 31
0.0
  0
LINE
  5
77B
330
17
100
AcDbEntity
  8
ENGRAVE_POLARS
100
AcDbLine
 10
-28.548855269312316
 20
-0.6874769667452945
 30
0.0
 11
-28.564345704403586
 21
-1.469345064564176
 31
0.0
  0
LINE
  5
77C
330
17
100
AcDbEntity
  8
ENGRAVE_POLARS
100
AcDbLine
 10
-28.564345704403586
 20
-1.469345064564176
 30
0.0
 11
-28.57795572038266
 21
-2.3265632545214254
 31
0.0
  0
LINE
  5
77D
330
17
100
AcDbEntity
  8
ENGRAVE_POLARS
100
AcDbLine
 10
-28.57795572038266
 20
-2.3265632545214254
 30
0.0
 11
-28.5876072323584
 21
-3.240090497681824
 31
0.0
  0
LINE
  5
77E
330
17
100
AcDbEntity
  8
ENGRAVE_POLARS
100
AcDbLine
 10
-28.5876072323584
 20
-3.240090497681824
 30
0.0
 11
-28.591222155439674
 21
-4.190885755110152
 31
0.0
  0
LINE
  5
77F
330
17
100
AcDbEntity
  8
ENGRAVE_POLARS
100
AcDbLine
 10
-28.591222155439674
 20
-4.190885755110152
 30
0.0
 11
-28.586722404735326
 21
-5.159907987871192
 31
0.0
  0
LINE
  5
780
330
17
100
AcDbEntity
  8
ENGRAVE_POLARS
100
AcDbLine
 10
-28.586722404735326
 20
-5.159907987871192
 30
0.0
 11
-28.57202989535421
 21
-6.128116157029724
 31
0.0
  0
LINE
  5
781
330
17
100
AcDbEntity
  8
ENGRAVE_POLARS
100
AcDbLine
 10
-28.57202989535421
 20
-6.128116157029724
 30
0.0
 11
-28.54506654240519
 21
-7.076469223650529
 31
0.0
  0
LINE
  5
782
330
17
100
AcDbEntity
  8
ENGRAVE_POLARS
100
AcDbLine
 10
-28.54506654240519
 20
-7.076469223650529
 30
0.0
 11
-28.50375426099713
 21
-7.985926148798388
 31
0.0
  0
LINE
  5
783
330
17
100
AcDbEntity
  8
ENGRAVE_POLARS
100
AcDbLine
 10
-28.50375426099713
 20
-7.985926148798388
 30
0.0
 11
-28.446014966238874
 21
-8.83744589353808
 31
0.0
  0
LINE
  5
784
330
17
100
AcDbEntity
  8
ENGRAVE_POLARS
100
AcDbLine
 10
-28.446014966238874
 20
-8.83744589353808
 30
0.0
 11
-28.369770573239283
 21
-9.61198741893439
 31
0.0
  0
LINE
  5
785
330
17
100
AcDbEntity
  8
ENGRAVE_POLARS
100
AcDbLine
 10
-28.369770573239283
 20
-9.61198741893439
 30
0.0
 11
-28.272942997107222
 21
-10.290509686052099
 31
0.0
  0
LINE
  5
786
330
17
100
AcDbEntity
  8
ENGRAVE_POLARS
100
AcDbLine
 10
-28.272942997107222
 20
-10.290509686052099
 30
0.0
 11
-28.16217628625925
 21
-10.875624437231055
 31
0.0
  0
LINE
  5
787
330
17
100
AcDbEntity
  8
ENGRAVE_POLARS
100
AcDbLine
 10
-28.16217628625925
 20
-10.875624437231055
 30
0.0
 11
-28.04396547320536
 21
-11.389765732798677
 31
0.0
  0
LINE
  5
788
330
17
100
AcDbEntity
  8
ENGRAVE_POLARS
100
AcDbLine
 10
-28.04396547320536
 20
-11.389765732798677
 30
0.0
 11
-27.9160089491945
 21
-11.843626010801096
 31
0.0
  0
LINE
  5
789
330
17
100
AcDbEntity
  8
ENGRAVE_POLARS
100
AcDbLine
 10
-27.9160089491945
 20
-11.843626010801096
 30
0.0
 11
-27.77600510547562
 21
-12.24789770928444
 31
0.0
  0
LINE
  5
78A
330
17
100
AcDbEntity
  8
ENGRAVE_POLARS
100
AcDbLine
 10
-27.77600510547562
 20
-12.24789770928444
 30
0.0
 11
-27.621652333297703
 21
-12.613273266294838
 31
0.0
  0
LINE
  5
78B
330
17
100
AcDbEntity
  8
ENGRAVE_POLARS
100
AcDbLine
 10
-27.621652333297703
 20
-12.613273266294838
 30
0.0
 11
-27.450649023909698
 21
-12.950445119878419
 31
0.0
  0
LINE
  5
78C
330
17
100
AcDbEntity
  8
ENGRAVE_POLARS
100
AcDbLine
 10
-27.450649023909698
 20
-12.950445119878419
 30
0.0
 11
-27.260693568560562
 21
-13.27010570808131
 31
0.0
  0
LINE
  5
78D
330
17
100
AcDbEntity
  8
ENGRAVE_POLARS
100
AcDbLine
 10
-27.260693568560562
 20
-13.27010570808131
 30
0.0
 11
-27.049484358499257
 21
-13.582947468949646
 31
0.0
  0
LINE
  5
78E
330
17
100
AcDbEntity
  8
ENGRAVE_POLARS
100
AcDbLine
 10
-27.049484358499257
 20
-13.582947468949646
 30
0.0
 11
-26.814719784974756
 21
-13.899662840529555
 31
0.0
  0
LINE
  5
78F
330
17
100
AcDbEntity
  8
ENGRAVE_POLARS
100
AcDbLine
 10
-26.814719784974756
 20
-13.899662840529555
 30
0.0
 11
-26.554098239236005
 21
-14.230944260867163
 31
0.0
  0
LINE
  5
790
330
17
100
AcDbEntity
  8
ENGRAVE_POLARS
100
AcDbLine
 10
-26.554098239236005
 20
-14.230944260867163
 30
0.0
 11
-26.265318112531958
 21
-14.5874841680086
 31
0.0
  0
LINE
  5
791
330
17
100
AcDbEntity
  8
ENGRAVE_POLARS
100
AcDbLine
 10
-26.265318112531958
 20
-14.5874841680086
 30
0.0
 11
-25.946077796111595
 21
-14.979975
 31
0.0
  0
LINE
  5
792
330
17
100
AcDbEntity
  8
ENGRAVE_POLARS
100
AcDbLine
 10
-25.946077796111595
 20
-14.979975
 30
0.0
 11
-25.5932942366639
 21
-15.408025183729348
 31
0.0
  0
LINE
  5
793
330
17
100
AcDbEntity
  8
ENGRAVE_POLARS
100
AcDbLine
 10
-25.5932942366639
 20
-15.408025183729348
 30
0.0
 11
-25.207516337083018
 21
-15.859721058438684
 31
0.0
  0
LINE
  5
794
330
17
100
AcDbEntity
  8
ENGRAVE_POLARS
100
AcDbLine
 10
-25.207516337083018
 20
-15.859721058438684
 30
0.0
 11
-24.7918904229256
 21
-16.3284719307052
 31
0.0
  0
LINE
  5
795
330
17
100
AcDbEntity
  8
ENGRAVE_POLARS
100
AcDbLine
 10
-24.7918904229256
 20
-16.3284719307052
 30
0.0
 11
-24.349562819748318
 21
-16.807687107106087
 31
0.0
  0
LINE
  5
796
330
17
100
AcDbEntity
  8
ENGRAVE_POLARS
100
AcDbLine
 10
-24.349562819748318
 20
-16.807687107106087
 30
0.0
 11
-23.88367985310783
 21
-17.29077589421855
 31
0.0
  0
LINE
  5
797
330
17
100
AcDbEntity
  8
ENGRAVE_POLARS
100
AcDbLine
 10
-23.88367985310783
 20
-17.29077589421855
 30
0.0
 11
-23.397387848560793
 21
-17.77114759861978
 31
0.0
  0
LINE
  5
798
330
17
100
AcDbEntity
  8
ENGRAVE_POLARS
100
AcDbLine
 10
-23.397387848560793
 20
-17.77114759861978
 30
0.0
 11
-22.89383313166387
 21
-18.24221152688697
 31
0.0
  0
LINE
  5
799
330
17
100
AcDbEntity
  8
ENGRAVE_POLARS
100
AcDbLine
 10
-22.89383313166387
 20
-18.24221152688697
 30
0.0
 11
-22.37616202797373
 21
-18.69737698559732
 31
0.0
  0
LINE
  5
79A
330
17
100
AcDbEntity
  8
ENGRAVE_POLARS
100
AcDbLine
 10
-22.37616202797373
 20
-18.69737698559732
 30
0.0
 11
-21.847520863047034
 21
-19.130053281328024
 31
0.0
  0
LINE
  5
79B
330
17
100
AcDbEntity
  8
ENGRAVE_POLARS
100
AcDbLine
 10
-21.847520863047034
 20
-19.130053281328024
 30
0.0
 11
-21.311055962440438
 21
-19.533649720656275
 31
0.0
  0
LINE
  5
79C
330
17
100
AcDbEntity
  8
ENGRAVE_POLARS
100
AcDbLine
 10
-21.311055962440438
 20
-19.533649720656275
 30
0.0
 11
-20.769913651710603
 21
-19.901575610159263
 31
0.0
  0
LINE
  5
79D
330
17
100
AcDbEntity
  8
ENGRAVE_POLARS
100
AcDbLine
 10
-20.769913651710603
 20
-19.901575610159263
 30
0.0
 11
-20.2272402564142
 21
-20.2272402564142
 31
0.0
  0
LINE
  5
79E
330
17
100
AcDbEntity
  8
ENGRAVE_POLARS
100
AcDbLine
 10
-20.2272402564142
 20
-20.2272402564142
 30
0.0
 11
-19.651394133772463
 21
-20.514416578457496
 31
0.0
  0
LINE
  5
79F
330
17
100
AcDbEntity
  8
ENGRAVE_POLARS
100
AcDbLine
 10
-19.651394133772463
 20
-20.514416578457496
 30
0.0
 11
-19.01880733777347
 21
-20.772695372137207
 31
0.0
  0
LINE
  5
7A0
330
17
100
AcDbEntity
  8
ENGRAVE_POLARS
100
AcDbLine
 10
-19.01880733777347
 20
-20.772695372137207
 30
0.0
 11
-18.344736739124116
 21
-21.004212759247988
 31
0.0
  0
LINE
  5
7A1
330
17
100
AcDbEntity
  8
ENGRAVE_POLARS
100
AcDbLine
 10
-18.344736739124116
 20
-21.004212759247988
 30
0.0
 11
-17.6444392085313
 21
-21.211104861584474
 31
0.0
  0
LINE
  5
7A2
330
17
100
AcDbEntity
  8
ENGRAVE_POLARS
100
AcDbLine
 10
-17.6444392085313
 20
-21.211104861584474
 30
0.0
 11
-16.93317161670193
 21
-21.395507800941314
 31
0.0
  0
LINE
  5
7A3
330
17
100
AcDbEntity
  8
ENGRAVE_POLARS
100
AcDbLine
 10
-16.93317161670193
 20
-21.395507800941314
 30
0.0
 11
-16.2261908343429
 21
-21.559557699113153
 31
0.0
  0
LINE
  5
7A4
330
17
100
AcDbEntity
  8
ENGRAVE_POLARS
100
AcDbLine
 10
-16.2261908343429
 20
-21.559557699113153
 30
0.0
 11
-15.538753732161105
 21
-21.70539067789463
 31
0.0
  0
LINE
  5
7A5
330
17
100
AcDbEntity
  8
ENGRAVE_POLARS
100
AcDbLine
 10
-15.538753732161105
 20
-21.70539067789463
 30
0.0
 11
-14.886117180863453
 21
-21.8351428590804
 31
0.0
  0
LINE
  5
7A6
330
17
100
AcDbEntity
  8
ENGRAVE_POLARS
100
AcDbLine
 10
-14.886117180863453
 20
-21.8351428590804
 30
0.0
 11
-14.283538051156844
 21
-21.950950364465093
 31
0.0
  0
LINE
  5
7A7
330
17
100
AcDbEntity
  8
ENGRAVE_POLARS
100
AcDbLine
 10
-14.283538051156844
 20
-21.950950364465093
 30
0.0
 11
-13.746273213748172
 21
-22.054949315843366
 31
0.0
  0
LINE
  5
7A8
330
17
100
AcDbEntity
  8
ENGRAVE_POLARS
100
AcDbLine
 10
-13.746273213748172
 20
-22.054949315843366
 30
0.0
 11
-13.28957953934434
 21
-22.149275835009856
 31
0.0
  0
LINE
  5
7A9
330
17
100
AcDbEntity
  8
ENGRAVE_POLARS
100
AcDbLine
 10
-13.28957953934434
 20
-22.149275835009856
 30
0.0
 11
-12.928713898652244
 21
-22.23606604375921
 31
0.0
  0
LINE
  5
7AA
330
17
100
AcDbEntity
  8
ENGRAVE_POLARS
100
AcDbLine
 10
-12.928713898652244
 20
-22.23606604375921
 30
0.0
 11
-12.690914032928266
 21
-22.308242434520455
 31
0.0
  0
LINE
  5
7AB
330
17
100
AcDbEntity
  8
ENGRAVE_POLARS
100
AcDbLine
 10
-12.690914032928266
 20
-22.308242434520455
 30
0.0
 11
-12.576869191291658
 21
-22.35897082415428
 31
0.0
  0
LINE
  5
7AC
330
17
100
AcDbEntity
  8
ENGRAVE_POLARS
100
AcDbLine
 10
-12.576869191291658
 20
-22.35897082415428
 30
0.0
 11
-12.562013506243646
 21
-22.390752321102795
 31
0.0
  0
LINE
  5
7AD
330
17
100
AcDbEntity
  8
ENGRAVE_POLARS
100
AcDbLine
 10
-12.562013506243646
 20
-22.390752321102795
 30
0.0
 11
-12.621781110285454
 21
-22.40608803380812
 31
0.0
  0
LINE
  5
7AE
330
17
100
AcDbEntity
  8
ENGRAVE_POLARS
100
AcDbLine
 10
-12.621781110285454
 20
-22.40608803380812
 30
0.0
 11
-12.731606135918298
 21
-22.407479070712387
 31
0.0
  0
LINE
  5
7AF
330
17
100
AcDbEntity
  8
ENGRAVE_POLARS
100
AcDbLine
 10
-12.731606135918298
 20
-22.407479070712387
 30
0.0
 11
-12.866922715643407
 21
-22.39742654025769
 31
0.0
  0
LINE
  5
7B0
330
17
100
AcDbEntity
  8
ENGRAVE_POLARS
100
AcDbLine
 10
-12.866922715643407
 20
-22.39742654025769
 30
0.0
 11
-13.003164981961996
 21
-22.378431550886166
 31
0.0
  0
LINE
  5
7B1
330
17
100
AcDbEntity
  8
ENGRAVE_POLARS
100
AcDbLine
 10
-13.003164981961996
 20
-22.378431550886166
 30
0.0
 11
-13.115767067375296
 21
-22.352995211039925
 31
0.0
  0
LINE
  5
7B2
330
17
100
AcDbEntity
  8
ENGRAVE_POLARS
100
AcDbLine
 10
-13.115767067375296
 20
-22.352995211039925
 30
0.0
 11
-13.180163104384524
 21
-22.323618629161093
 31
0.0
  0
LINE
  5
7B3
330
17
100
AcDbEntity
  8
ENGRAVE_POLARS
100
AcDbLine
 10
-13.180163104384524
 20
-22.323618629161093
 30
0.0
 11
-13.171787225490903
 21
-22.29280291369178
 31
0.0
  0
LINE
  5
7B4
330
17
100
AcDbEntity
  8
ENGRAVE_POLARS
100
AcDbLine
 10
-13.171787225490903
 20
-22.29280291369178
 30
0.0
 11
-13.066073563195653
 21
-22.26304917307411
 31
0.0
  0
LINE
  5
7B5
330
17
100
AcDbEntity
  8
ENGRAVE_POLARS
100
AcDbLine
 10
-13.066073563195653
 20
-22.26304917307411
 30
0.0
 11
-12.838456250000002
 21
-22.236858515750196
 31
0.0
  0
LINE
  5
7B6
330
17
100
AcDbEntity
  8
ENGRAVE_POLARS
100
AcDbLine
 10
-12.838456250000002
 20
-22.236858515750196
 30
0.0
 11
-12.491600733305154
 21
-22.21033590878588
 31
0.0
  0
LINE
  5
7B7
330
17
100
AcDbEntity
  8
ENGRAVE_POLARS
100
AcDbLine
 10
-12.491600733305154
 20
-22.21033590878588
 30
0.0
 11
-12.054002335092363
 21
-22.178274212922567
 31
0.0
  0
LINE
  5
7B8
330
17
100
AcDbEntity
  8
ENGRAVE_POLARS
100
AcDbLine
 10
-12.054002335092363
 20
-22.178274212922567
 30
0.0
 11
-11.539839999732923
 21
-22.14120637711572
 31
0.0
  0
LINE
  5
7B9
330
17
100
AcDbEntity
  8
ENGRAVE_POLARS
100
AcDbLine
 10
-11.539839999732923
 20
-22.14120637711572
 30
0.0
 11
-10.963292671598118
 21
-22.099665350320812
 31
0.0
  0
LINE
  5
7BA
330
17
100
AcDbEntity
  8
ENGRAVE_POLARS
100
AcDbLine
 10
-10.963292671598118
 20
-22.099665350320812
 30
0.0
 11
-10.338539295059245
 21
-22.05418408149331
 31
0.0
  0
LINE
  5
7BB
330
17
100
AcDbEntity
  8
ENGRAVE_POLARS
100
AcDbLine
 10
-10.338539295059245
 20
-22.05418408149331
 30
0.0
 11
-9.679758814487592
 21
-22.005295519588678
 31
0.0
  0
LINE
  5
7BC
330
17
100
AcDbEntity
  8
ENGRAVE_POLARS
100
AcDbLine
 10
-9.679758814487592
 20
-22.005295519588678
 30
0.0
 11
-9.001130174254445
 21
-21.953532613562377
 31
0.0
  0
LINE
  5
7BD
330
17
100
AcDbEntity
  8
ENGRAVE_POLARS
100
AcDbLine
 10
-9.001130174254445
 20
-21.953532613562377
 30
0.0
 11
-8.3168323187311
 21
-21.899428312369892
 31
0.0
  0
LINE
  5
7BE
330
17
100
AcDbEntity
  8
ENGRAVE_POLARS
100
AcDbLine
 10
-8.3168323187311
 20
-21.899428312369892
 30
0.0
 11
-7.641044192288846
 21
-21.84351556496668
 31
0.0
  0
LINE
  5
7BF
330
17
100
AcDbEntity
  8
ENGRAVE_POLARS
100
AcDbLine
 10
-7.641044192288846
 20
-21.84351556496668
 30
0.0
 11
-6.987944739298971
 21
-21.78632732030821
 31
0.0
  0
LINE
  5
7C0
330
17
100
AcDbEntity
  8
ENGRAVE_POLARS
100
AcDbLine
 10
-6.987944739298971
 20
-21.78632732030821
 30
0.0
 11
-6.371712904132766
 21
-21.728396527349943
 31
0.0
  0
LINE
  5
7C1
330
17
100
AcDbEntity
  8
ENGRAVE_POLARS
100
AcDbLine
 10
-6.371712904132766
 20
-21.728396527349943
 30
0.0
 11
-5.806527631161522
 21
-21.67025613504736
 31
0.0
  0
LINE
  5
7C2
330
17
100
AcDbEntity
  8
ENGRAVE_POLARS
100
AcDbLine
 10
-5.806527631161522
 20
-21.67025613504736
 30
0.0
 11
-5.261265686362273
 21
-21.607823205329918
 31
0.0
  0
LINE
  5
7C3
330
17
100
AcDbEntity
  8
ENGRAVE_POLARS
100
AcDbLine
 10
-5.261265686362273
 20
-21.607823205329918
 30
0.0
 11
-4.700653436042631
 21
-21.537918106019504
 31
0.0
  0
LINE
  5
7C4
330
17
100
AcDbEntity
  8
ENGRAVE_POLARS
100
AcDbLine
 10
-4.700653436042631
 20
-21.537918106019504
 30
0.0
 11
-4.1326442250697575
 21
-21.462428744910195
 31
0.0
  0
LINE
  5
7C5
330
17
100
AcDbEntity
  8
ENGRAVE_POLARS
100
AcDbLine
 10
-4.1326442250697575
 20
-21.462428744910195
 30
0.0
 11
-3.565191398310813
 21
-21.383243029796084
 31
0.0
  0
LINE
  5
7C6
330
17
100
AcDbEntity
  8
ENGRAVE_POLARS
100
AcDbLine
 10
-3.565191398310813
 20
-21.383243029796084
 30
0.0
 11
-3.0062483006329597
 21
-21.30224886847124
 31
0.0
  0
LINE
  5
7C7
330
17
100
AcDbEntity
  8
ENGRAVE_POLARS
100
AcDbLine
 10
-3.0062483006329597
 20
-21.30224886847124
 30
0.0
 11
-2.463768276903357
 21
-21.221334168729754
 31
0.0
  0
LINE
  5
7C8
330
17
100
AcDbEntity
  8
ENGRAVE_POLARS
100
AcDbLine
 10
-2.463768276903357
 20
-21.221334168729754
 30
0.0
 11
-1.9457046719891644
 21
-21.142386838365706
 31
0.0
  0
LINE
  5
7C9
330
17
100
AcDbEntity
  8
ENGRAVE_POLARS
100
AcDbLine
 10
-1.9457046719891644
 20
-21.142386838365706
 30
0.0
 11
-1.4600108307575441
 21
-21.06729478517319
 31
0.0
  0
LINE
  5
7CA
330
17
100
AcDbEntity
  8
ENGRAVE_POLARS
100
AcDbLine
 10
-1.4600108307575441
 20
-21.06729478517319
 30
0.0
 11
-1.0146400980756585
 21
-20.99794591694627
 31
0.0
  0
LINE
  5
7CB
330
17
100
AcDbEntity
  8
ENGRAVE_POLARS
100
AcDbLine
 10
-1.0146400980756585
 20
-20.99794591694627
 30
0.0
 11
-0.6175458188106648
 21
-20.93622814147905
 31
0.0
  0
LINE
  5
7CC
330
17
100
AcDbEntity
  8
ENGRAVE_POLARS
100
AcDbLine
 10
-0.6175458188106648
 20
-20.93622814147905
 30
0.0
 11
-0.2766813378297252
 21
-20.884029366565592
 31
0.0
  0
LINE
  5
7CD
330
17
100
AcDbEntity
  8
ENGRAVE_POLARS
100
AcDbLine
 10
-0.2766813378297252
 20
-20.884029366565592
 30
0.0
 11
-1.2762802044121541e-15
 21
-20.8432375
 31
0.0
  0
TEXT
  5
7CE
330
17
100
AcDbEntity
  8
ENGRAVE_TEXT
100
AcDbText
 10
16.439683156736248
 20
19.20440484972725
 30
0.0
 40
3.6
  1
10
 72
1
 11
16.439683156736248
 21
19.20440484972725
 31
0.0
100
AcDbText
 73
2
  0
TEXT
  5
7CF
330
17
100
AcDbEntity
  8
ENGRAVE_TEXT
100
AcDbText
 10
-16.439683156736248
 20
19.20440484972725
 30
0.0
 40
3.6
  1
10
 72
1
 11
-16.439683156736248
 21
19.20440484972725
 31
0.0
100
AcDbText
 73
2
  0
CIRCLE
  5
7D0
330
17
100
AcDbEntity
  8
ENGRAVE_VMG
100
AcDbCircle
 10
15.239683156736248
 20
18.804404849727252
 30
0.0
 40
0.65
  0
CIRCLE
  5
7D1
330
17
100
AcDbEntity
  8
ENGRAVE_VMG
100
AcDbCircle
 10
-15.239683156736248
 20
18.804404849727252
 30
0.0
 40
0.65
  0
CIRCLE
  5
7D2
330
17
100
AcDbEntity
  8
ENGRAVE_VMG
100
AcDbCircle
 10
12.838456250000002
 20
-22.236858515750196
 30
0.0
 40
0.65
  0
CIRCLE
  5
7D3
330
17
100
AcDbEntity
  8
ENGRAVE_VMG
100
AcDbCircle
 10
-12.838456250000002
 20
-22.236858515750196
 30
0.0
 40
0.65
  0
LINE
  5
7D4
330
17
100
AcDbEntity
  8
ENGRAVE_POLARS
100
AcDbLine
 10
12.877464668284079
 20
16.34384367309288
 30
0.0
 11
13.153022006062832
 21
16.24904187762546
 31
0.0
  0
LINE
  5
7D5
330
17
100
AcDbEntity
  8
ENGRAVE_POLARS
100
AcDbLine
 10
13.153022006062832
 20
16.24904187762546
 30
0.0
 11
13.511417334297121
 21
16.13198322291743
 31
0.0
  0
LINE
  5
7D6
330
17
100
AcDbEntity
  8
ENGRAVE_POLARS
100
AcDbLine
 10
13.511417334297121
 20
16.13198322291743
 30
0.0
 11
13.937770109580402
 21
15.995490414040303
 31
0.0
  0
LINE
  5
7D7
330
17
100
AcDbEntity
  8
ENGRAVE_POLARS
100
AcDbLine
 10
13.937770109580402
 20
15.995490414040303
 30
0.0
 11
14.417199788506133
 21
15.842386156065567
 31
0.0
  0
LINE
  5
7D8
330
17
100
AcDbEntity
  8
ENGRAVE_POLARS
100
AcDbLine
 10
14.417199788506133
 20
15.842386156065567
 30
0.0
 11
14.93482582766778
 21
15.675493154064734
 31
0.0
  0
LINE
  5
7D9
330
17
100
AcDbEntity
  8
ENGRAVE_POLARS
100
AcDbLine
 10
14.93482582766778
 20
15.675493154064734
 30
0.0
 11
15.475767683658798
 21
15.497634113109294
 31
0.0
  0
LINE
  5
7DA
330
17
100
AcDbEntity
  8
ENGRAVE_POLARS
100
AcDbLine
 10
15.475767683658798
 20
15.497634113109294
 30
0.0
 11
16.025144813072647
 21
15.311631738270753
 31
0.0
  0
LINE
  5
7DB
330
17
100
AcDbEntity
  8
ENGRAVE_POLARS
100
AcDbLine
 10
16.025144813072647
 20
15.311631738270753
 30
0.0
 11
16.56807667250279
 21
15.120308734620604
 31
0.0
  0
LINE
  5
7DC
330
17
100
AcDbEntity
  8
ENGRAVE_POLARS
100
AcDbLine
 10
16.56807667250279
 20
15.120308734620604
 30
0.0
 11
17.089682718542683
 21
14.926487807230352
 31
0.0
  0
LINE
  5
7DD
330
17
100
AcDbEntity
  8
ENGRAVE_POLARS
100
AcDbLine
 10
17.089682718542683
 20
14.926487807230352
 30
0.0
 11
17.575082407785786
 21
14.732991661171493
 31
0.0
  0
LINE
  5
7DE
330
17
100
AcDbEntity
  8
ENGRAVE_POLARS
100
AcDbLine
 10
17.575082407785786
 20
14.732991661171493
 30
0.0
 11
18.00939519682556
 21
14.54264300151553
 31
0.0
  0
LINE
  5
7DF
330
17
100
AcDbEntity
  8
ENGRAVE_POLARS
100
AcDbLine
 10
18.00939519682556
 20
14.54264300151553
 30
0.0
 11
18.377740542255466
 21
14.358264533333964
 31
0.0
  0
LINE
  5
7E0
330
17
100
AcDbEntity
  8
ENGRAVE_POLARS
100
AcDbLine
 10
18.377740542255466
 20
14.358264533333964
 30
0.0
 11
18.68829019847909
 21
14.179483613974478
 31
0.0
  0
LINE
  5
7E1
330
17
100
AcDbEntity
  8
ENGRAVE_POLARS
100
AcDbLine
 10
18.68829019847909
 20
14.179483613974478
 30
0.0
 11
18.96247769292403
 21
14.002983792580334
 31
0.0
  0
LINE
  5
7E2
330
17
100
AcDbEntity
  8
ENGRAVE_POLARS
100
AcDbLine
 10
18.96247769292403
 20
14.002983792580334
 30
0.0
 11
19.205315141719765
 21
13.827172061916382
 31
0.0
  0
LINE
  5
7E3
330
17
100
AcDbEntity
  8
ENGRAVE_POLARS
100
AcDbLine
 10
19.205315141719765
 20
13.827172061916382
 30
0.0
 11
19.42181466099577
 21
13.650455414747476
 31
0.0
  0
LINE
  5
7E4
330
17
100
AcDbEntity
  8
ENGRAVE_POLARS
100
AcDbLine
 10
19.42181466099577
 20
13.650455414747476
 30
0.0
 11
19.616988366881532
 21
13.47124084383846
 31
0.0
  0
LINE
  5
7E5
330
17
100
AcDbEntity
  8
ENGRAVE_POLARS
100
AcDbLine
 10
19.616988366881532
 20
13.47124084383846
 30
0.0
 11
19.79584837550652
 21
13.287935341954194
 31
0.0
  0
LINE
  5
7E6
330
17
100
AcDbEntity
  8
ENGRAVE_POLARS
100
AcDbLine
 10
19.79584837550652
 20
13.287935341954194
 30
0.0
 11
19.963406803000215
 21
13.098945901859526
 31
0.0
  0
LINE
  5
7E7
330
17
100
AcDbEntity
  8
ENGRAVE_POLARS
100
AcDbLine
 10
19.963406803000215
 20
13.098945901859526
 30
0.0
 11
20.124675765492093
 21
12.90267951631931
 31
0.0
  0
LINE
  5
7E8
330
17
100
AcDbEntity
  8
ENGRAVE_POLARS
100
AcDbLine
 10
20.124675765492093
 20
12.90267951631931
 30
0.0
 11
20.284667379111646
 21
12.697543178098398
 31
0.0
  0
LINE
  5
7E9
330
17
100
AcDbEntity
  8
ENGRAVE_POLARS
100
AcDbLine
 10
20.284667379111646
 20
12.697543178098398
 30
0.0
 11
20.44839375998833
 21
12.48194387996164
 31
0.0
  0
LINE
  5
7EA
330
17
100
AcDbEntity
  8
ENGRAVE_POLARS
100
AcDbLine
 10
20.44839375998833
 20
12.48194387996164
 30
0.0
 11
20.62086702425164
 21
12.254288614673888
 31
0.0
  0
LINE
  5
7EB
330
17
100
AcDbEntity
  8
ENGRAVE_POLARS
100
AcDbLine
 10
20.62086702425164
 20
12.254288614673888
 30
0.0
 11
20.807099288031054
 21
12.012984374999997
 31
0.0
  0
LINE
  5
7EC
330
17
100
AcDbEntity
  8
ENGRAVE_POLARS
100
AcDbLine
 10
20.807099288031054
 20
12.012984374999997
 30
0.0
 11
21.005277649170996
 21
11.750662454881876
 31
0.0
  0
LINE
  5
7ED
330
17
100
AcDbEntity
  8
ENGRAVE_POLARS
100
AcDbLine
 10
21.005277649170996
 20
11.750662454881876
 30
0.0
 11
21.208780679613053
 21
11.46437150381182
 31
0.0
  0
LINE
  5
7EE
330
17
100
AcDbEntity
  8
ENGRAVE_POLARS
100
AcDbLine
 10
21.208780679613053
 20
11.46437150381182
 30
0.0
 11
21.415407706632404
 21
11.159144547880238
 31
0.0
  0
LINE
  5
7EF
330
17
100
AcDbEntity
  8
ENGRAVE_POLARS
100
AcDbLine
 10
21.415407706632404
 20
11.159144547880238
 30
0.0
 11
21.62295805750423
 21
10.840014613177546
 31
0.0
  0
LINE
  5
7F0
330
17
100
AcDbEntity
  8
ENGRAVE_POLARS
100
AcDbLine
 10
21.62295805750423
 20
10.840014613177546
 30
0.0
 11
21.829231059503726
 21
10.512014725794158
 31
0.0
  0
LINE
  5
7F1
330
17
100
AcDbEntity
  8
ENGRAVE_POLARS
100
AcDbLine
 10
21.829231059503726
 20
10.512014725794158
 30
0.0
 11
22.032026039906068
 21
10.180177911820486
 31
0.0
  0
LINE
  5
7F2
330
17
100
AcDbEntity
  8
ENGRAVE_POLARS
100
AcDbLine
 10
22.032026039906068
 20
10.180177911820486
 30
0.0
 11
22.229142325986444
 21
9.849537197346942
 31
0.0
  0
LINE
  5
7F3
330
17
100
AcDbEntity
  8
ENGRAVE_POLARS
100
AcDbLine
 10
22.229142325986444
 20
9.849537197346942
 30
0.0
 11
22.418379245020038
 21
9.525125608463942
 31
0.0
  0
LINE
  5
7F4
330
17
100
AcDbEntity
  8
ENGRAVE_POLARS
100
AcDbLine
 10
22.418379245020038
 20
9.525125608463942
 30
0.0
 11
22.59753612428204
 21
9.211976171261902
 31
0.0
  0
LINE
  5
7F5
330
17
100
AcDbEntity
  8
ENGRAVE_POLARS
100
AcDbLine
 10
22.59753612428204
 20
9.211976171261902
 30
0.0
 11
22.76441229104763
 21
8.915121911831228
 31
0.0
  0
LINE
  5
7F6
330
17
100
AcDbEntity
  8
ENGRAVE_POLARS
100
AcDbLine
 10
22.76441229104763
 20
8.915121911831228
 30
0.0
 11
22.91680707259199
 21
8.639595856262343
 31
0.0
  0
LINE
  5
7F7
330
17
100
AcDbEntity
  8
ENGRAVE_POLARS
100
AcDbLine
 10
22.91680707259199
 20
8.639595856262343
 30
0.0
 11
23.052519796190307
 21
8.390431030645653
 31
0.0
  0
LINE
  5
7F8
330
17
100
AcDbEntity
  8
ENGRAVE_POLARS
100
AcDbLine
 10
23.052519796190307
 20
8.390431030645653
 30
0.0
 11
23.17028396894706
 21
8.167196274358508
 31
0.0
  0
LINE
  5
7F9
330
17
100
AcDbEntity
  8
ENGRAVE_POLARS
100
AcDbLine
 10
23.17028396894706
 20
8.167196274358508
 30
0.0
 11
23.271694374719424
 21
7.96412663854241
 31
0.0
  0
LINE
  5
7FA
330
17
100
AcDbEntity
  8
ENGRAVE_POLARS
100
AcDbLine
 10
23.271694374719424
 20
7.96412663854241
 30
0.0
 11
23.358842255911675
 21
7.778254466933992
 31
0.0
  0
LINE
  5
7FB
330
17
100
AcDbEntity
  8
ENGRAVE_POLARS
100
AcDbLine
 10
23.358842255911675
 20
7.778254466933992
 30
0.0
 11
23.433818854928074
 21
7.606612103269895
 31
0.0
  0
LINE
  5
7FC
330
17
100
AcDbEntity
  8
ENGRAVE_POLARS
100
AcDbLine
 10
23.433818854928074
 20
7.606612103269895
 30
0.0
 11
23.498715414172878
 21
7.446231891286756
 31
0.0
  0
LINE
  5
7FD
330
17
100
AcDbEntity
  8
ENGRAVE_POLARS
100
AcDbLine
 10
23.498715414172878
 20
7.446231891286756
 30
0.0
 11
23.55562317605034
 21
7.2941461747212095
 31
0.0
  0
LINE
  5
7FE
330
17
100
AcDbEntity
  8
ENGRAVE_POLARS
100
AcDbLine
 10
23.55562317605034
 20
7.2941461747212095
 30
0.0
 11
23.606633382964727
 21
7.147387297309894
 31
0.0
  0
LINE
  5
7FF
330
17
100
AcDbEntity
  8
ENGRAVE_POLARS
100
AcDbLine
 10
23.606633382964727
 20
7.147387297309894
 30
0.0
 11
23.6538372773203
 21
7.0029876027894495
 31
0.0
  0
LINE
  5
800
330
17
100
AcDbEntity
  8
ENGRAVE_POLARS
100
AcDbLine
 10
23.6538372773203
 20
7.0029876027894495
 30
0.0
 11
23.69932610152132
 21
6.857979434896514
 31
0.0
  0
LINE
  5
801
330
17
100
AcDbEntity
  8
ENGRAVE_POLARS
100
AcDbLine
 10
23.69932610152132
 20
6.857979434896514
 30
0.0
 11
23.745191097972047
 21
6.7093951373677205
 31
0.0
  0
LINE
  5
802
330
17
100
AcDbEntity
  8
ENGRAVE_POLARS
100
AcDbLine
 10
23.745191097972047
 20
6.7093951373677205
 30
0.0
 11
23.793523509076742
 21
6.554267053939709
 31
0.0
  0
LINE
  5
803
330
17
100
AcDbEntity
  8
ENGRAVE_POLARS
100
AcDbLine
 10
23.793523509076742
 20
6.554267053939709
 30
0.0
 11
23.84641457723966
 21
6.389627528349119
 31
0.0
  0
LINE
  5
804
330
17
100
AcDbEntity
  8
ENGRAVE_POLARS
100
AcDbLine
 10
23.84641457723966
 20
6.389627528349119
 30
0.0
 11
23.901237002436975
 21
6.2257029351182585
 31
0.0
  0
LINE
  5
805
330
17
100
AcDbEntity
  8
ENGRAVE_POLARS
100
AcDbLine
 10
23.901237002436975
 20
6.2257029351182585
 30
0.0
 11
23.954037511121594
 21
6.07223841032136
 31
0.0
  0
LINE
  5
806
330
17
100
AcDbEntity
  8
ENGRAVE_POLARS
100
AcDbLine
 10
23.954037511121594
 20
6.07223841032136
 30
0.0
 11
24.004918385412907
 21
5.925544440022938
 31
0.0
  0
LINE
  5
807
330
17
100
AcDbEntity
  8
ENGRAVE_POLARS
100
AcDbLine
 10
24.004918385412907
 20
5.925544440022938
 30
0.0
 11
24.053981907430284
 21
5.781931510287506
 31
0.0
  0
LINE
  5
808
330
17
100
AcDbEntity
  8
ENGRAVE_POLARS
100
AcDbLine
 10
24.053981907430284
 20
5.781931510287506
 30
0.0
 11
24.101330359293108
 21
5.637710107179582
 31
0.0
  0
LINE
  5
809
330
17
100
AcDbEntity
  8
ENGRAVE_POLARS
100
AcDbLine
 10
24.101330359293108
 20
5.637710107179582
 30
0.0
 11
24.147066023120757
 21
5.48919071676368
 31
0.0
  0
LINE
  5
80A
330
17
100
AcDbEntity
  8
ENGRAVE_POLARS
100
AcDbLine
 10
24.147066023120757
 20
5.48919071676368
 30
0.0
 11
24.191291181032607
 21
5.332683825104317
 31
0.0
  0
LINE
  5
80B
330
17
100
AcDbEntity
  8
ENGRAVE_POLARS
100
AcDbLine
 10
24.191291181032607
 20
5.332683825104317
 30
0.0
 11
24.234108115148043
 21
5.164499918266006
 31
0.0
  0
LINE
  5
80C
330
17
100
AcDbEntity
  8
ENGRAVE_POLARS
100
AcDbLine
 10
24.234108115148043
 20
5.164499918266006
 30
0.0
 11
24.275619107586444
 21
4.980949482313265
 31
0.0
  0
LINE
  5
80D
330
17
100
AcDbEntity
  8
ENGRAVE_POLARS
100
AcDbLine
 10
24.275619107586444
 20
4.980949482313265
 30
0.0
 11
24.31592644046718
 21
4.778343003310607
 31
0.0
  0
LINE
  5
80E
330
17
100
AcDbEntity
  8
ENGRAVE_POLARS
100
AcDbLine
 10
24.31592644046718
 20
4.778343003310607
 30
0.0
 11
24.35513239590964
 21
4.552990967322549
 31
0.0
  0
LINE
  5
80F
330
17
100
AcDbEntity
  8
ENGRAVE_POLARS
100
AcDbLine
 10
24.35513239590964
 20
4.552990967322549
 30
0.0
 11
24.3933392560332
 21
4.301203860413607
 31
0.0
  0
LINE
  5
810
330
17
100
AcDbEntity
  8
ENGRAVE_POLARS
100
AcDbLine
 10
24.3933392560332
 20
4.301203860413607
 30
0.0
 11
24.431322303224185
 21
4.035099911635026
 31
0.0
  0
LINE
  5
811
330
17
100
AcDbEntity
  8
ENGRAVE_POLARS
100
AcDbLine
 10
24.431322303224185
 20
4.035099911635026
 30
0.0
 11
24.469463318507295
 21
3.766415645585401
 31
0.0
  0
LINE
  5
812
330
17
100
AcDbEntity
  8
ENGRAVE_POLARS
100
AcDbLine
 10
24.469463318507295
 20
3.766415645585401
 30
0.0
 11
24.507274331959472
 21
3.49088899165027
 31
0.0
  0
LINE
  5
813
330
17
100
AcDbEntity
  8
ENGRAVE_POLARS
100
AcDbLine
 10
24.507274331959472
 20
3.49088899165027
 30
0.0
 11
24.54426737365766
 21
3.204257879215169
 31
0.0
  0
LINE
  5
814
330
17
100
AcDbEntity
  8
ENGRAVE_POLARS
100
AcDbLine
 10
24.54426737365766
 20
3.204257879215169
 30
0.0
 11
24.579954473678825
 21
2.902260237665638
 31
0.0
  0
LINE
  5
815
330
17
100
AcDbEntity
  8
ENGRAVE_POLARS
100
AcDbLine
 10
24.579954473678825
 20
2.902260237665638
 30
0.0
 11
24.61384766209989
 21
2.5806339963872134
 31
0.0
  0
LINE
  5
816
330
17
100
AcDbEntity
  8
ENGRAVE_POLARS
100
AcDbLine
 10
24.61384766209989
 20
2.5806339963872134
 30
0.0
 11
24.645458968997808
 21
2.2351170847654314
 31
0.0
  0
LINE
  5
817
330
17
100
AcDbEntity
  8
ENGRAVE_POLARS
100
AcDbLine
 10
24.645458968997808
 20
2.2351170847654314
 30
0.0
 11
24.67430042444953
 21
1.8614474321858316
 31
0.0
  0
LINE
  5
818
330
17
100
AcDbEntity
  8
ENGRAVE_POLARS
100
AcDbLine
 10
24.67430042444953
 20
1.8614474321858316
 30
0.0
 11
24.699884058532
 21
1.4553629680339517
 31
0.0
  0
LINE
  5
819
330
17
100
AcDbEntity
  8
ENGRAVE_POLARS
100
AcDbLine
 10
24.699884058532
 20
1.4553629680339517
 30
0.0
 11
24.721721901322155
 21
1.0126016216953275
 31
0.0
  0
LINE
  5
81A
330
17
100
AcDbEntity
  8
ENGRAVE_POLARS
100
AcDbLine
 10
24.721721901322155
 20
1.0126016216953275
 30
0.0
 11
24.739325982896954
 21
0.5289013225554977
 31
0.0
  0
LINE
  5
81B
330
17
100
AcDbEntity
  8
ENGRAVE_POLARS
100
AcDbLine
 10
24.739325982896954
 20
0.5289013225554977
 30
0.0
 11
24.752208333333332
 21
0.0
 31
0.0
  0
LINE
  5
81C
330
17
100
AcDbEntity
  8
ENGRAVE_POLARS
100
AcDbLine
 10
24.752208333333332
 20
0.0
 30
0.0
 11
24.76431624010116
 21
-0.598812805971571
 31
0.0
  0
LINE
  5
81D
330
17
100
AcDbEntity
  8
ENGRAVE_POLARS
100
AcDbLine
 10
24.76431624010116
 20
-0.598812805971571
 30
0.0
 11
24.778693944233673
 21
-1.2786124019618776
 31
0.0
  0
LINE
  5
81E
330
17
100
AcDbEntity
  8
ENGRAVE_POLARS
100
AcDbLine
 10
24.778693944233673
 20
-1.2786124019618776
 30
0.0
 11
24.793498906152895
 21
-2.0232081284887675
 31
0.0
  0
LINE
  5
81F
330
17
100
AcDbEntity
  8
ENGRAVE_POLARS
100
AcDbLine
 10
24.793498906152895
 20
-2.0232081284887675
 30
0.0
 11
24.806888586280845
 21
-2.816409326070091
 31
0.0
  0
LINE
  5
820
330
17
100
AcDbEntity
  8
ENGRAVE_POLARS
100
AcDbLine
 10
24.806888586280845
 20
-2.816409326070091
 30
0.0
 11
24.817020445039546
 21
-3.6420253352236953
 31
0.0
  0
LINE
  5
821
330
17
100
AcDbEntity
  8
ENGRAVE_POLARS
100
AcDbLine
 10
24.817020445039546
 20
-3.6420253352236953
 30
0.0
 11
24.822051942851004
 21
-4.483865496467428
 31
0.0
  0
LINE
  5
822
330
17
100
AcDbEntity
  8
ENGRAVE_POLARS
100
AcDbLine
 10
24.822051942851004
 20
-4.483865496467428
 30
0.0
 11
24.820140540137245
 21
-5.325739150319139
 31
0.0
  0
LINE
  5
823
330
17
100
AcDbEntity
  8
ENGRAVE_POLARS
100
AcDbLine
 10
24.820140540137245
 20
-5.325739150319139
 30
0.0
 11
24.809443697320294
 21
-6.151455637296677
 31
0.0
  0
LINE
  5
824
330
17
100
AcDbEntity
  8
ENGRAVE_POLARS
100
AcDbLine
 10
24.809443697320294
 20
-6.151455637296677
 30
0.0
 11
24.788118874822164
 21
-6.94482429791789
 31
0.0
  0
LINE
  5
825
330
17
100
AcDbEntity
  8
ENGRAVE_POLARS
100
AcDbLine
 10
24.788118874822164
 20
-6.94482429791789
 30
0.0
 11
24.75432353306487
 21
-7.689654472700627
 31
0.0
  0
LINE
  5
826
330
17
100
AcDbEntity
  8
ENGRAVE_POLARS
100
AcDbLine
 10
24.75432353306487
 20
-7.689654472700627
 30
0.0
 11
24.706215132470426
 21
-8.369755502162736
 31
0.0
  0
LINE
  5
827
330
17
100
AcDbEntity
  8
ENGRAVE_POLARS
100
AcDbLine
 10
24.706215132470426
 20
-8.369755502162736
 30
0.0
 11
24.641951133460868
 21
-8.968936726822063
 31
0.0
  0
LINE
  5
828
330
17
100
AcDbEntity
  8
ENGRAVE_POLARS
100
AcDbLine
 10
24.641951133460868
 20
-8.968936726822063
 30
0.0
 11
24.569196692853573
 21
-9.489648609042183
 31
0.0
  0
LINE
  5
829
330
17
100
AcDbEntity
  8
ENGRAVE_POLARS
100
AcDbLine
 10
24.569196692853573
 20
-9.489648609042183
 30
0.0
 11
24.494839680890156
 21
-9.95111307158044
 31
0.0
  0
LINE
  5
82A
330
17
100
AcDbEntity
  8
ENGRAVE_POLARS
100
AcDbLine
 10
24.494839680890156
 20
-9.95111307158044
 30
0.0
 11
24.41587162812892
 21
-10.362296645545344
 31
0.0
  0
LINE
  5
82B
330
17
100
AcDbEntity
  8
ENGRAVE_POLARS
100
AcDbLine
 10
24.41587162812892
 20
-10.362296645545344
 30
0.0
 11
24.329284065128178
 21
-10.732165862045413
 31
0.0
  0
LINE
  5
82C
330
17
100
AcDbEntity
  8
ENGRAVE_POLARS
100
AcDbLine
 10
24.329284065128178
 20
-10.732165862045413
 30
0.0
 11
24.23206852244626
 21
-11.069687252189155
 31
0.0
  0
LINE
  5
82D
330
17
100
AcDbEntity
  8
ENGRAVE_POLARS
100
AcDbLine
 10
24.23206852244626
 20
-11.069687252189155
 30
0.0
 11
24.121216530641487
 21
-11.383827347085088
 31
0.0
  0
LINE
  5
82E
330
17
100
AcDbEntity
  8
ENGRAVE_POLARS
100
AcDbLine
 10
24.121216530641487
 20
-11.383827347085088
 30
0.0
 11
23.99371962027216
 21
-11.683552677841718
 31
0.0
  0
LINE
  5
82F
330
17
100
AcDbEntity
  8
ENGRAVE_POLARS
100
AcDbLine
 10
23.99371962027216
 20
-11.683552677841718
 30
0.0
 11
23.84656932189661
 21
-11.977829775567562
 31
0.0
  0
LINE
  5
830
330
17
100
AcDbEntity
  8
ENGRAVE_POLARS
100
AcDbLine
 10
23.84656932189661
 20
-11.977829775567562
 30
0.0
 11
23.676757166073152
 21
-12.275625171371132
 31
0.0
  0
LINE
  5
831
330
17
100
AcDbEntity
  8
ENGRAVE_POLARS
100
AcDbLine
 10
23.676757166073152
 20
-12.275625171371132
 30
0.0
 11
23.4812746833601
 21
-12.585905396360944
 31
0.0
  0
LINE
  5
832
330
17
100
AcDbEntity
  8
ENGRAVE_POLARS
100
AcDbLine
 10
23.4812746833601
 20
-12.585905396360944
 30
0.0
 11
23.25711340431577
 21
-12.917636981645503
 31
0.0
  0
LINE
  5
833
330
17
100
AcDbEntity
  8
ENGRAVE_POLARS
100
AcDbLine
 10
23.25711340431577
 20
-12.917636981645503
 30
0.0
 11
23.00126485949849
 21
-13.27978645833333
 31
0.0
  0
LINE
  5
834
330
17
100
AcDbEntity
  8
ENGRAVE_POLARS
100
AcDbLine
 10
23.00126485949849
 20
-13.27978645833333
 30
0.0
 11
22.711066336692408
 21
-13.671006015377282
 31
0.0
  0
LINE
  5
835
330
17
100
AcDbEntity
  8
ENGRAVE_POLARS
100
AcDbLine
 10
22.711066336692408
 20
-13.671006015377282
 30
0.0
 11
22.388105349332914
 21
-14.080656284538087
 31
0.0
  0
LINE
  5
836
330
17
100
AcDbEntity
  8
ENGRAVE_POLARS
100
AcDbLine
 10
22.388105349332914
 20
-14.080656284538087
 30
0.0
 11
22.03574876645518
 21
-14.503766461136024
 31
0.0
  0
LINE
  5
837
330
17
100
AcDbEntity
  8
ENGRAVE_POLARS
100
AcDbLine
 10
22.03574876645518
 20
-14.503766461136024
 30
0.0
 11
21.657363457094363
 21
-14.935365740491397
 31
0.0
  0
LINE
  5
838
330
17
100
AcDbEntity
  8
ENGRAVE_POLARS
100
AcDbLine
 10
21.657363457094363
 20
-14.935365740491397
 30
0.0
 11
21.25631629028564
 21
-15.370483317924496
 31
0.0
  0
LINE
  5
839
330
17
100
AcDbEntity
  8
ENGRAVE_POLARS
100
AcDbLine
 10
21.25631629028564
 20
-15.370483317924496
 30
0.0
 11
20.83597413506417
 21
-15.804148388755614
 31
0.0
  0
LINE
  5
83A
330
17
100
AcDbEntity
  8
ENGRAVE_POLARS
100
AcDbLine
 10
20.83597413506417
 20
-15.804148388755614
 30
0.0
 11
20.399703860465127
 21
-16.231390148305042
 31
0.0
  0
LINE
  5
83B
330
17
100
AcDbEntity
  8
ENGRAVE_POLARS
100
AcDbLine
 10
20.399703860465127
 20
-16.231390148305042
 30
0.0
 11
19.95087233552368
 21
-16.64723779189308
 31
0.0
  0
LINE
  5
83C
330
17
100
AcDbEntity
  8
ENGRAVE_POLARS
100
AcDbLine
 10
19.95087233552368
 20
-16.64723779189308
 30
0.0
 11
19.492846429274994
 21
-17.04672051484002
 31
0.0
  0
LINE
  5
83D
330
17
100
AcDbEntity
  8
ENGRAVE_POLARS
100
AcDbLine
 10
19.492846429274994
 20
-17.04672051484002
 30
0.0
 11
19.028993010754235
 21
-17.42486751246615
 31
0.0
  0
LINE
  5
83E
330
17
100
AcDbEntity
  8
ENGRAVE_POLARS
100
AcDbLine
 10
19.028993010754235
 20
-17.42486751246615
 30
0.0
 11
18.56267894899657
 21
-17.776707980091764
 31
0.0
  0
LINE
  5
83F
330
17
100
AcDbEntity
  8
ENGRAVE_POLARS
100
AcDbLine
 10
18.56267894899657
 20
-17.776707980091764
 30
0.0
 11
18.09727111303717
 21
-18.097271113037166
 31
0.0
  0
LINE
  5
840
330
17
100
AcDbEntity
  8
ENGRAVE_POLARS
100
AcDbLine
 10
18.09727111303717
 20
-18.097271113037166
 30
0.0
 11
17.615422786356227
 21
-18.391402267362306
 31
0.0
  0
LINE
  5
841
330
17
100
AcDbEntity
  8
ENGRAVE_POLARS
100
AcDbLine
 10
17.615422786356227
 20
-18.391402267362306
 30
0.0
 11
17.10242220131187
 21
-18.66760754748322
 31
0.0
  0
LINE
  5
842
330
17
100
AcDbEntity
  8
ENGRAVE_POLARS
100
AcDbLine
 10
17.10242220131187
 20
-18.66760754748322
 30
0.0
 11
16.565588650256153
 21
-18.926407271254277
 31
0.0
  0
LINE
  5
843
330
17
100
AcDbEntity
  8
ENGRAVE_POLARS
100
AcDbLine
 10
16.565588650256153
 20
-18.926407271254277
 30
0.0
 11
16.01224142554114
 21
-19.168321756529853
 31
0.0
  0
LINE
  5
844
330
17
100
AcDbEntity
  8
ENGRAVE_POLARS
100
AcDbLine
 10
16.01224142554114
 20
-19.168321756529853
 30
0.0
 11
15.449699819518889
 21
-19.393871321164333
 31
0.0
  0
LINE
  5
845
330
17
100
AcDbEntity
  8
ENGRAVE_POLARS
100
AcDbLine
 10
15.449699819518889
 20
-19.393871321164333
 30
0.0
 11
14.885283124541456
 21
-19.603576283012092
 31
0.0
  0
LINE
  5
846
330
17
100
AcDbEntity
  8
ENGRAVE_POLARS
100
AcDbLine
 10
14.885283124541456
 20
-19.603576283012092
 30
0.0
 11
14.326310632960896
 21
-19.7979569599275
 31
0.0
  0
LINE
  5
847
330
17
100
AcDbEntity
  8
ENGRAVE_POLARS
100
AcDbLine
 10
14.326310632960896
 20
-19.7979569599275
 30
0.0
 11
13.780101637129274
 21
-19.97753366976494
 31
0.0
  0
LINE
  5
848
330
17
100
AcDbEntity
  8
ENGRAVE_POLARS
100
AcDbLine
 10
13.780101637129274
 20
-19.97753366976494
 30
0.0
 11
13.253975429398654
 21
-20.142826730378797
 31
0.0
  0
LINE
  5
849
330
17
100
AcDbEntity
  8
ENGRAVE_POLARS
100
AcDbLine
 10
13.253975429398654
 20
-20.142826730378797
 30
0.0
 11
12.755251302121081
 21
-20.294356459623433
 31
0.0
  0
LINE
  5
84A
330
17
100
AcDbEntity
  8
ENGRAVE_POLARS
100
AcDbLine
 10
12.755251302121081
 20
-20.294356459623433
 30
0.0
 11
12.291248547648623
 21
-20.43264317535324
 31
0.0
  0
LINE
  5
84B
330
17
100
AcDbEntity
  8
ENGRAVE_POLARS
100
AcDbLine
 10
12.291248547648623
 20
-20.43264317535324
 30
0.0
 11
11.869286458333335
 21
-20.558207195422586
 31
0.0
  0
LINE
  5
84C
330
17
100
AcDbEntity
  8
ENGRAVE_POLARS
100
AcDbLine
 10
11.869286458333335
 20
-20.558207195422586
 30
0.0
 11
11.48882438892932
 21
-20.665664932204
 31
0.0
  0
LINE
  5
84D
330
17
100
AcDbEntity
  8
ENGRAVE_POLARS
100
AcDbLine
 10
11.48882438892932
 20
-20.665664932204
 30
0.0
 11
11.141533609896026
 21
-20.75102284682069
 31
0.0
  0
LINE
  5
84E
330
17
100
AcDbEntity
  8
ENGRAVE_POLARS
100
AcDbLine
 10
11.141533609896026
 20
-20.75102284682069
 30
0.0
 11
10.823051287143553
 21
-20.81688633025302
 31
0.0
  0
LINE
  5
84F
330
17
100
AcDbEntity
  8
ENGRAVE_POLARS
100
AcDbLine
 10
10.823051287143553
 20
-20.81688633025302
 30
0.0
 11
10.529014586581983
 21
-20.86586077348138
 31
0.0
  0
LINE
  5
850
330
17
100
AcDbEntity
  8
ENGRAVE_POLARS
100
AcDbLine
 10
10.529014586581983
 20
-20.86586077348138
 30
0.0
 11
10.255060674121408
 21
-20.90055156748615
 31
0.0
  0
LINE
  5
851
330
17
100
AcDbEntity
  8
ENGRAVE_POLARS
100
AcDbLine
 10
10.255060674121408
 20
-20.90055156748615
 30
0.0
 11
9.996826715671919
 21
-20.923564103247706
 31
0.0
  0
LINE
  5
852
330
17
100
AcDbEntity
  8
ENGRAVE_POLARS
100
AcDbLine
 10
9.996826715671919
 20
-20.923564103247706
 30
0.0
 11
9.749949877143601
 21
-20.93750377174644
 31
0.0
  0
LINE
  5
853
330
17
100
AcDbEntity
  8
ENGRAVE_POLARS
100
AcDbLine
 10
9.749949877143601
 20
-20.93750377174644
 30
0.0
 11
9.510067324446547
 21
-20.944975963962722
 31
0.0
  0
LINE
  5
854
330
17
100
AcDbEntity
  8
ENGRAVE_POLARS
100
AcDbLine
 10
9.510067324446547
 20
-20.944975963962722
 30
0.0
 11
9.272816223490853
 21
-20.948586070876946
 31
0.0
  0
LINE
  5
855
330
17
100
AcDbEntity
  8
ENGRAVE_POLARS
100
AcDbLine
 10
9.272816223490853
 20
-20.948586070876946
 30
0.0
 11
9.033833740186598
 21
-20.950939483469476
 31
0.0
  0
LINE
  5
856
330
17
100
AcDbEntity
  8
ENGRAVE_POLARS
100
AcDbLine
 10
9.033833740186598
 20
-20.950939483469476
 30
0.0
 11
8.788757040443878
 21
-20.9546415927207
 31
0.0
  0
LINE
  5
857
330
17
100
AcDbEntity
  8
ENGRAVE_POLARS
100
AcDbLine
 10
8.788757040443878
 20
-20.9546415927207
 30
0.0
 11
8.53322329017278
 21
-20.962297789611007
 31
0.0
  0
LINE
  5
858
330
17
100
AcDbEntity
  8
ENGRAVE_POLARS
100
AcDbLine
 10
8.53322329017278
 20
-20.962297789611007
 30
0.0
 11
8.281864338973362
 21
-20.970473297318303
 31
0.0
  0
LINE
  5
859
330
17
100
AcDbEntity
  8
ENGRAVE_POLARS
100
AcDbLine
 10
8.281864338973362
 20
-20.970473297318303
 30
0.0
 11
8.048750819234655
 21
-20.974140104068127
 31
0.0
  0
LINE
  5
85A
330
17
100
AcDbEntity
  8
ENGRAVE_POLARS
100
AcDbLine
 10
8.048750819234655
 20
-20.974140104068127
 30
0.0
 11
7.828678071050208
 21
-20.973513748412277
 31
0.0
  0
LINE
  5
85B
330
17
100
AcDbEntity
  8
ENGRAVE_POLARS
100
AcDbLine
 10
7.828678071050208
 20
-20.973513748412277
 30
0.0
 11
7.6164414345135665
 21
-20.96880976890256
 31
0.0
  0
LINE
  5
85C
330
17
100
AcDbEntity
  8
ENGRAVE_POLARS
100
AcDbLine
 10
7.6164414345135665
 20
-20.96880976890256
 30
0.0
 11
7.40683624971828
 21
-20.960243704090775
 31
0.0
  0
LINE
  5
85D
330
17
100
AcDbEntity
  8
ENGRAVE_POLARS
100
AcDbLine
 10
7.40683624971828
 20
-20.960243704090775
 30
0.0
 11
7.194657856757894
 21
-20.948031092528726
 31
0.0
  0
LINE
  5
85E
330
17
100
AcDbEntity
  8
ENGRAVE_POLARS
100
AcDbLine
 10
7.194657856757894
 20
-20.948031092528726
 30
0.0
 11
6.974701595725957
 21
-20.932387472768216
 31
0.0
  0
LINE
  5
85F
330
17
100
AcDbEntity
  8
ENGRAVE_POLARS
100
AcDbLine
 10
6.974701595725957
 20
-20.932387472768216
 30
0.0
 11
6.741762806716017
 21
-20.913528383361047
 31
0.0
  0
LINE
  5
860
330
17
100
AcDbEntity
  8
ENGRAVE_POLARS
100
AcDbLine
 10
6.741762806716017
 20
-20.913528383361047
 30
0.0
 11
6.4906368298216215
 21
-20.891669362859023
 31
0.0
  0
LINE
  5
861
330
17
100
AcDbEntity
  8
ENGRAVE_POLARS
100
AcDbLine
 10
6.4906368298216215
 20
-20.891669362859023
 30
0.0
 11
6.216119005136319
 21
-20.867025949813947
 31
0.0
  0
LINE
  5
862
330
17
100
AcDbEntity
  8
ENGRAVE_POLARS
100
AcDbLine
 10
6.216119005136319
 20
-20.867025949813947
 30
0.0
 11
5.913004672753655
 21
-20.83981368277761
 31
0.0
  0
LINE
  5
863
330
17
100
AcDbEntity
  8
ENGRAVE_POLARS
100
AcDbLine
 10
5.913004672753655
 20
-20.83981368277761
 30
0.0
 11
5.576089172767181
 21
-20.810248100301834
 31
0.0
  0
LINE
  5
864
330
17
100
AcDbEntity
  8
ENGRAVE_POLARS
100
AcDbLine
 10
5.576089172767181
 20
-20.810248100301834
 30
0.0
 11
5.185360844943501
 21
-20.77484384945496
 31
0.0
  0
LINE
  5
865
330
17
100
AcDbEntity
  8
ENGRAVE_POLARS
100
AcDbLine
 10
5.185360844943501
 20
-20.77484384945496
 30
0.0
 11
4.7337628072138624
 21
-20.73114784540579
 31
0.0
  0
LINE
  5
866
330
17
100
AcDbEntity
  8
ENGRAVE_POLARS
100
AcDbLine
 10
4.7337628072138624
 20
-20.73114784540579
 30
0.0
 11
4.235522566918766
 21
-20.680924028856804
 31
0.0
  0
LINE
  5
867
330
17
100
AcDbEntity
  8
ENGRAVE_POLARS
100
AcDbLine
 10
4.235522566918766
 20
-20.680924028856804
 30
0.0
 11
3.7048676313987117
 21
-20.625936340510485
 31
0.0
  0
LINE
  5
868
330
17
100
AcDbEntity
  8
ENGRAVE_POLARS
100
AcDbLine
 10
3.7048676313987117
 20
-20.625936340510485
 30
0.0
 11
3.156025507994204
 21
-20.567948721069314
 31
0.0
  0
LINE
  5
869
330
17
100
AcDbEntity
  8
ENGRAVE_POLARS
100
AcDbLine
 10
3.156025507994204
 20
-20.567948721069314
 30
0.0
 11
2.6032237040457415
 21
-20.508725111235766
 31
0.0
  0
LINE
  5
86A
330
17
100
AcDbEntity
  8
ENGRAVE_POLARS
100
AcDbLine
 10
2.6032237040457415
 20
-20.508725111235766
 30
0.0
 11
2.060689726893825
 21
-20.450029451712307
 31
0.0
  0
LINE
  5
86B
330
17
100
AcDbEntity
  8
ENGRAVE_POLARS
100
AcDbLine
 10
2.060689726893825
 20
-20.450029451712307
 30
0.0
 11
1.5426510838789573
 21
-20.39362568320144
 31
0.0
  0
LINE
  5
86C
330
17
100
AcDbEntity
  8
ENGRAVE_POLARS
100
AcDbLine
 10
1.5426510838789573
 20
-20.39362568320144
 30
0.0
 11
1.0633352823416409
 21
-20.341277746405627
 31
0.0
  0
LINE
  5
86D
330
17
100
AcDbEntity
  8
ENGRAVE_POLARS
100
AcDbLine
 10
1.0633352823416409
 20
-20.341277746405627
 30
0.0
 11
0.6369698296223745
 21
-20.294749582027354
 31
0.0
  0
LINE
  5
86E
330
17
100
AcDbEntity
  8
ENGRAVE_POLARS
100
AcDbLine
 10
0.6369698296223745
 20
-20.294749582027354
 30
0.0
 11
0.2777822330616607
 21
-20.255805130769094
 31
0.0
  0
LINE
  5
86F
330
17
100
AcDbEntity
  8
ENGRAVE_POLARS
100
AcDbLine
 10
0.2777822330616607
 20
-20.255805130769094
 30
0.0
 11
1.2384980647152096e-15
 21
-20.226208333333336
 31
0.0
  0
LINE
  5
870
330
17
100
AcDbEntity
  8
ENGRAVE_POLARS
100
AcDbLine
 10
-12.877464668284079
 20
16.34384367309288
 30
0.0
 11
-13.153022006062832
 21
16.24904187762546
 31
0.0
  0
LINE
  5
871
330
17
100
AcDbEntity
  8
ENGRAVE_POLARS
100
AcDbLine
 10
-13.153022006062832
 20
16.24904187762546
 30
0.0
 11
-13.511417334297121
 21
16.13198322291743
 31
0.0
  0
LINE
  5
872
330
17
100
AcDbEntity
  8
ENGRAVE_POLARS
100
AcDbLine
 10
-13.511417334297121
 20
16.13198322291743
 30
0.0
 11
-13.937770109580402
 21
15.995490414040303
 31
0.0
  0
LINE
  5
873
330
17
100
AcDbEntity
  8
ENGRAVE_POLARS
100
AcDbLine
 10
-13.937770109580402
 20
15.995490414040303
 30
0.0
 11
-14.417199788506133
 21
15.842386156065567
 31
0.0
  0
LINE
  5
874
330
17
100
AcDbEntity
  8
ENGRAVE_POLARS
100
AcDbLine
 10
-14.417199788506133
 20
15.842386156065567
 30
0.0
 11
-14.93482582766778
 21
15.675493154064734
 31
0.0
  0
LINE
  5
875
330
17
100
AcDbEntity
  8
ENGRAVE_POLARS
100
AcDbLine
 10
-14.93482582766778
 20
15.675493154064734
 30
0.0
 11
-15.475767683658798
 21
15.497634113109294
 31
0.0
  0
LINE
  5
876
330
17
100
AcDbEntity
  8
ENGRAVE_POLARS
100
AcDbLine
 10
-15.475767683658798
 20
15.497634113109294
 30
0.0
 11
-16.025144813072647
 21
15.311631738270753
 31
0.0
  0
LINE
  5
877
330
17
100
AcDbEntity
  8
ENGRAVE_POLARS
100
AcDbLine
 10
-16.025144813072647
 20
15.311631738270753
 30
0.0
 11
-16.56807667250279
 21
15.120308734620604
 31
0.0
  0
LINE
  5
878
330
17
100
AcDbEntity
  8
ENGRAVE_POLARS
100
AcDbLine
 10
-16.56807667250279
 20
15.120308734620604
 30
0.0
 11
-17.089682718542683
 21
14.926487807230352
 31
0.0
  0
LINE
  5
879
330
17
100
AcDbEntity
  8
ENGRAVE_POLARS
100
AcDbLine
 10
-17.089682718542683
 20
14.926487807230352
 30
0.0
 11
-17.575082407785786
 21
14.732991661171493
 31
0.0
  0
LINE
  5
87A
330
17
100
AcDbEntity
  8
ENGRAVE_POLARS
100
AcDbLine
 10
-17.575082407785786
 20
14.732991661171493
 30
0.0
 11
-18.00939519682556
 21
14.54264300151553
 31
0.0
  0
LINE
  5
87B
330
17
100
AcDbEntity
  8
ENGRAVE_POLARS
100
AcDbLine
 10
-18.00939519682556
 20
14.54264300151553
 30
0.0
 11
-18.377740542255466
 21
14.358264533333964
 31
0.0
  0
LINE
  5
87C
330
17
100
AcDbEntity
  8
ENGRAVE_POLARS
100
AcDbLine
 10
-18.377740542255466
 20
14.358264533333964
 30
0.0
 11
-18.68829019847909
 21
14.179483613974478
 31
0.0
  0
LINE
  5
87D
330
17
100
AcDbEntity
  8
ENGRAVE_POLARS
100
AcDbLine
 10
-18.68829019847909
 20
14.179483613974478
 30
0.0
 11
-18.96247769292403
 21
14.002983792580334
 31
0.0
  0
LINE
  5
87E
330
17
100
AcDbEntity
  8
ENGRAVE_POLARS
100
AcDbLine
 10
-18.96247769292403
 20
14.002983792580334
 30
0.0
 11
-19.205315141719765
 21
13.827172061916382
 31
0.0
  0
LINE
  5
87F
330
17
100
AcDbEntity
  8
ENGRAVE_POLARS
100
AcDbLine
 10
-19.205315141719765
 20
13.827172061916382
 30
0.0
 11
-19.42181466099577
 21
13.650455414747476
 31
0.0
  0
LINE
  5
880
330
17
100
AcDbEntity
  8
ENGRAVE_POLARS
100
AcDbLine
 10
-19.42181466099577
 20
13.650455414747476
 30
0.0
 11
-19.616988366881532
 21
13.47124084383846
 31
0.0
  0
LINE
  5
881
330
17
100
AcDbEntity
  8
ENGRAVE_POLARS
100
AcDbLine
 10
-19.616988366881532
 20
13.47124084383846
 30
0.0
 11
-19.79584837550652
 21
13.287935341954194
 31
0.0
  0
LINE
  5
882
330
17
100
AcDbEntity
  8
ENGRAVE_POLARS
100
AcDbLine
 10
-19.79584837550652
 20
13.287935341954194
 30
0.0
 11
-19.963406803000215
 21
13.098945901859526
 31
0.0
  0
LINE
  5
883
330
17
100
AcDbEntity
  8
ENGRAVE_POLARS
100
AcDbLine
 10
-19.963406803000215
 20
13.098945901859526
 30
0.0
 11
-20.124675765492093
 21
12.90267951631931
 31
0.0
  0
LINE
  5
884
330
17
100
AcDbEntity
  8
ENGRAVE_POLARS
100
AcDbLine
 10
-20.124675765492093
 20
12.90267951631931
 30
0.0
 11
-20.284667379111646
 21
12.697543178098398
 31
0.0
  0
LINE
  5
885
330
17
100
AcDbEntity
  8
ENGRAVE_POLARS
100
AcDbLine
 10
-20.284667379111646
 20
12.697543178098398
 30
0.0
 11
-20.44839375998833
 21
12.48194387996164
 31
0.0
  0
LINE
  5
886
330
17
100
AcDbEntity
  8
ENGRAVE_POLARS
100
AcDbLine
 10
-20.44839375998833
 20
12.48194387996164
 30
0.0
 11
-20.62086702425164
 21
12.254288614673888
 31
0.0
  0
LINE
  5
887
330
17
100
AcDbEntity
  8
ENGRAVE_POLARS
100
AcDbLine
 10
-20.62086702425164
 20
12.254288614673888
 30
0.0
 11
-20.807099288031054
 21
12.012984374999997
 31
0.0
  0
LINE
  5
888
330
17
100
AcDbEntity
  8
ENGRAVE_POLARS
100
AcDbLine
 10
-20.807099288031054
 20
12.012984374999997
 30
0.0
 11
-21.005277649170996
 21
11.750662454881876
 31
0.0
  0
LINE
  5
889
330
17
100
AcDbEntity
  8
ENGRAVE_POLARS
100
AcDbLine
 10
-21.005277649170996
 20
11.750662454881876
 30
0.0
 11
-21.208780679613053
 21
11.46437150381182
 31
0.0
  0
LINE
  5
88A
330
17
100
AcDbEntity
  8
ENGRAVE_POLARS
100
AcDbLine
 10
-21.208780679613053
 20
11.46437150381182
 30
0.0
 11
-21.415407706632404
 21
11.159144547880238
 31
0.0
  0
LINE
  5
88B
330
17
100
AcDbEntity
  8
ENGRAVE_POLARS
100
AcDbLine
 10
-21.415407706632404
 20
11.159144547880238
 30
0.0
 11
-21.62295805750423
 21
10.840014613177546
 31
0.0
  0
LINE
  5
88C
330
17
100
AcDbEntity
  8
ENGRAVE_POLARS
100
AcDbLine
 10
-21.62295805750423
 20
10.840014613177546
 30
0.0
 11
-21.829231059503726
 21
10.512014725794158
 31
0.0
  0
LINE
  5
88D
330
17
100
AcDbEntity
  8
ENGRAVE_POLARS
100
AcDbLine
 10
-21.829231059503726
 20
10.512014725794158
 30
0.0
 11
-22.032026039906068
 21
10.180177911820486
 31
0.0
  0
LINE
  5
88E
330
17
100
AcDbEntity
  8
ENGRAVE_POLARS
100
AcDbLine
 10
-22.032026039906068
 20
10.180177911820486
 30
0.0
 11
-22.229142325986444
 21
9.849537197346942
 31
0.0
  0
LINE
  5
88F
330
17
100
AcDbEntity
  8
ENGRAVE_POLARS
100
AcDbLine
 10
-22.229142325986444
 20
9.849537197346942
 30
0.0
 11
-22.418379245020038
 21
9.525125608463942
 31
0.0
  0
LINE
  5
890
330
17
100
AcDbEntity
  8
ENGRAVE_POLARS
100
AcDbLine
 10
-22.418379245020038
 20
9.525125608463942
 30
0.0
 11
-22.59753612428204
 21
9.211976171261902
 31
0.0
  0
LINE
  5
891
330
17
100
AcDbEntity
  8
ENGRAVE_POLARS
100
AcDbLine
 10
-22.59753612428204
 20
9.211976171261902
 30
0.0
 11
-22.76441229104763
 21
8.915121911831228
 31
0.0
  0
LINE
  5
892
330
17
100
AcDbEntity
  8
ENGRAVE_POLARS
100
AcDbLine
 10
-22.76441229104763
 20
8.915121911831228
 30
0.0
 11
-22.91680707259199
 21
8.639595856262343
 31
0.0
  0
LINE
  5
893
330
17
100
AcDbEntity
  8
ENGRAVE_POLARS
100
AcDbLine
 10
-22.91680707259199
 20
8.639595856262343
 30
0.0
 11
-23.052519796190307
 21
8.390431030645653
 31
0.0
  0
LINE
  5
894
330
17
100
AcDbEntity
  8
ENGRAVE_POLARS
100
AcDbLine
 10
-23.052519796190307
 20
8.390431030645653
 30
0.0
 11
-23.17028396894706
 21
8.167196274358508
 31
0.0
  0
LINE
  5
895
330
17
100
AcDbEntity
  8
ENGRAVE_POLARS
100
AcDbLine
 10
-23.17028396894706
 20
8.167196274358508
 30
0.0
 11
-23.271694374719424
 21
7.96412663854241
 31
0.0
  0
LINE
  5
896
330
17
100
AcDbEntity
  8
ENGRAVE_POLARS
100
AcDbLine
 10
-23.271694374719424
 20
7.96412663854241
 30
0.0
 11
-23.358842255911675
 21
7.778254466933992
 31
0.0
  0
LINE
  5
897
330
17
100
AcDbEntity
  8
ENGRAVE_POLARS
100
AcDbLine
 10
-23.358842255911675
 20
7.778254466933992
 30
0.0
 11
-23.433818854928074
 21
7.606612103269895
 31
0.0
  0
LINE
  5
898
330
17
100
AcDbEntity
  8
ENGRAVE_POLARS
100
AcDbLine
 10
-23.433818854928074
 20
7.606612103269895
 30
0.0
 11
-23.498715414172878
 21
7.446231891286756
 31
0.0
  0
LINE
  5
899
330
17
100
AcDbEntity
  8
ENGRAVE_POLARS
100
AcDbLine
 10
-23.498715414172878
 20
7.446231891286756
 30
0.0
 11
-23.55562317605034
 21
7.2941461747212095
 31
0.0
  0
LINE
  5
89A
330
17
100
AcDbEntity
  8
ENGRAVE_POLARS
100
AcDbLine
 10
-23.55562317605034
 20
7.2941461747212095
 30
0.0
 11
-23.606633382964727
 21
7.147387297309894
 31
0.0
  0
LINE
  5
89B
330
17
100
AcDbEntity
  8
ENGRAVE_POLARS
100
AcDbLine
 10
-23.606633382964727
 20
7.147387297309894
 30
0.0
 11
-23.6538372773203
 21
7.0029876027894495
 31
0.0
  0
LINE
  5
89C
330
17
100
AcDbEntity
  8
ENGRAVE_POLARS
100
AcDbLine
 10
-23.6538372773203
 20
7.0029876027894495
 30
0.0
 11
-23.69932610152132
 21
6.857979434896514
 31
0.0
  0
LINE
  5
89D
330
17
100
AcDbEntity
  8
ENGRAVE_POLARS
100
AcDbLine
 10
-23.69932610152132
 20
6.857979434896514
 30
0.0
 11
-23.745191097972047
 21
6.7093951373677205
 31
0.0
  0
LINE
  5
89E
330
17
100
AcDbEntity
  8
ENGRAVE_POLARS
100
AcDbLine
 10
-23.745191097972047
 20
6.7093951373677205
 30
0.0
 11
-23.793523509076742
 21
6.554267053939709
 31
0.0
  0
LINE
  5
89F
330
17
100
AcDbEntity
  8
ENGRAVE_POLARS
100
AcDbLine
 10
-23.793523509076742
 20
6.554267053939709
 30
0.0
 11
-23.84641457723966
 21
6.389627528349119
 31
0.0
  0
LINE
  5
8A0
330
17
100
AcDbEntity
  8
ENGRAVE_POLARS
100
AcDbLine
 10
-23.84641457723966
 20
6.389627528349119
 30
0.0
 11
-23.901237002436975
 21
6.2257029351182585
 31
0.0
  0
LINE
  5
8A1
330
17
100
AcDbEntity
  8
ENGRAVE_POLARS
100
AcDbLine
 10
-23.901237002436975
 20
6.2257029351182585
 30
0.0
 11
-23.954037511121594
 21
6.07223841032136
 31
0.0
  0
LINE
  5
8A2
330
17
100
AcDbEntity
  8
ENGRAVE_POLARS
100
AcDbLine
 10
-23.954037511121594
 20
6.07223841032136
 30
0.0
 11
-24.004918385412907
 21
5.925544440022938
 31
0.0
  0
LINE
  5
8A3
330
17
100
AcDbEntity
  8
ENGRAVE_POLARS
100
AcDbLine
 10
-24.004918385412907
 20
5.925544440022938
 30
0.0
 11
-24.053981907430284
 21
5.781931510287506
 31
0.0
  0
LINE
  5
8A4
330
17
100
AcDbEntity
  8
ENGRAVE_POLARS
100
AcDbLine
 10
-24.053981907430284
 20
5.781931510287506
 30
0.0
 11
-24.101330359293108
 21
5.637710107179582
 31
0.0
  0
LINE
  5
8A5
330
17
100
AcDbEntity
  8
ENGRAVE_POLARS
100
AcDbLine
 10
-24.101330359293108
 20
5.637710107179582
 30
0.0
 11
-24.147066023120757
 21
5.48919071676368
 31
0.0
  0
LINE
  5
8A6
330
17
100
AcDbEntity
  8
ENGRAVE_POLARS
100
AcDbLine
 10
-24.147066023120757
 20
5.48919071676368
 30
0.0
 11
-24.191291181032607
 21
5.332683825104317
 31
0.0
  0
LINE
  5
8A7
330
17
100
AcDbEntity
  8
ENGRAVE_POLARS
100
AcDbLine
 10
-24.191291181032607
 20
5.332683825104317
 30
0.0
 11
-24.234108115148043
 21
5.164499918266006
 31
0.0
  0
LINE
  5
8A8
330
17
100
AcDbEntity
  8
ENGRAVE_POLARS
100
AcDbLine
 10
-24.234108115148043
 20
5.164499918266006
 30
0.0
 11
-24.275619107586444
 21
4.980949482313265
 31
0.0
  0
LINE
  5
8A9
330
17
100
AcDbEntity
  8
ENGRAVE_POLARS
100
AcDbLine
 10
-24.275619107586444
 20
4.980949482313265
 30
0.0
 11
-24.31592644046718
 21
4.778343003310607
 31
0.0
  0
LINE
  5
8AA
330
17
100
AcDbEntity
  8
ENGRAVE_POLARS
100
AcDbLine
 10
-24.31592644046718
 20
4.778343003310607
 30
0.0
 11
-24.35513239590964
 21
4.552990967322549
 31
0.0
  0
LINE
  5
8AB
330
17
100
AcDbEntity
  8
ENGRAVE_POLARS
100
AcDbLine
 10
-24.35513239590964
 20
4.552990967322549
 30
0.0
 11
-24.3933392560332
 21
4.301203860413607
 31
0.0
  0
LINE
  5
8AC
330
17
100
AcDbEntity
  8
ENGRAVE_POLARS
100
AcDbLine
 10
-24.3933392560332
 20
4.301203860413607
 30
0.0
 11
-24.431322303224185
 21
4.035099911635026
 31
0.0
  0
LINE
  5
8AD
330
17
100
AcDbEntity
  8
ENGRAVE_POLARS
100
AcDbLine
 10
-24.431322303224185
 20
4.035099911635026
 30
0.0
 11
-24.469463318507295
 21
3.766415645585401
 31
0.0
  0
LINE
  5
8AE
330
17
100
AcDbEntity
  8
ENGRAVE_POLARS
100
AcDbLine
 10
-24.469463318507295
 20
3.766415645585401
 30
0.0
 11
-24.507274331959472
 21
3.49088899165027
 31
0.0
  0
LINE
  5
8AF
330
17
100
AcDbEntity
  8
ENGRAVE_POLARS
100
AcDbLine
 10
-24.507274331959472
 20
3.49088899165027
 30
0.0
 11
-24.54426737365766
 21
3.204257879215169
 31
0.0
  0
LINE
  5
8B0
330
17
100
AcDbEntity
  8
ENGRAVE_POLARS
100
AcDbLine
 10
-24.54426737365766
 20
3.204257879215169
 30
0.0
 11
-24.579954473678825
 21
2.902260237665638
 31
0.0
  0
LINE
  5
8B1
330
17
100
AcDbEntity
  8
ENGRAVE_POLARS
100
AcDbLine
 10
-24.579954473678825
 20
2.902260237665638
 30
0.0
 11
-24.61384766209989
 21
2.5806339963872134
 31
0.0
  0
LINE
  5
8B2
330
17
100
AcDbEntity
  8
ENGRAVE_POLARS
100
AcDbLine
 10
-24.61384766209989
 20
2.5806339963872134
 30
0.0
 11
-24.645458968997808
 21
2.2351170847654314
 31
0.0
  0
LINE
  5
8B3
330
17
100
AcDbEntity
  8
ENGRAVE_POLARS
100
AcDbLine
 10
-24.645458968997808
 20
2.2351170847654314
 30
0.0
 11
-24.67430042444953
 21
1.8614474321858316
 31
0.0
  0
LINE
  5
8B4
330
17
100
AcDbEntity
  8
ENGRAVE_POLARS
100
AcDbLine
 10
-24.67430042444953
 20
1.8614474321858316
 30
0.0
 11
-24.699884058532
 21
1.4553629680339517
 31
0.0
  0
LINE
  5
8B5
330
17
100
AcDbEntity
  8
ENGRAVE_POLARS
100
AcDbLine
 10
-24.699884058532
 20
1.4553629680339517
 30
0.0
 11
-24.721721901322155
 21
1.0126016216953275
 31
0.0
  0
LINE
  5
8B6
330
17
100
AcDbEntity
  8
ENGRAVE_POLARS
100
AcDbLine
 10
-24.721721901322155
 20
1.0126016216953275
 30
0.0
 11
-24.739325982896954
 21
0.5289013225554977
 31
0.0
  0
LINE
  5
8B7
330
17
100
AcDbEntity
  8
ENGRAVE_POLARS
100
AcDbLine
 10
-24.739325982896954
 20
0.5289013225554977
 30
0.0
 11
-24.752208333333332
 21
0.0
 31
0.0
  0
LINE
  5
8B8
330
17
100
AcDbEntity
  8
ENGRAVE_POLARS
100
AcDbLine
 10
-24.752208333333332
 20
0.0
 30
0.0
 11
-24.76431624010116
 21
-0.598812805971571
 31
0.0
  0
LINE
  5
8B9
330
17
100
AcDbEntity
  8
ENGRAVE_POLARS
100
AcDbLine
 10
-24.76431624010116
 20
-0.598812805971571
 30
0.0
 11
-24.778693944233673
 21
-1.2786124019618776
 31
0.0
  0
LINE
  5
8BA
330
17
100
AcDbEntity
  8
ENGRAVE_POLARS
100
AcDbLine
 10
-24.778693944233673
 20
-1.2786124019618776
 30
0.0
 11
-24.793498906152895
 21
-2.0232081284887675
 31
0.0
  0
LINE
  5
8BB
330
17
100
AcDbEntity
  8
ENGRAVE_POLARS
100
AcDbLine
 10
-24.793498906152895
 20
-2.0232081284887675
 30
0.0
 11
-24.806888586280845
 21
-2.816409326070091
 31
0.0
  0
LINE
  5
8BC
330
17
100
AcDbEntity
  8
ENGRAVE_POLARS
100
AcDbLine
 10
-24.806888586280845
 20
-2.816409326070091
 30
0.0
 11
-24.817020445039546
 21
-3.6420253352236953
 31
0.0
  0
LINE
  5
8BD
330
17
100
AcDbEntity
  8
ENGRAVE_POLARS
100
AcDbLine
 10
-24.817020445039546
 20
-3.6420253352236953
 30
0.0
 11
-24.822051942851004
 21
-4.483865496467428
 31
0.0
  0
LINE
  5
8BE
330
17
100
AcDbEntity
  8
ENGRAVE_POLARS
100
AcDbLine
 10
-24.822051942851004
 20
-4.483865496467428
 30
0.0
 11
-24.820140540137245
 21
-5.325739150319139
 31
0.0
  0
LINE
  5
8BF
330
17
100
AcDbEntity
  8
ENGRAVE_POLARS
100
AcDbLine
 10
-24.820140540137245
 20
-5.325739150319139
 30
0.0
 11
-24.809443697320294
 21
-6.151455637296677
 31
0.0
  0
LINE
  5
8C0
330
17
100
AcDbEntity
  8
ENGRAVE_POLARS
100
AcDbLine
 10
-24.809443697320294
 20
-6.151455637296677
 30
0.0
 11
-24.788118874822164
 21
-6.94482429791789
 31
0.0
  0
LINE
  5
8C1
330
17
100
AcDbEntity
  8
ENGRAVE_POLARS
100
AcDbLine
 10
-24.788118874822164
 20
-6.94482429791789
 30
0.0
 11
-24.75432353306487
 21
-7.689654472700627
 31
0.0
  0
LINE
  5
8C2
330
17
100
AcDbEntity
  8
ENGRAVE_POLARS
100
AcDbLine
 10
-24.75432353306487
 20
-7.689654472700627
 30
0.0
 11
-24.706215132470426
 21
-8.369755502162736
 31
0.0
  0
LINE
  5
8C3
330
17
100
AcDbEntity
  8
ENGRAVE_POLARS
100
AcDbLine
 10
-24.706215132470426
 20
-8.369755502162736
 30
0.0
 11
-24.641951133460868
 21
-8.968936726822063
 31
0.0
  0
LINE
  5
8C4
330
17
100
AcDbEntity
  8
ENGRAVE_POLARS
100
AcDbLine
 10
-24.641951133460868
 20
-8.968936726822063
 30
0.0
 11
-24.569196692853573
 21
-9.489648609042183
 31
0.0
  0
LINE
  5
8C5
330
17
100
AcDbEntity
  8
ENGRAVE_POLARS
100
AcDbLine
 10
-24.569196692853573
 20
-9.489648609042183
 30
0.0
 11
-24.494839680890156
 21
-9.95111307158044
 31
0.0
  0
LINE
  5
8C6
330
17
100
AcDbEntity
  8
ENGRAVE_POLARS
100
AcDbLine
 10
-24.494839680890156
 20
-9.95111307158044
 30
0.0
 11
-24.41587162812892
 21
-10.362296645545344
 31
0.0
  0
LINE
  5
8C7
330
17
100
AcDbEntity
  8
ENGRAVE_POLARS
100
AcDbLine
 10
-24.41587162812892
 20
-10.362296645545344
 30
0.0
 11
-24.329284065128178
 21
-10.732165862045413
 31
0.0
  0
LINE
  5
8C8
330
17
100
AcDbEntity
  8
ENGRAVE_POLARS
100
AcDbLine
 10
-24.329284065128178
 20
-10.732165862045413
 30
0.0
 11
-24.23206852244626
 21
-11.069687252189155
 31
0.0
  0
LINE
  5
8C9
330
17
100
AcDbEntity
  8
ENGRAVE_POLARS
100
AcDbLine
 10
-24.23206852244626
 20
-11.069687252189155
 30
0.0
 11
-24.121216530641487
 21
-11.383827347085088
 31
0.0
  0
LINE
  5
8CA
330
17
100
AcDbEntity
  8
ENGRAVE_POLARS
100
AcDbLine
 10
-24.121216530641487
 20
-11.383827347085088
 30
0.0
 11
-23.99371962027216
 21
-11.683552677841718
 31
0.0
  0
LINE
  5
8CB
330
17
100
AcDbEntity
  8
ENGRAVE_POLARS
100
AcDbLine
 10
-23.99371962027216
 20
-11.683552677841718
 30
0.0
 11
-23.84656932189661
 21
-11.977829775567562
 31
0.0
  0
LINE
  5
8CC
330
17
100
AcDbEntity
  8
ENGRAVE_POLARS
100
AcDbLine
 10
-23.84656932189661
 20
-11.977829775567562
 30
0.0
 11
-23.676757166073152
 21
-12.275625171371132
 31
0.0
  0
LINE
  5
8CD
330
17
100
AcDbEntity
  8
ENGRAVE_POLARS
100
AcDbLine
 10
-23.676757166073152
 20
-12.275625171371132
 30
0.0
 11
-23.4812746833601
 21
-12.585905396360944
 31
0.0
  0
LINE
  5
8CE
330
17
100
AcDbEntity
  8
ENGRAVE_POLARS
100
AcDbLine
 10
-23.4812746833601
 20
-12.585905396360944
 30
0.0
 11
-23.25711340431577
 21
-12.917636981645503
 31
0.0
  0
LINE
  5
8CF
330
17
100
AcDbEntity
  8
ENGRAVE_POLARS
100
AcDbLine
 10
-23.25711340431577
 20
-12.917636981645503
 30
0.0
 11
-23.00126485949849
 21
-13.27978645833333
 31
0.0
  0
LINE
  5
8D0
330
17
100
AcDbEntity
  8
ENGRAVE_POLARS
100
AcDbLine
 10
-23.00126485949849
 20
-13.27978645833333
 30
0.0
 11
-22.711066336692408
 21
-13.671006015377282
 31
0.0
  0
LINE
  5
8D1
330
17
100
AcDbEntity
  8
ENGRAVE_POLARS
100
AcDbLine
 10
-22.711066336692408
 20
-13.671006015377282
 30
0.0
 11
-22.388105349332914
 21
-14.080656284538087
 31
0.0
  0
LINE
  5
8D2
330
17
100
AcDbEntity
  8
ENGRAVE_POLARS
100
AcDbLine
 10
-22.388105349332914
 20
-14.080656284538087
 30
0.0
 11
-22.03574876645518
 21
-14.503766461136024
 31
0.0
  0
LINE
  5
8D3
330
17
100
AcDbEntity
  8
ENGRAVE_POLARS
100
AcDbLine
 10
-22.03574876645518
 20
-14.503766461136024
 30
0.0
 11
-21.657363457094363
 21
-14.935365740491397
 31
0.0
  0
LINE
  5
8D4
330
17
100
AcDbEntity
  8
ENGRAVE_POLARS
100
AcDbLine
 10
-21.657363457094363
 20
-14.935365740491397
 30
0.0
 11
-21.25631629028564
 21
-15.370483317924496
 31
0.0
  0
LINE
  5
8D5
330
17
100
AcDbEntity
  8
ENGRAVE_POLARS
100
AcDbLine
 10
-21.25631629028564
 20
-15.370483317924496
 30
0.0
 11
-20.83597413506417
 21
-15.804148388755614
 31
0.0
  0
LINE
  5
8D6
330
17
100
AcDbEntity
  8
ENGRAVE_POLARS
100
AcDbLine
 10
-20.83597413506417
 20
-15.804148388755614
 30
0.0
 11
-20.399703860465127
 21
-16.231390148305042
 31
0.0
  0
LINE
  5
8D7
330
17
100
AcDbEntity
  8
ENGRAVE_POLARS
100
AcDbLine
 10
-20.399703860465127
 20
-16.231390148305042
 30
0.0
 11
-19.95087233552368
 21
-16.64723779189308
 31
0.0
  0
LINE
  5
8D8
330
17
100
AcDbEntity
  8
ENGRAVE_POLARS
100
AcDbLine
 10
-19.95087233552368
 20
-16.64723779189308
 30
0.0
 11
-19.492846429274994
 21
-17.04672051484002
 31
0.0
  0
LINE
  5
8D9
330
17
100
AcDbEntity
  8
ENGRAVE_POLARS
100
AcDbLine
 10
-19.492846429274994
 20
-17.04672051484002
 30
0.0
 11
-19.028993010754235
 21
-17.42486751246615
 31
0.0
  0
LINE
  5
8DA
330
17
100
AcDbEntity
  8
ENGRAVE_POLARS
100
AcDbLine
 10
-19.028993010754235
 20
-17.42486751246615
 30
0.0
 11
-18.56267894899657
 21
-17.776707980091764
 31
0.0
  0
LINE
  5
8DB
330
17
100
AcDbEntity
  8
ENGRAVE_POLARS
100
AcDbLine
 10
-18.56267894899657
 20
-17.776707980091764
 30
0.0
 11
-18.09727111303717
 21
-18.097271113037166
 31
0.0
  0
LINE
  5
8DC
330
17
100
AcDbEntity
  8
ENGRAVE_POLARS
100
AcDbLine
 10
-18.09727111303717
 20
-18.097271113037166
 30
0.0
 11
-17.615422786356227
 21
-18.391402267362306
 31
0.0
  0
LINE
  5
8DD
330
17
100
AcDbEntity
  8
ENGRAVE_POLARS
100
AcDbLine
 10
-17.615422786356227
 20
-18.391402267362306
 30
0.0
 11
-17.10242220131187
 21
-18.66760754748322
 31
0.0
  0
LINE
  5
8DE
330
17
100
AcDbEntity
  8
ENGRAVE_POLARS
100
AcDbLine
 10
-17.10242220131187
 20
-18.66760754748322
 30
0.0
 11
-16.565588650256153
 21
-18.926407271254277
 31
0.0
  0
LINE
  5
8DF
330
17
100
AcDbEntity
  8
ENGRAVE_POLARS
100
AcDbLine
 10
-16.565588650256153
 20
-18.926407271254277
 30
0.0
 11
-16.01224142554114
 21
-19.168321756529853
 31
0.0
  0
LINE
  5
8E0
330
17
100
AcDbEntity
  8
ENGRAVE_POLARS
100
AcDbLine
 10
-16.01224142554114
 20
-19.168321756529853
 30
0.0
 11
-15.449699819518889
 21
-19.393871321164333
 31
0.0
  0
LINE
  5
8E1
330
17
100
AcDbEntity
  8
ENGRAVE_POLARS
100
AcDbLine
 10
-15.449699819518889
 20
-19.393871321164333
 30
0.0
 11
-14.885283124541456
 21
-19.603576283012092
 31
0.0
  0
LINE
  5
8E2
330
17
100
AcDbEntity
  8
ENGRAVE_POLARS
100
AcDbLine
 10
-14.885283124541456
 20
-19.603576283012092
 30
0.0
 11
-14.326310632960896
 21
-19.7979569599275
 31
0.0
  0
LINE
  5
8E3
330
17
100
AcDbEntity
  8
ENGRAVE_POLARS
100
AcDbLine
 10
-14.326310632960896
 20
-19.7979569599275
 30
0.0
 11
-13.780101637129274
 21
-19.97753366976494
 31
0.0
  0
LINE
  5
8E4
330
17
100
AcDbEntity
  8
ENGRAVE_POLARS
100
AcDbLine
 10
-13.780101637129274
 20
-19.97753366976494
 30
0.0
 11
-13.253975429398654
 21
-20.142826730378797
 31
0.0
  0
LINE
  5
8E5
330
17
100
AcDbEntity
  8
ENGRAVE_POLARS
100
AcDbLine
 10
-13.253975429398654
 20
-20.142826730378797
 30
0.0
 11
-12.755251302121081
 21
-20.294356459623433
 31
0.0
  0
LINE
  5
8E6
330
17
100
AcDbEntity
  8
ENGRAVE_POLARS
100
AcDbLine
 10
-12.755251302121081
 20
-20.294356459623433
 30
0.0
 11
-12.291248547648623
 21
-20.43264317535324
 31
0.0
  0
LINE
  5
8E7
330
17
100
AcDbEntity
  8
ENGRAVE_POLARS
100
AcDbLine
 10
-12.291248547648623
 20
-20.43264317535324
 30
0.0
 11
-11.869286458333335
 21
-20.558207195422586
 31
0.0
  0
LINE
  5
8E8
330
17
100
AcDbEntity
  8
ENGRAVE_POLARS
100
AcDbLine
 10
-11.869286458333335
 20
-20.558207195422586
 30
0.0
 11
-11.48882438892932
 21
-20.665664932204
 31
0.0
  0
LINE
  5
8E9
330
17
100
AcDbEntity
  8
ENGRAVE_POLARS
100
AcDbLine
 10
-11.48882438892932
 20
-20.665664932204
 30
0.0
 11
-11.141533609896026
 21
-20.75102284682069
 31
0.0
  0
LINE
  5
8EA
330
17
100
AcDbEntity
  8
ENGRAVE_POLARS
100
AcDbLine
 10
-11.141533609896026
 20
-20.75102284682069
 30
0.0
 11
-10.823051287143553
 21
-20.81688633025302
 31
0.0
  0
LINE
  5
8EB
330
17
100
AcDbEntity
  8
ENGRAVE_POLARS
100
AcDbLine
 10
-10.823051287143553
 20
-20.81688633025302
 30
0.0
 11
-10.529014586581983
 21
-20.86586077348138
 31
0.0
  0
LINE
  5
8EC
330
17
100
AcDbEntity
  8
ENGRAVE_POLARS
100
AcDbLine
 10
-10.529014586581983
 20
-20.86586077348138
 30
0.0
 11
-10.255060674121408
 21
-20.90055156748615
 31
0.0
  0
LINE
  5
8ED
330
17
100
AcDbEntity
  8
ENGRAVE_POLARS
100
AcDbLine
 10
-10.255060674121408
 20
-20.90055156748615
 30
0.0
 11
-9.996826715671919
 21
-20.923564103247706
 31
0.0
  0
LINE
  5
8EE
330
17
100
AcDbEntity
  8
ENGRAVE_POLARS
100
AcDbLine
 10
-9.996826715671919
 20
-20.923564103247706
 30
0.0
 11
-9.749949877143601
 21
-20.93750377174644
 31
0.0
  0
LINE
  5
8EF
330
17
100
AcDbEntity
  8
ENGRAVE_POLARS
100
AcDbLine
 10
-9.749949877143601
 20
-20.93750377174644
 30
0.0
 11
-9.510067324446547
 21
-20.944975963962722
 31
0.0
  0
LINE
  5
8F0
330
17
100
AcDbEntity
  8
ENGRAVE_POLARS
100
AcDbLine
 10
-9.510067324446547
 20
-20.944975963962722
 30
0.0
 11
-9.272816223490853
 21
-20.948586070876946
 31
0.0
  0
LINE
  5
8F1
330
17
100
AcDbEntity
  8
ENGRAVE_POLARS
100
AcDbLine
 10
-9.272816223490853
 20
-20.948586070876946
 30
0.0
 11
-9.033833740186598
 21
-20.950939483469476
 31
0.0
  0
LINE
  5
8F2
330
17
100
AcDbEntity
  8
ENGRAVE_POLARS
100
AcDbLine
 10
-9.033833740186598
 20
-20.950939483469476
 30
0.0
 11
-8.788757040443878
 21
-20.9546415927207
 31
0.0
  0
LINE
  5
8F3
330
17
100
AcDbEntity
  8
ENGRAVE_POLARS
100
AcDbLine
 10
-8.788757040443878
 20
-20.9546415927207
 30
0.0
 11
-8.53322329017278
 21
-20.962297789611007
 31
0.0
  0
LINE
  5
8F4
330
17
100
AcDbEntity
  8
ENGRAVE_POLARS
100
AcDbLine
 10
-8.53322329017278
 20
-20.962297789611007
 30
0.0
 11
-8.281864338973362
 21
-20.970473297318303
 31
0.0
  0
LINE
  5
8F5
330
17
100
AcDbEntity
  8
ENGRAVE_POLARS
100
AcDbLine
 10
-8.281864338973362
 20
-20.970473297318303
 30
0.0
 11
-8.048750819234655
 21
-20.974140104068127
 31
0.0
  0
LINE
  5
8F6
330
17
100
AcDbEntity
  8
ENGRAVE_POLARS
100
AcDbLine
 10
-8.048750819234655
 20
-20.974140104068127
 30
0.0
 11
-7.828678071050208
 21
-20.973513748412277
 31
0.0
  0
LINE
  5
8F7
330
17
100
AcDbEntity
  8
ENGRAVE_POLARS
100
AcDbLine
 10
-7.828678071050208
 20
-20.973513748412277
 30
0.0
 11
-7.6164414345135665
 21
-20.96880976890256
 31
0.0
  0
LINE
  5
8F8
330
17
100
AcDbEntity
  8
ENGRAVE_POLARS
100
AcDbLine
 10
-7.6164414345135665
 20
-20.96880976890256
 30
0.0
 11
-7.40683624971828
 21
-20.960243704090775
 31
0.0
  0
LINE
  5
8F9
330
17
100
AcDbEntity
  8
ENGRAVE_POLARS
100
AcDbLine
 10
-7.40683624971828
 20
-20.960243704090775
 30
0.0
 11
-7.194657856757894
 21
-20.948031092528726
 31
0.0
  0
LINE
  5
8FA
330
17
100
AcDbEntity
  8
ENGRAVE_POLARS
100
AcDbLine
 10
-7.194657856757894
 20
-20.948031092528726
 30
0.0
 11
-6.974701595725957
 21
-20.932387472768216
 31
0.0
  0
LINE
  5
8FB
330
17
100
AcDbEntity
  8
ENGRAVE_POLARS
100
AcDbLine
 10
-6.974701595725957
 20
-20.932387472768216
 30
0.0
 11
-6.741762806716017
 21
-20.913528383361047
 31
0.0
  0
LINE
  5
8FC
330
17
100
AcDbEntity
  8
ENGRAVE_POLARS
100
AcDbLine
 10
-6.741762806716017
 20
-20.913528383361047
 30
0.0
 11
-6.4906368298216215
 21
-20.891669362859023
 31
0.0
  0
LINE
  5
8FD
330
17
100
AcDbEntity
  8
ENGRAVE_POLARS
100
AcDbLine
 10
-6.4906368298216215
 20
-20.891669362859023
 30
0.0
 11
-6.216119005136319
 21
-20.867025949813947
 31
0.0
  0
LINE
  5
8FE
330
17
100
AcDbEntity
  8
ENGRAVE_POLARS
100
AcDbLine
 10
-6.216119005136319
 20
-20.867025949813947
 30
0.0
 11
-5.913004672753655
 21
-20.83981368277761
 31
0.0
  0
LINE
  5
8FF
330
17
100
AcDbEntity
  8
ENGRAVE_POLARS
100
AcDbLine
 10
-5.913004672753655
 20
-20.83981368277761
 30
0.0
 11
-5.576089172767181
 21
-20.810248100301834
 31
0.0
  0
LINE
  5
900
330
17
100
AcDbEntity
  8
ENGRAVE_POLARS
100
AcDbLine
 10
-5.576089172767181
 20
-20.810248100301834
 30
0.0
 11
-5.185360844943501
 21
-20.77484384945496
 31
0.0
  0
LINE
  5
901
330
17
100
AcDbEntity
  8
ENGRAVE_POLARS
100
AcDbLine
 10
-5.185360844943501
 20
-20.77484384945496
 30
0.0
 11
-4.7337628072138624
 21
-20.73114784540579
 31
0.0
  0
LINE
  5
902
330
17
100
AcDbEntity
  8
ENGRAVE_POLARS
100
AcDbLine
 10
-4.7337628072138624
 20
-20.73114784540579
 30
0.0
 11
-4.235522566918766
 21
-20.680924028856804
 31
0.0
  0
LINE
  5
903
330
17
100
AcDbEntity
  8
ENGRAVE_POLARS
100
AcDbLine
 10
-4.235522566918766
 20
-20.680924028856804
 30
0.0
 11
-3.7048676313987117
 21
-20.625936340510485
 31
0.0
  0
LINE
  5
904
330
17
100
AcDbEntity
  8
ENGRAVE_POLARS
100
AcDbLine
 10
-3.7048676313987117
 20
-20.625936340510485
 30
0.0
 11
-3.156025507994204
 21
-20.567948721069314
 31
0.0
  0
LINE
  5
905
330
17
100
AcDbEntity
  8
ENGRAVE_POLARS
100
AcDbLine
 10
-3.156025507994204
 20
-20.567948721069314
 30
0.0
 11
-2.6032237040457415
 21
-20.508725111235766
 31
0.0
  0
LINE
  5
906
330
17
100
AcDbEntity
  8
ENGRAVE_POLARS
100
AcDbLine
 10
-2.6032237040457415
 20
-20.508725111235766
 30
0.0
 11
-2.060689726893825
 21
-20.450029451712307
 31
0.0
  0
LINE
  5
907
330
17
100
AcDbEntity
  8
ENGRAVE_POLARS
100
AcDbLine
 10
-2.060689726893825
 20
-20.450029451712307
 30
0.0
 11
-1.5426510838789573
 21
-20.39362568320144
 31
0.0
  0
LINE
  5
908
330
17
100
AcDbEntity
  8
ENGRAVE_POLARS
100
AcDbLine
 10
-1.5426510838789573
 20
-20.39362568320144
 30
0.0
 11
-1.0633352823416409
 21
-20.341277746405627
 31
0.0
  0
LINE
  5
909
330
17
100
AcDbEntity
  8
ENGRAVE_POLARS
100
AcDbLine
 10
-1.0633352823416409
 20
-20.341277746405627
 30
0.0
 11
-0.6369698296223745
 21
-20.294749582027354
 31
0.0
  0
LINE
  5
90A
330
17
100
AcDbEntity
  8
ENGRAVE_POLARS
100
AcDbLine
 10
-0.6369698296223745
 20
-20.294749582027354
 30
0.0
 11
-0.2777822330616607
 21
-20.255805130769094
 31
0.0
  0
LINE
  5
90B
330
17
100
AcDbEntity
  8
ENGRAVE_POLARS
100
AcDbLine
 10
-0.2777822330616607
 20
-20.255805130769094
 30
0.0
 11
-1.2384980647152096e-15
 21
-20.226208333333336
 31
0.0
  0
TEXT
  5
90C
330
17
100
AcDbEntity
  8
ENGRAVE_TEXT
100
AcDbText
 10
14.077464668284078
 20
16.74384367309288
 30
0.0
 40
3.6
  1
12
 72
1
 11
14.077464668284078
 21
16.74384367309288
 31
0.0
100
AcDbText
 73
2
  0
TEXT
  5
90D
330
17
100
AcDbEntity
  8
ENGRAVE_TEXT
100
AcDbText
 10
-14.077464668284078
 20
16.74384367309288
 30
0.0
 40
3.6
  1
12
 72
1
 11
-14.077464668284078
 21
16.74384367309288
 31
0.0
100
AcDbText
 73
2
  0
CIRCLE
  5
90E
330
17
100
AcDbEntity
  8
ENGRAVE_VMG
100
AcDbCircle
 10
12.877464668284079
 20
16.34384367309288
 30
0.0
 40
0.65
  0
CIRCLE
  5
90F
330
17
100
AcDbEntity
  8
ENGRAVE_VMG
100
AcDbCircle
 10
-12.877464668284079
 20
16.34384367309288
 30
0.0
 40
0.65
  0
CIRCLE
  5
910
330
17
100
AcDbEntity
  8
ENGRAVE_VMG
100
AcDbCircle
 10
8.53322329017278
 20
-20.962297789611007
 30
0.0
 40
0.65
  0
CIRCLE
  5
911
330
17
100
AcDbEntity
  8
ENGRAVE_VMG
100
AcDbCircle
 10
-8.53322329017278
 20
-20.962297789611007
 30
0.0
 40
0.65
  0
LINE
  5
912
330
17
100
AcDbEntity
  8
ENGRAVE_POLARS
100
AcDbLine
 10
11.167398082624867
 20
14.294337653845517
 30
0.0
 11
11.409395374758102
 21
14.208312282802797
 31
0.0
  0
LINE
  5
913
330
17
100
AcDbEntity
  8
ENGRAVE_POLARS
100
AcDbLine
 10
11.409395374758102
 20
14.208312282802797
 30
0.0
 11
11.72421977974794
 21
14.10173167287114
 31
0.0
  0
LINE
  5
914
330
17
100
AcDbEntity
  8
ENGRAVE_POLARS
100
AcDbLine
 10
11.72421977974794
 20
14.10173167287114
 30
0.0
 11
12.098774376381092
 21
13.977289239997827
 31
0.0
  0
LINE
  5
915
330
17
100
AcDbEntity
  8
ENGRAVE_POLARS
100
AcDbLine
 10
12.098774376381092
 20
13.977289239997827
 30
0.0
 11
12.519962243444278
 21
13.837678400130146
 31
0.0
  0
LINE
  5
916
330
17
100
AcDbEntity
  8
ENGRAVE_POLARS
100
AcDbLine
 10
12.519962243444278
 20
13.837678400130146
 30
0.0
 11
12.974686459724218
 21
13.685592569215387
 31
0.0
  0
LINE
  5
917
330
17
100
AcDbEntity
  8
ENGRAVE_POLARS
100
AcDbLine
 10
12.974686459724218
 20
13.685592569215387
 30
0.0
 11
13.449850104007627
 21
13.52372516320083
 31
0.0
  0
LINE
  5
918
330
17
100
AcDbEntity
  8
ENGRAVE_POLARS
100
AcDbLine
 10
13.449850104007627
 20
13.52372516320083
 30
0.0
 11
13.932356255081217
 21
13.354769598033762
 31
0.0
  0
LINE
  5
919
330
17
100
AcDbEntity
  8
ENGRAVE_POLARS
100
AcDbLine
 10
13.932356255081217
 20
13.354769598033762
 30
0.0
 11
14.409107991731712
 21
13.181419289661472
 31
0.0
  0
LINE
  5
91A
330
17
100
AcDbEntity
  8
ENGRAVE_POLARS
100
AcDbLine
 10
14.409107991731712
 20
13.181419289661472
 30
0.0
 11
14.867008392745827
 21
13.006367654031244
 31
0.0
  0
LINE
  5
91B
330
17
100
AcDbEntity
  8
ENGRAVE_POLARS
100
AcDbLine
 10
14.867008392745827
 20
13.006367654031244
 30
0.0
 11
15.292960536910277
 21
12.83230810709036
 31
0.0
  0
LINE
  5
91C
330
17
100
AcDbEntity
  8
ENGRAVE_POLARS
100
AcDbLine
 10
15.292960536910277
 20
12.83230810709036
 30
0.0
 11
15.673867503011781
 21
12.66193406478611
 31
0.0
  0
LINE
  5
91D
330
17
100
AcDbEntity
  8
ENGRAVE_POLARS
100
AcDbLine
 10
15.673867503011781
 20
12.66193406478611
 30
0.0
 11
15.996632369837053
 21
12.497938943065778
 31
0.0
  0
LINE
  5
91E
330
17
100
AcDbEntity
  8
ENGRAVE_POLARS
100
AcDbLine
 10
15.996632369837053
 20
12.497938943065778
 30
0.0
 11
16.26795430674912
 21
12.339775591859777
 31
0.0
  0
LINE
  5
91F
330
17
100
AcDbEntity
  8
ENGRAVE_POLARS
100
AcDbLine
 10
16.26795430674912
 20
12.339775591859777
 30
0.0
 11
16.506383971938945
 21
12.184157552817693
 31
0.0
  0
LINE
  5
920
330
17
100
AcDbEntity
  8
ENGRAVE_POLARS
100
AcDbLine
 10
16.506383971938945
 20
12.184157552817693
 30
0.0
 11
16.71660167743514
 21
12.029669279465576
 31
0.0
  0
LINE
  5
921
330
17
100
AcDbEntity
  8
ENGRAVE_POLARS
100
AcDbLine
 10
16.71660167743514
 20
12.029669279465576
 30
0.0
 11
16.90328773526634
 21
11.874895225329468
 31
0.0
  0
LINE
  5
922
330
17
100
AcDbEntity
  8
ENGRAVE_POLARS
100
AcDbLine
 10
16.90328773526634
 20
11.874895225329468
 30
0.0
 11
17.07112245746115
 21
11.718419843935425
 31
0.0
  0
LINE
  5
923
330
17
100
AcDbEntity
  8
ENGRAVE_POLARS
100
AcDbLine
 10
17.07112245746115
 20
11.718419843935425
 30
0.0
 11
17.22478615604821
 21
11.558827588809493
 31
0.0
  0
LINE
  5
924
330
17
100
AcDbEntity
  8
ENGRAVE_POLARS
100
AcDbLine
 10
17.22478615604821
 20
11.558827588809493
 30
0.0
 11
17.368959143056124
 21
11.394702913477714
 31
0.0
  0
LINE
  5
925
330
17
100
AcDbEntity
  8
ENGRAVE_POLARS
100
AcDbLine
 10
17.368959143056124
 20
11.394702913477714
 30
0.0
 11
17.508321730513526
 21
11.224630271466141
 31
0.0
  0
LINE
  5
926
330
17
100
AcDbEntity
  8
ENGRAVE_POLARS
100
AcDbLine
 10
17.508321730513526
 20
11.224630271466141
 30
0.0
 11
17.647554230449035
 21
11.04719411630082
 31
0.0
  0
LINE
  5
927
330
17
100
AcDbEntity
  8
ENGRAVE_POLARS
100
AcDbLine
 10
17.647554230449035
 20
11.04719411630082
 30
0.0
 11
17.79133695489127
 21
10.860978901507801
 31
0.0
  0
LINE
  5
928
330
17
100
AcDbEntity
  8
ENGRAVE_POLARS
100
AcDbLine
 10
17.79133695489127
 20
10.860978901507801
 30
0.0
 11
17.94435021586885
 21
10.664569080613129
 31
0.0
  0
LINE
  5
929
330
17
100
AcDbEntity
  8
ENGRAVE_POLARS
100
AcDbLine
 10
17.94435021586885
 20
10.664569080613129
 30
0.0
 11
18.111274325410406
 21
10.456549107142854
 31
0.0
  0
LINE
  5
92A
330
17
100
AcDbEntity
  8
ENGRAVE_POLARS
100
AcDbLine
 10
18.111274325410406
 20
10.456549107142854
 30
0.0
 11
18.290761895136793
 21
10.230829409695048
 31
0.0
  0
LINE
  5
92B
330
17
100
AcDbEntity
  8
ENGRAVE_POLARS
100
AcDbLine
 10
18.290761895136793
 20
10.230829409695048
 30
0.0
 11
18.476849701139166
 21
9.985079038985523
 31
0.0
  0
LINE
  5
92C
330
17
100
AcDbEntity
  8
ENGRAVE_POLARS
100
AcDbLine
 10
18.476849701139166
 20
9.985079038985523
 30
0.0
 11
18.667294302151554
 21
9.723520381716936
 31
0.0
  0
LINE
  5
92D
330
17
100
AcDbEntity
  8
ENGRAVE_POLARS
100
AcDbLine
 10
18.667294302151554
 20
9.723520381716936
 30
0.0
 11
18.85985225690801
 21
9.450375824591946
 31
0.0
  0
LINE
  5
92E
330
17
100
AcDbEntity
  8
ENGRAVE_POLARS
100
AcDbLine
 10
18.85985225690801
 20
9.450375824591946
 30
0.0
 11
19.05228012414257
 21
9.16986775431321
 31
0.0
  0
LINE
  5
92F
330
17
100
AcDbEntity
  8
ENGRAVE_POLARS
100
AcDbLine
 10
19.05228012414257
 20
9.16986775431321
 30
0.0
 11
19.24233446258928
 21
8.886218557583382
 31
0.0
  0
LINE
  5
930
330
17
100
AcDbEntity
  8
ENGRAVE_POLARS
100
AcDbLine
 10
19.24233446258928
 20
8.886218557583382
 30
0.0
 11
19.42777183098217
 21
8.603650621105118
 31
0.0
  0
LINE
  5
931
330
17
100
AcDbEntity
  8
ENGRAVE_POLARS
100
AcDbLine
 10
19.42777183098217
 20
8.603650621105118
 30
0.0
 11
19.606348788055296
 21
8.32638633158108
 31
0.0
  0
LINE
  5
932
330
17
100
AcDbEntity
  8
ENGRAVE_POLARS
100
AcDbLine
 10
19.606348788055296
 20
8.32638633158108
 30
0.0
 11
19.77582189254269
 21
8.058648075713922
 31
0.0
  0
LINE
  5
933
330
17
100
AcDbEntity
  8
ENGRAVE_POLARS
100
AcDbLine
 10
19.77582189254269
 20
8.058648075713922
 30
0.0
 11
19.933947703178397
 21
7.804658240206302
 31
0.0
  0
LINE
  5
934
330
17
100
AcDbEntity
  8
ENGRAVE_POLARS
100
AcDbLine
 10
19.933947703178397
 20
7.804658240206302
 30
0.0
 11
20.07848277869646
 21
7.568639211760875
 31
0.0
  0
LINE
  5
935
330
17
100
AcDbEntity
  8
ENGRAVE_POLARS
100
AcDbLine
 10
20.07848277869646
 20
7.568639211760875
 30
0.0
 11
20.207183677830916
 21
7.354813377080299
 31
0.0
  0
LINE
  5
936
330
17
100
AcDbEntity
  8
ENGRAVE_POLARS
100
AcDbLine
 10
20.207183677830916
 20
7.354813377080299
 30
0.0
 11
20.319155620985153
 21
7.162912076602637
 31
0.0
  0
LINE
  5
937
330
17
100
AcDbEntity
  8
ENGRAVE_POLARS
100
AcDbLine
 10
20.319155620985153
 20
7.162912076602637
 30
0.0
 11
20.416276593433285
 21
6.988158105112845
 31
0.0
  0
LINE
  5
938
330
17
100
AcDbEntity
  8
ENGRAVE_POLARS
100
AcDbLine
 10
20.416276593433285
 20
6.988158105112845
 30
0.0
 11
20.500462301215443
 21
6.82801103083393
 31
0.0
  0
LINE
  5
939
330
17
100
AcDbEntity
  8
ENGRAVE_POLARS
100
AcDbLine
 10
20.500462301215443
 20
6.82801103083393
 30
0.0
 11
20.57362845037174
 21
6.6799304219888915
 31
0.0
  0
LINE
  5
93A
330
17
100
AcDbEntity
  8
ENGRAVE_POLARS
100
AcDbLine
 10
20.57362845037174
 20
6.6799304219888915
 30
0.0
 11
20.63769074694231
 21
6.541375846800734
 31
0.0
  0
LINE
  5
93B
330
17
100
AcDbEntity
  8
ENGRAVE_POLARS
100
AcDbLine
 10
20.63769074694231
 20
6.541375846800734
 30
0.0
 11
20.694564896967282
 21
6.4098068734924585
 31
0.0
  0
LINE
  5
93C
330
17
100
AcDbEntity
  8
ENGRAVE_POLARS
100
AcDbLine
 10
20.694564896967282
 20
6.4098068734924585
 30
0.0
 11
20.746166606486764
 21
6.282683070287068
 31
0.0
  0
LINE
  5
93D
330
17
100
AcDbEntity
  8
ENGRAVE_POLARS
100
AcDbLine
 10
20.746166606486764
 20
6.282683070287068
 30
0.0
 11
20.7944115815409
 21
6.157464005407567
 31
0.0
  0
LINE
  5
93E
330
17
100
AcDbEntity
  8
ENGRAVE_POLARS
100
AcDbLine
 10
20.7944115815409
 20
6.157464005407567
 30
0.0
 11
20.841215528169805
 21
6.031609247076958
 31
0.0
  0
LINE
  5
93F
330
17
100
AcDbEntity
  8
ENGRAVE_POLARS
100
AcDbLine
 10
20.841215528169805
 20
6.031609247076958
 30
0.0
 11
20.888494152413607
 21
5.902578363518239
 31
0.0
  0
LINE
  5
940
330
17
100
AcDbEntity
  8
ENGRAVE_POLARS
100
AcDbLine
 10
20.888494152413607
 20
5.902578363518239
 30
0.0
 11
20.938163160312428
 21
5.767830922954417
 31
0.0
  0
LINE
  5
941
330
17
100
AcDbEntity
  8
ENGRAVE_POLARS
100
AcDbLine
 10
20.938163160312428
 20
5.767830922954417
 30
0.0
 11
20.992138257906397
 21
5.624826493608494
 31
0.0
  0
LINE
  5
942
330
17
100
AcDbEntity
  8
ENGRAVE_POLARS
100
AcDbLine
 10
20.992138257906397
 20
5.624826493608494
 30
0.0
 11
21.047780417598666
 21
5.482545279658274
 31
0.0
  0
LINE
  5
943
330
17
100
AcDbEntity
  8
ENGRAVE_POLARS
100
AcDbLine
 10
21.047780417598666
 20
5.482545279658274
 30
0.0
 11
21.101320397056565
 21
5.3494733366099965
 31
0.0
  0
LINE
  5
944
330
17
100
AcDbEntity
  8
ENGRAVE_POLARS
100
AcDbLine
 10
21.101320397056565
 20
5.3494733366099965
 30
0.0
 11
21.15297858021647
 21
5.222329009679309
 31
0.0
  0
LINE
  5
945
330
17
100
AcDbEntity
  8
ENGRAVE_POLARS
100
AcDbLine
 10
21.15297858021647
 20
5.222329009679309
 30
0.0
 11
21.20297535101476
 21
5.097830644081862
 31
0.0
  0
LINE
  5
946
330
17
100
AcDbEntity
  8
ENGRAVE_POLARS
100
AcDbLine
 10
21.20297535101476
 20
5.097830644081862
 30
0.0
 11
21.251531093387825
 21
4.972696585033306
 31
0.0
  0
LINE
  5
947
330
17
100
AcDbEntity
  8
ENGRAVE_POLARS
100
AcDbLine
 10
21.251531093387825
 20
4.972696585033306
 30
0.0
 11
21.298866191272044
 21
4.84364517774929
 31
0.0
  0
LINE
  5
948
330
17
100
AcDbEntity
  8
ENGRAVE_POLARS
100
AcDbLine
 10
21.298866191272044
 20
4.84364517774929
 30
0.0
 11
21.345201028603793
 21
4.707394767445465
 31
0.0
  0
LINE
  5
949
330
17
100
AcDbEntity
  8
ENGRAVE_POLARS
100
AcDbLine
 10
21.345201028603793
 20
4.707394767445465
 30
0.0
 11
21.390755989319462
 21
4.56066369933748
 31
0.0
  0
LINE
  5
94A
330
17
100
AcDbEntity
  8
ENGRAVE_POLARS
100
AcDbLine
 10
21.390755989319462
 20
4.56066369933748
 30
0.0
 11
21.43575145735543
 21
4.400170318640987
 31
0.0
  0
LINE
  5
94B
330
17
100
AcDbEntity
  8
ENGRAVE_POLARS
100
AcDbLine
 10
21.43575145735543
 20
4.400170318640987
 30
0.0
 11
21.48040781664808
 21
4.222632970571632
 31
0.0
  0
LINE
  5
94C
330
17
100
AcDbEntity
  8
ENGRAVE_POLARS
100
AcDbLine
 10
21.48040781664808
 20
4.222632970571632
 30
0.0
 11
21.524945451133778
 21
4.024770000345067
 31
0.0
  0
LINE
  5
94D
330
17
100
AcDbEntity
  8
ENGRAVE_POLARS
100
AcDbLine
 10
21.524945451133778
 20
4.024770000345067
 30
0.0
 11
21.569584744748926
 21
3.803299753176944
 31
0.0
  0
LINE
  5
94E
330
17
100
AcDbEntity
  8
ENGRAVE_POLARS
100
AcDbLine
 10
21.569584744748926
 20
3.803299753176944
 30
0.0
 11
21.61625503070431
 21
3.5688875119039554
 31
0.0
  0
LINE
  5
94F
330
17
100
AcDbEntity
  8
ENGRAVE_POLARS
100
AcDbLine
 10
21.61625503070431
 20
3.5688875119039554
 30
0.0
 11
21.665943647658015
 21
3.3319002617323807
 31
0.0
  0
LINE
  5
950
330
17
100
AcDbEntity
  8
ENGRAVE_POLARS
100
AcDbLine
 10
21.665943647658015
 20
3.3319002617323807
 30
0.0
 11
21.717457987717363
 21
3.0886089014322455
 31
0.0
  0
LINE
  5
951
330
17
100
AcDbEntity
  8
ENGRAVE_POLARS
100
AcDbLine
 10
21.717457987717363
 20
3.0886089014322455
 30
0.0
 11
21.769605442989686
 21
2.835284329773575
 31
0.0
  0
LINE
  5
952
330
17
100
AcDbEntity
  8
ENGRAVE_POLARS
100
AcDbLine
 10
21.769605442989686
 20
2.835284329773575
 30
0.0
 11
21.82119340558231
 21
2.568197445526396
 31
0.0
  0
LINE
  5
953
330
17
100
AcDbEntity
  8
ENGRAVE_POLARS
100
AcDbLine
 10
21.82119340558231
 20
2.568197445526396
 30
0.0
 11
21.87102926760255
 21
2.283619147460731
 31
0.0
  0
LINE
  5
954
330
17
100
AcDbEntity
  8
ENGRAVE_POLARS
100
AcDbLine
 10
21.87102926760255
 20
2.283619147460731
 30
0.0
 11
21.91792042115774
 21
1.9778203343466079
 31
0.0
  0
LINE
  5
955
330
17
100
AcDbEntity
  8
ENGRAVE_POLARS
100
AcDbLine
 10
21.91792042115774
 20
1.9778203343466079
 30
0.0
 11
21.9606742583552
 21
1.6470719049540512
 31
0.0
  0
LINE
  5
956
330
17
100
AcDbEntity
  8
ENGRAVE_POLARS
100
AcDbLine
 10
21.9606742583552
 20
1.6470719049540512
 30
0.0
 11
21.998098171302267
 21
1.2876447580530872
 31
0.0
  0
LINE
  5
957
330
17
100
AcDbEntity
  8
ENGRAVE_POLARS
100
AcDbLine
 10
21.998098171302267
 20
1.2876447580530872
 30
0.0
 11
22.02899955210625
 21
0.89580979241374
 31
0.0
  0
LINE
  5
958
330
17
100
AcDbEntity
  8
ENGRAVE_POLARS
100
AcDbLine
 10
22.02899955210625
 20
0.89580979241374
 30
0.0
 11
22.05218579287448
 21
0.4678379068060358
 31
0.0
  0
LINE
  5
959
330
17
100
AcDbEntity
  8
ENGRAVE_POLARS
100
AcDbLine
 10
22.05218579287448
 20
0.4678379068060358
 30
0.0
 11
22.066464285714286
 21
0.0
 31
0.0
  0
LINE
  5
95A
330
17
100
AcDbEntity
  8
ENGRAVE_POLARS
100
AcDbLine
 10
22.066464285714286
 20
0.0
 30
0.0
 11
22.073224421845648
 21
-0.5288512336456597
 31
0.0
  0
LINE
  5
95B
330
17
100
AcDbEntity
  8
ENGRAVE_POLARS
100
AcDbLine
 10
22.073224421845648
 20
-0.5288512336456597
 30
0.0
 11
22.074651386109657
 21
-1.1281050600154288
 31
0.0
  0
LINE
  5
95C
330
17
100
AcDbEntity
  8
ENGRAVE_POLARS
100
AcDbLine
 10
22.074651386109657
 20
-1.1281050600154288
 30
0.0
 11
22.070746261045294
 21
-1.7838535207040742
 31
0.0
  0
LINE
  5
95D
330
17
100
AcDbEntity
  8
ENGRAVE_POLARS
100
AcDbLine
 10
22.070746261045294
 20
-1.7838535207040742
 30
0.0
 11
22.061510129191547
 21
-2.4821886573063616
 31
0.0
  0
LINE
  5
95E
330
17
100
AcDbEntity
  8
ENGRAVE_POLARS
100
AcDbLine
 10
22.061510129191547
 20
-2.4821886573063616
 30
0.0
 11
22.0469440730874
 21
-3.2092025114170566
 31
0.0
  0
LINE
  5
95F
330
17
100
AcDbEntity
  8
ENGRAVE_POLARS
100
AcDbLine
 10
22.0469440730874
 20
-3.2092025114170566
 30
0.0
 11
22.027049175271827
 21
-3.9509871246309256
 31
0.0
  0
LINE
  5
960
330
17
100
AcDbEntity
  8
ENGRAVE_POLARS
100
AcDbLine
 10
22.027049175271827
 20
-3.9509871246309256
 30
0.0
 11
22.00182651828382
 21
-4.693634538542735
 31
0.0
  0
LINE
  5
961
330
17
100
AcDbEntity
  8
ENGRAVE_POLARS
100
AcDbLine
 10
22.00182651828382
 20
-4.693634538542735
 30
0.0
 11
21.97127718466237
 21
-5.423236794747251
 31
0.0
  0
LINE
  5
962
330
17
100
AcDbEntity
  8
ENGRAVE_POLARS
100
AcDbLine
 10
21.97127718466237
 20
-5.423236794747251
 30
0.0
 11
21.93540225694645
 21
-6.125885934839239
 31
0.0
  0
LINE
  5
963
330
17
100
AcDbEntity
  8
ENGRAVE_POLARS
100
AcDbLine
 10
21.93540225694645
 20
-6.125885934839239
 30
0.0
 11
21.894202817675044
 21
-6.787674000413466
 31
0.0
  0
LINE
  5
964
330
17
100
AcDbEntity
  8
ENGRAVE_POLARS
100
AcDbLine
 10
21.894202817675044
 20
-6.787674000413466
 30
0.0
 11
21.847679949387143
 21
-7.394693033064696
 31
0.0
  0
LINE
  5
965
330
17
100
AcDbEntity
  8
ENGRAVE_POLARS
100
AcDbLine
 10
21.847679949387143
 20
-7.394693033064696
 30
0.0
 11
21.795834734621724
 21
-7.933035074387699
 31
0.0
  0
LINE
  5
966
330
17
100
AcDbEntity
  8
ENGRAVE_POLARS
100
AcDbLine
 10
21.795834734621724
 20
-7.933035074387699
 30
0.0
 11
21.746364521250065
 21
-8.404985751754687
 31
0.0
  0
LINE
  5
967
330
17
100
AcDbEntity
  8
ENGRAVE_POLARS
100
AcDbLine
 10
21.746364521250065
 20
-8.404985751754687
 30
0.0
 11
21.704166440602265
 21
-8.827171873571872
 31
0.0
  0
LINE
  5
968
330
17
100
AcDbEntity
  8
ENGRAVE_POLARS
100
AcDbLine
 10
21.704166440602265
 20
-8.827171873571872
 30
0.0
 11
21.66504125040555
 21
-9.207197252985013
 31
0.0
  0
LINE
  5
969
330
17
100
AcDbEntity
  8
ENGRAVE_POLARS
100
AcDbLine
 10
21.66504125040555
 20
-9.207197252985013
 30
0.0
 11
21.624789708387144
 21
-9.552665703139866
 31
0.0
  0
LINE
  5
96A
330
17
100
AcDbEntity
  8
ENGRAVE_POLARS
100
AcDbLine
 10
21.624789708387144
 20
-9.552665703139866
 30
0.0
 11
21.579212572274272
 21
-9.871181037182192
 31
0.0
  0
LINE
  5
96B
330
17
100
AcDbEntity
  8
ENGRAVE_POLARS
100
AcDbLine
 10
21.579212572274272
 20
-9.871181037182192
 30
0.0
 11
21.524110599794156
 21
-10.170347068257751
 31
0.0
  0
LINE
  5
96C
330
17
100
AcDbEntity
  8
ENGRAVE_POLARS
100
AcDbLine
 10
21.524110599794156
 20
-10.170347068257751
 30
0.0
 11
21.45528454867402
 21
-10.457767609512297
 31
0.0
  0
LINE
  5
96D
330
17
100
AcDbEntity
  8
ENGRAVE_POLARS
100
AcDbLine
 10
21.45528454867402
 20
-10.457767609512297
 30
0.0
 11
21.36853517664109
 21
-10.741046474091592
 31
0.0
  0
LINE
  5
96E
330
17
100
AcDbEntity
  8
ENGRAVE_POLARS
100
AcDbLine
 10
21.36853517664109
 20
-10.741046474091592
 30
0.0
 11
21.259663241422594
 21
-11.027787475141395
 31
0.0
  0
LINE
  5
96F
330
17
100
AcDbEntity
  8
ENGRAVE_POLARS
100
AcDbLine
 10
21.259663241422594
 20
-11.027787475141395
 30
0.0
 11
21.124469500745754
 21
-11.325594425807463
 31
0.0
  0
LINE
  5
970
330
17
100
AcDbEntity
  8
ENGRAVE_POLARS
100
AcDbLine
 10
21.124469500745754
 20
-11.325594425807463
 30
0.0
 11
20.958754712337786
 21
-11.642071139235552
 31
0.0
  0
LINE
  5
971
330
17
100
AcDbEntity
  8
ENGRAVE_POLARS
100
AcDbLine
 10
20.958754712337786
 20
-11.642071139235552
 30
0.0
 11
20.75831963392593
 21
-11.984821428571426
 31
0.0
  0
LINE
  5
972
330
17
100
AcDbEntity
  8
ENGRAVE_POLARS
100
AcDbLine
 10
20.75831963392593
 20
-11.984821428571426
 30
0.0
 11
20.522489104647374
 21
-12.353705890434059
 31
0.0
  0
LINE
  5
973
330
17
100
AcDbEntity
  8
ENGRAVE_POLARS
100
AcDbLine
 10
20.522489104647374
 20
-12.353705890434059
 30
0.0
 11
20.255414468250645
 21
-12.7403407446947
 31
0.0
  0
LINE
  5
974
330
17
100
AcDbEntity
  8
ENGRAVE_POLARS
100
AcDbLine
 10
20.255414468250645
 20
-12.7403407446947
 30
0.0
 11
19.96013623937994
 21
-13.139963239377515
 31
0.0
  0
LINE
  5
975
330
17
100
AcDbEntity
  8
ENGRAVE_POLARS
100
AcDbLine
 10
19.96013623937994
 20
-13.139963239377515
 30
0.0
 11
19.639694932679465
 21
-13.547810622506669
 31
0.0
  0
LINE
  5
976
330
17
100
AcDbEntity
  8
ENGRAVE_POLARS
100
AcDbLine
 10
19.639694932679465
 20
-13.547810622506669
 30
0.0
 11
19.297131062793422
 21
-13.959120142106332
 31
0.0
  0
LINE
  5
977
330
17
100
AcDbEntity
  8
ENGRAVE_POLARS
100
AcDbLine
 10
19.297131062793422
 20
-13.959120142106332
 30
0.0
 11
18.93548514436601
 21
-14.369129046200666
 31
0.0
  0
LINE
  5
978
330
17
100
AcDbEntity
  8
ENGRAVE_POLARS
100
AcDbLine
 10
18.93548514436601
 20
-14.369129046200666
 30
0.0
 11
18.557797692041426
 21
-14.773074582813837
 31
0.0
  0
LINE
  5
979
330
17
100
AcDbEntity
  8
ENGRAVE_POLARS
100
AcDbLine
 10
18.557797692041426
 20
-14.773074582813837
 30
0.0
 11
18.167109220463885
 21
-15.166193999970018
 31
0.0
  0
LINE
  5
97A
330
17
100
AcDbEntity
  8
ENGRAVE_POLARS
100
AcDbLine
 10
18.167109220463885
 20
-15.166193999970018
 30
0.0
 11
17.766460244277585
 21
-15.543724545693369
 31
0.0
  0
LINE
  5
97B
330
17
100
AcDbEntity
  8
ENGRAVE_POLARS
100
AcDbLine
 10
17.766460244277585
 20
-15.543724545693369
 30
0.0
 11
17.358891278126723
 21
-15.900903468008059
 31
0.0
  0
LINE
  5
97C
330
17
100
AcDbEntity
  8
ENGRAVE_POLARS
100
AcDbLine
 10
17.358891278126723
 20
-15.900903468008059
 30
0.0
 11
16.947442836655497
 21
-16.23296801493825
 31
0.0
  0
LINE
  5
97D
330
17
100
AcDbEntity
  8
ENGRAVE_POLARS
100
AcDbLine
 10
16.947442836655497
 20
-16.23296801493825
 30
0.0
 11
16.53515543450812
 21
-16.535155434508116
 31
0.0
  0
LINE
  5
97E
330
17
100
AcDbEntity
  8
ENGRAVE_POLARS
100
AcDbLine
 10
16.53515543450812
 20
-16.535155434508116
 30
0.0
 11
16.113614202945747
 21
-16.810808425228107
 31
0.0
  0
LINE
  5
97F
330
17
100
AcDbEntity
  8
ENGRAVE_POLARS
100
AcDbLine
 10
16.113614202945747
 20
-16.810808425228107
 30
0.0
 11
15.674147300431816
 21
-17.067249888305792
 31
0.0
  0
LINE
  5
980
330
17
100
AcDbEntity
  8
ENGRAVE_POLARS
100
AcDbLine
 10
15.674147300431816
 20
-17.067249888305792
 30
0.0
 11
15.219409782413917
 21
-17.305687375810994
 31
0.0
  0
LINE
  5
981
330
17
100
AcDbEntity
  8
ENGRAVE_POLARS
100
AcDbLine
 10
15.219409782413917
 20
-17.305687375810994
 30
0.0
 11
14.752056704339656
 21
-17.52732843981354
 31
0.0
  0
LINE
  5
982
330
17
100
AcDbEntity
  8
ENGRAVE_POLARS
100
AcDbLine
 10
14.752056704339656
 20
-17.52732843981354
 30
0.0
 11
14.274743121656636
 21
-17.733380632383266
 31
0.0
  0
LINE
  5
983
330
17
100
AcDbEntity
  8
ENGRAVE_POLARS
100
AcDbLine
 10
14.274743121656636
 20
-17.733380632383266
 30
0.0
 11
13.790124089812451
 21
-17.925051505589977
 31
0.0
  0
LINE
  5
984
330
17
100
AcDbEntity
  8
ENGRAVE_POLARS
100
AcDbLine
 10
13.790124089812451
 20
-17.925051505589977
 30
0.0
 11
13.300854664254707
 21
-18.103548611503523
 31
0.0
  0
LINE
  5
985
330
17
100
AcDbEntity
  8
ENGRAVE_POLARS
100
AcDbLine
 10
13.300854664254707
 20
-18.103548611503523
 30
0.0
 11
12.809589900431
 21
-18.270079502193717
 31
0.0
  0
LINE
  5
986
330
17
100
AcDbEntity
  8
ENGRAVE_POLARS
100
AcDbLine
 10
12.809589900431
 20
-18.270079502193717
 30
0.0
 11
12.318984853788937
 21
-18.42585172973039
 31
0.0
  0
LINE
  5
987
330
17
100
AcDbEntity
  8
ENGRAVE_POLARS
100
AcDbLine
 10
12.318984853788937
 20
-18.42585172973039
 30
0.0
 11
11.831694579776109
 21
-18.57207284618336
 31
0.0
  0
LINE
  5
988
330
17
100
AcDbEntity
  8
ENGRAVE_POLARS
100
AcDbLine
 10
11.831694579776109
 20
-18.57207284618336
 30
0.0
 11
11.350374133840122
 21
-18.709950403622468
 31
0.0
  0
LINE
  5
989
330
17
100
AcDbEntity
  8
ENGRAVE_POLARS
100
AcDbLine
 10
11.350374133840122
 20
-18.709950403622468
 30
0.0
 11
10.877678571428575
 21
-18.84069195411753
 31
0.0
  0
LINE
  5
98A
330
17
100
AcDbEntity
  8
ENGRAVE_POLARS
100
AcDbLine
 10
10.877678571428575
 20
-18.84069195411753
 30
0.0
 11
10.393313237073054
 21
-18.960367883169578
 31
0.0
  0
LINE
  5
98B
330
17
100
AcDbEntity
  8
ENGRAVE_POLARS
100
AcDbLine
 10
10.393313237073054
 20
-18.960367883169578
 30
0.0
 11
9.881466925896278
 21
-19.065160197475816
 31
0.0
  0
LINE
  5
98C
330
17
100
AcDbEntity
  8
ENGRAVE_POLARS
100
AcDbLine
 10
9.881466925896278
 20
-19.065160197475816
 30
0.0
 11
9.351519869232547
 21
-19.15644388090034
 31
0.0
  0
LINE
  5
98D
330
17
100
AcDbEntity
  8
ENGRAVE_POLARS
100
AcDbLine
 10
9.351519869232547
 20
-19.15644388090034
 30
0.0
 11
8.812852298416152
 21
-19.23559391730724
 31
0.0
  0
LINE
  5
98E
330
17
100
AcDbEntity
  8
ENGRAVE_POLARS
100
AcDbLine
 10
8.812852298416152
 20
-19.23559391730724
 30
0.0
 11
8.2748444447814
 21
-19.303985290560625
 31
0.0
  0
LINE
  5
98F
330
17
100
AcDbEntity
  8
ENGRAVE_POLARS
100
AcDbLine
 10
8.2748444447814
 20
-19.303985290560625
 30
0.0
 11
7.746876539662584
 21
-19.362992984524578
 31
0.0
  0
LINE
  5
990
330
17
100
AcDbEntity
  8
ENGRAVE_POLARS
100
AcDbLine
 10
7.746876539662584
 20
-19.362992984524578
 30
0.0
 11
7.238328814394003
 21
-19.4139919830632
 31
0.0
  0
LINE
  5
991
330
17
100
AcDbEntity
  8
ENGRAVE_POLARS
100
AcDbLine
 10
7.238328814394003
 20
-19.4139919830632
 30
0.0
 11
6.7585815003099565
 21
-19.458357270040594
 31
0.0
  0
LINE
  5
992
330
17
100
AcDbEntity
  8
ENGRAVE_POLARS
100
AcDbLine
 10
6.7585815003099565
 20
-19.458357270040594
 30
0.0
 11
6.317014828744745
 21
-19.497463829320843
 31
0.0
  0
LINE
  5
993
330
17
100
AcDbEntity
  8
ENGRAVE_POLARS
100
AcDbLine
 10
6.317014828744745
 20
-19.497463829320843
 30
0.0
 11
5.923009031032662
 21
-19.532686644768052
 31
0.0
  0
LINE
  5
994
330
17
100
AcDbEntity
  8
ENGRAVE_POLARS
100
AcDbLine
 10
5.923009031032662
 20
-19.532686644768052
 30
0.0
 11
5.585944338508007
 21
-19.56540070024631
 31
0.0
  0
LINE
  5
995
330
17
100
AcDbEntity
  8
ENGRAVE_POLARS
100
AcDbLine
 10
5.585944338508007
 20
-19.56540070024631
 30
0.0
 11
5.315200982505081
 21
-19.59698097961972
 31
0.0
  0
LINE
  5
996
330
17
100
AcDbEntity
  8
ENGRAVE_POLARS
100
AcDbLine
 10
5.315200982505081
 20
-19.59698097961972
 30
0.0
 11
5.1338420487764385
 21
-19.62410729419615
 31
0.0
  0
LINE
  5
997
330
17
100
AcDbEntity
  8
ENGRAVE_POLARS
100
AcDbLine
 10
5.1338420487764385
 20
-19.62410729419615
 30
0.0
 11
5.046311066799929
 21
-19.64316681422888
 31
0.0
  0
LINE
  5
998
330
17
100
AcDbEntity
  8
ENGRAVE_POLARS
100
AcDbLine
 10
5.046311066799929
 20
-19.64316681422888
 30
0.0
 11
5.034058933497785
 21
-19.655095562000096
 31
0.0
  0
LINE
  5
999
330
17
100
AcDbEntity
  8
ENGRAVE_POLARS
100
AcDbLine
 10
5.034058933497785
 20
-19.655095562000096
 30
0.0
 11
5.0785365457922405
 21
-19.660829559791985
 31
0.0
  0
LINE
  5
99A
330
17
100
AcDbEntity
  8
ENGRAVE_POLARS
100
AcDbLine
 10
5.0785365457922405
 20
-19.660829559791985
 30
0.0
 11
5.161194800605529
 21
-19.661304829886735
 31
0.0
  0
LINE
  5
99B
330
17
100
AcDbEntity
  8
ENGRAVE_POLARS
100
AcDbLine
 10
5.161194800605529
 20
-19.661304829886735
 30
0.0
 11
5.263484594859881
 21
-19.65745739456653
 31
0.0
  0
LINE
  5
99C
330
17
100
AcDbEntity
  8
ENGRAVE_POLARS
100
AcDbLine
 10
5.263484594859881
 20
-19.65745739456653
 30
0.0
 11
5.366856825477534
 21
-19.65022327611356
 31
0.0
  0
LINE
  5
99D
330
17
100
AcDbEntity
  8
ENGRAVE_POLARS
100
AcDbLine
 10
5.366856825477534
 20
-19.65022327611356
 30
0.0
 11
5.452762389380717
 21
-19.640538496810024
 31
0.0
  0
LINE
  5
99E
330
17
100
AcDbEntity
  8
ENGRAVE_POLARS
100
AcDbLine
 10
5.452762389380717
 20
-19.640538496810024
 30
0.0
 11
5.502652183491667
 21
-19.62933907893809
 31
0.0
  0
LINE
  5
99F
330
17
100
AcDbEntity
  8
ENGRAVE_POLARS
100
AcDbLine
 10
5.502652183491667
 20
-19.62933907893809
 30
0.0
 11
5.497977104732614
 21
-19.617561044779958
 31
0.0
  0
LINE
  5
9A0
330
17
100
AcDbEntity
  8
ENGRAVE_POLARS
100
AcDbLine
 10
5.497977104732614
 20
-19.617561044779958
 30
0.0
 11
5.420188050025794
 21
-19.60614041661781
 31
0.0
  0
LINE
  5
9A1
330
17
100
AcDbEntity
  8
ENGRAVE_POLARS
100
AcDbLine
 10
5.420188050025794
 20
-19.60614041661781
 30
0.0
 11
5.250735916293439
 21
-19.59601321673384
 31
0.0
  0
LINE
  5
9A2
330
17
100
AcDbEntity
  8
ENGRAVE_POLARS
100
AcDbLine
 10
5.250735916293439
 20
-19.59601321673384
 30
0.0
 11
4.978041684200892
 21
-19.58469592018065
 31
0.0
  0
LINE
  5
9A3
330
17
100
AcDbEntity
  8
ENGRAVE_POLARS
100
AcDbLine
 10
4.978041684200892
 20
-19.58469592018065
 30
0.0
 11
4.614972272074574
 21
-19.569586986774794
 31
0.0
  0
LINE
  5
9A4
330
17
100
AcDbEntity
  8
ENGRAVE_POLARS
100
AcDbLine
 10
4.614972272074574
 20
-19.569586986774794
 30
0.0
 11
4.179647483328329
 21
-19.551445415944364
 31
0.0
  0
LINE
  5
9A5
330
17
100
AcDbEntity
  8
ENGRAVE_POLARS
100
AcDbLine
 10
4.179647483328329
 20
-19.551445415944364
 30
0.0
 11
3.690187121376002
 21
-19.531030207117453
 31
0.0
  0
LINE
  5
9A6
330
17
100
AcDbEntity
  8
ENGRAVE_POLARS
100
AcDbLine
 10
3.690187121376002
 20
-19.531030207117453
 30
0.0
 11
3.164710989631442
 21
-19.50910035972215
 31
0.0
  0
LINE
  5
9A7
330
17
100
AcDbEntity
  8
ENGRAVE_POLARS
100
AcDbLine
 10
3.164710989631442
 20
-19.50910035972215
 30
0.0
 11
2.6213388915084925
 21
-19.48641487318655
 31
0.0
  0
LINE
  5
9A8
330
17
100
AcDbEntity
  8
ENGRAVE_POLARS
100
AcDbLine
 10
2.6213388915084925
 20
-19.48641487318655
 30
0.0
 11
2.0781906304209996
 21
-19.46373274693875
 31
0.0
  0
LINE
  5
9A9
330
17
100
AcDbEntity
  8
ENGRAVE_POLARS
100
AcDbLine
 10
2.0781906304209996
 20
-19.46373274693875
 30
0.0
 11
1.5533860097828098
 21
-19.441812980406844
 31
0.0
  0
LINE
  5
9AA
330
17
100
AcDbEntity
  8
ENGRAVE_POLARS
100
AcDbLine
 10
1.5533860097828098
 20
-19.441812980406844
 30
0.0
 11
1.0650448330077704
 21
-19.42141457301892
 31
0.0
  0
LINE
  5
9AB
330
17
100
AcDbEntity
  8
ENGRAVE_POLARS
100
AcDbLine
 10
1.0650448330077704
 20
-19.42141457301892
 30
0.0
 11
0.6312869035097245
 21
-19.403296524203082
 31
0.0
  0
LINE
  5
9AC
330
17
100
AcDbEntity
  8
ENGRAVE_POLARS
100
AcDbLine
 10
0.6312869035097245
 20
-19.403296524203082
 30
0.0
 11
0.2702320247025195
 21
-19.388217833387404
 31
0.0
  0
LINE
  5
9AD
330
17
100
AcDbEntity
  8
ENGRAVE_POLARS
100
AcDbLine
 10
0.2702320247025195
 20
-19.388217833387404
 30
0.0
 11
1.1864952243326658e-15
 21
-19.3769375
 31
0.0
  0
LINE
  5
9AE
330
17
100
AcDbEntity
  8
ENGRAVE_POLARS
100
AcDbLine
 10
-11.167398082624867
 20
14.294337653845517
 30
0.0
 11
-11.409395374758102
 21
14.208312282802797
 31
0.0
  0
LINE
  5
9AF
330
17
100
AcDbEntity
  8
ENGRAVE_POLARS
100
AcDbLine
 10
-11.409395374758102
 20
14.208312282802797
 30
0.0
 11
-11.72421977974794
 21
14.10173167287114
 31
0.0
  0
LINE
  5
9B0
330
17
100
AcDbEntity
  8
ENGRAVE_POLARS
100
AcDbLine
 10
-11.72421977974794
 20
14.10173167287114
 30
0.0
 11
-12.098774376381092
 21
13.977289239997827
 31
0.0
  0
LINE
  5
9B1
330
17
100
AcDbEntity
  8
ENGRAVE_POLARS
100
AcDbLine
 10
-12.098774376381092
 20
13.977289239997827
 30
0.0
 11
-12.519962243444278
 21
13.837678400130146
 31
0.0
  0
LINE
  5
9B2
330
17
100
AcDbEntity
  8
ENGRAVE_POLARS
100
AcDbLine
 10
-12.519962243444278
 20
13.837678400130146
 30
0.0
 11
-12.974686459724218
 21
13.685592569215387
 31
0.0
  0
LINE
  5
9B3
330
17
100
AcDbEntity
  8
ENGRAVE_POLARS
100
AcDbLine
 10
-12.974686459724218
 20
13.685592569215387
 30
0.0
 11
-13.449850104007627
 21
13.52372516320083
 31
0.0
  0
LINE
  5
9B4
330
17
100
AcDbEntity
  8
ENGRAVE_POLARS
100
AcDbLine
 10
-13.449850104007627
 20
13.52372516320083
 30
0.0
 11
-13.932356255081217
 21
13.354769598033762
 31
0.0
  0
LINE
  5
9B5
330
17
100
AcDbEntity
  8
ENGRAVE_POLARS
100
AcDbLine
 10
-13.932356255081217
 20
13.354769598033762
 30
0.0
 11
-14.409107991731712
 21
13.181419289661472
 31
0.0
  0
LINE
  5
9B6
330
17
100
AcDbEntity
  8
ENGRAVE_POLARS
100
AcDbLine
 10
-14.409107991731712
 20
13.181419289661472
 30
0.0
 11
-14.867008392745827
 21
13.006367654031244
 31
0.0
  0
LINE
  5
9B7
330
17
100
AcDbEntity
  8
ENGRAVE_POLARS
100
AcDbLine
 10
-14.867008392745827
 20
13.006367654031244
 30
0.0
 11
-15.292960536910277
 21
12.83230810709036
 31
0.0
  0
LINE
  5
9B8
330
17
100
AcDbEntity
  8
ENGRAVE_POLARS
100
AcDbLine
 10
-15.292960536910277
 20
12.83230810709036
 30
0.0
 11
-15.673867503011781
 21
12.66193406478611
 31
0.0
  0
LINE
  5
9B9
330
17
100
AcDbEntity
  8
ENGRAVE_POLARS
100
AcDbLine
 10
-15.673867503011781
 20
12.66193406478611
 30
0.0
 11
-15.996632369837053
 21
12.497938943065778
 31
0.0
  0
LINE
  5
9BA
330
17
100
AcDbEntity
  8
ENGRAVE_POLARS
100
AcDbLine
 10
-15.996632369837053
 20
12.497938943065778
 30
0.0
 11
-16.26795430674912
 21
12.339775591859777
 31
0.0
  0
LINE
  5
9BB
330
17
100
AcDbEntity
  8
ENGRAVE_POLARS
100
AcDbLine
 10
-16.26795430674912
 20
12.339775591859777
 30
0.0
 11
-16.506383971938945
 21
12.184157552817693
 31
0.0
  0
LINE
  5
9BC
330
17
100
AcDbEntity
  8
ENGRAVE_POLARS
100
AcDbLine
 10
-16.506383971938945
 20
12.184157552817693
 30
0.0
 11
-16.71660167743514
 21
12.029669279465576
 31
0.0
  0
LINE
  5
9BD
330
17
100
AcDbEntity
  8
ENGRAVE_POLARS
100
AcDbLine
 10
-16.71660167743514
 20
12.029669279465576
 30
0.0
 11
-16.90328773526634
 21
11.874895225329468
 31
0.0
  0
LINE
  5
9BE
330
17
100
AcDbEntity
  8
ENGRAVE_POLARS
100
AcDbLine
 10
-16.90328773526634
 20
11.874895225329468
 30
0.0
 11
-17.07112245746115
 21
11.718419843935425
 31
0.0
  0
LINE
  5
9BF
330
17
100
AcDbEntity
  8
ENGRAVE_POLARS
100
AcDbLine
 10
-17.07112245746115
 20
11.718419843935425
 30
0.0
 11
-17.22478615604821
 21
11.558827588809493
 31
0.0
  0
LINE
  5
9C0
330
17
100
AcDbEntity
  8
ENGRAVE_POLARS
100
AcDbLine
 10
-17.22478615604821
 20
11.558827588809493
 30
0.0
 11
-17.368959143056124
 21
11.394702913477714
 31
0.0
  0
LINE
  5
9C1
330
17
100
AcDbEntity
  8
ENGRAVE_POLARS
100
AcDbLine
 10
-17.368959143056124
 20
11.394702913477714
 30
0.0
 11
-17.508321730513526
 21
11.224630271466141
 31
0.0
  0
LINE
  5
9C2
330
17
100
AcDbEntity
  8
ENGRAVE_POLARS
100
AcDbLine
 10
-17.508321730513526
 20
11.224630271466141
 30
0.0
 11
-17.647554230449035
 21
11.04719411630082
 31
0.0
  0
LINE
  5
9C3
330
17
100
AcDbEntity
  8
ENGRAVE_POLARS
100
AcDbLine
 10
-17.647554230449035
 20
11.04719411630082
 30
0.0
 11
-17.79133695489127
 21
10.860978901507801
 31
0.0
  0
LINE
  5
9C4
330
17
100
AcDbEntity
  8
ENGRAVE_POLARS
100
AcDbLine
 10
-17.79133695489127
 20
10.860978901507801
 30
0.0
 11
-17.94435021586885
 21
10.664569080613129
 31
0.0
  0
LINE
  5
9C5
330
17
100
AcDbEntity
  8
ENGRAVE_POLARS
100
AcDbLine
 10
-17.94435021586885
 20
10.664569080613129
 30
0.0
 11
-18.111274325410406
 21
10.456549107142854
 31
0.0
  0
LINE
  5
9C6
330
17
100
AcDbEntity
  8
ENGRAVE_POLARS
100
AcDbLine
 10
-18.111274325410406
 20
10.456549107142854
 30
0.0
 11
-18.290761895136793
 21
10.230829409695048
 31
0.0
  0
LINE
  5
9C7
330
17
100
AcDbEntity
  8
ENGRAVE_POLARS
100
AcDbLine
 10
-18.290761895136793
 20
10.230829409695048
 30
0.0
 11
-18.476849701139166
 21
9.985079038985523
 31
0.0
  0
LINE
  5
9C8
330
17
100
AcDbEntity
  8
ENGRAVE_POLARS
100
AcDbLine
 10
-18.476849701139166
 20
9.985079038985523
 30
0.0
 11
-18.667294302151554
 21
9.723520381716936
 31
0.0
  0
LINE
  5
9C9
330
17
100
AcDbEntity
  8
ENGRAVE_POLARS
100
AcDbLine
 10
-18.667294302151554
 20
9.723520381716936
 30
0.0
 11
-18.85985225690801
 21
9.450375824591946
 31
0.0
  0
LINE
  5
9CA
330
17
100
AcDbEntity
  8
ENGRAVE_POLARS
100
AcDbLine
 10
-18.85985225690801
 20
9.450375824591946
 30
0.0
 11
-19.05228012414257
 21
9.16986775431321
 31
0.0
  0
LINE
  5
9CB
330
17
100
AcDbEntity
  8
ENGRAVE_POLARS
100
AcDbLine
 10
-19.05228012414257
 20
9.16986775431321
 30
0.0
 11
-19.24233446258928
 21
8.886218557583382
 31
0.0
  0
LINE
  5
9CC
330
17
100
AcDbEntity
  8
ENGRAVE_POLARS
100
AcDbLine
 10
-19.24233446258928
 20
8.886218557583382
 30
0.0
 11
-19.42777183098217
 21
8.603650621105118
 31
0.0
  0
LINE
  5
9CD
330
17
100
AcDbEntity
  8
ENGRAVE_POLARS
100
AcDbLine
 10
-19.42777183098217
 20
8.603650621105118
 30
0.0
 11
-19.606348788055296
 21
8.32638633158108
 31
0.0
  0
LINE
  5
9CE
330
17
100
AcDbEntity
  8
ENGRAVE_POLARS
100
AcDbLine
 10
-19.606348788055296
 20
8.32638633158108
 30
0.0
 11
-19.77582189254269
 21
8.058648075713922
 31
0.0
  0
LINE
  5
9CF
330
17
100
AcDbEntity
  8
ENGRAVE_POLARS
100
AcDbLine
 10
-19.77582189254269
 20
8.058648075713922
 30
0.0
 11
-19.933947703178397
 21
7.804658240206302
 31
0.0
  0
LINE
  5
9D0
330
17
100
AcDbEntity
  8
ENGRAVE_POLARS
100
AcDbLine
 10
-19.933947703178397
 20
7.804658240206302
 30
0.0
 11
-20.07848277869646
 21
7.568639211760875
 31
0.0
  0
LINE
  5
9D1
330
17
100
AcDbEntity
  8
ENGRAVE_POLARS
100
AcDbLine
 10
-20.07848277869646
 20
7.568639211760875
 30
0.0
 11
-20.207183677830916
 21
7.354813377080299
 31
0.0
  0
LINE
  5
9D2
330
17
100
AcDbEntity
  8
ENGRAVE_POLARS
100
AcDbLine
 10
-20.207183677830916
 20
7.354813377080299
 30
0.0
 11
-20.319155620985153
 21
7.162912076602637
 31
0.0
  0
LINE
  5
9D3
330
17
100
AcDbEntity
  8
ENGRAVE_POLARS
100
AcDbLine
 10
-20.319155620985153
 20
7.162912076602637
 30
0.0
 11
-20.416276593433285
 21
6.988158105112845
 31
0.0
  0
LINE
  5
9D4
330
17
100
AcDbEntity
  8
ENGRAVE_POLARS
100
AcDbLine
 10
-20.416276593433285
 20
6.988158105112845
 30
0.0
 11
-20.500462301215443
 21
6.82801103083393
 31
0.0
  0
LINE
  5
9D5
330
17
100
AcDbEntity
  8
ENGRAVE_POLARS
100
AcDbLine
 10
-20.500462301215443
 20
6.82801103083393
 30
0.0
 11
-20.57362845037174
 21
6.6799304219888915
 31
0.0
  0
LINE
  5
9D6
330
17
100
AcDbEntity
  8
ENGRAVE_POLARS
100
AcDbLine
 10
-20.57362845037174
 20
6.6799304219888915
 30
0.0
 11
-20.63769074694231
 21
6.541375846800734
 31
0.0
  0
LINE
  5
9D7
330
17
100
AcDbEntity
  8
ENGRAVE_POLARS
100
AcDbLine
 10
-20.63769074694231
 20
6.541375846800734
 30
0.0
 11
-20.694564896967282
 21
6.4098068734924585
 31
0.0
  0
LINE
  5
9D8
330
17
100
AcDbEntity
  8
ENGRAVE_POLARS
100
AcDbLine
 10
-20.694564896967282
 20
6.4098068734924585
 30
0.0
 11
-20.746166606486764
 21
6.282683070287068
 31
0.0
  0
LINE
  5
9D9
330
17
100
AcDbEntity
  8
ENGRAVE_POLARS
100
AcDbLine
 10
-20.746166606486764
 20
6.282683070287068
 30
0.0
 11
-20.7944115815409
 21
6.157464005407567
 31
0.0
  0
LINE
  5
9DA
330
17
100
AcDbEntity
  8
ENGRAVE_POLARS
100
AcDbLine
 10
-20.7944115815409
 20
6.157464005407567
 30
0.0
 11
-20.841215528169805
 21
6.031609247076958
 31
0.0
  0
LINE
  5
9DB
330
17
100
AcDbEntity
  8
ENGRAVE_POLARS
100
AcDbLine
 10
-20.841215528169805
 20
6.031609247076958
 30
0.0
 11
-20.888494152413607
 21
5.902578363518239
 31
0.0
  0
LINE
  5
9DC
330
17
100
AcDbEntity
  8
ENGRAVE_POLARS
100
AcDbLine
 10
-20.888494152413607
 20
5.902578363518239
 30
0.0
 11
-20.938163160312428
 21
5.767830922954417
 31
0.0
  0
LINE
  5
9DD
330
17
100
AcDbEntity
  8
ENGRAVE_POLARS
100
AcDbLine
 10
-20.938163160312428
 20
5.767830922954417
 30
0.0
 11
-20.992138257906397
 21
5.624826493608494
 31
0.0
  0
LINE
  5
9DE
330
17
100
AcDbEntity
  8
ENGRAVE_POLARS
100
AcDbLine
 10
-20.992138257906397
 20
5.624826493608494
 30
0.0
 11
-21.047780417598666
 21
5.482545279658274
 31
0.0
  0
LINE
  5
9DF
330
17
100
AcDbEntity
  8
ENGRAVE_POLARS
100
AcDbLine
 10
-21.047780417598666
 20
5.482545279658274
 30
0.0
 11
-21.101320397056565
 21
5.3494733366099965
 31
0.0
  0
LINE
  5
9E0
330
17
100
AcDbEntity
  8
ENGRAVE_POLARS
100
AcDbLine
 10
-21.101320397056565
 20
5.3494733366099965
 30
0.0
 11
-21.15297858021647
 21
5.222329009679309
 31
0.0
  0
LINE
  5
9E1
330
17
100
AcDbEntity
  8
ENGRAVE_POLARS
100
AcDbLine
 10
-21.15297858021647
 20
5.222329009679309
 30
0.0
 11
-21.20297535101476
 21
5.097830644081862
 31
0.0
  0
LINE
  5
9E2
330
17
100
AcDbEntity
  8
ENGRAVE_POLARS
100
AcDbLine
 10
-21.20297535101476
 20
5.097830644081862
 30
0.0
 11
-21.251531093387825
 21
4.972696585033306
 31
0.0
  0
LINE
  5
9E3
330
17
100
AcDbEntity
  8
ENGRAVE_POLARS
100
AcDbLine
 10
-21.251531093387825
 20
4.972696585033306
 30
0.0
 11
-21.298866191272044
 21
4.84364517774929
 31
0.0
  0
LINE
  5
9E4
330
17
100
AcDbEntity
  8
ENGRAVE_POLARS
100
AcDbLine
 10
-21.298866191272044
 20
4.84364517774929
 30
0.0
 11
-21.345201028603793
 21
4.707394767445465
 31
0.0
  0
LINE
  5
9E5
330
17
100
AcDbEntity
  8
ENGRAVE_POLARS
100
AcDbLine
 10
-21.345201028603793
 20
4.707394767445465
 30
0.0
 11
-21.390755989319462
 21
4.56066369933748
 31
0.0
  0
LINE
  5
9E6
330
17
100
AcDbEntity
  8
ENGRAVE_POLARS
100
AcDbLine
 10
-21.390755989319462
 20
4.56066369933748
 30
0.0
 11
-21.43575145735543
 21
4.400170318640987
 31
0.0
  0
LINE
  5
9E7
330
17
100
AcDbEntity
  8
ENGRAVE_POLARS
100
AcDbLine
 10
-21.43575145735543
 20
4.400170318640987
 30
0.0
 11
-21.48040781664808
 21
4.222632970571632
 31
0.0
  0
LINE
  5
9E8
330
17
100
AcDbEntity
  8
ENGRAVE_POLARS
100
AcDbLine
 10
-21.48040781664808
 20
4.222632970571632
 30
0.0
 11
-21.524945451133778
 21
4.024770000345067
 31
0.0
  0
LINE
  5
9E9
330
17
100
AcDbEntity
  8
ENGRAVE_POLARS
100
AcDbLine
 10
-21.524945451133778
 20
4.024770000345067
 30
0.0
 11
-21.569584744748926
 21
3.803299753176944
 31
0.0
  0
LINE
  5
9EA
330
17
100
AcDbEntity
  8
ENGRAVE_POLARS
100
AcDbLine
 10
-21.569584744748926
 20
3.803299753176944
 30
0.0
 11
-21.61625503070431
 21
3.5688875119039554
 31
0.0
  0
LINE
  5
9EB
330
17
100
AcDbEntity
  8
ENGRAVE_POLARS
100
AcDbLine
 10
-21.61625503070431
 20
3.5688875119039554
 30
0.0
 11
-21.665943647658015
 21
3.3319002617323807
 31
0.0
  0
LINE
  5
9EC
330
17
100
AcDbEntity
  8
ENGRAVE_POLARS
100
AcDbLine
 10
-21.665943647658015
 20
3.3319002617323807
 30
0.0
 11
-21.717457987717363
 21
3.0886089014322455
 31
0.0
  0
LINE
  5
9ED
330
17
100
AcDbEntity
  8
ENGRAVE_POLARS
100
AcDbLine
 10
-21.717457987717363
 20
3.0886089014322455
 30
0.0
 11
-21.769605442989686
 21
2.835284329773575
 31
0.0
  0
LINE
  5
9EE
330
17
100
AcDbEntity
  8
ENGRAVE_POLARS
100
AcDbLine
 10
-21.769605442989686
 20
2.835284329773575
 30
0.0
 11
-21.82119340558231
 21
2.568197445526396
 31
0.0
  0
LINE
  5
9EF
330
17
100
AcDbEntity
  8
ENGRAVE_POLARS
100
AcDbLine
 10
-21.82119340558231
 20
2.568197445526396
 30
0.0
 11
-21.87102926760255
 21
2.283619147460731
 31
0.0
  0
LINE
  5
9F0
330
17
100
AcDbEntity
  8
ENGRAVE_POLARS
100
AcDbLine
 10
-21.87102926760255
 20
2.283619147460731
 30
0.0
 11
-21.91792042115774
 21
1.9778203343466079
 31
0.0
  0
LINE
  5
9F1
330
17
100
AcDbEntity
  8
ENGRAVE_POLARS
100
AcDbLine
 10
-21.91792042115774
 20
1.9778203343466079
 30
0.0
 11
-21.9606742583552
 21
1.6470719049540512
 31
0.0
  0
LINE
  5
9F2
330
17
100
AcDbEntity
  8
ENGRAVE_POLARS
100
AcDbLine
 10
-21.9606742583552
 20
1.6470719049540512
 30
0.0
 11
-21.998098171302267
 21
1.2876447580530872
 31
0.0
  0
LINE
  5
9F3
330
17
100
AcDbEntity
  8
ENGRAVE_POLARS
100
AcDbLine
 10
-21.998098171302267
 20
1.2876447580530872
 30
0.0
 11
-22.02899955210625
 21
0.89580979241374
 31
0.0
  0
LINE
  5
9F4
330
17
100
AcDbEntity
  8
ENGRAVE_POLARS
100
AcDbLine
 10
-22.02899955210625
 20
0.89580979241374
 30
0.0
 11
-22.05218579287448
 21
0.4678379068060358
 31
0.0
  0
LINE
  5
9F5
330
17
100
AcDbEntity
  8
ENGRAVE_POLARS
100
AcDbLine
 10
-22.05218579287448
 20
0.4678379068060358
 30
0.0
 11
-22.066464285714286
 21
0.0
 31
0.0
  0
LINE
  5
9F6
330
17
100
AcDbEntity
  8
ENGRAVE_POLARS
100
AcDbLine
 10
-22.066464285714286
 20
0.0
 30
0.0
 11
-22.073224421845648
 21
-0.5288512336456597
 31
0.0
  0
LINE
  5
9F7
330
17
100
AcDbEntity
  8
ENGRAVE_POLARS
100
AcDbLine
 10
-22.073224421845648
 20
-0.5288512336456597
 30
0.0
 11
-22.074651386109657
 21
-1.1281050600154288
 31
0.0
  0
LINE
  5
9F8
330
17
100
AcDbEntity
  8
ENGRAVE_POLARS
100
AcDbLine
 10
-22.074651386109657
 20
-1.1281050600154288
 30
0.0
 11
-22.070746261045294
 21
-1.7838535207040742
 31
0.0
  0
LINE
  5
9F9
330
17
100
AcDbEntity
  8
ENGRAVE_POLARS
100
AcDbLine
 10
-22.070746261045294
 20
-1.7838535207040742
 30
0.0
 11
-22.061510129191547
 21
-2.4821886573063616
 31
0.0
  0
LINE
  5
9FA
330
17
100
AcDbEntity
  8
ENGRAVE_POLARS
100
AcDbLine
 10
-22.061510129191547
 20
-2.4821886573063616
 30
0.0
 11
-22.0469440730874
 21
-3.2092025114170566
 31
0.0
  0
LINE
  5
9FB
330
17
100
AcDbEntity
  8
ENGRAVE_POLARS
100
AcDbLine
 10
-22.0469440730874
 20
-3.2092025114170566
 30
0.0
 11
-22.027049175271827
 21
-3.9509871246309256
 31
0.0
  0
LINE
  5
9FC
330
17
100
AcDbEntity
  8
ENGRAVE_POLARS
100
AcDbLine
 10
-22.027049175271827
 20
-3.9509871246309256
 30
0.0
 11
-22.00182651828382
 21
-4.693634538542735
 31
0.0
  0
LINE
  5
9FD
330
17
100
AcDbEntity
  8
ENGRAVE_POLARS
100
AcDbLine
 10
-22.00182651828382
 20
-4.693634538542735
 30
0.0
 11
-21.97127718466237
 21
-5.423236794747251
 31
0.0
  0
LINE
  5
9FE
330
17
100
AcDbEntity
  8
ENGRAVE_POLARS
100
AcDbLine
 10
-21.97127718466237
 20
-5.423236794747251
 30
0.0
 11
-21.93540225694645
 21
-6.125885934839239
 31
0.0
  0
LINE
  5
9FF
330
17
100
AcDbEntity
  8
ENGRAVE_POLARS
100
AcDbLine
 10
-21.93540225694645
 20
-6.125885934839239
 30
0.0
 11
-21.894202817675044
 21
-6.787674000413466
 31
0.0
  0
LINE
  5
A00
330
17
100
AcDbEntity
  8
ENGRAVE_POLARS
100
AcDbLine
 10
-21.894202817675044
 20
-6.787674000413466
 30
0.0
 11
-21.847679949387143
 21
-7.394693033064696
 31
0.0
  0
LINE
  5
A01
330
17
100
AcDbEntity
  8
ENGRAVE_POLARS
100
AcDbLine
 10
-21.847679949387143
 20
-7.394693033064696
 30
0.0
 11
-21.795834734621724
 21
-7.933035074387699
 31
0.0
  0
LINE
  5
A02
330
17
100
AcDbEntity
  8
ENGRAVE_POLARS
100
AcDbLine
 10
-21.795834734621724
 20
-7.933035074387699
 30
0.0
 11
-21.746364521250065
 21
-8.404985751754687
 31
0.0
  0
LINE
  5
A03
330
17
100
AcDbEntity
  8
ENGRAVE_POLARS
100
AcDbLine
 10
-21.746364521250065
 20
-8.404985751754687
 30
0.0
 11
-21.704166440602265
 21
-8.827171873571872
 31
0.0
  0
LINE
  5
A04
330
17
100
AcDbEntity
  8
ENGRAVE_POLARS
100
AcDbLine
 10
-21.704166440602265
 20
-8.827171873571872
 30
0.0
 11
-21.66504125040555
 21
-9.207197252985013
 31
0.0
  0
LINE
  5
A05
330
17
100
AcDbEntity
  8
ENGRAVE_POLARS
100
AcDbLine
 10
-21.66504125040555
 20
-9.207197252985013
 30
0.0
 11
-21.624789708387144
 21
-9.552665703139866
 31
0.0
  0
LINE
  5
A06
330
17
100
AcDbEntity
  8
ENGRAVE_POLARS
100
AcDbLine
 10
-21.624789708387144
 20
-9.552665703139866
 30
0.0
 11
-21.579212572274272
 21
-9.871181037182192
 31
0.0
  0
LINE
  5
A07
330
17
100
AcDbEntity
  8
ENGRAVE_POLARS
100
AcDbLine
 10
-21.579212572274272
 20
-9.871181037182192
 30
0.0
 11
-21.524110599794156
 21
-10.170347068257751
 31
0.0
  0
LINE
  5
A08
330
17
100
AcDbEntity
  8
ENGRAVE_POLARS
100
AcDbLine
 10
-21.524110599794156
 20
-10.170347068257751
 30
0.0
 11
-21.45528454867402
 21
-10.457767609512297
 31
0.0
  0
LINE
  5
A09
330
17
100
AcDbEntity
  8
ENGRAVE_POLARS
100
AcDbLine
 10
-21.45528454867402
 20
-10.457767609512297
 30
0.0
 11
-21.36853517664109
 21
-10.741046474091592
 31
0.0
  0
LINE
  5
A0A
330
17
100
AcDbEntity
  8
ENGRAVE_POLARS
100
AcDbLine
 10
-21.36853517664109
 20
-10.741046474091592
 30
0.0
 11
-21.259663241422594
 21
-11.027787475141395
 31
0.0
  0
LINE
  5
A0B
330
17
100
AcDbEntity
  8
ENGRAVE_POLARS
100
AcDbLine
 10
-21.259663241422594
 20
-11.027787475141395
 30
0.0
 11
-21.124469500745754
 21
-11.325594425807463
 31
0.0
  0
LINE
  5
A0C
330
17
100
AcDbEntity
  8
ENGRAVE_POLARS
100
AcDbLine
 10
-21.124469500745754
 20
-11.325594425807463
 30
0.0
 11
-20.958754712337786
 21
-11.642071139235552
 31
0.0
  0
LINE
  5
A0D
330
17
100
AcDbEntity
  8
ENGRAVE_POLARS
100
AcDbLine
 10
-20.958754712337786
 20
-11.642071139235552
 30
0.0
 11
-20.75831963392593
 21
-11.984821428571426
 31
0.0
  0
LINE
  5
A0E
330
17
100
AcDbEntity
  8
ENGRAVE_POLARS
100
AcDbLine
 10
-20.75831963392593
 20
-11.984821428571426
 30
0.0
 11
-20.522489104647374
 21
-12.353705890434059
 31
0.0
  0
LINE
  5
A0F
330
17
100
AcDbEntity
  8
ENGRAVE_POLARS
100
AcDbLine
 10
-20.522489104647374
 20
-12.353705890434059
 30
0.0
 11
-20.255414468250645
 21
-12.7403407446947
 31
0.0
  0
LINE
  5
A10
330
17
100
AcDbEntity
  8
ENGRAVE_POLARS
100
AcDbLine
 10
-20.255414468250645
 20
-12.7403407446947
 30
0.0
 11
-19.96013623937994
 21
-13.139963239377515
 31
0.0
  0
LINE
  5
A11
330
17
100
AcDbEntity
  8
ENGRAVE_POLARS
100
AcDbLine
 10
-19.96013623937994
 20
-13.139963239377515
 30
0.0
 11
-19.639694932679465
 21
-13.547810622506669
 31
0.0
  0
LINE
  5
A12
330
17
100
AcDbEntity
  8
ENGRAVE_POLARS
100
AcDbLine
 10
-19.639694932679465
 20
-13.547810622506669
 30
0.0
 11
-19.297131062793422
 21
-13.959120142106332
 31
0.0
  0
LINE
  5
A13
330
17
100
AcDbEntity
  8
ENGRAVE_POLARS
100
AcDbLine
 10
-19.297131062793422
 20
-13.959120142106332
 30
0.0
 11
-18.93548514436601
 21
-14.369129046200666
 31
0.0
  0
LINE
  5
A14
330
17
100
AcDbEntity
  8
ENGRAVE_POLARS
100
AcDbLine
 10
-18.93548514436601
 20
-14.369129046200666
 30
0.0
 11
-18.557797692041426
 21
-14.773074582813837
 31
0.0
  0
LINE
  5
A15
330
17
100
AcDbEntity
  8
ENGRAVE_POLARS
100
AcDbLine
 10
-18.557797692041426
 20
-14.773074582813837
 30
0.0
 11
-18.167109220463885
 21
-15.166193999970018
 31
0.0
  0
LINE
  5
A16
330
17
100
AcDbEntity
  8
ENGRAVE_POLARS
100
AcDbLine
 10
-18.167109220463885
 20
-15.166193999970018
 30
0.0
 11
-17.766460244277585
 21
-15.543724545693369
 31
0.0
  0
LINE
  5
A17
330
17
100
AcDbEntity
  8
ENGRAVE_POLARS
100
AcDbLine
 10
-17.766460244277585
 20
-15.543724545693369
 30
0.0
 11
-17.358891278126723
 21
-15.900903468008059
 31
0.0
  0
LINE
  5
A18
330
17
100
AcDbEntity
  8
ENGRAVE_POLARS
100
AcDbLine
 10
-17.358891278126723
 20
-15.900903468008059
 30
0.0
 11
-16.947442836655497
 21
-16.23296801493825
 31
0.0
  0
LINE
  5
A19
330
17
100
AcDbEntity
  8
ENGRAVE_POLARS
100
AcDbLine
 10
-16.947442836655497
 20
-16.23296801493825
 30
0.0
 11
-16.53515543450812
 21
-16.535155434508116
 31
0.0
  0
LINE
  5
A1A
330
17
100
AcDbEntity
  8
ENGRAVE_POLARS
100
AcDbLine
 10
-16.53515543450812
 20
-16.535155434508116
 30
0.0
 11
-16.113614202945747
 21
-16.810808425228107
 31
0.0
  0
LINE
  5
A1B
330
17
100
AcDbEntity
  8
ENGRAVE_POLARS
100
AcDbLine
 10
-16.113614202945747
 20
-16.810808425228107
 30
0.0
 11
-15.674147300431816
 21
-17.067249888305792
 31
0.0
  0
LINE
  5
A1C
330
17
100
AcDbEntity
  8
ENGRAVE_POLARS
100
AcDbLine
 10
-15.674147300431816
 20
-17.067249888305792
 30
0.0
 11
-15.219409782413917
 21
-17.305687375810994
 31
0.0
  0
LINE
  5
A1D
330
17
100
AcDbEntity
  8
ENGRAVE_POLARS
100
AcDbLine
 10
-15.219409782413917
 20
-17.305687375810994
 30
0.0
 11
-14.752056704339656
 21
-17.52732843981354
 31
0.0
  0
LINE
  5
A1E
330
17
100
AcDbEntity
  8
ENGRAVE_POLARS
100
AcDbLine
 10
-14.752056704339656
 20
-17.52732843981354
 30
0.0
 11
-14.274743121656636
 21
-17.733380632383266
 31
0.0
  0
LINE
  5
A1F
330
17
100
AcDbEntity
  8
ENGRAVE_POLARS
100
AcDbLine
 10
-14.274743121656636
 20
-17.733380632383266
 30
0.0
 11
-13.790124089812451
 21
-17.925051505589977
 31
0.0
  0
LINE
  5
A20
330
17
100
AcDbEntity
  8
ENGRAVE_POLARS
100
AcDbLine
 10
-13.790124089812451
 20
-17.925051505589977
 30
0.0
 11
-13.300854664254707
 21
-18.103548611503523
 31
0.0
  0
LINE
  5
A21
330
17
100
AcDbEntity
  8
ENGRAVE_POLARS
100
AcDbLine
 10
-13.300854664254707
 20
-18.103548611503523
 30
0.0
 11
-12.809589900431
 21
-18.270079502193717
 31
0.0
  0
LINE
  5
A22
330
17
100
AcDbEntity
  8
ENGRAVE_POLARS
100
AcDbLine
 10
-12.809589900431
 20
-18.270079502193717
 30
0.0
 11
-12.318984853788937
 21
-18.42585172973039
 31
0.0
  0
LINE
  5
A23
330
17
100
AcDbEntity
  8
ENGRAVE_POLARS
100
AcDbLine
 10
-12.318984853788937
 20
-18.42585172973039
 30
0.0
 11
-11.831694579776109
 21
-18.57207284618336
 31
0.0
  0
LINE
  5
A24
330
17
100
AcDbEntity
  8
ENGRAVE_POLARS
100
AcDbLine
 10
-11.831694579776109
 20
-18.57207284618336
 30
0.0
 11
-11.350374133840122
 21
-18.709950403622468
 31
0.0
  0
LINE
  5
A25
330
17
100
AcDbEntity
  8
ENGRAVE_POLARS
100
AcDbLine
 10
-11.350374133840122
 20
-18.709950403622468
 30
0.0
 11
-10.877678571428575
 21
-18.84069195411753
 31
0.0
  0
LINE
  5
A26
330
17
100
AcDbEntity
  8
ENGRAVE_POLARS
100
AcDbLine
 10
-10.877678571428575
 20
-18.84069195411753
 30
0.0
 11
-10.393313237073054
 21
-18.960367883169578
 31
0.0
  0
LINE
  5
A27
330
17
100
AcDbEntity
  8
ENGRAVE_POLARS
100
AcDbLine
 10
-10.393313237073054
 20
-18.960367883169578
 30
0.0
 11
-9.881466925896278
 21
-19.065160197475816
 31
0.0
  0
LINE
  5
A28
330
17
100
AcDbEntity
  8
ENGRAVE_POLARS
100
AcDbLine
 10
-9.881466925896278
 20
-19.065160197475816
 30
0.0
 11
-9.351519869232547
 21
-19.15644388090034
 31
0.0
  0
LINE
  5
A29
330
17
100
AcDbEntity
  8
ENGRAVE_POLARS
100
AcDbLine
 10
-9.351519869232547
 20
-19.15644388090034
 30
0.0
 11
-8.812852298416152
 21
-19.23559391730724
 31
0.0
  0
LINE
  5
A2A
330
17
100
AcDbEntity
  8
ENGRAVE_POLARS
100
AcDbLine
 10
-8.812852298416152
 20
-19.23559391730724
 30
0.0
 11
-8.2748444447814
 21
-19.303985290560625
 31
0.0
  0
LINE
  5
A2B
330
17
100
AcDbEntity
  8
ENGRAVE_POLARS
100
AcDbLine
 10
-8.2748444447814
 20
-19.303985290560625
 30
0.0
 11
-7.746876539662584
 21
-19.362992984524578
 31
0.0
  0
LINE
  5
A2C
330
17
100
AcDbEntity
  8
ENGRAVE_POLARS
100
AcDbLine
 10
-7.746876539662584
 20
-19.362992984524578
 30
0.0
 11
-7.238328814394003
 21
-19.4139919830632
 31
0.0
  0
LINE
  5
A2D
330
17
100
AcDbEntity
  8
ENGRAVE_POLARS
100
AcDbLine
 10
-7.238328814394003
 20
-19.4139919830632
 30
0.0
 11
-6.7585815003099565
 21
-19.458357270040594
 31
0.0
  0
LINE
  5
A2E
330
17
100
AcDbEntity
  8
ENGRAVE_POLARS
100
AcDbLine
 10
-6.7585815003099565
 20
-19.458357270040594
 30
0.0
 11
-6.317014828744745
 21
-19.497463829320843
 31
0.0
  0
LINE
  5
A2F
330
17
100
AcDbEntity
  8
ENGRAVE_POLARS
100
AcDbLine
 10
-6.317014828744745
 20
-19.497463829320843
 30
0.0
 11
-5.923009031032662
 21
-19.532686644768052
 31
0.0
  0
LINE
  5
A30
330
17
100
AcDbEntity
  8
ENGRAVE_POLARS
100
AcDbLine
 10
-5.923009031032662
 20
-19.532686644768052
 30
0.0
 11
-5.585944338508007
 21
-19.56540070024631
 31
0.0
  0
LINE
  5
A31
330
17
100
AcDbEntity
  8
ENGRAVE_POLARS
100
AcDbLine
 10
-5.585944338508007
 20
-19.56540070024631
 30
0.0
 11
-5.315200982505081
 21
-19.59698097961972
 31
0.0
  0
LINE
  5
A32
330
17
100
AcDbEntity
  8
ENGRAVE_POLARS
100
AcDbLine
 10
-5.315200982505081
 20
-19.59698097961972
 30
0.0
 11
-5.1338420487764385
 21
-19.62410729419615
 31
0.0
  0
LINE
  5
A33
330
17
100
AcDbEntity
  8
ENGRAVE_POLARS
100
AcDbLine
 10
-5.1338420487764385
 20
-19.62410729419615
 30
0.0
 11
-5.046311066799929
 21
-19.64316681422888
 31
0.0
  0
LINE
  5
A34
330
17
100
AcDbEntity
  8
ENGRAVE_POLARS
100
AcDbLine
 10
-5.046311066799929
 20
-19.64316681422888
 30
0.0
 11
-5.034058933497785
 21
-19.655095562000096
 31
0.0
  0
LINE
  5
A35
330
17
100
AcDbEntity
  8
ENGRAVE_POLARS
100
AcDbLine
 10
-5.034058933497785
 20
-19.655095562000096
 30
0.0
 11
-5.0785365457922405
 21
-19.660829559791985
 31
0.0
  0
LINE
  5
A36
330
17
100
AcDbEntity
  8
ENGRAVE_POLARS
100
AcDbLine
 10
-5.0785365457922405
 20
-19.660829559791985
 30
0.0
 11
-5.161194800605529
 21
-19.661304829886735
 31
0.0
  0
LINE
  5
A37
330
17
100
AcDbEntity
  8
ENGRAVE_POLARS
100
AcDbLine
 10
-5.161194800605529
 20
-19.661304829886735
 30
0.0
 11
-5.263484594859881
 21
-19.65745739456653
 31
0.0
  0
LINE
  5
A38
330
17
100
AcDbEntity
  8
ENGRAVE_POLARS
100
AcDbLine
 10
-5.263484594859881
 20
-19.65745739456653
 30
0.0
 11
-5.366856825477534
 21
-19.65022327611356
 31
0.0
  0
LINE
  5
A39
330
17
100
AcDbEntity
  8
ENGRAVE_POLARS
100
AcDbLine
 10
-5.366856825477534
 20
-19.65022327611356
 30
0.0
 11
-5.452762389380717
 21
-19.640538496810024
 31
0.0
  0
LINE
  5
A3A
330
17
100
AcDbEntity
  8
ENGRAVE_POLARS
100
AcDbLine
 10
-5.452762389380717
 20
-19.640538496810024
 30
0.0
 11
-5.502652183491667
 21
-19.62933907893809
 31
0.0
  0
LINE
  5
A3B
330
17
100
AcDbEntity
  8
ENGRAVE_POLARS
100
AcDbLine
 10
-5.502652183491667
 20
-19.62933907893809
 30
0.0
 11
-5.497977104732614
 21
-19.617561044779958
 31
0.0
  0
LINE
  5
A3C
330
17
100
AcDbEntity
  8
ENGRAVE_POLARS
100
AcDbLine
 10
-5.497977104732614
 20
-19.617561044779958
 30
0.0
 11
-5.420188050025794
 21
-19.60614041661781
 31
0.0
  0
LINE
  5
A3D
330
17
100
AcDbEntity
  8
ENGRAVE_POLARS
100
AcDbLine
 10
-5.420188050025794
 20
-19.60614041661781
 30
0.0
 11
-5.250735916293439
 21
-19.59601321673384
 31
0.0
  0
LINE
  5
A3E
330
17
100
AcDbEntity
  8
ENGRAVE_POLARS
100
AcDbLine
 10
-5.250735916293439
 20
-19.59601321673384
 30
0.0
 11
-4.978041684200892
 21
-19.58469592018065
 31
0.0
  0
LINE
  5
A3F
330
17
100
AcDbEntity
  8
ENGRAVE_POLARS
100
AcDbLine
 10
-4.978041684200892
 20
-19.58469592018065
 30
0.0
 11
-4.614972272074574
 21
-19.569586986774794
 31
0.0
  0
LINE
  5
A40
330
17
100
AcDbEntity
  8
ENGRAVE_POLARS
100
AcDbLine
 10
-4.614972272074574
 20
-19.569586986774794
 30
0.0
 11
-4.179647483328329
 21
-19.551445415944364
 31
0.0
  0
LINE
  5
A41
330
17
100
AcDbEntity
  8
ENGRAVE_POLARS
100
AcDbLine
 10
-4.179647483328329
 20
-19.551445415944364
 30
0.0
 11
-3.690187121376002
 21
-19.531030207117453
 31
0.0
  0
LINE
  5
A42
330
17
100
AcDbEntity
  8
ENGRAVE_POLARS
100
AcDbLine
 10
-3.690187121376002
 20
-19.531030207117453
 30
0.0
 11
-3.164710989631442
 21
-19.50910035972215
 31
0.0
  0
LINE
  5
A43
330
17
100
AcDbEntity
  8
ENGRAVE_POLARS
100
AcDbLine
 10
-3.164710989631442
 20
-19.50910035972215
 30
0.0
 11
-2.6213388915084925
 21
-19.48641487318655
 31
0.0
  0
LINE
  5
A44
330
17
100
AcDbEntity
  8
ENGRAVE_POLARS
100
AcDbLine
 10
-2.6213388915084925
 20
-19.48641487318655
 30
0.0
 11
-2.0781906304209996
 21
-19.46373274693875
 31
0.0
  0
LINE
  5
A45
330
17
100
AcDbEntity
  8
ENGRAVE_POLARS
100
AcDbLine
 10
-2.0781906304209996
 20
-19.46373274693875
 30
0.0
 11
-1.5533860097828098
 21
-19.441812980406844
 31
0.0
  0
LINE
  5
A46
330
17
100
AcDbEntity
  8
ENGRAVE_POLARS
100
AcDbLine
 10
-1.5533860097828098
 20
-19.441812980406844
 30
0.0
 11
-1.0650448330077704
 21
-19.42141457301892
 31
0.0
  0
LINE
  5
A47
330
17
100
AcDbEntity
  8
ENGRAVE_POLARS
100
AcDbLine
 10
-1.0650448330077704
 20
-19.42141457301892
 30
0.0
 11
-0.6312869035097245
 21
-19.403296524203082
 31
0.0
  0
LINE
  5
A48
330
17
100
AcDbEntity
  8
ENGRAVE_POLARS
100
AcDbLine
 10
-0.6312869035097245
 20
-19.403296524203082
 30
0.0
 11
-0.2702320247025195
 21
-19.388217833387404
 31
0.0
  0
LINE
  5
A49
330
17
100
AcDbEntity
  8
ENGRAVE_POLARS
100
AcDbLine
 10
-0.2702320247025195
 20
-19.388217833387404
 30
0.0
 11
-1.1864952243326658e-15
 21
-19.3769375
 31
0.0
  0
TEXT
  5
A4A
330
17
100
AcDbEntity
  8
ENGRAVE_TEXT
100
AcDbText
 10
12.367398082624867
 20
14.694337653845517
 30
0.0
 40
3.6
  1
14
 72
1
 11
12.367398082624867
 21
14.694337653845517
 31
0.0
100
AcDbText
 73
2
  0
TEXT
  5
A4B
330
17
100
AcDbEntity
  8
ENGRAVE_TEXT
100
AcDbText
 10
-12.367398082624867
 20
14.694337653845517
 30
0.0
 40
3.6
  1
14
 72
1
 11
-12.367398082624867
 21
14.694337653845517
 31
0.0
100
AcDbText
 73
2
  0
CIRCLE
  5
A4C
330
17
100
AcDbEntity
  8
ENGRAVE_VMG
100
AcDbCircle
 10
11.167398082624867
 20
14.294337653845517
 30
0.0
 40
0.65
  0
CIRCLE
  5
A4D
330
17
100
AcDbEntity
  8
ENGRAVE_VMG
100
AcDbCircle
 10
-11.167398082624867
 20
14.294337653845517
 30
0.0
 40
0.65
  0
CIRCLE
  5
A4E
330
17
100
AcDbEntity
  8
ENGRAVE_VMG
100
AcDbCircle
 10
5.315200982505081
 20
-19.59698097961972
 30
0.0
 40
0.65
  0
CIRCLE
  5
A4F
330
17
100
AcDbEntity
  8
ENGRAVE_VMG
100
AcDbCircle
 10
-5.315200982505081
 20
-19.59698097961972
 30
0.0
 40
0.65
  0
LINE
  5
A50
330
17
100
AcDbEntity
  8
ENGRAVE_POLARS
100
AcDbLine
 10
10.015159102269097
 20
12.639384441374954
 30
0.0
 11
10.220746802847694
 21
12.562416558119216
 31
0.0
  0
LINE
  5
A51
330
17
100
AcDbEntity
  8
ENGRAVE_POLARS
100
AcDbLine
 10
10.220746802847694
 20
12.562416558119216
 30
0.0
 11
10.487856549818215
 21
12.466925151308667
 31
0.0
  0
LINE
  5
A52
330
17
100
AcDbEntity
  8
ENGRAVE_POLARS
100
AcDbLine
 10
10.487856549818215
 20
12.466925151308667
 30
0.0
 11
10.805489912937134
 21
12.355368806972582
 31
0.0
  0
LINE
  5
A53
330
17
100
AcDbEntity
  8
ENGRAVE_POLARS
100
AcDbLine
 10
10.805489912937134
 20
12.355368806972582
 30
0.0
 11
11.162648461960927
 21
12.230206111140237
 31
0.0
  0
LINE
  5
A54
330
17
100
AcDbEntity
  8
ENGRAVE_POLARS
100
AcDbLine
 10
11.162648461960927
 20
12.230206111140237
 30
0.0
 11
11.54833376664608
 21
12.093895649840908
 31
0.0
  0
LINE
  5
A55
330
17
100
AcDbEntity
  8
ENGRAVE_POLARS
100
AcDbLine
 10
11.54833376664608
 20
12.093895649840908
 30
0.0
 11
11.951547396749064
 21
11.94889600910387
 31
0.0
  0
LINE
  5
A56
330
17
100
AcDbEntity
  8
ENGRAVE_POLARS
100
AcDbLine
 10
11.951547396749064
 20
11.94889600910387
 30
0.0
 11
12.361290922026358
 21
11.797665774958396
 31
0.0
  0
LINE
  5
A57
330
17
100
AcDbEntity
  8
ENGRAVE_POLARS
100
AcDbLine
 10
12.361290922026358
 20
11.797665774958396
 30
0.0
 11
12.766565912234444
 21
11.642663533433762
 31
0.0
  0
LINE
  5
A58
330
17
100
AcDbEntity
  8
ENGRAVE_POLARS
100
AcDbLine
 10
12.766565912234444
 20
11.642663533433762
 30
0.0
 11
13.156373937129796
 21
11.486347870559248
 31
0.0
  0
LINE
  5
A59
330
17
100
AcDbEntity
  8
ENGRAVE_POLARS
100
AcDbLine
 10
13.156373937129796
 20
11.486347870559248
 30
0.0
 11
13.519716566468897
 21
11.33117737236412
 31
0.0
  0
LINE
  5
A5A
330
17
100
AcDbEntity
  8
ENGRAVE_POLARS
100
AcDbLine
 10
13.519716566468897
 20
11.33117737236412
 30
0.0
 11
13.845595370008219
 21
11.179610624877661
 31
0.0
  0
LINE
  5
A5B
330
17
100
AcDbEntity
  8
ENGRAVE_POLARS
100
AcDbLine
 10
13.845595370008219
 20
11.179610624877661
 30
0.0
 11
14.123011917504247
 21
11.034106214129142
 31
0.0
  0
LINE
  5
A5C
330
17
100
AcDbEntity
  8
ENGRAVE_POLARS
100
AcDbLine
 10
14.123011917504247
 20
11.034106214129142
 30
0.0
 11
14.357646207981574
 21
10.894150093250996
 31
0.0
  0
LINE
  5
A5D
330
17
100
AcDbEntity
  8
ENGRAVE_POLARS
100
AcDbLine
 10
14.357646207981574
 20
10.894150093250996
 30
0.0
 11
14.565111073812425
 21
10.756733047659202
 31
0.0
  0
LINE
  5
A5E
330
17
100
AcDbEntity
  8
ENGRAVE_POLARS
100
AcDbLine
 10
14.565111073812425
 20
10.756733047659202
 30
0.0
 11
14.749307334774711
 21
10.620570911808343
 31
0.0
  0
LINE
  5
A5F
330
17
100
AcDbEntity
  8
ENGRAVE_POLARS
100
AcDbLine
 10
14.749307334774711
 20
10.620570911808343
 30
0.0
 11
14.914135810646352
 21
10.48437952015301
 31
0.0
  0
LINE
  5
A60
330
17
100
AcDbEntity
  8
ENGRAVE_POLARS
100
AcDbLine
 10
14.914135810646352
 20
10.48437952015301
 30
0.0
 11
15.063497321205258
 21
10.346874707147794
 31
0.0
  0
LINE
  5
A61
330
17
100
AcDbEntity
  8
ENGRAVE_POLARS
100
AcDbLine
 10
15.063497321205258
 20
10.346874707147794
 30
0.0
 11
15.201292686229348
 21
10.206772307247283
 31
0.0
  0
LINE
  5
A62
330
17
100
AcDbEntity
  8
ENGRAVE_POLARS
100
AcDbLine
 10
15.201292686229348
 20
10.206772307247283
 30
0.0
 11
15.331422725496537
 21
10.062788154906064
 31
0.0
  0
LINE
  5
A63
330
17
100
AcDbEntity
  8
ENGRAVE_POLARS
100
AcDbLine
 10
15.331422725496537
 20
10.062788154906064
 30
0.0
 11
15.457788258784744
 21
9.913638084578729
 31
0.0
  0
LINE
  5
A64
330
17
100
AcDbEntity
  8
ENGRAVE_POLARS
100
AcDbLine
 10
15.457788258784744
 20
9.913638084578729
 30
0.0
 11
15.584290105871872
 21
9.758037930719865
 31
0.0
  0
LINE
  5
A65
330
17
100
AcDbEntity
  8
ENGRAVE_POLARS
100
AcDbLine
 10
15.584290105871872
 20
9.758037930719865
 30
0.0
 11
15.714829086535852
 21
9.594703527784064
 31
0.0
  0
LINE
  5
A66
330
17
100
AcDbEntity
  8
ENGRAVE_POLARS
100
AcDbLine
 10
15.714829086535852
 20
9.594703527784064
 30
0.0
 11
15.853306020554587
 21
9.422350710225912
 31
0.0
  0
LINE
  5
A67
330
17
100
AcDbEntity
  8
ENGRAVE_POLARS
100
AcDbLine
 10
15.853306020554587
 20
9.422350710225912
 30
0.0
 11
16.003621727705998
 21
9.239695312499999
 31
0.0
  0
LINE
  5
A68
330
17
100
AcDbEntity
  8
ENGRAVE_POLARS
100
AcDbLine
 10
16.003621727705998
 20
9.239695312499999
 30
0.0
 11
16.164921574646954
 21
9.041436468986134
 31
0.0
  0
LINE
  5
A69
330
17
100
AcDbEntity
  8
ENGRAVE_POLARS
100
AcDbLine
 10
16.164921574646954
 20
9.041436468986134
 30
0.0
 11
16.332406264037733
 21
8.825601809430099
 31
0.0
  0
LINE
  5
A6A
330
17
100
AcDbEntity
  8
ENGRAVE_POLARS
100
AcDbLine
 10
16.332406264037733
 20
8.825601809430099
 30
0.0
 11
16.504059619661373
 21
8.595899911335446
 31
0.0
  0
LINE
  5
A6B
330
17
100
AcDbEntity
  8
ENGRAVE_POLARS
100
AcDbLine
 10
16.504059619661373
 20
8.595899911335446
 30
0.0
 11
16.67786546530091
 21
8.356039352205713
 31
0.0
  0
LINE
  5
A6C
330
17
100
AcDbEntity
  8
ENGRAVE_POLARS
100
AcDbLine
 10
16.67786546530091
 20
8.356039352205713
 30
0.0
 11
16.851807624739376
 21
8.109728709544456
 31
0.0
  0
LINE
  5
A6D
330
17
100
AcDbEntity
  8
ENGRAVE_POLARS
100
AcDbLine
 10
16.851807624739376
 20
8.109728709544456
 30
0.0
 11
17.0238699217598
 21
7.860676560855214
 31
0.0
  0
LINE
  5
A6E
330
17
100
AcDbEntity
  8
ENGRAVE_POLARS
100
AcDbLine
 10
17.0238699217598
 20
7.860676560855214
 30
0.0
 11
17.192036180145227
 21
7.6125914836415385
 31
0.0
  0
LINE
  5
A6F
330
17
100
AcDbEntity
  8
ENGRAVE_POLARS
100
AcDbLine
 10
17.192036180145227
 20
7.6125914836415385
 30
0.0
 11
17.35429022367868
 21
7.369182055406975
 31
0.0
  0
LINE
  5
A70
330
17
100
AcDbEntity
  8
ENGRAVE_POLARS
100
AcDbLine
 10
17.35429022367868
 20
7.369182055406975
 30
0.0
 11
17.50861587614321
 21
7.134156853655074
 31
0.0
  0
LINE
  5
A71
330
17
100
AcDbEntity
  8
ENGRAVE_POLARS
100
AcDbLine
 10
17.50861587614321
 20
7.134156853655074
 30
0.0
 11
17.65299696132183
 21
6.911224455889377
 31
0.0
  0
LINE
  5
A72
330
17
100
AcDbEntity
  8
ENGRAVE_POLARS
100
AcDbLine
 10
17.65299696132183
 20
6.911224455889377
 30
0.0
 11
17.785417302997587
 21
6.704093439613433
 31
0.0
  0
LINE
  5
A73
330
17
100
AcDbEntity
  8
ENGRAVE_POLARS
100
AcDbLine
 10
17.785417302997587
 20
6.704093439613433
 30
0.0
 11
17.903860724953514
 21
6.5164723823307895
 31
0.0
  0
LINE
  5
A74
330
17
100
AcDbEntity
  8
ENGRAVE_POLARS
100
AcDbLine
 10
17.903860724953514
 20
6.5164723823307895
 30
0.0
 11
18.007505501147747
 21
6.3481502253457665
 31
0.0
  0
LINE
  5
A75
330
17
100
AcDbEntity
  8
ENGRAVE_POLARS
100
AcDbLine
 10
18.007505501147747
 20
6.3481502253457665
 30
0.0
 11
18.098028179972165
 21
6.194946937666335
 31
0.0
  0
LINE
  5
A76
330
17
100
AcDbEntity
  8
ENGRAVE_POLARS
100
AcDbLine
 10
18.098028179972165
 20
6.194946937666335
 30
0.0
 11
18.17715999686039
 21
6.054617638351515
 31
0.0
  0
LINE
  5
A77
330
17
100
AcDbEntity
  8
ENGRAVE_POLARS
100
AcDbLine
 10
18.17715999686039
 20
6.054617638351515
 30
0.0
 11
18.246632187246053
 21
5.9249174464603325
 31
0.0
  0
LINE
  5
A78
330
17
100
AcDbEntity
  8
ENGRAVE_POLARS
100
AcDbLine
 10
18.246632187246053
 20
5.9249174464603325
 30
0.0
 11
18.308175986562784
 21
5.80360148105181
 31
0.0
  0
LINE
  5
A79
330
17
100
AcDbEntity
  8
ENGRAVE_POLARS
100
AcDbLine
 10
18.308175986562784
 20
5.80360148105181
 30
0.0
 11
18.363522630244205
 21
5.68842486118497
 31
0.0
  0
LINE
  5
A7A
330
17
100
AcDbEntity
  8
ENGRAVE_POLARS
100
AcDbLine
 10
18.363522630244205
 20
5.68842486118497
 30
0.0
 11
18.414403353723948
 21
5.577142705918834
 31
0.0
  0
LINE
  5
A7B
330
17
100
AcDbEntity
  8
ENGRAVE_POLARS
100
AcDbLine
 10
18.414403353723948
 20
5.577142705918834
 30
0.0
 11
18.462549392435644
 21
5.467510134312425
 31
0.0
  0
LINE
  5
A7C
330
17
100
AcDbEntity
  8
ENGRAVE_POLARS
100
AcDbLine
 10
18.462549392435644
 20
5.467510134312425
 30
0.0
 11
18.509691981812924
 21
5.357282265424769
 31
0.0
  0
LINE
  5
A7D
330
17
100
AcDbEntity
  8
ENGRAVE_POLARS
100
AcDbLine
 10
18.509691981812924
 20
5.357282265424769
 30
0.0
 11
18.55756235728941
 21
5.244214218314885
 31
0.0
  0
LINE
  5
A7E
330
17
100
AcDbEntity
  8
ENGRAVE_POLARS
100
AcDbLine
 10
18.55756235728941
 20
5.244214218314885
 30
0.0
 11
18.60789175429873
 21
5.126061112041797
 31
0.0
  0
LINE
  5
A7F
330
17
100
AcDbEntity
  8
ENGRAVE_POLARS
100
AcDbLine
 10
18.60789175429873
 20
5.126061112041797
 30
0.0
 11
18.662411408274515
 21
5.000578065664528
 31
0.0
  0
LINE
  5
A80
330
17
100
AcDbEntity
  8
ENGRAVE_POLARS
100
AcDbLine
 10
18.662411408274515
 20
5.000578065664528
 30
0.0
 11
18.718555754407316
 21
4.875831974735501
 31
0.0
  0
LINE
  5
A81
330
17
100
AcDbEntity
  8
ENGRAVE_POLARS
100
AcDbLine
 10
18.718555754407316
 20
4.875831974735501
 30
0.0
 11
18.772803540072598
 21
4.759405279269143
 31
0.0
  0
LINE
  5
A82
330
17
100
AcDbEntity
  8
ENGRAVE_POLARS
100
AcDbLine
 10
18.772803540072598
 20
4.759405279269143
 30
0.0
 11
18.825452468981407
 21
4.648326415017481
 31
0.0
  0
LINE
  5
A83
330
17
100
AcDbEntity
  8
ENGRAVE_POLARS
100
AcDbLine
 10
18.825452468981407
 20
4.648326415017481
 30
0.0
 11
18.876800244844762
 21
4.539623817732541
 31
0.0
  0
LINE
  5
A84
330
17
100
AcDbEntity
  8
ENGRAVE_POLARS
100
AcDbLine
 10
18.876800244844762
 20
4.539623817732541
 30
0.0
 11
18.927144571373702
 21
4.430325923166353
 31
0.0
  0
LINE
  5
A85
330
17
100
AcDbEntity
  8
ENGRAVE_POLARS
100
AcDbLine
 10
18.927144571373702
 20
4.430325923166353
 30
0.0
 11
18.976783152279246
 21
4.317461167070942
 31
0.0
  0
LINE
  5
A86
330
17
100
AcDbEntity
  8
ENGRAVE_POLARS
100
AcDbLine
 10
18.976783152279246
 20
4.317461167070942
 30
0.0
 11
19.02601369127243
 21
4.198057985198337
 31
0.0
  0
LINE
  5
A87
330
17
100
AcDbEntity
  8
ENGRAVE_POLARS
100
AcDbLine
 10
19.02601369127243
 20
4.198057985198337
 30
0.0
 11
19.075133892064287
 21
4.069144813300563
 31
0.0
  0
LINE
  5
A88
330
17
100
AcDbEntity
  8
ENGRAVE_POLARS
100
AcDbLine
 10
19.075133892064287
 20
4.069144813300563
 30
0.0
 11
19.124441458365837
 21
3.9277500871296516
 31
0.0
  0
LINE
  5
A89
330
17
100
AcDbEntity
  8
ENGRAVE_POLARS
100
AcDbLine
 10
19.124441458365837
 20
3.9277500871296516
 30
0.0
 11
19.17423409388812
 21
3.7709022424376255
 31
0.0
  0
LINE
  5
A8A
330
17
100
AcDbEntity
  8
ENGRAVE_POLARS
100
AcDbLine
 10
19.17423409388812
 20
3.7709022424376255
 30
0.0
 11
19.224809502342154
 21
3.5956297149765146
 31
0.0
  0
LINE
  5
A8B
330
17
100
AcDbEntity
  8
ENGRAVE_POLARS
100
AcDbLine
 10
19.224809502342154
 20
3.5956297149765146
 30
0.0
 11
19.276465387438982
 21
3.398960940498346
 31
0.0
  0
LINE
  5
A8C
330
17
100
AcDbEntity
  8
ENGRAVE_POLARS
100
AcDbLine
 10
19.276465387438982
 20
3.398960940498346
 30
0.0
 11
19.331985311655153
 21
3.1905317345026663
 31
0.0
  0
LINE
  5
A8D
330
17
100
AcDbEntity
  8
ENGRAVE_POLARS
100
AcDbLine
 10
19.331985311655153
 20
3.1905317345026663
 30
0.0
 11
19.392815865245534
 21
2.979715686032428
 31
0.0
  0
LINE
  5
A8E
330
17
100
AcDbEntity
  8
ENGRAVE_POLARS
100
AcDbLine
 10
19.392815865245534
 20
2.979715686032428
 30
0.0
 11
19.457249293588625
 21
2.763147891154773
 31
0.0
  0
LINE
  5
A8F
330
17
100
AcDbEntity
  8
ENGRAVE_POLARS
100
AcDbLine
 10
19.457249293588625
 20
2.763147891154773
 30
0.0
 11
19.52357784206292
 21
2.5374634459368375
 31
0.0
  0
LINE
  5
A90
330
17
100
AcDbEntity
  8
ENGRAVE_POLARS
100
AcDbLine
 10
19.52357784206292
 20
2.5374634459368375
 30
0.0
 11
19.59009375604692
 21
2.2992974464457636
 31
0.0
  0
LINE
  5
A91
330
17
100
AcDbEntity
  8
ENGRAVE_POLARS
100
AcDbLine
 10
19.59009375604692
 20
2.2992974464457636
 30
0.0
 11
19.655089280919103
 21
2.045284988748688
 31
0.0
  0
LINE
  5
A92
330
17
100
AcDbEntity
  8
ENGRAVE_POLARS
100
AcDbLine
 10
19.655089280919103
 20
2.045284988748688
 30
0.0
 11
19.716856662057978
 21
1.7720611689127503
 31
0.0
  0
LINE
  5
A93
330
17
100
AcDbEntity
  8
ENGRAVE_POLARS
100
AcDbLine
 10
19.716856662057978
 20
1.7720611689127503
 30
0.0
 11
19.773688144842037
 21
1.4762610830050897
 31
0.0
  0
LINE
  5
A94
330
17
100
AcDbEntity
  8
ENGRAVE_POLARS
100
AcDbLine
 10
19.773688144842037
 20
1.4762610830050897
 30
0.0
 11
19.823875974649773
 21
1.1545198270928458
 31
0.0
  0
LINE
  5
A95
330
17
100
AcDbEntity
  8
ENGRAVE_POLARS
100
AcDbLine
 10
19.823875974649773
 20
1.1545198270928458
 30
0.0
 11
19.86571239685968
 21
0.8034724972431564
 31
0.0
  0
LINE
  5
A96
330
17
100
AcDbEntity
  8
ENGRAVE_POLARS
100
AcDbLine
 10
19.86571239685968
 20
0.8034724972431564
 30
0.0
 11
19.89748965685026
 21
0.4197541895231615
 31
0.0
  0
LINE
  5
A97
330
17
100
AcDbEntity
  8
ENGRAVE_POLARS
100
AcDbLine
 10
19.89748965685026
 20
0.4197541895231615
 30
0.0
 11
19.9175
 21
0.0
 31
0.0
  0
LINE
  5
A98
330
17
100
AcDbEntity
  8
ENGRAVE_POLARS
100
AcDbLine
 10
19.9175
 20
0.0
 30
0.0
 11
19.92618326694101
 21
-0.47459112463628245
 31
0.0
  0
LINE
  5
A99
330
17
100
AcDbEntity
  8
ENGRAVE_POLARS
100
AcDbLine
 10
19.92618326694101
 20
-0.47459112463628245
 30
0.0
 11
19.925682361298996
 21
-1.0123126867470806
 31
0.0
  0
LINE
  5
A9A
330
17
100
AcDbEntity
  8
ENGRAVE_POLARS
100
AcDbLine
 10
19.925682361298996
 20
-1.0123126867470806
 30
0.0
 11
19.916844122942862
 21
-1.6007682638424172
 31
0.0
  0
LINE
  5
A9B
330
17
100
AcDbEntity
  8
ENGRAVE_POLARS
100
AcDbLine
 10
19.916844122942862
 20
-1.6007682638424172
 30
0.0
 11
19.9005153917415
 21
-2.2275614334323155
 31
0.0
  0
LINE
  5
A9C
330
17
100
AcDbEntity
  8
ENGRAVE_POLARS
100
AcDbLine
 10
19.9005153917415
 20
-2.2275614334323155
 30
0.0
 11
19.87754300756382
 21
-2.880295773026797
 31
0.0
  0
LINE
  5
A9D
330
17
100
AcDbEntity
  8
ENGRAVE_POLARS
100
AcDbLine
 10
19.87754300756382
 20
-2.880295773026797
 30
0.0
 11
19.84877381027872
 21
-3.546574860135885
 31
0.0
  0
LINE
  5
A9E
330
17
100
AcDbEntity
  8
ENGRAVE_POLARS
100
AcDbLine
 10
19.84877381027872
 20
-3.546574860135885
 30
0.0
 11
19.815054639755093
 21
-4.214002272269602
 31
0.0
  0
LINE
  5
A9F
330
17
100
AcDbEntity
  8
ENGRAVE_POLARS
100
AcDbLine
 10
19.815054639755093
 20
-4.214002272269602
 30
0.0
 11
19.77723233586185
 21
-4.870181586937973
 31
0.0
  0
LINE
  5
AA0
330
17
100
AcDbEntity
  8
ENGRAVE_POLARS
100
AcDbLine
 10
19.77723233586185
 20
-4.870181586937973
 30
0.0
 11
19.736153738467884
 21
-5.502716381651016
 31
0.0
  0
LINE
  5
AA1
330
17
100
AcDbEntity
  8
ENGRAVE_POLARS
100
AcDbLine
 10
19.736153738467884
 20
-5.502716381651016
 30
0.0
 11
19.692665687442094
 21
-6.099210233918758
 31
0.0
  0
LINE
  5
AA2
330
17
100
AcDbEntity
  8
ENGRAVE_POLARS
100
AcDbLine
 10
19.692665687442094
 20
-6.099210233918758
 30
0.0
 11
19.64761502265338
 21
-6.647266721251221
 31
0.0
  0
LINE
  5
AA3
330
17
100
AcDbEntity
  8
ENGRAVE_POLARS
100
AcDbLine
 10
19.64761502265338
 20
-6.647266721251221
 30
0.0
 11
19.60184858397065
 21
-7.134489421158424
 31
0.0
  0
LINE
  5
AA4
330
17
100
AcDbEntity
  8
ENGRAVE_POLARS
100
AcDbLine
 10
19.60184858397065
 20
-7.134489421158424
 30
0.0
 11
19.56123544854314
 21
-7.561907749142022
 31
0.0
  0
LINE
  5
AA5
330
17
100
AcDbEntity
  8
ENGRAVE_POLARS
100
AcDbLine
 10
19.56123544854314
 20
-7.561907749142022
 30
0.0
 11
19.528586658336124
 21
-7.94370015778304
 31
0.0
  0
LINE
  5
AA6
330
17
100
AcDbEntity
  8
ENGRAVE_POLARS
100
AcDbLine
 10
19.528586658336124
 20
-7.94370015778304
 30
0.0
 11
19.500162000442522
 21
-8.28719378021056
 31
0.0
  0
LINE
  5
AA7
330
17
100
AcDbEntity
  8
ENGRAVE_POLARS
100
AcDbLine
 10
19.500162000442522
 20
-8.28719378021056
 30
0.0
 11
19.472221261955266
 21
-8.599715749553674
 31
0.0
  0
LINE
  5
AA8
330
17
100
AcDbEntity
  8
ENGRAVE_POLARS
100
AcDbLine
 10
19.472221261955266
 20
-8.599715749553674
 30
0.0
 11
19.441024229967294
 21
-8.888593198941457
 31
0.0
  0
LINE
  5
AA9
330
17
100
AcDbEntity
  8
ENGRAVE_POLARS
100
AcDbLine
 10
19.441024229967294
 20
-8.888593198941457
 30
0.0
 11
19.40283069157153
 21
-9.161153261503005
 31
0.0
  0
LINE
  5
AAA
330
17
100
AcDbEntity
  8
ENGRAVE_POLARS
100
AcDbLine
 10
19.40283069157153
 20
-9.161153261503005
 30
0.0
 11
19.353900433860897
 21
-9.424723070367396
 31
0.0
  0
LINE
  5
AAB
330
17
100
AcDbEntity
  8
ENGRAVE_POLARS
100
AcDbLine
 10
19.353900433860897
 20
-9.424723070367396
 30
0.0
 11
19.29049324392834
 21
-9.686629758663715
 31
0.0
  0
LINE
  5
AAC
330
17
100
AcDbEntity
  8
ENGRAVE_POLARS
100
AcDbLine
 10
19.29049324392834
 20
-9.686629758663715
 30
0.0
 11
19.208868908866776
 21
-9.95420045952105
 31
0.0
  0
LINE
  5
AAD
330
17
100
AcDbEntity
  8
ENGRAVE_POLARS
100
AcDbLine
 10
19.208868908866776
 20
-9.95420045952105
 30
0.0
 11
19.10528721576914
 21
-10.234762306068486
 31
0.0
  0
LINE
  5
AAE
330
17
100
AcDbEntity
  8
ENGRAVE_POLARS
100
AcDbLine
 10
19.10528721576914
 20
-10.234762306068486
 30
0.0
 11
18.97600795172836
 21
-10.535642431435106
 31
0.0
  0
LINE
  5
AAF
330
17
100
AcDbEntity
  8
ENGRAVE_POLARS
100
AcDbLine
 10
18.97600795172836
 20
-10.535642431435106
 30
0.0
 11
18.817290903837367
 21
-10.864167968749998
 31
0.0
  0
LINE
  5
AB0
330
17
100
AcDbEntity
  8
ENGRAVE_POLARS
100
AcDbLine
 10
18.817290903837367
 20
-10.864167968749998
 30
0.0
 11
18.63115594753527
 21
-11.222138654137224
 31
0.0
  0
LINE
  5
AB1
330
17
100
AcDbEntity
  8
ENGRAVE_POLARS
100
AcDbLine
 10
18.63115594753527
 20
-11.222138654137224
 30
0.0
 11
18.422968690363767
 21
-11.602706538080371
 31
0.0
  0
LINE
  5
AB2
330
17
100
AcDbEntity
  8
ENGRAVE_POLARS
100
AcDbLine
 10
18.422968690363767
 20
-11.602706538080371
 30
0.0
 11
18.194007517569656
 21
-12.000227225247807
 31
0.0
  0
LINE
  5
AB3
330
17
100
AcDbEntity
  8
ENGRAVE_POLARS
100
AcDbLine
 10
18.194007517569656
 20
-12.000227225247807
 30
0.0
 11
17.945550814399738
 21
-12.40905632030789
 31
0.0
  0
LINE
  5
AB4
330
17
100
AcDbEntity
  8
ENGRAVE_POLARS
100
AcDbLine
 10
17.945550814399738
 20
-12.40905632030789
 30
0.0
 11
17.67887696610082
 21
-12.823549427928992
 31
0.0
  0
LINE
  5
AB5
330
17
100
AcDbEntity
  8
ENGRAVE_POLARS
100
AcDbLine
 10
17.67887696610082
 20
-12.823549427928992
 30
0.0
 11
17.395264357919697
 21
-13.23806215277947
 31
0.0
  0
LINE
  5
AB6
330
17
100
AcDbEntity
  8
ENGRAVE_POLARS
100
AcDbLine
 10
17.395264357919697
 20
-13.23806215277947
 30
0.0
 11
17.095991375103182
 21
-13.646950099527691
 31
0.0
  0
LINE
  5
AB7
330
17
100
AcDbEntity
  8
ENGRAVE_POLARS
100
AcDbLine
 10
17.095991375103182
 20
-13.646950099527691
 30
0.0
 11
16.782336402898064
 21
-14.044568872842023
 31
0.0
  0
LINE
  5
AB8
330
17
100
AcDbEntity
  8
ENGRAVE_POLARS
100
AcDbLine
 10
16.782336402898064
 20
-14.044568872842023
 30
0.0
 11
16.455577826551167
 21
-14.425274077390828
 31
0.0
  0
LINE
  5
AB9
330
17
100
AcDbEntity
  8
ENGRAVE_POLARS
100
AcDbLine
 10
16.455577826551167
 20
-14.425274077390828
 30
0.0
 11
16.11699403130927
 21
-14.78342131784247
 31
0.0
  0
LINE
  5
ABA
330
17
100
AcDbEntity
  8
ENGRAVE_POLARS
100
AcDbLine
 10
16.11699403130927
 20
-14.78342131784247
 30
0.0
 11
15.76786340241919
 21
-15.113366198865313
 31
0.0
  0
LINE
  5
ABB
330
17
100
AcDbEntity
  8
ENGRAVE_POLARS
100
AcDbLine
 10
15.76786340241919
 20
-15.113366198865313
 30
0.0
 11
15.409464325127725
 21
-15.409464325127724
 31
0.0
  0
LINE
  5
ABC
330
17
100
AcDbEntity
  8
ENGRAVE_POLARS
100
AcDbLine
 10
15.409464325127725
 20
-15.409464325127724
 30
0.0
 11
15.03405627678797
 21
-15.674862637527692
 31
0.0
  0
LINE
  5
ABD
330
17
100
AcDbEntity
  8
ENGRAVE_POLARS
100
AcDbLine
 10
15.03405627678797
 20
-15.674862637527692
 30
0.0
 11
14.635318868173563
 21
-15.917721256998455
 31
0.0
  0
LINE
  5
ABE
330
17
100
AcDbEntity
  8
ENGRAVE_POLARS
100
AcDbLine
 10
14.635318868173563
 20
-15.917721256998455
 30
0.0
 11
14.216660684662124
 21
-16.139915558261237
 31
0.0
  0
LINE
  5
ABF
330
17
100
AcDbEntity
  8
ENGRAVE_POLARS
100
AcDbLine
 10
14.216660684662124
 20
-16.139915558261237
 30
0.0
 11
13.781490311631268
 21
-16.343320916037264
 31
0.0
  0
LINE
  5
AC0
330
17
100
AcDbEntity
  8
ENGRAVE_POLARS
100
AcDbLine
 10
13.781490311631268
 20
-16.343320916037264
 30
0.0
 11
13.33321633445863
 21
-16.529812705047767
 31
0.0
  0
LINE
  5
AC1
330
17
100
AcDbEntity
  8
ENGRAVE_POLARS
100
AcDbLine
 10
13.33321633445863
 20
-16.529812705047767
 30
0.0
 11
12.875247338521811
 21
-16.701266300013966
 31
0.0
  0
LINE
  5
AC2
330
17
100
AcDbEntity
  8
ENGRAVE_POLARS
100
AcDbLine
 10
12.875247338521811
 20
-16.701266300013966
 30
0.0
 11
12.410991909198442
 21
-16.859557075657094
 31
0.0
  0
LINE
  5
AC3
330
17
100
AcDbEntity
  8
ENGRAVE_POLARS
100
AcDbLine
 10
12.410991909198442
 20
-16.859557075657094
 30
0.0
 11
11.94385863186614
 21
-17.006560406698373
 31
0.0
  0
LINE
  5
AC4
330
17
100
AcDbEntity
  8
ENGRAVE_POLARS
100
AcDbLine
 10
11.94385863186614
 20
-17.006560406698373
 30
0.0
 11
11.477256091902527
 21
-17.144151667859035
 31
0.0
  0
LINE
  5
AC5
330
17
100
AcDbEntity
  8
ENGRAVE_POLARS
100
AcDbLine
 10
11.477256091902527
 20
-17.144151667859035
 30
0.0
 11
11.014592874685217
 21
-17.2742062338603
 31
0.0
  0
LINE
  5
AC6
330
17
100
AcDbEntity
  8
ENGRAVE_POLARS
100
AcDbLine
 10
11.014592874685217
 20
-17.2742062338603
 30
0.0
 11
10.559277565591836
 21
-17.3985994794234
 31
0.0
  0
LINE
  5
AC7
330
17
100
AcDbEntity
  8
ENGRAVE_POLARS
100
AcDbLine
 10
10.559277565591836
 20
-17.3985994794234
 30
0.0
 11
10.114718750000002
 21
-17.519206779269563
 31
0.0
  0
LINE
  5
AC8
330
17
100
AcDbEntity
  8
ENGRAVE_POLARS
100
AcDbLine
 10
10.114718750000002
 20
-17.519206779269563
 30
0.0
 11
9.663989810942157
 21
-17.63184243169046
 31
0.0
  0
LINE
  5
AC9
330
17
100
AcDbEntity
  8
ENGRAVE_POLARS
100
AcDbLine
 10
9.663989810942157
 20
-17.63184243169046
 30
0.0
 11
9.192600808117913
 21
-17.731796944993995
 31
0.0
  0
LINE
  5
ACA
330
17
100
AcDbEntity
  8
ENGRAVE_POLARS
100
AcDbLine
 10
9.192600808117913
 20
-17.731796944993995
 30
0.0
 11
8.70761534190563
 21
-17.820160008925747
 31
0.0
  0
LINE
  5
ACB
330
17
100
AcDbEntity
  8
ENGRAVE_POLARS
100
AcDbLine
 10
8.70761534190563
 20
-17.820160008925747
 30
0.0
 11
8.21609701268367
 21
-17.898021313231304
 31
0.0
  0
LINE
  5
ACC
330
17
100
AcDbEntity
  8
ENGRAVE_POLARS
100
AcDbLine
 10
8.21609701268367
 20
-17.898021313231304
 30
0.0
 11
7.725109420830398
 21
-17.96647054765624
 31
0.0
  0
LINE
  5
ACD
330
17
100
AcDbEntity
  8
ENGRAVE_POLARS
100
AcDbLine
 10
7.725109420830398
 20
-17.96647054765624
 30
0.0
 11
7.241716166724175
 21
-18.026597401946137
 31
0.0
  0
LINE
  5
ACE
330
17
100
AcDbEntity
  8
ENGRAVE_POLARS
100
AcDbLine
 10
7.241716166724175
 20
-18.026597401946137
 30
0.0
 11
6.772980850743362
 21
-18.07949156584657
 31
0.0
  0
LINE
  5
ACF
330
17
100
AcDbEntity
  8
ENGRAVE_POLARS
100
AcDbLine
 10
6.772980850743362
 20
-18.07949156584657
 30
0.0
 11
6.325967073266326
 21
-18.126242729103126
 31
0.0
  0
LINE
  5
AD0
330
17
100
AcDbEntity
  8
ENGRAVE_POLARS
100
AcDbLine
 10
6.325967073266326
 20
-18.126242729103126
 30
0.0
 11
5.907738434671428
 21
-18.16794058146138
 31
0.0
  0
LINE
  5
AD1
330
17
100
AcDbEntity
  8
ENGRAVE_POLARS
100
AcDbLine
 10
5.907738434671428
 20
-18.16794058146138
 30
0.0
 11
5.52535853533703
 21
-18.205674812666913
 31
0.0
  0
LINE
  5
AD2
330
17
100
AcDbEntity
  8
ENGRAVE_POLARS
100
AcDbLine
 10
5.52535853533703
 20
-18.205674812666913
 30
0.0
 11
5.1858909756414935
 21
-18.240535112465302
 31
0.0
  0
LINE
  5
AD3
330
17
100
AcDbEntity
  8
ENGRAVE_POLARS
100
AcDbLine
 10
5.1858909756414935
 20
-18.240535112465302
 30
0.0
 11
4.896399355963183
 21
-18.27361117060213
 31
0.0
  0
LINE
  5
AD4
330
17
100
AcDbEntity
  8
ENGRAVE_POLARS
100
AcDbLine
 10
4.896399355963183
 20
-18.27361117060213
 30
0.0
 11
4.670588511223724
 21
-18.301540707485536
 31
0.0
  0
LINE
  5
AD5
330
17
100
AcDbEntity
  8
ENGRAVE_POLARS
100
AcDbLine
 10
4.670588511223724
 20
-18.301540707485536
 30
0.0
 11
4.509473954142305
 21
-18.32099533819825
 31
0.0
  0
LINE
  5
AD6
330
17
100
AcDbEntity
  8
ENGRAVE_POLARS
100
AcDbLine
 10
4.509473954142305
 20
-18.32099533819825
 30
0.0
 11
4.4010853017936205
 21
-18.333115594497745
 31
0.0
  0
LINE
  5
AD7
330
17
100
AcDbEntity
  8
ENGRAVE_POLARS
100
AcDbLine
 10
4.4010853017936205
 20
-18.333115594497745
 30
0.0
 11
4.333452171252375
 21
-18.339042008141465
 31
0.0
  0
LINE
  5
AD8
330
17
100
AcDbEntity
  8
ENGRAVE_POLARS
100
AcDbLine
 10
4.333452171252375
 20
-18.339042008141465
 30
0.0
 11
4.294604179593268
 21
-18.33991511088689
 31
0.0
  0
LINE
  5
AD9
330
17
100
AcDbEntity
  8
ENGRAVE_POLARS
100
AcDbLine
 10
4.294604179593268
 20
-18.33991511088689
 30
0.0
 11
4.272570943890996
 21
-18.336875434491475
 31
0.0
  0
LINE
  5
ADA
330
17
100
AcDbEntity
  8
ENGRAVE_POLARS
100
AcDbLine
 10
4.272570943890996
 20
-18.336875434491475
 30
0.0
 11
4.255382081220262
 21
-18.331063510712685
 31
0.0
  0
LINE
  5
ADB
330
17
100
AcDbEntity
  8
ENGRAVE_POLARS
100
AcDbLine
 10
4.255382081220262
 20
-18.331063510712685
 30
0.0
 11
4.231067208655765
 21
-18.323619871307987
 31
0.0
  0
LINE
  5
ADC
330
17
100
AcDbEntity
  8
ENGRAVE_POLARS
100
AcDbLine
 10
4.231067208655765
 20
-18.323619871307987
 30
0.0
 11
4.187655943272206
 21
-18.31568504803484
 31
0.0
  0
LINE
  5
ADD
330
17
100
AcDbEntity
  8
ENGRAVE_POLARS
100
AcDbLine
 10
4.187655943272206
 20
-18.31568504803484
 30
0.0
 11
4.113177902144281
 21
-18.308399572650703
 31
0.0
  0
LINE
  5
ADE
330
17
100
AcDbEntity
  8
ENGRAVE_POLARS
100
AcDbLine
 10
4.113177902144281
 20
-18.308399572650703
 30
0.0
 11
3.995662702346694
 21
-18.302903976913047
 31
0.0
  0
LINE
  5
ADF
330
17
100
AcDbEntity
  8
ENGRAVE_POLARS
100
AcDbLine
 10
3.995662702346694
 20
-18.302903976913047
 30
0.0
 11
3.8231399609541437
 21
-18.300338792579335
 31
0.0
  0
LINE
  5
AE0
330
17
100
AcDbEntity
  8
ENGRAVE_POLARS
100
AcDbLine
 10
3.8231399609541437
 20
-18.300338792579335
 30
0.0
 11
3.588654052433909
 21
-18.299008217942504
 31
0.0
  0
LINE
  5
AE1
330
17
100
AcDbEntity
  8
ENGRAVE_POLARS
100
AcDbLine
 10
3.588654052433909
 20
-18.299008217942504
 30
0.0
 11
3.300837269183677
 21
-18.296588889999022
 31
0.0
  0
LINE
  5
AE2
330
17
100
AcDbEntity
  8
ENGRAVE_POLARS
100
AcDbLine
 10
3.300837269183677
 20
-18.296588889999022
 30
0.0
 11
2.971101105173761
 21
-18.29327999856162
 31
0.0
  0
LINE
  5
AE3
330
17
100
AcDbEntity
  8
ENGRAVE_POLARS
100
AcDbLine
 10
2.971101105173761
 20
-18.29327999856162
 30
0.0
 11
2.6108570543744687
 21
-18.28928073344303
 31
0.0
  0
LINE
  5
AE4
330
17
100
AcDbEntity
  8
ENGRAVE_POLARS
100
AcDbLine
 10
2.6108570543744687
 20
-18.28928073344303
 30
0.0
 11
2.2315166107561137
 21
-18.284790284455994
 31
0.0
  0
LINE
  5
AE5
330
17
100
AcDbEntity
  8
ENGRAVE_POLARS
100
AcDbLine
 10
2.2315166107561137
 20
-18.284790284455994
 30
0.0
 11
1.8444912682890073
 21
-18.280007841413244
 31
0.0
  0
LINE
  5
AE6
330
17
100
AcDbEntity
  8
ENGRAVE_POLARS
100
AcDbLine
 10
1.8444912682890073
 20
-18.280007841413244
 30
0.0
 11
1.4611925209434593
 21
-18.27513259412752
 31
0.0
  0
LINE
  5
AE7
330
17
100
AcDbEntity
  8
ENGRAVE_POLARS
100
AcDbLine
 10
1.4611925209434593
 20
-18.27513259412752
 30
0.0
 11
1.0930318626897821
 21
-18.27036373241155
 31
0.0
  0
LINE
  5
AE8
330
17
100
AcDbEntity
  8
ENGRAVE_POLARS
100
AcDbLine
 10
1.0930318626897821
 20
-18.27036373241155
 30
0.0
 11
0.751420787498287
 21
-18.26590044607808
 31
0.0
  0
LINE
  5
AE9
330
17
100
AcDbEntity
  8
ENGRAVE_POLARS
100
AcDbLine
 10
0.751420787498287
 20
-18.26590044607808
 30
0.0
 11
0.44777078933928394
 21
-18.26194192493984
 31
0.0
  0
LINE
  5
AEA
330
17
100
AcDbEntity
  8
ENGRAVE_POLARS
100
AcDbLine
 10
0.44777078933928394
 20
-18.26194192493984
 30
0.0
 11
0.19349336218308485
 21
-18.25868735880957
 31
0.0
  0
LINE
  5
AEB
330
17
100
AcDbEntity
  8
ENGRAVE_POLARS
100
AcDbLine
 10
0.19349336218308485
 20
-18.25868735880957
 30
0.0
 11
1.1178781685009086e-15
 21
-18.2563359375
 31
0.0
  0
LINE
  5
AEC
330
17
100
AcDbEntity
  8
ENGRAVE_POLARS
100
AcDbLine
 10
-10.015159102269097
 20
12.639384441374954
 30
0.0
 11
-10.220746802847694
 21
12.562416558119216
 31
0.0
  0
LINE
  5
AED
330
17
100
AcDbEntity
  8
ENGRAVE_POLARS
100
AcDbLine
 10
-10.220746802847694
 20
12.562416558119216
 30
0.0
 11
-10.487856549818215
 21
12.466925151308667
 31
0.0
  0
LINE
  5
AEE
330
17
100
AcDbEntity
  8
ENGRAVE_POLARS
100
AcDbLine
 10
-10.487856549818215
 20
12.466925151308667
 30
0.0
 11
-10.805489912937134
 21
12.355368806972582
 31
0.0
  0
LINE
  5
AEF
330
17
100
AcDbEntity
  8
ENGRAVE_POLARS
100
AcDbLine
 10
-10.805489912937134
 20
12.355368806972582
 30
0.0
 11
-11.162648461960927
 21
12.230206111140237
 31
0.0
  0
LINE
  5
AF0
330
17
100
AcDbEntity
  8
ENGRAVE_POLARS
100
AcDbLine
 10
-11.162648461960927
 20
12.230206111140237
 30
0.0
 11
-11.54833376664608
 21
12.093895649840908
 31
0.0
  0
LINE
  5
AF1
330
17
100
AcDbEntity
  8
ENGRAVE_POLARS
100
AcDbLine
 10
-11.54833376664608
 20
12.093895649840908
 30
0.0
 11
-11.951547396749064
 21
11.94889600910387
 31
0.0
  0
LINE
  5
AF2
330
17
100
AcDbEntity
  8
ENGRAVE_POLARS
100
AcDbLine
 10
-11.951547396749064
 20
11.94889600910387
 30
0.0
 11
-12.361290922026358
 21
11.797665774958396
 31
0.0
  0
LINE
  5
AF3
330
17
100
AcDbEntity
  8
ENGRAVE_POLARS
100
AcDbLine
 10
-12.361290922026358
 20
11.797665774958396
 30
0.0
 11
-12.766565912234444
 21
11.642663533433762
 31
0.0
  0
LINE
  5
AF4
330
17
100
AcDbEntity
  8
ENGRAVE_POLARS
100
AcDbLine
 10
-12.766565912234444
 20
11.642663533433762
 30
0.0
 11
-13.156373937129796
 21
11.486347870559248
 31
0.0
  0
LINE
  5
AF5
330
17
100
AcDbEntity
  8
ENGRAVE_POLARS
100
AcDbLine
 10
-13.156373937129796
 20
11.486347870559248
 30
0.0
 11
-13.519716566468897
 21
11.33117737236412
 31
0.0
  0
LINE
  5
AF6
330
17
100
AcDbEntity
  8
ENGRAVE_POLARS
100
AcDbLine
 10
-13.519716566468897
 20
11.33117737236412
 30
0.0
 11
-13.845595370008219
 21
11.179610624877661
 31
0.0
  0
LINE
  5
AF7
330
17
100
AcDbEntity
  8
ENGRAVE_POLARS
100
AcDbLine
 10
-13.845595370008219
 20
11.179610624877661
 30
0.0
 11
-14.123011917504247
 21
11.034106214129142
 31
0.0
  0
LINE
  5
AF8
330
17
100
AcDbEntity
  8
ENGRAVE_POLARS
100
AcDbLine
 10
-14.123011917504247
 20
11.034106214129142
 30
0.0
 11
-14.357646207981574
 21
10.894150093250996
 31
0.0
  0
LINE
  5
AF9
330
17
100
AcDbEntity
  8
ENGRAVE_POLARS
100
AcDbLine
 10
-14.357646207981574
 20
10.894150093250996
 30
0.0
 11
-14.565111073812425
 21
10.756733047659202
 31
0.0
  0
LINE
  5
AFA
330
17
100
AcDbEntity
  8
ENGRAVE_POLARS
100
AcDbLine
 10
-14.565111073812425
 20
10.756733047659202
 30
0.0
 11
-14.749307334774711
 21
10.620570911808343
 31
0.0
  0
LINE
  5
AFB
330
17
100
AcDbEntity
  8
ENGRAVE_POLARS
100
AcDbLine
 10
-14.749307334774711
 20
10.620570911808343
 30
0.0
 11
-14.914135810646352
 21
10.48437952015301
 31
0.0
  0
LINE
  5
AFC
330
17
100
AcDbEntity
  8
ENGRAVE_POLARS
100
AcDbLine
 10
-14.914135810646352
 20
10.48437952015301
 30
0.0
 11
-15.063497321205258
 21
10.346874707147794
 31
0.0
  0
LINE
  5
AFD
330
17
100
AcDbEntity
  8
ENGRAVE_POLARS
100
AcDbLine
 10
-15.063497321205258
 20
10.346874707147794
 30
0.0
 11
-15.201292686229348
 21
10.206772307247283
 31
0.0
  0
LINE
  5
AFE
330
17
100
AcDbEntity
  8
ENGRAVE_POLARS
100
AcDbLine
 10
-15.201292686229348
 20
10.206772307247283
 30
0.0
 11
-15.331422725496537
 21
10.062788154906064
 31
0.0
  0
LINE
  5
AFF
330
17
100
AcDbEntity
  8
ENGRAVE_POLARS
100
AcDbLine
 10
-15.331422725496537
 20
10.062788154906064
 30
0.0
 11
-15.457788258784744
 21
9.913638084578729
 31
0.0
  0
LINE
  5
B00
330
17
100
AcDbEntity
  8
ENGRAVE_POLARS
100
AcDbLine
 10
-15.457788258784744
 20
9.913638084578729
 30
0.0
 11
-15.584290105871872
 21
9.758037930719865
 31
0.0
  0
LINE
  5
B01
330
17
100
AcDbEntity
  8
ENGRAVE_POLARS
100
AcDbLine
 10
-15.584290105871872
 20
9.758037930719865
 30
0.0
 11
-15.714829086535852
 21
9.594703527784064
 31
0.0
  0
LINE
  5
B02
330
17
100
AcDbEntity
  8
ENGRAVE_POLARS
100
AcDbLine
 10
-15.714829086535852
 20
9.594703527784064
 30
0.0
 11
-15.853306020554587
 21
9.422350710225912
 31
0.0
  0
LINE
  5
B03
330
17
100
AcDbEntity
  8
ENGRAVE_POLARS
100
AcDbLine
 10
-15.853306020554587
 20
9.422350710225912
 30
0.0
 11
-16.003621727705998
 21
9.239695312499999
 31
0.0
  0
LINE
  5
B04
330
17
100
AcDbEntity
  8
ENGRAVE_POLARS
100
AcDbLine
 10
-16.003621727705998
 20
9.239695312499999
 30
0.0
 11
-16.164921574646954
 21
9.041436468986134
 31
0.0
  0
LINE
  5
B05
330
17
100
AcDbEntity
  8
ENGRAVE_POLARS
100
AcDbLine
 10
-16.164921574646954
 20
9.041436468986134
 30
0.0
 11
-16.332406264037733
 21
8.825601809430099
 31
0.0
  0
LINE
  5
B06
330
17
100
AcDbEntity
  8
ENGRAVE_POLARS
100
AcDbLine
 10
-16.332406264037733
 20
8.825601809430099
 30
0.0
 11
-16.504059619661373
 21
8.595899911335446
 31
0.0
  0
LINE
  5
B07
330
17
100
AcDbEntity
  8
ENGRAVE_POLARS
100
AcDbLine
 10
-16.504059619661373
 20
8.595899911335446
 30
0.0
 11
-16.67786546530091
 21
8.356039352205713
 31
0.0
  0
LINE
  5
B08
330
17
100
AcDbEntity
  8
ENGRAVE_POLARS
100
AcDbLine
 10
-16.67786546530091
 20
8.356039352205713
 30
0.0
 11
-16.851807624739376
 21
8.109728709544456
 31
0.0
  0
LINE
  5
B09
330
17
100
AcDbEntity
  8
ENGRAVE_POLARS
100
AcDbLine
 10
-16.851807624739376
 20
8.109728709544456
 30
0.0
 11
-17.0238699217598
 21
7.860676560855214
 31
0.0
  0
LINE
  5
B0A
330
17
100
AcDbEntity
  8
ENGRAVE_POLARS
100
AcDbLine
 10
-17.0238699217598
 20
7.860676560855214
 30
0.0
 11
-17.192036180145227
 21
7.6125914836415385
 31
0.0
  0
LINE
  5
B0B
330
17
100
AcDbEntity
  8
ENGRAVE_POLARS
100
AcDbLine
 10
-17.192036180145227
 20
7.6125914836415385
 30
0.0
 11
-17.35429022367868
 21
7.369182055406975
 31
0.0
  0
LINE
  5
B0C
330
17
100
AcDbEntity
  8
ENGRAVE_POLARS
100
AcDbLine
 10
-17.35429022367868
 20
7.369182055406975
 30
0.0
 11
-17.50861587614321
 21
7.134156853655074
 31
0.0
  0
LINE
  5
B0D
330
17
100
AcDbEntity
  8
ENGRAVE_POLARS
100
AcDbLine
 10
-17.50861587614321
 20
7.134156853655074
 30
0.0
 11
-17.65299696132183
 21
6.911224455889377
 31
0.0
  0
LINE
  5
B0E
330
17
100
AcDbEntity
  8
ENGRAVE_POLARS
100
AcDbLine
 10
-17.65299696132183
 20
6.911224455889377
 30
0.0
 11
-17.785417302997587
 21
6.704093439613433
 31
0.0
  0
LINE
  5
B0F
330
17
100
AcDbEntity
  8
ENGRAVE_POLARS
100
AcDbLine
 10
-17.785417302997587
 20
6.704093439613433
 30
0.0
 11
-17.903860724953514
 21
6.5164723823307895
 31
0.0
  0
LINE
  5
B10
330
17
100
AcDbEntity
  8
ENGRAVE_POLARS
100
AcDbLine
 10
-17.903860724953514
 20
6.5164723823307895
 30
0.0
 11
-18.007505501147747
 21
6.3481502253457665
 31
0.0
  0
LINE
  5
B11
330
17
100
AcDbEntity
  8
ENGRAVE_POLARS
100
AcDbLine
 10
-18.007505501147747
 20
6.3481502253457665
 30
0.0
 11
-18.098028179972165
 21
6.194946937666335
 31
0.0
  0
LINE
  5
B12
330
17
100
AcDbEntity
  8
ENGRAVE_POLARS
100
AcDbLine
 10
-18.098028179972165
 20
6.194946937666335
 30
0.0
 11
-18.17715999686039
 21
6.054617638351515
 31
0.0
  0
LINE
  5
B13
330
17
100
AcDbEntity
  8
ENGRAVE_POLARS
100
AcDbLine
 10
-18.17715999686039
 20
6.054617638351515
 30
0.0
 11
-18.246632187246053
 21
5.9249174464603325
 31
0.0
  0
LINE
  5
B14
330
17
100
AcDbEntity
  8
ENGRAVE_POLARS
100
AcDbLine
 10
-18.246632187246053
 20
5.9249174464603325
 30
0.0
 11
-18.308175986562784
 21
5.80360148105181
 31
0.0
  0
LINE
  5
B15
330
17
100
AcDbEntity
  8
ENGRAVE_POLARS
100
AcDbLine
 10
-18.308175986562784
 20
5.80360148105181
 30
0.0
 11
-18.363522630244205
 21
5.68842486118497
 31
0.0
  0
LINE
  5
B16
330
17
100
AcDbEntity
  8
ENGRAVE_POLARS
100
AcDbLine
 10
-18.363522630244205
 20
5.68842486118497
 30
0.0
 11
-18.414403353723948
 21
5.577142705918834
 31
0.0
  0
LINE
  5
B17
330
17
100
AcDbEntity
  8
ENGRAVE_POLARS
100
AcDbLine
 10
-18.414403353723948
 20
5.577142705918834
 30
0.0
 11
-18.462549392435644
 21
5.467510134312425
 31
0.0
  0
LINE
  5
B18
330
17
100
AcDbEntity
  8
ENGRAVE_POLARS
100
AcDbLine
 10
-18.462549392435644
 20
5.467510134312425
 30
0.0
 11
-18.509691981812924
 21
5.357282265424769
 31
0.0
  0
LINE
  5
B19
330
17
100
AcDbEntity
  8
ENGRAVE_POLARS
100
AcDbLine
 10
-18.509691981812924
 20
5.357282265424769
 30
0.0
 11
-18.55756235728941
 21
5.244214218314885
 31
0.0
  0
LINE
  5
B1A
330
17
100
AcDbEntity
  8
ENGRAVE_POLARS
100
AcDbLine
 10
-18.55756235728941
 20
5.244214218314885
 30
0.0
 11
-18.60789175429873
 21
5.126061112041797
 31
0.0
  0
LINE
  5
B1B
330
17
100
AcDbEntity
  8
ENGRAVE_POLARS
100
AcDbLine
 10
-18.60789175429873
 20
5.126061112041797
 30
0.0
 11
-18.662411408274515
 21
5.000578065664528
 31
0.0
  0
LINE
  5
B1C
330
17
100
AcDbEntity
  8
ENGRAVE_POLARS
100
AcDbLine
 10
-18.662411408274515
 20
5.000578065664528
 30
0.0
 11
-18.718555754407316
 21
4.875831974735501
 31
0.0
  0
LINE
  5
B1D
330
17
100
AcDbEntity
  8
ENGRAVE_POLARS
100
AcDbLine
 10
-18.718555754407316
 20
4.875831974735501
 30
0.0
 11
-18.772803540072598
 21
4.759405279269143
 31
0.0
  0
LINE
  5
B1E
330
17
100
AcDbEntity
  8
ENGRAVE_POLARS
100
AcDbLine
 10
-18.772803540072598
 20
4.759405279269143
 30
0.0
 11
-18.825452468981407
 21
4.648326415017481
 31
0.0
  0
LINE
  5
B1F
330
17
100
AcDbEntity
  8
ENGRAVE_POLARS
100
AcDbLine
 10
-18.825452468981407
 20
4.648326415017481
 30
0.0
 11
-18.876800244844762
 21
4.539623817732541
 31
0.0
  0
LINE
  5
B20
330
17
100
AcDbEntity
  8
ENGRAVE_POLARS
100
AcDbLine
 10
-18.876800244844762
 20
4.539623817732541
 30
0.0
 11
-18.927144571373702
 21
4.430325923166353
 31
0.0
  0
LINE
  5
B21
330
17
100
AcDbEntity
  8
ENGRAVE_POLARS
100
AcDbLine
 10
-18.927144571373702
 20
4.430325923166353
 30
0.0
 11
-18.976783152279246
 21
4.317461167070942
 31
0.0
  0
LINE
  5
B22
330
17
100
AcDbEntity
  8
ENGRAVE_POLARS
100
AcDbLine
 10
-18.976783152279246
 20
4.317461167070942
 30
0.0
 11
-19.02601369127243
 21
4.198057985198337
 31
0.0
  0
LINE
  5
B23
330
17
100
AcDbEntity
  8
ENGRAVE_POLARS
100
AcDbLine
 10
-19.02601369127243
 20
4.198057985198337
 30
0.0
 11
-19.075133892064287
 21
4.069144813300563
 31
0.0
  0
LINE
  5
B24
330
17
100
AcDbEntity
  8
ENGRAVE_POLARS
100
AcDbLine
 10
-19.075133892064287
 20
4.069144813300563
 30
0.0
 11
-19.124441458365837
 21
3.9277500871296516
 31
0.0
  0
LINE
  5
B25
330
17
100
AcDbEntity
  8
ENGRAVE_POLARS
100
AcDbLine
 10
-19.124441458365837
 20
3.9277500871296516
 30
0.0
 11
-19.17423409388812
 21
3.7709022424376255
 31
0.0
  0
LINE
  5
B26
330
17
100
AcDbEntity
  8
ENGRAVE_POLARS
100
AcDbLine
 10
-19.17423409388812
 20
3.7709022424376255
 30
0.0
 11
-19.224809502342154
 21
3.5956297149765146
 31
0.0
  0
LINE
  5
B27
330
17
100
AcDbEntity
  8
ENGRAVE_POLARS
100
AcDbLine
 10
-19.224809502342154
 20
3.5956297149765146
 30
0.0
 11
-19.276465387438982
 21
3.398960940498346
 31
0.0
  0
LINE
  5
B28
330
17
100
AcDbEntity
  8
ENGRAVE_POLARS
100
AcDbLine
 10
-19.276465387438982
 20
3.398960940498346
 30
0.0
 11
-19.331985311655153
 21
3.1905317345026663
 31
0.0
  0
LINE
  5
B29
330
17
100
AcDbEntity
  8
ENGRAVE_POLARS
100
AcDbLine
 10
-19.331985311655153
 20
3.1905317345026663
 30
0.0
 11
-19.392815865245534
 21
2.979715686032428
 31
0.0
  0
LINE
  5
B2A
330
17
100
AcDbEntity
  8
ENGRAVE_POLARS
100
AcDbLine
 10
-19.392815865245534
 20
2.979715686032428
 30
0.0
 11
-19.457249293588625
 21
2.763147891154773
 31
0.0
  0
LINE
  5
B2B
330
17
100
AcDbEntity
  8
ENGRAVE_POLARS
100
AcDbLine
 10
-19.457249293588625
 20
2.763147891154773
 30
0.0
 11
-19.52357784206292
 21
2.5374634459368375
 31
0.0
  0
LINE
  5
B2C
330
17
100
AcDbEntity
  8
ENGRAVE_POLARS
100
AcDbLine
 10
-19.52357784206292
 20
2.5374634459368375
 30
0.0
 11
-19.59009375604692
 21
2.2992974464457636
 31
0.0
  0
LINE
  5
B2D
330
17
100
AcDbEntity
  8
ENGRAVE_POLARS
100
AcDbLine
 10
-19.59009375604692
 20
2.2992974464457636
 30
0.0
 11
-19.655089280919103
 21
2.045284988748688
 31
0.0
  0
LINE
  5
B2E
330
17
100
AcDbEntity
  8
ENGRAVE_POLARS
100
AcDbLine
 10
-19.655089280919103
 20
2.045284988748688
 30
0.0
 11
-19.716856662057978
 21
1.7720611689127503
 31
0.0
  0
LINE
  5
B2F
330
17
100
AcDbEntity
  8
ENGRAVE_POLARS
100
AcDbLine
 10
-19.716856662057978
 20
1.7720611689127503
 30
0.0
 11
-19.773688144842037
 21
1.4762610830050897
 31
0.0
  0
LINE
  5
B30
330
17
100
AcDbEntity
  8
ENGRAVE_POLARS
100
AcDbLine
 10
-19.773688144842037
 20
1.4762610830050897
 30
0.0
 11
-19.823875974649773
 21
1.1545198270928458
 31
0.0
  0
LINE
  5
B31
330
17
100
AcDbEntity
  8
ENGRAVE_POLARS
100
AcDbLine
 10
-19.823875974649773
 20
1.1545198270928458
 30
0.0
 11
-19.86571239685968
 21
0.8034724972431564
 31
0.0
  0
LINE
  5
B32
330
17
100
AcDbEntity
  8
ENGRAVE_POLARS
100
AcDbLine
 10
-19.86571239685968
 20
0.8034724972431564
 30
0.0
 11
-19.89748965685026
 21
0.4197541895231615
 31
0.0
  0
LINE
  5
B33
330
17
100
AcDbEntity
  8
ENGRAVE_POLARS
100
AcDbLine
 10
-19.89748965685026
 20
0.4197541895231615
 30
0.0
 11
-19.9175
 21
0.0
 31
0.0
  0
LINE
  5
B34
330
17
100
AcDbEntity
  8
ENGRAVE_POLARS
100
AcDbLine
 10
-19.9175
 20
0.0
 30
0.0
 11
-19.92618326694101
 21
-0.47459112463628245
 31
0.0
  0
LINE
  5
B35
330
17
100
AcDbEntity
  8
ENGRAVE_POLARS
100
AcDbLine
 10
-19.92618326694101
 20
-0.47459112463628245
 30
0.0
 11
-19.925682361298996
 21
-1.0123126867470806
 31
0.0
  0
LINE
  5
B36
330
17
100
AcDbEntity
  8
ENGRAVE_POLARS
100
AcDbLine
 10
-19.925682361298996
 20
-1.0123126867470806
 30
0.0
 11
-19.916844122942862
 21
-1.6007682638424172
 31
0.0
  0
LINE
  5
B37
330
17
100
AcDbEntity
  8
ENGRAVE_POLARS
100
AcDbLine
 10
-19.916844122942862
 20
-1.6007682638424172
 30
0.0
 11
-19.9005153917415
 21
-2.2275614334323155
 31
0.0
  0
LINE
  5
B38
330
17
100
AcDbEntity
  8
ENGRAVE_POLARS
100
AcDbLine
 10
-19.9005153917415
 20
-2.2275614334323155
 30
0.0
 11
-19.87754300756382
 21
-2.880295773026797
 31
0.0
  0
LINE
  5
B39
330
17
100
AcDbEntity
  8
ENGRAVE_POLARS
100
AcDbLine
 10
-19.87754300756382
 20
-2.880295773026797
 30
0.0
 11
-19.84877381027872
 21
-3.546574860135885
 31
0.0
  0
LINE
  5
B3A
330
17
100
AcDbEntity
  8
ENGRAVE_POLARS
100
AcDbLine
 10
-19.84877381027872
 20
-3.546574860135885
 30
0.0
 11
-19.815054639755093
 21
-4.214002272269602
 31
0.0
  0
LINE
  5
B3B
330
17
100
AcDbEntity
  8
ENGRAVE_POLARS
100
AcDbLine
 10
-19.815054639755093
 20
-4.214002272269602
 30
0.0
 11
-19.77723233586185
 21
-4.870181586937973
 31
0.0
  0
LINE
  5
B3C
330
17
100
AcDbEntity
  8
ENGRAVE_POLARS
100
AcDbLine
 10
-19.77723233586185
 20
-4.870181586937973
 30
0.0
 11
-19.736153738467884
 21
-5.502716381651016
 31
0.0
  0
LINE
  5
B3D
330
17
100
AcDbEntity
  8
ENGRAVE_POLARS
100
AcDbLine
 10
-19.736153738467884
 20
-5.502716381651016
 30
0.0
 11
-19.692665687442094
 21
-6.099210233918758
 31
0.0
  0
LINE
  5
B3E
330
17
100
AcDbEntity
  8
ENGRAVE_POLARS
100
AcDbLine
 10
-19.692665687442094
 20
-6.099210233918758
 30
0.0
 11
-19.64761502265338
 21
-6.647266721251221
 31
0.0
  0
LINE
  5
B3F
330
17
100
AcDbEntity
  8
ENGRAVE_POLARS
100
AcDbLine
 10
-19.64761502265338
 20
-6.647266721251221
 30
0.0
 11
-19.60184858397065
 21
-7.134489421158424
 31
0.0
  0
LINE
  5
B40
330
17
100
AcDbEntity
  8
ENGRAVE_POLARS
100
AcDbLine
 10
-19.60184858397065
 20
-7.134489421158424
 30
0.0
 11
-19.56123544854314
 21
-7.561907749142022
 31
0.0
  0
LINE
  5
B41
330
17
100
AcDbEntity
  8
ENGRAVE_POLARS
100
AcDbLine
 10
-19.56123544854314
 20
-7.561907749142022
 30
0.0
 11
-19.528586658336124
 21
-7.94370015778304
 31
0.0
  0
LINE
  5
B42
330
17
100
AcDbEntity
  8
ENGRAVE_POLARS
100
AcDbLine
 10
-19.528586658336124
 20
-7.94370015778304
 30
0.0
 11
-19.500162000442522
 21
-8.28719378021056
 31
0.0
  0
LINE
  5
B43
330
17
100
AcDbEntity
  8
ENGRAVE_POLARS
100
AcDbLine
 10
-19.500162000442522
 20
-8.28719378021056
 30
0.0
 11
-19.472221261955266
 21
-8.599715749553674
 31
0.0
  0
LINE
  5
B44
330
17
100
AcDbEntity
  8
ENGRAVE_POLARS
100
AcDbLine
 10
-19.472221261955266
 20
-8.599715749553674
 30
0.0
 11
-19.441024229967294
 21
-8.888593198941457
 31
0.0
  0
LINE
  5
B45
330
17
100
AcDbEntity
  8
ENGRAVE_POLARS
100
AcDbLine
 10
-19.441024229967294
 20
-8.888593198941457
 30
0.0
 11
-19.40283069157153
 21
-9.161153261503005
 31
0.0
  0
LINE
  5
B46
330
17
100
AcDbEntity
  8
ENGRAVE_POLARS
100
AcDbLine
 10
-19.40283069157153
 20
-9.161153261503005
 30
0.0
 11
-19.353900433860897
 21
-9.424723070367396
 31
0.0
  0
LINE
  5
B47
330
17
100
AcDbEntity
  8
ENGRAVE_POLARS
100
AcDbLine
 10
-19.353900433860897
 20
-9.424723070367396
 30
0.0
 11
-19.29049324392834
 21
-9.686629758663715
 31
0.0
  0
LINE
  5
B48
330
17
100
AcDbEntity
  8
ENGRAVE_POLARS
100
AcDbLine
 10
-19.29049324392834
 20
-9.686629758663715
 30
0.0
 11
-19.208868908866776
 21
-9.95420045952105
 31
0.0
  0
LINE
  5
B49
330
17
100
AcDbEntity
  8
ENGRAVE_POLARS
100
AcDbLine
 10
-19.208868908866776
 20
-9.95420045952105
 30
0.0
 11
-19.10528721576914
 21
-10.234762306068486
 31
0.0
  0
LINE
  5
B4A
330
17
100
AcDbEntity
  8
ENGRAVE_POLARS
100
AcDbLine
 10
-19.10528721576914
 20
-10.234762306068486
 30
0.0
 11
-18.97600795172836
 21
-10.535642431435106
 31
0.0
  0
LINE
  5
B4B
330
17
100
AcDbEntity
  8
ENGRAVE_POLARS
100
AcDbLine
 10
-18.97600795172836
 20
-10.535642431435106
 30
0.0
 11
-18.817290903837367
 21
-10.864167968749998
 31
0.0
  0
LINE
  5
B4C
330
17
100
AcDbEntity
  8
ENGRAVE_POLARS
100
AcDbLine
 10
-18.817290903837367
 20
-10.864167968749998
 30
0.0
 11
-18.63115594753527
 21
-11.222138654137224
 31
0.0
  0
LINE
  5
B4D
330
17
100
AcDbEntity
  8
ENGRAVE_POLARS
100
AcDbLine
 10
-18.63115594753527
 20
-11.222138654137224
 30
0.0
 11
-18.422968690363767
 21
-11.602706538080371
 31
0.0
  0
LINE
  5
B4E
330
17
100
AcDbEntity
  8
ENGRAVE_POLARS
100
AcDbLine
 10
-18.422968690363767
 20
-11.602706538080371
 30
0.0
 11
-18.194007517569656
 21
-12.000227225247807
 31
0.0
  0
LINE
  5
B4F
330
17
100
AcDbEntity
  8
ENGRAVE_POLARS
100
AcDbLine
 10
-18.194007517569656
 20
-12.000227225247807
 30
0.0
 11
-17.945550814399738
 21
-12.40905632030789
 31
0.0
  0
LINE
  5
B50
330
17
100
AcDbEntity
  8
ENGRAVE_POLARS
100
AcDbLine
 10
-17.945550814399738
 20
-12.40905632030789
 30
0.0
 11
-17.67887696610082
 21
-12.823549427928992
 31
0.0
  0
LINE
  5
B51
330
17
100
AcDbEntity
  8
ENGRAVE_POLARS
100
AcDbLine
 10
-17.67887696610082
 20
-12.823549427928992
 30
0.0
 11
-17.395264357919697
 21
-13.23806215277947
 31
0.0
  0
LINE
  5
B52
330
17
100
AcDbEntity
  8
ENGRAVE_POLARS
100
AcDbLine
 10
-17.395264357919697
 20
-13.23806215277947
 30
0.0
 11
-17.095991375103182
 21
-13.646950099527691
 31
0.0
  0
LINE
  5
B53
330
17
100
AcDbEntity
  8
ENGRAVE_POLARS
100
AcDbLine
 10
-17.095991375103182
 20
-13.646950099527691
 30
0.0
 11
-16.782336402898064
 21
-14.044568872842023
 31
0.0
  0
LINE
  5
B54
330
17
100
AcDbEntity
  8
ENGRAVE_POLARS
100
AcDbLine
 10
-16.782336402898064
 20
-14.044568872842023
 30
0.0
 11
-16.455577826551167
 21
-14.425274077390828
 31
0.0
  0
LINE
  5
B55
330
17
100
AcDbEntity
  8
ENGRAVE_POLARS
100
AcDbLine
 10
-16.455577826551167
 20
-14.425274077390828
 30
0.0
 11
-16.11699403130927
 21
-14.78342131784247
 31
0.0
  0
LINE
  5
B56
330
17
100
AcDbEntity
  8
ENGRAVE_POLARS
100
AcDbLine
 10
-16.11699403130927
 20
-14.78342131784247
 30
0.0
 11
-15.76786340241919
 21
-15.113366198865313
 31
0.0
  0
LINE
  5
B57
330
17
100
AcDbEntity
  8
ENGRAVE_POLARS
100
AcDbLine
 10
-15.76786340241919
 20
-15.113366198865313
 30
0.0
 11
-15.409464325127725
 21
-15.409464325127724
 31
0.0
  0
LINE
  5
B58
330
17
100
AcDbEntity
  8
ENGRAVE_POLARS
100
AcDbLine
 10
-15.409464325127725
 20
-15.409464325127724
 30
0.0
 11
-15.03405627678797
 21
-15.674862637527692
 31
0.0
  0
LINE
  5
B59
330
17
100
AcDbEntity
  8
ENGRAVE_POLARS
100
AcDbLine
 10
-15.03405627678797
 20
-15.674862637527692
 30
0.0
 11
-14.635318868173563
 21
-15.917721256998455
 31
0.0
  0
LINE
  5
B5A
330
17
100
AcDbEntity
  8
ENGRAVE_POLARS
100
AcDbLine
 10
-14.635318868173563
 20
-15.917721256998455
 30
0.0
 11
-14.216660684662124
 21
-16.139915558261237
 31
0.0
  0
LINE
  5
B5B
330
17
100
AcDbEntity
  8
ENGRAVE_POLARS
100
AcDbLine
 10
-14.216660684662124
 20
-16.139915558261237
 30
0.0
 11
-13.781490311631268
 21
-16.343320916037264
 31
0.0
  0
LINE
  5
B5C
330
17
100
AcDbEntity
  8
ENGRAVE_POLARS
100
AcDbLine
 10
-13.781490311631268
 20
-16.343320916037264
 30
0.0
 11
-13.33321633445863
 21
-16.529812705047767
 31
0.0
  0
LINE
  5
B5D
330
17
100
AcDbEntity
  8
ENGRAVE_POLARS
100
AcDbLine
 10
-13.33321633445863
 20
-16.529812705047767
 30
0.0
 11
-12.875247338521811
 21
-16.701266300013966
 31
0.0
  0
LINE
  5
B5E
330
17
100
AcDbEntity
  8
ENGRAVE_POLARS
100
AcDbLine
 10
-12.875247338521811
 20
-16.701266300013966
 30
0.0
 11
-12.410991909198442
 21
-16.859557075657094
 31
0.0
  0
LINE
  5
B5F
330
17
100
AcDbEntity
  8
ENGRAVE_POLARS
100
AcDbLine
 10
-12.410991909198442
 20
-16.859557075657094
 30
0.0
 11
-11.94385863186614
 21
-17.006560406698373
 31
0.0
  0
LINE
  5
B60
330
17
100
AcDbEntity
  8
ENGRAVE_POLARS
100
AcDbLine
 10
-11.94385863186614
 20
-17.006560406698373
 30
0.0
 11
-11.477256091902527
 21
-17.144151667859035
 31
0.0
  0
LINE
  5
B61
330
17
100
AcDbEntity
  8
ENGRAVE_POLARS
100
AcDbLine
 10
-11.477256091902527
 20
-17.144151667859035
 30
0.0
 11
-11.014592874685217
 21
-17.2742062338603
 31
0.0
  0
LINE
  5
B62
330
17
100
AcDbEntity
  8
ENGRAVE_POLARS
100
AcDbLine
 10
-11.014592874685217
 20
-17.2742062338603
 30
0.0
 11
-10.559277565591836
 21
-17.3985994794234
 31
0.0
  0
LINE
  5
B63
330
17
100
AcDbEntity
  8
ENGRAVE_POLARS
100
AcDbLine
 10
-10.559277565591836
 20
-17.3985994794234
 30
0.0
 11
-10.114718750000002
 21
-17.519206779269563
 31
0.0
  0
LINE
  5
B64
330
17
100
AcDbEntity
  8
ENGRAVE_POLARS
100
AcDbLine
 10
-10.114718750000002
 20
-17.519206779269563
 30
0.0
 11
-9.663989810942157
 21
-17.63184243169046
 31
0.0
  0
LINE
  5
B65
330
17
100
AcDbEntity
  8
ENGRAVE_POLARS
100
AcDbLine
 10
-9.663989810942157
 20
-17.63184243169046
 30
0.0
 11
-9.192600808117913
 21
-17.731796944993995
 31
0.0
  0
LINE
  5
B66
330
17
100
AcDbEntity
  8
ENGRAVE_POLARS
100
AcDbLine
 10
-9.192600808117913
 20
-17.731796944993995
 30
0.0
 11
-8.70761534190563
 21
-17.820160008925747
 31
0.0
  0
LINE
  5
B67
330
17
100
AcDbEntity
  8
ENGRAVE_POLARS
100
AcDbLine
 10
-8.70761534190563
 20
-17.820160008925747
 30
0.0
 11
-8.21609701268367
 21
-17.898021313231304
 31
0.0
  0
LINE
  5
B68
330
17
100
AcDbEntity
  8
ENGRAVE_POLARS
100
AcDbLine
 10
-8.21609701268367
 20
-17.898021313231304
 30
0.0
 11
-7.725109420830398
 21
-17.96647054765624
 31
0.0
  0
LINE
  5
B69
330
17
100
AcDbEntity
  8
ENGRAVE_POLARS
100
AcDbLine
 10
-7.725109420830398
 20
-17.96647054765624
 30
0.0
 11
-7.241716166724175
 21
-18.026597401946137
 31
0.0
  0
LINE
  5
B6A
330
17
100
AcDbEntity
  8
ENGRAVE_POLARS
100
AcDbLine
 10
-7.241716166724175
 20
-18.026597401946137
 30
0.0
 11
-6.772980850743362
 21
-18.07949156584657
 31
0.0
  0
LINE
  5
B6B
330
17
100
AcDbEntity
  8
ENGRAVE_POLARS
100
AcDbLine
 10
-6.772980850743362
 20
-18.07949156584657
 30
0.0
 11
-6.325967073266326
 21
-18.126242729103126
 31
0.0
  0
LINE
  5
B6C
330
17
100
AcDbEntity
  8
ENGRAVE_POLARS
100
AcDbLine
 10
-6.325967073266326
 20
-18.126242729103126
 30
0.0
 11
-5.907738434671428
 21
-18.16794058146138
 31
0.0
  0
LINE
  5
B6D
330
17
100
AcDbEntity
  8
ENGRAVE_POLARS
100
AcDbLine
 10
-5.907738434671428
 20
-18.16794058146138
 30
0.0
 11
-5.52535853533703
 21
-18.205674812666913
 31
0.0
  0
LINE
  5
B6E
330
17
100
AcDbEntity
  8
ENGRAVE_POLARS
100
AcDbLine
 10
-5.52535853533703
 20
-18.205674812666913
 30
0.0
 11
-5.1858909756414935
 21
-18.240535112465302
 31
0.0
  0
LINE
  5
B6F
330
17
100
AcDbEntity
  8
ENGRAVE_POLARS
100
AcDbLine
 10
-5.1858909756414935
 20
-18.240535112465302
 30
0.0
 11
-4.896399355963183
 21
-18.27361117060213
 31
0.0
  0
LINE
  5
B70
330
17
100
AcDbEntity
  8
ENGRAVE_POLARS
100
AcDbLine
 10
-4.896399355963183
 20
-18.27361117060213
 30
0.0
 11
-4.670588511223724
 21
-18.301540707485536
 31
0.0
  0
LINE
  5
B71
330
17
100
AcDbEntity
  8
ENGRAVE_POLARS
100
AcDbLine
 10
-4.670588511223724
 20
-18.301540707485536
 30
0.0
 11
-4.509473954142305
 21
-18.32099533819825
 31
0.0
  0
LINE
  5
B72
330
17
100
AcDbEntity
  8
ENGRAVE_POLARS
100
AcDbLine
 10
-4.509473954142305
 20
-18.32099533819825
 30
0.0
 11
-4.4010853017936205
 21
-18.333115594497745
 31
0.0
  0
LINE
  5
B73
330
17
100
AcDbEntity
  8
ENGRAVE_POLARS
100
AcDbLine
 10
-4.4010853017936205
 20
-18.333115594497745
 30
0.0
 11
-4.333452171252375
 21
-18.339042008141465
 31
0.0
  0
LINE
  5
B74
330
17
100
AcDbEntity
  8
ENGRAVE_POLARS
100
AcDbLine
 10
-4.333452171252375
 20
-18.339042008141465
 30
0.0
 11
-4.294604179593268
 21
-18.33991511088689
 31
0.0
  0
LINE
  5
B75
330
17
100
AcDbEntity
  8
ENGRAVE_POLARS
100
AcDbLine
 10
-4.294604179593268
 20
-18.33991511088689
 30
0.0
 11
-4.272570943890996
 21
-18.336875434491475
 31
0.0
  0
LINE
  5
B76
330
17
100
AcDbEntity
  8
ENGRAVE_POLARS
100
AcDbLine
 10
-4.272570943890996
 20
-18.336875434491475
 30
0.0
 11
-4.255382081220262
 21
-18.331063510712685
 31
0.0
  0
LINE
  5
B77
330
17
100
AcDbEntity
  8
ENGRAVE_POLARS
100
AcDbLine
 10
-4.255382081220262
 20
-18.331063510712685
 30
0.0
 11
-4.231067208655765
 21
-18.323619871307987
 31
0.0
  0
LINE
  5
B78
330
17
100
AcDbEntity
  8
ENGRAVE_POLARS
100
AcDbLine
 10
-4.231067208655765
 20
-18.323619871307987
 30
0.0
 11
-4.187655943272206
 21
-18.31568504803484
 31
0.0
  0
LINE
  5
B79
330
17
100
AcDbEntity
  8
ENGRAVE_POLARS
100
AcDbLine
 10
-4.187655943272206
 20
-18.31568504803484
 30
0.0
 11
-4.113177902144281
 21
-18.308399572650703
 31
0.0
  0
LINE
  5
B7A
330
17
100
AcDbEntity
  8
ENGRAVE_POLARS
100
AcDbLine
 10
-4.113177902144281
 20
-18.308399572650703
 30
0.0
 11
-3.995662702346694
 21
-18.302903976913047
 31
0.0
  0
LINE
  5
B7B
330
17
100
AcDbEntity
  8
ENGRAVE_POLARS
100
AcDbLine
 10
-3.995662702346694
 20
-18.302903976913047
 30
0.0
 11
-3.8231399609541437
 21
-18.300338792579335
 31
0.0
  0
LINE
  5
B7C
330
17
100
AcDbEntity
  8
ENGRAVE_POLARS
100
AcDbLine
 10
-3.8231399609541437
 20
-18.300338792579335
 30
0.0
 11
-3.588654052433909
 21
-18.299008217942504
 31
0.0
  0
LINE
  5
B7D
330
17
100
AcDbEntity
  8
ENGRAVE_POLARS
100
AcDbLine
 10
-3.588654052433909
 20
-18.299008217942504
 30
0.0
 11
-3.300837269183677
 21
-18.296588889999022
 31
0.0
  0
LINE
  5
B7E
330
17
100
AcDbEntity
  8
ENGRAVE_POLARS
100
AcDbLine
 10
-3.300837269183677
 20
-18.296588889999022
 30
0.0
 11
-2.971101105173761
 21
-18.29327999856162
 31
0.0
  0
LINE
  5
B7F
330
17
100
AcDbEntity
  8
ENGRAVE_POLARS
100
AcDbLine
 10
-2.971101105173761
 20
-18.29327999856162
 30
0.0
 11
-2.6108570543744687
 21
-18.28928073344303
 31
0.0
  0
LINE
  5
B80
330
17
100
AcDbEntity
  8
ENGRAVE_POLARS
100
AcDbLine
 10
-2.6108570543744687
 20
-18.28928073344303
 30
0.0
 11
-2.2315166107561137
 21
-18.284790284455994
 31
0.0
  0
LINE
  5
B81
330
17
100
AcDbEntity
  8
ENGRAVE_POLARS
100
AcDbLine
 10
-2.2315166107561137
 20
-18.284790284455994
 30
0.0
 11
-1.8444912682890073
 21
-18.280007841413244
 31
0.0
  0
LINE
  5
B82
330
17
100
AcDbEntity
  8
ENGRAVE_POLARS
100
AcDbLine
 10
-1.8444912682890073
 20
-18.280007841413244
 30
0.0
 11
-1.4611925209434593
 21
-18.27513259412752
 31
0.0
  0
LINE
  5
B83
330
17
100
AcDbEntity
  8
ENGRAVE_POLARS
100
AcDbLine
 10
-1.4611925209434593
 20
-18.27513259412752
 30
0.0
 11
-1.0930318626897821
 21
-18.27036373241155
 31
0.0
  0
LINE
  5
B84
330
17
100
AcDbEntity
  8
ENGRAVE_POLARS
100
AcDbLine
 10
-1.0930318626897821
 20
-18.27036373241155
 30
0.0
 11
-0.751420787498287
 21
-18.26590044607808
 31
0.0
  0
LINE
  5
B85
330
17
100
AcDbEntity
  8
ENGRAVE_POLARS
100
AcDbLine
 10
-0.751420787498287
 20
-18.26590044607808
 30
0.0
 11
-0.44777078933928394
 21
-18.26194192493984
 31
0.0
  0
LINE
  5
B86
330
17
100
AcDbEntity
  8
ENGRAVE_POLARS
100
AcDbLine
 10
-0.44777078933928394
 20
-18.26194192493984
 30
0.0
 11
-0.19349336218308485
 21
-18.25868735880957
 31
0.0
  0
LINE
  5
B87
330
17
100
AcDbEntity
  8
ENGRAVE_POLARS
100
AcDbLine
 10
-0.19349336218308485
 20
-18.25868735880957
 30
0.0
 11
-1.1178781685009086e-15
 21
-18.2563359375
 31
0.0
  0
TEXT
  5
B88
330
17
100
AcDbEntity
  8
ENGRAVE_TEXT
100
AcDbText
 10
11.215159102269096
 20
13.039384441374954
 30
0.0
 40
3.6
  1
16
 72
1
 11
11.215159102269096
 21
13.039384441374954
 31
0.0
100
AcDbText
 73
2
  0
TEXT
  5
B89
330
17
100
AcDbEntity
  8
ENGRAVE_TEXT
100
AcDbText
 10
-11.215159102269096
 20
13.039384441374954
 30
0.0
 40
3.6
  1
16
 72
1
 11
-11.215159102269096
 21
13.039384441374954
 31
0.0
100
AcDbText
 73
2
  0
CIRCLE
  5
B8A
330
17
100
AcDbEntity
  8
ENGRAVE_VMG
100
AcDbCircle
 10
10.015159102269097
 20
12.639384441374954
 30
0.0
 40
0.65
  0
CIRCLE
  5
B8B
330
17
100
AcDbEntity
  8
ENGRAVE_VMG
100
AcDbCircle
 10
-10.015159102269097
 20
12.639384441374954
 30
0.0
 40
0.65
  0
CIRCLE
  5
B8C
330
17
100
AcDbEntity
  8
ENGRAVE_VMG
100
AcDbCircle
 10
3.8231399609541437
 20
-18.300338792579335
 30
0.0
 40
0.65
  0
CIRCLE
  5
B8D
330
17
100
AcDbEntity
  8
ENGRAVE_VMG
100
AcDbCircle
 10
-3.8231399609541437
 20
-18.300338792579335
 30
0.0
 40
0.65
  0
LINE
  5
B8E
330
17
100
AcDbEntity
  8
ENGRAVE_POLARS
100
AcDbLine
 10
8.170155245690855
 20
10.1666007782118
 30
0.0
 11
8.330909383741025
 21
10.10572852225628
 31
0.0
  0
LINE
  5
B8F
330
17
100
AcDbEntity
  8
ENGRAVE_POLARS
100
AcDbLine
 10
8.330909383741025
 20
10.10572852225628
 30
0.0
 11
8.539459839936072
 21
10.030251232629325
 31
0.0
  0
LINE
  5
B90
330
17
100
AcDbEntity
  8
ENGRAVE_POLARS
100
AcDbLine
 10
8.539459839936072
 20
10.030251232629325
 30
0.0
 11
8.787320467301004
 21
9.942096860061618
 31
0.0
  0
LINE
  5
B91
330
17
100
AcDbEntity
  8
ENGRAVE_POLARS
100
AcDbLine
 10
8.787320467301004
 20
9.942096860061618
 30
0.0
 11
9.066005118860827
 21
9.843193355283848
 31
0.0
  0
LINE
  5
B92
330
17
100
AcDbEntity
  8
ENGRAVE_POLARS
100
AcDbLine
 10
9.066005118860827
 20
9.843193355283848
 30
0.0
 11
9.367027647640551
 21
9.735468669026707
 31
0.0
  0
LINE
  5
B93
330
17
100
AcDbEntity
  8
ENGRAVE_POLARS
100
AcDbLine
 10
9.367027647640551
 20
9.735468669026707
 30
0.0
 11
9.681901906665184
 21
9.620850752020882
 31
0.0
  0
LINE
  5
B94
330
17
100
AcDbEntity
  8
ENGRAVE_POLARS
100
AcDbLine
 10
9.681901906665184
 20
9.620850752020882
 30
0.0
 11
10.00214174895973
 21
9.501267554997064
 31
0.0
  0
LINE
  5
B95
330
17
100
AcDbEntity
  8
ENGRAVE_POLARS
100
AcDbLine
 10
10.00214174895973
 20
9.501267554997064
 30
0.0
 11
10.319261027549198
 21
9.37864702868594
 31
0.0
  0
LINE
  5
B96
330
17
100
AcDbEntity
  8
ENGRAVE_POLARS
100
AcDbLine
 10
10.319261027549198
 20
9.37864702868594
 30
0.0
 11
10.624773595458597
 21
9.254917123818203
 31
0.0
  0
LINE
  5
B97
330
17
100
AcDbEntity
  8
ENGRAVE_POLARS
100
AcDbLine
 10
10.624773595458597
 20
9.254917123818203
 30
0.0
 11
10.910193305712932
 21
9.132005791124538
 31
0.0
  0
LINE
  5
B98
330
17
100
AcDbEntity
  8
ENGRAVE_POLARS
100
AcDbLine
 10
10.910193305712932
 20
9.132005791124538
 30
0.0
 11
11.167034011337211
 21
9.011840981335638
 31
0.0
  0
LINE
  5
B99
330
17
100
AcDbEntity
  8
ENGRAVE_POLARS
100
AcDbLine
 10
11.167034011337211
 20
9.011840981335638
 30
0.0
 11
11.386809565356442
 21
8.89635064518219
 31
0.0
  0
LINE
  5
B9A
330
17
100
AcDbEntity
  8
ENGRAVE_POLARS
100
AcDbLine
 10
11.386809565356442
 20
8.89635064518219
 30
0.0
 11
11.573859940598233
 21
8.785130701016334
 31
0.0
  0
LINE
  5
B9B
330
17
100
AcDbEntity
  8
ENGRAVE_POLARS
100
AcDbLine
 10
11.573859940598233
 20
8.785130701016334
 30
0.0
 11
11.740204552834689
 21
8.675820786992317
 31
0.0
  0
LINE
  5
B9C
330
17
100
AcDbEntity
  8
ENGRAVE_POLARS
100
AcDbLine
 10
11.740204552834689
 20
8.675820786992317
 30
0.0
 11
11.888876419507564
 21
8.567414433543984
 31
0.0
  0
LINE
  5
B9D
330
17
100
AcDbEntity
  8
ENGRAVE_POLARS
100
AcDbLine
 10
11.888876419507564
 20
8.567414433543984
 30
0.0
 11
12.022908558058614
 21
8.458905171105187
 31
0.0
  0
LINE
  5
B9E
330
17
100
AcDbEntity
  8
ENGRAVE_POLARS
100
AcDbLine
 10
12.022908558058614
 20
8.458905171105187
 30
0.0
 11
12.145333985929593
 21
8.349286530109778
 31
0.0
  0
LINE
  5
B9F
330
17
100
AcDbEntity
  8
ENGRAVE_POLARS
100
AcDbLine
 10
12.145333985929593
 20
8.349286530109778
 30
0.0
 11
12.259185720562257
 21
8.2375520409916
 31
0.0
  0
LINE
  5
BA0
330
17
100
AcDbEntity
  8
ENGRAVE_POLARS
100
AcDbLine
 10
12.259185720562257
 20
8.2375520409916
 30
0.0
 11
12.367496779398358
 21
8.122695234184505
 31
0.0
  0
LINE
  5
BA1
330
17
100
AcDbEntity
  8
ENGRAVE_POLARS
100
AcDbLine
 10
12.367496779398358
 20
8.122695234184505
 30
0.0
 11
12.473300179879658
 21
8.003709640122342
 31
0.0
  0
LINE
  5
BA2
330
17
100
AcDbEntity
  8
ENGRAVE_POLARS
100
AcDbLine
 10
12.473300179879658
 20
8.003709640122342
 30
0.0
 11
12.579628939447906
 21
7.879588789238962
 31
0.0
  0
LINE
  5
BA3
330
17
100
AcDbEntity
  8
ENGRAVE_POLARS
100
AcDbLine
 10
12.579628939447906
 20
7.879588789238962
 30
0.0
 11
12.689516075544855
 21
7.749326211968212
 31
0.0
  0
LINE
  5
BA4
330
17
100
AcDbEntity
  8
ENGRAVE_POLARS
100
AcDbLine
 10
12.689516075544855
 20
7.749326211968212
 30
0.0
 11
12.805994605612264
 21
7.611915438743941
 31
0.0
  0
LINE
  5
BA5
330
17
100
AcDbEntity
  8
ENGRAVE_POLARS
100
AcDbLine
 10
12.805994605612264
 20
7.611915438743941
 30
0.0
 11
12.932097547091889
 21
7.466349999999999
 31
0.0
  0
LINE
  5
BA6
330
17
100
AcDbEntity
  8
ENGRAVE_POLARS
100
AcDbLine
 10
12.932097547091889
 20
7.466349999999999
 30
0.0
 11
13.06753493426341
 21
7.308416534618566
 31
0.0
  0
LINE
  5
BA7
330
17
100
AcDbEntity
  8
ENGRAVE_POLARS
100
AcDbLine
 10
13.06753493426341
 20
7.308416534618566
 30
0.0
 11
13.208813497186533
 21
7.136531779596829
 31
0.0
  0
LINE
  5
BA8
330
17
100
AcDbEntity
  8
ENGRAVE_POLARS
100
AcDbLine
 10
13.208813497186533
 20
7.136531779596829
 30
0.0
 11
13.35416129697304
 21
6.953634412541151
 31
0.0
  0
LINE
  5
BA9
330
17
100
AcDbEntity
  8
ENGRAVE_POLARS
100
AcDbLine
 10
13.35416129697304
 20
6.953634412541151
 30
0.0
 11
13.501806394734714
 21
6.762663111057891
 31
0.0
  0
LINE
  5
BAA
330
17
100
AcDbEntity
  8
ENGRAVE_POLARS
100
AcDbLine
 10
13.501806394734714
 20
6.762663111057891
 30
0.0
 11
13.649976851583336
 21
6.566556552753412
 31
0.0
  0
LINE
  5
BAB
330
17
100
AcDbEntity
  8
ENGRAVE_POLARS
100
AcDbLine
 10
13.649976851583336
 20
6.566556552753412
 30
0.0
 11
13.796900728630689
 21
6.3682534152340775
 31
0.0
  0
LINE
  5
BAC
330
17
100
AcDbEntity
  8
ENGRAVE_POLARS
100
AcDbLine
 10
13.796900728630689
 20
6.3682534152340775
 30
0.0
 11
13.940806086988557
 21
6.170692376106246
 31
0.0
  0
LINE
  5
BAD
330
17
100
AcDbEntity
  8
ENGRAVE_POLARS
100
AcDbLine
 10
13.940806086988557
 20
6.170692376106246
 30
0.0
 11
14.079920987768721
 21
5.976812112976282
 31
0.0
  0
LINE
  5
BAE
330
17
100
AcDbEntity
  8
ENGRAVE_POLARS
100
AcDbLine
 10
14.079920987768721
 20
5.976812112976282
 30
0.0
 11
14.212473492082967
 21
5.789551303450546
 31
0.0
  0
LINE
  5
BAF
330
17
100
AcDbEntity
  8
ENGRAVE_POLARS
100
AcDbLine
 10
14.212473492082967
 20
5.789551303450546
 30
0.0
 11
14.336691661043073
 21
5.6118486251354
 31
0.0
  0
LINE
  5
BB0
330
17
100
AcDbEntity
  8
ENGRAVE_POLARS
100
AcDbLine
 10
14.336691661043073
 20
5.6118486251354
 30
0.0
 11
14.450803555760825
 21
5.446642755637202
 31
0.0
  0
LINE
  5
BB1
330
17
100
AcDbEntity
  8
ENGRAVE_POLARS
100
AcDbLine
 10
14.450803555760825
 20
5.446642755637202
 30
0.0
 11
14.553037237348002
 21
5.296872372562318
 31
0.0
  0
LINE
  5
BB2
330
17
100
AcDbEntity
  8
ENGRAVE_POLARS
100
AcDbLine
 10
14.553037237348002
 20
5.296872372562318
 30
0.0
 11
14.642793158521805
 21
5.16239354488035
 31
0.0
  0
LINE
  5
BB3
330
17
100
AcDbEntity
  8
ENGRAVE_POLARS
100
AcDbLine
 10
14.642793158521805
 20
5.16239354488035
 30
0.0
 11
14.721622813434868
 21
5.03990885000138
 31
0.0
  0
LINE
  5
BB4
330
17
100
AcDbEntity
  8
ENGRAVE_POLARS
100
AcDbLine
 10
14.721622813434868
 20
5.03990885000138
 30
0.0
 11
14.79098082535213
 21
4.927626728192483
 31
0.0
  0
LINE
  5
BB5
330
17
100
AcDbEntity
  8
ENGRAVE_POLARS
100
AcDbLine
 10
14.79098082535213
 20
4.927626728192483
 30
0.0
 11
14.852321817538536
 21
4.823755619720737
 31
0.0
  0
LINE
  5
BB6
330
17
100
AcDbEntity
  8
ENGRAVE_POLARS
100
AcDbLine
 10
14.852321817538536
 20
4.823755619720737
 30
0.0
 11
14.907100413259021
 21
4.726503964853219
 31
0.0
  0
LINE
  5
BB7
330
17
100
AcDbEntity
  8
ENGRAVE_POLARS
100
AcDbLine
 10
14.907100413259021
 20
4.726503964853219
 30
0.0
 11
14.956771235778522
 21
4.634080203857005
 31
0.0
  0
LINE
  5
BB8
330
17
100
AcDbEntity
  8
ENGRAVE_POLARS
100
AcDbLine
 10
14.956771235778522
 20
4.634080203857005
 30
0.0
 11
15.002788908361978
 21
4.544692776999173
 31
0.0
  0
LINE
  5
BB9
330
17
100
AcDbEntity
  8
ENGRAVE_POLARS
100
AcDbLine
 10
15.002788908361978
 20
4.544692776999173
 30
0.0
 11
15.046608054274337
 21
4.456550124546798
 31
0.0
  0
LINE
  5
BBA
330
17
100
AcDbEntity
  8
ENGRAVE_POLARS
100
AcDbLine
 10
15.046608054274337
 20
4.456550124546798
 30
0.0
 11
15.089683296780535
 21
4.367860686766961
 31
0.0
  0
LINE
  5
BBB
330
17
100
AcDbEntity
  8
ENGRAVE_POLARS
100
AcDbLine
 10
15.089683296780535
 20
4.367860686766961
 30
0.0
 11
15.133469259145507
 21
4.276832903926734
 31
0.0
  0
LINE
  5
BBC
330
17
100
AcDbEntity
  8
ENGRAVE_POLARS
100
AcDbLine
 10
15.133469259145507
 20
4.276832903926734
 30
0.0
 11
15.17942056463419
 21
4.181675216293197
 31
0.0
  0
LINE
  5
BBD
330
17
100
AcDbEntity
  8
ENGRAVE_POLARS
100
AcDbLine
 10
15.17942056463419
 20
4.181675216293197
 30
0.0
 11
15.228991836511536
 21
4.080596064133426
 31
0.0
  0
LINE
  5
BBE
330
17
100
AcDbEntity
  8
ENGRAVE_POLARS
100
AcDbLine
 10
15.228991836511536
 20
4.080596064133426
 30
0.0
 11
15.279411249732078
 21
3.9801792793013164
 31
0.0
  0
LINE
  5
BBF
330
17
100
AcDbEntity
  8
ENGRAVE_POLARS
100
AcDbLine
 10
15.279411249732078
 20
3.9801792793013164
 30
0.0
 11
15.327328053886959
 21
3.886569001776175
 31
0.0
  0
LINE
  5
BC0
330
17
100
AcDbEntity
  8
ENGRAVE_POLARS
100
AcDbLine
 10
15.327328053886959
 20
3.886569001776175
 30
0.0
 11
15.37332848419601
 21
3.7973141340131895
 31
0.0
  0
LINE
  5
BC1
330
17
100
AcDbEntity
  8
ENGRAVE_POLARS
100
AcDbLine
 10
15.37332848419601
 20
3.7973141340131895
 30
0.0
 11
15.417998775879067
 21
3.709963578467549
 31
0.0
  0
LINE
  5
BC2
330
17
100
AcDbEntity
  8
ENGRAVE_POLARS
100
AcDbLine
 10
15.417998775879067
 20
3.709963578467549
 30
0.0
 11
15.46192516415596
 21
3.6220662375944457
 31
0.0
  0
LINE
  5
BC3
330
17
100
AcDbEntity
  8
ENGRAVE_POLARS
100
AcDbLine
 10
15.46192516415596
 20
3.6220662375944457
 30
0.0
 11
15.505693884246526
 21
3.5311710138490655
 31
0.0
  0
LINE
  5
BC4
330
17
100
AcDbEntity
  8
ENGRAVE_POLARS
100
AcDbLine
 10
15.505693884246526
 20
3.5311710138490655
 30
0.0
 11
15.549891171370591
 21
3.4348268096865997
 31
0.0
  0
LINE
  5
BC5
330
17
100
AcDbEntity
  8
ENGRAVE_POLARS
100
AcDbLine
 10
15.549891171370591
 20
3.4348268096865997
 30
0.0
 11
15.595103260747994
 21
3.330582527562238
 31
0.0
  0
LINE
  5
BC6
330
17
100
AcDbEntity
  8
ENGRAVE_POLARS
100
AcDbLine
 10
15.595103260747994
 20
3.330582527562238
 30
0.0
 11
15.641916387598567
 21
3.2159870699311695
 31
0.0
  0
LINE
  5
BC7
330
17
100
AcDbEntity
  8
ENGRAVE_POLARS
100
AcDbLine
 10
15.641916387598567
 20
3.2159870699311695
 30
0.0
 11
15.690916787142138
 21
3.0885893392485833
 31
0.0
  0
LINE
  5
BC8
330
17
100
AcDbEntity
  8
ENGRAVE_POLARS
100
AcDbLine
 10
15.690916787142138
 20
3.0885893392485833
 30
0.0
 11
15.742690694598544
 21
2.9459382379696684
 31
0.0
  0
LINE
  5
BC9
330
17
100
AcDbEntity
  8
ENGRAVE_POLARS
100
AcDbLine
 10
15.742690694598544
 20
2.9459382379696684
 30
0.0
 11
15.79782434518762
 21
2.7855826685496154
 31
0.0
  0
LINE
  5
BCA
330
17
100
AcDbEntity
  8
ENGRAVE_POLARS
100
AcDbLine
 10
15.79782434518762
 20
2.7855826685496154
 30
0.0
 11
15.859421111252624
 21
2.6158138494684735
 31
0.0
  0
LINE
  5
BCB
330
17
100
AcDbEntity
  8
ENGRAVE_POLARS
100
AcDbLine
 10
15.859421111252624
 20
2.6158138494684735
 30
0.0
 11
15.928816336772186
 21
2.444581935262431
 31
0.0
  0
LINE
  5
BCC
330
17
100
AcDbEntity
  8
ENGRAVE_POLARS
100
AcDbLine
 10
15.928816336772186
 20
2.444581935262431
 30
0.0
 11
16.003944214419178
 21
2.268924232470886
 31
0.0
  0
LINE
  5
BCD
330
17
100
AcDbEntity
  8
ENGRAVE_POLARS
100
AcDbLine
 10
16.003944214419178
 20
2.268924232470886
 30
0.0
 11
16.08273893686646
 21
2.085878047633236
 31
0.0
  0
LINE
  5
BCE
330
17
100
AcDbEntity
  8
ENGRAVE_POLARS
100
AcDbLine
 10
16.08273893686646
 20
2.085878047633236
 30
0.0
 11
16.163134696786916
 21
1.8924806872888795
 31
0.0
  0
LINE
  5
BCF
330
17
100
AcDbEntity
  8
ENGRAVE_POLARS
100
AcDbLine
 10
16.163134696786916
 20
1.8924806872888795
 30
0.0
 11
16.24306568685341
 21
1.6857694579772136
 31
0.0
  0
LINE
  5
BD0
330
17
100
AcDbEntity
  8
ENGRAVE_POLARS
100
AcDbLine
 10
16.24306568685341
 20
1.6857694579772136
 30
0.0
 11
16.320466099738812
 21
1.462781666237636
 31
0.0
  0
LINE
  5
BD1
330
17
100
AcDbEntity
  8
ENGRAVE_POLARS
100
AcDbLine
 10
16.320466099738812
 20
1.462781666237636
 30
0.0
 11
16.393270128116
 21
1.2205546186095448
 31
0.0
  0
LINE
  5
BD2
330
17
100
AcDbEntity
  8
ENGRAVE_POLARS
100
AcDbLine
 10
16.393270128116
 20
1.2205546186095448
 30
0.0
 11
16.459411964657843
 21
0.9561256216323382
 31
0.0
  0
LINE
  5
BD3
330
17
100
AcDbEntity
  8
ENGRAVE_POLARS
100
AcDbLine
 10
16.459411964657843
 20
0.9561256216323382
 30
0.0
 11
16.51682580203721
 21
0.6665319818454132
 31
0.0
  0
LINE
  5
BD4
330
17
100
AcDbEntity
  8
ENGRAVE_POLARS
100
AcDbLine
 10
16.51682580203721
 20
0.6665319818454132
 30
0.0
 11
16.563445832926973
 21
0.34881100578816776
 31
0.0
  0
LINE
  5
BD5
330
17
100
AcDbEntity
  8
ENGRAVE_POLARS
100
AcDbLine
 10
16.563445832926973
 20
0.34881100578816776
 30
0.0
 11
16.59720625
 21
0.0
 31
0.0
  0
LINE
  5
BD6
330
17
100
AcDbEntity
  8
ENGRAVE_POLARS
100
AcDbLine
 10
16.59720625
 20
0.0
 30
0.0
 11
16.618260641056537
 21
-0.3952530796400228
 31
0.0
  0
LINE
  5
BD7
330
17
100
AcDbEntity
  8
ENGRAVE_POLARS
100
AcDbLine
 10
16.618260641056537
 20
-0.3952530796400228
 30
0.0
 11
16.628960351780872
 21
-0.8434856865245641
 31
0.0
  0
LINE
  5
BD8
330
17
100
AcDbEntity
  8
ENGRAVE_POLARS
100
AcDbLine
 10
16.628960351780872
 20
-0.8434856865245641
 30
0.0
 11
16.63053621167196
 21
-1.334438628021823
 31
0.0
  0
LINE
  5
BD9
330
17
100
AcDbEntity
  8
ENGRAVE_POLARS
100
AcDbLine
 10
16.63053621167196
 20
-1.334438628021823
 30
0.0
 11
16.62421905022875
 21
-1.8578527114999988
 31
0.0
  0
LINE
  5
BDA
330
17
100
AcDbEntity
  8
ENGRAVE_POLARS
100
AcDbLine
 10
16.62421905022875
 20
-1.8578527114999988
 30
0.0
 11
16.611239696950197
 21
-2.4034687443272906
 31
0.0
  0
LINE
  5
BDB
330
17
100
AcDbEntity
  8
ENGRAVE_POLARS
100
AcDbLine
 10
16.611239696950197
 20
-2.4034687443272906
 30
0.0
 11
16.592828981335245
 21
-2.9610275338718965
 31
0.0
  0
LINE
  5
BDC
330
17
100
AcDbEntity
  8
ENGRAVE_POLARS
100
AcDbLine
 10
16.592828981335245
 20
-2.9610275338718965
 30
0.0
 11
16.57021773288285
 21
-3.5202698875020175
 31
0.0
  0
LINE
  5
BDD
330
17
100
AcDbEntity
  8
ENGRAVE_POLARS
100
AcDbLine
 10
16.57021773288285
 20
-3.5202698875020175
 30
0.0
 11
16.544636781091956
 21
-4.070936612585853
 31
0.0
  0
LINE
  5
BDE
330
17
100
AcDbEntity
  8
ENGRAVE_POLARS
100
AcDbLine
 10
16.544636781091956
 20
-4.070936612585853
 30
0.0
 11
16.517316955461524
 21
-4.602768516491597
 31
0.0
  0
LINE
  5
BDF
330
17
100
AcDbEntity
  8
ENGRAVE_POLARS
100
AcDbLine
 10
16.517316955461524
 20
-4.602768516491597
 30
0.0
 11
16.489489085490497
 21
-5.105506406587456
 31
0.0
  0
LINE
  5
BE0
330
17
100
AcDbEntity
  8
ENGRAVE_POLARS
100
AcDbLine
 10
16.489489085490497
 20
-5.105506406587456
 30
0.0
 11
16.46238400067783
 21
-5.568891090241625
 31
0.0
  0
LINE
  5
BE1
330
17
100
AcDbEntity
  8
ENGRAVE_POLARS
100
AcDbLine
 10
16.46238400067783
 20
-5.568891090241625
 30
0.0
 11
16.43723253052247
 21
-5.9826633748223035
 31
0.0
  0
LINE
  5
BE2
330
17
100
AcDbEntity
  8
ENGRAVE_POLARS
100
AcDbLine
 10
16.43723253052247
 20
-5.9826633748223035
 30
0.0
 11
16.416020319485206
 21
-6.3445338998250955
 31
0.0
  0
LINE
  5
BE3
330
17
100
AcDbEntity
  8
ENGRAVE_POLARS
100
AcDbLine
 10
16.416020319485206
 20
-6.3445338998250955
 30
0.0
 11
16.39866823640587
 21
-6.664237645981899
 31
0.0
  0
LINE
  5
BE4
330
17
100
AcDbEntity
  8
ENGRAVE_POLARS
100
AcDbLine
 10
16.39866823640587
 20
-6.664237645981899
 30
0.0
 11
16.383309947351968
 21
-6.9495519325153445
 31
0.0
  0
LINE
  5
BE5
330
17
100
AcDbEntity
  8
ENGRAVE_POLARS
100
AcDbLine
 10
16.383309947351968
 20
-6.9495519325153445
 30
0.0
 11
16.368079118391016
 21
-7.208254078648069
 31
0.0
  0
LINE
  5
BE6
330
17
100
AcDbEntity
  8
ENGRAVE_POLARS
100
AcDbLine
 10
16.368079118391016
 20
-7.208254078648069
 30
0.0
 11
16.351109415590518
 21
-7.448121403602705
 31
0.0
  0
LINE
  5
BE7
330
17
100
AcDbEntity
  8
ENGRAVE_POLARS
100
AcDbLine
 10
16.351109415590518
 20
-7.448121403602705
 30
0.0
 11
16.330534505017987
 21
-7.676931226601888
 31
0.0
  0
LINE
  5
BE8
330
17
100
AcDbEntity
  8
ENGRAVE_POLARS
100
AcDbLine
 10
16.330534505017987
 20
-7.676931226601888
 30
0.0
 11
16.304488052740933
 21
-7.9024608668682506
 31
0.0
  0
LINE
  5
BE9
330
17
100
AcDbEntity
  8
ENGRAVE_POLARS
100
AcDbLine
 10
16.304488052740933
 20
-7.9024608668682506
 30
0.0
 11
16.271103724826865
 21
-8.132487643624431
 31
0.0
  0
LINE
  5
BEA
330
17
100
AcDbEntity
  8
ENGRAVE_POLARS
100
AcDbLine
 10
16.271103724826865
 20
-8.132487643624431
 30
0.0
 11
16.228515187343294
 21
-8.37478887609306
 31
0.0
  0
LINE
  5
BEB
330
17
100
AcDbEntity
  8
ENGRAVE_POLARS
100
AcDbLine
 10
16.228515187343294
 20
-8.37478887609306
 30
0.0
 11
16.174856106357737
 21
-8.63714188349678
 31
0.0
  0
LINE
  5
BEC
330
17
100
AcDbEntity
  8
ENGRAVE_POLARS
100
AcDbLine
 10
16.174856106357737
 20
-8.63714188349678
 30
0.0
 11
16.10826014793769
 21
-8.92732398505821
 31
0.0
  0
LINE
  5
BED
330
17
100
AcDbEntity
  8
ENGRAVE_POLARS
100
AcDbLine
 10
16.10826014793769
 20
-8.92732398505821
 30
0.0
 11
16.026860978150676
 21
-9.253112499999999
 31
0.0
  0
LINE
  5
BEE
330
17
100
AcDbEntity
  8
ENGRAVE_POLARS
100
AcDbLine
 10
16.026860978150676
 20
-9.253112499999999
 30
0.0
 11
15.939384073855486
 21
-9.622013938872922
 31
0.0
  0
LINE
  5
BEF
330
17
100
AcDbEntity
  8
ENGRAVE_POLARS
100
AcDbLine
 10
15.939384073855486
 20
-9.622013938872922
 30
0.0
 11
15.853418011888616
 21
-10.030320823784603
 31
0.0
  0
LINE
  5
BF0
330
17
100
AcDbEntity
  8
ENGRAVE_POLARS
100
AcDbLine
 10
15.853418011888616
 20
-10.030320823784603
 30
0.0
 11
15.765391108284124
 21
-10.46898949129294
 31
0.0
  0
LINE
  5
BF1
330
17
100
AcDbEntity
  8
ENGRAVE_POLARS
100
AcDbLine
 10
15.765391108284124
 20
-10.46898949129294
 30
0.0
 11
15.671731679076071
 21
-10.92897627795583
 31
0.0
  0
LINE
  5
BF2
330
17
100
AcDbEntity
  8
ENGRAVE_POLARS
100
AcDbLine
 10
15.671731679076071
 20
-10.92897627795583
 30
0.0
 11
15.568868040298518
 21
-11.40123752033117
 31
0.0
  0
LINE
  5
BF3
330
17
100
AcDbEntity
  8
ENGRAVE_POLARS
100
AcDbLine
 10
15.568868040298518
 20
-11.40123752033117
 30
0.0
 11
15.453228507985516
 21
-11.876729554976857
 31
0.0
  0
LINE
  5
BF4
330
17
100
AcDbEntity
  8
ENGRAVE_POLARS
100
AcDbLine
 10
15.453228507985516
 20
-11.876729554976857
 30
0.0
 11
15.321241398171132
 21
-12.346408718450787
 31
0.0
  0
LINE
  5
BF5
330
17
100
AcDbEntity
  8
ENGRAVE_POLARS
100
AcDbLine
 10
15.321241398171132
 20
-12.346408718450787
 30
0.0
 11
15.169335026889424
 21
-12.801231347310862
 31
0.0
  0
LINE
  5
BF6
330
17
100
AcDbEntity
  8
ENGRAVE_POLARS
100
AcDbLine
 10
15.169335026889424
 20
-12.801231347310862
 30
0.0
 11
14.993937710174452
 21
-13.232153778114974
 31
0.0
  0
LINE
  5
BF7
330
17
100
AcDbEntity
  8
ENGRAVE_POLARS
100
AcDbLine
 10
14.993937710174452
 20
-13.232153778114974
 30
0.0
 11
14.791477764060268
 21
-13.630132347421023
 31
0.0
  0
LINE
  5
BF8
330
17
100
AcDbEntity
  8
ENGRAVE_POLARS
100
AcDbLine
 10
14.791477764060268
 20
-13.630132347421023
 30
0.0
 11
14.558383504580936
 21
-13.986123391786904
 31
0.0
  0
LINE
  5
BF9
330
17
100
AcDbEntity
  8
ENGRAVE_POLARS
100
AcDbLine
 10
14.558383504580936
 20
-13.986123391786904
 30
0.0
 11
14.291083247770517
 21
-14.291083247770516
 31
0.0
  0
LINE
  5
BFA
330
17
100
AcDbEntity
  8
ENGRAVE_POLARS
100
AcDbLine
 10
14.291083247770517
 20
-14.291083247770516
 30
0.0
 11
13.981932688110103
 21
-14.54820112214491
 31
0.0
  0
LINE
  5
BFB
330
17
100
AcDbEntity
  8
ENGRAVE_POLARS
100
AcDbLine
 10
13.981932688110103
 20
-14.54820112214491
 30
0.0
 11
13.629963650050502
 21
-14.769372324793409
 31
0.0
  0
LINE
  5
BFC
330
17
100
AcDbEntity
  8
ENGRAVE_POLARS
100
AcDbLine
 10
13.629963650050502
 20
-14.769372324793409
 30
0.0
 11
13.241618644580365
 21
-14.958612346939328
 31
0.0
  0
LINE
  5
BFD
330
17
100
AcDbEntity
  8
ENGRAVE_POLARS
100
AcDbLine
 10
13.241618644580365
 20
-14.958612346939328
 30
0.0
 11
12.823340182688318
 21
-15.119936679805976
 31
0.0
  0
LINE
  5
BFE
330
17
100
AcDbEntity
  8
ENGRAVE_POLARS
100
AcDbLine
 10
12.823340182688318
 20
-15.119936679805976
 30
0.0
 11
12.381570775363008
 21
-15.257360814616662
 31
0.0
  0
LINE
  5
BFF
330
17
100
AcDbEntity
  8
ENGRAVE_POLARS
100
AcDbLine
 10
12.381570775363008
 20
-15.257360814616662
 30
0.0
 11
11.922752933593069
 21
-15.3749002425947
 31
0.0
  0
LINE
  5
C00
330
17
100
AcDbEntity
  8
ENGRAVE_POLARS
100
AcDbLine
 10
11.922752933593069
 20
-15.3749002425947
 30
0.0
 11
11.453329168367139
 21
-15.476570454963388
 31
0.0
  0
LINE
  5
C01
330
17
100
AcDbEntity
  8
ENGRAVE_POLARS
100
AcDbLine
 10
11.453329168367139
 20
-15.476570454963388
 30
0.0
 11
10.979741990673858
 21
-15.566386942946057
 31
0.0
  0
LINE
  5
C02
330
17
100
AcDbEntity
  8
ENGRAVE_POLARS
100
AcDbLine
 10
10.979741990673858
 20
-15.566386942946057
 30
0.0
 11
10.508433911501868
 21
-15.648365197765997
 31
0.0
  0
LINE
  5
C03
330
17
100
AcDbEntity
  8
ENGRAVE_POLARS
100
AcDbLine
 10
10.508433911501868
 20
-15.648365197765997
 30
0.0
 11
10.0458474418398
 21
-15.726520710646529
 31
0.0
  0
LINE
  5
C04
330
17
100
AcDbEntity
  8
ENGRAVE_POLARS
100
AcDbLine
 10
10.0458474418398
 20
-15.726520710646529
 30
0.0
 11
9.598425092676301
 21
-15.804868972810963
 31
0.0
  0
LINE
  5
C05
330
17
100
AcDbEntity
  8
ENGRAVE_POLARS
100
AcDbLine
 10
9.598425092676301
 20
-15.804868972810963
 30
0.0
 11
9.172609375000002
 21
-15.887425475482605
 31
0.0
  0
LINE
  5
C06
330
17
100
AcDbEntity
  8
ENGRAVE_POLARS
100
AcDbLine
 10
9.172609375000002
 20
-15.887425475482605
 30
0.0
 11
8.748891102292037
 21
-15.967367226913987
 31
0.0
  0
LINE
  5
C07
330
17
100
AcDbEntity
  8
ENGRAVE_POLARS
100
AcDbLine
 10
8.748891102292037
 20
-15.967367226913987
 30
0.0
 11
8.307827143870968
 21
-16.035971787385844
 31
0.0
  0
LINE
  5
C08
330
17
100
AcDbEntity
  8
ENGRAVE_POLARS
100
AcDbLine
 10
8.307827143870968
 20
-16.035971787385844
 30
0.0
 11
7.855959094481596
 21
-16.094405476163768
 31
0.0
  0
LINE
  5
C09
330
17
100
AcDbEntity
  8
ENGRAVE_POLARS
100
AcDbLine
 10
7.855959094481596
 20
-16.094405476163768
 30
0.0
 11
7.3998285488687126
 21
-16.14383461251337
 31
0.0
  0
LINE
  5
C0A
330
17
100
AcDbEntity
  8
ENGRAVE_POLARS
100
AcDbLine
 10
7.3998285488687126
 20
-16.14383461251337
 30
0.0
 11
6.945977101777119
 21
-16.185425515700253
 31
0.0
  0
LINE
  5
C0B
330
17
100
AcDbEntity
  8
ENGRAVE_POLARS
100
AcDbLine
 10
6.945977101777119
 20
-16.185425515700253
 30
0.0
 11
6.500946347951611
 21
-16.220344504990013
 31
0.0
  0
LINE
  5
C0C
330
17
100
AcDbEntity
  8
ENGRAVE_POLARS
100
AcDbLine
 10
6.500946347951611
 20
-16.220344504990013
 30
0.0
 11
6.071277882136981
 21
-16.249757899648262
 31
0.0
  0
LINE
  5
C0D
330
17
100
AcDbEntity
  8
ENGRAVE_POLARS
100
AcDbLine
 10
6.071277882136981
 20
-16.249757899648262
 30
0.0
 11
5.663513299078027
 21
-16.274832018940604
 31
0.0
  0
LINE
  5
C0E
330
17
100
AcDbEntity
  8
ENGRAVE_POLARS
100
AcDbLine
 10
5.663513299078027
 20
-16.274832018940604
 30
0.0
 11
5.284194193519549
 21
-16.296733182132634
 31
0.0
  0
LINE
  5
C0F
330
17
100
AcDbEntity
  8
ENGRAVE_POLARS
100
AcDbLine
 10
5.284194193519549
 20
-16.296733182132634
 30
0.0
 11
4.9398621602063395
 21
-16.316627708489964
 31
0.0
  0
LINE
  5
C10
330
17
100
AcDbEntity
  8
ENGRAVE_POLARS
100
AcDbLine
 10
4.9398621602063395
 20
-16.316627708489964
 30
0.0
 11
4.637058793883195
 21
-16.33568191727819
 31
0.0
  0
LINE
  5
C11
330
17
100
AcDbEntity
  8
ENGRAVE_POLARS
100
AcDbLine
 10
4.637058793883195
 20
-16.33568191727819
 30
0.0
 11
4.382325689294913
 21
-16.35506212776292
 31
0.0
  0
LINE
  5
C12
330
17
100
AcDbEntity
  8
ENGRAVE_POLARS
100
AcDbLine
 10
4.382325689294913
 20
-16.35506212776292
 30
0.0
 11
4.19059818804102
 21
-16.37209396294415
 31
0.0
  0
LINE
  5
C13
330
17
100
AcDbEntity
  8
ENGRAVE_POLARS
100
AcDbLine
 10
4.19059818804102
 20
-16.37209396294415
 30
0.0
 11
4.06424431323598
 21
-16.383803198259397
 31
0.0
  0
LINE
  5
C14
330
17
100
AcDbEntity
  8
ENGRAVE_POLARS
100
AcDbLine
 10
4.06424431323598
 20
-16.383803198259397
 30
0.0
 11
3.9909546818970005
 21
-16.390906381630554
 31
0.0
  0
LINE
  5
C15
330
17
100
AcDbEntity
  8
ENGRAVE_POLARS
100
AcDbLine
 10
3.9909546818970005
 20
-16.390906381630554
 30
0.0
 11
3.9584199110412874
 21
-16.394120060979514
 31
0.0
  0
LINE
  5
C16
330
17
100
AcDbEntity
  8
ENGRAVE_POLARS
100
AcDbLine
 10
3.9584199110412874
 20
-16.394120060979514
 30
0.0
 11
3.9543306176860487
 21
-16.39416078422817
 31
0.0
  0
LINE
  5
C17
330
17
100
AcDbEntity
  8
ENGRAVE_POLARS
100
AcDbLine
 10
3.9543306176860487
 20
-16.39416078422817
 30
0.0
 11
3.966377418848489
 21
-16.3917450992984
 31
0.0
  0
LINE
  5
C18
330
17
100
AcDbEntity
  8
ENGRAVE_POLARS
100
AcDbLine
 10
3.966377418848489
 20
-16.3917450992984
 30
0.0
 11
3.982250931545814
 21
-16.38758955411211
 31
0.0
  0
LINE
  5
C19
330
17
100
AcDbEntity
  8
ENGRAVE_POLARS
100
AcDbLine
 10
3.982250931545814
 20
-16.38758955411211
 30
0.0
 11
3.9896417727952325
 21
-16.382410696591187
 31
0.0
  0
LINE
  5
C1A
330
17
100
AcDbEntity
  8
ENGRAVE_POLARS
100
AcDbLine
 10
3.9896417727952325
 20
-16.382410696591187
 30
0.0
 11
3.976240559613949
 21
-16.376925074657525
 31
0.0
  0
LINE
  5
C1B
330
17
100
AcDbEntity
  8
ENGRAVE_POLARS
100
AcDbLine
 10
3.976240559613949
 20
-16.376925074657525
 30
0.0
 11
3.929737909019171
 21
-16.371849236233004
 31
0.0
  0
LINE
  5
C1C
330
17
100
AcDbEntity
  8
ENGRAVE_POLARS
100
AcDbLine
 10
3.929737909019171
 20
-16.371849236233004
 30
0.0
 11
3.837824438028104
 21
-16.367899729239525
 31
0.0
  0
LINE
  5
C1D
330
17
100
AcDbEntity
  8
ENGRAVE_POLARS
100
AcDbLine
 10
3.837824438028104
 20
-16.367899729239525
 30
0.0
 11
3.688190763657955
 21
-16.365793101598975
 31
0.0
  0
LINE
  5
C1E
330
17
100
AcDbEntity
  8
ENGRAVE_POLARS
100
AcDbLine
 10
3.688190763657955
 20
-16.365793101598975
 30
0.0
 11
3.473929108005991
 21
-16.3644463353228
 31
0.0
  0
LINE
  5
C1F
330
17
100
AcDbEntity
  8
ENGRAVE_POLARS
100
AcDbLine
 10
3.473929108005991
 20
-16.3644463353228
 30
0.0
 11
3.2040720302062478
 21
-16.3623885485035
 31
0.0
  0
LINE
  5
C20
330
17
100
AcDbEntity
  8
ENGRAVE_POLARS
100
AcDbLine
 10
3.2040720302062478
 20
-16.3623885485035
 30
0.0
 11
2.890220652831085
 21
-16.359754493184532
 31
0.0
  0
LINE
  5
C21
330
17
100
AcDbEntity
  8
ENGRAVE_POLARS
100
AcDbLine
 10
2.890220652831085
 20
-16.359754493184532
 30
0.0
 11
2.5439760984528608
 21
-16.356678921409358
 31
0.0
  0
LINE
  5
C22
330
17
100
AcDbEntity
  8
ENGRAVE_POLARS
100
AcDbLine
 10
2.5439760984528608
 20
-16.356678921409358
 30
0.0
 11
2.176939489643935
 21
-16.35329658522144
 31
0.0
  0
LINE
  5
C23
330
17
100
AcDbEntity
  8
ENGRAVE_POLARS
100
AcDbLine
 10
2.176939489643935
 20
-16.35329658522144
 30
0.0
 11
1.8007119489766685
 21
-16.34974223666424
 31
0.0
  0
LINE
  5
C24
330
17
100
AcDbEntity
  8
ENGRAVE_POLARS
100
AcDbLine
 10
1.8007119489766685
 20
-16.34974223666424
 30
0.0
 11
1.4268945990234176
 21
-16.34615062778122
 31
0.0
  0
LINE
  5
C25
330
17
100
AcDbEntity
  8
ENGRAVE_POLARS
100
AcDbLine
 10
1.4268945990234176
 20
-16.34615062778122
 30
0.0
 11
1.067088562356544
 21
-16.342656510615846
 31
0.0
  0
LINE
  5
C26
330
17
100
AcDbEntity
  8
ENGRAVE_POLARS
100
AcDbLine
 10
1.067088562356544
 20
-16.342656510615846
 30
0.0
 11
0.7328949615484067
 21
-16.339394637211576
 31
0.0
  0
LINE
  5
C27
330
17
100
AcDbEntity
  8
ENGRAVE_POLARS
100
AcDbLine
 10
0.7328949615484067
 20
-16.339394637211576
 30
0.0
 11
0.43591491917136393
 21
-16.33649975961187
 31
0.0
  0
LINE
  5
C28
330
17
100
AcDbEntity
  8
ENGRAVE_POLARS
100
AcDbLine
 10
0.43591491917136393
 20
-16.33649975961187
 30
0.0
 11
0.18774955779777552
 21
-16.334106629860187
 31
0.0
  0
LINE
  5
C29
330
17
100
AcDbEntity
  8
ENGRAVE_POLARS
100
AcDbLine
 10
0.18774955779777552
 20
-16.334106629860187
 30
0.0
 11
1.0000680075027137e-15
 21
-16.33235
 31
0.0
  0
LINE
  5
C2A
330
17
100
AcDbEntity
  8
ENGRAVE_POLARS
100
AcDbLine
 10
-8.170155245690855
 20
10.1666007782118
 30
0.0
 11
-8.330909383741025
 21
10.10572852225628
 31
0.0
  0
LINE
  5
C2B
330
17
100
AcDbEntity
  8
ENGRAVE_POLARS
100
AcDbLine
 10
-8.330909383741025
 20
10.10572852225628
 30
0.0
 11
-8.539459839936072
 21
10.030251232629325
 31
0.0
  0
LINE
  5
C2C
330
17
100
AcDbEntity
  8
ENGRAVE_POLARS
100
AcDbLine
 10
-8.539459839936072
 20
10.030251232629325
 30
0.0
 11
-8.787320467301004
 21
9.942096860061618
 31
0.0
  0
LINE
  5
C2D
330
17
100
AcDbEntity
  8
ENGRAVE_POLARS
100
AcDbLine
 10
-8.787320467301004
 20
9.942096860061618
 30
0.0
 11
-9.066005118860827
 21
9.843193355283848
 31
0.0
  0
LINE
  5
C2E
330
17
100
AcDbEntity
  8
ENGRAVE_POLARS
100
AcDbLine
 10
-9.066005118860827
 20
9.843193355283848
 30
0.0
 11
-9.367027647640551
 21
9.735468669026707
 31
0.0
  0
LINE
  5
C2F
330
17
100
AcDbEntity
  8
ENGRAVE_POLARS
100
AcDbLine
 10
-9.367027647640551
 20
9.735468669026707
 30
0.0
 11
-9.681901906665184
 21
9.620850752020882
 31
0.0
  0
LINE
  5
C30
330
17
100
AcDbEntity
  8
ENGRAVE_POLARS
100
AcDbLine
 10
-9.681901906665184
 20
9.620850752020882
 30
0.0
 11
-10.00214174895973
 21
9.501267554997064
 31
0.0
  0
LINE
  5
C31
330
17
100
AcDbEntity
  8
ENGRAVE_POLARS
100
AcDbLine
 10
-10.00214174895973
 20
9.501267554997064
 30
0.0
 11
-10.319261027549198
 21
9.37864702868594
 31
0.0
  0
LINE
  5
C32
330
17
100
AcDbEntity
  8
ENGRAVE_POLARS
100
AcDbLine
 10
-10.319261027549198
 20
9.37864702868594
 30
0.0
 11
-10.624773595458597
 21
9.254917123818203
 31
0.0
  0
LINE
  5
C33
330
17
100
AcDbEntity
  8
ENGRAVE_POLARS
100
AcDbLine
 10
-10.624773595458597
 20
9.254917123818203
 30
0.0
 11
-10.910193305712932
 21
9.132005791124538
 31
0.0
  0
LINE
  5
C34
330
17
100
AcDbEntity
  8
ENGRAVE_POLARS
100
AcDbLine
 10
-10.910193305712932
 20
9.132005791124538
 30
0.0
 11
-11.167034011337211
 21
9.011840981335638
 31
0.0
  0
LINE
  5
C35
330
17
100
AcDbEntity
  8
ENGRAVE_POLARS
100
AcDbLine
 10
-11.167034011337211
 20
9.011840981335638
 30
0.0
 11
-11.386809565356442
 21
8.89635064518219
 31
0.0
  0
LINE
  5
C36
330
17
100
AcDbEntity
  8
ENGRAVE_POLARS
100
AcDbLine
 10
-11.386809565356442
 20
8.89635064518219
 30
0.0
 11
-11.573859940598233
 21
8.785130701016334
 31
0.0
  0
LINE
  5
C37
330
17
100
AcDbEntity
  8
ENGRAVE_POLARS
100
AcDbLine
 10
-11.573859940598233
 20
8.785130701016334
 30
0.0
 11
-11.740204552834689
 21
8.675820786992317
 31
0.0
  0
LINE
  5
C38
330
17
100
AcDbEntity
  8
ENGRAVE_POLARS
100
AcDbLine
 10
-11.740204552834689
 20
8.675820786992317
 30
0.0
 11
-11.888876419507564
 21
8.567414433543984
 31
0.0
  0
LINE
  5
C39
330
17
100
AcDbEntity
  8
ENGRAVE_POLARS
100
AcDbLine
 10
-11.888876419507564
 20
8.567414433543984
 30
0.0
 11
-12.022908558058614
 21
8.458905171105187
 31
0.0
  0
LINE
  5
C3A
330
17
100
AcDbEntity
  8
ENGRAVE_POLARS
100
AcDbLine
 10
-12.022908558058614
 20
8.458905171105187
 30
0.0
 11
-12.145333985929593
 21
8.349286530109778
 31
0.0
  0
LINE
  5
C3B
330
17
100
AcDbEntity
  8
ENGRAVE_POLARS
100
AcDbLine
 10
-12.145333985929593
 20
8.349286530109778
 30
0.0
 11
-12.259185720562257
 21
8.2375520409916
 31
0.0
  0
LINE
  5
C3C
330
17
100
AcDbEntity
  8
ENGRAVE_POLARS
100
AcDbLine
 10
-12.259185720562257
 20
8.2375520409916
 30
0.0
 11
-12.367496779398358
 21
8.122695234184505
 31
0.0
  0
LINE
  5
C3D
330
17
100
AcDbEntity
  8
ENGRAVE_POLARS
100
AcDbLine
 10
-12.367496779398358
 20
8.122695234184505
 30
0.0
 11
-12.473300179879658
 21
8.003709640122342
 31
0.0
  0
LINE
  5
C3E
330
17
100
AcDbEntity
  8
ENGRAVE_POLARS
100
AcDbLine
 10
-12.473300179879658
 20
8.003709640122342
 30
0.0
 11
-12.579628939447906
 21
7.879588789238962
 31
0.0
  0
LINE
  5
C3F
330
17
100
AcDbEntity
  8
ENGRAVE_POLARS
100
AcDbLine
 10
-12.579628939447906
 20
7.879588789238962
 30
0.0
 11
-12.689516075544855
 21
7.749326211968212
 31
0.0
  0
LINE
  5
C40
330
17
100
AcDbEntity
  8
ENGRAVE_POLARS
100
AcDbLine
 10
-12.689516075544855
 20
7.749326211968212
 30
0.0
 11
-12.805994605612264
 21
7.611915438743941
 31
0.0
  0
LINE
  5
C41
330
17
100
AcDbEntity
  8
ENGRAVE_POLARS
100
AcDbLine
 10
-12.805994605612264
 20
7.611915438743941
 30
0.0
 11
-12.932097547091889
 21
7.466349999999999
 31
0.0
  0
LINE
  5
C42
330
17
100
AcDbEntity
  8
ENGRAVE_POLARS
100
AcDbLine
 10
-12.932097547091889
 20
7.466349999999999
 30
0.0
 11
-13.06753493426341
 21
7.308416534618566
 31
0.0
  0
LINE
  5
C43
330
17
100
AcDbEntity
  8
ENGRAVE_POLARS
100
AcDbLine
 10
-13.06753493426341
 20
7.308416534618566
 30
0.0
 11
-13.208813497186533
 21
7.136531779596829
 31
0.0
  0
LINE
  5
C44
330
17
100
AcDbEntity
  8
ENGRAVE_POLARS
100
AcDbLine
 10
-13.208813497186533
 20
7.136531779596829
 30
0.0
 11
-13.35416129697304
 21
6.953634412541151
 31
0.0
  0
LINE
  5
C45
330
17
100
AcDbEntity
  8
ENGRAVE_POLARS
100
AcDbLine
 10
-13.35416129697304
 20
6.953634412541151
 30
0.0
 11
-13.501806394734714
 21
6.762663111057891
 31
0.0
  0
LINE
  5
C46
330
17
100
AcDbEntity
  8
ENGRAVE_POLARS
100
AcDbLine
 10
-13.501806394734714
 20
6.762663111057891
 30
0.0
 11
-13.649976851583336
 21
6.566556552753412
 31
0.0
  0
LINE
  5
C47
330
17
100
AcDbEntity
  8
ENGRAVE_POLARS
100
AcDbLine
 10
-13.649976851583336
 20
6.566556552753412
 30
0.0
 11
-13.796900728630689
 21
6.3682534152340775
 31
0.0
  0
LINE
  5
C48
330
17
100
AcDbEntity
  8
ENGRAVE_POLARS
100
AcDbLine
 10
-13.796900728630689
 20
6.3682534152340775
 30
0.0
 11
-13.940806086988557
 21
6.170692376106246
 31
0.0
  0
LINE
  5
C49
330
17
100
AcDbEntity
  8
ENGRAVE_POLARS
100
AcDbLine
 10
-13.940806086988557
 20
6.170692376106246
 30
0.0
 11
-14.079920987768721
 21
5.976812112976282
 31
0.0
  0
LINE
  5
C4A
330
17
100
AcDbEntity
  8
ENGRAVE_POLARS
100
AcDbLine
 10
-14.079920987768721
 20
5.976812112976282
 30
0.0
 11
-14.212473492082967
 21
5.789551303450546
 31
0.0
  0
LINE
  5
C4B
330
17
100
AcDbEntity
  8
ENGRAVE_POLARS
100
AcDbLine
 10
-14.212473492082967
 20
5.789551303450546
 30
0.0
 11
-14.336691661043073
 21
5.6118486251354
 31
0.0
  0
LINE
  5
C4C
330
17
100
AcDbEntity
  8
ENGRAVE_POLARS
100
AcDbLine
 10
-14.336691661043073
 20
5.6118486251354
 30
0.0
 11
-14.450803555760825
 21
5.446642755637202
 31
0.0
  0
LINE
  5
C4D
330
17
100
AcDbEntity
  8
ENGRAVE_POLARS
100
AcDbLine
 10
-14.450803555760825
 20
5.446642755637202
 30
0.0
 11
-14.553037237348002
 21
5.296872372562318
 31
0.0
  0
LINE
  5
C4E
330
17
100
AcDbEntity
  8
ENGRAVE_POLARS
100
AcDbLine
 10
-14.553037237348002
 20
5.296872372562318
 30
0.0
 11
-14.642793158521805
 21
5.16239354488035
 31
0.0
  0
LINE
  5
C4F
330
17
100
AcDbEntity
  8
ENGRAVE_POLARS
100
AcDbLine
 10
-14.642793158521805
 20
5.16239354488035
 30
0.0
 11
-14.721622813434868
 21
5.03990885000138
 31
0.0
  0
LINE
  5
C50
330
17
100
AcDbEntity
  8
ENGRAVE_POLARS
100
AcDbLine
 10
-14.721622813434868
 20
5.03990885000138
 30
0.0
 11
-14.79098082535213
 21
4.927626728192483
 31
0.0
  0
LINE
  5
C51
330
17
100
AcDbEntity
  8
ENGRAVE_POLARS
100
AcDbLine
 10
-14.79098082535213
 20
4.927626728192483
 30
0.0
 11
-14.852321817538536
 21
4.823755619720737
 31
0.0
  0
LINE
  5
C52
330
17
100
AcDbEntity
  8
ENGRAVE_POLARS
100
AcDbLine
 10
-14.852321817538536
 20
4.823755619720737
 30
0.0
 11
-14.907100413259021
 21
4.726503964853219
 31
0.0
  0
LINE
  5
C53
330
17
100
AcDbEntity
  8
ENGRAVE_POLARS
100
AcDbLine
 10
-14.907100413259021
 20
4.726503964853219
 30
0.0
 11
-14.956771235778522
 21
4.634080203857005
 31
0.0
  0
LINE
  5
C54
330
17
100
AcDbEntity
  8
ENGRAVE_POLARS
100
AcDbLine
 10
-14.956771235778522
 20
4.634080203857005
 30
0.0
 11
-15.002788908361978
 21
4.544692776999173
 31
0.0
  0
LINE
  5
C55
330
17
100
AcDbEntity
  8
ENGRAVE_POLARS
100
AcDbLine
 10
-15.002788908361978
 20
4.544692776999173
 30
0.0
 11
-15.046608054274337
 21
4.456550124546798
 31
0.0
  0
LINE
  5
C56
330
17
100
AcDbEntity
  8
ENGRAVE_POLARS
100
AcDbLine
 10
-15.046608054274337
 20
4.456550124546798
 30
0.0
 11
-15.089683296780535
 21
4.367860686766961
 31
0.0
  0
LINE
  5
C57
330
17
100
AcDbEntity
  8
ENGRAVE_POLARS
100
AcDbLine
 10
-15.089683296780535
 20
4.367860686766961
 30
0.0
 11
-15.133469259145507
 21
4.276832903926734
 31
0.0
  0
LINE
  5
C58
330
17
100
AcDbEntity
  8
ENGRAVE_POLARS
100
AcDbLine
 10
-15.133469259145507
 20
4.276832903926734
 30
0.0
 11
-15.17942056463419
 21
4.181675216293197
 31
0.0
  0
LINE
  5
C59
330
17
100
AcDbEntity
  8
ENGRAVE_POLARS
100
AcDbLine
 10
-15.17942056463419
 20
4.181675216293197
 30
0.0
 11
-15.228991836511536
 21
4.080596064133426
 31
0.0
  0
LINE
  5
C5A
330
17
100
AcDbEntity
  8
ENGRAVE_POLARS
100
AcDbLine
 10
-15.228991836511536
 20
4.080596064133426
 30
0.0
 11
-15.279411249732078
 21
3.9801792793013164
 31
0.0
  0
LINE
  5
C5B
330
17
100
AcDbEntity
  8
ENGRAVE_POLARS
100
AcDbLine
 10
-15.279411249732078
 20
3.9801792793013164
 30
0.0
 11
-15.327328053886959
 21
3.886569001776175
 31
0.0
  0
LINE
  5
C5C
330
17
100
AcDbEntity
  8
ENGRAVE_POLARS
100
AcDbLine
 10
-15.327328053886959
 20
3.886569001776175
 30
0.0
 11
-15.37332848419601
 21
3.7973141340131895
 31
0.0
  0
LINE
  5
C5D
330
17
100
AcDbEntity
  8
ENGRAVE_POLARS
100
AcDbLine
 10
-15.37332848419601
 20
3.7973141340131895
 30
0.0
 11
-15.417998775879067
 21
3.709963578467549
 31
0.0
  0
LINE
  5
C5E
330
17
100
AcDbEntity
  8
ENGRAVE_POLARS
100
AcDbLine
 10
-15.417998775879067
 20
3.709963578467549
 30
0.0
 11
-15.46192516415596
 21
3.6220662375944457
 31
0.0
  0
LINE
  5
C5F
330
17
100
AcDbEntity
  8
ENGRAVE_POLARS
100
AcDbLine
 10
-15.46192516415596
 20
3.6220662375944457
 30
0.0
 11
-15.505693884246526
 21
3.5311710138490655
 31
0.0
  0
LINE
  5
C60
330
17
100
AcDbEntity
  8
ENGRAVE_POLARS
100
AcDbLine
 10
-15.505693884246526
 20
3.5311710138490655
 30
0.0
 11
-15.549891171370591
 21
3.4348268096865997
 31
0.0
  0
LINE
  5
C61
330
17
100
AcDbEntity
  8
ENGRAVE_POLARS
100
AcDbLine
 10
-15.549891171370591
 20
3.4348268096865997
 30
0.0
 11
-15.595103260747994
 21
3.330582527562238
 31
0.0
  0
LINE
  5
C62
330
17
100
AcDbEntity
  8
ENGRAVE_POLARS
100
AcDbLine
 10
-15.595103260747994
 20
3.330582527562238
 30
0.0
 11
-15.641916387598567
 21
3.2159870699311695
 31
0.0
  0
LINE
  5
C63
330
17
100
AcDbEntity
  8
ENGRAVE_POLARS
100
AcDbLine
 10
-15.641916387598567
 20
3.2159870699311695
 30
0.0
 11
-15.690916787142138
 21
3.0885893392485833
 31
0.0
  0
LINE
  5
C64
330
17
100
AcDbEntity
  8
ENGRAVE_POLARS
100
AcDbLine
 10
-15.690916787142138
 20
3.0885893392485833
 30
0.0
 11
-15.742690694598544
 21
2.9459382379696684
 31
0.0
  0
LINE
  5
C65
330
17
100
AcDbEntity
  8
ENGRAVE_POLARS
100
AcDbLine
 10
-15.742690694598544
 20
2.9459382379696684
 30
0.0
 11
-15.79782434518762
 21
2.7855826685496154
 31
0.0
  0
LINE
  5
C66
330
17
100
AcDbEntity
  8
ENGRAVE_POLARS
100
AcDbLine
 10
-15.79782434518762
 20
2.7855826685496154
 30
0.0
 11
-15.859421111252624
 21
2.6158138494684735
 31
0.0
  0
LINE
  5
C67
330
17
100
AcDbEntity
  8
ENGRAVE_POLARS
100
AcDbLine
 10
-15.859421111252624
 20
2.6158138494684735
 30
0.0
 11
-15.928816336772186
 21
2.444581935262431
 31
0.0
  0
LINE
  5
C68
330
17
100
AcDbEntity
  8
ENGRAVE_POLARS
100
AcDbLine
 10
-15.928816336772186
 20
2.444581935262431
 30
0.0
 11
-16.003944214419178
 21
2.268924232470886
 31
0.0
  0
LINE
  5
C69
330
17
100
AcDbEntity
  8
ENGRAVE_POLARS
100
AcDbLine
 10
-16.003944214419178
 20
2.268924232470886
 30
0.0
 11
-16.08273893686646
 21
2.085878047633236
 31
0.0
  0
LINE
  5
C6A
330
17
100
AcDbEntity
  8
ENGRAVE_POLARS
100
AcDbLine
 10
-16.08273893686646
 20
2.085878047633236
 30
0.0
 11
-16.163134696786916
 21
1.8924806872888795
 31
0.0
  0
LINE
  5
C6B
330
17
100
AcDbEntity
  8
ENGRAVE_POLARS
100
AcDbLine
 10
-16.163134696786916
 20
1.8924806872888795
 30
0.0
 11
-16.24306568685341
 21
1.6857694579772136
 31
0.0
  0
LINE
  5
C6C
330
17
100
AcDbEntity
  8
ENGRAVE_POLARS
100
AcDbLine
 10
-16.24306568685341
 20
1.6857694579772136
 30
0.0
 11
-16.320466099738812
 21
1.462781666237636
 31
0.0
  0
LINE
  5
C6D
330
17
100
AcDbEntity
  8
ENGRAVE_POLARS
100
AcDbLine
 10
-16.320466099738812
 20
1.462781666237636
 30
0.0
 11
-16.393270128116
 21
1.2205546186095448
 31
0.0
  0
LINE
  5
C6E
330
17
100
AcDbEntity
  8
ENGRAVE_POLARS
100
AcDbLine
 10
-16.393270128116
 20
1.2205546186095448
 30
0.0
 11
-16.459411964657843
 21
0.9561256216323382
 31
0.0
  0
LINE
  5
C6F
330
17
100
AcDbEntity
  8
ENGRAVE_POLARS
100
AcDbLine
 10
-16.459411964657843
 20
0.9561256216323382
 30
0.0
 11
-16.51682580203721
 21
0.6665319818454132
 31
0.0
  0
LINE
  5
C70
330
17
100
AcDbEntity
  8
ENGRAVE_POLARS
100
AcDbLine
 10
-16.51682580203721
 20
0.6665319818454132
 30
0.0
 11
-16.563445832926973
 21
0.34881100578816776
 31
0.0
  0
LINE
  5
C71
330
17
100
AcDbEntity
  8
ENGRAVE_POLARS
100
AcDbLine
 10
-16.563445832926973
 20
0.34881100578816776
 30
0.0
 11
-16.59720625
 21
0.0
 31
0.0
  0
LINE
  5
C72
330
17
100
AcDbEntity
  8
ENGRAVE_POLARS
100
AcDbLine
 10
-16.59720625
 20
0.0
 30
0.0
 11
-16.618260641056537
 21
-0.3952530796400228
 31
0.0
  0
LINE
  5
C73
330
17
100
AcDbEntity
  8
ENGRAVE_POLARS
100
AcDbLine
 10
-16.618260641056537
 20
-0.3952530796400228
 30
0.0
 11
-16.628960351780872
 21
-0.8434856865245641
 31
0.0
  0
LINE
  5
C74
330
17
100
AcDbEntity
  8
ENGRAVE_POLARS
100
AcDbLine
 10
-16.628960351780872
 20
-0.8434856865245641
 30
0.0
 11
-16.63053621167196
 21
-1.334438628021823
 31
0.0
  0
LINE
  5
C75
330
17
100
AcDbEntity
  8
ENGRAVE_POLARS
100
AcDbLine
 10
-16.63053621167196
 20
-1.334438628021823
 30
0.0
 11
-16.62421905022875
 21
-1.8578527114999988
 31
0.0
  0
LINE
  5
C76
330
17
100
AcDbEntity
  8
ENGRAVE_POLARS
100
AcDbLine
 10
-16.62421905022875
 20
-1.8578527114999988
 30
0.0
 11
-16.611239696950197
 21
-2.4034687443272906
 31
0.0
  0
LINE
  5
C77
330
17
100
AcDbEntity
  8
ENGRAVE_POLARS
100
AcDbLine
 10
-16.611239696950197
 20
-2.4034687443272906
 30
0.0
 11
-16.592828981335245
 21
-2.9610275338718965
 31
0.0
  0
LINE
  5
C78
330
17
100
AcDbEntity
  8
ENGRAVE_POLARS
100
AcDbLine
 10
-16.592828981335245
 20
-2.9610275338718965
 30
0.0
 11
-16.57021773288285
 21
-3.5202698875020175
 31
0.0
  0
LINE
  5
C79
330
17
100
AcDbEntity
  8
ENGRAVE_POLARS
100
AcDbLine
 10
-16.57021773288285
 20
-3.5202698875020175
 30
0.0
 11
-16.544636781091956
 21
-4.070936612585853
 31
0.0
  0
LINE
  5
C7A
330
17
100
AcDbEntity
  8
ENGRAVE_POLARS
100
AcDbLine
 10
-16.544636781091956
 20
-4.070936612585853
 30
0.0
 11
-16.517316955461524
 21
-4.602768516491597
 31
0.0
  0
LINE
  5
C7B
330
17
100
AcDbEntity
  8
ENGRAVE_POLARS
100
AcDbLine
 10
-16.517316955461524
 20
-4.602768516491597
 30
0.0
 11
-16.489489085490497
 21
-5.105506406587456
 31
0.0
  0
LINE
  5
C7C
330
17
100
AcDbEntity
  8
ENGRAVE_POLARS
100
AcDbLine
 10
-16.489489085490497
 20
-5.105506406587456
 30
0.0
 11
-16.46238400067783
 21
-5.568891090241625
 31
0.0
  0
LINE
  5
C7D
330
17
100
AcDbEntity
  8
ENGRAVE_POLARS
100
AcDbLine
 10
-16.46238400067783
 20
-5.568891090241625
 30
0.0
 11
-16.43723253052247
 21
-5.9826633748223035
 31
0.0
  0
LINE
  5
C7E
330
17
100
AcDbEntity
  8
ENGRAVE_POLARS
100
AcDbLine
 10
-16.43723253052247
 20
-5.9826633748223035
 30
0.0
 11
-16.416020319485206
 21
-6.3445338998250955
 31
0.0
  0
LINE
  5
C7F
330
17
100
AcDbEntity
  8
ENGRAVE_POLARS
100
AcDbLine
 10
-16.416020319485206
 20
-6.3445338998250955
 30
0.0
 11
-16.39866823640587
 21
-6.664237645981899
 31
0.0
  0
LINE
  5
C80
330
17
100
AcDbEntity
  8
ENGRAVE_POLARS
100
AcDbLine
 10
-16.39866823640587
 20
-6.664237645981899
 30
0.0
 11
-16.383309947351968
 21
-6.9495519325153445
 31
0.0
  0
LINE
  5
C81
330
17
100
AcDbEntity
  8
ENGRAVE_POLARS
100
AcDbLine
 10
-16.383309947351968
 20
-6.9495519325153445
 30
0.0
 11
-16.368079118391016
 21
-7.208254078648069
 31
0.0
  0
LINE
  5
C82
330
17
100
AcDbEntity
  8
ENGRAVE_POLARS
100
AcDbLine
 10
-16.368079118391016
 20
-7.208254078648069
 30
0.0
 11
-16.351109415590518
 21
-7.448121403602705
 31
0.0
  0
LINE
  5
C83
330
17
100
AcDbEntity
  8
ENGRAVE_POLARS
100
AcDbLine
 10
-16.351109415590518
 20
-7.448121403602705
 30
0.0
 11
-16.330534505017987
 21
-7.676931226601888
 31
0.0
  0
LINE
  5
C84
330
17
100
AcDbEntity
  8
ENGRAVE_POLARS
100
AcDbLine
 10
-16.330534505017987
 20
-7.676931226601888
 30
0.0
 11
-16.304488052740933
 21
-7.9024608668682506
 31
0.0
  0
LINE
  5
C85
330
17
100
AcDbEntity
  8
ENGRAVE_POLARS
100
AcDbLine
 10
-16.304488052740933
 20
-7.9024608668682506
 30
0.0
 11
-16.271103724826865
 21
-8.132487643624431
 31
0.0
  0
LINE
  5
C86
330
17
100
AcDbEntity
  8
ENGRAVE_POLARS
100
AcDbLine
 10
-16.271103724826865
 20
-8.132487643624431
 30
0.0
 11
-16.228515187343294
 21
-8.37478887609306
 31
0.0
  0
LINE
  5
C87
330
17
100
AcDbEntity
  8
ENGRAVE_POLARS
100
AcDbLine
 10
-16.228515187343294
 20
-8.37478887609306
 30
0.0
 11
-16.174856106357737
 21
-8.63714188349678
 31
0.0
  0
LINE
  5
C88
330
17
100
AcDbEntity
  8
ENGRAVE_POLARS
100
AcDbLine
 10
-16.174856106357737
 20
-8.63714188349678
 30
0.0
 11
-16.10826014793769
 21
-8.92732398505821
 31
0.0
  0
LINE
  5
C89
330
17
100
AcDbEntity
  8
ENGRAVE_POLARS
100
AcDbLine
 10
-16.10826014793769
 20
-8.92732398505821
 30
0.0
 11
-16.026860978150676
 21
-9.253112499999999
 31
0.0
  0
LINE
  5
C8A
330
17
100
AcDbEntity
  8
ENGRAVE_POLARS
100
AcDbLine
 10
-16.026860978150676
 20
-9.253112499999999
 30
0.0
 11
-15.939384073855486
 21
-9.622013938872922
 31
0.0
  0
LINE
  5
C8B
330
17
100
AcDbEntity
  8
ENGRAVE_POLARS
100
AcDbLine
 10
-15.939384073855486
 20
-9.622013938872922
 30
0.0
 11
-15.853418011888616
 21
-10.030320823784603
 31
0.0
  0
LINE
  5
C8C
330
17
100
AcDbEntity
  8
ENGRAVE_POLARS
100
AcDbLine
 10
-15.853418011888616
 20
-10.030320823784603
 30
0.0
 11
-15.765391108284124
 21
-10.46898949129294
 31
0.0
  0
LINE
  5
C8D
330
17
100
AcDbEntity
  8
ENGRAVE_POLARS
100
AcDbLine
 10
-15.765391108284124
 20
-10.46898949129294
 30
0.0
 11
-15.671731679076071
 21
-10.92897627795583
 31
0.0
  0
LINE
  5
C8E
330
17
100
AcDbEntity
  8
ENGRAVE_POLARS
100
AcDbLine
 10
-15.671731679076071
 20
-10.92897627795583
 30
0.0
 11
-15.568868040298518
 21
-11.40123752033117
 31
0.0
  0
LINE
  5
C8F
330
17
100
AcDbEntity
  8
ENGRAVE_POLARS
100
AcDbLine
 10
-15.568868040298518
 20
-11.40123752033117
 30
0.0
 11
-15.453228507985516
 21
-11.876729554976857
 31
0.0
  0
LINE
  5
C90
330
17
100
AcDbEntity
  8
ENGRAVE_POLARS
100
AcDbLine
 10
-15.453228507985516
 20
-11.876729554976857
 30
0.0
 11
-15.321241398171132
 21
-12.346408718450787
 31
0.0
  0
LINE
  5
C91
330
17
100
AcDbEntity
  8
ENGRAVE_POLARS
100
AcDbLine
 10
-15.321241398171132
 20
-12.346408718450787
 30
0.0
 11
-15.169335026889424
 21
-12.801231347310862
 31
0.0
  0
LINE
  5
C92
330
17
100
AcDbEntity
  8
ENGRAVE_POLARS
100
AcDbLine
 10
-15.169335026889424
 20
-12.801231347310862
 30
0.0
 11
-14.993937710174452
 21
-13.232153778114974
 31
0.0
  0
LINE
  5
C93
330
17
100
AcDbEntity
  8
ENGRAVE_POLARS
100
AcDbLine
 10
-14.993937710174452
 20
-13.232153778114974
 30
0.0
 11
-14.791477764060268
 21
-13.630132347421023
 31
0.0
  0
LINE
  5
C94
330
17
100
AcDbEntity
  8
ENGRAVE_POLARS
100
AcDbLine
 10
-14.791477764060268
 20
-13.630132347421023
 30
0.0
 11
-14.558383504580936
 21
-13.986123391786904
 31
0.0
  0
LINE
  5
C95
330
17
100
AcDbEntity
  8
ENGRAVE_POLARS
100
AcDbLine
 10
-14.558383504580936
 20
-13.986123391786904
 30
0.0
 11
-14.291083247770517
 21
-14.291083247770516
 31
0.0
  0
LINE
  5
C96
330
17
100
AcDbEntity
  8
ENGRAVE_POLARS
100
AcDbLine
 10
-14.291083247770517
 20
-14.291083247770516
 30
0.0
 11
-13.981932688110103
 21
-14.54820112214491
 31
0.0
  0
LINE
  5
C97
330
17
100
AcDbEntity
  8
ENGRAVE_POLARS
100
AcDbLine
 10
-13.981932688110103
 20
-14.54820112214491
 30
0.0
 11
-13.629963650050502
 21
-14.769372324793409
 31
0.0
  0
LINE
  5
C98
330
17
100
AcDbEntity
  8
ENGRAVE_POLARS
100
AcDbLine
 10
-13.629963650050502
 20
-14.769372324793409
 30
0.0
 11
-13.241618644580365
 21
-14.958612346939328
 31
0.0
  0
LINE
  5
C99
330
17
100
AcDbEntity
  8
ENGRAVE_POLARS
100
AcDbLine
 10
-13.241618644580365
 20
-14.958612346939328
 30
0.0
 11
-12.823340182688318
 21
-15.119936679805976
 31
0.0
  0
LINE
  5
C9A
330
17
100
AcDbEntity
  8
ENGRAVE_POLARS
100
AcDbLine
 10
-12.823340182688318
 20
-15.119936679805976
 30
0.0
 11
-12.381570775363008
 21
-15.257360814616662
 31
0.0
  0
LINE
  5
C9B
330
17
100
AcDbEntity
  8
ENGRAVE_POLARS
100
AcDbLine
 10
-12.381570775363008
 20
-15.257360814616662
 30
0.0
 11
-11.922752933593069
 21
-15.3749002425947
 31
0.0
  0
LINE
  5
C9C
330
17
100
AcDbEntity
  8
ENGRAVE_POLARS
100
AcDbLine
 10
-11.922752933593069
 20
-15.3749002425947
 30
0.0
 11
-11.453329168367139
 21
-15.476570454963388
 31
0.0
  0
LINE
  5
C9D
330
17
100
AcDbEntity
  8
ENGRAVE_POLARS
100
AcDbLine
 10
-11.453329168367139
 20
-15.476570454963388
 30
0.0
 11
-10.979741990673858
 21
-15.566386942946057
 31
0.0
  0
LINE
  5
C9E
330
17
100
AcDbEntity
  8
ENGRAVE_POLARS
100
AcDbLine
 10
-10.979741990673858
 20
-15.566386942946057
 30
0.0
 11
-10.508433911501868
 21
-15.648365197765997
 31
0.0
  0
LINE
  5
C9F
330
17
100
AcDbEntity
  8
ENGRAVE_POLARS
100
AcDbLine
 10
-10.508433911501868
 20
-15.648365197765997
 30
0.0
 11
-10.0458474418398
 21
-15.726520710646529
 31
0.0
  0
LINE
  5
CA0
330
17
100
AcDbEntity
  8
ENGRAVE_POLARS
100
AcDbLine
 10
-10.0458474418398
 20
-15.726520710646529
 30
0.0
 11
-9.598425092676301
 21
-15.804868972810963
 31
0.0
  0
LINE
  5
CA1
330
17
100
AcDbEntity
  8
ENGRAVE_POLARS
100
AcDbLine
 10
-9.598425092676301
 20
-15.804868972810963
 30
0.0
 11
-9.172609375000002
 21
-15.887425475482605
 31
0.0
  0
LINE
  5
CA2
330
17
100
AcDbEntity
  8
ENGRAVE_POLARS
100
AcDbLine
 10
-9.172609375000002
 20
-15.887425475482605
 30
0.0
 11
-8.748891102292037
 21
-15.967367226913987
 31
0.0
  0
LINE
  5
CA3
330
17
100
AcDbEntity
  8
ENGRAVE_POLARS
100
AcDbLine
 10
-8.748891102292037
 20
-15.967367226913987
 30
0.0
 11
-8.307827143870968
 21
-16.035971787385844
 31
0.0
  0
LINE
  5
CA4
330
17
100
AcDbEntity
  8
ENGRAVE_POLARS
100
AcDbLine
 10
-8.307827143870968
 20
-16.035971787385844
 30
0.0
 11
-7.855959094481596
 21
-16.094405476163768
 31
0.0
  0
LINE
  5
CA5
330
17
100
AcDbEntity
  8
ENGRAVE_POLARS
100
AcDbLine
 10
-7.855959094481596
 20
-16.094405476163768
 30
0.0
 11
-7.3998285488687126
 21
-16.14383461251337
 31
0.0
  0
LINE
  5
CA6
330
17
100
AcDbEntity
  8
ENGRAVE_POLARS
100
AcDbLine
 10
-7.3998285488687126
 20
-16.14383461251337
 30
0.0
 11
-6.945977101777119
 21
-16.185425515700253
 31
0.0
  0
LINE
  5
CA7
330
17
100
AcDbEntity
  8
ENGRAVE_POLARS
100
AcDbLine
 10
-6.945977101777119
 20
-16.185425515700253
 30
0.0
 11
-6.500946347951611
 21
-16.220344504990013
 31
0.0
  0
LINE
  5
CA8
330
17
100
AcDbEntity
  8
ENGRAVE_POLARS
100
AcDbLine
 10
-6.500946347951611
 20
-16.220344504990013
 30
0.0
 11
-6.071277882136981
 21
-16.249757899648262
 31
0.0
  0
LINE
  5
CA9
330
17
100
AcDbEntity
  8
ENGRAVE_POLARS
100
AcDbLine
 10
-6.071277882136981
 20
-16.249757899648262
 30
0.0
 11
-5.663513299078027
 21
-16.274832018940604
 31
0.0
  0
LINE
  5
CAA
330
17
100
AcDbEntity
  8
ENGRAVE_POLARS
100
AcDbLine
 10
-5.663513299078027
 20
-16.274832018940604
 30
0.0
 11
-5.284194193519549
 21
-16.296733182132634
 31
0.0
  0
LINE
  5
CAB
330
17
100
AcDbEntity
  8
ENGRAVE_POLARS
100
AcDbLine
 10
-5.284194193519549
 20
-16.296733182132634
 30
0.0
 11
-4.9398621602063395
 21
-16.316627708489964
 31
0.0
  0
LINE
  5
CAC
330
17
100
AcDbEntity
  8
ENGRAVE_POLARS
100
AcDbLine
 10
-4.9398621602063395
 20
-16.316627708489964
 30
0.0
 11
-4.637058793883195
 21
-16.33568191727819
 31
0.0
  0
LINE
  5
CAD
330
17
100
AcDbEntity
  8
ENGRAVE_POLARS
100
AcDbLine
 10
-4.637058793883195
 20
-16.33568191727819
 30
0.0
 11
-4.382325689294913
 21
-16.35506212776292
 31
0.0
  0
LINE
  5
CAE
330
17
100
AcDbEntity
  8
ENGRAVE_POLARS
100
AcDbLine
 10
-4.382325689294913
 20
-16.35506212776292
 30
0.0
 11
-4.19059818804102
 21
-16.37209396294415
 31
0.0
  0
LINE
  5
CAF
330
17
100
AcDbEntity
  8
ENGRAVE_POLARS
100
AcDbLine
 10
-4.19059818804102
 20
-16.37209396294415
 30
0.0
 11
-4.06424431323598
 21
-16.383803198259397
 31
0.0
  0
LINE
  5
CB0
330
17
100
AcDbEntity
  8
ENGRAVE_POLARS
100
AcDbLine
 10
-4.06424431323598
 20
-16.383803198259397
 30
0.0
 11
-3.9909546818970005
 21
-16.390906381630554
 31
0.0
  0
LINE
  5
CB1
330
17
100
AcDbEntity
  8
ENGRAVE_POLARS
100
AcDbLine
 10
-3.9909546818970005
 20
-16.390906381630554
 30
0.0
 11
-3.9584199110412874
 21
-16.394120060979514
 31
0.0
  0
LINE
  5
CB2
330
17
100
AcDbEntity
  8
ENGRAVE_POLARS
100
AcDbLine
 10
-3.9584199110412874
 20
-16.394120060979514
 30
0.0
 11
-3.9543306176860487
 21
-16.39416078422817
 31
0.0
  0
LINE
  5
CB3
330
17
100
AcDbEntity
  8
ENGRAVE_POLARS
100
AcDbLine
 10
-3.9543306176860487
 20
-16.39416078422817
 30
0.0
 11
-3.966377418848489
 21
-16.3917450992984
 31
0.0
  0
LINE
  5
CB4
330
17
100
AcDbEntity
  8
ENGRAVE_POLARS
100
AcDbLine
 10
-3.966377418848489
 20
-16.3917450992984
 30
0.0
 11
-3.982250931545814
 21
-16.38758955411211
 31
0.0
  0
LINE
  5
CB5
330
17
100
AcDbEntity
  8
ENGRAVE_POLARS
100
AcDbLine
 10
-3.982250931545814
 20
-16.38758955411211
 30
0.0
 11
-3.9896417727952325
 21
-16.382410696591187
 31
0.0
  0
LINE
  5
CB6
330
17
100
AcDbEntity
  8
ENGRAVE_POLARS
100
AcDbLine
 10
-3.9896417727952325
 20
-16.382410696591187
 30
0.0
 11
-3.976240559613949
 21
-16.376925074657525
 31
0.0
  0
LINE
  5
CB7
330
17
100
AcDbEntity
  8
ENGRAVE_POLARS
100
AcDbLine
 10
-3.976240559613949
 20
-16.376925074657525
 30
0.0
 11
-3.929737909019171
 21
-16.371849236233004
 31
0.0
  0
LINE
  5
CB8
330
17
100
AcDbEntity
  8
ENGRAVE_POLARS
100
AcDbLine
 10
-3.929737909019171
 20
-16.371849236233004
 30
0.0
 11
-3.837824438028104
 21
-16.367899729239525
 31
0.0
  0
LINE
  5
CB9
330
17
100
AcDbEntity
  8
ENGRAVE_POLARS
100
AcDbLine
 10
-3.837824438028104
 20
-16.367899729239525
 30
0.0
 11
-3.688190763657955
 21
-16.365793101598975
 31
0.0
  0
LINE
  5
CBA
330
17
100
AcDbEntity
  8
ENGRAVE_POLARS
100
AcDbLine
 10
-3.688190763657955
 20
-16.365793101598975
 30
0.0
 11
-3.473929108005991
 21
-16.3644463353228
 31
0.0
  0
LINE
  5
CBB
330
17
100
AcDbEntity
  8
ENGRAVE_POLARS
100
AcDbLine
 10
-3.473929108005991
 20
-16.3644463353228
 30
0.0
 11
-3.2040720302062478
 21
-16.3623885485035
 31
0.0
  0
LINE
  5
CBC
330
17
100
AcDbEntity
  8
ENGRAVE_POLARS
100
AcDbLine
 10
-3.2040720302062478
 20
-16.3623885485035
 30
0.0
 11
-2.890220652831085
 21
-16.359754493184532
 31
0.0
  0
LINE
  5
CBD
330
17
100
AcDbEntity
  8
ENGRAVE_POLARS
100
AcDbLine
 10
-2.890220652831085
 20
-16.359754493184532
 30
0.0
 11
-2.5439760984528608
 21
-16.356678921409358
 31
0.0
  0
LINE
  5
CBE
330
17
100
AcDbEntity
  8
ENGRAVE_POLARS
100
AcDbLine
 10
-2.5439760984528608
 20
-16.356678921409358
 30
0.0
 11
-2.176939489643935
 21
-16.35329658522144
 31
0.0
  0
LINE
  5
CBF
330
17
100
AcDbEntity
  8
ENGRAVE_POLARS
100
AcDbLine
 10
-2.176939489643935
 20
-16.35329658522144
 30
0.0
 11
-1.8007119489766685
 21
-16.34974223666424
 31
0.0
  0
LINE
  5
CC0
330
17
100
AcDbEntity
  8
ENGRAVE_POLARS
100
AcDbLine
 10
-1.8007119489766685
 20
-16.34974223666424
 30
0.0
 11
-1.4268945990234176
 21
-16.34615062778122
 31
0.0
  0
LINE
  5
CC1
330
17
100
AcDbEntity
  8
ENGRAVE_POLARS
100
AcDbLine
 10
-1.4268945990234176
 20
-16.34615062778122
 30
0.0
 11
-1.067088562356544
 21
-16.342656510615846
 31
0.0
  0
LINE
  5
CC2
330
17
100
AcDbEntity
  8
ENGRAVE_POLARS
100
AcDbLine
 10
-1.067088562356544
 20
-16.342656510615846
 30
0.0
 11
-0.7328949615484067
 21
-16.339394637211576
 31
0.0
  0
LINE
  5
CC3
330
17
100
AcDbEntity
  8
ENGRAVE_POLARS
100
AcDbLine
 10
-0.7328949615484067
 20
-16.339394637211576
 30
0.0
 11
-0.43591491917136393
 21
-16.33649975961187
 31
0.0
  0
LINE
  5
CC4
330
17
100
AcDbEntity
  8
ENGRAVE_POLARS
100
AcDbLine
 10
-0.43591491917136393
 20
-16.33649975961187
 30
0.0
 11
-0.18774955779777552
 21
-16.334106629860187
 31
0.0
  0
LINE
  5
CC5
330
17
100
AcDbEntity
  8
ENGRAVE_POLARS
100
AcDbLine
 10
-0.18774955779777552
 20
-16.334106629860187
 30
0.0
 11
-1.0000680075027137e-15
 21
-16.33235
 31
0.0
  0
TEXT
  5
CC6
330
17
100
AcDbEntity
  8
ENGRAVE_TEXT
100
AcDbText
 10
9.370155245690855
 20
10.5666007782118
 30
0.0
 40
3.6
  1
20
 72
1
 11
9.370155245690855
 21
10.5666007782118
 31
0.0
100
AcDbText
 73
2
  0
TEXT
  5
CC7
330
17
100
AcDbEntity
  8
ENGRAVE_TEXT
100
AcDbText
 10
-9.370155245690855
 20
10.5666007782118
 30
0.0
 40
3.6
  1
20
 72
1
 11
-9.370155245690855
 21
10.5666007782118
 31
0.0
100
AcDbText
 73
2
  0
CIRCLE
  5
CC8
330
17
100
AcDbEntity
  8
ENGRAVE_VMG
100
AcDbCircle
 10
8.170155245690855
 20
10.1666007782118
 30
0.0
 40
0.65
  0
CIRCLE
  5
CC9
330
17
100
AcDbEntity
  8
ENGRAVE_VMG
100
AcDbCircle
 10
-8.170155245690855
 20
10.1666007782118
 30
0.0
 40
0.65
  0
CIRCLE
  5
CCA
330
17
100
AcDbEntity
  8
ENGRAVE_VMG
100
AcDbCircle
 10
3.688190763657955
 20
-16.365793101598975
 30
0.0
 40
0.65
  0
CIRCLE
  5
CCB
330
17
100
AcDbEntity
  8
ENGRAVE_VMG
100
AcDbCircle
 10
-3.688190763657955
 20
-16.365793101598975
 30
0.0
 40
0.65
  0
LINE
  5
CCC
330
17
100
AcDbEntity
  8
ENGRAVE_POLARS
100
AcDbLine
 10
7.049764972351342
 20
8.202968843254078
 30
0.0
 11
7.167329137653061
 21
8.162962377012269
 31
0.0
  0
LINE
  5
CCD
330
17
100
AcDbEntity
  8
ENGRAVE_POLARS
100
AcDbLine
 10
7.167329137653061
 20
8.162962377012269
 30
0.0
 11
7.319155885336908
 21
8.11431086055546
 31
0.0
  0
LINE
  5
CCE
330
17
100
AcDbEntity
  8
ENGRAVE_POLARS
100
AcDbLine
 10
7.319155885336908
 20
8.11431086055546
 30
0.0
 11
7.499293746335971
 21
8.057930502949066
 31
0.0
  0
LINE
  5
CCF
330
17
100
AcDbEntity
  8
ENGRAVE_POLARS
100
AcDbLine
 10
7.499293746335971
 20
8.057930502949066
 30
0.0
 11
7.701791251583335
 21
7.994737513258507
 31
0.0
  0
LINE
  5
CD0
330
17
100
AcDbEntity
  8
ENGRAVE_POLARS
100
AcDbLine
 10
7.701791251583335
 20
7.994737513258507
 30
0.0
 11
7.920696932012093
 21
7.925648100549197
 31
0.0
  0
LINE
  5
CD1
330
17
100
AcDbEntity
  8
ENGRAVE_POLARS
100
AcDbLine
 10
7.920696932012093
 20
7.925648100549197
 30
0.0
 11
8.150059318555329
 21
7.851578473886551
 31
0.0
  0
LINE
  5
CD2
330
17
100
AcDbEntity
  8
ENGRAVE_POLARS
100
AcDbLine
 10
8.150059318555329
 20
7.851578473886551
 30
0.0
 11
8.383926942146136
 21
7.773444842335987
 31
0.0
  0
LINE
  5
CD3
330
17
100
AcDbEntity
  8
ENGRAVE_POLARS
100
AcDbLine
 10
8.383926942146136
 20
7.773444842335987
 30
0.0
 11
8.616348333717598
 21
7.692163414962921
 31
0.0
  0
LINE
  5
CD4
330
17
100
AcDbEntity
  8
ENGRAVE_POLARS
100
AcDbLine
 10
8.616348333717598
 20
7.692163414962921
 30
0.0
 11
8.841372024202807
 21
7.608650400832769
 31
0.0
  0
LINE
  5
CD5
330
17
100
AcDbEntity
  8
ENGRAVE_POLARS
100
AcDbLine
 10
8.841372024202807
 20
7.608650400832769
 30
0.0
 11
9.053046544534851
 21
7.523822009010944
 31
0.0
  0
LINE
  5
CD6
330
17
100
AcDbEntity
  8
ENGRAVE_POLARS
100
AcDbLine
 10
9.053046544534851
 20
7.523822009010944
 30
0.0
 11
9.245420425646815
 21
7.438594448562865
 31
0.0
  0
LINE
  5
CD7
330
17
100
AcDbEntity
  8
ENGRAVE_POLARS
100
AcDbLine
 10
9.245420425646815
 20
7.438594448562865
 30
0.0
 11
9.41254219847179
 21
7.353883928553948
 31
0.0
  0
LINE
  5
CD8
330
17
100
AcDbEntity
  8
ENGRAVE_POLARS
100
AcDbLine
 10
9.41254219847179
 20
7.353883928553948
 30
0.0
 11
9.557494884907976
 21
7.269473140536705
 31
0.0
  0
LINE
  5
CD9
330
17
100
AcDbEntity
  8
ENGRAVE_POLARS
100
AcDbLine
 10
9.557494884907976
 20
7.269473140536705
 30
0.0
 11
9.688732919690864
 21
7.184224296518643
 31
0.0
  0
LINE
  5
CDA
330
17
100
AcDbEntity
  8
ENGRAVE_POLARS
100
AcDbLine
 10
9.688732919690864
 20
7.184224296518643
 30
0.0
 11
9.80836195300946
 21
7.097672886247674
 31
0.0
  0
LINE
  5
CDB
330
17
100
AcDbEntity
  8
ENGRAVE_POLARS
100
AcDbLine
 10
9.80836195300946
 20
7.097672886247674
 30
0.0
 11
9.91848763505279
 21
7.009354399471708
 31
0.0
  0
LINE
  5
CDC
330
17
100
AcDbEntity
  8
ENGRAVE_POLARS
100
AcDbLine
 10
9.91848763505279
 20
7.009354399471708
 30
0.0
 11
10.021215616009863
 21
6.918804325938656
 31
0.0
  0
LINE
  5
CDD
330
17
100
AcDbEntity
  8
ENGRAVE_POLARS
100
AcDbLine
 10
10.021215616009863
 20
6.918804325938656
 30
0.0
 11
10.1186515460697
 21
6.825558155396428
 31
0.0
  0
LINE
  5
CDE
330
17
100
AcDbEntity
  8
ENGRAVE_POLARS
100
AcDbLine
 10
10.1186515460697
 20
6.825558155396428
 30
0.0
 11
10.21290107542131
 21
6.729151377592931
 31
0.0
  0
LINE
  5
CDF
330
17
100
AcDbEntity
  8
ENGRAVE_POLARS
100
AcDbLine
 10
10.21290107542131
 20
6.729151377592931
 30
0.0
 11
10.306069854253716
 21
6.629119482276081
 31
0.0
  0
LINE
  5
CE0
330
17
100
AcDbEntity
  8
ENGRAVE_POLARS
100
AcDbLine
 10
10.306069854253716
 20
6.629119482276081
 30
0.0
 11
10.400263532755927
 21
6.524997959193787
 31
0.0
  0
LINE
  5
CE1
330
17
100
AcDbEntity
  8
ENGRAVE_POLARS
100
AcDbLine
 10
10.400263532755927
 20
6.524997959193787
 30
0.0
 11
10.497587761116964
 21
6.416322298093956
 31
0.0
  0
LINE
  5
CE2
330
17
100
AcDbEntity
  8
ENGRAVE_POLARS
100
AcDbLine
 10
10.497587761116964
 20
6.416322298093956
 30
0.0
 11
10.600148189525841
 21
6.302627988724502
 31
0.0
  0
LINE
  5
CE3
330
17
100
AcDbEntity
  8
ENGRAVE_POLARS
100
AcDbLine
 10
10.600148189525841
 20
6.302627988724502
 30
0.0
 11
10.710050468171572
 21
6.183450520833333
 31
0.0
  0
LINE
  5
CE4
330
17
100
AcDbEntity
  8
ENGRAVE_POLARS
100
AcDbLine
 10
10.710050468171572
 20
6.183450520833333
 30
0.0
 11
10.827941685175498
 21
6.055045861577221
 31
0.0
  0
LINE
  5
CE5
330
17
100
AcDbEntity
  8
ENGRAVE_POLARS
100
AcDbLine
 10
10.827941685175498
 20
6.055045861577221
 30
0.0
 11
10.951936550954091
 21
5.915538183058208
 31
0.0
  0
LINE
  5
CE6
330
17
100
AcDbEntity
  8
ENGRAVE_POLARS
100
AcDbLine
 10
10.951936550954091
 20
5.915538183058208
 30
0.0
 11
11.080342149139065
 21
5.767265282442115
 31
0.0
  0
LINE
  5
CE7
330
17
100
AcDbEntity
  8
ENGRAVE_POLARS
100
AcDbLine
 10
11.080342149139065
 20
5.767265282442115
 30
0.0
 11
11.211465563362133
 21
5.612564956894757
 31
0.0
  0
LINE
  5
CE8
330
17
100
AcDbEntity
  8
ENGRAVE_POLARS
100
AcDbLine
 10
11.211465563362133
 20
5.612564956894757
 30
0.0
 11
11.343613877255011
 21
5.453775003581954
 31
0.0
  0
LINE
  5
CE9
330
17
100
AcDbEntity
  8
ENGRAVE_POLARS
100
AcDbLine
 10
11.343613877255011
 20
5.453775003581954
 30
0.0
 11
11.47509417444941
 21
5.293233219669524
 31
0.0
  0
LINE
  5
CEA
330
17
100
AcDbEntity
  8
ENGRAVE_POLARS
100
AcDbLine
 10
11.47509417444941
 20
5.293233219669524
 30
0.0
 11
11.604213538577042
 21
5.133277402323286
 31
0.0
  0
LINE
  5
CEB
330
17
100
AcDbEntity
  8
ENGRAVE_POLARS
100
AcDbLine
 10
11.604213538577042
 20
5.133277402323286
 30
0.0
 11
11.729279053269625
 21
4.976245348709058
 31
0.0
  0
LINE
  5
CEC
330
17
100
AcDbEntity
  8
ENGRAVE_POLARS
100
AcDbLine
 10
11.729279053269625
 20
4.976245348709058
 30
0.0
 11
11.848597802158872
 21
4.824474855992659
 31
0.0
  0
LINE
  5
CED
330
17
100
AcDbEntity
  8
ENGRAVE_POLARS
100
AcDbLine
 10
11.848597802158872
 20
4.824474855992659
 30
0.0
 11
11.960476868876492
 21
4.680303721339907
 31
0.0
  0
LINE
  5
CEE
330
17
100
AcDbEntity
  8
ENGRAVE_POLARS
100
AcDbLine
 10
11.960476868876492
 20
4.680303721339907
 30
0.0
 11
12.063223337054206
 21
4.54606974191662
 31
0.0
  0
LINE
  5
CEF
330
17
100
AcDbEntity
  8
ENGRAVE_POLARS
100
AcDbLine
 10
12.063223337054206
 20
4.54606974191662
 30
0.0
 11
12.155144290323722
 21
4.4241107148886165
 31
0.0
  0
LINE
  5
CF0
330
17
100
AcDbEntity
  8
ENGRAVE_POLARS
100
AcDbLine
 10
12.155144290323722
 20
4.4241107148886165
 30
0.0
 11
12.23582967080226
 21
4.314344634823749
 31
0.0
  0
LINE
  5
CF1
330
17
100
AcDbEntity
  8
ENGRAVE_POLARS
100
AcDbLine
 10
12.23582967080226
 20
4.314344634823749
 30
0.0
 11
12.30686535042073
 21
4.214168992266119
 31
0.0
  0
LINE
  5
CF2
330
17
100
AcDbEntity
  8
ENGRAVE_POLARS
100
AcDbLine
 10
12.30686535042073
 20
4.214168992266119
 30
0.0
 11
12.369552307531373
 21
4.122140828345923
 31
0.0
  0
LINE
  5
CF3
330
17
100
AcDbEntity
  8
ENGRAVE_POLARS
100
AcDbLine
 10
12.369552307531373
 20
4.122140828345923
 30
0.0
 11
12.425191520486434
 21
4.03681718419336
 31
0.0
  0
LINE
  5
CF4
330
17
100
AcDbEntity
  8
ENGRAVE_POLARS
100
AcDbLine
 10
12.425191520486434
 20
4.03681718419336
 30
0.0
 11
12.475083967638161
 21
3.956755100938626
 31
0.0
  0
LINE
  5
CF5
330
17
100
AcDbEntity
  8
ENGRAVE_POLARS
100
AcDbLine
 10
12.475083967638161
 20
3.956755100938626
 30
0.0
 11
12.52053062733879
 21
3.880511619711917
 31
0.0
  0
LINE
  5
CF6
330
17
100
AcDbEntity
  8
ENGRAVE_POLARS
100
AcDbLine
 10
12.52053062733879
 20
3.880511619711917
 30
0.0
 11
12.562832477940573
 21
3.806643781643429
 31
0.0
  0
LINE
  5
CF7
330
17
100
AcDbEntity
  8
ENGRAVE_POLARS
100
AcDbLine
 10
12.562832477940573
 20
3.806643781643429
 30
0.0
 11
12.603290497795753
 21
3.7337086278633604
 31
0.0
  0
LINE
  5
CF8
330
17
100
AcDbEntity
  8
ENGRAVE_POLARS
100
AcDbLine
 10
12.603290497795753
 20
3.7337086278633604
 30
0.0
 11
12.643205665256573
 21
3.660263199501908
 31
0.0
  0
LINE
  5
CF9
330
17
100
AcDbEntity
  8
ENGRAVE_POLARS
100
AcDbLine
 10
12.643205665256573
 20
3.660263199501908
 30
0.0
 11
12.683878958675276
 21
3.584864537689266
 31
0.0
  0
LINE
  5
CFA
330
17
100
AcDbEntity
  8
ENGRAVE_POLARS
100
AcDbLine
 10
12.683878958675276
 20
3.584864537689266
 30
0.0
 11
12.726611356404106
 21
3.506069683555633
 31
0.0
  0
LINE
  5
CFB
330
17
100
AcDbEntity
  8
ENGRAVE_POLARS
100
AcDbLine
 10
12.726611356404106
 20
3.506069683555633
 30
0.0
 11
12.772703836795314
 21
3.4224356782312064
 31
0.0
  0
LINE
  5
CFC
330
17
100
AcDbEntity
  8
ENGRAVE_POLARS
100
AcDbLine
 10
12.772703836795314
 20
3.4224356782312064
 30
0.0
 11
12.819491393343167
 21
3.3394611117062585
 31
0.0
  0
LINE
  5
CFD
330
17
100
AcDbEntity
  8
ENGRAVE_POLARS
100
AcDbLine
 10
12.819491393343167
 20
3.3394611117062585
 30
0.0
 11
12.863858863705211
 21
3.2622192236507503
 31
0.0
  0
LINE
  5
CFE
330
17
100
AcDbEntity
  8
ENGRAVE_POLARS
100
AcDbLine
 10
12.863858863705211
 20
3.2622192236507503
 30
0.0
 11
12.906431992478595
 21
3.1886290297144066
 31
0.0
  0
LINE
  5
CFF
330
17
100
AcDbEntity
  8
ENGRAVE_POLARS
100
AcDbLine
 10
12.906431992478595
 20
3.1886290297144066
 30
0.0
 11
12.947836524260468
 21
3.1166095455469525
 31
0.0
  0
LINE
  5
D00
330
17
100
AcDbEntity
  8
ENGRAVE_POLARS
100
AcDbLine
 10
12.947836524260468
 20
3.1166095455469525
 30
0.0
 11
12.988698203647985
 21
3.044079786798114
 31
0.0
  0
LINE
  5
D01
330
17
100
AcDbEntity
  8
ENGRAVE_POLARS
100
AcDbLine
 10
12.988698203647985
 20
3.044079786798114
 30
0.0
 11
13.029642775238292
 21
2.9689587691176165
 31
0.0
  0
LINE
  5
D02
330
17
100
AcDbEntity
  8
ENGRAVE_POLARS
100
AcDbLine
 10
13.029642775238292
 20
2.9689587691176165
 30
0.0
 11
13.071295983628536
 21
2.8891655081551844
 31
0.0
  0
LINE
  5
D03
330
17
100
AcDbEntity
  8
ENGRAVE_POLARS
100
AcDbLine
 10
13.071295983628536
 20
2.8891655081551844
 30
0.0
 11
13.114283573415868
 21
2.8026190195605434
 31
0.0
  0
LINE
  5
D04
330
17
100
AcDbEntity
  8
ENGRAVE_POLARS
100
AcDbLine
 10
13.114283573415868
 20
2.8026190195605434
 30
0.0
 11
13.159231289197445
 21
2.7072383189834204
 31
0.0
  0
LINE
  5
D05
330
17
100
AcDbEntity
  8
ENGRAVE_POLARS
100
AcDbLine
 10
13.159231289197445
 20
2.7072383189834204
 30
0.0
 11
13.206764875570407
 21
2.6009424220735387
 31
0.0
  0
LINE
  5
D06
330
17
100
AcDbEntity
  8
ENGRAVE_POLARS
100
AcDbLine
 10
13.206764875570407
 20
2.6009424220735387
 30
0.0
 11
13.257510077131908
 21
2.4816503444806237
 31
0.0
  0
LINE
  5
D07
330
17
100
AcDbEntity
  8
ENGRAVE_POLARS
100
AcDbLine
 10
13.257510077131908
 20
2.4816503444806237
 30
0.0
 11
13.312092638479099
 21
2.3472811018544024
 31
0.0
  0
LINE
  5
D08
330
17
100
AcDbEntity
  8
ENGRAVE_POLARS
100
AcDbLine
 10
13.312092638479099
 20
2.3472811018544024
 30
0.0
 11
13.373518729088573
 21
2.205034891979243
 31
0.0
  0
LINE
  5
D09
330
17
100
AcDbEntity
  8
ENGRAVE_POLARS
100
AcDbLine
 10
13.373518729088573
 20
2.205034891979243
 30
0.0
 11
13.443018735430362
 21
2.0617638236455
 31
0.0
  0
LINE
  5
D0A
330
17
100
AcDbEntity
  8
ENGRAVE_POLARS
100
AcDbLine
 10
13.443018735430362
 20
2.0617638236455
 30
0.0
 11
13.518554727591777
 21
1.9148647790118725
 31
0.0
  0
LINE
  5
D0B
330
17
100
AcDbEntity
  8
ENGRAVE_POLARS
100
AcDbLine
 10
13.518554727591777
 20
1.9148647790118725
 30
0.0
 11
13.598088775660125
 21
1.761734640237061
 31
0.0
  0
LINE
  5
D0C
330
17
100
AcDbEntity
  8
ENGRAVE_POLARS
100
AcDbLine
 10
13.598088775660125
 20
1.761734640237061
 30
0.0
 11
13.679582949722711
 21
1.5997702894797667
 31
0.0
  0
LINE
  5
D0D
330
17
100
AcDbEntity
  8
ENGRAVE_POLARS
100
AcDbLine
 10
13.679582949722711
 20
1.5997702894797667
 30
0.0
 11
13.760999319866844
 21
1.4263686088986898
 31
0.0
  0
LINE
  5
D0E
330
17
100
AcDbEntity
  8
ENGRAVE_POLARS
100
AcDbLine
 10
13.760999319866844
 20
1.4263686088986898
 30
0.0
 11
13.840299956179827
 21
1.2389264806525295
 31
0.0
  0
LINE
  5
D0F
330
17
100
AcDbEntity
  8
ENGRAVE_POLARS
100
AcDbLine
 10
13.840299956179827
 20
1.2389264806525295
 30
0.0
 11
13.915446928748977
 21
1.034840786899987
 31
0.0
  0
LINE
  5
D10
330
17
100
AcDbEntity
  8
ENGRAVE_POLARS
100
AcDbLine
 10
13.915446928748977
 20
1.034840786899987
 30
0.0
 11
13.984402307661595
 21
0.8115084097997627
 31
0.0
  0
LINE
  5
D11
330
17
100
AcDbEntity
  8
ENGRAVE_POLARS
100
AcDbLine
 10
13.984402307661595
 20
0.8115084097997627
 30
0.0
 11
14.04512816300499
 21
0.5663262315105563
 31
0.0
  0
LINE
  5
D12
330
17
100
AcDbEntity
  8
ENGRAVE_POLARS
100
AcDbLine
 10
14.04512816300499
 20
0.5663262315105563
 30
0.0
 11
14.095586564866466
 21
0.29669113419106863
 31
0.0
  0
LINE
  5
D13
330
17
100
AcDbEntity
  8
ENGRAVE_POLARS
100
AcDbLine
 10
14.095586564866466
 20
0.29669113419106863
 30
0.0
 11
14.133739583333334
 21
0.0
 31
0.0
  0
LINE
  5
D14
330
17
100
AcDbEntity
  8
ENGRAVE_POLARS
100
AcDbLine
 10
14.133739583333334
 20
0.0
 30
0.0
 11
14.158565228231947
 21
-0.33607669799586604
 31
0.0
  0
LINE
  5
D15
330
17
100
AcDbEntity
  8
ENGRAVE_POLARS
100
AcDbLine
 10
14.158565228231947
 20
-0.33607669799586604
 30
0.0
 11
14.171636338447462
 21
-0.7165452574726127
 31
0.0
  0
LINE
  5
D16
330
17
100
AcDbEntity
  8
ENGRAVE_POLARS
100
AcDbLine
 10
14.171636338447462
 20
-0.7165452574726127
 30
0.0
 11
14.174807227655405
 21
-1.1330239523858405
 31
0.0
  0
LINE
  5
D17
330
17
100
AcDbEntity
  8
ENGRAVE_POLARS
100
AcDbLine
 10
14.174807227655405
 20
-1.1330239523858405
 30
0.0
 11
14.169932209531291
 21
-1.5771310566911498
 31
0.0
  0
LINE
  5
D18
330
17
100
AcDbEntity
  8
ENGRAVE_POLARS
100
AcDbLine
 10
14.169932209531291
 20
-1.5771310566911498
 30
0.0
 11
14.15886559775065
 21
-2.0404848443441415
 31
0.0
  0
LINE
  5
D19
330
17
100
AcDbEntity
  8
ENGRAVE_POLARS
100
AcDbLine
 10
14.15886559775065
 20
-2.0404848443441415
 30
0.0
 11
14.143461705989
 21
-2.5147035893004146
 31
0.0
  0
LINE
  5
D1A
330
17
100
AcDbEntity
  8
ENGRAVE_POLARS
100
AcDbLine
 10
14.143461705989
 20
-2.5147035893004146
 30
0.0
 11
14.12557484792186
 21
-2.9914055655155725
 31
0.0
  0
LINE
  5
D1B
330
17
100
AcDbEntity
  8
ENGRAVE_POLARS
100
AcDbLine
 10
14.12557484792186
 20
-2.9914055655155725
 30
0.0
 11
14.107059337224753
 21
-3.4622090469452127
 31
0.0
  0
LINE
  5
D1C
330
17
100
AcDbEntity
  8
ENGRAVE_POLARS
100
AcDbLine
 10
14.107059337224753
 20
-3.4622090469452127
 30
0.0
 11
14.089769487573205
 21
-3.9187323075449374
 31
0.0
  0
LINE
  5
D1D
330
17
100
AcDbEntity
  8
ENGRAVE_POLARS
100
AcDbLine
 10
14.089769487573205
 20
-3.9187323075449374
 30
0.0
 11
14.075559612642731
 21
-4.352593621270346
 31
0.0
  0
LINE
  5
D1E
330
17
100
AcDbEntity
  8
ENGRAVE_POLARS
100
AcDbLine
 10
14.075559612642731
 20
-4.352593621270346
 30
0.0
 11
14.066284026108855
 21
-4.75541126207704
 31
0.0
  0
LINE
  5
D1F
330
17
100
AcDbEntity
  8
ENGRAVE_POLARS
100
AcDbLine
 10
14.066284026108855
 20
-4.75541126207704
 30
0.0
 11
14.063797041647101
 21
-5.118803503920619
 31
0.0
  0
LINE
  5
D20
330
17
100
AcDbEntity
  8
ENGRAVE_POLARS
100
AcDbLine
 10
14.063797041647101
 20
-5.118803503920619
 30
0.0
 11
14.067807918039904
 21
-5.4376605215461495
 31
0.0
  0
LINE
  5
D21
330
17
100
AcDbEntity
  8
ENGRAVE_POLARS
100
AcDbLine
 10
14.067807918039904
 20
-5.4376605215461495
 30
0.0
 11
14.076108750502792
 21
-5.7178743091125614
 31
0.0
  0
LINE
  5
D22
330
17
100
AcDbEntity
  8
ENGRAVE_POLARS
100
AcDbLine
 10
14.076108750502792
 20
-5.7178743091125614
 30
0.0
 11
14.087678107360924
 21
-5.967565869696258
 31
0.0
  0
LINE
  5
D23
330
17
100
AcDbEntity
  8
ENGRAVE_POLARS
100
AcDbLine
 10
14.087678107360924
 20
-5.967565869696258
 30
0.0
 11
14.101494556939452
 21
-6.194856206373638
 31
0.0
  0
LINE
  5
D24
330
17
100
AcDbEntity
  8
ENGRAVE_POLARS
100
AcDbLine
 10
14.101494556939452
 20
-6.194856206373638
 30
0.0
 11
14.116536667563537
 21
-6.4078663222211025
 31
0.0
  0
LINE
  5
D25
330
17
100
AcDbEntity
  8
ENGRAVE_POLARS
100
AcDbLine
 10
14.116536667563537
 20
-6.4078663222211025
 30
0.0
 11
14.131783007558333
 21
-6.6147172203150495
 31
0.0
  0
LINE
  5
D26
330
17
100
AcDbEntity
  8
ENGRAVE_POLARS
100
AcDbLine
 10
14.131783007558333
 20
-6.6147172203150495
 30
0.0
 11
14.146212145248997
 21
-6.823529903731883
 31
0.0
  0
LINE
  5
D27
330
17
100
AcDbEntity
  8
ENGRAVE_POLARS
100
AcDbLine
 10
14.146212145248997
 20
-6.823529903731883
 30
0.0
 11
14.158802648960688
 21
-7.0424253755479995
 31
0.0
  0
LINE
  5
D28
330
17
100
AcDbEntity
  8
ENGRAVE_POLARS
100
AcDbLine
 10
14.158802648960688
 20
-7.0424253755479995
 30
0.0
 11
14.16853308701856
 21
-7.2795246388398045
 31
0.0
  0
LINE
  5
D29
330
17
100
AcDbEntity
  8
ENGRAVE_POLARS
100
AcDbLine
 10
14.16853308701856
 20
-7.2795246388398045
 30
0.0
 11
14.174382027747772
 21
-7.542948696683694
 31
0.0
  0
LINE
  5
D2A
330
17
100
AcDbEntity
  8
ENGRAVE_POLARS
100
AcDbLine
 10
14.174382027747772
 20
-7.542948696683694
 30
0.0
 11
14.175328039473476
 21
-7.840818552156069
 31
0.0
  0
LINE
  5
D2B
330
17
100
AcDbEntity
  8
ENGRAVE_POLARS
100
AcDbLine
 10
14.175328039473476
 20
-7.840818552156069
 30
0.0
 11
14.170349690520833
 21
-8.181255208333331
 31
0.0
  0
LINE
  5
D2C
330
17
100
AcDbEntity
  8
ENGRAVE_POLARS
100
AcDbLine
 10
14.170349690520833
 20
-8.181255208333331
 30
0.0
 11
14.162272038070903
 21
-8.573235187715776
 31
0.0
  0
LINE
  5
D2D
330
17
100
AcDbEntity
  8
ENGRAVE_POLARS
100
AcDbLine
 10
14.162272038070903
 20
-8.573235187715776
 30
0.0
 11
14.154007134884184
 21
-9.013611546720254
 31
0.0
  0
LINE
  5
D2E
330
17
100
AcDbEntity
  8
ENGRAVE_POLARS
100
AcDbLine
 10
14.154007134884184
 20
-9.013611546720254
 30
0.0
 11
14.144664042655005
 21
-9.492320089297976
 31
0.0
  0
LINE
  5
D2F
330
17
100
AcDbEntity
  8
ENGRAVE_POLARS
100
AcDbLine
 10
14.144664042655005
 20
-9.492320089297976
 30
0.0
 11
14.133351823077684
 21
-9.999296619400166
 31
0.0
  0
LINE
  5
D30
330
17
100
AcDbEntity
  8
ENGRAVE_POLARS
100
AcDbLine
 10
14.133351823077684
 20
-9.999296619400166
 30
0.0
 11
14.119179537846543
 21
-10.524476940978042
 31
0.0
  0
LINE
  5
D31
330
17
100
AcDbEntity
  8
ENGRAVE_POLARS
100
AcDbLine
 10
14.119179537846543
 20
-10.524476940978042
 30
0.0
 11
14.101256248655911
 21
-11.057796857982822
 31
0.0
  0
LINE
  5
D32
330
17
100
AcDbEntity
  8
ENGRAVE_POLARS
100
AcDbLine
 10
14.101256248655911
 20
-11.057796857982822
 30
0.0
 11
14.0786910172001
 21
-11.589192174365724
 31
0.0
  0
LINE
  5
D33
330
17
100
AcDbEntity
  8
ENGRAVE_POLARS
100
AcDbLine
 10
14.0786910172001
 20
-11.589192174365724
 30
0.0
 11
14.050592905173442
 21
-12.108598694077969
 31
0.0
  0
LINE
  5
D34
330
17
100
AcDbEntity
  8
ENGRAVE_POLARS
100
AcDbLine
 10
14.050592905173442
 20
-12.108598694077969
 30
0.0
 11
14.016070974270255
 21
-12.605952221070774
 31
0.0
  0
LINE
  5
D35
330
17
100
AcDbEntity
  8
ENGRAVE_POLARS
100
AcDbLine
 10
14.016070974270255
 20
-12.605952221070774
 30
0.0
 11
13.974234286184863
 21
-13.071188559295361
 31
0.0
  0
LINE
  5
D36
330
17
100
AcDbEntity
  8
ENGRAVE_POLARS
100
AcDbLine
 10
13.974234286184863
 20
-13.071188559295361
 30
0.0
 11
13.924191902611586
 21
-13.494243512702944
 31
0.0
  0
LINE
  5
D37
330
17
100
AcDbEntity
  8
ENGRAVE_POLARS
100
AcDbLine
 10
13.924191902611586
 20
-13.494243512702944
 30
0.0
 11
13.865052885244749
 21
-13.865052885244747
 31
0.0
  0
LINE
  5
D38
330
17
100
AcDbEntity
  8
ENGRAVE_POLARS
100
AcDbLine
 10
13.865052885244749
 20
-13.865052885244747
 30
0.0
 11
13.802126655908138
 21
-14.19497182372609
 31
0.0
  0
LINE
  5
D39
330
17
100
AcDbEntity
  8
ENGRAVE_POLARS
100
AcDbLine
 10
13.802126655908138
 20
-14.19497182372609
 30
0.0
 11
13.739763870277635
 21
-14.502205453621759
 31
0.0
  0
LINE
  5
D3A
330
17
100
AcDbEntity
  8
ENGRAVE_POLARS
100
AcDbLine
 10
13.739763870277635
 20
-14.502205453621759
 30
0.0
 11
13.675635440825692
 21
-14.786964546887166
 31
0.0
  0
LINE
  5
D3B
330
17
100
AcDbEntity
  8
ENGRAVE_POLARS
100
AcDbLine
 10
13.675635440825692
 20
-14.786964546887166
 30
0.0
 11
13.607412280024764
 21
-15.049459875477725
 31
0.0
  0
LINE
  5
D3C
330
17
100
AcDbEntity
  8
ENGRAVE_POLARS
100
AcDbLine
 10
13.607412280024764
 20
-15.049459875477725
 30
0.0
 11
13.532765300347306
 21
-15.289902211348842
 31
0.0
  0
LINE
  5
D3D
330
17
100
AcDbEntity
  8
ENGRAVE_POLARS
100
AcDbLine
 10
13.532765300347306
 20
-15.289902211348842
 30
0.0
 11
13.44936541426578
 21
-15.50850232645593
 31
0.0
  0
LINE
  5
D3E
330
17
100
AcDbEntity
  8
ENGRAVE_POLARS
100
AcDbLine
 10
13.44936541426578
 20
-15.50850232645593
 30
0.0
 11
13.354883534252632
 21
-15.705470992754401
 31
0.0
  0
LINE
  5
D3F
330
17
100
AcDbEntity
  8
ENGRAVE_POLARS
100
AcDbLine
 10
13.354883534252632
 20
-15.705470992754401
 30
0.0
 11
13.246990572780323
 21
-15.881018982199675
 31
0.0
  0
LINE
  5
D40
330
17
100
AcDbEntity
  8
ENGRAVE_POLARS
100
AcDbLine
 10
13.246990572780323
 20
-15.881018982199675
 30
0.0
 11
13.12335744232131
 21
-16.035357066747153
 31
0.0
  0
LINE
  5
D41
330
17
100
AcDbEntity
  8
ENGRAVE_POLARS
100
AcDbLine
 10
13.12335744232131
 20
-16.035357066747153
 30
0.0
 11
12.981655055348046
 21
-16.168696018352247
 31
0.0
  0
LINE
  5
D42
330
17
100
AcDbEntity
  8
ENGRAVE_POLARS
100
AcDbLine
 10
12.981655055348046
 20
-16.168696018352247
 30
0.0
 11
12.819554324332984
 21
-16.281246608970374
 31
0.0
  0
LINE
  5
D43
330
17
100
AcDbEntity
  8
ENGRAVE_POLARS
100
AcDbLine
 10
12.819554324332984
 20
-16.281246608970374
 30
0.0
 11
12.634726161748581
 21
-16.37321961055694
 31
0.0
  0
LINE
  5
D44
330
17
100
AcDbEntity
  8
ENGRAVE_POLARS
100
AcDbLine
 10
12.634726161748581
 20
-16.37321961055694
 30
0.0
 11
12.42747436255681
 21
-16.434196162368902
 31
0.0
  0
LINE
  5
D45
330
17
100
AcDbEntity
  8
ENGRAVE_POLARS
100
AcDbLine
 10
12.42747436255681
 20
-16.434196162368902
 30
0.0
 11
12.200533073581692
 21
-16.457316147254776
 31
0.0
  0
LINE
  5
D46
330
17
100
AcDbEntity
  8
ENGRAVE_POLARS
100
AcDbLine
 10
12.200533073581692
 20
-16.457316147254776
 30
0.0
 11
11.955218735088776
 21
-16.448128452557324
 31
0.0
  0
LINE
  5
D47
330
17
100
AcDbEntity
  8
ENGRAVE_POLARS
100
AcDbLine
 10
11.955218735088776
 20
-16.448128452557324
 30
0.0
 11
11.692847787343608
 21
-16.412181965619315
 31
0.0
  0
LINE
  5
D48
330
17
100
AcDbEntity
  8
ENGRAVE_POLARS
100
AcDbLine
 10
11.692847787343608
 20
-16.412181965619315
 30
0.0
 11
11.414736670611736
 21
-16.35502557378351
 31
0.0
  0
LINE
  5
D49
330
17
100
AcDbEntity
  8
ENGRAVE_POLARS
100
AcDbLine
 10
11.414736670611736
 20
-16.35502557378351
 30
0.0
 11
11.122201825158701
 21
-16.28220816439268
 31
0.0
  0
LINE
  5
D4A
330
17
100
AcDbEntity
  8
ENGRAVE_POLARS
100
AcDbLine
 10
11.122201825158701
 20
-16.28220816439268
 30
0.0
 11
10.81655969125005
 21
-16.19927862478959
 31
0.0
  0
LINE
  5
D4B
330
17
100
AcDbEntity
  8
ENGRAVE_POLARS
100
AcDbLine
 10
10.81655969125005
 20
-16.19927862478959
 30
0.0
 11
10.49912670915133
 21
-16.111785842317
 31
0.0
  0
LINE
  5
D4C
330
17
100
AcDbEntity
  8
ENGRAVE_POLARS
100
AcDbLine
 10
10.49912670915133
 20
-16.111785842317
 30
0.0
 11
10.17121931912809
 21
-16.025278704317678
 31
0.0
  0
LINE
  5
D4D
330
17
100
AcDbEntity
  8
ENGRAVE_POLARS
100
AcDbLine
 10
10.17121931912809
 20
-16.025278704317678
 30
0.0
 11
9.834153961445866
 21
-15.945306098134386
 31
0.0
  0
LINE
  5
D4E
330
17
100
AcDbEntity
  8
ENGRAVE_POLARS
100
AcDbLine
 10
9.834153961445866
 20
-15.945306098134386
 30
0.0
 11
9.48924707637021
 21
-15.87741691110989
 31
0.0
  0
LINE
  5
D4F
330
17
100
AcDbEntity
  8
ENGRAVE_POLARS
100
AcDbLine
 10
9.48924707637021
 20
-15.87741691110989
 30
0.0
 11
9.13781510416667
 21
-15.827160030586962
 31
0.0
  0
LINE
  5
D50
330
17
100
AcDbEntity
  8
ENGRAVE_POLARS
100
AcDbLine
 10
9.13781510416667
 20
-15.827160030586962
 30
0.0
 11
8.770743938721528
 21
-15.78788774353455
 31
0.0
  0
LINE
  5
D51
330
17
100
AcDbEntity
  8
ENGRAVE_POLARS
100
AcDbLine
 10
8.770743938721528
 20
-15.78788774353455
 30
0.0
 11
8.380797577672741
 21
-15.749316355468073
 31
0.0
  0
LINE
  5
D52
330
17
100
AcDbEntity
  8
ENGRAVE_POLARS
100
AcDbLine
 10
8.380797577672741
 20
-15.749316355468073
 30
0.0
 11
7.972109616913348
 21
-15.71154078154997
 31
0.0
  0
LINE
  5
D53
330
17
100
AcDbEntity
  8
ENGRAVE_POLARS
100
AcDbLine
 10
7.972109616913348
 20
-15.71154078154997
 30
0.0
 11
7.548813652336388
 21
-15.674655936942692
 31
0.0
  0
LINE
  5
D54
330
17
100
AcDbEntity
  8
ENGRAVE_POLARS
100
AcDbLine
 10
7.548813652336388
 20
-15.674655936942692
 30
0.0
 11
7.1150432798349055
 21
-15.63875673680868
 31
0.0
  0
LINE
  5
D55
330
17
100
AcDbEntity
  8
ENGRAVE_POLARS
100
AcDbLine
 10
7.1150432798349055
 20
-15.63875673680868
 30
0.0
 11
6.674932095301939
 21
-15.603938096310381
 31
0.0
  0
LINE
  5
D56
330
17
100
AcDbEntity
  8
ENGRAVE_POLARS
100
AcDbLine
 10
6.674932095301939
 20
-15.603938096310381
 30
0.0
 11
6.23261369463053
 21
-15.570294930610235
 31
0.0
  0
LINE
  5
D57
330
17
100
AcDbEntity
  8
ENGRAVE_POLARS
100
AcDbLine
 10
6.23261369463053
 20
-15.570294930610235
 30
0.0
 11
5.79222167371372
 21
-15.537922154870694
 31
0.0
  0
LINE
  5
D58
330
17
100
AcDbEntity
  8
ENGRAVE_POLARS
100
AcDbLine
 10
5.79222167371372
 20
-15.537922154870694
 30
0.0
 11
5.357889628444551
 21
-15.5069146842542
 31
0.0
  0
LINE
  5
D59
330
17
100
AcDbEntity
  8
ENGRAVE_POLARS
100
AcDbLine
 10
5.357889628444551
 20
-15.5069146842542
 30
0.0
 11
4.933751154716061
 21
-15.477367433923195
 31
0.0
  0
LINE
  5
D5A
330
17
100
AcDbEntity
  8
ENGRAVE_POLARS
100
AcDbLine
 10
4.933751154716061
 20
-15.477367433923195
 30
0.0
 11
4.523939848421293
 21
-15.449375319040131
 31
0.0
  0
LINE
  5
D5B
330
17
100
AcDbEntity
  8
ENGRAVE_POLARS
100
AcDbLine
 10
4.523939848421293
 20
-15.449375319040131
 30
0.0
 11
4.132589305453287
 21
-15.423033254767446
 31
0.0
  0
LINE
  5
D5C
330
17
100
AcDbEntity
  8
ENGRAVE_POLARS
100
AcDbLine
 10
4.132589305453287
 20
-15.423033254767446
 30
0.0
 11
3.7445009900554265
 21
-15.398195753304455
 31
0.0
  0
LINE
  5
D5D
330
17
100
AcDbEntity
  8
ENGRAVE_POLARS
100
AcDbLine
 10
3.7445009900554265
 20
-15.398195753304455
 30
0.0
 11
3.345493729408367
 21
-15.374666687691684
 31
0.0
  0
LINE
  5
D5E
330
17
100
AcDbEntity
  8
ENGRAVE_POLARS
100
AcDbLine
 10
3.345493729408367
 20
-15.374666687691684
 30
0.0
 11
2.941227163811053
 21
-15.352465014353417
 31
0.0
  0
LINE
  5
D5F
330
17
100
AcDbEntity
  8
ENGRAVE_POLARS
100
AcDbLine
 10
2.941227163811053
 20
-15.352465014353417
 30
0.0
 11
2.5373609335624328
 21
-15.331609689713918
 31
0.0
  0
LINE
  5
D60
330
17
100
AcDbEntity
  8
ENGRAVE_POLARS
100
AcDbLine
 10
2.5373609335624328
 20
-15.331609689713918
 30
0.0
 11
2.1395546789614523
 21
-15.312119670197468
 31
0.0
  0
LINE
  5
D61
330
17
100
AcDbEntity
  8
ENGRAVE_POLARS
100
AcDbLine
 10
2.1395546789614523
 20
-15.312119670197468
 30
0.0
 11
1.7534680403070575
 21
-15.294013912228339
 31
0.0
  0
LINE
  5
D62
330
17
100
AcDbEntity
  8
ENGRAVE_POLARS
100
AcDbLine
 10
1.7534680403070575
 20
-15.294013912228339
 30
0.0
 11
1.3847606578981952
 21
-15.277311372230802
 31
0.0
  0
LINE
  5
D63
330
17
100
AcDbEntity
  8
ENGRAVE_POLARS
100
AcDbLine
 10
1.3847606578981952
 20
-15.277311372230802
 30
0.0
 11
1.0390921720338115
 21
-15.262031006629138
 31
0.0
  0
LINE
  5
D64
330
17
100
AcDbEntity
  8
ENGRAVE_POLARS
100
AcDbLine
 10
1.0390921720338115
 20
-15.262031006629138
 30
0.0
 11
0.7221222230128546
 21
-15.248191771847617
 31
0.0
  0
LINE
  5
D65
330
17
100
AcDbEntity
  8
ENGRAVE_POLARS
100
AcDbLine
 10
0.7221222230128546
 20
-15.248191771847617
 30
0.0
 11
0.4395104511342693
 21
-15.235812624310515
 31
0.0
  0
LINE
  5
D66
330
17
100
AcDbEntity
  8
ENGRAVE_POLARS
100
AcDbLine
 10
0.4395104511342693
 20
-15.235812624310515
 30
0.0
 11
0.19691649669700226
 21
-15.224912520442107
 31
0.0
  0
LINE
  5
D67
330
17
100
AcDbEntity
  8
ENGRAVE_POLARS
100
AcDbLine
 10
0.19691649669700226
 20
-15.224912520442107
 30
0.0
 11
9.316813064582022e-16
 21
-15.215510416666667
 31
0.0
  0
LINE
  5
D68
330
17
100
AcDbEntity
  8
ENGRAVE_POLARS
100
AcDbLine
 10
-7.049764972351342
 20
8.202968843254078
 30
0.0
 11
-7.167329137653061
 21
8.162962377012269
 31
0.0
  0
LINE
  5
D69
330
17
100
AcDbEntity
  8
ENGRAVE_POLARS
100
AcDbLine
 10
-7.167329137653061
 20
8.162962377012269
 30
0.0
 11
-7.319155885336908
 21
8.11431086055546
 31
0.0
  0
LINE
  5
D6A
330
17
100
AcDbEntity
  8
ENGRAVE_POLARS
100
AcDbLine
 10
-7.319155885336908
 20
8.11431086055546
 30
0.0
 11
-7.499293746335971
 21
8.057930502949066
 31
0.0
  0
LINE
  5
D6B
330
17
100
AcDbEntity
  8
ENGRAVE_POLARS
100
AcDbLine
 10
-7.499293746335971
 20
8.057930502949066
 30
0.0
 11
-7.701791251583335
 21
7.994737513258507
 31
0.0
  0
LINE
  5
D6C
330
17
100
AcDbEntity
  8
ENGRAVE_POLARS
100
AcDbLine
 10
-7.701791251583335
 20
7.994737513258507
 30
0.0
 11
-7.920696932012093
 21
7.925648100549197
 31
0.0
  0
LINE
  5
D6D
330
17
100
AcDbEntity
  8
ENGRAVE_POLARS
100
AcDbLine
 10
-7.920696932012093
 20
7.925648100549197
 30
0.0
 11
-8.150059318555329
 21
7.851578473886551
 31
0.0
  0
LINE
  5
D6E
330
17
100
AcDbEntity
  8
ENGRAVE_POLARS
100
AcDbLine
 10
-8.150059318555329
 20
7.851578473886551
 30
0.0
 11
-8.383926942146136
 21
7.773444842335987
 31
0.0
  0
LINE
  5
D6F
330
17
100
AcDbEntity
  8
ENGRAVE_POLARS
100
AcDbLine
 10
-8.383926942146136
 20
7.773444842335987
 30
0.0
 11
-8.616348333717598
 21
7.692163414962921
 31
0.0
  0
LINE
  5
D70
330
17
100
AcDbEntity
  8
ENGRAVE_POLARS
100
AcDbLine
 10
-8.616348333717598
 20
7.692163414962921
 30
0.0
 11
-8.841372024202807
 21
7.608650400832769
 31
0.0
  0
LINE
  5
D71
330
17
100
AcDbEntity
  8
ENGRAVE_POLARS
100
AcDbLine
 10
-8.841372024202807
 20
7.608650400832769
 30
0.0
 11
-9.053046544534851
 21
7.523822009010944
 31
0.0
  0
LINE
  5
D72
330
17
100
AcDbEntity
  8
ENGRAVE_POLARS
100
AcDbLine
 10
-9.053046544534851
 20
7.523822009010944
 30
0.0
 11
-9.245420425646815
 21
7.438594448562865
 31
0.0
  0
LINE
  5
D73
330
17
100
AcDbEntity
  8
ENGRAVE_POLARS
100
AcDbLine
 10
-9.245420425646815
 20
7.438594448562865
 30
0.0
 11
-9.41254219847179
 21
7.353883928553948
 31
0.0
  0
LINE
  5
D74
330
17
100
AcDbEntity
  8
ENGRAVE_POLARS
100
AcDbLine
 10
-9.41254219847179
 20
7.353883928553948
 30
0.0
 11
-9.557494884907976
 21
7.269473140536705
 31
0.0
  0
LINE
  5
D75
330
17
100
AcDbEntity
  8
ENGRAVE_POLARS
100
AcDbLine
 10
-9.557494884907976
 20
7.269473140536705
 30
0.0
 11
-9.688732919690864
 21
7.184224296518643
 31
0.0
  0
LINE
  5
D76
330
17
100
AcDbEntity
  8
ENGRAVE_POLARS
100
AcDbLine
 10
-9.688732919690864
 20
7.184224296518643
 30
0.0
 11
-9.80836195300946
 21
7.097672886247674
 31
0.0
  0
LINE
  5
D77
330
17
100
AcDbEntity
  8
ENGRAVE_POLARS
100
AcDbLine
 10
-9.80836195300946
 20
7.097672886247674
 30
0.0
 11
-9.91848763505279
 21
7.009354399471708
 31
0.0
  0
LINE
  5
D78
330
17
100
AcDbEntity
  8
ENGRAVE_POLARS
100
AcDbLine
 10
-9.91848763505279
 20
7.009354399471708
 30
0.0
 11
-10.021215616009863
 21
6.918804325938656
 31
0.0
  0
LINE
  5
D79
330
17
100
AcDbEntity
  8
ENGRAVE_POLARS
100
AcDbLine
 10
-10.021215616009863
 20
6.918804325938656
 30
0.0
 11
-10.1186515460697
 21
6.825558155396428
 31
0.0
  0
LINE
  5
D7A
330
17
100
AcDbEntity
  8
ENGRAVE_POLARS
100
AcDbLine
 10
-10.1186515460697
 20
6.825558155396428
 30
0.0
 11
-10.21290107542131
 21
6.729151377592931
 31
0.0
  0
LINE
  5
D7B
330
17
100
AcDbEntity
  8
ENGRAVE_POLARS
100
AcDbLine
 10
-10.21290107542131
 20
6.729151377592931
 30
0.0
 11
-10.306069854253716
 21
6.629119482276081
 31
0.0
  0
LINE
  5
D7C
330
17
100
AcDbEntity
  8
ENGRAVE_POLARS
100
AcDbLine
 10
-10.306069854253716
 20
6.629119482276081
 30
0.0
 11
-10.400263532755927
 21
6.524997959193787
 31
0.0
  0
LINE
  5
D7D
330
17
100
AcDbEntity
  8
ENGRAVE_POLARS
100
AcDbLine
 10
-10.400263532755927
 20
6.524997959193787
 30
0.0
 11
-10.497587761116964
 21
6.416322298093956
 31
0.0
  0
LINE
  5
D7E
330
17
100
AcDbEntity
  8
ENGRAVE_POLARS
100
AcDbLine
 10
-10.497587761116964
 20
6.416322298093956
 30
0.0
 11
-10.600148189525841
 21
6.302627988724502
 31
0.0
  0
LINE
  5
D7F
330
17
100
AcDbEntity
  8
ENGRAVE_POLARS
100
AcDbLine
 10
-10.600148189525841
 20
6.302627988724502
 30
0.0
 11
-10.710050468171572
 21
6.183450520833333
 31
0.0
  0
LINE
  5
D80
330
17
100
AcDbEntity
  8
ENGRAVE_POLARS
100
AcDbLine
 10
-10.710050468171572
 20
6.183450520833333
 30
0.0
 11
-10.827941685175498
 21
6.055045861577221
 31
0.0
  0
LINE
  5
D81
330
17
100
AcDbEntity
  8
ENGRAVE_POLARS
100
AcDbLine
 10
-10.827941685175498
 20
6.055045861577221
 30
0.0
 11
-10.951936550954091
 21
5.915538183058208
 31
0.0
  0
LINE
  5
D82
330
17
100
AcDbEntity
  8
ENGRAVE_POLARS
100
AcDbLine
 10
-10.951936550954091
 20
5.915538183058208
 30
0.0
 11
-11.080342149139065
 21
5.767265282442115
 31
0.0
  0
LINE
  5
D83
330
17
100
AcDbEntity
  8
ENGRAVE_POLARS
100
AcDbLine
 10
-11.080342149139065
 20
5.767265282442115
 30
0.0
 11
-11.211465563362133
 21
5.612564956894757
 31
0.0
  0
LINE
  5
D84
330
17
100
AcDbEntity
  8
ENGRAVE_POLARS
100
AcDbLine
 10
-11.211465563362133
 20
5.612564956894757
 30
0.0
 11
-11.343613877255011
 21
5.453775003581954
 31
0.0
  0
LINE
  5
D85
330
17
100
AcDbEntity
  8
ENGRAVE_POLARS
100
AcDbLine
 10
-11.343613877255011
 20
5.453775003581954
 30
0.0
 11
-11.47509417444941
 21
5.293233219669524
 31
0.0
  0
LINE
  5
D86
330
17
100
AcDbEntity
  8
ENGRAVE_POLARS
100
AcDbLine
 10
-11.47509417444941
 20
5.293233219669524
 30
0.0
 11
-11.604213538577042
 21
5.133277402323286
 31
0.0
  0
LINE
  5
D87
330
17
100
AcDbEntity
  8
ENGRAVE_POLARS
100
AcDbLine
 10
-11.604213538577042
 20
5.133277402323286
 30
0.0
 11
-11.729279053269625
 21
4.976245348709058
 31
0.0
  0
LINE
  5
D88
330
17
100
AcDbEntity
  8
ENGRAVE_POLARS
100
AcDbLine
 10
-11.729279053269625
 20
4.976245348709058
 30
0.0
 11
-11.848597802158872
 21
4.824474855992659
 31
0.0
  0
LINE
  5
D89
330
17
100
AcDbEntity
  8
ENGRAVE_POLARS
100
AcDbLine
 10
-11.848597802158872
 20
4.824474855992659
 30
0.0
 11
-11.960476868876492
 21
4.680303721339907
 31
0.0
  0
LINE
  5
D8A
330
17
100
AcDbEntity
  8
ENGRAVE_POLARS
100
AcDbLine
 10
-11.960476868876492
 20
4.680303721339907
 30
0.0
 11
-12.063223337054206
 21
4.54606974191662
 31
0.0
  0
LINE
  5
D8B
330
17
100
AcDbEntity
  8
ENGRAVE_POLARS
100
AcDbLine
 10
-12.063223337054206
 20
4.54606974191662
 30
0.0
 11
-12.155144290323722
 21
4.4241107148886165
 31
0.0
  0
LINE
  5
D8C
330
17
100
AcDbEntity
  8
ENGRAVE_POLARS
100
AcDbLine
 10
-12.155144290323722
 20
4.4241107148886165
 30
0.0
 11
-12.23582967080226
 21
4.314344634823749
 31
0.0
  0
LINE
  5
D8D
330
17
100
AcDbEntity
  8
ENGRAVE_POLARS
100
AcDbLine
 10
-12.23582967080226
 20
4.314344634823749
 30
0.0
 11
-12.30686535042073
 21
4.214168992266119
 31
0.0
  0
LINE
  5
D8E
330
17
100
AcDbEntity
  8
ENGRAVE_POLARS
100
AcDbLine
 10
-12.30686535042073
 20
4.214168992266119
 30
0.0
 11
-12.369552307531373
 21
4.122140828345923
 31
0.0
  0
LINE
  5
D8F
330
17
100
AcDbEntity
  8
ENGRAVE_POLARS
100
AcDbLine
 10
-12.369552307531373
 20
4.122140828345923
 30
0.0
 11
-12.425191520486434
 21
4.03681718419336
 31
0.0
  0
LINE
  5
D90
330
17
100
AcDbEntity
  8
ENGRAVE_POLARS
100
AcDbLine
 10
-12.425191520486434
 20
4.03681718419336
 30
0.0
 11
-12.475083967638161
 21
3.956755100938626
 31
0.0
  0
LINE
  5
D91
330
17
100
AcDbEntity
  8
ENGRAVE_POLARS
100
AcDbLine
 10
-12.475083967638161
 20
3.956755100938626
 30
0.0
 11
-12.52053062733879
 21
3.880511619711917
 31
0.0
  0
LINE
  5
D92
330
17
100
AcDbEntity
  8
ENGRAVE_POLARS
100
AcDbLine
 10
-12.52053062733879
 20
3.880511619711917
 30
0.0
 11
-12.562832477940573
 21
3.806643781643429
 31
0.0
  0
LINE
  5
D93
330
17
100
AcDbEntity
  8
ENGRAVE_POLARS
100
AcDbLine
 10
-12.562832477940573
 20
3.806643781643429
 30
0.0
 11
-12.603290497795753
 21
3.7337086278633604
 31
0.0
  0
LINE
  5
D94
330
17
100
AcDbEntity
  8
ENGRAVE_POLARS
100
AcDbLine
 10
-12.603290497795753
 20
3.7337086278633604
 30
0.0
 11
-12.643205665256573
 21
3.660263199501908
 31
0.0
  0
LINE
  5
D95
330
17
100
AcDbEntity
  8
ENGRAVE_POLARS
100
AcDbLine
 10
-12.643205665256573
 20
3.660263199501908
 30
0.0
 11
-12.683878958675276
 21
3.584864537689266
 31
0.0
  0
LINE
  5
D96
330
17
100
AcDbEntity
  8
ENGRAVE_POLARS
100
AcDbLine
 10
-12.683878958675276
 20
3.584864537689266
 30
0.0
 11
-12.726611356404106
 21
3.506069683555633
 31
0.0
  0
LINE
  5
D97
330
17
100
AcDbEntity
  8
ENGRAVE_POLARS
100
AcDbLine
 10
-12.726611356404106
 20
3.506069683555633
 30
0.0
 11
-12.772703836795314
 21
3.4224356782312064
 31
0.0
  0
LINE
  5
D98
330
17
100
AcDbEntity
  8
ENGRAVE_POLARS
100
AcDbLine
 10
-12.772703836795314
 20
3.4224356782312064
 30
0.0
 11
-12.819491393343167
 21
3.3394611117062585
 31
0.0
  0
LINE
  5
D99
330
17
100
AcDbEntity
  8
ENGRAVE_POLARS
100
AcDbLine
 10
-12.819491393343167
 20
3.3394611117062585
 30
0.0
 11
-12.863858863705211
 21
3.2622192236507503
 31
0.0
  0
LINE
  5
D9A
330
17
100
AcDbEntity
  8
ENGRAVE_POLARS
100
AcDbLine
 10
-12.863858863705211
 20
3.2622192236507503
 30
0.0
 11
-12.906431992478595
 21
3.1886290297144066
 31
0.0
  0
LINE
  5
D9B
330
17
100
AcDbEntity
  8
ENGRAVE_POLARS
100
AcDbLine
 10
-12.906431992478595
 20
3.1886290297144066
 30
0.0
 11
-12.947836524260468
 21
3.1166095455469525
 31
0.0
  0
LINE
  5
D9C
330
17
100
AcDbEntity
  8
ENGRAVE_POLARS
100
AcDbLine
 10
-12.947836524260468
 20
3.1166095455469525
 30
0.0
 11
-12.988698203647985
 21
3.044079786798114
 31
0.0
  0
LINE
  5
D9D
330
17
100
AcDbEntity
  8
ENGRAVE_POLARS
100
AcDbLine
 10
-12.988698203647985
 20
3.044079786798114
 30
0.0
 11
-13.029642775238292
 21
2.9689587691176165
 31
0.0
  0
LINE
  5
D9E
330
17
100
AcDbEntity
  8
ENGRAVE_POLARS
100
AcDbLine
 10
-13.029642775238292
 20
2.9689587691176165
 30
0.0
 11
-13.071295983628536
 21
2.8891655081551844
 31
0.0
  0
LINE
  5
D9F
330
17
100
AcDbEntity
  8
ENGRAVE_POLARS
100
AcDbLine
 10
-13.071295983628536
 20
2.8891655081551844
 30
0.0
 11
-13.114283573415868
 21
2.8026190195605434
 31
0.0
  0
LINE
  5
DA0
330
17
100
AcDbEntity
  8
ENGRAVE_POLARS
100
AcDbLine
 10
-13.114283573415868
 20
2.8026190195605434
 30
0.0
 11
-13.159231289197445
 21
2.7072383189834204
 31
0.0
  0
LINE
  5
DA1
330
17
100
AcDbEntity
  8
ENGRAVE_POLARS
100
AcDbLine
 10
-13.159231289197445
 20
2.7072383189834204
 30
0.0
 11
-13.206764875570407
 21
2.6009424220735387
 31
0.0
  0
LINE
  5
DA2
330
17
100
AcDbEntity
  8
ENGRAVE_POLARS
100
AcDbLine
 10
-13.206764875570407
 20
2.6009424220735387
 30
0.0
 11
-13.257510077131908
 21
2.4816503444806237
 31
0.0
  0
LINE
  5
DA3
330
17
100
AcDbEntity
  8
ENGRAVE_POLARS
100
AcDbLine
 10
-13.257510077131908
 20
2.4816503444806237
 30
0.0
 11
-13.312092638479099
 21
2.3472811018544024
 31
0.0
  0
LINE
  5
DA4
330
17
100
AcDbEntity
  8
ENGRAVE_POLARS
100
AcDbLine
 10
-13.312092638479099
 20
2.3472811018544024
 30
0.0
 11
-13.373518729088573
 21
2.205034891979243
 31
0.0
  0
LINE
  5
DA5
330
17
100
AcDbEntity
  8
ENGRAVE_POLARS
100
AcDbLine
 10
-13.373518729088573
 20
2.205034891979243
 30
0.0
 11
-13.443018735430362
 21
2.0617638236455
 31
0.0
  0
LINE
  5
DA6
330
17
100
AcDbEntity
  8
ENGRAVE_POLARS
100
AcDbLine
 10
-13.443018735430362
 20
2.0617638236455
 30
0.0
 11
-13.518554727591777
 21
1.9148647790118725
 31
0.0
  0
LINE
  5
DA7
330
17
100
AcDbEntity
  8
ENGRAVE_POLARS
100
AcDbLine
 10
-13.518554727591777
 20
1.9148647790118725
 30
0.0
 11
-13.598088775660125
 21
1.761734640237061
 31
0.0
  0
LINE
  5
DA8
330
17
100
AcDbEntity
  8
ENGRAVE_POLARS
100
AcDbLine
 10
-13.598088775660125
 20
1.761734640237061
 30
0.0
 11
-13.679582949722711
 21
1.5997702894797667
 31
0.0
  0
LINE
  5
DA9
330
17
100
AcDbEntity
  8
ENGRAVE_POLARS
100
AcDbLine
 10
-13.679582949722711
 20
1.5997702894797667
 30
0.0
 11
-13.760999319866844
 21
1.4263686088986898
 31
0.0
  0
LINE
  5
DAA
330
17
100
AcDbEntity
  8
ENGRAVE_POLARS
100
AcDbLine
 10
-13.760999319866844
 20
1.4263686088986898
 30
0.0
 11
-13.840299956179827
 21
1.2389264806525295
 31
0.0
  0
LINE
  5
DAB
330
17
100
AcDbEntity
  8
ENGRAVE_POLARS
100
AcDbLine
 10
-13.840299956179827
 20
1.2389264806525295
 30
0.0
 11
-13.915446928748977
 21
1.034840786899987
 31
0.0
  0
LINE
  5
DAC
330
17
100
AcDbEntity
  8
ENGRAVE_POLARS
100
AcDbLine
 10
-13.915446928748977
 20
1.034840786899987
 30
0.0
 11
-13.984402307661595
 21
0.8115084097997627
 31
0.0
  0
LINE
  5
DAD
330
17
100
AcDbEntity
  8
ENGRAVE_POLARS
100
AcDbLine
 10
-13.984402307661595
 20
0.8115084097997627
 30
0.0
 11
-14.04512816300499
 21
0.5663262315105563
 31
0.0
  0
LINE
  5
DAE
330
17
100
AcDbEntity
  8
ENGRAVE_POLARS
100
AcDbLine
 10
-14.04512816300499
 20
0.5663262315105563
 30
0.0
 11
-14.095586564866466
 21
0.29669113419106863
 31
0.0
  0
LINE
  5
DAF
330
17
100
AcDbEntity
  8
ENGRAVE_POLARS
100
AcDbLine
 10
-14.095586564866466
 20
0.29669113419106863
 30
0.0
 11
-14.133739583333334
 21
0.0
 31
0.0
  0
LINE
  5
DB0
330
17
100
AcDbEntity
  8
ENGRAVE_POLARS
100
AcDbLine
 10
-14.133739583333334
 20
0.0
 30
0.0
 11
-14.158565228231947
 21
-0.33607669799586604
 31
0.0
  0
LINE
  5
DB1
330
17
100
AcDbEntity
  8
ENGRAVE_POLARS
100
AcDbLine
 10
-14.158565228231947
 20
-0.33607669799586604
 30
0.0
 11
-14.171636338447462
 21
-0.7165452574726127
 31
0.0
  0
LINE
  5
DB2
330
17
100
AcDbEntity
  8
ENGRAVE_POLARS
100
AcDbLine
 10
-14.171636338447462
 20
-0.7165452574726127
 30
0.0
 11
-14.174807227655405
 21
-1.1330239523858405
 31
0.0
  0
LINE
  5
DB3
330
17
100
AcDbEntity
  8
ENGRAVE_POLARS
100
AcDbLine
 10
-14.174807227655405
 20
-1.1330239523858405
 30
0.0
 11
-14.169932209531291
 21
-1.5771310566911498
 31
0.0
  0
LINE
  5
DB4
330
17
100
AcDbEntity
  8
ENGRAVE_POLARS
100
AcDbLine
 10
-14.169932209531291
 20
-1.5771310566911498
 30
0.0
 11
-14.15886559775065
 21
-2.0404848443441415
 31
0.0
  0
LINE
  5
DB5
330
17
100
AcDbEntity
  8
ENGRAVE_POLARS
100
AcDbLine
 10
-14.15886559775065
 20
-2.0404848443441415
 30
0.0
 11
-14.143461705989
 21
-2.5147035893004146
 31
0.0
  0
LINE
  5
DB6
330
17
100
AcDbEntity
  8
ENGRAVE_POLARS
100
AcDbLine
 10
-14.143461705989
 20
-2.5147035893004146
 30
0.0
 11
-14.12557484792186
 21
-2.9914055655155725
 31
0.0
  0
LINE
  5
DB7
330
17
100
AcDbEntity
  8
ENGRAVE_POLARS
100
AcDbLine
 10
-14.12557484792186
 20
-2.9914055655155725
 30
0.0
 11
-14.107059337224753
 21
-3.4622090469452127
 31
0.0
  0
LINE
  5
DB8
330
17
100
AcDbEntity
  8
ENGRAVE_POLARS
100
AcDbLine
 10
-14.107059337224753
 20
-3.4622090469452127
 30
0.0
 11
-14.089769487573205
 21
-3.9187323075449374
 31
0.0
  0
LINE
  5
DB9
330
17
100
AcDbEntity
  8
ENGRAVE_POLARS
100
AcDbLine
 10
-14.089769487573205
 20
-3.9187323075449374
 30
0.0
 11
-14.075559612642731
 21
-4.352593621270346
 31
0.0
  0
LINE
  5
DBA
330
17
100
AcDbEntity
  8
ENGRAVE_POLARS
100
AcDbLine
 10
-14.075559612642731
 20
-4.352593621270346
 30
0.0
 11
-14.066284026108855
 21
-4.75541126207704
 31
0.0
  0
LINE
  5
DBB
330
17
100
AcDbEntity
  8
ENGRAVE_POLARS
100
AcDbLine
 10
-14.066284026108855
 20
-4.75541126207704
 30
0.0
 11
-14.063797041647101
 21
-5.118803503920619
 31
0.0
  0
LINE
  5
DBC
330
17
100
AcDbEntity
  8
ENGRAVE_POLARS
100
AcDbLine
 10
-14.063797041647101
 20
-5.118803503920619
 30
0.0
 11
-14.067807918039904
 21
-5.4376605215461495
 31
0.0
  0
LINE
  5
DBD
330
17
100
AcDbEntity
  8
ENGRAVE_POLARS
100
AcDbLine
 10
-14.067807918039904
 20
-5.4376605215461495
 30
0.0
 11
-14.076108750502792
 21
-5.7178743091125614
 31
0.0
  0
LINE
  5
DBE
330
17
100
AcDbEntity
  8
ENGRAVE_POLARS
100
AcDbLine
 10
-14.076108750502792
 20
-5.7178743091125614
 30
0.0
 11
-14.087678107360924
 21
-5.967565869696258
 31
0.0
  0
LINE
  5
DBF
330
17
100
AcDbEntity
  8
ENGRAVE_POLARS
100
AcDbLine
 10
-14.087678107360924
 20
-5.967565869696258
 30
0.0
 11
-14.101494556939452
 21
-6.194856206373638
 31
0.0
  0
LINE
  5
DC0
330
17
100
AcDbEntity
  8
ENGRAVE_POLARS
100
AcDbLine
 10
-14.101494556939452
 20
-6.194856206373638
 30
0.0
 11
-14.116536667563537
 21
-6.4078663222211025
 31
0.0
  0
LINE
  5
DC1
330
17
100
AcDbEntity
  8
ENGRAVE_POLARS
100
AcDbLine
 10
-14.116536667563537
 20
-6.4078663222211025
 30
0.0
 11
-14.131783007558333
 21
-6.6147172203150495
 31
0.0
  0
LINE
  5
DC2
330
17
100
AcDbEntity
  8
ENGRAVE_POLARS
100
AcDbLine
 10
-14.131783007558333
 20
-6.6147172203150495
 30
0.0
 11
-14.146212145248997
 21
-6.823529903731883
 31
0.0
  0
LINE
  5
DC3
330
17
100
AcDbEntity
  8
ENGRAVE_POLARS
100
AcDbLine
 10
-14.146212145248997
 20
-6.823529903731883
 30
0.0
 11
-14.158802648960688
 21
-7.0424253755479995
 31
0.0
  0
LINE
  5
DC4
330
17
100
AcDbEntity
  8
ENGRAVE_POLARS
100
AcDbLine
 10
-14.158802648960688
 20
-7.0424253755479995
 30
0.0
 11
-14.16853308701856
 21
-7.2795246388398045
 31
0.0
  0
LINE
  5
DC5
330
17
100
AcDbEntity
  8
ENGRAVE_POLARS
100
AcDbLine
 10
-14.16853308701856
 20
-7.2795246388398045
 30
0.0
 11
-14.174382027747772
 21
-7.542948696683694
 31
0.0
  0
LINE
  5
DC6
330
17
100
AcDbEntity
  8
ENGRAVE_POLARS
100
AcDbLine
 10
-14.174382027747772
 20
-7.542948696683694
 30
0.0
 11
-14.175328039473476
 21
-7.840818552156069
 31
0.0
  0
LINE
  5
DC7
330
17
100
AcDbEntity
  8
ENGRAVE_POLARS
100
AcDbLine
 10
-14.175328039473476
 20
-7.840818552156069
 30
0.0
 11
-14.170349690520833
 21
-8.181255208333331
 31
0.0
  0
LINE
  5
DC8
330
17
100
AcDbEntity
  8
ENGRAVE_POLARS
100
AcDbLine
 10
-14.170349690520833
 20
-8.181255208333331
 30
0.0
 11
-14.162272038070903
 21
-8.573235187715776
 31
0.0
  0
LINE
  5
DC9
330
17
100
AcDbEntity
  8
ENGRAVE_POLARS
100
AcDbLine
 10
-14.162272038070903
 20
-8.573235187715776
 30
0.0
 11
-14.154007134884184
 21
-9.013611546720254
 31
0.0
  0
LINE
  5
DCA
330
17
100
AcDbEntity
  8
ENGRAVE_POLARS
100
AcDbLine
 10
-14.154007134884184
 20
-9.013611546720254
 30
0.0
 11
-14.144664042655005
 21
-9.492320089297976
 31
0.0
  0
LINE
  5
DCB
330
17
100
AcDbEntity
  8
ENGRAVE_POLARS
100
AcDbLine
 10
-14.144664042655005
 20
-9.492320089297976
 30
0.0
 11
-14.133351823077684
 21
-9.999296619400166
 31
0.0
  0
LINE
  5
DCC
330
17
100
AcDbEntity
  8
ENGRAVE_POLARS
100
AcDbLine
 10
-14.133351823077684
 20
-9.999296619400166
 30
0.0
 11
-14.119179537846543
 21
-10.524476940978042
 31
0.0
  0
LINE
  5
DCD
330
17
100
AcDbEntity
  8
ENGRAVE_POLARS
100
AcDbLine
 10
-14.119179537846543
 20
-10.524476940978042
 30
0.0
 11
-14.101256248655911
 21
-11.057796857982822
 31
0.0
  0
LINE
  5
DCE
330
17
100
AcDbEntity
  8
ENGRAVE_POLARS
100
AcDbLine
 10
-14.101256248655911
 20
-11.057796857982822
 30
0.0
 11
-14.0786910172001
 21
-11.589192174365724
 31
0.0
  0
LINE
  5
DCF
330
17
100
AcDbEntity
  8
ENGRAVE_POLARS
100
AcDbLine
 10
-14.0786910172001
 20
-11.589192174365724
 30
0.0
 11
-14.050592905173442
 21
-12.108598694077969
 31
0.0
  0
LINE
  5
DD0
330
17
100
AcDbEntity
  8
ENGRAVE_POLARS
100
AcDbLine
 10
-14.050592905173442
 20
-12.108598694077969
 30
0.0
 11
-14.016070974270255
 21
-12.605952221070774
 31
0.0
  0
LINE
  5
DD1
330
17
100
AcDbEntity
  8
ENGRAVE_POLARS
100
AcDbLine
 10
-14.016070974270255
 20
-12.605952221070774
 30
0.0
 11
-13.974234286184863
 21
-13.071188559295361
 31
0.0
  0
LINE
  5
DD2
330
17
100
AcDbEntity
  8
ENGRAVE_POLARS
100
AcDbLine
 10
-13.974234286184863
 20
-13.071188559295361
 30
0.0
 11
-13.924191902611586
 21
-13.494243512702944
 31
0.0
  0
LINE
  5
DD3
330
17
100
AcDbEntity
  8
ENGRAVE_POLARS
100
AcDbLine
 10
-13.924191902611586
 20
-13.494243512702944
 30
0.0
 11
-13.865052885244749
 21
-13.865052885244747
 31
0.0
  0
LINE
  5
DD4
330
17
100
AcDbEntity
  8
ENGRAVE_POLARS
100
AcDbLine
 10
-13.865052885244749
 20
-13.865052885244747
 30
0.0
 11
-13.802126655908138
 21
-14.19497182372609
 31
0.0
  0
LINE
  5
DD5
330
17
100
AcDbEntity
  8
ENGRAVE_POLARS
100
AcDbLine
 10
-13.802126655908138
 20
-14.19497182372609
 30
0.0
 11
-13.739763870277635
 21
-14.502205453621759
 31
0.0
  0
LINE
  5
DD6
330
17
100
AcDbEntity
  8
ENGRAVE_POLARS
100
AcDbLine
 10
-13.739763870277635
 20
-14.502205453621759
 30
0.0
 11
-13.675635440825692
 21
-14.786964546887166
 31
0.0
  0
LINE
  5
DD7
330
17
100
AcDbEntity
  8
ENGRAVE_POLARS
100
AcDbLine
 10
-13.675635440825692
 20
-14.786964546887166
 30
0.0
 11
-13.607412280024764
 21
-15.049459875477725
 31
0.0
  0
LINE
  5
DD8
330
17
100
AcDbEntity
  8
ENGRAVE_POLARS
100
AcDbLine
 10
-13.607412280024764
 20
-15.049459875477725
 30
0.0
 11
-13.532765300347306
 21
-15.289902211348842
 31
0.0
  0
LINE
  5
DD9
330
17
100
AcDbEntity
  8
ENGRAVE_POLARS
100
AcDbLine
 10
-13.532765300347306
 20
-15.289902211348842
 30
0.0
 11
-13.44936541426578
 21
-15.50850232645593
 31
0.0
  0
LINE
  5
DDA
330
17
100
AcDbEntity
  8
ENGRAVE_POLARS
100
AcDbLine
 10
-13.44936541426578
 20
-15.50850232645593
 30
0.0
 11
-13.354883534252632
 21
-15.705470992754401
 31
0.0
  0
LINE
  5
DDB
330
17
100
AcDbEntity
  8
ENGRAVE_POLARS
100
AcDbLine
 10
-13.354883534252632
 20
-15.705470992754401
 30
0.0
 11
-13.246990572780323
 21
-15.881018982199675
 31
0.0
  0
LINE
  5
DDC
330
17
100
AcDbEntity
  8
ENGRAVE_POLARS
100
AcDbLine
 10
-13.246990572780323
 20
-15.881018982199675
 30
0.0
 11
-13.12335744232131
 21
-16.035357066747153
 31
0.0
  0
LINE
  5
DDD
330
17
100
AcDbEntity
  8
ENGRAVE_POLARS
100
AcDbLine
 10
-13.12335744232131
 20
-16.035357066747153
 30
0.0
 11
-12.981655055348046
 21
-16.168696018352247
 31
0.0
  0
LINE
  5
DDE
330
17
100
AcDbEntity
  8
ENGRAVE_POLARS
100
AcDbLine
 10
-12.981655055348046
 20
-16.168696018352247
 30
0.0
 11
-12.819554324332984
 21
-16.281246608970374
 31
0.0
  0
LINE
  5
DDF
330
17
100
AcDbEntity
  8
ENGRAVE_POLARS
100
AcDbLine
 10
-12.819554324332984
 20
-16.281246608970374
 30
0.0
 11
-12.634726161748581
 21
-16.37321961055694
 31
0.0
  0
LINE
  5
DE0
330
17
100
AcDbEntity
  8
ENGRAVE_POLARS
100
AcDbLine
 10
-12.634726161748581
 20
-16.37321961055694
 30
0.0
 11
-12.42747436255681
 21
-16.434196162368902
 31
0.0
  0
LINE
  5
DE1
330
17
100
AcDbEntity
  8
ENGRAVE_POLARS
100
AcDbLine
 10
-12.42747436255681
 20
-16.434196162368902
 30
0.0
 11
-12.200533073581692
 21
-16.457316147254776
 31
0.0
  0
LINE
  5
DE2
330
17
100
AcDbEntity
  8
ENGRAVE_POLARS
100
AcDbLine
 10
-12.200533073581692
 20
-16.457316147254776
 30
0.0
 11
-11.955218735088776
 21
-16.448128452557324
 31
0.0
  0
LINE
  5
DE3
330
17
100
AcDbEntity
  8
ENGRAVE_POLARS
100
AcDbLine
 10
-11.955218735088776
 20
-16.448128452557324
 30
0.0
 11
-11.692847787343608
 21
-16.412181965619315
 31
0.0
  0
LINE
  5
DE4
330
17
100
AcDbEntity
  8
ENGRAVE_POLARS
100
AcDbLine
 10
-11.692847787343608
 20
-16.412181965619315
 30
0.0
 11
-11.414736670611736
 21
-16.35502557378351
 31
0.0
  0
LINE
  5
DE5
330
17
100
AcDbEntity
  8
ENGRAVE_POLARS
100
AcDbLine
 10
-11.414736670611736
 20
-16.35502557378351
 30
0.0
 11
-11.122201825158701
 21
-16.28220816439268
 31
0.0
  0
LINE
  5
DE6
330
17
100
AcDbEntity
  8
ENGRAVE_POLARS
100
AcDbLine
 10
-11.122201825158701
 20
-16.28220816439268
 30
0.0
 11
-10.81655969125005
 21
-16.19927862478959
 31
0.0
  0
LINE
  5
DE7
330
17
100
AcDbEntity
  8
ENGRAVE_POLARS
100
AcDbLine
 10
-10.81655969125005
 20
-16.19927862478959
 30
0.0
 11
-10.49912670915133
 21
-16.111785842317
 31
0.0
  0
LINE
  5
DE8
330
17
100
AcDbEntity
  8
ENGRAVE_POLARS
100
AcDbLine
 10
-10.49912670915133
 20
-16.111785842317
 30
0.0
 11
-10.17121931912809
 21
-16.025278704317678
 31
0.0
  0
LINE
  5
DE9
330
17
100
AcDbEntity
  8
ENGRAVE_POLARS
100
AcDbLine
 10
-10.17121931912809
 20
-16.025278704317678
 30
0.0
 11
-9.834153961445866
 21
-15.945306098134386
 31
0.0
  0
LINE
  5
DEA
330
17
100
AcDbEntity
  8
ENGRAVE_POLARS
100
AcDbLine
 10
-9.834153961445866
 20
-15.945306098134386
 30
0.0
 11
-9.48924707637021
 21
-15.87741691110989
 31
0.0
  0
LINE
  5
DEB
330
17
100
AcDbEntity
  8
ENGRAVE_POLARS
100
AcDbLine
 10
-9.48924707637021
 20
-15.87741691110989
 30
0.0
 11
-9.13781510416667
 21
-15.827160030586962
 31
0.0
  0
LINE
  5
DEC
330
17
100
AcDbEntity
  8
ENGRAVE_POLARS
100
AcDbLine
 10
-9.13781510416667
 20
-15.827160030586962
 30
0.0
 11
-8.770743938721528
 21
-15.78788774353455
 31
0.0
  0
LINE
  5
DED
330
17
100
AcDbEntity
  8
ENGRAVE_POLARS
100
AcDbLine
 10
-8.770743938721528
 20
-15.78788774353455
 30
0.0
 11
-8.380797577672741
 21
-15.749316355468073
 31
0.0
  0
LINE
  5
DEE
330
17
100
AcDbEntity
  8
ENGRAVE_POLARS
100
AcDbLine
 10
-8.380797577672741
 20
-15.749316355468073
 30
0.0
 11
-7.972109616913348
 21
-15.71154078154997
 31
0.0
  0
LINE
  5
DEF
330
17
100
AcDbEntity
  8
ENGRAVE_POLARS
100
AcDbLine
 10
-7.972109616913348
 20
-15.71154078154997
 30
0.0
 11
-7.548813652336388
 21
-15.674655936942692
 31
0.0
  0
LINE
  5
DF0
330
17
100
AcDbEntity
  8
ENGRAVE_POLARS
100
AcDbLine
 10
-7.548813652336388
 20
-15.674655936942692
 30
0.0
 11
-7.1150432798349055
 21
-15.63875673680868
 31
0.0
  0
LINE
  5
DF1
330
17
100
AcDbEntity
  8
ENGRAVE_POLARS
100
AcDbLine
 10
-7.1150432798349055
 20
-15.63875673680868
 30
0.0
 11
-6.674932095301939
 21
-15.603938096310381
 31
0.0
  0
LINE
  5
DF2
330
17
100
AcDbEntity
  8
ENGRAVE_POLARS
100
AcDbLine
 10
-6.674932095301939
 20
-15.603938096310381
 30
0.0
 11
-6.23261369463053
 21
-15.570294930610235
 31
0.0
  0
LINE
  5
DF3
330
17
100
AcDbEntity
  8
ENGRAVE_POLARS
100
AcDbLine
 10
-6.23261369463053
 20
-15.570294930610235
 30
0.0
 11
-5.79222167371372
 21
-15.537922154870694
 31
0.0
  0
LINE
  5
DF4
330
17
100
AcDbEntity
  8
ENGRAVE_POLARS
100
AcDbLine
 10
-5.79222167371372
 20
-15.537922154870694
 30
0.0
 11
-5.357889628444551
 21
-15.5069146842542
 31
0.0
  0
LINE
  5
DF5
330
17
100
AcDbEntity
  8
ENGRAVE_POLARS
100
AcDbLine
 10
-5.357889628444551
 20
-15.5069146842542
 30
0.0
 11
-4.933751154716061
 21
-15.477367433923195
 31
0.0
  0
LINE
  5
DF6
330
17
100
AcDbEntity
  8
ENGRAVE_POLARS
100
AcDbLine
 10
-4.933751154716061
 20
-15.477367433923195
 30
0.0
 11
-4.523939848421293
 21
-15.449375319040131
 31
0.0
  0
LINE
  5
DF7
330
17
100
AcDbEntity
  8
ENGRAVE_POLARS
100
AcDbLine
 10
-4.523939848421293
 20
-15.449375319040131
 30
0.0
 11
-4.132589305453287
 21
-15.423033254767446
 31
0.0
  0
LINE
  5
DF8
330
17
100
AcDbEntity
  8
ENGRAVE_POLARS
100
AcDbLine
 10
-4.132589305453287
 20
-15.423033254767446
 30
0.0
 11
-3.7445009900554265
 21
-15.398195753304455
 31
0.0
  0
LINE
  5
DF9
330
17
100
AcDbEntity
  8
ENGRAVE_POLARS
100
AcDbLine
 10
-3.7445009900554265
 20
-15.398195753304455
 30
0.0
 11
-3.345493729408367
 21
-15.374666687691684
 31
0.0
  0
LINE
  5
DFA
330
17
100
AcDbEntity
  8
ENGRAVE_POLARS
100
AcDbLine
 10
-3.345493729408367
 20
-15.374666687691684
 30
0.0
 11
-2.941227163811053
 21
-15.352465014353417
 31
0.0
  0
LINE
  5
DFB
330
17
100
AcDbEntity
  8
ENGRAVE_POLARS
100
AcDbLine
 10
-2.941227163811053
 20
-15.352465014353417
 30
0.0
 11
-2.5373609335624328
 21
-15.331609689713918
 31
0.0
  0
LINE
  5
DFC
330
17
100
AcDbEntity
  8
ENGRAVE_POLARS
100
AcDbLine
 10
-2.5373609335624328
 20
-15.331609689713918
 30
0.0
 11
-2.1395546789614523
 21
-15.312119670197468
 31
0.0
  0
LINE
  5
DFD
330
17
100
AcDbEntity
  8
ENGRAVE_POLARS
100
AcDbLine
 10
-2.1395546789614523
 20
-15.312119670197468
 30
0.0
 11
-1.7534680403070575
 21
-15.294013912228339
 31
0.0
  0
LINE
  5
DFE
330
17
100
AcDbEntity
  8
ENGRAVE_POLARS
100
AcDbLine
 10
-1.7534680403070575
 20
-15.294013912228339
 30
0.0
 11
-1.3847606578981952
 21
-15.277311372230802
 31
0.0
  0
LINE
  5
DFF
330
17
100
AcDbEntity
  8
ENGRAVE_POLARS
100
AcDbLine
 10
-1.3847606578981952
 20
-15.277311372230802
 30
0.0
 11
-1.0390921720338115
 21
-15.262031006629138
 31
0.0
  0
LINE
  5
E00
330
17
100
AcDbEntity
  8
ENGRAVE_POLARS
100
AcDbLine
 10
-1.0390921720338115
 20
-15.262031006629138
 30
0.0
 11
-0.7221222230128546
 21
-15.248191771847617
 31
0.0
  0
LINE
  5
E01
330
17
100
AcDbEntity
  8
ENGRAVE_POLARS
100
AcDbLine
 10
-0.7221222230128546
 20
-15.248191771847617
 30
0.0
 11
-0.4395104511342693
 21
-15.235812624310515
 31
0.0
  0
LINE
  5
E02
330
17
100
AcDbEntity
  8
ENGRAVE_POLARS
100
AcDbLine
 10
-0.4395104511342693
 20
-15.235812624310515
 30
0.0
 11
-0.19691649669700226
 21
-15.224912520442107
 31
0.0
  0
LINE
  5
E03
330
17
100
AcDbEntity
  8
ENGRAVE_POLARS
100
AcDbLine
 10
-0.19691649669700226
 20
-15.224912520442107
 30
0.0
 11
-9.316813064582022e-16
 21
-15.215510416666667
 31
0.0
  0
TEXT
  5
E04
330
17
100
AcDbEntity
  8
ENGRAVE_TEXT
100
AcDbText
 10
8.249764972351342
 20
8.602968843254079
 30
0.0
 40
3.6
  1
24
 72
1
 11
8.249764972351342
 21
8.602968843254079
 31
0.0
100
AcDbText
 73
2
  0
TEXT
  5
E05
330
17
100
AcDbEntity
  8
ENGRAVE_TEXT
100
AcDbText
 10
-8.249764972351342
 20
8.602968843254079
 30
0.0
 40
3.6
  1
24
 72
1
 11
-8.249764972351342
 21
8.602968843254079
 31
0.0
100
AcDbText
 73
2
  0
CIRCLE
  5
E06
330
17
100
AcDbEntity
  8
ENGRAVE_VMG
100
AcDbCircle
 10
7.049764972351342
 20
8.202968843254078
 30
0.0
 40
0.65
  0
CIRCLE
  5
E07
330
17
100
AcDbEntity
  8
ENGRAVE_VMG
100
AcDbCircle
 10
-7.049764972351342
 20
8.202968843254078
 30
0.0
 40
0.65
  0
CIRCLE
  5
E08
330
17
100
AcDbEntity
  8
ENGRAVE_VMG
100
AcDbCircle
 10
12.634726161748581
 20
-16.37321961055694
 30
0.0
 40
0.65
  0
CIRCLE
  5
E09
330
17
100
AcDbEntity
  8
ENGRAVE_VMG
100
AcDbCircle
 10
-12.634726161748581
 20
-16.37321961055694
 30
0.0
 40
0.65
  0
TEXT
  5
E0A
330
17
100
AcDbEntity
  8
ENGRAVE_TEXT
100
AcDbText
 10
3.2636837197276966e-15
 20
53.300000000000004
 30
0.0
 40
3.4
  1
0°/360°
 72
1
 11
3.2636837197276966e-15
 21
53.300000000000004
 31
0.0
100
AcDbText
 73
2
  0
TEXT
  5
E0B
330
17
100
AcDbEntity
  8
ENGRAVE_TEXT
100
AcDbText
 10
26.65000000000001
 20
46.15915402171058
 30
0.0
 40
3.4
  1
30°
 50
-30.0
 72
1
 11
26.65000000000001
 21
46.15915402171058
 31
0.0
100
AcDbText
 73
2
  0
TEXT
  5
E0C
330
17
100
AcDbEntity
  8
ENGRAVE_TEXT
100
AcDbText
 10
46.159154021710584
 20
26.65
 30
0.0
 40
3.4
  1
60°
 50
-60.0
 72
1
 11
46.159154021710584
 21
26.65
 31
0.0
100
AcDbText
 73
2
  0
TEXT
  5
E0D
330
17
100
AcDbEntity
  8
ENGRAVE_TEXT
100
AcDbText
 10
53.300000000000004
 20
0.0
 30
0.0
 40
3.4
  1
90°
 50
-90.0
 72
1
 11
53.300000000000004
 21
0.0
 31
0.0
100
AcDbText
 73
2
  0
TEXT
  5
E0E
330
17
100
AcDbEntity
  8
ENGRAVE_TEXT
100
AcDbText
 10
46.159154021710584
 20
-26.65
 30
0.0
 40
3.4
  1
120°
 50
60.0
 72
1
 11
46.159154021710584
 21
-26.65
 31
0.0
100
AcDbText
 73
2
  0
TEXT
  5
E0F
330
17
100
AcDbEntity
  8
ENGRAVE_TEXT
100
AcDbText
 10
26.65000000000001
 20
-46.15915402171058
 30
0.0
 40
3.4
  1
150°
 50
30.0
 72
1
 11
26.65000000000001
 21
-46.15915402171058
 31
0.0
100
AcDbText
 73
2
  0
TEXT
  5
E10
330
17
100
AcDbEntity
  8
ENGRAVE_TEXT
100
AcDbText
 10
3.2636837197276966e-15
 20
-53.300000000000004
 30
0.0
 40
3.4
  1
180°
 72
1
 11
3.2636837197276966e-15
 21
-53.300000000000004
 31
0.0
100
AcDbText
 73
2
  0
TEXT
  5
E11
330
17
100
AcDbEntity
  8
ENGRAVE_TEXT
100
AcDbText
 10
-26.64999999999999
 20
-46.159154021710584
 30
0.0
 40
3.4
  1
210°
 50
-30.0
 72
1
 11
-26.64999999999999
 21
-46.159154021710584
 31
0.0
100
AcDbText
 73
2
  0
TEXT
  5
E12
330
17
100
AcDbEntity
  8
ENGRAVE_TEXT
100
AcDbText
 10
-46.159154021710584
 20
-26.65
 30
0.0
 40
3.4
  1
240°
 50
-60.0
 72
1
 11
-46.159154021710584
 21
-26.65
 31
0.0
100
AcDbText
 73
2
  0
TEXT
  5
E13
330
17
100
AcDbEntity
  8
ENGRAVE_TEXT
100
AcDbText
 10
-53.300000000000004
 20
-6.527367439455393e-15
 30
0.0
 40
3.4
  1
270°
 50
-270.0
 72
1
 11
-53.300000000000004
 21
-6.527367439455393e-15
 31
0.0
100
AcDbText
 73
2
  0
TEXT
  5
E14
330
17
100
AcDbEntity
  8
ENGRAVE_TEXT
100
AcDbText
 10
-46.15915402171058
 20
26.65000000000001
 30
0.0
 40
3.4
  1
300°
 50
-300.0
 72
1
 11
-46.15915402171058
 21
26.65000000000001
 31
0.0
100
AcDbText
 73
2
  0
TEXT
  5
E15
330
17
100
AcDbEntity
  8
ENGRAVE_TEXT
100
AcDbText
 10
-26.650000000000027
 20
46.15915402171057
 30
0.0
 40
3.4
  1
330°
 50
-330.0
 72
1
 11
-26.650000000000027
 21
46.15915402171057
 31
0.0
100
AcDbText
 73
2
  0
ENDSEC
  0
SECTION
  2
OBJECTS
  0
DICTIONARY
  5
A
330
0
100
AcDbDictionary
281
1
  3
ACAD_COLOR
350
B
  3
ACAD_GROUP
350
C
  3
ACAD_LAYOUT
350
D
  3
ACAD_MATERIAL
350
E
  3
ACAD_MLEADERSTYLE
350
F
  3
ACAD_MLINESTYLE
350
10
  3
ACAD_PLOTSETTINGS
350
11
  3
ACAD_PLOTSTYLENAME
350
12
  3
ACAD_SCALELIST
350
14
  3
ACAD_TABLESTYLE
350
15
  3
ACAD_VISUALSTYLE
350
16
  3
EZDXF_META
350
2D
  0
DICTIONARY
  5
B
330
A
100
AcDbDictionary
281
1
  0
DICTIONARY
  5
C
330
A
100
AcDbDictionary
281
1
  0
DICTIONARY
  5
D
330
A
100
AcDbDictionary
281
1
  3
Model
350
1A
  3
Layout1
350
1E
  0
DICTIONARY
  5
E
330
A
100
AcDbDictionary
281
1
  3
ByBlock
350
1F
  3
ByLayer
350
20
  3
Global
350
21
  0
DICTIONARY
  5
F
330
A
100
AcDbDictionary
281
1
  3
Standard
350
2C
  0
DICTIONARY
  5
10
330
A
100
AcDbDictionary
281
1
  3
Standard
350
22
  0
DICTIONARY
  5
11
330
A
100
AcDbDictionary
281
1
  0
ACDBDICTIONARYWDFLT
  5
12
330
A
100
AcDbDictionary
281
1
  3
Normal
350
13
100
AcDbDictionaryWithDefault
340
13
  0
ACDBPLACEHOLDER
  5
13
330
12
  0
DICTIONARY
  5
14
330
A
100
AcDbDictionary
281
1
  0
DICTIONARY
  5
15
330
A
100
AcDbDictionary
281
1
  0
DICTIONARY
  5
16
330
A
100
AcDbDictionary
281
1
  0
LAYOUT
  5
1A
330
D
100
AcDbPlotSettings
  1

  4
A3
  6

 40
7.5
 41
20.0
 42
7.5
 43
20.0
 44
420.0
 45
297.0
 46
0.0
 47
0.0
 48
0.0
 49
0.0
140
0.0
141
0.0
142
1.0
143
1.0
 70
1024
 72
1
 73
0
 74
5
  7

 75
16
 76
0
 77
2
 78
300
147
1.0
148
0.0
149
0.0
100
AcDbLayout
  1
Model
 70
1
 71
0
 10
0.0
 20
0.0
 11
420.0
 21
297.0
 12
0.0
 22
0.0
 32
0.0
 14
1e+20
 24
1e+20
 34
1e+20
 15
-1e+20
 25
-1e+20
 35
-1e+20
146
0.0
 13
0.0
 23
0.0
 33
0.0
 16
1.0
 26
0.0
 36
0.0
 17
0.0
 27
1.0
 37
0.0
 76
1
330
17
  0
LAYOUT
  5
1E
330
D
100
AcDbPlotSettings
  1

  4
A3
  6

 40
7.5
 41
20.0
 42
7.5
 43
20.0
 44
420.0
 45
297.0
 46
0.0
 47
0.0
 48
0.0
 49
0.0
140
0.0
141
0.0
142
1.0
143
1.0
 70
0
 72
1
 73
0
 74
5
  7

 75
16
 76
0
 77
2
 78
300
147
1.0
148
0.0
149
0.0
100
AcDbLayout
  1
Layout1
 70
1
 71
1
 10
0.0
 20
0.0
 11
420.0
 21
297.0
 12
0.0
 22
0.0
 32
0.0
 14
1e+20
 24
1e+20
 34
1e+20
 15
-1e+20
 25
-1e+20
 35
-1e+20
146
0.0
 13
0.0
 23
0.0
 33
0.0
 16
1.0
 26
0.0
 36
0.0
 17
0.0
 27
1.0
 37
0.0
 76
1
330
1B
  0
MATERIAL
  5
1F
102
{ACAD_REACTORS
330
E
102
}
330
E
100
AcDbMaterial
  1
ByBlock
  2

 70
0
 40
1.0
 71
1
 41
1.0
 91
-1023410177
 42
1.0
 72
1
  3

 73
1
 74
1
 75
1
 44
0.5
 73
0
 45
1.0
 46
1.0
 77
1
  4

 78
1
 79
1
170
1
 48
1.0
171
1
  6

172
1
173
1
174
1
140
1.0
141
1.0
175
1
  7

176
1
177
1
178
1
143
1.0
179
1
  8

270
1
271
1
272
1
145
1.0
146
1.0
273
1
  9

274
1
275
1
276
1
 42
1.0
 72
1
  3

 73
1
 74
1
 75
1
 94
63
  0
MATERIAL
  5
20
102
{ACAD_REACTORS
330
E
102
}
330
E
100
AcDbMaterial
  1
ByLayer
  2

 70
0
 40
1.0
 71
1
 41
1.0
 91
-1023410177
 42
1.0
 72
1
  3

 73
1
 74
1
 75
1
 44
0.5
 73
0
 45
1.0
 46
1.0
 77
1
  4

 78
1
 79
1
170
1
 48
1.0
171
1
  6

172
1
173
1
174
1
140
1.0
141
1.0
175
1
  7

176
1
177
1
178
1
143
1.0
179
1
  8

270
1
271
1
272
1
145
1.0
146
1.0
273
1
  9

274
1
275
1
276
1
 42
1.0
 72
1
  3

 73
1
 74
1
 75
1
 94
63
  0
MATERIAL
  5
21
102
{ACAD_REACTORS
330
E
102
}
330
E
100
AcDbMaterial
  1
Global
  2

 70
0
 40
1.0
 71
1
 41
1.0
 91
-1023410177
 42
1.0
 72
1
  3

 73
1
 74
1
 75
1
 44
0.5
 73
0
 45
1.0
 46
1.0
 77
1
  4

 78
1
 79
1
170
1
 48
1.0
171
1
  6

172
1
173
1
174
1
140
1.0
141
1.0
175
1
  7

176
1
177
1
178
1
143
1.0
179
1
  8

270
1
271
1
272
1
145
1.0
146
1.0
273
1
  9

274
1
275
1
276
1
 42
1.0
 72
1
  3

 73
1
 74
1
 75
1
 94
63
  0
MLINESTYLE
  5
22
102
{ACAD_REACTORS
330
10
102
}
330
10
100
AcDbMlineStyle
  2
Standard
 70
0
  3

 62
256
 51
90.0
 52
90.0
 71
2
 49
0.5
 62
256
  6
BYLAYER
 49
-0.5
 62
256
  6
BYLAYER
  0
MLEADERSTYLE
  5
2C
102
{ACAD_REACTORS
330
F
102
}
330
F
100
AcDbMLeaderStyle
179
2
170
2
171
1
172
0
 90
2
 40
0.0
 41
0.0
173
1
 91
-1056964608
 92
-2
290
1
 42
2.0
291
1
 43
8.0
  3
Standard
 44
4.0
300

342
29
174
1
175
1
176
0
178
1
 93
-1056964608
 45
4.0
292
0
297
0
 46
4.0
 94
-1056964608
 47
1.0
 49
1.0
140
1.0
294
1
141
0.0
177
0
142
1.0
295
0
296
0
143
3.75
271
0
272
9
273
9
  0
DICTIONARY
  5
2D
330
A
100
AcDbDictionary
280
1
281
1
  3
CREATED_BY_EZDXF
350
2E
  3
WRITTEN_BY_EZDXF
350
E18
  0
DICTIONARYVAR
  5
2E
330
2D
100
DictionaryVariables
280
0
  1
1.4.4 @ 2026-08-30T15:07:18.680148+00:00
  0
DICTIONARYVAR
  5
E18
330
2D
100
DictionaryVariables
280
0
  1
1.4.4 @ 2026-08-30T15:07:18.719637+00:00
  0
ENDSEC
  0
EOF
