  0
SECTION
  2
HEADER
  9
$ACADVER
  1
AC1032
  9
$ACADMAINTVER
 90
4
  9
$DWGCODEPAGE
  3
ANSI_1252
  9
$LASTSAVEDBY
  1
ezdxf
  9
$REQUIREDVERSIONS
160
0
  9
$INSBASE
 10
0.0
 20
0.0
 30
0.0
  9
$EXTMIN
 10
1e+20
 20
1e+20
 30
1e+20
  9
$EXTMAX
 10
-1e+20
 20
-1e+20
 30
-1e+20
  9
$LIMMIN
 10
0.0
 20
0.0
  9
$LIMMAX
 10
420.0
 20
297.0
  9
$ORTHOMODE
 70
0
  9
$REGENMODE
 70
1
  9
$FILLMODE
 70
1
  9
$QTEXTMODE
 70
0
  9
$MIRRTEXT
 70
1
  9
$LTSCALE
 40
1.0
  9
$ATTMODE
 70
1
  9
$TEXTSIZE
 40
2.5
  9
$TRACEWID
 40
1.0
  9
$TEXTSTYLE
  7
Standard
  9
$CLAYER
  8
0
  9
$CELTYPE
  6
ByLayer
  9
$CECOLOR
 62
256
  9
$CELTSCALE
 40
1.0
  9
$DISPSILH
 70
0
  9
$DIMSCALE
 40
1.0
  9
$DIMASZ
 40
2.5
  9
$DIMEXO
 40
0.625
  9
$DIMDLI
 40
3.75
  9
$DIMRND
 40
0.0
  9
$DIMDLE
 40
0.0
  9
$DIMEXE
 40
1.25
  9
$DIMTP
 40
0.0
  9
$DIMTM
 40
0.0
  9
$DIMTXT
 40
2.5
  9
$DIMCEN
 40
2.5
  9
$DIMTSZ
 40
0.0
  9
$DIMTOL
 70
0
  9
$DIMLIM
 70
0
  9
$DIMTIH
 70
0
  9
$DIMTOH
 70
0
  9
$DIMSE1
 70
0
  9
$DIMSE2
 70
0
  9
$DIMTAD
 70
1
  9
$DIMZIN
 70
8
  9
$DIMBLK
  1

  9
$DIMASO
 70
1
  9
$DIMSHO
 70
1
  9
$DIMPOST
  1

  9
$DIMAPOST
  1

  9
$DIMALT
 70
0
  9
$DIMALTD
 70
3
  9
$DIMALTF
 40
0.03937007874
  9
$DIMLFAC
 40
1.0
  9
$DIMTOFL
 70
1
  9
$DIMTVP
 40
0.0
  9
$DIMTIX
 70
0
  9
$DIMSOXD
 70
0
  9
$DIMSAH
 70
0
  9
$DIMBLK1
  1

  9
$DIMBLK2
  1

  9
$DIMSTYLE
  2
ISO-25
  9
$DIMCLRD
 70
0
  9
$DIMCLRE
 70
0
  9
$DIMCLRT
 70
0
  9
$DIMTFAC
 40
1.0
  9
$DIMGAP
 40
0.625
  9
$DIMJUST
 70
0
  9
$DIMSD1
 70
0
  9
$DIMSD2
 70
0
  9
$DIMTOLJ
 70
0
  9
$DIMTZIN
 70
8
  9
$DIMALTZ
 70
0
  9
$DIMALTTZ
 70
0
  9
$DIMUPT
 70
0
  9
$DIMDEC
 70
2
  9
$DIMTDEC
 70
2
  9
$DIMALTU
 70
2
  9
$DIMALTTD
 70
3
  9
$DIMTXSTY
  7
Standard
  9
$DIMAUNIT
 70
0
  9
$DIMADEC
 70
0
  9
$DIMALTRND
 40
0.0
  9
$DIMAZIN
 70
0
  9
$DIMDSEP
 70
44
  9
$DIMATFIT
 70
3
  9
$DIMFRAC
 70
0
  9
$DIMLDRBLK
  1

  9
$DIMLUNIT
 70
2
  9
$DIMLWD
 70
-2
  9
$DIMLWE
 70
-2
  9
$DIMTMOVE
 70
0
  9
$DIMFXL
 40
1.0
  9
$DIMFXLON
 70
0
  9
$DIMJOGANG
 40
0.785398163397
  9
$DIMTFILL
 70
0
  9
$DIMTFILLCLR
 70
0
  9
$DIMARCSYM
 70
0
  9
$DIMLTYPE
  6

  9
$DIMLTEX1
  6

  9
$DIMLTEX2
  6

  9
$DIMTXTDIRECTION
 70
0
  9
$LUNITS
 70
2
  9
$LUPREC
 70
4
  9
$SKETCHINC
 40
1.0
  9
$FILLETRAD
 40
10.0
  9
$AUNITS
 70
0
  9
$AUPREC
 70
2
  9
$MENU
  1
.
  9
$ELEVATION
 40
0.0
  9
$PELEVATION
 40
0.0
  9
$THICKNESS
 40
0.0
  9
$LIMCHECK
 70
0
  9
$CHAMFERA
 40
0.0
  9
$CHAMFERB
 40
0.0
  9
$CHAMFERC
 40
0.0
  9
$CHAMFERD
 40
0.0
  9
$SKPOLY
 70
0
  9
$TDCREATE
 40
2461283.430659722
  9
$TDUCREATE
 40
2458532.153996898
  9
$TDUPDATE
 40
2461283.430659722
  9
$TDUUPDATE
 40
2458532.1544311
  9
$TDINDWG
 40
0.0
  9
$TDUSRTIMER
 40
0.0
  9
$USRTIMER
 70
1
  9
$ANGBASE
 50
0.0
  9
$ANGDIR
 70
0
  9
$PDMODE
 70
0
  9
$PDSIZE
 40
0.0
  9
$PLINEWID
 40
0.0
  9
$SPLFRAME
 70
0
  9
$SPLINETYPE
 70
6
  9
$SPLINESEGS
 70
8
  9
$HANDSEED
  5
596
  9
$SURFTAB1
 70
6
  9
$SURFTAB2
 70
6
  9
$SURFTYPE
 70
6
  9
$SURFU
 70
6
  9
$SURFV
 70
6
  9
$UCSBASE
  2

  9
$UCSNAME
  2

  9
$UCSORG
 10
0.0
 20
0.0
 30
0.0
  9
$UCSXDIR
 10
1.0
 20
0.0
 30
0.0
  9
$UCSYDIR
 10
0.0
 20
1.0
 30
0.0
  9
$UCSORTHOREF
  2

  9
$UCSORTHOVIEW
 70
0
  9
$UCSORGTOP
 10
0.0
 20
0.0
 30
0.0
  9
$UCSORGBOTTOM
 10
0.0
 20
0.0
 30
0.0
  9
$UCSORGLEFT
 10
0.0
 20
0.0
 30
0.0
  9
$UCSORGRIGHT
 10
0.0
 20
0.0
 30
0.0
  9
$UCSORGFRONT
 10
0.0
 20
0.0
 30
0.0
  9
$UCSORGBACK
 10
0.0
 20
0.0
 30
0.0
  9
$PUCSBASE
  2

  9
$PUCSNAME
  2

  9
$PUCSORG
 10
0.0
 20
0.0
 30
0.0
  9
$PUCSXDIR
 10
1.0
 20
0.0
 30
0.0
  9
$PUCSYDIR
 10
0.0
 20
1.0
 30
0.0
  9
$PUCSORTHOREF
  2

  9
$PUCSORTHOVIEW
 70
0
  9
$PUCSORGTOP
 10
0.0
 20
0.0
 30
0.0
  9
$PUCSORGBOTTOM
 10
0.0
 20
0.0
 30
0.0
  9
$PUCSORGLEFT
 10
0.0
 20
0.0
 30
0.0
  9
$PUCSORGRIGHT
 10
0.0
 20
0.0
 30
0.0
  9
$PUCSORGFRONT
 10
0.0
 20
0.0
 30
0.0
  9
$PUCSORGBACK
 10
0.0
 20
0.0
 30
0.0
  9
$USERI1
 70
0
  9
$USERI2
 70
0
  9
$USERI3
 70
0
  9
$USERI4
 70
0
  9
$USERI5
 70
0
  9
$USERR1
 40
0.0
  9
$USERR2
 40
0.0
  9
$USERR3
 40
0.0
  9
$USERR4
 40
0.0
  9
$USERR5
 40
0.0
  9
$WORLDVIEW
 70
1
  9
$SHADEDGE
 70
3
  9
$SHADEDIF
 70
70
  9
$TILEMODE
 70
1
  9
$MAXACTVP
 70
64
  9
$PINSBASE
 10
0.0
 20
0.0
 30
0.0
  9
$PLIMCHECK
 70
0
  9
$PEXTMIN
 10
1e+20
 20
1e+20
 30
1e+20
  9
$PEXTMAX
 10
-1e+20
 20
-1e+20
 30
-1e+20
  9
$PLIMMIN
 10
0.0
 20
0.0
  9
$PLIMMAX
 10
420.0
 20
297.0
  9
$UNITMODE
 70
0
  9
$VISRETAIN
 70
1
  9
$PLINEGEN
 70
0
  9
$PSLTSCALE
 70
1
  9
$TREEDEPTH
 70
3020
  9
$CMLSTYLE
  2
Standard
  9
$CMLJUST
 70
0
  9
$CMLSCALE
 40
20.0
  9
$PROXYGRAPHICS
 70
1
  9
$MEASUREMENT
 70
1
  9
$CELWEIGHT
370
-1
  9
$ENDCAPS
280
0
  9
$JOINSTYLE
280
0
  9
$LWDISPLAY
290
0
  9
$INSUNITS
 70
6
  9
$HYPERLINKBASE
  1

  9
$STYLESHEET
  1

  9
$XEDIT
290
1
  9
$CEPSNTYPE
380
0
  9
$PSTYLEMODE
290
1
  9
$FINGERPRINTGUID
  2
{BE6DB36D-2C5D-4ED0-ADAD-306323798224}
  9
$VERSIONGUID
  2
{AEDD9D79-5A41-40BB-8B3A-4EDC290E1AC9}
  9
$EXTNAMES
290
1
  9
$PSVPSCALE
 40
0.0
  9
$OLESTARTUP
290
0
  9
$SORTENTS
280
127
  9
$INDEXCTL
280
0
  9
$HIDETEXT
280
1
  9
$XCLIPFRAME
280
1
  9
$HALOGAP
280
0
  9
$OBSCOLOR
 70
257
  9
$OBSLTYPE
280
0
  9
$INTERSECTIONDISPLAY
280
0
  9
$INTERSECTIONCOLOR
 70
257
  9
$DIMASSOC
280
2
  9
$PROJECTNAME
  1

  9
$CAMERADISPLAY
290
0
  9
$LENSLENGTH
 40
50.0
  9
$CAMERAHEIGHT
 40
0.0
  9
$STEPSPERSEC
 40
24.0
  9
$STEPSIZE
 40
100.0
  9
$3DDWFPREC
 40
2.0
  9
$PSOLWIDTH
 40
0.005
  9
$PSOLHEIGHT
 40
0.08
  9
$LOFTANG1
 40
1.570796326795
  9
$LOFTANG2
 40
1.570796326795
  9
$LOFTMAG1
 40
0.0
  9
$LOFTMAG2
 40
0.0
  9
$LOFTPARAM
 70
7
  9
$LOFTNORMALS
280
1
  9
$LATITUDE
 40
37.795
  9
$LONGITUDE
 40
-122.394
  9
$NORTHDIRECTION
 40
0.0
  9
$TIMEZONE
 70
-8000
  9
$LIGHTGLYPHDISPLAY
280
1
  9
$TILEMODELIGHTSYNCH
280
1
  9
$CMATERIAL
347
20
  9
$SOLIDHIST
280
0
  9
$SHOWHIST
280
1
  9
$DWFFRAME
280
2
  9
$DGNFRAME
280
2
  9
$REALWORLDSCALE
290
1
  9
$INTERFERECOLOR
 62
256
  9
$CSHADOW
280
0
  9
$SHADOWPLANELOCATION
 40
0.0
  0
ENDSEC
  0
SECTION
  2
CLASSES
  0
CLASS
  1
ACDBDICTIONARYWDFLT
  2
AcDbDictionaryWithDefault
  3
ObjectDBX Classes
 90
0
 91
0
280
0
281
0
  0
CLASS
  1
SUN
  2
AcDbSun
  3
SCENEOE
 90
1153
 91
0
280
0
281
0
  0
CLASS
  1
VISUALSTYLE
  2
AcDbVisualStyle
  3
ObjectDBX Classes
 90
4095
 91
0
280
0
281
0
  0
CLASS
  1
MATERIAL
  2
AcDbMaterial
  3
ObjectDBX Classes
 90
1153
 91
0
280
0
281
0
  0
CLASS
  1
SCALE
  2
AcDbScale
  3
ObjectDBX Classes
 90
1153
 91
0
280
0
281
0
  0
CLASS
  1
TABLESTYLE
  2
AcDbTableStyle
  3
ObjectDBX Classes
 90
4095
 91
0
280
0
281
0
  0
CLASS
  1
MLEADERSTYLE
  2
AcDbMLeaderStyle
  3
ACDB_MLEADERSTYLE_CLASS
 90
4095
 91
0
280
0
281
0
  0
CLASS
  1
DICTIONARYVAR
  2
AcDbDictionaryVar
  3
ObjectDBX Classes
 90
0
 91
0
280
0
281
0
  0
CLASS
  1
CELLSTYLEMAP
  2
AcDbCellStyleMap
  3
ObjectDBX Classes
 90
1152
 91
0
280
0
281
0
  0
CLASS
  1
MENTALRAYRENDERSETTINGS
  2
AcDbMentalRayRenderSettings
  3
SCENEOE
 90
1024
 91
0
280
0
281
0
  0
CLASS
  1
ACDBDETAILVIEWSTYLE
  2
AcDbDetailViewStyle
  3
ObjectDBX Classes
 90
1025
 91
0
280
0
281
0
  0
CLASS
  1
ACDBSECTIONVIEWSTYLE
  2
AcDbSectionViewStyle
  3
ObjectDBX Classes
 90
1025
 91
0
280
0
281
0
  0
CLASS
  1
RASTERVARIABLES
  2
AcDbRasterVariables
  3
ISM
 90
0
 91
0
280
0
281
0
  0
CLASS
  1
LAYOUT
  2
AcDbLayout
  3
ObjectDBX Classes
 90
0
 91
0
280
0
281
0
  0
CLASS
  1
ACDBPLACEHOLDER
  2
AcDbPlaceHolder
  3
ObjectDBX Classes
 90
0
 91
0
280
0
281
0
  0
ENDSEC
  0
SECTION
  2
TABLES
  0
TABLE
  2
VPORT
  5
8
330
0
100
AcDbSymbolTable
 70
1
  0
VPORT
  5
23
330
8
100
AcDbSymbolTableRecord
100
AcDbViewportTableRecord
  2
*Active
 70
0
 10
0.0
 20
0.0
 11
1.0
 21
1.0
 12
0.0
 22
0.0
 13
0.0
 23
0.0
 14
0.5
 24
0.5
 15
0.5
 25
0.5
 16
0.0
 26
0.0
 36
1.0
 17
0.0
 27
0.0
 37
0.0
 40
1000.0
 41
1.34
 42
50.0
 43
0.0
 44
0.0
 50
0.0
 51
0.0
 71
0
 72
1000
 73
1
 74
3
 75
0
 76
0
 77
0
 78
0
281
0
 65
0
146
0.0
  0
ENDTAB
  0
TABLE
  2
LTYPE
  5
2
330
0
100
AcDbSymbolTable
 70
3
  0
LTYPE
  5
24
330
2
100
AcDbSymbolTableRecord
100
AcDbLinetypeTableRecord
  2
ByBlock
 70
0
  3

 72
65
 73
0
 40
0.0
  0
LTYPE
  5
25
330
2
100
AcDbSymbolTableRecord
100
AcDbLinetypeTableRecord
  2
ByLayer
 70
0
  3

 72
65
 73
0
 40
0.0
  0
LTYPE
  5
26
330
2
100
AcDbSymbolTableRecord
100
AcDbLinetypeTableRecord
  2
Continuous
 70
0
  3

 72
65
 73
0
 40
0.0
  0
ENDTAB
  0
TABLE
  2
LAYER
  5
1
330
0
100
AcDbSymbolTable
 70
6
  0
LAYER
  5
27
330
1
100
AcDbSymbolTableRecord
100
AcDbLayerTableRecord
  2
0
 70
0
 62
7
  6
Continuous
370
-3
390
13
347
21
  0
LAYER
  5
28
330
1
100
AcDbSymbolTableRecord
100
AcDbLayerTableRecord
  2
Defpoints
 70
0
 62
7
  6
Continuous
290
0
370
-3
390
13
347
21
  0
LAYER
  5
2F
330
1
100
AcDbSymbolTableRecord
100
AcDbLayerTableRecord
  2
CUT_REFERENCE
 70
0
 62
1
  6
Continuous
370
-3
390
13
347
21
  0
LAYER
  5
30
330
1
100
AcDbSymbolTableRecord
100
AcDbLayerTableRecord
  2
ENGRAVE_COMPASS
 70
0
 62
5
  6
Continuous
370
-3
390
13
347
21
  0
LAYER
  5
31
330
1
100
AcDbSymbolTableRecord
100
AcDbLayerTableRecord
  2
ENGRAVE_LOG
 70
0
 62
6
  6
Continuous
370
-3
390
13
347
21
  0
LAYER
  5
32
330
1
100
AcDbSymbolTableRecord
100
AcDbLayerTableRecord
  2
ENGRAVE_TEXT
 70
0
 62
7
  6
Continuous
370
-3
390
13
347
21
  0
ENDTAB
  0
TABLE
  2
STYLE
  5
5
330
0
100
AcDbSymbolTable
 70
1
  0
STYLE
  5
29
330
5
100
AcDbSymbolTableRecord
100
AcDbTextStyleTableRecord
  2
Standard
 70
0
 40
0.0
 41
1.0
 50
0.0
 71
0
 42
2.5
  3
txt
  4

  0
ENDTAB
  0
TABLE
  2
VIEW
  5
7
330
0
100
AcDbSymbolTable
 70
0
  0
ENDTAB
  0
TABLE
  2
UCS
  5
6
330
0
100
AcDbSymbolTable
 70
0
  0
ENDTAB
  0
TABLE
  2
APPID
  5
3
330
0
100
AcDbSymbolTable
 70
3
  0
APPID
  5
2A
330
3
100
AcDbSymbolTableRecord
100
AcDbRegAppTableRecord
  2
ACAD
 70
0
  0
APPID
  5
593
330
3
100
AcDbSymbolTableRecord
100
AcDbRegAppTableRecord
  2
HATCHBACKGROUNDCOLOR
 70
0
  0
APPID
  5
594
330
3
100
AcDbSymbolTableRecord
100
AcDbRegAppTableRecord
  2
EZDXF
 70
0
  0
ENDTAB
  0
TABLE
  2
DIMSTYLE
  5
4
330
0
100
AcDbSymbolTable
 70
1
100
AcDbDimStyleTable
  0
DIMSTYLE
105
2B
330
4
100
AcDbSymbolTableRecord
100
AcDbDimStyleTableRecord
  2
Standard
 70
0
 40
1.0
 41
2.5
 42
0.625
 43
3.75
 44
1.25
 45
0.0
 46
0.0
 47
0.0
 48
0.0
 49
2.5
140
2.5
141
2.5
142
0.0
143
0.03937007874
144
1.0
145
0.0
146
1.0
147
0.625
148
0.0
 69
0
 70
0
 71
0
 72
0
 73
0
 74
0
 75
0
 76
0
 77
1
 78
8
 79
3
170
0
171
3
172
1
173
0
174
0
175
0
176
0
177
0
178
0
179
2
271
2
272
2
273
2
274
3
275
0
276
0
277
2
278
44
279
0
280
0
281
0
282
0
283
0
284
8
285
0
286
0
288
0
289
3
290
0
371
-2
372
-2
  0
ENDTAB
  0
TABLE
  2
BLOCK_RECORD
  5
9
330
0
100
AcDbSymbolTable
 70
2
  0
BLOCK_RECORD
  5
17
330
9
100
AcDbSymbolTableRecord
100
AcDbBlockTableRecord
  2
*Model_Space
340
1A
 70
0
280
1
281
0
  0
BLOCK_RECORD
  5
1B
330
9
100
AcDbSymbolTableRecord
100
AcDbBlockTableRecord
  2
*Paper_Space
340
1E
 70
0
280
1
281
0
  0
ENDTAB
  0
ENDSEC
  0
SECTION
  2
BLOCKS
  0
BLOCK
  5
18
330
17
100
AcDbEntity
  8
0
100
AcDbBlockBegin
  2
*Model_Space
 70
0
 10
0.0
 20
0.0
 30
0.0
  3
*Model_Space
  1

  0
ENDBLK
  5
19
330
17
100
AcDbEntity
  8
0
100
AcDbBlockEnd
  0
BLOCK
  5
1C
330
1B
100
AcDbEntity
  8
0
100
AcDbBlockBegin
  2
*Paper_Space
 70
0
 10
0.0
 20
0.0
 30
0.0
  3
*Paper_Space
  1

  0
ENDBLK
  5
1D
330
1B
100
AcDbEntity
  8
0
100
AcDbBlockEnd
  0
ENDSEC
  0
SECTION
  2
ENTITIES
  0
CIRCLE
  5
33
330
17
100
AcDbEntity
  8
CUT_REFERENCE
100
AcDbCircle
 10
0.0
 20
0.0
 30
0.0
 40
57.5
  0
CIRCLE
  5
34
330
17
100
AcDbEntity
  8
CUT_REFERENCE
100
AcDbCircle
 10
0.0
 20
0.0
 30
0.0
 40
44.54
  0
CIRCLE
  5
35
330
17
100
AcDbEntity
  8
CUT_REFERENCE
100
AcDbCircle
 10
0.0
 20
0.0
 30
0.0
 40
1.6
  0
CIRCLE
  5
36
330
17
100
AcDbEntity
  8
CUT_REFERENCE
100
AcDbCircle
 10
0.0
 20
-37.11666666666667
 30
0.0
 40
1.25
  0
TEXT
  5
37
330
17
100
AcDbEntity
  8
ENGRAVE_TEXT
100
AcDbText
 10
0.0
 20
6.423333333333334
 30
0.0
 40
4.0
  1
0.2
 72
1
 11
0.0
 21
6.423333333333334
 31
0.0
100
AcDbText
 73
3
  0
TEXT
  5
38
330
17
100
AcDbEntity
  8
ENGRAVE_TEXT
100
AcDbText
 10
0.0
 20
13.846666666666668
 30
0.0
 40
4.0
  1
0.4
 72
1
 11
0.0
 21
13.846666666666668
 31
0.0
100
AcDbText
 73
3
  0
TEXT
  5
39
330
17
100
AcDbEntity
  8
ENGRAVE_TEXT
100
AcDbText
 10
0.0
 20
21.270000000000003
 30
0.0
 40
4.0
  1
0.6
 72
1
 11
0.0
 21
21.270000000000003
 31
0.0
100
AcDbText
 73
3
  0
TEXT
  5
3A
330
17
100
AcDbEntity
  8
ENGRAVE_TEXT
100
AcDbText
 10
0.0
 20
28.693333333333335
 30
0.0
 40
4.0
  1
0.8
 72
1
 11
0.0
 21
28.693333333333335
 31
0.0
100
AcDbText
 73
3
  0
TEXT
  5
3B
330
17
100
AcDbEntity
  8
ENGRAVE_TEXT
100
AcDbText
 10
0.0
 20
36.11666666666667
 30
0.0
 40
4.0
  1
1.0
 72
1
 11
0.0
 21
36.11666666666667
 31
0.0
100
AcDbText
 73
3
  0
TEXT
  5
3C
330
17
100
AcDbEntity
  8
ENGRAVE_TEXT
100
AcDbText
 10
0.0
 20
-22.27
 30
0.0
 40
3.5
  1
0
 72
1
 11
0.0
 21
-22.27
 31
0.0
100
AcDbText
 73
2
  0
TEXT
  5
3D
330
17
100
AcDbEntity
  8
ENGRAVE_TEXT
100
AcDbText
 10
2.5780966110950256
 20
-22.495554226945416
 30
0.0
 40
3.5
  1
10
 50
-10.0
 72
1
 11
2.5780966110950256
 21
-22.495554226945416
 31
0.0
100
AcDbText
 73
2
  0
TEXT
  5
3E
330
17
100
AcDbEntity
  8
ENGRAVE_TEXT
100
AcDbText
 10
5.077859061241762
 20
-23.16536355673188
 30
0.0
 40
3.5
  1
20
 50
-20.0
 72
1
 11
5.077859061241762
 21
-23.16536355673188
 31
0.0
100
AcDbText
 73
2
  0
TEXT
  5
3F
330
17
100
AcDbEntity
  8
ENGRAVE_TEXT
100
AcDbText
 10
7.423333333333333
 20
-24.2590761718137
 30
0.0
 40
3.5
  1
30
 50
-30.0
 72
1
 11
7.423333333333333
 21
-24.2590761718137
 31
0.0
100
AcDbText
 73
2
  0
TEXT
  5
40
330
17
100
AcDbEntity
  8
ENGRAVE_TEXT
100
AcDbText
 10
9.543253378479486
 20
-25.743460167826907
 30
0.0
 40
3.5
  1
40
 50
-40.0
 72
1
 11
9.543253378479486
 21
-25.743460167826907
 31
0.0
100
AcDbText
 73
2
  0
TEXT
  5
41
330
17
100
AcDbEntity
  8
ENGRAVE_TEXT
100
AcDbText
 10
11.37320649883976
 20
-27.57341328818718
 30
0.0
 40
3.5
  1
50
 50
-50.0
 72
1
 11
11.37320649883976
 21
-27.57341328818718
 31
0.0
100
AcDbText
 73
2
  0
TEXT
  5
42
330
17
100
AcDbEntity
  8
ENGRAVE_TEXT
100
AcDbText
 10
12.857590494852966
 20
-29.69333333333333
 30
0.0
 40
3.5
  1
60
 50
-60.0
 72
1
 11
12.857590494852966
 21
-29.69333333333333
 31
0.0
100
AcDbText
 73
2
  0
TEXT
  5
43
330
17
100
AcDbEntity
  8
ENGRAVE_TEXT
100
AcDbText
 10
13.951303109934786
 20
-32.03880760542491
 30
0.0
 40
3.5
  1
70
 50
-70.0
 72
1
 11
13.951303109934786
 21
-32.03880760542491
 31
0.0
100
AcDbText
 73
2
  0
TEXT
  5
44
330
17
100
AcDbEntity
  8
ENGRAVE_TEXT
100
AcDbText
 10
14.62111243972125
 20
-34.53857005557164
 30
0.0
 40
3.5
  1
80
 50
-80.0
 72
1
 11
14.62111243972125
 21
-34.53857005557164
 31
0.0
100
AcDbText
 73
2
  0
TEXT
  5
45
330
17
100
AcDbEntity
  8
ENGRAVE_TEXT
100
AcDbText
 10
-14.621112439721252
 20
-34.53857005557165
 30
0.0
 40
3.5
  1
80
 50
-280.0
 72
1
 11
-14.621112439721252
 21
-34.53857005557165
 31
0.0
100
AcDbText
 73
2
  0
TEXT
  5
46
330
17
100
AcDbEntity
  8
ENGRAVE_TEXT
100
AcDbText
 10
-13.951303109934786
 20
-32.0388076054249
 30
0.0
 40
3.5
  1
70
 50
-290.0
 72
1
 11
-13.951303109934786
 21
-32.0388076054249
 31
0.0
100
AcDbText
 73
2
  0
TEXT
  5
47
330
17
100
AcDbEntity
  8
ENGRAVE_TEXT
100
AcDbText
 10
-12.857590494852966
 20
-29.69333333333333
 30
0.0
 40
3.5
  1
60
 50
-300.0
 72
1
 11
-12.857590494852966
 21
-29.69333333333333
 31
0.0
100
AcDbText
 73
2
  0
TEXT
  5
48
330
17
100
AcDbEntity
  8
ENGRAVE_TEXT
100
AcDbText
 10
-11.373206498839762
 20
-27.573413288187183
 30
0.0
 40
3.5
  1
50
 50
-310.0
 72
1
 11
-11.373206498839762
 21
-27.573413288187183
 31
0.0
100
AcDbText
 73
2
  0
TEXT
  5
49
330
17
100
AcDbEntity
  8
ENGRAVE_TEXT
100
AcDbText
 10
-9.543253378479491
 20
-25.74346016782691
 30
0.0
 40
3.5
  1
40
 50
-320.0
 72
1
 11
-9.543253378479491
 21
-25.74346016782691
 31
0.0
100
AcDbText
 73
2
  0
TEXT
  5
4A
330
17
100
AcDbEntity
  8
ENGRAVE_TEXT
100
AcDbText
 10
-7.42333333333334
 20
-24.259076171813703
 30
0.0
 40
3.5
  1
30
 50
-330.0
 72
1
 11
-7.42333333333334
 21
-24.259076171813703
 31
0.0
100
AcDbText
 73
2
  0
TEXT
  5
4B
330
17
100
AcDbEntity
  8
ENGRAVE_TEXT
100
AcDbText
 10
-5.07785906124176
 20
-23.16536355673188
 30
0.0
 40
3.5
  1
20
 50
-340.0
 72
1
 11
-5.07785906124176
 21
-23.16536355673188
 31
0.0
100
AcDbText
 73
2
  0
TEXT
  5
4C
330
17
100
AcDbEntity
  8
ENGRAVE_TEXT
100
AcDbText
 10
-2.5780966110950265
 20
-22.495554226945416
 30
0.0
 40
3.5
  1
10
 50
-350.0
 72
1
 11
-2.5780966110950265
 21
-22.495554226945416
 31
0.0
100
AcDbText
 73
2
  0
TEXT
  5
4D
330
17
100
AcDbEntity
  8
ENGRAVE_TEXT
100
AcDbText
 10
0.0
 20
-28.693333333333335
 30
0.0
 40
4.0
  1
0.2
 72
1
 11
0.0
 21
-28.693333333333335
 31
0.0
100
AcDbText
 73
1
  0
TEXT
  5
4E
330
17
100
AcDbEntity
  8
ENGRAVE_TEXT
100
AcDbText
 10
0.0
 20
-21.27
 30
0.0
 40
4.0
  1
0.4
 72
1
 11
0.0
 21
-21.27
 31
0.0
100
AcDbText
 73
1
  0
TEXT
  5
4F
330
17
100
AcDbEntity
  8
ENGRAVE_TEXT
100
AcDbText
 10
0.0
 20
-13.846666666666664
 30
0.0
 40
4.0
  1
0.6
 72
1
 11
0.0
 21
-13.846666666666664
 31
0.0
100
AcDbText
 73
1
  0
TEXT
  5
50
330
17
100
AcDbEntity
  8
ENGRAVE_TEXT
100
AcDbText
 10
0.0
 20
-6.423333333333332
 30
0.0
 40
4.0
  1
0.8
 72
1
 11
0.0
 21
-6.423333333333332
 31
0.0
100
AcDbText
 73
1
  0
TEXT
  5
51
330
17
100
AcDbEntity
  8
ENGRAVE_TEXT
100
AcDbText
 10
0.0
 20
1.0
 30
0.0
 40
4.0
  1
1.0
 72
1
 11
0.0
 21
1.0
 31
0.0
100
AcDbText
 73
1
  0
TEXT
  5
52
330
17
100
AcDbEntity
  8
ENGRAVE_TEXT
100
AcDbText
 10
0.0
 20
8.42333333333334
 30
0.0
 40
4.0
  1
1.2
 72
1
 11
0.0
 21
8.42333333333334
 31
0.0
100
AcDbText
 73
1
  0
TEXT
  5
53
330
17
100
AcDbEntity
  8
ENGRAVE_TEXT
100
AcDbText
 10
0.0
 20
15.846666666666671
 30
0.0
 40
4.0
  1
1.4
 72
1
 11
0.0
 21
15.846666666666671
 31
0.0
100
AcDbText
 73
1
  0
TEXT
  5
54
330
17
100
AcDbEntity
  8
ENGRAVE_TEXT
100
AcDbText
 10
0.0
 20
23.270000000000003
 30
0.0
 40
4.0
  1
1.6
 72
1
 11
0.0
 21
23.270000000000003
 31
0.0
100
AcDbText
 73
1
  0
TEXT
  5
55
330
17
100
AcDbEntity
  8
ENGRAVE_TEXT
100
AcDbText
 10
0.0
 20
30.693333333333335
 30
0.0
 40
4.0
  1
1.8
 72
1
 11
0.0
 21
30.693333333333335
 31
0.0
100
AcDbText
 73
1
  0
TEXT
  5
56
330
17
100
AcDbEntity
  8
ENGRAVE_TEXT
100
AcDbText
 10
0.0
 20
38.11666666666667
 30
0.0
 40
4.0
  1
2.0
 72
1
 11
0.0
 21
38.11666666666667
 31
0.0
100
AcDbText
 73
1
  0
TEXT
  5
57
330
17
100
AcDbEntity
  8
ENGRAVE_TEXT
100
AcDbText
 10
18.583929218625997
 20
23.50602099931587
 30
0.0
 40
4.5
  1
6
 72
1
 11
18.583929218625997
 21
23.50602099931587
 31
0.0
100
AcDbText
 73
2
  0
TEXT
  5
58
330
17
100
AcDbEntity
  8
ENGRAVE_TEXT
100
AcDbText
 10
-18.583929218625997
 20
23.50602099931587
 30
0.0
 40
4.5
  1
6
 72
1
 11
-18.583929218625997
 21
23.50602099931587
 31
0.0
100
AcDbText
 73
2
  0
TEXT
  5
59
330
17
100
AcDbEntity
  8
ENGRAVE_TEXT
100
AcDbText
 10
15.841591371690685
 20
21.38923535716113
 30
0.0
 40
4.5
  1
8
 72
1
 11
15.841591371690685
 21
21.38923535716113
 31
0.0
100
AcDbText
 73
2
  0
TEXT
  5
5A
330
17
100
AcDbEntity
  8
ENGRAVE_TEXT
100
AcDbText
 10
-15.841591371690685
 20
21.38923535716113
 30
0.0
 40
4.5
  1
8
 72
1
 11
-15.841591371690685
 21
21.38923535716113
 31
0.0
100
AcDbText
 73
2
  0
TEXT
  5
5B
330
17
100
AcDbEntity
  8
ENGRAVE_TEXT
100
AcDbText
 10
13.305325083069254
 20
18.986170993528958
 30
0.0
 40
4.5
  1
10
 72
1
 11
13.305325083069254
 21
18.986170993528958
 31
0.0
100
AcDbText
 73
2
  0
TEXT
  5
5C
330
17
100
AcDbEntity
  8
ENGRAVE_TEXT
100
AcDbText
 10
-13.305325083069254
 20
18.986170993528958
 30
0.0
 40
4.5
  1
10
 72
1
 11
-13.305325083069254
 21
18.986170993528958
 31
0.0
100
AcDbText
 73
2
  0
TEXT
  5
5D
330
17
100
AcDbEntity
  8
ENGRAVE_TEXT
100
AcDbText
 10
11.212592424723065
 20
16.47723048966818
 30
0.0
 40
4.5
  1
12
 72
1
 11
11.212592424723065
 21
16.47723048966818
 31
0.0
100
AcDbText
 73
2
  0
TEXT
  5
5E
330
17
100
AcDbEntity
  8
ENGRAVE_TEXT
100
AcDbText
 10
-11.212592424723065
 20
16.47723048966818
 30
0.0
 40
4.5
  1
12
 72
1
 11
-11.212592424723065
 21
16.47723048966818
 31
0.0
100
AcDbText
 73
2
  0
TEXT
  5
5F
330
17
100
AcDbEntity
  8
ENGRAVE_TEXT
100
AcDbText
 10
9.715536323358387
 20
14.404634155887965
 30
0.0
 40
4.5
  1
14
 72
1
 11
9.715536323358387
 21
14.404634155887965
 31
0.0
100
AcDbText
 73
2
  0
TEXT
  5
60
330
17
100
AcDbEntity
  8
ENGRAVE_TEXT
100
AcDbText
 10
-9.715536323358387
 20
14.404634155887965
 30
0.0
 40
4.5
  1
14
 72
1
 11
-9.715536323358387
 21
14.404634155887965
 31
0.0
100
AcDbText
 73
2
  0
TEXT
  5
61
330
17
100
AcDbEntity
  8
ENGRAVE_TEXT
100
AcDbText
 10
8.725131010060746
 20
12.74631133781192
 30
0.0
 40
4.5
  1
16
 72
1
 11
8.725131010060746
 21
12.74631133781192
 31
0.0
100
AcDbText
 73
2
  0
TEXT
  5
62
330
17
100
AcDbEntity
  8
ENGRAVE_TEXT
100
AcDbText
 10
-8.725131010060746
 20
12.74631133781192
 30
0.0
 40
4.5
  1
16
 72
1
 11
-8.725131010060746
 21
12.74631133781192
 31
0.0
100
AcDbText
 73
2
  0
TEXT
  5
63
330
17
100
AcDbEntity
  8
ENGRAVE_TEXT
100
AcDbText
 10
7.127421965884873
 20
10.260250366937807
 30
0.0
 40
4.5
  1
20
 72
1
 11
7.127421965884873
 21
10.260250366937807
 31
0.0
100
AcDbText
 73
2
  0
TEXT
  5
64
330
17
100
AcDbEntity
  8
ENGRAVE_TEXT
100
AcDbText
 10
-7.127421965884873
 20
10.260250366937807
 30
0.0
 40
4.5
  1
20
 72
1
 11
-7.127421965884873
 21
10.260250366937807
 31
0.0
100
AcDbText
 73
2
  0
TEXT
  5
65
330
17
100
AcDbEntity
  8
ENGRAVE_TEXT
100
AcDbText
 10
6.188073347273596
 20
8.3091080418641
 30
0.0
 40
4.5
  1
24
 72
1
 11
6.188073347273596
 21
8.3091080418641
 31
0.0
100
AcDbText
 73
2
  0
TEXT
  5
66
330
17
100
AcDbEntity
  8
ENGRAVE_TEXT
100
AcDbText
 10
-6.188073347273596
 20
8.3091080418641
 30
0.0
 40
4.5
  1
24
 72
1
 11
-6.188073347273596
 21
8.3091080418641
 31
0.0
100
AcDbText
 73
2
  0
CIRCLE
  5
67
330
17
100
AcDbEntity
  8
CUT_REFERENCE
100
AcDbCircle
 10
0.0
 20
0.0
 30
0.0
 40
44.54
  0
LINE
  5
68
330
17
100
AcDbEntity
  8
ENGRAVE_COMPASS
100
AcDbLine
 10
0.0
 20
43.14
 30
0.0
 11
0.0
 21
44.54
 31
0.0
  0
TEXT
  5
69
330
17
100
AcDbEntity
  8
ENGRAVE_TEXT
100
AcDbText
 10
0.0
 20
42.12
 30
0.0
 40
3.8
  1
0
 72
1
 11
0.0
 21
42.12
 31
0.0
100
AcDbText
 73
2
  0
LINE
  5
6A
330
17
100
AcDbEntity
  8
ENGRAVE_COMPASS
100
AcDbLine
 10
1.5299939354376424
 20
43.813293856517156
 30
0.0
 11
1.554423583129393
 21
44.51286743543052
 31
0.0
  0
LINE
  5
6B
330
17
100
AcDbEntity
  8
ENGRAVE_COMPASS
100
AcDbLine
 10
3.058123808942453
 20
43.73320796339069
 30
0.0
 11
3.106953340563341
 21
44.431502798572566
 31
0.0
  0
LINE
  5
6C
330
17
100
AcDbEntity
  8
ENGRAVE_COMPASS
100
AcDbLine
 10
4.582527829653928
 20
43.5998398929451
 30
0.0
 11
4.655697753941285
 21
44.29600521970289
 31
0.0
  0
LINE
  5
6D
330
17
100
AcDbEntity
  8
ENGRAVE_COMPASS
100
AcDbLine
 10
6.101348746089268
 20
43.41335213363044
 30
0.0
 11
6.198769916761314
 21
44.10653978174955
 31
0.0
  0
LINE
  5
6E
330
17
100
AcDbEntity
  8
ENGRAVE_COMPASS
100
AcDbLine
 10
7.491182384551375
 20
42.48460646494665
 30
0.0
 11
7.734289833285077
 21
43.86333731916375
 31
0.0
  0
TEXT
  5
6F
330
17
100
AcDbEntity
  8
ENGRAVE_TEXT
100
AcDbText
 10
7.314061243331105
 20
41.4801025568742
 30
0.0
 40
3.8
  1
10
 50
-10.0
 72
1
 11
7.314061243331105
 21
41.4801025568742
 31
0.0
100
AcDbText
 73
2
  0
LINE
  5
70
330
17
100
AcDbEntity
  8
ENGRAVE_COMPASS
100
AcDbLine
 10
9.114848525450569
 20
42.88199081617004
 30
0.0
 11
9.260386709023
 21
43.56669413668371
 31
0.0
  0
LINE
  5
71
330
17
100
AcDbEntity
  8
ENGRAVE_COMPASS
100
AcDbLine
 10
10.605855903089433
 20
42.53776463993968
 30
0.0
 11
10.7752012300092
 21
43.21697164833288
 31
0.0
  0
LINE
  5
72
330
17
100
AcDbEntity
  8
ENGRAVE_COMPASS
100
AcDbLine
 10
12.083941679017242
 20
42.1417127499359
 30
0.0
 11
12.276887828089142
 21
42.814595937092726
 31
0.0
  0
LINE
  5
73
330
17
100
AcDbEntity
  8
ENGRAVE_COMPASS
100
AcDbLine
 10
13.547305033397693
 20
41.694317674379526
 30
0.0
 11
13.763616929460158
 21
42.36005723578614
 31
0.0
  0
LINE
  5
74
330
17
100
AcDbEntity
  8
ENGRAVE_COMPASS
100
AcDbLine
 10
14.754748983069348
 20
40.53833966070409
 30
0.0
 11
15.233577183725284
 21
41.85390932980436
 31
0.0
  0
TEXT
  5
75
330
17
100
AcDbEntity
  8
ENGRAVE_TEXT
100
AcDbText
 10
14.405888436877165
 20
39.57985318750246
 30
0.0
 40
3.8
  1
20
 50
-20.0
 72
1
 11
14.405888436877165
 21
39.57985318750246
 31
0.0
100
AcDbText
 73
2
  0
LINE
  5
76
330
17
100
AcDbEntity
  8
ENGRAVE_COMPASS
100
AcDbLine
 10
16.42275305535358
 20
40.647740184207954
 30
0.0
 11
16.684977670744722
 21
41.29676888240471
 31
0.0
  0
LINE
  5
77
330
17
100
AcDbEntity
  8
ENGRAVE_COMPASS
100
AcDbLine
 10
17.83133443244308
 20
40.04983286305162
 30
0.0
 11
18.11605008259614
 21
40.68931468340144
 31
0.0
  0
LINE
  5
78
330
17
100
AcDbEntity
  8
ENGRAVE_COMPASS
100
AcDbLine
 10
19.21819107523315
 20
39.40313098975548
 30
0.0
 11
19.525050877985507
 21
40.0322868221649
 31
0.0
  0
LINE
  5
79
330
17
100
AcDbEntity
  8
ENGRAVE_COMPASS
100
AcDbLine
 10
20.58163331253345
 20
38.70842247093535
 30
0.0
 11
20.910263406483576
 21
39.326485785936605
 31
0.0
  0
LINE
  5
7A
330
17
100
AcDbEntity
  8
ENGRAVE_COMPASS
100
AcDbLine
 10
21.569999999999997
 20
37.360335919260685
 30
0.0
 11
22.269999999999996
 21
38.5727714845589
 31
0.0
  0
TEXT
  5
7B
330
17
100
AcDbEntity
  8
ENGRAVE_TEXT
100
AcDbText
 10
21.059999999999995
 20
36.47699000740056
 30
0.0
 40
3.8
  1
30
 50
-30.0
 72
1
 11
21.059999999999995
 21
36.47699000740056
 31
0.0
100
AcDbText
 73
2
  0
LINE
  5
7C
330
17
100
AcDbEntity
  8
ENGRAVE_COMPASS
100
AcDbLine
 10
23.2316605439837
 20
37.17842853549771
 30
0.0
 11
23.602604028946946
 21
37.77206220280721
 31
0.0
  0
LINE
  5
7D
330
17
100
AcDbEntity
  8
ENGRAVE_COMPASS
100
AcDbLine
 10
24.515016888157543
 20
36.34500718081302
 30
0.0
 11
24.906451920587067
 21
36.925333481601555
 31
0.0
  0
LINE
  5
7E
330
17
100
AcDbEntity
  8
ENGRAVE_COMPASS
100
AcDbLine
 10
25.76850546050202
 20
35.46730503339769
 30
0.0
 11
26.179955137106752
 21
36.03361692946016
 31
0.0
  0
LINE
  5
7F
330
17
100
AcDbEntity
  8
ENGRAVE_COMPASS
100
AcDbLine
 10
26.99059907827686
 20
34.54639143811868
 30
0.0
 11
27.42156211100482
 21
35.09799896564339
 31
0.0
  0
LINE
  5
80
330
17
100
AcDbEntity
  8
ENGRAVE_COMPASS
100
AcDbLine
 10
27.729857481877303
 20
33.04715727615271
 30
0.0
 11
28.629760135438456
 21
34.11961949651928
 31
0.0
  0
TEXT
  5
81
330
17
100
AcDbEntity
  8
ENGRAVE_TEXT
100
AcDbText
 10
27.07421411999703
 20
32.265791944171355
 30
0.0
 40
3.8
  1
40
 50
-40.0
 72
1
 11
27.07421411999703
 21
32.265791944171355
 31
0.0
100
AcDbText
 73
2
  0
LINE
  5
82
330
17
100
AcDbEntity
  8
ENGRAVE_COMPASS
100
AcDbLine
 10
29.334685782772343
 20
32.57946914892896
 30
0.0
 11
29.803077207223545
 21
33.09967052676314
 31
0.0
  0
LINE
  5
83
330
17
100
AcDbEntity
  8
ENGRAVE_COMPASS
100
AcDbLine
 10
30.453822960922437
 20
31.535856846846464
 30
0.0
 11
30.940083820243736
 21
32.039394707083524
 31
0.0
  0
LINE
  5
84
330
17
100
AcDbEntity
  8
ENGRAVE_COMPASS
100
AcDbLine
 10
31.53585684684646
 20
30.453822960922437
 30
0.0
 11
32.03939470708352
 21
30.940083820243736
 31
0.0
  0
LINE
  5
85
330
17
100
AcDbEntity
  8
ENGRAVE_COMPASS
100
AcDbLine
 10
32.57946914892896
 20
29.334685782772343
 30
0.0
 11
33.09967052676314
 21
29.803077207223545
 31
0.0
  0
LINE
  5
86
330
17
100
AcDbEntity
  8
ENGRAVE_COMPASS
100
AcDbLine
 10
33.04715727615271
 20
27.729857481877307
 30
0.0
 11
34.11961949651928
 21
28.629760135438463
 31
0.0
  0
TEXT
  5
87
330
17
100
AcDbEntity
  8
ENGRAVE_TEXT
100
AcDbText
 10
32.265791944171355
 20
27.074214119997038
 30
0.0
 40
3.8
  1
50
 50
-50.0
 72
1
 11
32.265791944171355
 21
27.074214119997038
 31
0.0
100
AcDbText
 73
2
  0
LINE
  5
88
330
17
100
AcDbEntity
  8
ENGRAVE_COMPASS
100
AcDbLine
 10
34.54639143811869
 20
26.99059907827686
 30
0.0
 11
35.0979989656434
 21
27.42156211100482
 31
0.0
  0
LINE
  5
89
330
17
100
AcDbEntity
  8
ENGRAVE_COMPASS
100
AcDbLine
 10
35.46730503339769
 20
25.76850546050202
 30
0.0
 11
36.03361692946016
 21
26.179955137106752
 31
0.0
  0
LINE
  5
8A
330
17
100
AcDbEntity
  8
ENGRAVE_COMPASS
100
AcDbLine
 10
36.34500718081303
 20
24.515016888157536
 30
0.0
 11
36.925333481601555
 21
24.906451920587063
 31
0.0
  0
LINE
  5
8B
330
17
100
AcDbEntity
  8
ENGRAVE_COMPASS
100
AcDbLine
 10
37.17842853549771
 20
23.2316605439837
 30
0.0
 11
37.77206220280721
 21
23.602604028946946
 31
0.0
  0
LINE
  5
8C
330
17
100
AcDbEntity
  8
ENGRAVE_COMPASS
100
AcDbLine
 10
37.360335919260685
 20
21.570000000000004
 30
0.0
 11
38.57277148455889
 21
22.270000000000003
 31
0.0
  0
TEXT
  5
8D
330
17
100
AcDbEntity
  8
ENGRAVE_TEXT
100
AcDbText
 10
36.47699000740055
 20
21.060000000000002
 30
0.0
 40
3.8
  1
60
 50
-60.0
 72
1
 11
36.47699000740055
 21
21.060000000000002
 31
0.0
100
AcDbText
 73
2
  0
LINE
  5
8E
330
17
100
AcDbEntity
  8
ENGRAVE_COMPASS
100
AcDbLine
 10
38.70842247093535
 20
20.581633312533455
 30
0.0
 11
39.326485785936605
 21
20.91026340648358
 31
0.0
  0
LINE
  5
8F
330
17
100
AcDbEntity
  8
ENGRAVE_COMPASS
100
AcDbLine
 10
39.40313098975548
 20
19.218191075233154
 30
0.0
 11
40.0322868221649
 21
19.52505087798551
 31
0.0
  0
LINE
  5
90
330
17
100
AcDbEntity
  8
ENGRAVE_COMPASS
100
AcDbLine
 10
40.04983286305162
 20
17.83133443244308
 30
0.0
 11
40.68931468340144
 21
18.11605008259614
 31
0.0
  0
LINE
  5
91
330
17
100
AcDbEntity
  8
ENGRAVE_COMPASS
100
AcDbLine
 10
40.647740184207954
 20
16.422753055353578
 30
0.0
 11
41.29676888240471
 21
16.68497767074472
 31
0.0
  0
LINE
  5
92
330
17
100
AcDbEntity
  8
ENGRAVE_COMPASS
100
AcDbLine
 10
40.53833966070408
 20
14.754748983069353
 30
0.0
 11
41.85390932980435
 21
15.23357718372529
 31
0.0
  0
TEXT
  5
93
330
17
100
AcDbEntity
  8
ENGRAVE_TEXT
100
AcDbText
 10
39.57985318750246
 20
14.40588843687717
 30
0.0
 40
3.8
  1
70
 50
-70.0
 72
1
 11
39.57985318750246
 21
14.40588843687717
 31
0.0
100
AcDbText
 73
2
  0
LINE
  5
94
330
17
100
AcDbEntity
  8
ENGRAVE_COMPASS
100
AcDbLine
 10
41.694317674379526
 20
13.547305033397695
 30
0.0
 11
42.36005723578614
 21
13.76361692946016
 31
0.0
  0
LINE
  5
95
330
17
100
AcDbEntity
  8
ENGRAVE_COMPASS
100
AcDbLine
 10
42.1417127499359
 20
12.083941679017242
 30
0.0
 11
42.814595937092726
 21
12.276887828089142
 31
0.0
  0
LINE
  5
96
330
17
100
AcDbEntity
  8
ENGRAVE_COMPASS
100
AcDbLine
 10
42.53776463993968
 20
10.60585590308943
 30
0.0
 11
43.21697164833288
 21
10.775201230009198
 31
0.0
  0
LINE
  5
97
330
17
100
AcDbEntity
  8
ENGRAVE_COMPASS
100
AcDbLine
 10
42.88199081617003
 20
9.114848525450574
 30
0.0
 11
43.5666941366837
 21
9.260386709023006
 31
0.0
  0
LINE
  5
98
330
17
100
AcDbEntity
  8
ENGRAVE_COMPASS
100
AcDbLine
 10
42.48460646494665
 20
7.4911823845513785
 30
0.0
 11
43.86333731916375
 21
7.7342898332850805
 31
0.0
  0
TEXT
  5
99
330
17
100
AcDbEntity
  8
ENGRAVE_TEXT
100
AcDbText
 10
41.4801025568742
 20
7.314061243331109
 30
0.0
 40
3.8
  1
80
 50
-80.0
 72
1
 11
41.4801025568742
 21
7.314061243331109
 31
0.0
100
AcDbText
 73
2
  0
LINE
  5
9A
330
17
100
AcDbEntity
  8
ENGRAVE_COMPASS
100
AcDbLine
 10
43.41335213363044
 20
6.101348746089269
 30
0.0
 11
44.10653978174955
 21
6.198769916761315
 31
0.0
  0
LINE
  5
9B
330
17
100
AcDbEntity
  8
ENGRAVE_COMPASS
100
AcDbLine
 10
43.5998398929451
 20
4.582527829653928
 30
0.0
 11
44.29600521970289
 21
4.6556977539412845
 31
0.0
  0
LINE
  5
9C
330
17
100
AcDbEntity
  8
ENGRAVE_COMPASS
100
AcDbLine
 10
43.73320796339069
 20
3.05812380894245
 30
0.0
 11
44.431502798572566
 21
3.106953340563338
 31
0.0
  0
LINE
  5
9D
330
17
100
AcDbEntity
  8
ENGRAVE_COMPASS
100
AcDbLine
 10
43.813293856517156
 20
1.5299939354376473
 30
0.0
 11
44.51286743543052
 21
1.554423583129398
 31
0.0
  0
LINE
  5
9E
330
17
100
AcDbEntity
  8
ENGRAVE_COMPASS
100
AcDbLine
 10
43.14
 20
2.641563145760841e-15
 30
0.0
 11
44.54
 21
2.7272884217011553e-15
 31
0.0
  0
TEXT
  5
9F
330
17
100
AcDbEntity
  8
ENGRAVE_TEXT
100
AcDbText
 10
42.12
 20
2.5791061590043255e-15
 30
0.0
 40
3.8
  1
90
 50
-90.0
 72
1
 11
42.12
 21
2.5791061590043255e-15
 31
0.0
100
AcDbText
 73
2
  0
LINE
  5
A0
330
17
100
AcDbEntity
  8
ENGRAVE_COMPASS
100
AcDbLine
 10
43.813293856517156
 20
-1.5299939354376417
 30
0.0
 11
44.51286743543052
 21
-1.5544235831293924
 31
0.0
  0
LINE
  5
A1
330
17
100
AcDbEntity
  8
ENGRAVE_COMPASS
100
AcDbLine
 10
43.73320796339069
 20
-3.058123808942454
 30
0.0
 11
44.431502798572566
 21
-3.1069533405633423
 31
0.0
  0
LINE
  5
A2
330
17
100
AcDbEntity
  8
ENGRAVE_COMPASS
100
AcDbLine
 10
43.5998398929451
 20
-4.582527829653931
 30
0.0
 11
44.29600521970289
 21
-4.655697753941289
 31
0.0
  0
LINE
  5
A3
330
17
100
AcDbEntity
  8
ENGRAVE_COMPASS
100
AcDbLine
 10
43.41335213363044
 20
-6.101348746089265
 30
0.0
 11
44.10653978174955
 21
-6.198769916761311
 31
0.0
  0
LINE
  5
A4
330
17
100
AcDbEntity
  8
ENGRAVE_COMPASS
100
AcDbLine
 10
42.48460646494665
 20
-7.491182384551373
 30
0.0
 11
43.86333731916375
 21
-7.734289833285075
 31
0.0
  0
TEXT
  5
A5
330
17
100
AcDbEntity
  8
ENGRAVE_TEXT
100
AcDbText
 10
41.4801025568742
 20
-7.314061243331104
 30
0.0
 40
3.8
  1
100
 50
-100.0
 72
1
 11
41.4801025568742
 21
-7.314061243331104
 31
0.0
100
AcDbText
 73
2
  0
LINE
  5
A6
330
17
100
AcDbEntity
  8
ENGRAVE_COMPASS
100
AcDbLine
 10
42.88199081617004
 20
-9.114848525450569
 30
0.0
 11
43.56669413668371
 21
-9.260386709023
 31
0.0
  0
LINE
  5
A7
330
17
100
AcDbEntity
  8
ENGRAVE_COMPASS
100
AcDbLine
 10
42.53776463993968
 20
-10.605855903089434
 30
0.0
 11
43.21697164833288
 21
-10.775201230009204
 31
0.0
  0
LINE
  5
A8
330
17
100
AcDbEntity
  8
ENGRAVE_COMPASS
100
AcDbLine
 10
42.1417127499359
 20
-12.083941679017238
 30
0.0
 11
42.814595937092726
 21
-12.276887828089137
 31
0.0
  0
LINE
  5
A9
330
17
100
AcDbEntity
  8
ENGRAVE_COMPASS
100
AcDbLine
 10
41.69431767437953
 20
-13.54730503339769
 30
0.0
 11
42.360057235786144
 21
-13.763616929460154
 31
0.0
  0
LINE
  5
AA
330
17
100
AcDbEntity
  8
ENGRAVE_COMPASS
100
AcDbLine
 10
40.53833966070409
 20
-14.754748983069348
 30
0.0
 11
41.85390932980436
 21
-15.233577183725284
 31
0.0
  0
TEXT
  5
AB
330
17
100
AcDbEntity
  8
ENGRAVE_TEXT
100
AcDbText
 10
39.57985318750246
 20
-14.405888436877165
 30
0.0
 40
3.8
  1
110
 50
-110.0
 72
1
 11
39.57985318750246
 21
-14.405888436877165
 31
0.0
100
AcDbText
 73
2
  0
LINE
  5
AC
330
17
100
AcDbEntity
  8
ENGRAVE_COMPASS
100
AcDbLine
 10
40.647740184207954
 20
-16.422753055353585
 30
0.0
 11
41.29676888240471
 21
-16.684977670744722
 31
0.0
  0
LINE
  5
AD
330
17
100
AcDbEntity
  8
ENGRAVE_COMPASS
100
AcDbLine
 10
40.04983286305162
 20
-17.831334432443082
 30
0.0
 11
40.68931468340144
 21
-18.116050082596143
 31
0.0
  0
LINE
  5
AE
330
17
100
AcDbEntity
  8
ENGRAVE_COMPASS
100
AcDbLine
 10
39.403130989755475
 20
-19.218191075233158
 30
0.0
 11
40.03228682216489
 21
-19.525050877985514
 31
0.0
  0
LINE
  5
AF
330
17
100
AcDbEntity
  8
ENGRAVE_COMPASS
100
AcDbLine
 10
38.70842247093535
 20
-20.581633312533455
 30
0.0
 11
39.326485785936605
 21
-20.91026340648358
 31
0.0
  0
LINE
  5
B0
330
17
100
AcDbEntity
  8
ENGRAVE_COMPASS
100
AcDbLine
 10
37.360335919260685
 20
-21.56999999999999
 30
0.0
 11
38.5727714845589
 21
-22.26999999999999
 31
0.0
  0
TEXT
  5
B1
330
17
100
AcDbEntity
  8
ENGRAVE_TEXT
100
AcDbText
 10
36.47699000740056
 20
-21.059999999999988
 30
0.0
 40
3.8
  1
120
 50
-120.0
 72
1
 11
36.47699000740056
 21
-21.059999999999988
 31
0.0
100
AcDbText
 73
2
  0
LINE
  5
B2
330
17
100
AcDbEntity
  8
ENGRAVE_COMPASS
100
AcDbLine
 10
37.178428535497716
 20
-23.231660543983697
 30
0.0
 11
37.77206220280721
 21
-23.602604028946942
 31
0.0
  0
LINE
  5
B3
330
17
100
AcDbEntity
  8
ENGRAVE_COMPASS
100
AcDbLine
 10
36.34500718081303
 20
-24.515016888157533
 30
0.0
 11
36.925333481601555
 21
-24.906451920587056
 31
0.0
  0
LINE
  5
B4
330
17
100
AcDbEntity
  8
ENGRAVE_COMPASS
100
AcDbLine
 10
35.46730503339769
 20
-25.768505460502016
 30
0.0
 11
36.03361692946016
 21
-26.17995513710675
 31
0.0
  0
LINE
  5
B5
330
17
100
AcDbEntity
  8
ENGRAVE_COMPASS
100
AcDbLine
 10
34.54639143811869
 20
-26.99059907827686
 30
0.0
 11
35.0979989656434
 21
-27.42156211100482
 31
0.0
  0
LINE
  5
B6
330
17
100
AcDbEntity
  8
ENGRAVE_COMPASS
100
AcDbLine
 10
33.04715727615271
 20
-27.729857481877307
 30
0.0
 11
34.11961949651928
 21
-28.629760135438463
 31
0.0
  0
TEXT
  5
B7
330
17
100
AcDbEntity
  8
ENGRAVE_TEXT
100
AcDbText
 10
32.265791944171355
 20
-27.074214119997038
 30
0.0
 40
3.8
  1
130
 50
-130.0
 72
1
 11
32.265791944171355
 21
-27.074214119997038
 31
0.0
100
AcDbText
 73
2
  0
LINE
  5
B8
330
17
100
AcDbEntity
  8
ENGRAVE_COMPASS
100
AcDbLine
 10
32.57946914892896
 20
-29.334685782772343
 30
0.0
 11
33.09967052676314
 21
-29.803077207223545
 31
0.0
  0
LINE
  5
B9
330
17
100
AcDbEntity
  8
ENGRAVE_COMPASS
100
AcDbLine
 10
31.53585684684646
 20
-30.45382296092244
 30
0.0
 11
32.03939470708352
 21
-30.940083820243743
 31
0.0
  0
LINE
  5
BA
330
17
100
AcDbEntity
  8
ENGRAVE_COMPASS
100
AcDbLine
 10
30.453822960922434
 20
-31.535856846846464
 30
0.0
 11
30.940083820243732
 21
-32.039394707083524
 31
0.0
  0
LINE
  5
BB
330
17
100
AcDbEntity
  8
ENGRAVE_COMPASS
100
AcDbLine
 10
29.334685782772347
 20
-32.57946914892895
 30
0.0
 11
29.80307720722355
 21
-33.09967052676313
 31
0.0
  0
LINE
  5
BC
330
17
100
AcDbEntity
  8
ENGRAVE_COMPASS
100
AcDbLine
 10
27.729857481877314
 20
-33.04715727615271
 30
0.0
 11
28.629760135438467
 21
-34.11961949651928
 31
0.0
  0
TEXT
  5
BD
330
17
100
AcDbEntity
  8
ENGRAVE_TEXT
100
AcDbText
 10
27.07421411999704
 20
-32.26579194417135
 30
0.0
 40
3.8
  1
140
 50
-140.0
 72
1
 11
27.07421411999704
 21
-32.26579194417135
 31
0.0
100
AcDbText
 73
2
  0
LINE
  5
BE
330
17
100
AcDbEntity
  8
ENGRAVE_COMPASS
100
AcDbLine
 10
26.990599078276862
 20
-34.54639143811868
 30
0.0
 11
27.421562111004825
 21
-35.09799896564339
 31
0.0
  0
LINE
  5
BF
330
17
100
AcDbEntity
  8
ENGRAVE_COMPASS
100
AcDbLine
 10
25.768505460502023
 20
-35.467305033397686
 30
0.0
 11
26.17995513710676
 21
-36.03361692946015
 31
0.0
  0
LINE
  5
C0
330
17
100
AcDbEntity
  8
ENGRAVE_COMPASS
100
AcDbLine
 10
24.515016888157543
 20
-36.34500718081302
 30
0.0
 11
24.906451920587067
 21
-36.925333481601555
 31
0.0
  0
LINE
  5
C1
330
17
100
AcDbEntity
  8
ENGRAVE_COMPASS
100
AcDbLine
 10
23.2316605439837
 20
-37.17842853549771
 30
0.0
 11
23.602604028946946
 21
-37.77206220280721
 31
0.0
  0
LINE
  5
C2
330
17
100
AcDbEntity
  8
ENGRAVE_COMPASS
100
AcDbLine
 10
21.569999999999997
 20
-37.360335919260685
 30
0.0
 11
22.269999999999996
 21
-38.5727714845589
 31
0.0
  0
TEXT
  5
C3
330
17
100
AcDbEntity
  8
ENGRAVE_TEXT
100
AcDbText
 10
21.059999999999995
 20
-36.47699000740056
 30
0.0
 40
3.8
  1
150
 50
-150.0
 72
1
 11
21.059999999999995
 21
-36.47699000740056
 31
0.0
100
AcDbText
 73
2
  0
LINE
  5
C4
330
17
100
AcDbEntity
  8
ENGRAVE_COMPASS
100
AcDbLine
 10
20.581633312533448
 20
-38.70842247093535
 30
0.0
 11
20.910263406483573
 21
-39.326485785936605
 31
0.0
  0
LINE
  5
C5
330
17
100
AcDbEntity
  8
ENGRAVE_COMPASS
100
AcDbLine
 10
19.218191075233147
 20
-39.40313098975548
 30
0.0
 11
19.525050877985503
 21
-40.0322868221649
 31
0.0
  0
LINE
  5
C6
330
17
100
AcDbEntity
  8
ENGRAVE_COMPASS
100
AcDbLine
 10
17.83133443244309
 20
-40.04983286305161
 30
0.0
 11
18.11605008259615
 21
-40.689314683401435
 31
0.0
  0
LINE
  5
C7
330
17
100
AcDbEntity
  8
ENGRAVE_COMPASS
100
AcDbLine
 10
16.422753055353592
 20
-40.647740184207954
 30
0.0
 11
16.68497767074473
 21
-41.296768882404706
 31
0.0
  0
LINE
  5
C8
330
17
100
AcDbEntity
  8
ENGRAVE_COMPASS
100
AcDbLine
 10
14.754748983069355
 20
-40.53833966070408
 30
0.0
 11
15.233577183725291
 21
-41.85390932980435
 31
0.0
  0
TEXT
  5
C9
330
17
100
AcDbEntity
  8
ENGRAVE_TEXT
100
AcDbText
 10
14.405888436877172
 20
-39.57985318750246
 30
0.0
 40
3.8
  1
160
 50
-160.0
 72
1
 11
14.405888436877172
 21
-39.57985318750246
 31
0.0
100
AcDbText
 73
2
  0
LINE
  5
CA
330
17
100
AcDbEntity
  8
ENGRAVE_COMPASS
100
AcDbLine
 10
13.547305033397697
 20
-41.694317674379526
 30
0.0
 11
13.763616929460161
 21
-42.36005723578614
 31
0.0
  0
LINE
  5
CB
330
17
100
AcDbEntity
  8
ENGRAVE_COMPASS
100
AcDbLine
 10
12.083941679017245
 20
-42.1417127499359
 30
0.0
 11
12.276887828089144
 21
-42.814595937092726
 31
0.0
  0
LINE
  5
CC
330
17
100
AcDbEntity
  8
ENGRAVE_COMPASS
100
AcDbLine
 10
10.605855903089433
 20
-42.53776463993968
 30
0.0
 11
10.7752012300092
 21
-43.21697164833288
 31
0.0
  0
LINE
  5
CD
330
17
100
AcDbEntity
  8
ENGRAVE_COMPASS
100
AcDbLine
 10
9.114848525450567
 20
-42.88199081617004
 30
0.0
 11
9.260386709022999
 21
-43.56669413668371
 31
0.0
  0
LINE
  5
CE
330
17
100
AcDbEntity
  8
ENGRAVE_COMPASS
100
AcDbLine
 10
7.491182384551372
 20
-42.48460646494665
 30
0.0
 11
7.734289833285074
 21
-43.86333731916375
 31
0.0
  0
TEXT
  5
CF
330
17
100
AcDbEntity
  8
ENGRAVE_TEXT
100
AcDbText
 10
7.3140612433311025
 20
-41.4801025568742
 30
0.0
 40
3.8
  1
170
 50
-170.0
 72
1
 11
7.3140612433311025
 21
-41.4801025568742
 31
0.0
100
AcDbText
 73
2
  0
LINE
  5
D0
330
17
100
AcDbEntity
  8
ENGRAVE_COMPASS
100
AcDbLine
 10
6.101348746089263
 20
-43.41335213363044
 30
0.0
 11
6.19876991676131
 21
-44.10653978174955
 31
0.0
  0
LINE
  5
D1
330
17
100
AcDbEntity
  8
ENGRAVE_COMPASS
100
AcDbLine
 10
4.582527829653939
 20
-43.5998398929451
 30
0.0
 11
4.655697753941297
 21
-44.29600521970289
 31
0.0
  0
LINE
  5
D2
330
17
100
AcDbEntity
  8
ENGRAVE_COMPASS
100
AcDbLine
 10
3.058123808942463
 20
-43.73320796339069
 30
0.0
 11
3.1069533405633507
 21
-44.431502798572566
 31
0.0
  0
LINE
  5
D3
330
17
100
AcDbEntity
  8
ENGRAVE_COMPASS
100
AcDbLine
 10
1.52999393543765
 20
-43.813293856517156
 30
0.0
 11
1.5544235831294009
 21
-44.51286743543052
 31
0.0
  0
LINE
  5
D4
330
17
100
AcDbEntity
  8
ENGRAVE_COMPASS
100
AcDbLine
 10
5.283126291521682e-15
 20
-43.14
 30
0.0
 11
5.454576843402311e-15
 21
-44.54
 31
0.0
  0
TEXT
  5
D5
330
17
100
AcDbEntity
  8
ENGRAVE_TEXT
100
AcDbText
 10
5.158212318008651e-15
 20
-42.12
 30
0.0
 40
3.8
  1
180
 50
-180.0
 72
1
 11
5.158212318008651e-15
 21
-42.12
 31
0.0
100
AcDbText
 73
2
  0
LINE
  5
D6
330
17
100
AcDbEntity
  8
ENGRAVE_COMPASS
100
AcDbLine
 10
-1.5299939354376393
 20
-43.813293856517156
 30
0.0
 11
-1.55442358312939
 21
-44.51286743543052
 31
0.0
  0
LINE
  5
D7
330
17
100
AcDbEntity
  8
ENGRAVE_COMPASS
100
AcDbLine
 10
-3.058123808942452
 20
-43.73320796339069
 30
0.0
 11
-3.1069533405633396
 21
-44.431502798572566
 31
0.0
  0
LINE
  5
D8
330
17
100
AcDbEntity
  8
ENGRAVE_COMPASS
100
AcDbLine
 10
-4.582527829653929
 20
-43.5998398929451
 30
0.0
 11
-4.655697753941287
 21
-44.29600521970289
 31
0.0
  0
LINE
  5
D9
330
17
100
AcDbEntity
  8
ENGRAVE_COMPASS
100
AcDbLine
 10
-6.101348746089272
 20
-43.41335213363043
 30
0.0
 11
-6.198769916761318
 21
-44.10653978174954
 31
0.0
  0
LINE
  5
DA
330
17
100
AcDbEntity
  8
ENGRAVE_COMPASS
100
AcDbLine
 10
-7.49118238455138
 20
-42.48460646494665
 30
0.0
 11
-7.734289833285083
 21
-43.86333731916375
 31
0.0
  0
TEXT
  5
DB
330
17
100
AcDbEntity
  8
ENGRAVE_TEXT
100
AcDbText
 10
-7.3140612433311105
 20
-41.4801025568742
 30
0.0
 40
3.8
  1
190
 50
-190.0
 72
1
 11
-7.3140612433311105
 21
-41.4801025568742
 31
0.0
100
AcDbText
 73
2
  0
LINE
  5
DC
330
17
100
AcDbEntity
  8
ENGRAVE_COMPASS
100
AcDbLine
 10
-9.114848525450576
 20
-42.88199081617003
 30
0.0
 11
-9.260386709023008
 21
-43.5666941366837
 31
0.0
  0
LINE
  5
DD
330
17
100
AcDbEntity
  8
ENGRAVE_COMPASS
100
AcDbLine
 10
-10.605855903089422
 20
-42.53776463993968
 30
0.0
 11
-10.775201230009191
 21
-43.21697164833288
 31
0.0
  0
LINE
  5
DE
330
17
100
AcDbEntity
  8
ENGRAVE_COMPASS
100
AcDbLine
 10
-12.083941679017235
 20
-42.1417127499359
 30
0.0
 11
-12.276887828089135
 21
-42.814595937092726
 31
0.0
  0
LINE
  5
DF
330
17
100
AcDbEntity
  8
ENGRAVE_COMPASS
100
AcDbLine
 10
-13.547305033397688
 20
-41.69431767437953
 30
0.0
 11
-13.763616929460152
 21
-42.360057235786144
 31
0.0
  0
LINE
  5
E0
330
17
100
AcDbEntity
  8
ENGRAVE_COMPASS
100
AcDbLine
 10
-14.754748983069346
 20
-40.53833966070409
 30
0.0
 11
-15.233577183725282
 21
-41.85390932980436
 31
0.0
  0
TEXT
  5
E1
330
17
100
AcDbEntity
  8
ENGRAVE_TEXT
100
AcDbText
 10
-14.405888436877163
 20
-39.57985318750246
 30
0.0
 40
3.8
  1
200
 50
-200.0
 72
1
 11
-14.405888436877163
 21
-39.57985318750246
 31
0.0
100
AcDbText
 73
2
  0
LINE
  5
E2
330
17
100
AcDbEntity
  8
ENGRAVE_COMPASS
100
AcDbLine
 10
-16.42275305535358
 20
-40.647740184207954
 30
0.0
 11
-16.684977670744722
 21
-41.29676888240471
 31
0.0
  0
LINE
  5
E3
330
17
100
AcDbEntity
  8
ENGRAVE_COMPASS
100
AcDbLine
 10
-17.83133443244308
 20
-40.04983286305162
 30
0.0
 11
-18.11605008259614
 21
-40.68931468340144
 31
0.0
  0
LINE
  5
E4
330
17
100
AcDbEntity
  8
ENGRAVE_COMPASS
100
AcDbLine
 10
-19.218191075233154
 20
-39.403130989755475
 30
0.0
 11
-19.52505087798551
 21
-40.03228682216489
 31
0.0
  0
LINE
  5
E5
330
17
100
AcDbEntity
  8
ENGRAVE_COMPASS
100
AcDbLine
 10
-20.581633312533455
 20
-38.70842247093535
 30
0.0
 11
-20.91026340648358
 21
-39.326485785936605
 31
0.0
  0
LINE
  5
E6
330
17
100
AcDbEntity
  8
ENGRAVE_COMPASS
100
AcDbLine
 10
-21.570000000000004
 20
-37.360335919260685
 30
0.0
 11
-22.270000000000003
 21
-38.57277148455889
 31
0.0
  0
TEXT
  5
E7
330
17
100
AcDbEntity
  8
ENGRAVE_TEXT
100
AcDbText
 10
-21.060000000000002
 20
-36.47699000740055
 30
0.0
 40
3.8
  1
210
 50
-210.0
 72
1
 11
-21.060000000000002
 21
-36.47699000740055
 31
0.0
100
AcDbText
 73
2
  0
LINE
  5
E8
330
17
100
AcDbEntity
  8
ENGRAVE_COMPASS
100
AcDbLine
 10
-23.231660543983697
 20
-37.178428535497716
 30
0.0
 11
-23.602604028946942
 21
-37.77206220280721
 31
0.0
  0
LINE
  5
E9
330
17
100
AcDbEntity
  8
ENGRAVE_COMPASS
100
AcDbLine
 10
-24.515016888157533
 20
-36.345007180813035
 30
0.0
 11
-24.906451920587056
 21
-36.92533348160156
 31
0.0
  0
LINE
  5
EA
330
17
100
AcDbEntity
  8
ENGRAVE_COMPASS
100
AcDbLine
 10
-25.768505460502016
 20
-35.4673050333977
 30
0.0
 11
-26.17995513710675
 21
-36.033616929460166
 31
0.0
  0
LINE
  5
EB
330
17
100
AcDbEntity
  8
ENGRAVE_COMPASS
100
AcDbLine
 10
-26.99059907827685
 20
-34.54639143811869
 30
0.0
 11
-27.421562111004814
 21
-35.0979989656434
 31
0.0
  0
LINE
  5
EC
330
17
100
AcDbEntity
  8
ENGRAVE_COMPASS
100
AcDbLine
 10
-27.729857481877303
 20
-33.04715727615271
 30
0.0
 11
-28.629760135438456
 21
-34.11961949651928
 31
0.0
  0
TEXT
  5
ED
330
17
100
AcDbEntity
  8
ENGRAVE_TEXT
100
AcDbText
 10
-27.07421411999703
 20
-32.265791944171355
 30
0.0
 40
3.8
  1
220
 50
-220.0
 72
1
 11
-27.07421411999703
 21
-32.265791944171355
 31
0.0
100
AcDbText
 73
2
  0
LINE
  5
EE
330
17
100
AcDbEntity
  8
ENGRAVE_COMPASS
100
AcDbLine
 10
-29.334685782772343
 20
-32.57946914892896
 30
0.0
 11
-29.803077207223545
 21
-33.09967052676314
 31
0.0
  0
LINE
  5
EF
330
17
100
AcDbEntity
  8
ENGRAVE_COMPASS
100
AcDbLine
 10
-30.45382296092244
 20
-31.53585684684646
 30
0.0
 11
-30.940083820243743
 21
-32.03939470708352
 31
0.0
  0
LINE
  5
F0
330
17
100
AcDbEntity
  8
ENGRAVE_COMPASS
100
AcDbLine
 10
-31.535856846846464
 20
-30.453822960922437
 30
0.0
 11
-32.039394707083524
 21
-30.940083820243736
 31
0.0
  0
LINE
  5
F1
330
17
100
AcDbEntity
  8
ENGRAVE_COMPASS
100
AcDbLine
 10
-32.579469148928965
 20
-29.334685782772336
 30
0.0
 11
-33.09967052676314
 21
-29.80307720722354
 31
0.0
  0
LINE
  5
F2
330
17
100
AcDbEntity
  8
ENGRAVE_COMPASS
100
AcDbLine
 10
-33.04715727615271
 20
-27.729857481877314
 30
0.0
 11
-34.11961949651928
 21
-28.629760135438467
 31
0.0
  0
TEXT
  5
F3
330
17
100
AcDbEntity
  8
ENGRAVE_TEXT
100
AcDbText
 10
-32.26579194417135
 20
-27.07421411999704
 30
0.0
 40
3.8
  1
230
 50
-230.0
 72
1
 11
-32.26579194417135
 21
-27.07421411999704
 31
0.0
100
AcDbText
 73
2
  0
LINE
  5
F4
330
17
100
AcDbEntity
  8
ENGRAVE_COMPASS
100
AcDbLine
 10
-34.5463914381187
 20
-26.990599078276848
 30
0.0
 11
-35.097998965643406
 21
-27.42156211100481
 31
0.0
  0
LINE
  5
F5
330
17
100
AcDbEntity
  8
ENGRAVE_COMPASS
100
AcDbLine
 10
-35.467305033397686
 20
-25.768505460502023
 30
0.0
 11
-36.03361692946015
 21
-26.17995513710676
 31
0.0
  0
LINE
  5
F6
330
17
100
AcDbEntity
  8
ENGRAVE_COMPASS
100
AcDbLine
 10
-36.345007180813035
 20
-24.51501688815753
 30
0.0
 11
-36.92533348160156
 21
-24.906451920587052
 31
0.0
  0
LINE
  5
F7
330
17
100
AcDbEntity
  8
ENGRAVE_COMPASS
100
AcDbLine
 10
-37.17842853549771
 20
-23.231660543983704
 30
0.0
 11
-37.77206220280721
 21
-23.60260402894695
 31
0.0
  0
LINE
  5
F8
330
17
100
AcDbEntity
  8
ENGRAVE_COMPASS
100
AcDbLine
 10
-37.36033591926067
 20
-21.570000000000018
 30
0.0
 11
-38.572771484558885
 21
-22.27000000000002
 31
0.0
  0
TEXT
  5
F9
330
17
100
AcDbEntity
  8
ENGRAVE_TEXT
100
AcDbText
 10
-36.476990007400545
 20
-21.060000000000016
 30
0.0
 40
3.8
  1
240
 50
-240.0
 72
1
 11
-36.476990007400545
 21
-21.060000000000016
 31
0.0
100
AcDbText
 73
2
  0
LINE
  5
FA
330
17
100
AcDbEntity
  8
ENGRAVE_COMPASS
100
AcDbLine
 10
-38.70842247093535
 20
-20.581633312533448
 30
0.0
 11
-39.326485785936605
 21
-20.910263406483573
 31
0.0
  0
LINE
  5
FB
330
17
100
AcDbEntity
  8
ENGRAVE_COMPASS
100
AcDbLine
 10
-39.40313098975547
 20
-19.218191075233165
 30
0.0
 11
-40.03228682216489
 21
-19.52505087798552
 31
0.0
  0
LINE
  5
FC
330
17
100
AcDbEntity
  8
ENGRAVE_COMPASS
100
AcDbLine
 10
-40.04983286305163
 20
-17.831334432443075
 30
0.0
 11
-40.68931468340145
 21
-18.116050082596136
 31
0.0
  0
LINE
  5
FD
330
17
100
AcDbEntity
  8
ENGRAVE_COMPASS
100
AcDbLine
 10
-40.647740184207954
 20
-16.422753055353592
 30
0.0
 11
-41.296768882404706
 21
-16.684977670744733
 31
0.0
  0
LINE
  5
FE
330
17
100
AcDbEntity
  8
ENGRAVE_COMPASS
100
AcDbLine
 10
-40.53833966070409
 20
-14.75474898306934
 30
0.0
 11
-41.85390932980436
 21
-15.233577183725277
 31
0.0
  0
TEXT
  5
FF
330
17
100
AcDbEntity
  8
ENGRAVE_TEXT
100
AcDbText
 10
-39.57985318750246
 20
-14.405888436877158
 30
0.0
 40
3.8
  1
250
 50
-250.0
 72
1
 11
-39.57985318750246
 21
-14.405888436877158
 31
0.0
100
AcDbText
 73
2
  0
LINE
  5
100
330
17
100
AcDbEntity
  8
ENGRAVE_COMPASS
100
AcDbLine
 10
-41.694317674379526
 20
-13.5473050333977
 30
0.0
 11
-42.36005723578614
 21
-13.763616929460165
 31
0.0
  0
LINE
  5
101
330
17
100
AcDbEntity
  8
ENGRAVE_COMPASS
100
AcDbLine
 10
-42.1417127499359
 20
-12.08394167901723
 30
0.0
 11
-42.814595937092726
 21
-12.27688782808913
 31
0.0
  0
LINE
  5
102
330
17
100
AcDbEntity
  8
ENGRAVE_COMPASS
100
AcDbLine
 10
-42.53776463993968
 20
-10.605855903089434
 30
0.0
 11
-43.21697164833288
 21
-10.775201230009204
 31
0.0
  0
LINE
  5
103
330
17
100
AcDbEntity
  8
ENGRAVE_COMPASS
100
AcDbLine
 10
-42.88199081617003
 20
-9.114848525450588
 30
0.0
 11
-43.5666941366837
 21
-9.26038670902302
 31
0.0
  0
LINE
  5
104
330
17
100
AcDbEntity
  8
ENGRAVE_COMPASS
100
AcDbLine
 10
-42.48460646494665
 20
-7.491182384551375
 30
0.0
 11
-43.86333731916375
 21
-7.734289833285077
 31
0.0
  0
TEXT
  5
105
330
17
100
AcDbEntity
  8
ENGRAVE_TEXT
100
AcDbText
 10
-41.4801025568742
 20
-7.314061243331105
 30
0.0
 40
3.8
  1
260
 50
-260.0
 72
1
 11
-41.4801025568742
 21
-7.314061243331105
 31
0.0
100
AcDbText
 73
2
  0
LINE
  5
106
330
17
100
AcDbEntity
  8
ENGRAVE_COMPASS
100
AcDbLine
 10
-43.41335213363043
 20
-6.101348746089285
 30
0.0
 11
-44.10653978174954
 21
-6.198769916761332
 31
0.0
  0
LINE
  5
107
330
17
100
AcDbEntity
  8
ENGRAVE_COMPASS
100
AcDbLine
 10
-43.599839892945106
 20
-4.582527829653923
 30
0.0
 11
-44.2960052197029
 21
-4.655697753941281
 31
0.0
  0
LINE
  5
108
330
17
100
AcDbEntity
  8
ENGRAVE_COMPASS
100
AcDbLine
 10
-43.73320796339069
 20
-3.058123808942465
 30
0.0
 11
-44.431502798572566
 21
-3.1069533405633534
 31
0.0
  0
LINE
  5
109
330
17
100
AcDbEntity
  8
ENGRAVE_COMPASS
100
AcDbLine
 10
-43.813293856517156
 20
-1.5299939354376333
 30
0.0
 11
-44.51286743543052
 21
-1.5544235831293838
 31
0.0
  0
LINE
  5
10A
330
17
100
AcDbEntity
  8
ENGRAVE_COMPASS
100
AcDbLine
 10
-43.14
 20
-7.924689437282522e-15
 30
0.0
 11
-44.54
 21
-8.181865265103466e-15
 31
0.0
  0
TEXT
  5
10B
330
17
100
AcDbEntity
  8
ENGRAVE_TEXT
100
AcDbText
 10
-42.12
 20
-7.737318477012977e-15
 30
0.0
 40
3.8
  1
270
 50
-270.0
 72
1
 11
-42.12
 21
-7.737318477012977e-15
 31
0.0
100
AcDbText
 73
2
  0
LINE
  5
10C
330
17
100
AcDbEntity
  8
ENGRAVE_COMPASS
100
AcDbLine
 10
-43.813293856517156
 20
1.529993935437656
 30
0.0
 11
-44.51286743543052
 21
1.554423583129407
 31
0.0
  0
LINE
  5
10D
330
17
100
AcDbEntity
  8
ENGRAVE_COMPASS
100
AcDbLine
 10
-43.7332079633907
 20
3.058123808942449
 30
0.0
 11
-44.43150279857257
 21
3.1069533405633374
 31
0.0
  0
LINE
  5
10E
330
17
100
AcDbEntity
  8
ENGRAVE_COMPASS
100
AcDbLine
 10
-43.599839892945106
 20
4.582527829653906
 30
0.0
 11
-44.2960052197029
 21
4.655697753941264
 31
0.0
  0
LINE
  5
10F
330
17
100
AcDbEntity
  8
ENGRAVE_COMPASS
100
AcDbLine
 10
-43.41335213363044
 20
6.101348746089269
 30
0.0
 11
-44.10653978174955
 21
6.198769916761315
 31
0.0
  0
LINE
  5
110
330
17
100
AcDbEntity
  8
ENGRAVE_COMPASS
100
AcDbLine
 10
-42.48460646494666
 20
7.491182384551359
 30
0.0
 11
-43.86333731916375
 21
7.734289833285061
 31
0.0
  0
TEXT
  5
111
330
17
100
AcDbEntity
  8
ENGRAVE_TEXT
100
AcDbText
 10
-41.4801025568742
 20
7.31406124333109
 30
0.0
 40
3.8
  1
280
 50
-280.0
 72
1
 11
-41.4801025568742
 21
7.31406124333109
 31
0.0
100
AcDbText
 73
2
  0
LINE
  5
112
330
17
100
AcDbEntity
  8
ENGRAVE_COMPASS
100
AcDbLine
 10
-42.88199081617003
 20
9.114848525450572
 30
0.0
 11
-43.5666941366837
 21
9.260386709023004
 31
0.0
  0
LINE
  5
113
330
17
100
AcDbEntity
  8
ENGRAVE_COMPASS
100
AcDbLine
 10
-42.53776463993969
 20
10.60585590308942
 30
0.0
 11
-43.21697164833289
 21
10.775201230009188
 31
0.0
  0
LINE
  5
114
330
17
100
AcDbEntity
  8
ENGRAVE_COMPASS
100
AcDbLine
 10
-42.14171274993589
 20
12.083941679017252
 30
0.0
 11
-42.81459593709272
 21
12.276887828089153
 31
0.0
  0
LINE
  5
115
330
17
100
AcDbEntity
  8
ENGRAVE_COMPASS
100
AcDbLine
 10
-41.69431767437953
 20
13.547305033397686
 30
0.0
 11
-42.360057235786144
 21
13.763616929460149
 31
0.0
  0
LINE
  5
116
330
17
100
AcDbEntity
  8
ENGRAVE_COMPASS
100
AcDbLine
 10
-40.53833966070408
 20
14.75474898306936
 30
0.0
 11
-41.85390932980435
 21
15.233577183725297
 31
0.0
  0
TEXT
  5
117
330
17
100
AcDbEntity
  8
ENGRAVE_TEXT
100
AcDbText
 10
-39.57985318750246
 20
14.405888436877177
 30
0.0
 40
3.8
  1
290
 50
-290.0
 72
1
 11
-39.57985318750246
 21
14.405888436877177
 31
0.0
100
AcDbText
 73
2
  0
LINE
  5
118
330
17
100
AcDbEntity
  8
ENGRAVE_COMPASS
100
AcDbLine
 10
-40.647740184207954
 20
16.422753055353578
 30
0.0
 11
-41.29676888240471
 21
16.68497767074472
 31
0.0
  0
LINE
  5
119
330
17
100
AcDbEntity
  8
ENGRAVE_COMPASS
100
AcDbLine
 10
-40.04983286305163
 20
17.83133443244306
 30
0.0
 11
-40.68931468340145
 21
18.11605008259612
 31
0.0
  0
LINE
  5
11A
330
17
100
AcDbEntity
  8
ENGRAVE_COMPASS
100
AcDbLine
 10
-39.40313098975548
 20
19.21819107523315
 30
0.0
 11
-40.0322868221649
 21
19.525050877985507
 31
0.0
  0
LINE
  5
11B
330
17
100
AcDbEntity
  8
ENGRAVE_COMPASS
100
AcDbLine
 10
-38.70842247093536
 20
20.581633312533434
 30
0.0
 11
-39.32648578593661
 21
20.91026340648356
 31
0.0
  0
LINE
  5
11C
330
17
100
AcDbEntity
  8
ENGRAVE_COMPASS
100
AcDbLine
 10
-37.360335919260685
 20
21.570000000000004
 30
0.0
 11
-38.57277148455889
 21
22.270000000000003
 31
0.0
  0
TEXT
  5
11D
330
17
100
AcDbEntity
  8
ENGRAVE_TEXT
100
AcDbText
 10
-36.47699000740055
 20
21.060000000000002
 30
0.0
 40
3.8
  1
300
 50
-300.0
 72
1
 11
-36.47699000740055
 21
21.060000000000002
 31
0.0
100
AcDbText
 73
2
  0
LINE
  5
11E
330
17
100
AcDbEntity
  8
ENGRAVE_COMPASS
100
AcDbLine
 10
-37.17842853549772
 20
23.23166054398369
 30
0.0
 11
-37.77206220280722
 21
23.602604028946935
 31
0.0
  0
LINE
  5
11F
330
17
100
AcDbEntity
  8
ENGRAVE_COMPASS
100
AcDbLine
 10
-36.34500718081302
 20
24.515016888157547
 30
0.0
 11
-36.925333481601555
 21
24.90645192058707
 31
0.0
  0
LINE
  5
120
330
17
100
AcDbEntity
  8
ENGRAVE_COMPASS
100
AcDbLine
 10
-35.4673050333977
 20
25.76850546050201
 30
0.0
 11
-36.033616929460166
 21
26.17995513710674
 31
0.0
  0
LINE
  5
121
330
17
100
AcDbEntity
  8
ENGRAVE_COMPASS
100
AcDbLine
 10
-34.54639143811868
 20
26.990599078276865
 30
0.0
 11
-35.09799896564339
 21
27.421562111004828
 31
0.0
  0
LINE
  5
122
330
17
100
AcDbEntity
  8
ENGRAVE_COMPASS
100
AcDbLine
 10
-33.04715727615272
 20
27.729857481877303
 30
0.0
 11
-34.119619496519284
 21
28.629760135438456
 31
0.0
  0
TEXT
  5
123
330
17
100
AcDbEntity
  8
ENGRAVE_TEXT
100
AcDbText
 10
-32.265791944171355
 20
27.07421411999703
 30
0.0
 40
3.8
  1
310
 50
-310.0
 72
1
 11
-32.265791944171355
 21
27.07421411999703
 31
0.0
100
AcDbText
 73
2
  0
LINE
  5
124
330
17
100
AcDbEntity
  8
ENGRAVE_COMPASS
100
AcDbLine
 10
-32.57946914892898
 20
29.334685782772322
 30
0.0
 11
-33.099670526763155
 21
29.803077207223527
 31
0.0
  0
LINE
  5
125
330
17
100
AcDbEntity
  8
ENGRAVE_COMPASS
100
AcDbLine
 10
-31.535856846846464
 20
30.453822960922437
 30
0.0
 11
-32.039394707083524
 21
30.940083820243736
 31
0.0
  0
LINE
  5
126
330
17
100
AcDbEntity
  8
ENGRAVE_COMPASS
100
AcDbLine
 10
-30.45382296092245
 20
31.53585684684645
 30
0.0
 11
-30.940083820243753
 21
32.03939470708351
 31
0.0
  0
LINE
  5
127
330
17
100
AcDbEntity
  8
ENGRAVE_COMPASS
100
AcDbLine
 10
-29.334685782772336
 20
32.57946914892896
 30
0.0
 11
-29.80307720722354
 21
33.09967052676314
 31
0.0
  0
LINE
  5
128
330
17
100
AcDbEntity
  8
ENGRAVE_COMPASS
100
AcDbLine
 10
-27.729857481877318
 20
33.0471572761527
 30
0.0
 11
-28.629760135438474
 21
34.11961949651927
 31
0.0
  0
TEXT
  5
129
330
17
100
AcDbEntity
  8
ENGRAVE_TEXT
100
AcDbText
 10
-27.074214119997045
 20
32.26579194417134
 30
0.0
 40
3.8
  1
320
 50
-320.0
 72
1
 11
-27.074214119997045
 21
32.26579194417134
 31
0.0
100
AcDbText
 73
2
  0
LINE
  5
12A
330
17
100
AcDbEntity
  8
ENGRAVE_COMPASS
100
AcDbLine
 10
-26.99059907827685
 20
34.54639143811869
 30
0.0
 11
-27.421562111004814
 21
35.0979989656434
 31
0.0
  0
LINE
  5
12B
330
17
100
AcDbEntity
  8
ENGRAVE_COMPASS
100
AcDbLine
 10
-25.76850546050203
 20
35.467305033397686
 30
0.0
 11
-26.179955137106763
 21
36.03361692946015
 31
0.0
  0
LINE
  5
12C
330
17
100
AcDbEntity
  8
ENGRAVE_COMPASS
100
AcDbLine
 10
-24.51501688815753
 20
36.345007180813035
 30
0.0
 11
-24.906451920587052
 21
36.92533348160156
 31
0.0
  0
LINE
  5
12D
330
17
100
AcDbEntity
  8
ENGRAVE_COMPASS
100
AcDbLine
 10
-23.231660543983704
 20
37.17842853549771
 30
0.0
 11
-23.60260402894695
 21
37.77206220280721
 31
0.0
  0
LINE
  5
12E
330
17
100
AcDbEntity
  8
ENGRAVE_COMPASS
100
AcDbLine
 10
-21.570000000000018
 20
37.36033591926067
 30
0.0
 11
-22.27000000000002
 21
38.572771484558885
 31
0.0
  0
TEXT
  5
12F
330
17
100
AcDbEntity
  8
ENGRAVE_TEXT
100
AcDbText
 10
-21.060000000000016
 20
36.476990007400545
 30
0.0
 40
3.8
  1
330
 50
-330.0
 72
1
 11
-21.060000000000016
 21
36.476990007400545
 31
0.0
100
AcDbText
 73
2
  0
LINE
  5
130
330
17
100
AcDbEntity
  8
ENGRAVE_COMPASS
100
AcDbLine
 10
-20.58163331253345
 20
38.70842247093535
 30
0.0
 11
-20.910263406483576
 21
39.326485785936605
 31
0.0
  0
LINE
  5
131
330
17
100
AcDbEntity
  8
ENGRAVE_COMPASS
100
AcDbLine
 10
-19.218191075233168
 20
39.40313098975547
 30
0.0
 11
-19.525050877985525
 21
40.03228682216489
 31
0.0
  0
LINE
  5
132
330
17
100
AcDbEntity
  8
ENGRAVE_COMPASS
100
AcDbLine
 10
-17.83133443244308
 20
40.04983286305163
 30
0.0
 11
-18.11605008259614
 21
40.68931468340145
 31
0.0
  0
LINE
  5
133
330
17
100
AcDbEntity
  8
ENGRAVE_COMPASS
100
AcDbLine
 10
-16.422753055353596
 20
40.647740184207954
 30
0.0
 11
-16.684977670744736
 21
41.296768882404706
 31
0.0
  0
LINE
  5
134
330
17
100
AcDbEntity
  8
ENGRAVE_COMPASS
100
AcDbLine
 10
-14.754748983069344
 20
40.53833966070409
 30
0.0
 11
-15.233577183725279
 21
41.85390932980436
 31
0.0
  0
TEXT
  5
135
330
17
100
AcDbEntity
  8
ENGRAVE_TEXT
100
AcDbText
 10
-14.405888436877161
 20
39.57985318750246
 30
0.0
 40
3.8
  1
340
 50
-340.0
 72
1
 11
-14.405888436877161
 21
39.57985318750246
 31
0.0
100
AcDbText
 73
2
  0
LINE
  5
136
330
17
100
AcDbEntity
  8
ENGRAVE_COMPASS
100
AcDbLine
 10
-13.547305033397702
 20
41.694317674379526
 30
0.0
 11
-13.763616929460166
 21
42.36005723578614
 31
0.0
  0
LINE
  5
137
330
17
100
AcDbEntity
  8
ENGRAVE_COMPASS
100
AcDbLine
 10
-12.083941679017233
 20
42.1417127499359
 30
0.0
 11
-12.276887828089132
 21
42.814595937092726
 31
0.0
  0
LINE
  5
138
330
17
100
AcDbEntity
  8
ENGRAVE_COMPASS
100
AcDbLine
 10
-10.605855903089438
 20
42.53776463993968
 30
0.0
 11
-10.775201230009207
 21
43.21697164833288
 31
0.0
  0
LINE
  5
139
330
17
100
AcDbEntity
  8
ENGRAVE_COMPASS
100
AcDbLine
 10
-9.114848525450592
 20
42.88199081617003
 30
0.0
 11
-9.260386709023024
 21
43.5666941366837
 31
0.0
  0
LINE
  5
13A
330
17
100
AcDbEntity
  8
ENGRAVE_COMPASS
100
AcDbLine
 10
-7.491182384551377
 20
42.48460646494665
 30
0.0
 11
-7.73428983328508
 21
43.86333731916375
 31
0.0
  0
TEXT
  5
13B
330
17
100
AcDbEntity
  8
ENGRAVE_TEXT
100
AcDbText
 10
-7.314061243331108
 20
41.4801025568742
 30
0.0
 40
3.8
  1
350
 50
-350.0
 72
1
 11
-7.314061243331108
 21
41.4801025568742
 31
0.0
100
AcDbText
 73
2
  0
LINE
  5
13C
330
17
100
AcDbEntity
  8
ENGRAVE_COMPASS
100
AcDbLine
 10
-6.101348746089288
 20
43.41335213363043
 30
0.0
 11
-6.198769916761334
 21
44.10653978174954
 31
0.0
  0
LINE
  5
13D
330
17
100
AcDbEntity
  8
ENGRAVE_COMPASS
100
AcDbLine
 10
-4.582527829653925
 20
43.5998398929451
 30
0.0
 11
-4.655697753941283
 21
44.29600521970289
 31
0.0
  0
LINE
  5
13E
330
17
100
AcDbEntity
  8
ENGRAVE_COMPASS
100
AcDbLine
 10
-3.0581238089424674
 20
43.73320796339069
 30
0.0
 11
-3.1069533405633556
 21
44.431502798572566
 31
0.0
  0
LINE
  5
13F
330
17
100
AcDbEntity
  8
ENGRAVE_COMPASS
100
AcDbLine
 10
-1.529993935437636
 20
43.813293856517156
 30
0.0
 11
-1.5544235831293867
 21
44.51286743543052
 31
0.0
  0
LINE
  5
140
330
17
100
AcDbEntity
  8
ENGRAVE_COMPASS
100
AcDbLine
 10
0.0
 20
44.54
 30
0.0
 11
0.0
 21
45.94
 31
0.0
  0
TEXT
  5
141
330
17
100
AcDbEntity
  8
ENGRAVE_TEXT
100
AcDbText
 10
0.0
 20
46.96
 30
0.0
 40
3.8
  1
0
 72
1
 11
0.0
 21
46.96
 31
0.0
100
AcDbText
 73
2
  0
LINE
  5
142
330
17
100
AcDbEntity
  8
ENGRAVE_COMPASS
100
AcDbLine
 10
2.848329957889776
 20
44.4488314407813
 30
0.0
 11
2.8930949100793324
 21
45.14739861654571
 31
0.0
  0
LINE
  5
143
330
17
100
AcDbEntity
  8
ENGRAVE_COMPASS
100
AcDbLine
 10
5.684520277568524
 20
44.17576065235223
 30
0.0
 11
5.773859392842389
 21
44.87003619022036
 31
0.0
  0
LINE
  5
144
330
17
100
AcDbEntity
  8
ENGRAVE_COMPASS
100
AcDbLine
 10
8.496495707363264
 20
43.72209007692515
 30
0.0
 11
8.630028419423306
 21
44.40923563269182
 31
0.0
  0
LINE
  5
145
330
17
100
AcDbEntity
  8
ENGRAVE_COMPASS
100
AcDbLine
 10
11.272309498745892
 20
43.08998304205378
 30
0.0
 11
11.449467483683524
 21
43.76719427082427
 31
0.0
  0
LINE
  5
146
330
17
100
AcDbEntity
  8
ENGRAVE_COMPASS
100
AcDbLine
 10
14.000206984780958
 20
42.282452677006454
 30
0.0
 11
14.440267374962666
 21
43.611492500711186
 31
0.0
  0
TEXT
  5
147
330
17
100
AcDbEntity
  8
ENGRAVE_TEXT
100
AcDbText
 10
14.760882802095056
 20
44.57979294369608
 30
0.0
 40
3.8
  1
10
 50
-18.320301852003325
 72
1
 11
14.760882802095056
 21
44.57979294369608
 31
0.0
100
AcDbText
 73
2
  0
LINE
  5
148
330
17
100
AcDbEntity
  8
ENGRAVE_COMPASS
100
AcDbLine
 10
16.6686883555758
 20
41.30334645648815
 30
0.0
 11
16.93065696466657
 21
41.95247852922146
 31
0.0
  0
LINE
  5
149
330
17
100
AcDbEntity
  8
ENGRAVE_COMPASS
100
AcDbLine
 10
19.266570370932815
 20
40.15732643169729
 30
0.0
 11
19.56936783971712
 21
40.78844741288697
 31
0.0
  0
LINE
  5
14A
330
17
100
AcDbEntity
  8
ENGRAVE_COMPASS
100
AcDbLine
 10
21.7830467570328
 20
38.84984522467139
 30
0.0
 11
22.125393697533987
 21
39.46041755644665
 31
0.0
  0
LINE
  5
14B
330
17
100
AcDbEntity
  8
ENGRAVE_COMPASS
100
AcDbLine
 10
24.207747042114093
 20
37.38711787695082
 30
0.0
 11
24.588201081841973
 21
37.974701678339805
 31
0.0
  0
LINE
  5
14C
330
17
100
AcDbEntity
  8
ENGRAVE_COMPASS
100
AcDbLine
 10
26.530793595637515
 20
35.77608965755872
 30
0.0
 11
27.36472065073164
 21
36.900618744235466
 31
0.0
  0
TEXT
  5
14D
330
17
100
AcDbEntity
  8
ENGRAVE_TEXT
100
AcDbText
 10
27.97229607658594
 20
37.71991850738567
 30
0.0
 40
3.8
  1
20
 50
-36.55985197496331
 72
1
 11
27.97229607658594
 21
37.71991850738567
 31
0.0
100
AcDbText
 73
2
  0
LINE
  5
14E
330
17
100
AcDbEntity
  8
ENGRAVE_COMPASS
100
AcDbLine
 10
28.74285664618419
 20
34.02439994793303
 30
0.0
 11
29.194585421494672
 21
34.559134567680516
 31
0.0
  0
LINE
  5
14F
330
17
100
AcDbEntity
  8
ENGRAVE_COMPASS
100
AcDbLine
 10
30.835207065110573
 20
32.14034233252277
 30
0.0
 11
31.31981965930854
 21
32.64546670685519
 31
0.0
  0
LINE
  5
150
330
17
100
AcDbEntity
  8
ENGRAVE_COMPASS
100
AcDbLine
 10
32.79976671550159
 20
30.132821033030986
 30
0.0
 11
33.315254742013735
 21
30.60639478074364
 31
0.0
  0
LINE
  5
151
330
17
100
AcDbEntity
  8
ENGRAVE_COMPASS
100
AcDbLine
 10
34.62915617884863
 20
28.01130383150541
 30
0.0
 11
35.17339527460961
 21
28.451535369045907
 31
0.0
  0
LINE
  5
152
330
17
100
AcDbEntity
  8
ENGRAVE_COMPASS
100
AcDbLine
 10
36.31673968464431
 20
25.785771632390222
 30
0.0
 11
37.458262710205645
 21
26.596280844005538
 31
0.0
  0
TEXT
  5
153
330
17
100
AcDbEntity
  8
ENGRAVE_TEXT
100
AcDbText
 10
38.289943771686055
 20
27.186794698182418
 30
0.0
 40
3.8
  1
30
 50
-54.624318352164074
 72
1
 11
38.289943771686055
 21
27.186794698182418
 31
0.0
100
AcDbText
 73
2
  0
LINE
  5
154
330
17
100
AcDbEntity
  8
ENGRAVE_COMPASS
100
AcDbLine
 10
37.856667080090844
 20
23.46666481601435
 30
0.0
 11
38.45163041543129
 21
23.835471851739765
 31
0.0
  0
LINE
  5
155
330
17
100
AcDbEntity
  8
ENGRAVE_COMPASS
100
AcDbLine
 10
39.24391268752391
 20
21.064826535578185
 30
0.0
 11
39.860678266357915
 21
21.39588577614632
 31
0.0
  0
LINE
  5
156
330
17
100
AcDbEntity
  8
ENGRAVE_COMPASS
100
AcDbLine
 10
40.474310904871345
 20
18.59144310632751
 30
0.0
 11
41.11041368065513
 21
18.88363013314451
 31
0.0
  0
LINE
  5
157
330
17
100
AcDbEntity
  8
ENGRAVE_COMPASS
100
AcDbLine
 10
41.544588408086085
 20
16.057981629168687
 30
0.0
 11
42.197511890027265
 21
16.31035224300834
 31
0.0
  0
LINE
  5
158
330
17
100
AcDbEntity
  8
ENGRAVE_COMPASS
100
AcDbLine
 10
42.452392812215734
 20
13.476124981512058
 30
0.0
 11
43.78677426567559
 21
13.899712205897258
 31
0.0
  0
TEXT
  5
159
330
17
100
AcDbEntity
  8
ENGRAVE_TEXT
100
AcDbText
 10
44.75896646748206
 20
14.208325755092194
 30
0.0
 40
3.8
  1
40
 50
-72.38843382457938
 72
1
 11
44.75896646748206
 21
14.208325755092194
 31
0.0
100
AcDbText
 73
2
  0
LINE
  5
15A
330
17
100
AcDbEntity
  8
ENGRAVE_COMPASS
100
AcDbLine
 10
43.19631763731124
 20
10.857704295868182
 30
0.0
 11
43.875200042926814
 21
11.028346258308858
 31
0.0
  0
LINE
  5
15B
330
17
100
AcDbEntity
  8
ENGRAVE_COMPASS
100
AcDbLine
 10
43.775923403885315
 20
8.214629032230633
 30
0.0
 11
44.46391501553147
 21
8.34373186839052
 31
0.0
  0
LINE
  5
15C
330
17
100
AcDbEntity
  8
ENGRAVE_COMPASS
100
AcDbLine
 10
44.19175464661298
 20
5.558814734595849
 30
0.0
 11
44.886281549456015
 21
5.646178235139565
 31
0.0
  0
LINE
  5
15D
330
17
100
AcDbEntity
  8
ENGRAVE_COMPASS
100
AcDbLine
 10
44.44535258024637
 20
2.902108546830604
 30
0.0
 11
45.143865081507535
 21
2.947718694625427
 31
0.0
  0
LINE
  5
15E
330
17
100
AcDbEntity
  8
ENGRAVE_COMPASS
100
AcDbLine
 10
44.53926307347943
 20
0.25621255119777686
 30
0.0
 11
45.9392399100953
 21
0.26426593179222874
 31
0.0
  0
TEXT
  5
15F
330
17
100
AcDbEntity
  8
ENGRAVE_TEXT
100
AcDbText
 10
46.95922303391545
 20
0.270133394796758
 30
0.0
 40
3.8
  1
50
 50
-89.67040909736356
 72
1
 11
46.95922303391545
 21
0.270133394796758
 31
0.0
100
AcDbText
 73
2
  0
LINE
  5
160
330
17
100
AcDbEntity
  8
ENGRAVE_COMPASS
100
AcDbLine
 10
44.477039479468154
 20
-2.3673950117863853
 30
0.0
 11
45.17604997869643
 21
-2.4046014892953766
 31
0.0
  0
LINE
  5
161
330
17
100
AcDbEntity
  8
ENGRAVE_COMPASS
100
AcDbLine
 10
44.26323973057268
 20
-4.957540575109064
 30
0.0
 11
44.95889010801769
 21
-5.035454324605614
 31
0.0
  0
LINE
  5
162
330
17
100
AcDbEntity
  8
ENGRAVE_COMPASS
100
AcDbLine
 10
43.90341692507086
 20
-7.503438032222437
 30
0.0
 11
44.59341225168849
 21
-7.621363641170701
 31
0.0
  0
LINE
  5
163
330
17
100
AcDbEntity
  8
ENGRAVE_COMPASS
100
AcDbLine
 10
43.40410241260514
 20
-9.994773321896016
 30
0.0
 11
44.08625040741483
 21
-10.151853279806371
 31
0.0
  0
LINE
  5
164
330
17
100
AcDbEntity
  8
ENGRAVE_COMPASS
100
AcDbLine
 10
42.772780124609774
 20
-12.421790547734531
 30
0.0
 11
44.11723212673042
 21
-12.812237489064309
 31
0.0
  0
TEXT
  5
165
330
17
100
AcDbEntity
  8
ENGRAVE_TEXT
100
AcDbText
 10
45.09676144256118
 20
-13.096705974890293
 30
0.0
 40
3.8
  1
60
 50
-106.19400773163439
 72
1
 11
45.09676144256118
 21
-13.096705974890293
 31
0.0
100
AcDbText
 73
2
  0
LINE
  5
166
330
17
100
AcDbEntity
  8
ENGRAVE_COMPASS
100
AcDbLine
 10
40.6741912423574
 20
-18.14997980109443
 30
0.0
 11
41.31343537952961
 21
-18.43522869783368
 31
0.0
  0
LINE
  5
167
330
17
100
AcDbEntity
  8
ENGRAVE_COMPASS
100
AcDbLine
 10
37.95903970932556
 20
-23.30070609114336
 30
0.0
 11
39.1521841995154
 21
-24.0331036782022
 31
0.0
  0
TEXT
  5
168
330
17
100
AcDbEntity
  8
ENGRAVE_TEXT
100
AcDbText
 10
40.02147518522516
 20
-24.566707634487926
 30
0.0
 40
3.8
  1
70
 50
-121.54318937358855
 72
1
 11
40.02147518522516
 21
-24.566707634487926
 31
0.0
100
AcDbText
 73
2
  0
LINE
  5
169
330
17
100
AcDbEntity
  8
ENGRAVE_COMPASS
100
AcDbLine
 10
34.80684296317342
 20
-27.790201203607445
 30
0.0
 11
35.35387462177741
 21
-28.226957845783584
 31
0.0
  0
LINE
  5
16A
330
17
100
AcDbEntity
  8
ENGRAVE_COMPASS
100
AcDbLine
 10
31.410744870780967
 20
-31.578104861797954
 30
0.0
 11
32.398060605381175
 21
-32.570681125976606
 31
0.0
  0
TEXT
  5
16B
330
17
100
AcDbEntity
  8
ENGRAVE_TEXT
100
AcDbText
 10
33.1173906405899
 20
-33.29384383273534
 30
0.0
 40
3.8
  1
80
 50
-135.15223327018606
 72
1
 11
33.1173906405899
 21
-33.29384383273534
 31
0.0
100
AcDbText
 73
2
  0
LINE
  5
16C
330
17
100
AcDbEntity
  8
ENGRAVE_COMPASS
100
AcDbLine
 10
27.960151735290307
 20
-34.670470359364074
 30
0.0
 11
28.399579355737167
 21
-35.21535875746813
 31
0.0
  0
LINE
  5
16D
330
17
100
AcDbEntity
  8
ENGRAVE_COMPASS
100
AcDbLine
 10
24.620411360404923
 20
-37.11666666666667
 30
0.0
 11
25.394290478154513
 21
-38.28333333333333
 31
0.0
  0
TEXT
  5
16E
330
17
100
AcDbEntity
  8
ENGRAVE_TEXT
100
AcDbText
 10
25.958116692514935
 20
-39.13333333333333
 30
0.0
 40
3.8
  1
90
 50
-146.44269023807928
 72
1
 11
25.958116692514935
 21
-39.13333333333333
 31
0.0
100
AcDbText
 73
2
  0
LINE
  5
16F
330
17
100
AcDbEntity
  8
ENGRAVE_COMPASS
100
AcDbLine
 10
21.514910207552738
 20
-38.99897740660572
 30
0.0
 11
21.85304305769389
 21
-39.61189353109211
 31
0.0
  0
LINE
  5
170
330
17
100
AcDbEntity
  8
ENGRAVE_COMPASS
100
AcDbLine
 10
18.71609721767656
 20
-40.416819579705674
 30
0.0
 11
19.304389451730152
 21
-41.68721803977724
 31
0.0
  0
TEXT
  5
171
330
17
100
AcDbEntity
  8
ENGRAVE_TEXT
100
AcDbText
 10
19.733002365112064
 20
-42.61279406068654
 30
0.0
 40
3.8
  1
100
 50
-155.15223327018606
 72
1
 11
19.733002365112064
 21
-42.61279406068654
 31
0.0
100
AcDbText
 73
2
  0
LINE
  5
172
330
17
100
AcDbEntity
  8
ENGRAVE_COMPASS
100
AcDbLine
 10
16.24850962984009
 20
-41.47044170019164
 30
0.0
 11
16.503874621777406
 21
-42.12219987688976
 31
0.0
  0
LINE
  5
173
330
17
100
AcDbEntity
  8
ENGRAVE_COMPASS
100
AcDbLine
 10
14.100906263126838
 20
-42.2489768226227
 30
0.0
 11
14.544131875349054
 21
-43.57696441920267
 31
0.0
  0
TEXT
  5
174
330
17
100
AcDbEntity
  8
ENGRAVE_TEXT
100
AcDbText
 10
14.867053392825243
 20
-44.54449823956808
 30
0.0
 40
3.8
  1
110
 50
-161.54318937358858
 72
1
 11
14.867053392825243
 21
-44.54449823956808
 31
0.0
100
AcDbText
 73
2
  0
LINE
  5
175
330
17
100
AcDbEntity
  8
ENGRAVE_COMPASS
100
AcDbLine
 10
12.241174995258008
 20
-42.82482031177095
 30
0.0
 11
12.433559873944146
 21
-43.497864187348846
 31
0.0
  0
LINE
  5
176
330
17
100
AcDbEntity
  8
ENGRAVE_COMPASS
100
AcDbLine
 10
10.628803887477366
 20
-43.25320945226546
 30
0.0
 11
10.962892918516168
 21
-44.612762510935674
 31
0.0
  0
TEXT
  5
177
330
17
100
AcDbEntity
  8
ENGRAVE_TEXT
100
AcDbText
 10
11.206300641130156
 20
-45.6032940251097
 30
0.0
 40
3.8
  1
120
 50
-166.19400773163437
 72
1
 11
11.206300641130156
 21
-45.6032940251097
 31
0.0
100
AcDbText
 73
2
  0
LINE
  5
178
330
17
100
AcDbEntity
  8
ENGRAVE_COMPASS
100
AcDbLine
 10
7.986481974176307
 20
-43.818120745602
 30
0.0
 11
8.23751643227794
 21
-45.19543033347453
 31
0.0
  0
LINE
  5
179
330
17
100
AcDbEntity
  8
ENGRAVE_COMPASS
100
AcDbLine
 10
5.899611712912622
 20
-44.14755012044116
 30
0.0
 11
6.085050787858236
 21
-45.535214470881606
 31
0.0
  0
TEXT
  5
17A
330
17
100
AcDbEntity
  8
ENGRAVE_TEXT
100
AcDbText
 10
6.220156399604328
 20
-46.546227069059654
 30
0.0
 40
3.8
  1
140
 50
-172.38843382457938
 72
1
 11
6.220156399604328
 21
-46.546227069059654
 31
0.0
100
AcDbText
 73
2
  0
LINE
  5
17B
330
17
100
AcDbEntity
  8
ENGRAVE_COMPASS
100
AcDbLine
 10
4.172763447511907
 20
-44.34410496572356
 30
0.0
 11
4.3039235019914015
 21
-45.73794751067221
 31
0.0
  0
LINE
  5
17C
330
17
100
AcDbEntity
  8
ENGRAVE_COMPASS
100
AcDbLine
 10
2.672660149438797
 20
-44.45974007712597
 30
0.0
 11
2.756668326565297
 21
-45.85721731349724
 31
0.0
  0
TEXT
  5
17D
330
17
100
AcDbEntity
  8
ENGRAVE_TEXT
100
AcDbText
 10
2.817874284186033
 20
-46.87537929999631
 30
0.0
 40
3.8
  1
160
 50
-176.55985197496332
 72
1
 11
2.817874284186033
 21
-46.87537929999631
 31
0.0
100
AcDbText
 73
2
  0
LINE
  5
17E
330
17
100
AcDbEntity
  8
ENGRAVE_COMPASS
100
AcDbLine
 10
1.3055593316765546
 20
-44.52086156883616
 30
0.0
 11
1.3465962213116505
 21
-45.920260001624
 31
0.0
  0
LINE
  5
17F
330
17
100
AcDbEntity
  8
ENGRAVE_COMPASS
100
AcDbLine
 10
9.090961405670518e-16
 20
-44.54
 30
0.0
 11
9.376712325471566e-16
 21
-45.94
 31
0.0
  0
TEXT
  5
180
330
17
100
AcDbEntity
  8
ENGRAVE_TEXT
100
AcDbText
 10
9.584902281326618e-16
 20
-46.96
 30
0.0
 40
3.8
  1
180
 50
-180.0
 72
1
 11
9.584902281326618e-16
 21
-46.96
 31
0.0
100
AcDbText
 73
2
  0
LINE
  5
181
330
17
100
AcDbEntity
  8
ENGRAVE_COMPASS
100
AcDbLine
 10
-2.848329957889776
 20
44.4488314407813
 30
0.0
 11
-2.8930949100793324
 21
45.14739861654571
 31
0.0
  0
LINE
  5
182
330
17
100
AcDbEntity
  8
ENGRAVE_COMPASS
100
AcDbLine
 10
-5.684520277568524
 20
44.17576065235223
 30
0.0
 11
-5.773859392842389
 21
44.87003619022036
 31
0.0
  0
LINE
  5
183
330
17
100
AcDbEntity
  8
ENGRAVE_COMPASS
100
AcDbLine
 10
-8.496495707363264
 20
43.72209007692515
 30
0.0
 11
-8.630028419423306
 21
44.40923563269182
 31
0.0
  0
LINE
  5
184
330
17
100
AcDbEntity
  8
ENGRAVE_COMPASS
100
AcDbLine
 10
-11.272309498745892
 20
43.08998304205378
 30
0.0
 11
-11.449467483683524
 21
43.76719427082427
 31
0.0
  0
LINE
  5
185
330
17
100
AcDbEntity
  8
ENGRAVE_COMPASS
100
AcDbLine
 10
-14.000206984780958
 20
42.282452677006454
 30
0.0
 11
-14.440267374962666
 21
43.611492500711186
 31
0.0
  0
TEXT
  5
186
330
17
100
AcDbEntity
  8
ENGRAVE_TEXT
100
AcDbText
 10
-14.760882802095056
 20
44.57979294369608
 30
0.0
 40
3.8
  1
10
 50
-341.67969814799665
 72
1
 11
-14.760882802095056
 21
44.57979294369608
 31
0.0
100
AcDbText
 73
2
  0
LINE
  5
187
330
17
100
AcDbEntity
  8
ENGRAVE_COMPASS
100
AcDbLine
 10
-16.6686883555758
 20
41.30334645648815
 30
0.0
 11
-16.93065696466657
 21
41.95247852922146
 31
0.0
  0
LINE
  5
188
330
17
100
AcDbEntity
  8
ENGRAVE_COMPASS
100
AcDbLine
 10
-19.266570370932815
 20
40.15732643169729
 30
0.0
 11
-19.56936783971712
 21
40.78844741288697
 31
0.0
  0
LINE
  5
189
330
17
100
AcDbEntity
  8
ENGRAVE_COMPASS
100
AcDbLine
 10
-21.7830467570328
 20
38.84984522467139
 30
0.0
 11
-22.125393697533987
 21
39.46041755644665
 31
0.0
  0
LINE
  5
18A
330
17
100
AcDbEntity
  8
ENGRAVE_COMPASS
100
AcDbLine
 10
-24.207747042114093
 20
37.38711787695082
 30
0.0
 11
-24.588201081841973
 21
37.974701678339805
 31
0.0
  0
LINE
  5
18B
330
17
100
AcDbEntity
  8
ENGRAVE_COMPASS
100
AcDbLine
 10
-26.530793595637515
 20
35.77608965755872
 30
0.0
 11
-27.36472065073164
 21
36.900618744235466
 31
0.0
  0
TEXT
  5
18C
330
17
100
AcDbEntity
  8
ENGRAVE_TEXT
100
AcDbText
 10
-27.97229607658594
 20
37.71991850738567
 30
0.0
 40
3.8
  1
20
 50
-323.4401480250367
 72
1
 11
-27.97229607658594
 21
37.71991850738567
 31
0.0
100
AcDbText
 73
2
  0
LINE
  5
18D
330
17
100
AcDbEntity
  8
ENGRAVE_COMPASS
100
AcDbLine
 10
-28.74285664618419
 20
34.02439994793303
 30
0.0
 11
-29.194585421494672
 21
34.559134567680516
 31
0.0
  0
LINE
  5
18E
330
17
100
AcDbEntity
  8
ENGRAVE_COMPASS
100
AcDbLine
 10
-30.835207065110573
 20
32.14034233252277
 30
0.0
 11
-31.31981965930854
 21
32.64546670685519
 31
0.0
  0
LINE
  5
18F
330
17
100
AcDbEntity
  8
ENGRAVE_COMPASS
100
AcDbLine
 10
-32.79976671550159
 20
30.132821033030986
 30
0.0
 11
-33.315254742013735
 21
30.60639478074364
 31
0.0
  0
LINE
  5
190
330
17
100
AcDbEntity
  8
ENGRAVE_COMPASS
100
AcDbLine
 10
-34.62915617884863
 20
28.01130383150541
 30
0.0
 11
-35.17339527460961
 21
28.451535369045907
 31
0.0
  0
LINE
  5
191
330
17
100
AcDbEntity
  8
ENGRAVE_COMPASS
100
AcDbLine
 10
-36.31673968464431
 20
25.785771632390222
 30
0.0
 11
-37.458262710205645
 21
26.596280844005538
 31
0.0
  0
TEXT
  5
192
330
17
100
AcDbEntity
  8
ENGRAVE_TEXT
100
AcDbText
 10
-38.289943771686055
 20
27.186794698182418
 30
0.0
 40
3.8
  1
30
 50
-305.3756816478359
 72
1
 11
-38.289943771686055
 21
27.186794698182418
 31
0.0
100
AcDbText
 73
2
  0
LINE
  5
193
330
17
100
AcDbEntity
  8
ENGRAVE_COMPASS
100
AcDbLine
 10
-37.856667080090844
 20
23.46666481601435
 30
0.0
 11
-38.45163041543129
 21
23.835471851739765
 31
0.0
  0
LINE
  5
194
330
17
100
AcDbEntity
  8
ENGRAVE_COMPASS
100
AcDbLine
 10
-39.24391268752391
 20
21.064826535578185
 30
0.0
 11
-39.860678266357915
 21
21.39588577614632
 31
0.0
  0
LINE
  5
195
330
17
100
AcDbEntity
  8
ENGRAVE_COMPASS
100
AcDbLine
 10
-40.474310904871345
 20
18.59144310632751
 30
0.0
 11
-41.11041368065513
 21
18.88363013314451
 31
0.0
  0
LINE
  5
196
330
17
100
AcDbEntity
  8
ENGRAVE_COMPASS
100
AcDbLine
 10
-41.544588408086085
 20
16.057981629168687
 30
0.0
 11
-42.197511890027265
 21
16.31035224300834
 31
0.0
  0
LINE
  5
197
330
17
100
AcDbEntity
  8
ENGRAVE_COMPASS
100
AcDbLine
 10
-42.452392812215734
 20
13.476124981512058
 30
0.0
 11
-43.78677426567559
 21
13.899712205897258
 31
0.0
  0
TEXT
  5
198
330
17
100
AcDbEntity
  8
ENGRAVE_TEXT
100
AcDbText
 10
-44.75896646748206
 20
14.208325755092194
 30
0.0
 40
3.8
  1
40
 50
-287.61156617542065
 72
1
 11
-44.75896646748206
 21
14.208325755092194
 31
0.0
100
AcDbText
 73
2
  0
LINE
  5
199
330
17
100
AcDbEntity
  8
ENGRAVE_COMPASS
100
AcDbLine
 10
-43.19631763731124
 20
10.857704295868182
 30
0.0
 11
-43.875200042926814
 21
11.028346258308858
 31
0.0
  0
LINE
  5
19A
330
17
100
AcDbEntity
  8
ENGRAVE_COMPASS
100
AcDbLine
 10
-43.775923403885315
 20
8.214629032230633
 30
0.0
 11
-44.46391501553147
 21
8.34373186839052
 31
0.0
  0
LINE
  5
19B
330
17
100
AcDbEntity
  8
ENGRAVE_COMPASS
100
AcDbLine
 10
-44.19175464661298
 20
5.558814734595849
 30
0.0
 11
-44.886281549456015
 21
5.646178235139565
 31
0.0
  0
LINE
  5
19C
330
17
100
AcDbEntity
  8
ENGRAVE_COMPASS
100
AcDbLine
 10
-44.44535258024637
 20
2.902108546830604
 30
0.0
 11
-45.143865081507535
 21
2.947718694625427
 31
0.0
  0
LINE
  5
19D
330
17
100
AcDbEntity
  8
ENGRAVE_COMPASS
100
AcDbLine
 10
-44.53926307347943
 20
0.25621255119777686
 30
0.0
 11
-45.9392399100953
 21
0.26426593179222874
 31
0.0
  0
TEXT
  5
19E
330
17
100
AcDbEntity
  8
ENGRAVE_TEXT
100
AcDbText
 10
-46.95922303391545
 20
0.270133394796758
 30
0.0
 40
3.8
  1
50
 50
-270.3295909026364
 72
1
 11
-46.95922303391545
 21
0.270133394796758
 31
0.0
100
AcDbText
 73
2
  0
LINE
  5
19F
330
17
100
AcDbEntity
  8
ENGRAVE_COMPASS
100
AcDbLine
 10
-44.477039479468154
 20
-2.3673950117863853
 30
0.0
 11
-45.17604997869643
 21
-2.4046014892953766
 31
0.0
  0
LINE
  5
1A0
330
17
100
AcDbEntity
  8
ENGRAVE_COMPASS
100
AcDbLine
 10
-44.26323973057268
 20
-4.957540575109064
 30
0.0
 11
-44.95889010801769
 21
-5.035454324605614
 31
0.0
  0
LINE
  5
1A1
330
17
100
AcDbEntity
  8
ENGRAVE_COMPASS
100
AcDbLine
 10
-43.90341692507086
 20
-7.503438032222437
 30
0.0
 11
-44.59341225168849
 21
-7.621363641170701
 31
0.0
  0
LINE
  5
1A2
330
17
100
AcDbEntity
  8
ENGRAVE_COMPASS
100
AcDbLine
 10
-43.40410241260514
 20
-9.994773321896016
 30
0.0
 11
-44.08625040741483
 21
-10.151853279806371
 31
0.0
  0
LINE
  5
1A3
330
17
100
AcDbEntity
  8
ENGRAVE_COMPASS
100
AcDbLine
 10
-42.772780124609774
 20
-12.421790547734531
 30
0.0
 11
-44.11723212673042
 21
-12.812237489064309
 31
0.0
  0
TEXT
  5
1A4
330
17
100
AcDbEntity
  8
ENGRAVE_TEXT
100
AcDbText
 10
-45.09676144256118
 20
-13.096705974890293
 30
0.0
 40
3.8
  1
60
 50
-253.80599226836563
 72
1
 11
-45.09676144256118
 21
-13.096705974890293
 31
0.0
100
AcDbText
 73
2
  0
LINE
  5
1A5
330
17
100
AcDbEntity
  8
ENGRAVE_COMPASS
100
AcDbLine
 10
-40.6741912423574
 20
-18.14997980109443
 30
0.0
 11
-41.31343537952961
 21
-18.43522869783368
 31
0.0
  0
LINE
  5
1A6
330
17
100
AcDbEntity
  8
ENGRAVE_COMPASS
100
AcDbLine
 10
-37.95903970932556
 20
-23.30070609114336
 30
0.0
 11
-39.1521841995154
 21
-24.0331036782022
 31
0.0
  0
TEXT
  5
1A7
330
17
100
AcDbEntity
  8
ENGRAVE_TEXT
100
AcDbText
 10
-40.02147518522516
 20
-24.566707634487926
 30
0.0
 40
3.8
  1
70
 50
-238.45681062641145
 72
1
 11
-40.02147518522516
 21
-24.566707634487926
 31
0.0
100
AcDbText
 73
2
  0
LINE
  5
1A8
330
17
100
AcDbEntity
  8
ENGRAVE_COMPASS
100
AcDbLine
 10
-34.80684296317342
 20
-27.790201203607445
 30
0.0
 11
-35.35387462177741
 21
-28.226957845783584
 31
0.0
  0
LINE
  5
1A9
330
17
100
AcDbEntity
  8
ENGRAVE_COMPASS
100
AcDbLine
 10
-31.410744870780967
 20
-31.578104861797954
 30
0.0
 11
-32.398060605381175
 21
-32.570681125976606
 31
0.0
  0
TEXT
  5
1AA
330
17
100
AcDbEntity
  8
ENGRAVE_TEXT
100
AcDbText
 10
-33.1173906405899
 20
-33.29384383273534
 30
0.0
 40
3.8
  1
80
 50
-224.84776672981394
 72
1
 11
-33.1173906405899
 21
-33.29384383273534
 31
0.0
100
AcDbText
 73
2
  0
LINE
  5
1AB
330
17
100
AcDbEntity
  8
ENGRAVE_COMPASS
100
AcDbLine
 10
-27.960151735290307
 20
-34.670470359364074
 30
0.0
 11
-28.399579355737167
 21
-35.21535875746813
 31
0.0
  0
LINE
  5
1AC
330
17
100
AcDbEntity
  8
ENGRAVE_COMPASS
100
AcDbLine
 10
-24.620411360404923
 20
-37.11666666666667
 30
0.0
 11
-25.394290478154513
 21
-38.28333333333333
 31
0.0
  0
TEXT
  5
1AD
330
17
100
AcDbEntity
  8
ENGRAVE_TEXT
100
AcDbText
 10
-25.958116692514935
 20
-39.13333333333333
 30
0.0
 40
3.8
  1
90
 50
-213.55730976192072
 72
1
 11
-25.958116692514935
 21
-39.13333333333333
 31
0.0
100
AcDbText
 73
2
  0
LINE
  5
1AE
330
17
100
AcDbEntity
  8
ENGRAVE_COMPASS
100
AcDbLine
 10
-21.514910207552738
 20
-38.99897740660572
 30
0.0
 11
-21.85304305769389
 21
-39.61189353109211
 31
0.0
  0
LINE
  5
1AF
330
17
100
AcDbEntity
  8
ENGRAVE_COMPASS
100
AcDbLine
 10
-18.71609721767656
 20
-40.416819579705674
 30
0.0
 11
-19.304389451730152
 21
-41.68721803977724
 31
0.0
  0
TEXT
  5
1B0
330
17
100
AcDbEntity
  8
ENGRAVE_TEXT
100
AcDbText
 10
-19.733002365112064
 20
-42.61279406068654
 30
0.0
 40
3.8
  1
100
 50
-204.84776672981394
 72
1
 11
-19.733002365112064
 21
-42.61279406068654
 31
0.0
100
AcDbText
 73
2
  0
LINE
  5
1B1
330
17
100
AcDbEntity
  8
ENGRAVE_COMPASS
100
AcDbLine
 10
-16.24850962984009
 20
-41.47044170019164
 30
0.0
 11
-16.503874621777406
 21
-42.12219987688976
 31
0.0
  0
LINE
  5
1B2
330
17
100
AcDbEntity
  8
ENGRAVE_COMPASS
100
AcDbLine
 10
-14.100906263126838
 20
-42.2489768226227
 30
0.0
 11
-14.544131875349054
 21
-43.57696441920267
 31
0.0
  0
TEXT
  5
1B3
330
17
100
AcDbEntity
  8
ENGRAVE_TEXT
100
AcDbText
 10
-14.867053392825243
 20
-44.54449823956808
 30
0.0
 40
3.8
  1
110
 50
-198.45681062641142
 72
1
 11
-14.867053392825243
 21
-44.54449823956808
 31
0.0
100
AcDbText
 73
2
  0
LINE
  5
1B4
330
17
100
AcDbEntity
  8
ENGRAVE_COMPASS
100
AcDbLine
 10
-12.241174995258008
 20
-42.82482031177095
 30
0.0
 11
-12.433559873944146
 21
-43.497864187348846
 31
0.0
  0
LINE
  5
1B5
330
17
100
AcDbEntity
  8
ENGRAVE_COMPASS
100
AcDbLine
 10
-10.628803887477366
 20
-43.25320945226546
 30
0.0
 11
-10.962892918516168
 21
-44.612762510935674
 31
0.0
  0
TEXT
  5
1B6
330
17
100
AcDbEntity
  8
ENGRAVE_TEXT
100
AcDbText
 10
-11.206300641130156
 20
-45.6032940251097
 30
0.0
 40
3.8
  1
120
 50
-193.80599226836563
 72
1
 11
-11.206300641130156
 21
-45.6032940251097
 31
0.0
100
AcDbText
 73
2
  0
LINE
  5
1B7
330
17
100
AcDbEntity
  8
ENGRAVE_COMPASS
100
AcDbLine
 10
-7.986481974176307
 20
-43.818120745602
 30
0.0
 11
-8.23751643227794
 21
-45.19543033347453
 31
0.0
  0
LINE
  5
1B8
330
17
100
AcDbEntity
  8
ENGRAVE_COMPASS
100
AcDbLine
 10
-5.899611712912622
 20
-44.14755012044116
 30
0.0
 11
-6.085050787858236
 21
-45.535214470881606
 31
0.0
  0
TEXT
  5
1B9
330
17
100
AcDbEntity
  8
ENGRAVE_TEXT
100
AcDbText
 10
-6.220156399604328
 20
-46.546227069059654
 30
0.0
 40
3.8
  1
140
 50
-187.61156617542062
 72
1
 11
-6.220156399604328
 21
-46.546227069059654
 31
0.0
100
AcDbText
 73
2
  0
LINE
  5
1BA
330
17
100
AcDbEntity
  8
ENGRAVE_COMPASS
100
AcDbLine
 10
-4.172763447511907
 20
-44.34410496572356
 30
0.0
 11
-4.3039235019914015
 21
-45.73794751067221
 31
0.0
  0
LINE
  5
1BB
330
17
100
AcDbEntity
  8
ENGRAVE_COMPASS
100
AcDbLine
 10
-2.672660149438797
 20
-44.45974007712597
 30
0.0
 11
-2.756668326565297
 21
-45.85721731349724
 31
0.0
  0
TEXT
  5
1BC
330
17
100
AcDbEntity
  8
ENGRAVE_TEXT
100
AcDbText
 10
-2.817874284186033
 20
-46.87537929999631
 30
0.0
 40
3.8
  1
160
 50
-183.44014802503668
 72
1
 11
-2.817874284186033
 21
-46.87537929999631
 31
0.0
100
AcDbText
 73
2
  0
LINE
  5
1BD
330
17
100
AcDbEntity
  8
ENGRAVE_COMPASS
100
AcDbLine
 10
-1.3055593316765546
 20
-44.52086156883616
 30
0.0
 11
-1.3465962213116505
 21
-45.920260001624
 31
0.0
  0
CIRCLE
  5
1BE
330
17
100
AcDbEntity
  8
CUT_REFERENCE
100
AcDbCircle
 10
0.0
 20
0.0
 30
0.0
 40
53.18
  0
LINE
  5
1BF
330
17
100
AcDbEntity
  8
ENGRAVE_LOG
100
AcDbLine
 10
0.0
 20
51.78
 30
0.0
 11
0.0
 21
53.18
 31
0.0
  0
LINE
  5
1C0
330
17
100
AcDbEntity
  8
ENGRAVE_LOG
100
AcDbLine
 10
0.0
 20
53.18
 30
0.0
 11
0.0
 21
54.58
 31
0.0
  0
TEXT
  5
1C1
330
17
100
AcDbEntity
  8
ENGRAVE_TEXT
100
AcDbText
 10
0.0
 20
50.76
 30
0.0
 40
3.8
  1
1
 72
1
 11
0.0
 21
50.76
 31
0.0
100
AcDbText
 73
2
  0
TEXT
  5
1C2
330
17
100
AcDbEntity
  8
ENGRAVE_TEXT
100
AcDbText
 10
0.0
 20
55.6
 30
0.0
 40
3.8
  1
1
 72
1
 11
0.0
 21
55.6
 31
0.0
100
AcDbText
 73
2
  0
LINE
  5
1C3
330
17
100
AcDbEntity
  8
ENGRAVE_LOG
100
AcDbLine
 10
1.4247614756583955
 20
52.46065625530698
 30
0.0
 11
1.4437655349754857
 21
53.16039824041969
 31
0.0
  0
LINE
  5
1C4
330
17
100
AcDbEntity
  8
ENGRAVE_LOG
100
AcDbLine
 10
1.4437655349754857
 20
53.16039824041969
 30
0.0
 11
1.4627695942925756
 21
53.8601402255324
 31
0.0
  0
LINE
  5
1C5
330
17
100
AcDbEntity
  8
ENGRAVE_LOG
100
AcDbLine
 10
2.8344542190790722
 20
52.40339940576321
 30
0.0
 11
2.8722613447146546
 21
53.10237767527607
 31
0.0
  0
LINE
  5
1C6
330
17
100
AcDbEntity
  8
ENGRAVE_LOG
100
AcDbLine
 10
2.8722613447146546
 20
53.10237767527607
 30
0.0
 11
2.910068470350237
 21
53.80135594478892
 31
0.0
  0
LINE
  5
1C7
330
17
100
AcDbEntity
  8
ENGRAVE_LOG
100
AcDbLine
 10
4.228378236776148
 20
52.30937982319001
 30
0.0
 11
4.284778098928269
 21
53.00710402052677
 31
0.0
  0
LINE
  5
1C8
330
17
100
AcDbEntity
  8
ENGRAVE_LOG
100
AcDbLine
 10
4.284778098928269
 20
53.00710402052677
 30
0.0
 11
4.3411779610803904
 21
53.70482821786353
 31
0.0
  0
LINE
  5
1C9
330
17
100
AcDbEntity
  8
ENGRAVE_LOG
100
AcDbLine
 10
5.605883952663476
 20
52.179732321173034
 30
0.0
 11
5.680657557215008
 21
52.87572722637161
 31
0.0
  0
LINE
  5
1CA
330
17
100
AcDbEntity
  8
ENGRAVE_LOG
100
AcDbLine
 10
5.680657557215008
 20
52.87572722637161
 30
0.0
 11
5.755431161766541
 21
53.57172213157018
 31
0.0
  0
LINE
  5
1CB
330
17
100
AcDbEntity
  8
ENGRAVE_LOG
100
AcDbLine
 10
6.910617664806807
 20
51.59929227703477
 30
0.0
 11
7.059290192363157
 21
52.70938077780847
 31
0.0
  0
LINE
  5
1CC
330
17
100
AcDbEntity
  8
ENGRAVE_LOG
100
AcDbLine
 10
7.059290192363157
 20
52.70938077780847
 30
0.0
 11
7.207962719919508
 21
53.81946927858217
 31
0.0
  0
LINE
  5
1CD
330
17
100
AcDbEntity
  8
ENGRAVE_LOG
100
AcDbLine
 10
8.309280283693036
 20
51.818010972701664
 30
0.0
 11
8.420112909428273
 21
52.509181088572305
 31
0.0
  0
LINE
  5
1CE
330
17
100
AcDbEntity
  8
ENGRAVE_LOG
100
AcDbLine
 10
8.420112909428273
 20
52.509181088572305
 30
0.0
 11
8.530945535163507
 21
53.200351204442946
 31
0.0
  0
LINE
  5
1CF
330
17
100
AcDbEntity
  8
ENGRAVE_LOG
100
AcDbLine
 10
9.634103194448304
 20
51.58812320329865
 30
0.0
 11
9.76260685748401
 21
52.27622698078167
 31
0.0
  0
LINE
  5
1D0
330
17
100
AcDbEntity
  8
ENGRAVE_LOG
100
AcDbLine
 10
9.76260685748401
 20
52.27622698078167
 30
0.0
 11
9.891110520519716
 21
52.9643307582647
 31
0.0
  0
LINE
  5
1D1
330
17
100
AcDbEntity
  8
ENGRAVE_LOG
100
AcDbLine
 10
10.940368164134581
 20
51.32697871912188
 30
0.0
 11
11.086295330958023
 21
52.01159924319553
 31
0.0
  0
LINE
  5
1D2
330
17
100
AcDbEntity
  8
ENGRAVE_LOG
100
AcDbLine
 10
11.086295330958023
 20
52.01159924319553
 30
0.0
 11
11.232222497781464
 21
52.69621976726919
 31
0.0
  0
LINE
  5
1D3
330
17
100
AcDbEntity
  8
ENGRAVE_LOG
100
AcDbLine
 10
12.227644366927311
 20
51.03562592185924
 30
0.0
 11
12.390741757492272
 21
51.71636026151819
 31
0.0
  0
LINE
  5
1D4
330
17
100
AcDbEntity
  8
ENGRAVE_LOG
100
AcDbLine
 10
12.390741757492272
 20
51.71636026151819
 30
0.0
 11
12.553839148057232
 21
52.39709460117714
 31
0.0
  0
LINE
  5
1D5
330
17
100
AcDbEntity
  8
ENGRAVE_LOG
100
AcDbLine
 10
13.31552958809027
 20
50.038635790643745
 30
0.0
 11
13.675547769305535
 21
51.39155371468586
 31
0.0
  0
LINE
  5
1D6
330
17
100
AcDbEntity
  8
ENGRAVE_LOG
100
AcDbLine
 10
13.675547769305535
 20
51.39155371468586
 30
0.0
 11
14.035565950520798
 21
52.74447163872799
 31
0.0
  0
TEXT
  5
1D7
330
17
100
AcDbEntity
  8
ENGRAVE_TEXT
100
AcDbText
 10
13.053230627490578
 20
49.05293844598447
 30
0.0
 40
3.8
  1
1.1
 50
-14.901366656961025
 72
1
 11
13.053230627490578
 21
49.05293844598447
 31
0.0
100
AcDbText
 73
2
  0
TEXT
  5
1D8
330
17
100
AcDbEntity
  8
ENGRAVE_TEXT
100
AcDbText
 10
14.297864911120492
 20
53.73016898338726
 30
0.0
 40
3.8
  1
1.1
 50
-14.901366656961025
 72
1
 11
14.297864911120492
 21
53.73016898338726
 31
0.0
100
AcDbText
 73
2
  0
LINE
  5
1D9
330
17
100
AcDbEntity
  8
ENGRAVE_LOG
100
AcDbLine
 10
14.743693853230013
 20
50.36639645202173
 30
0.0
 11
14.94035135508331
 21
51.0382043315266
 31
0.0
  0
LINE
  5
1DA
330
17
100
AcDbEntity
  8
ENGRAVE_LOG
100
AcDbLine
 10
14.94035135508331
 20
51.0382043315266
 30
0.0
 11
15.137008856936607
 21
51.71001221103147
 31
0.0
  0
LINE
  5
1DB
330
17
100
AcDbEntity
  8
ENGRAVE_LOG
100
AcDbLine
 10
15.971786775021503
 20
49.99052337406808
 30
0.0
 11
16.184825089474916
 21
50.65731770260939
 31
0.0
  0
LINE
  5
1DC
330
17
100
AcDbEntity
  8
ENGRAVE_LOG
100
AcDbLine
 10
16.184825089474916
 20
50.65731770260939
 30
0.0
 11
16.39786340392833
 21
51.3241120311507
 31
0.0
  0
LINE
  5
1DD
330
17
100
AcDbEntity
  8
ENGRAVE_LOG
100
AcDbLine
 10
17.179526785850417
 20
49.58844885065722
 30
0.0
 11
17.40867443733851
 21
50.24988014249145
 31
0.0
  0
LINE
  5
1DE
330
17
100
AcDbEntity
  8
ENGRAVE_LOG
100
AcDbLine
 10
17.40867443733851
 20
50.24988014249145
 30
0.0
 11
17.63782208882661
 21
50.911311434325675
 31
0.0
  0
LINE
  5
1DF
330
17
100
AcDbEntity
  8
ENGRAVE_LOG
100
AcDbLine
 10
18.366654082348152
 20
49.16112710078323
 30
0.0
 11
18.611636129940447
 21
49.81685859793545
 31
0.0
  0
LINE
  5
1E0
330
17
100
AcDbEntity
  8
ENGRAVE_LOG
100
AcDbLine
 10
18.611636129940447
 20
49.81685859793545
 30
0.0
 11
18.856618177532745
 21
50.472590095087675
 31
0.0
  0
LINE
  5
1E1
330
17
100
AcDbEntity
  8
ENGRAVE_LOG
100
AcDbLine
 10
19.37661512479496
 20
48.31966873133101
 30
0.0
 11
19.793476610384094
 21
49.35920059800582
 31
0.0
  0
LINE
  5
1E2
330
17
100
AcDbEntity
  8
ENGRAVE_LOG
100
AcDbLine
 10
19.793476610384094
 20
49.35920059800582
 30
0.0
 11
20.210338095973228
 21
50.39873246468063
 31
0.0
  0
LINE
  5
1E3
330
17
100
AcDbEntity
  8
ENGRAVE_LOG
100
AcDbLine
 10
20.678176454192407
 20
48.23446297544197
 30
0.0
 11
20.95399054561647
 21
48.877834242263795
 31
0.0
  0
LINE
  5
1E4
330
17
100
AcDbEntity
  8
ENGRAVE_LOG
100
AcDbLine
 10
20.95399054561647
 20
48.877834242263795
 30
0.0
 11
21.22980463704053
 21
49.521205509085625
 31
0.0
  0
LINE
  5
1E5
330
17
100
AcDbEntity
  8
ENGRAVE_LOG
100
AcDbLine
 10
21.802192716054005
 20
47.73693321498608
 30
0.0
 11
22.092999402434298
 21
48.37366822357012
 31
0.0
  0
LINE
  5
1E6
330
17
100
AcDbEntity
  8
ENGRAVE_LOG
100
AcDbLine
 10
22.092999402434298
 20
48.37366822357012
 30
0.0
 11
22.383806088814595
 21
49.01040323215416
 31
0.0
  0
LINE
  5
1E7
330
17
100
AcDbEntity
  8
ENGRAVE_LOG
100
AcDbLine
 10
22.904835886802015
 20
47.21778153406475
 30
0.0
 11
23.210350084987258
 21
47.84759188227065
 31
0.0
  0
LINE
  5
1E8
330
17
100
AcDbEntity
  8
ENGRAVE_LOG
100
AcDbLine
 10
23.210350084987258
 20
47.84759188227065
 30
0.0
 11
23.5158642831725
 21
48.47740223047654
 31
0.0
  0
LINE
  5
1E9
330
17
100
AcDbEntity
  8
ENGRAVE_LOG
100
AcDbLine
 10
23.985978702019246
 20
46.677866550499914
 30
0.0
 11
24.30591363135258
 21
47.30047528878784
 31
0.0
  0
LINE
  5
1EA
330
17
100
AcDbEntity
  8
ENGRAVE_LOG
100
AcDbLine
 10
24.30591363135258
 20
47.30047528878784
 30
0.0
 11
24.62584856068592
 21
47.92308402707575
 31
0.0
  0
LINE
  5
1EB
330
17
100
AcDbEntity
  8
ENGRAVE_LOG
100
AcDbLine
 10
24.7114489996718
 20
45.50288659345273
 30
0.0
 11
25.379583966831717
 21
46.733169351869755
 31
0.0
  0
LINE
  5
1EC
330
17
100
AcDbEntity
  8
ENGRAVE_LOG
100
AcDbLine
 10
25.379583966831717
 20
46.733169351869755
 30
0.0
 11
26.047718933991632
 21
47.96345211028678
 31
0.0
  0
TEXT
  5
1ED
330
17
100
AcDbEntity
  8
ENGRAVE_TEXT
100
AcDbText
 10
24.224664952169572
 20
44.60653772660603
 30
0.0
 40
3.8
  1
1.2
 50
-28.505248577144933
 72
1
 11
24.224664952169572
 21
44.60653772660603
 31
0.0
100
AcDbText
 73
2
  0
TEXT
  5
1EE
330
17
100
AcDbEntity
  8
ENGRAVE_TEXT
100
AcDbText
 10
26.53450298149386
 20
48.85980097713348
 30
0.0
 40
3.8
  1
1.2
 50
-28.505248577144933
 72
1
 11
26.53450298149386
 21
48.85980097713348
 31
0.0
100
AcDbText
 73
2
  0
LINE
  5
1EF
330
17
100
AcDbEntity
  8
ENGRAVE_LOG
100
AcDbLine
 10
26.08336596144879
 20
45.539086729107055
 30
0.0
 11
26.43127671169678
 21
46.14650594996024
 31
0.0
  0
LINE
  5
1F0
330
17
100
AcDbEntity
  8
ENGRAVE_LOG
100
AcDbLine
 10
26.43127671169678
 20
46.14650594996024
 30
0.0
 11
26.779187461944762
 21
46.753925170813424
 31
0.0
  0
LINE
  5
1F1
330
17
100
AcDbEntity
  8
ENGRAVE_LOG
100
AcDbLine
 10
27.099464151968192
 20
44.94184511873306
 30
0.0
 11
27.460928041190332
 21
45.54129808335031
 31
0.0
  0
LINE
  5
1F2
330
17
100
AcDbEntity
  8
ENGRAVE_LOG
100
AcDbLine
 10
27.460928041190332
 20
45.54129808335031
 30
0.0
 11
27.82239193041247
 21
46.14075104796756
 31
0.0
  0
LINE
  5
1F3
330
17
100
AcDbEntity
  8
ENGRAVE_LOG
100
AcDbLine
 10
28.093767279054557
 20
44.32708697929882
 30
0.0
 11
28.468493595657804
 21
44.91834004495258
 31
0.0
  0
LINE
  5
1F4
330
17
100
AcDbEntity
  8
ENGRAVE_LOG
100
AcDbLine
 10
28.468493595657804
 20
44.91834004495258
 30
0.0
 11
28.84321991226105
 21
45.50959311060634
 31
0.0
  0
LINE
  5
1F5
330
17
100
AcDbEntity
  8
ENGRAVE_LOG
100
AcDbLine
 10
29.066249747770478
 20
43.695577872368645
 30
0.0
 11
29.45394743876589
 21
44.278407607708935
 31
0.0
  0
LINE
  5
1F6
330
17
100
AcDbEntity
  8
ENGRAVE_LOG
100
AcDbLine
 10
29.45394743876589
 20
44.278407607708935
 30
0.0
 11
29.841645129761307
 21
44.86123734304922
 31
0.0
  0
LINE
  5
1F7
330
17
100
AcDbEntity
  8
ENGRAVE_LOG
100
AcDbLine
 10
29.776676421193624
 20
42.70354951649256
 30
0.0
 11
30.417281061833975
 21
43.622258226797435
 31
0.0
  0
LINE
  5
1F8
330
17
100
AcDbEntity
  8
ENGRAVE_LOG
100
AcDbLine
 10
30.417281061833975
 20
43.622258226797435
 30
0.0
 11
31.05788570247433
 21
44.540966937102304
 31
0.0
  0
LINE
  5
1F9
330
17
100
AcDbEntity
  8
ENGRAVE_LOG
100
AcDbLine
 10
30.945735382683953
 20
42.38527883151062
 30
0.0
 11
31.358502432376767
 21
42.950631254949215
 31
0.0
  0
LINE
  5
1FA
330
17
100
AcDbEntity
  8
ENGRAVE_LOG
100
AcDbLine
 10
31.358502432376767
 20
42.950631254949215
 30
0.0
 11
31.77126948206958
 21
43.51598367838781
 31
0.0
  0
LINE
  5
1FB
330
17
100
AcDbEntity
  8
ENGRAVE_LOG
100
AcDbLine
 10
31.85276963637128
 20
41.7079304987944
 30
0.0
 11
32.27763508502715
 21
42.26424816931947
 31
0.0
  0
LINE
  5
1FC
330
17
100
AcDbEntity
  8
ENGRAVE_LOG
100
AcDbLine
 10
32.27763508502715
 20
42.26424816931947
 30
0.0
 11
32.70250053368302
 21
42.820565839844555
 31
0.0
  0
LINE
  5
1FD
330
17
100
AcDbEntity
  8
ENGRAVE_LOG
100
AcDbLine
 10
32.73804365252829
 20
41.016714858764004
 30
0.0
 11
33.1747172530765
 21
41.56381280848075
 31
0.0
  0
LINE
  5
1FE
330
17
100
AcDbEntity
  8
ENGRAVE_LOG
100
AcDbLine
 10
33.1747172530765
 20
41.56381280848075
 30
0.0
 11
33.611390853624705
 21
42.1109107581975
 31
0.0
  0
LINE
  5
1FF
330
17
100
AcDbEntity
  8
ENGRAVE_LOG
100
AcDbLine
 10
33.601608847750924
 20
40.31230932162963
 30
0.0
 11
34.04980103893663
 21
40.85001161822149
 31
0.0
  0
LINE
  5
200
330
17
100
AcDbEntity
  8
ENGRAVE_LOG
100
AcDbLine
 10
34.04980103893663
 20
40.85001161822149
 30
0.0
 11
34.49799323012233
 21
41.38771391481335
 31
0.0
  0
LINE
  5
201
330
17
100
AcDbEntity
  8
ENGRAVE_LOG
100
AcDbLine
 10
33.98410746486657
 20
39.06723486268769
 30
0.0
 11
34.9029516218927
 21
40.123513904938804
 31
0.0
  0
LINE
  5
202
330
17
100
AcDbEntity
  8
ENGRAVE_LOG
100
AcDbLine
 10
34.9029516218927
 20
40.123513904938804
 30
0.0
 11
35.82179577891883
 21
41.179792947189924
 31
0.0
  0
TEXT
  5
203
330
17
100
AcDbEntity
  8
ENGRAVE_TEXT
100
AcDbText
 10
33.31466386474752
 20
38.297660131904735
 30
0.0
 40
3.8
  1
1.3
 50
-41.01960683046124
 72
1
 11
33.31466386474752
 21
38.297660131904735
 31
0.0
100
AcDbText
 73
2
  0
TEXT
  5
204
330
17
100
AcDbEntity
  8
ENGRAVE_TEXT
100
AcDbText
 10
36.49123937903787
 20
41.94936767797288
 30
0.0
 40
3.8
  1
1.3
 50
-41.01960683046124
 72
1
 11
36.49123937903787
 21
41.94936767797288
 31
0.0
100
AcDbText
 73
2
  0
LINE
  5
205
330
17
100
AcDbEntity
  8
ENGRAVE_LOG
100
AcDbLine
 10
35.26388221893354
 20
38.866553884402755
 30
0.0
 11
35.73424650157938
 21
39.38497209551331
 31
0.0
  0
LINE
  5
206
330
17
100
AcDbEntity
  8
ENGRAVE_LOG
100
AcDbLine
 10
35.73424650157938
 20
39.38497209551331
 30
0.0
 11
36.20461078422522
 21
39.90339030662387
 31
0.0
  0
LINE
  5
207
330
17
100
AcDbEntity
  8
ENGRAVE_LOG
100
AcDbLine
 10
36.062754799311406
 20
38.12647526699448
 30
0.0
 11
36.54377477567417
 21
38.635022002644185
 31
0.0
  0
LINE
  5
208
330
17
100
AcDbEntity
  8
ENGRAVE_LOG
100
AcDbLine
 10
36.54377477567417
 20
38.635022002644185
 30
0.0
 11
37.02479475203695
 21
39.14356873829388
 31
0.0
  0
LINE
  5
209
330
17
100
AcDbEntity
  8
ENGRAVE_LOG
100
AcDbLine
 10
36.84024597433147
 20
37.3757498459998
 30
0.0
 11
37.331636450361046
 21
37.87428309470788
 31
0.0
  0
LINE
  5
20A
330
17
100
AcDbEntity
  8
ENGRAVE_LOG
100
AcDbLine
 10
37.331636450361046
 20
37.87428309470788
 30
0.0
 11
37.82302692639062
 21
38.372816343415955
 31
0.0
  0
LINE
  5
20B
330
17
100
AcDbEntity
  8
ENGRAVE_LOG
100
AcDbLine
 10
37.59646454923917
 20
36.61497307656803
 30
0.0
 11
38.09794178217491
 21
37.1033587692814
 31
0.0
  0
LINE
  5
20C
330
17
100
AcDbEntity
  8
ENGRAVE_LOG
100
AcDbLine
 10
38.09794178217491
 20
37.1033587692814
 30
0.0
 11
38.59941901511065
 21
37.59174446199477
 31
0.0
  0
LINE
  5
20D
330
17
100
AcDbEntity
  8
ENGRAVE_LOG
100
AcDbLine
 10
38.02475972985068
 20
35.55785774603311
 30
0.0
 11
38.842810649893565
 21
36.322836629543616
 31
0.0
  0
LINE
  5
20E
330
17
100
AcDbEntity
  8
ENGRAVE_LOG
100
AcDbLine
 10
38.842810649893565
 20
36.322836629543616
 30
0.0
 11
39.66086156993645
 21
37.087815513054124
 31
0.0
  0
LINE
  5
20F
330
17
100
AcDbEntity
  8
ENGRAVE_LOG
100
AcDbLine
 10
39.045566006181424
 20
35.06556965538887
 30
0.0
 11
39.56637195519681
 21
35.53328876283499
 31
0.0
  0
LINE
  5
210
330
17
100
AcDbEntity
  8
ENGRAVE_LOG
100
AcDbLine
 10
39.56637195519681
 20
35.53328876283499
 30
0.0
 11
40.08717790421218
 21
36.00100787028111
 31
0.0
  0
LINE
  5
211
330
17
100
AcDbEntity
  8
ENGRAVE_LOG
100
AcDbLine
 10
39.73871163801049
 20
34.27805708249884
 30
0.0
 11
40.26876305086506
 21
34.73527202071815
 31
0.0
  0
LINE
  5
212
330
17
100
AcDbEntity
  8
ENGRAVE_LOG
100
AcDbLine
 10
40.26876305086506
 20
34.73527202071815
 30
0.0
 11
40.79881446371962
 21
35.19248695893746
 31
0.0
  0
LINE
  5
213
330
17
100
AcDbEntity
  8
ENGRAVE_LOG
100
AcDbLine
 10
40.41110906678064
 20
33.482721872523435
 30
0.0
 11
40.95012919533907
 21
33.92932829993896
 31
0.0
  0
LINE
  5
214
330
17
100
AcDbEntity
  8
ENGRAVE_LOG
100
AcDbLine
 10
40.95012919533907
 20
33.92932829993896
 30
0.0
 11
41.48914932389751
 21
34.375934727354476
 31
0.0
  0
LINE
  5
215
330
17
100
AcDbEntity
  8
ENGRAVE_LOG
100
AcDbLine
 10
41.06290892715679
 20
32.68008430894918
 30
0.0
 11
41.610623032511405
 21
33.11598482374081
 31
0.0
  0
LINE
  5
216
330
17
100
AcDbEntity
  8
ENGRAVE_LOG
100
AcDbLine
 10
41.610623032511405
 20
33.11598482374081
 30
0.0
 11
42.15833713786601
 21
33.551885338532436
 31
0.0
  0
LINE
  5
217
330
17
100
AcDbEntity
  8
ENGRAVE_LOG
100
AcDbLine
 10
41.138133209356525
 20
31.44554652171334
 30
0.0
 11
42.25040409566589
 21
32.29575442303429
 31
0.0
  0
LINE
  5
218
330
17
100
AcDbEntity
  8
ENGRAVE_LOG
100
AcDbLine
 10
42.25040409566589
 20
32.29575442303429
 30
0.0
 11
43.36267498197526
 21
33.14596232435523
 31
0.0
  0
TEXT
  5
219
330
17
100
AcDbEntity
  8
ENGRAVE_TEXT
100
AcDbText
 10
40.32776442075969
 20
30.82610933646522
 30
0.0
 40
3.8
  1
1.4
 50
-52.60609284416569
 72
1
 11
40.32776442075969
 21
30.82610933646522
 31
0.0
100
AcDbText
 73
2
  0
TEXT
  5
21A
330
17
100
AcDbEntity
  8
ENGRAVE_TEXT
100
AcDbText
 10
44.173043770572086
 20
33.765399509603355
 30
0.0
 40
3.8
  1
1.4
 50
-52.60609284416569
 72
1
 11
44.173043770572086
 21
33.765399509603355
 31
0.0
100
AcDbText
 73
2
  0
LINE
  5
21B
330
17
100
AcDbEntity
  8
ENGRAVE_LOG
100
AcDbLine
 10
42.30535200819811
 20
31.05491251738519
 30
0.0
 11
42.869638334526975
 21
31.469135816969217
 31
0.0
  0
LINE
  5
21C
330
17
100
AcDbEntity
  8
ENGRAVE_LOG
100
AcDbLine
 10
42.869638334526975
 20
31.469135816969217
 30
0.0
 11
43.433924660855844
 21
31.883359116553244
 31
0.0
  0
LINE
  5
21D
330
17
100
AcDbEntity
  8
ENGRAVE_LOG
100
AcDbLine
 10
42.89632864665157
 20
30.23334894844532
 30
0.0
 11
43.46849766442322
 21
30.63661389249852
 31
0.0
  0
LINE
  5
21E
330
17
100
AcDbEntity
  8
ENGRAVE_LOG
100
AcDbLine
 10
43.46849766442322
 20
30.63661389249852
 30
0.0
 11
44.04066668219487
 21
31.03987883655172
 31
0.0
  0
LINE
  5
21F
330
17
100
AcDbEntity
  8
ENGRAVE_LOG
100
AcDbLine
 10
43.46737368336476
 20
29.406424894412584
 30
0.0
 11
44.04715953661086
 21
29.798659982562143
 31
0.0
  0
LINE
  5
220
330
17
100
AcDbEntity
  8
ENGRAVE_LOG
100
AcDbLine
 10
44.04715953661086
 20
29.798659982562143
 30
0.0
 11
44.626945389856964
 21
30.190895070711704
 31
0.0
  0
LINE
  5
221
330
17
100
AcDbEntity
  8
ENGRAVE_LOG
100
AcDbLine
 10
44.018667292848804
 20
28.574592381370593
 30
0.0
 11
44.60580652884336
 21
28.955732142555036
 31
0.0
  0
LINE
  5
222
330
17
100
AcDbEntity
  8
ENGRAVE_LOG
100
AcDbLine
 10
44.60580652884336
 20
28.955732142555036
 30
0.0
 11
45.192945764837916
 21
29.33687190373948
 31
0.0
  0
LINE
  5
223
330
17
100
AcDbEntity
  8
ENGRAVE_LOG
100
AcDbLine
 10
44.19385534474383
 20
27.516299710677984
 30
0.0
 11
45.14462595531073
 21
28.10827542477632
 31
0.0
  0
LINE
  5
224
330
17
100
AcDbEntity
  8
ENGRAVE_LOG
100
AcDbLine
 10
45.14462595531073
 20
28.10827542477632
 30
0.0
 11
46.095396565877635
 21
28.700251138874656
 31
0.0
  0
LINE
  5
225
330
17
100
AcDbEntity
  8
ENGRAVE_LOG
100
AcDbLine
 10
45.062743931992294
 20
26.897946191478844
 30
0.0
 11
45.66380949510957
 21
27.25672215058775
 31
0.0
  0
LINE
  5
226
330
17
100
AcDbEntity
  8
ENGRAVE_LOG
100
AcDbLine
 10
45.66380949510957
 20
27.25672215058775
 30
0.0
 11
46.26487505822685
 21
27.615498109696652
 31
0.0
  0
LINE
  5
227
330
17
100
AcDbEntity
  8
ENGRAVE_LOG
100
AcDbLine
 10
45.55590923206692
 20
26.053973478908738
 30
0.0
 11
46.16355283843976
 21
26.401492180037476
 31
0.0
  0
LINE
  5
228
330
17
100
AcDbEntity
  8
ENGRAVE_LOG
100
AcDbLine
 10
46.16355283843976
 20
26.401492180037476
 30
0.0
 11
46.77119644481261
 21
26.749010881166214
 31
0.0
  0
LINE
  5
229
330
17
100
AcDbEntity
  8
ENGRAVE_LOG
100
AcDbLine
 10
46.030086964183816
 20
25.206774765322027
 30
0.0
 11
46.64405534975791
 21
25.54299317873143
 31
0.0
  0
LINE
  5
22A
330
17
100
AcDbEntity
  8
ENGRAVE_LOG
100
AcDbLine
 10
46.64405534975791
 20
25.54299317873143
 30
0.0
 11
47.25802373533202
 21
25.879211592140834
 31
0.0
  0
LINE
  5
22B
330
17
100
AcDbEntity
  8
ENGRAVE_LOG
100
AcDbLine
 10
46.48547717808237
 20
24.35674057680919
 30
0.0
 11
47.10551974714978
 21
24.68162088175901
 31
0.0
  0
LINE
  5
22C
330
17
100
AcDbEntity
  8
ENGRAVE_LOG
100
AcDbLine
 10
47.10551974714978
 20
24.68162088175901
 30
0.0
 11
47.72556231621719
 21
25.006501186708828
 31
0.0
  0
LINE
  5
22D
330
17
100
AcDbEntity
  8
ENGRAVE_LOG
100
AcDbLine
 10
46.29641406656312
 20
23.190740492216634
 30
0.0
 11
47.54815179721566
 21
23.817759354501362
 31
0.0
  0
LINE
  5
22E
330
17
100
AcDbEntity
  8
ENGRAVE_LOG
100
AcDbLine
 10
47.54815179721566
 20
23.817759354501362
 30
0.0
 11
48.799889527868196
 21
24.44477821678609
 31
0.0
  0
TEXT
  5
22F
330
17
100
AcDbEntity
  8
ENGRAVE_TEXT
100
AcDbText
 10
45.384433719944845
 20
22.733912463980612
 30
0.0
 40
3.8
  1
1.5
 50
-63.39285326004524
 72
1
 11
45.384433719944845
 21
22.733912463980612
 31
0.0
100
AcDbText
 73
2
  0
TEXT
  5
230
330
17
100
AcDbEntity
  8
ENGRAVE_TEXT
100
AcDbText
 10
49.711869874486474
 20
24.90160624502211
 30
0.0
 40
3.8
  1
1.5
 50
-63.39285326004524
 72
1
 11
49.711869874486474
 21
24.90160624502211
 31
0.0
100
AcDbText
 73
2
  0
LINE
  5
231
330
17
100
AcDbEntity
  8
ENGRAVE_LOG
100
AcDbLine
 10
47.34071000566178
 20
22.649670553008814
 30
0.0
 11
47.97216002479218
 21
22.951781250171663
 31
0.0
  0
LINE
  5
232
330
17
100
AcDbEntity
  8
ENGRAVE_LOG
100
AcDbLine
 10
47.97216002479218
 20
22.951781250171663
 30
0.0
 11
48.60361004392258
 21
23.25389194733451
 31
0.0
  0
LINE
  5
233
330
17
100
AcDbEntity
  8
ENGRAVE_LOG
100
AcDbLine
 10
47.74096662893111
 20
21.793359202639824
 30
0.0
 11
48.377755436862735
 21
22.084048063955525
 31
0.0
  0
LINE
  5
234
330
17
100
AcDbEntity
  8
ENGRAVE_LOG
100
AcDbLine
 10
48.377755436862735
 20
22.084048063955525
 30
0.0
 11
49.014544244794365
 21
22.374736925271225
 31
0.0
  0
LINE
  5
235
330
17
100
AcDbEntity
  8
ENGRAVE_LOG
100
AcDbLine
 10
48.12326322163834
 20
20.935661845303827
 30
0.0
 11
48.76515126003672
 21
21.21491038363677
 31
0.0
  0
LINE
  5
236
330
17
100
AcDbEntity
  8
ENGRAVE_LOG
100
AcDbLine
 10
48.76515126003672
 20
21.21491038363677
 30
0.0
 11
49.407039298435095
 21
21.49415892196971
 31
0.0
  0
LINE
  5
237
330
17
100
AcDbEntity
  8
ENGRAVE_LOG
100
AcDbLine
 10
48.48781214787252
 20
20.076913933984624
 30
0.0
 11
49.13456269100344
 21
20.34470813661018
 31
0.0
  0
LINE
  5
238
330
17
100
AcDbEntity
  8
ENGRAVE_LOG
100
AcDbLine
 10
49.13456269100344
 20
20.34470813661018
 30
0.0
 11
49.781313234134366
 21
20.61250233923574
 31
0.0
  0
LINE
  5
239
330
17
100
AcDbEntity
  8
ENGRAVE_LOG
100
AcDbLine
 10
48.443999975328616
 20
19.063642526819518
 30
0.0
 11
49.486206659392536
 21
19.4737708331975
 31
0.0
  0
LINE
  5
23A
330
17
100
AcDbEntity
  8
ENGRAVE_LOG
100
AcDbLine
 10
49.486206659392536
 20
19.4737708331975
 30
0.0
 11
50.528413343456464
 21
19.883899139575483
 31
0.0
  0
LINE
  5
23B
330
17
100
AcDbEntity
  8
ENGRAVE_LOG
100
AcDbLine
 10
49.164524785615185
 20
18.357557097953688
 30
0.0
 11
49.820301602496485
 21
18.60241780619621
 31
0.0
  0
LINE
  5
23C
330
17
100
AcDbEntity
  8
ENGRAVE_LOG
100
AcDbLine
 10
49.820301602496485
 20
18.60241780619621
 30
0.0
 11
50.47607841937779
 21
18.847278514438734
 31
0.0
  0
LINE
  5
23D
330
17
100
AcDbEntity
  8
ENGRAVE_LOG
100
AcDbLine
 10
49.477120897894416
 20
17.497568621243904
 30
0.0
 11
50.13706725133432
 21
17.730958446603484
 31
0.0
  0
LINE
  5
23E
330
17
100
AcDbEntity
  8
ENGRAVE_LOG
100
AcDbLine
 10
50.13706725133432
 20
17.730958446603484
 30
0.0
 11
50.79701360477422
 21
17.964348271963065
 31
0.0
  0
LINE
  5
23F
330
17
100
AcDbEntity
  8
ENGRAVE_LOG
100
AcDbLine
 10
49.77283373370124
 20
16.637770947976517
 30
0.0
 11
50.43672442755778
 21
16.85969243546858
 31
0.0
  0
LINE
  5
240
330
17
100
AcDbEntity
  8
ENGRAVE_LOG
100
AcDbLine
 10
50.43672442755778
 20
16.85969243546858
 30
0.0
 11
51.100615121414315
 21
17.08161392296065
 31
0.0
  0
LINE
  5
241
330
17
100
AcDbEntity
  8
ENGRAVE_LOG
100
AcDbLine
 10
50.05188209413142
 20
15.778450457353719
 30
0.0
 11
50.719494850722356
 21
15.98890997183824
 31
0.0
  0
LINE
  5
242
330
17
100
AcDbEntity
  8
ENGRAVE_LOG
100
AcDbLine
 10
50.719494850722356
 20
15.98890997183824
 30
0.0
 11
51.38710760731329
 21
16.199369486322762
 31
0.0
  0
LINE
  5
243
330
17
100
AcDbEntity
  8
ENGRAVE_LOG
100
AcDbLine
 10
49.6433700164358
 20
14.7208767881279
 30
0.0
 11
50.98560095546651
 21
15.118891996767896
 31
0.0
  0
LINE
  5
244
330
17
100
AcDbEntity
  8
ENGRAVE_LOG
100
AcDbLine
 10
50.98560095546651
 20
15.118891996767896
 30
0.0
 11
52.327831894497216
 21
15.516907205407893
 31
0.0
  0
TEXT
  5
245
330
17
100
AcDbEntity
  8
ENGRAVE_TEXT
100
AcDbText
 10
48.66545890371343
 20
14.4308942789759
 30
0.0
 40
3.8
  1
1.6
 50
-73.48319375613293
 72
1
 11
48.66545890371343
 21
14.4308942789759
 31
0.0
100
AcDbText
 73
2
  0
TEXT
  5
246
330
17
100
AcDbEntity
  8
ENGRAVE_TEXT
100
AcDbText
 10
53.3057430072196
 20
15.806889714559892
 30
0.0
 40
3.8
  1
1.6
 50
-73.48319375613293
 72
1
 11
53.3057430072196
 21
15.806889714559892
 31
0.0
100
AcDbText
 73
2
  0
LINE
  5
247
330
17
100
AcDbEntity
  8
ENGRAVE_LOG
100
AcDbLine
 10
50.56086395052848
 20
14.062341077365092
 30
0.0
 11
51.235265718161294
 21
14.249910413381777
 31
0.0
  0
LINE
  5
248
330
17
100
AcDbEntity
  8
ENGRAVE_LOG
100
AcDbLine
 10
51.235265718161294
 20
14.249910413381777
 30
0.0
 11
51.9096674857941
 21
14.437479749398461
 31
0.0
  0
LINE
  5
249
330
17
100
AcDbEntity
  8
ENGRAVE_LOG
100
AcDbLine
 10
50.79123790169745
 20
13.206080130499448
 30
0.0
 11
51.46871249261186
 21
13.382228302971813
 31
0.0
  0
LINE
  5
24A
330
17
100
AcDbEntity
  8
ENGRAVE_LOG
100
AcDbLine
 10
51.46871249261186
 20
13.382228302971813
 30
0.0
 11
52.14618708352627
 21
13.558376475444176
 31
0.0
  0
LINE
  5
24B
330
17
100
AcDbEntity
  8
ENGRAVE_LOG
100
AcDbLine
 10
51.00582797215947
 20
12.351352673876406
 30
0.0
 11
51.68616485441008
 21
12.516100137133142
 31
0.0
  0
LINE
  5
24C
330
17
100
AcDbEntity
  8
ENGRAVE_LOG
100
AcDbLine
 10
51.68616485441008
 20
12.516100137133142
 30
0.0
 11
52.36650173666069
 21
12.680847600389878
 31
0.0
  0
LINE
  5
24D
330
17
100
AcDbEntity
  8
ENGRAVE_LOG
100
AcDbLine
 10
51.204854868043284
 20
11.49840153858891
 30
0.0
 11
51.88784645355453
 21
11.651771985940517
 31
0.0
  0
LINE
  5
24E
330
17
100
AcDbEntity
  8
ENGRAVE_LOG
100
AcDbLine
 10
51.88784645355453
 20
11.651771985940517
 30
0.0
 11
52.570838039065784
 21
11.805142433292122
 31
0.0
  0
LINE
  5
24F
330
17
100
AcDbEntity
  8
ENGRAVE_LOG
100
AcDbLine
 10
50.97727424503545
 20
10.562249312833186
 30
0.0
 11
52.07398087497091
 21
10.789481722175736
 31
0.0
  0
LINE
  5
250
330
17
100
AcDbEntity
  8
ENGRAVE_LOG
100
AcDbLine
 10
52.07398087497091
 20
10.789481722175736
 30
0.0
 11
53.170687504906354
 21
11.016714131518286
 31
0.0
  0
LINE
  5
251
330
17
100
AcDbEntity
  8
ENGRAVE_LOG
100
AcDbLine
 10
51.55710150931518
 20
9.798759307084232
 30
0.0
 11
52.2447915065812
 21
9.929459221622322
 31
0.0
  0
LINE
  5
252
330
17
100
AcDbEntity
  8
ENGRAVE_LOG
100
AcDbLine
 10
52.2447915065812
 20
9.929459221622322
 30
0.0
 11
52.93248150384722
 21
10.060159136160413
 31
0.0
  0
LINE
  5
253
330
17
100
AcDbEntity
  8
ENGRAVE_LOG
100
AcDbLine
 10
51.710761832219845
 20
8.952514212858592
 30
0.0
 11
52.400501414585584
 21
9.071926559447789
 31
0.0
  0
LINE
  5
254
330
17
100
AcDbEntity
  8
ENGRAVE_LOG
100
AcDbLine
 10
52.400501414585584
 20
9.071926559447789
 30
0.0
 11
53.09024099695132
 21
9.191338906036984
 31
0.0
  0
LINE
  5
255
330
17
100
AcDbEntity
  8
ENGRAVE_LOG
100
AcDbLine
 10
51.84973989622633
 20
8.10893782771052
 30
0.0
 11
52.541333225634844
 21
8.217098202699036
 31
0.0
  0
LINE
  5
256
330
17
100
AcDbEntity
  8
ENGRAVE_LOG
100
AcDbLine
 10
52.541333225634844
 20
8.217098202699036
 30
0.0
 11
53.232926555043356
 21
8.325258577687553
 31
0.0
  0
LINE
  5
257
330
17
100
AcDbEntity
  8
ENGRAVE_LOG
100
AcDbLine
 10
51.97425485404149
 20
7.2682344738694455
 30
0.0
 11
52.66750901558549
 21
7.365181198940114
 31
0.0
  0
LINE
  5
258
330
17
100
AcDbEntity
  8
ENGRAVE_LOG
100
AcDbLine
 10
52.66750901558549
 20
7.365181198940114
 30
0.0
 11
53.36076317712949
 21
7.462127924010781
 31
0.0
  0
LINE
  5
259
330
17
100
AcDbEntity
  8
ENGRAVE_LOG
100
AcDbLine
 10
51.389800217961835
 20
6.344827307182571
 30
0.0
 11
52.77925020454249
 21
6.516375361065452
 31
0.0
  0
LINE
  5
25A
330
17
100
AcDbEntity
  8
ENGRAVE_LOG
100
AcDbLine
 10
52.77925020454249
 20
6.516375361065452
 30
0.0
 11
54.16870019112315
 21
6.687923414948333
 31
0.0
  0
TEXT
  5
25B
330
17
100
AcDbEntity
  8
ENGRAVE_TEXT
100
AcDbText
 10
50.37748665631021
 20
6.219842296496472
 30
0.0
 40
3.8
  1
1.7
 50
-82.96161169617861
 72
1
 11
50.37748665631021
 21
6.219842296496472
 31
0.0
100
AcDbText
 73
2
  0
TEXT
  5
25C
330
17
100
AcDbEntity
  8
ENGRAVE_TEXT
100
AcDbText
 10
55.18101375277478
 20
6.812908425634433
 30
0.0
 40
3.8
  1
1.7
 50
-82.96161169617861
 72
1
 11
55.18101375277478
 21
6.812908425634433
 31
0.0
100
AcDbText
 73
2
  0
LINE
  5
25D
330
17
100
AcDbEntity
  8
ENGRAVE_LOG
100
AcDbLine
 10
52.18076872867605
 20
5.596228630463871
 30
0.0
 11
52.87677745790763
 21
5.67087344832448
 31
0.0
  0
LINE
  5
25E
330
17
100
AcDbEntity
  8
ENGRAVE_LOG
100
AcDbLine
 10
52.87677745790763
 20
5.67087344832448
 30
0.0
 11
53.57278618713921
 21
5.745518266185089
 31
0.0
  0
LINE
  5
25F
330
17
100
AcDbEntity
  8
ENGRAVE_LOG
100
AcDbLine
 10
52.263202330372394
 20
4.765299799021828
 30
0.0
 11
52.960310593163186
 21
4.828861343597196
 31
0.0
  0
LINE
  5
260
330
17
100
AcDbEntity
  8
ENGRAVE_LOG
100
AcDbLine
 10
52.960310593163186
 20
4.828861343597196
 30
0.0
 11
53.65741885595398
 21
4.892422888172563
 31
0.0
  0
LINE
  5
261
330
17
100
AcDbEntity
  8
ENGRAVE_LOG
100
AcDbLine
 10
52.332042017057596
 20
3.9379916613571453
 30
0.0
 11
53.03006849213268
 21
3.990518226962138
 31
0.0
  0
LINE
  5
262
330
17
100
AcDbEntity
  8
ENGRAVE_LOG
100
AcDbLine
 10
53.03006849213268
 20
3.990518226962138
 30
0.0
 11
53.72809496720777
 21
4.043044792567131
 31
0.0
  0
LINE
  5
263
330
17
100
AcDbEntity
  8
ENGRAVE_LOG
100
AcDbLine
 10
52.387502784681544
 20
3.114474592123542
 30
0.0
 11
53.08626901847112
 21
3.1560167456008
 31
0.0
  0
LINE
  5
264
330
17
100
AcDbEntity
  8
ENGRAVE_LOG
100
AcDbLine
 10
53.08626901847112
 20
3.1560167456008
 30
0.0
 11
53.785035252260705
 21
3.1975588990780577
 31
0.0
  0
LINE
  5
265
330
17
100
AcDbEntity
  8
ENGRAVE_LOG
100
AcDbLine
 10
52.01020031260085
 20
2.2765463850171392
 30
0.0
 11
53.129128940148156
 21
2.325523180084738
 31
0.0
  0
LINE
  5
266
330
17
100
AcDbEntity
  8
ENGRAVE_LOG
100
AcDbLine
 10
53.129128940148156
 20
2.325523180084738
 30
0.0
 11
54.24805756769547
 21
2.374499975152337
 31
0.0
  0
LINE
  5
267
330
17
100
AcDbEntity
  8
ENGRAVE_LOG
100
AcDbLine
 10
52.459142068436975
 20
1.4794639041037096
 30
0.0
 11
53.15886385669737
 21
1.4991976070928978
 31
0.0
  0
LINE
  5
268
330
17
100
AcDbEntity
  8
ENGRAVE_LOG
100
AcDbLine
 10
53.15886385669737
 20
1.4991976070928978
 30
0.0
 11
53.85858564495778
 21
1.518931310082086
 31
0.0
  0
LINE
  5
269
330
17
100
AcDbEntity
  8
ENGRAVE_LOG
100
AcDbLine
 10
52.47574488747038
 20
0.6682802594169927
 30
0.0
 11
53.17568813101514
 21
0.6771940586089114
 31
0.0
  0
LINE
  5
26A
330
17
100
AcDbEntity
  8
ENGRAVE_LOG
100
AcDbLine
 10
53.17568813101514
 20
0.6771940586089114
 30
0.0
 11
53.875631374559916
 21
0.6861078578008302
 31
0.0
  0
LINE
  5
26B
330
17
100
AcDbEntity
  8
ENGRAVE_LOG
100
AcDbLine
 10
52.47981726292413
 20
-0.13849205786019664
 30
0.0
 11
53.179814825501246
 21
-0.14033932235147215
 31
0.0
  0
LINE
  5
26C
330
17
100
AcDbEntity
  8
ENGRAVE_LOG
100
AcDbLine
 10
53.179814825501246
 20
-0.14033932235147215
 30
0.0
 11
53.87981238807836
 21
-0.14218658684274763
 31
0.0
  0
LINE
  5
26D
330
17
100
AcDbEntity
  8
ENGRAVE_LOG
100
AcDbLine
 10
52.471568110382755
 20
-0.9407125158428435
 30
0.0
 11
53.17145564234289
 21
-0.9532601294306864
 31
0.0
  0
LINE
  5
26E
330
17
100
AcDbEntity
  8
ENGRAVE_LOG
100
AcDbLine
 10
53.17145564234289
 20
-0.9532601294306864
 30
0.0
 11
53.87134317430303
 21
-0.9658077430185292
 31
0.0
  0
LINE
  5
26F
330
17
100
AcDbEntity
  8
ENGRAVE_LOG
100
AcDbLine
 10
51.751589028435426
 20
-1.7150606496337992
 30
0.0
 11
53.150820867751946
 21
-1.761431543984655
 31
0.0
  0
LINE
  5
270
330
17
100
AcDbEntity
  8
ENGRAVE_LOG
100
AcDbLine
 10
53.150820867751946
 20
-1.761431543984655
 30
0.0
 11
54.55005270706847
 21
-1.807802438335511
 31
0.0
  0
TEXT
  5
271
330
17
100
AcDbEntity
  8
ENGRAVE_TEXT
100
AcDbText
 10
50.73214868836195
 20
-1.6812761408924612
 30
0.0
 40
3.8
  1
1.8
 50
-91.89810183719018
 72
1
 11
50.73214868836195
 21
-1.6812761408924612
 31
0.0
100
AcDbText
 73
2
  0
TEXT
  5
272
330
17
100
AcDbEntity
  8
ENGRAVE_TEXT
100
AcDbText
 10
55.56949304714194
 20
-1.841586947076849
 30
0.0
 40
3.8
  1
1.8
 50
-91.89810183719018
 72
1
 11
55.56949304714194
 21
-1.841586947076849
 31
0.0
100
AcDbText
 73
2
  0
LINE
  5
273
330
17
100
AcDbEntity
  8
ENGRAVE_LOG
100
AcDbLine
 10
52.418933845660206
 20
-2.5309631534850294
 30
0.0
 11
53.11811931997351
 21
-2.5647221894499594
 31
0.0
  0
LINE
  5
274
330
17
100
AcDbEntity
  8
ENGRAVE_LOG
100
AcDbLine
 10
53.11811931997351
 20
-2.5647221894499594
 30
0.0
 11
53.81730479428682
 21
-2.5984812254148895
 31
0.0
  0
LINE
  5
275
330
17
100
AcDbEntity
  8
ENGRAVE_LOG
100
AcDbLine
 10
52.37495937628436
 20
-3.3187392685419432
 30
0.0
 11
53.07355830089182
 21
-3.3630059889683794
 31
0.0
  0
LINE
  5
276
330
17
100
AcDbEntity
  8
ENGRAVE_LOG
100
AcDbLine
 10
53.07355830089182
 20
-3.3630059889683794
 30
0.0
 11
53.77215722549927
 21
-3.4072727093948156
 31
0.0
  0
LINE
  5
277
330
17
100
AcDbEntity
  8
ENGRAVE_LOG
100
AcDbLine
 10
52.319484572395446
 20
-4.101455117257104
 30
0.0
 11
53.01734355106688
 21
-4.156162026214421
 31
0.0
  0
LINE
  5
278
330
17
100
AcDbEntity
  8
ENGRAVE_LOG
100
AcDbLine
 10
53.01734355106688
 20
-4.156162026214421
 30
0.0
 11
53.71520252973831
 21
-4.210868935171738
 31
0.0
  0
LINE
  5
279
330
17
100
AcDbEntity
  8
ENGRAVE_LOG
100
AcDbLine
 10
52.25271088450672
 20
-4.878996333279304
 30
0.0
 11
52.94967920804245
 21
-4.944074409371063
 31
0.0
  0
LINE
  5
27A
330
17
100
AcDbEntity
  8
ENGRAVE_LOG
100
AcDbLine
 10
52.94967920804245
 20
-4.944074409371063
 30
0.0
 11
53.64664753157817
 21
-5.009152485462822
 31
0.0
  0
LINE
  5
27B
330
17
100
AcDbEntity
  8
ENGRAVE_LOG
100
AcDbLine
 10
51.757280368376236
 20
-5.606026120996563
 30
0.0
 11
52.870767767772726
 21
-5.7266321381981795
 31
0.0
  0
LINE
  5
27C
330
17
100
AcDbEntity
  8
ENGRAVE_LOG
100
AcDbLine
 10
52.870767767772726
 20
-5.7266321381981795
 30
0.0
 11
53.984255167169216
 21
-5.847238155399795
 31
0.0
  0
LINE
  5
27D
330
17
100
AcDbEntity
  8
ENGRAVE_LOG
100
AcDbLine
 10
52.08606452374342
 20
-6.418121409605538
 30
0.0
 11
52.78081004902201
 21
-6.503728974139149
 31
0.0
  0
LINE
  5
27E
330
17
100
AcDbEntity
  8
ENGRAVE_LOG
100
AcDbLine
 10
52.78081004902201
 20
-6.503728974139149
 30
0.0
 11
53.4755555743006
 21
-6.58933653867276
 31
0.0
  0
LINE
  5
27F
330
17
100
AcDbEntity
  8
ENGRAVE_LOG
100
AcDbLine
 10
51.98658651425627
 20
-7.1795001633643025
 30
0.0
 11
52.68000516059734
 21
-7.2752633134091775
 31
0.0
  0
LINE
  5
280
330
17
100
AcDbEntity
  8
ENGRAVE_LOG
100
AcDbLine
 10
52.68000516059734
 20
-7.2752633134091775
 30
0.0
 11
53.37342380693842
 21
-7.3710264634540525
 31
0.0
  0
LINE
  5
281
330
17
100
AcDbEntity
  8
ENGRAVE_LOG
100
AcDbLine
 10
51.87659888553613
 20
-7.935293823746621
 30
0.0
 11
52.56855047128071
 21
-8.041138063011534
 31
0.0
  0
LINE
  5
282
330
17
100
AcDbEntity
  8
ENGRAVE_LOG
100
AcDbLine
 10
52.56855047128071
 20
-8.041138063011534
 30
0.0
 11
53.260502057025285
 21
-8.146982302276449
 31
0.0
  0
LINE
  5
283
330
17
100
AcDbEntity
  8
ENGRAVE_LOG
100
AcDbLine
 10
51.75629466417494
 20
-8.685410907671383
 30
0.0
 11
52.44664158233276
 21
-8.801260519625842
 31
0.0
  0
LINE
  5
284
330
17
100
AcDbEntity
  8
ENGRAVE_LOG
100
AcDbLine
 10
52.44664158233276
 20
-8.801260519625842
 30
0.0
 11
53.13698850049058
 21
-8.9171101315803
 31
0.0
  0
LINE
  5
285
330
17
100
AcDbEntity
  8
ENGRAVE_LOG
100
AcDbLine
 10
50.9372579131373
 20
-9.303986043117852
 30
0.0
 11
52.31447230244576
 21
-9.555542251313392
 31
0.0
  0
LINE
  5
286
330
17
100
AcDbEntity
  8
ENGRAVE_LOG
100
AcDbLine
 10
52.31447230244576
 20
-9.555542251313392
 30
0.0
 11
53.69168669175422
 21
-9.80709845950893
 31
0.0
  0
TEXT
  5
287
330
17
100
AcDbEntity
  8
ENGRAVE_TEXT
100
AcDbText
 10
49.9338588580697
 20
-9.120709377146817
 30
0.0
 40
3.8
  1
1.9
 50
-100.3512963430184
 72
1
 11
49.9338588580697
 21
-9.120709377146817
 31
0.0
100
AcDbText
 73
2
  0
TEXT
  5
288
330
17
100
AcDbEntity
  8
ENGRAVE_TEXT
100
AcDbText
 10
54.69508574682182
 20
-9.990375125479966
 30
0.0
 40
3.8
  1
1.9
 50
-100.3512963430184
 72
1
 11
54.69508574682182
 21
-9.990375125479966
 31
0.0
100
AcDbText
 73
2
  0
LINE
  5
289
330
17
100
AcDbEntity
  8
ENGRAVE_LOG
100
AcDbLine
 10
51.485499682615604
 20
-10.168270375604092
 30
0.0
 11
52.172234625028544
 21
-10.303898981986007
 31
0.0
  0
LINE
  5
28A
330
17
100
AcDbEntity
  8
ENGRAVE_LOG
100
AcDbLine
 10
52.172234625028544
 20
-10.303898981986007
 30
0.0
 11
52.858969567441484
 21
-10.439527588367921
 31
0.0
  0
LINE
  5
28B
330
17
100
AcDbEntity
  8
ENGRAVE_LOG
100
AcDbLine
 10
51.33538604326254
 20
-10.900850415871494
 30
0.0
 11
52.020118707711546
 21
-11.046250478583195
 31
0.0
  0
LINE
  5
28C
330
17
100
AcDbEntity
  8
ENGRAVE_LOG
100
AcDbLine
 10
52.020118707711546
 20
-11.046250478583195
 30
0.0
 11
52.704851372160554
 21
-11.191650541294896
 31
0.0
  0
LINE
  5
28D
330
17
100
AcDbEntity
  8
ENGRAVE_LOG
100
AcDbLine
 10
51.17571001459307
 20
-11.627428972145044
 30
0.0
 11
51.85831285396455
 21
-11.782520440904602
 31
0.0
  0
LINE
  5
28E
330
17
100
AcDbEntity
  8
ENGRAVE_LOG
100
AcDbLine
 10
51.85831285396455
 20
-11.782520440904602
 30
0.0
 11
52.54091569333603
 21
-11.937611909664158
 31
0.0
  0
LINE
  5
28F
330
17
100
AcDbEntity
  8
ENGRAVE_LOG
100
AcDbLine
 10
51.006655575556906
 20
-12.347934523494565
 30
0.0
 11
51.687003496724785
 21
-12.512636394044227
 31
0.0
  0
LINE
  5
290
330
17
100
AcDbEntity
  8
ENGRAVE_LOG
100
AcDbLine
 10
51.687003496724785
 20
-12.512636394044227
 30
0.0
 11
52.36735141789266
 21
-12.677338264593889
 31
0.0
  0
LINE
  5
291
330
17
100
AcDbEntity
  8
ENGRAVE_LOG
100
AcDbLine
 10
50.42162264151481
 20
-12.957761002452596
 30
0.0
 11
51.506375183936946
 21
-13.236529583373589
 31
0.0
  0
LINE
  5
292
330
17
100
AcDbEntity
  8
ENGRAVE_LOG
100
AcDbLine
 10
51.506375183936946
 20
-13.236529583373589
 30
0.0
 11
52.59112772635908
 21
-13.515298164294581
 31
0.0
  0
LINE
  5
293
330
17
100
AcDbEntity
  8
ENGRAVE_LOG
100
AcDbLine
 10
50.641138068804764
 20
-13.770458783070836
 30
0.0
 11
51.31661056591154
 21
-13.954134872021857
 31
0.0
  0
LINE
  5
294
330
17
100
AcDbEntity
  8
ENGRAVE_LOG
100
AcDbLine
 10
51.31661056591154
 20
-13.954134872021857
 30
0.0
 11
51.992083063018306
 21
-14.13781096097288
 31
0.0
  0
LINE
  5
295
330
17
100
AcDbEntity
  8
ENGRAVE_LOG
100
AcDbLine
 10
50.44503360988927
 20
-14.472352403708985
 30
0.0
 11
51.117890384411425
 21
-14.66539064080114
 31
0.0
  0
LINE
  5
296
330
17
100
AcDbEntity
  8
ENGRAVE_LOG
100
AcDbLine
 10
51.117890384411425
 20
-14.66539064080114
 30
0.0
 11
51.79074715893358
 21
-14.858428877893298
 31
0.0
  0
LINE
  5
297
330
17
100
AcDbEntity
  8
ENGRAVE_LOG
100
AcDbLine
 10
50.2402679382894
 20
-15.167922649093711
 30
0.0
 11
50.91039346338091
 21
-15.370238690525984
 31
0.0
  0
LINE
  5
298
330
17
100
AcDbEntity
  8
ENGRAVE_LOG
100
AcDbLine
 10
50.91039346338091
 20
-15.370238690525984
 30
0.0
 11
51.58051898847243
 21
-15.572554731958254
 31
0.0
  0
LINE
  5
299
330
17
100
AcDbEntity
  8
ENGRAVE_LOG
100
AcDbLine
 10
50.02701562393398
 20
-15.857115367010037
 30
0.0
 11
50.694296701234926
 21
-16.06862414667671
 31
0.0
  0
LINE
  5
29A
330
17
100
AcDbEntity
  8
ENGRAVE_LOG
100
AcDbLine
 10
50.694296701234926
 20
-16.06862414667671
 30
0.0
 11
51.361577778535874
 21
-16.280132926343384
 31
0.0
  0
LINE
  5
29B
330
17
100
AcDbEntity
  8
ENGRAVE_LOG
100
AcDbLine
 10
49.14112359621154
 20
-16.31926382230097
 30
0.0
 11
50.46977506462978
 21
-16.760495366357002
 31
0.0
  0
LINE
  5
29C
330
17
100
AcDbEntity
  8
ENGRAVE_LOG
100
AcDbLine
 10
50.46977506462978
 20
-16.760495366357002
 30
0.0
 11
51.79842653304801
 21
-17.201726910413033
 31
0.0
  0
TEXT
  5
29D
330
17
100
AcDbEntity
  8
ENGRAVE_TEXT
100
AcDbText
 10
48.17310609779254
 20
-15.997795125917289
 30
0.0
 40
3.8
  1
2
 50
-108.37079843903324
 72
1
 11
48.17310609779254
 21
-15.997795125917289
 31
0.0
100
AcDbText
 73
2
  0
TEXT
  5
29E
330
17
100
AcDbEntity
  8
ENGRAVE_TEXT
100
AcDbText
 10
52.76644403146701
 20
-17.523195606796715
 30
0.0
 40
3.8
  1
2
 50
-108.37079843903324
 72
1
 11
52.76644403146701
 21
-17.523195606796715
 31
0.0
100
AcDbText
 73
2
  0
LINE
  5
29F
330
17
100
AcDbEntity
  8
ENGRAVE_LOG
100
AcDbLine
 10
49.575739810256515
 20
-17.216167467405363
 30
0.0
 11
50.23700158364028
 21
-17.445803847496517
 31
0.0
  0
LINE
  5
2A0
330
17
100
AcDbEntity
  8
ENGRAVE_LOG
100
AcDbLine
 10
50.23700158364028
 20
-17.445803847496517
 30
0.0
 11
50.898263357024035
 21
-17.67544022758767
 31
0.0
  0
LINE
  5
2A1
330
17
100
AcDbEntity
  8
ENGRAVE_LOG
100
AcDbLine
 10
49.33805590141538
 20
-17.885934134643648
 30
0.0
 11
49.99614734827115
 21
-18.124504140250558
 31
0.0
  0
LINE
  5
2A2
330
17
100
AcDbEntity
  8
ENGRAVE_LOG
100
AcDbLine
 10
49.99614734827115
 20
-18.124504140250558
 30
0.0
 11
50.65423879512692
 21
-18.363074145857468
 31
0.0
  0
LINE
  5
2A3
330
17
100
AcDbEntity
  8
ENGRAVE_LOG
100
AcDbLine
 10
49.09256452514415
 20
-18.549137671184557
 30
0.0
 11
49.747381506234106
 21
-18.79655376054868
 31
0.0
  0
LINE
  5
2A4
330
17
100
AcDbEntity
  8
ENGRAVE_LOG
100
AcDbLine
 10
49.747381506234106
 20
-18.79655376054868
 30
0.0
 11
50.402198487324064
 21
-19.043969849912806
 31
0.0
  0
LINE
  5
2A5
330
17
100
AcDbEntity
  8
ENGRAVE_LOG
100
AcDbLine
 10
48.83943068495294
 20
-19.205738995666817
 30
0.0
 11
49.4908712619245
 21
-19.461913105746216
 31
0.0
  0
LINE
  5
2A6
330
17
100
AcDbEntity
  8
ENGRAVE_LOG
100
AcDbLine
 10
49.4908712619245
 20
-19.461913105746216
 30
0.0
 11
50.14231183889605
 21
-19.718087215825616
 31
0.0
  0
LINE
  5
2A7
330
17
100
AcDbEntity
  8
ENGRAVE_LOG
100
AcDbLine
 10
48.190038820842574
 20
-19.696795639029343
 30
0.0
 11
49.22678187653492
 21
-20.12054537233155
 31
0.0
  0
LINE
  5
2A8
330
17
100
AcDbEntity
  8
ENGRAVE_LOG
100
AcDbLine
 10
49.22678187653492
 20
-20.12054537233155
 30
0.0
 11
50.26352493222727
 21
-20.544295105633754
 31
0.0
  0
LINE
  5
2A9
330
17
100
AcDbEntity
  8
ENGRAVE_LOG
100
AcDbLine
 10
48.31088603990206
 20
-20.49899241522852
 30
0.0
 11
48.955276669245265
 21
-20.77241647564506
 31
0.0
  0
LINE
  5
2AA
330
17
100
AcDbEntity
  8
ENGRAVE_LOG
100
AcDbLine
 10
48.955276669245265
 20
-20.77241647564506
 30
0.0
 11
49.59966729858847
 21
-21.0458405360616
 31
0.0
  0
LINE
  5
2AB
330
17
100
AcDbEntity
  8
ENGRAVE_LOG
100
AcDbLine
 10
48.035795659642474
 20
-21.13557984407036
 30
0.0
 11
48.67651701943191
 21
-21.41749497156368
 31
0.0
  0
LINE
  5
2AC
330
17
100
AcDbEntity
  8
ENGRAVE_LOG
100
AcDbLine
 10
48.67651701943191
 20
-21.41749497156368
 30
0.0
 11
49.31723837922135
 21
-21.699410099056998
 31
0.0
  0
LINE
  5
2AD
330
17
100
AcDbEntity
  8
ENGRAVE_LOG
100
AcDbLine
 10
47.7537036699745
 20
-21.765435575707272
 30
0.0
 11
48.390662369840776
 21
-22.055751980108855
 31
0.0
  0
LINE
  5
2AE
330
17
100
AcDbEntity
  8
ENGRAVE_LOG
100
AcDbLine
 10
48.390662369840776
 20
-22.055751980108855
 30
0.0
 11
49.02762106970706
 21
-22.34606838451044
 31
0.0
  0
LINE
  5
2AF
330
17
100
AcDbEntity
  8
ENGRAVE_LOG
100
AcDbLine
 10
47.46476550781615
 20
-22.388533567163925
 30
0.0
 11
48.09787023067193
 21
-22.687161110933264
 31
0.0
  0
LINE
  5
2B0
330
17
100
AcDbEntity
  8
ENGRAVE_LOG
100
AcDbLine
 10
48.09787023067193
 20
-22.687161110933264
 30
0.0
 11
48.73097495352771
 21
-22.9857886547026
 31
0.0
  0
LINE
  5
2B1
330
17
100
AcDbEntity
  8
ENGRAVE_LOG
100
AcDbLine
 10
46.53997323119043
 20
-22.698001930568214
 30
0.0
 11
47.79829618452505
 21
-23.311698390645375
 31
0.0
  0
LINE
  5
2B2
330
17
100
AcDbEntity
  8
ENGRAVE_LOG
100
AcDbLine
 10
47.79829618452505
 20
-23.311698390645375
 30
0.0
 11
49.05661913785967
 21
-23.925394850722537
 31
0.0
  0
TEXT
  5
2B3
330
17
100
AcDbEntity
  8
ENGRAVE_TEXT
100
AcDbText
 10
45.6231950794752
 20
-22.250880223940563
 30
0.0
 40
3.8
  1
2.1
 50
-115.99894610421094
 72
1
 11
45.6231950794752
 21
-22.250880223940563
 31
0.0
100
AcDbText
 73
2
  0
TEXT
  5
2B4
330
17
100
AcDbEntity
  8
ENGRAVE_TEXT
100
AcDbText
 10
49.97339728957489
 20
-24.372516557350185
 30
0.0
 40
3.8
  1
2.1
 50
-115.99894610421094
 72
1
 11
49.97339728957489
 21
-24.372516557350185
 31
0.0
100
AcDbText
 73
2
  0
LINE
  5
2B5
330
17
100
AcDbEntity
  8
ENGRAVE_LOG
100
AcDbLine
 10
46.866962908244695
 20
-23.614364013396926
 30
0.0
 11
47.49209389215802
 21
-23.92934219192928
 31
0.0
  0
LINE
  5
2B6
330
17
100
AcDbEntity
  8
ENGRAVE_LOG
100
AcDbLine
 10
47.49209389215802
 20
-23.92934219192928
 30
0.0
 11
48.11722487607135
 21
-24.244320370461633
 31
0.0
  0
LINE
  5
2B7
330
17
100
AcDbEntity
  8
ENGRAVE_LOG
100
AcDbLine
 10
46.55839985701714
 20
-24.217056029875014
 30
0.0
 11
47.17941509901242
 21
-24.54007316441984
 31
0.0
  0
LINE
  5
2B8
330
17
100
AcDbEntity
  8
ENGRAVE_LOG
100
AcDbLine
 10
47.17941509901242
 20
-24.54007316441984
 30
0.0
 11
47.8004303410077
 21
-24.863090298964668
 31
0.0
  0
LINE
  5
2B9
330
17
100
AcDbEntity
  8
ENGRAVE_LOG
100
AcDbLine
 10
46.24359341926323
 20
-24.81290929483833
 30
0.0
 11
46.860409642462244
 21
-25.14387416729235
 31
0.0
  0
LINE
  5
2BA
330
17
100
AcDbEntity
  8
ENGRAVE_LOG
100
AcDbLine
 10
46.860409642462244
 20
-25.14387416729235
 30
0.0
 11
47.47722586566126
 21
-25.47483903974637
 31
0.0
  0
LINE
  5
2BB
330
17
100
AcDbEntity
  8
ENGRAVE_LOG
100
AcDbLine
 10
45.92268958494425
 20
-25.401909008672025
 30
0.0
 11
46.53522545974343
 21
-25.74073020352855
 31
0.0
  0
LINE
  5
2BC
330
17
100
AcDbEntity
  8
ENGRAVE_LOG
100
AcDbLine
 10
46.53522545974343
 20
-25.74073020352855
 30
0.0
 11
47.147761334542615
 21
-26.079551398385075
 31
0.0
  0
LINE
  5
2BD
330
17
100
AcDbEntity
  8
ENGRAVE_LOG
100
AcDbLine
 10
45.23092680584945
 20
-25.776090865061175
 30
0.0
 11
46.20400859652465
 21
-26.33062835581931
 31
0.0
  0
LINE
  5
2BE
330
17
100
AcDbEntity
  8
ENGRAVE_LOG
100
AcDbLine
 10
46.20400859652465
 20
-26.33062835581931
 30
0.0
 11
47.17709038719986
 21
-26.885165846577443
 31
0.0
  0
LINE
  5
2BF
330
17
100
AcDbEntity
  8
ENGRAVE_LOG
100
AcDbLine
 10
45.263164362164424
 20
-26.559298784487677
 30
0.0
 11
45.86690321608049
 21
-26.913557724067353
 31
0.0
  0
LINE
  5
2C0
330
17
100
AcDbEntity
  8
ENGRAVE_LOG
100
AcDbLine
 10
45.86690321608049
 20
-26.913557724067353
 30
0.0
 11
46.47064206999656
 21
-27.26781666364703
 31
0.0
  0
LINE
  5
2C1
330
17
100
AcDbEntity
  8
ENGRAVE_LOG
100
AcDbLine
 10
44.92482565705022
 20
-27.127669263754335
 30
0.0
 11
45.52405160903069
 21
-27.489509364452278
 31
0.0
  0
LINE
  5
2C2
330
17
100
AcDbEntity
  8
ENGRAVE_LOG
100
AcDbLine
 10
45.52405160903069
 20
-27.489509364452278
 30
0.0
 11
46.123277561011164
 21
-27.851349465150225
 31
0.0
  0
LINE
  5
2C3
330
17
100
AcDbEntity
  8
ENGRAVE_LOG
100
AcDbLine
 10
44.580954941810404
 20
-27.689146907701403
 30
0.0
 11
45.17559420361047
 21
-28.058476230022116
 31
0.0
  0
LINE
  5
2C4
330
17
100
AcDbEntity
  8
ENGRAVE_LOG
100
AcDbLine
 10
45.17559420361047
 20
-28.058476230022116
 30
0.0
 11
45.770233465410534
 21
-28.42780555234283
 31
0.0
  0
LINE
  5
2C5
330
17
100
AcDbEntity
  8
ENGRAVE_LOG
100
AcDbLine
 10
44.23168896900121
 20
-28.243726576879627
 30
0.0
 11
44.821669576438346
 21
-28.620453112775508
 31
0.0
  0
LINE
  5
2C6
330
17
100
AcDbEntity
  8
ENGRAVE_LOG
100
AcDbLine
 10
44.821669576438346
 20
-28.620453112775508
 30
0.0
 11
45.41165018387549
 21
-28.99717964867139
 31
0.0
  0
LINE
  5
2C7
330
17
100
AcDbEntity
  8
ENGRAVE_LOG
100
AcDbLine
 10
43.291910886290815
 20
-28.407373194532706
 30
0.0
 11
44.462414463749425
 21
-29.175436587200643
 31
0.0
  0
LINE
  5
2C8
330
17
100
AcDbEntity
  8
ENGRAVE_LOG
100
AcDbLine
 10
44.462414463749425
 20
-29.175436587200643
 30
0.0
 11
45.63291804120804
 21
-29.943499979868577
 31
0.0
  0
TEXT
  5
2C9
330
17
100
AcDbEntity
  8
ENGRAVE_TEXT
100
AcDbText
 10
42.43911542271382
 20
-27.847784151303205
 30
0.0
 40
3.8
  1
2.2
 50
-123.27216509599427
 72
1
 11
42.43911542271382
 21
-27.847784151303205
 31
0.0
100
AcDbText
 73
2
  0
TEXT
  5
2CA
330
17
100
AcDbEntity
  8
ENGRAVE_TEXT
100
AcDbText
 10
46.48571350478504
 20
-30.503089023098077
 30
0.0
 40
3.8
  1
2.2
 50
-123.27216509599427
 72
1
 11
46.48571350478504
 21
-30.503089023098077
 31
0.0
100
AcDbText
 73
2
  0
LINE
  5
2CB
330
17
100
AcDbEntity
  8
ENGRAVE_LOG
100
AcDbLine
 10
43.5175091916213
 20
-29.332180173951535
 30
0.0
 11
44.09796377306442
 21
-29.72342495523519
 31
0.0
  0
LINE
  5
2CC
330
17
100
AcDbEntity
  8
ENGRAVE_LOG
100
AcDbLine
 10
44.09796377306442
 20
-29.72342495523519
 30
0.0
 11
44.67841835450754
 21
-30.11466973651884
 31
0.0
  0
LINE
  5
2CD
330
17
100
AcDbEntity
  8
ENGRAVE_LOG
100
AcDbLine
 10
43.15285985783106
 20
-29.866052402190558
 30
0.0
 11
43.72845059526402
 21
-30.26441819261612
 31
0.0
  0
LINE
  5
2CE
330
17
100
AcDbEntity
  8
ENGRAVE_LOG
100
AcDbLine
 10
43.72845059526402
 20
-30.26441819261612
 30
0.0
 11
44.30404133269698
 21
-30.66278398304168
 31
0.0
  0
LINE
  5
2CF
330
17
100
AcDbEntity
  8
ENGRAVE_LOG
100
AcDbLine
 10
42.78334423223721
 20
-30.393023151800715
 30
0.0
 11
43.354006217042205
 21
-30.798417896584645
 31
0.0
  0
LINE
  5
2D0
330
17
100
AcDbEntity
  8
ENGRAVE_LOG
100
AcDbLine
 10
43.354006217042205
 20
-30.798417896584645
 30
0.0
 11
43.924668201847204
 21
-31.20381264136857
 31
0.0
  0
LINE
  5
2D1
330
17
100
AcDbEntity
  8
ENGRAVE_LOG
100
AcDbLine
 10
42.409090105625104
 20
-30.913095548860365
 30
0.0
 11
42.97476013371081
 21
-31.32542723491605
 31
0.0
  0
LINE
  5
2D2
330
17
100
AcDbEntity
  8
ENGRAVE_LOG
100
AcDbLine
 10
42.97476013371081
 20
-31.32542723491605
 30
0.0
 11
43.540430161796515
 21
-31.737758920971736
 31
0.0
  0
LINE
  5
2D3
330
17
100
AcDbEntity
  8
ENGRAVE_LOG
100
AcDbLine
 10
41.693853584899536
 20
-31.174768214711083
 30
0.0
 11
42.5908400623311
 21
-31.845450896241555
 31
0.0
  0
LINE
  5
2D4
330
17
100
AcDbEntity
  8
ENGRAVE_LOG
100
AcDbLine
 10
42.5908400623311
 20
-31.845450896241555
 30
0.0
 11
43.487826539762665
 21
-32.516133577772024
 31
0.0
  0
LINE
  5
2D5
330
17
100
AcDbEntity
  8
ENGRAVE_LOG
100
AcDbLine
 10
41.646868751525325
 20
-31.932565246049723
 30
0.0
 11
42.20237195514705
 21
-32.35849504163347
 31
0.0
  0
LINE
  5
2D6
330
17
100
AcDbEntity
  8
ENGRAVE_LOG
100
AcDbLine
 10
42.20237195514705
 20
-32.35849504163347
 30
0.0
 11
42.75787515876877
 21
-32.78442483721721
 31
0.0
  0
LINE
  5
2D7
330
17
100
AcDbEntity
  8
ENGRAVE_LOG
100
AcDbLine
 10
41.25914838469171
 20
-32.431976112626735
 30
0.0
 11
41.8094800132985
 21
-32.86456725742168
 31
0.0
  0
LINE
  5
2D8
330
17
100
AcDbEntity
  8
ENGRAVE_LOG
100
AcDbLine
 10
41.8094800132985
 20
-32.86456725742168
 30
0.0
 11
42.35981164190529
 21
-33.29715840221663
 31
0.0
  0
LINE
  5
2D9
330
17
100
AcDbEntity
  8
ENGRAVE_LOG
100
AcDbLine
 10
40.86718326546685
 20
-32.924515667610756
 30
0.0
 11
41.41228670079129
 21
-33.3636765092138
 31
0.0
  0
LINE
  5
2DA
330
17
100
AcDbEntity
  8
ENGRAVE_LOG
100
AcDbLine
 10
41.41228670079129
 20
-33.3636765092138
 30
0.0
 11
41.95739013611574
 21
-33.802837350816844
 31
0.0
  0
LINE
  5
2DB
330
17
100
AcDbEntity
  8
ENGRAVE_LOG
100
AcDbLine
 10
40.47109254563319
 20
-33.41019407550327
 30
0.0
 11
41.01091275870375
 21
-33.85583309708963
 31
0.0
  0
LINE
  5
2DC
330
17
100
AcDbEntity
  8
ENGRAVE_LOG
100
AcDbLine
 10
41.01091275870375
 20
-33.85583309708963
 30
0.0
 11
41.55073297177432
 21
-34.301472118675996
 31
0.0
  0
LINE
  5
2DD
330
17
100
AcDbEntity
  8
ENGRAVE_LOG
100
AcDbLine
 10
39.536510162305404
 20
-33.43699693731364
 30
0.0
 11
40.60547721960992
 21
-34.341048611941666
 31
0.0
  0
LINE
  5
2DE
330
17
100
AcDbEntity
  8
ENGRAVE_LOG
100
AcDbLine
 10
40.60547721960992
 20
-34.341048611941666
 30
0.0
 11
41.67444427691442
 21
-35.24510028656969
 31
0.0
  0
TEXT
  5
2DF
330
17
100
AcDbEntity
  8
ENGRAVE_TEXT
100
AcDbText
 10
38.75769130626926
 20
-32.778330717227504
 30
0.0
 40
3.8
  1
2.3
 50
-130.22202096633342
 72
1
 11
38.75769130626926
 21
-32.778330717227504
 31
0.0
100
AcDbText
 73
2
  0
TEXT
  5
2E0
330
17
100
AcDbEntity
  8
ENGRAVE_TEXT
100
AcDbText
 10
42.45326313295057
 20
-35.90376650665582
 30
0.0
 40
3.8
  1
2.3
 50
-130.22202096633342
 72
1
 11
42.45326313295057
 21
-35.90376650665582
 31
0.0
100
AcDbText
 73
2
  0
LINE
  5
2E1
330
17
100
AcDbEntity
  8
ENGRAVE_LOG
100
AcDbLine
 10
39.667002495619215
 20
-34.36101443514929
 30
0.0
 11
40.19609742219951
 21
-34.81933589293521
 31
0.0
  0
LINE
  5
2E2
330
17
100
AcDbEntity
  8
ENGRAVE_LOG
100
AcDbLine
 10
40.19609742219951
 20
-34.81933589293521
 30
0.0
 11
40.72519234877979
 21
-35.277657350721114
 31
0.0
  0
LINE
  5
2E3
330
17
100
AcDbEntity
  8
ENGRAVE_LOG
100
AcDbLine
 10
39.259233096813944
 20
-34.826182918172755
 30
0.0
 11
39.782889026077854
 21
-35.29070898605997
 31
0.0
  0
LINE
  5
2E4
330
17
100
AcDbEntity
  8
ENGRAVE_LOG
100
AcDbLine
 10
39.782889026077854
 20
-35.29070898605997
 30
0.0
 11
40.306544955341764
 21
-35.75523505394719
 31
0.0
  0
LINE
  5
2E5
330
17
100
AcDbEntity
  8
ENGRAVE_LOG
100
AcDbLine
 10
38.847797989519194
 20
-35.28454323589167
 30
0.0
 11
39.36596602672696
 21
-35.75518310374846
 31
0.0
  0
LINE
  5
2E6
330
17
100
AcDbEntity
  8
ENGRAVE_LOG
100
AcDbLine
 10
39.36596602672696
 20
-35.75518310374846
 30
0.0
 11
39.884134063934724
 21
-36.22582297160525
 31
0.0
  0
LINE
  5
2E7
330
17
100
AcDbEntity
  8
ENGRAVE_LOG
100
AcDbLine
 10
38.43280804140195
 20
-35.73611151276463
 30
0.0
 11
38.94544077061273
 21
-36.21277458553398
 31
0.0
  0
LINE
  5
2E8
330
17
100
AcDbEntity
  8
ENGRAVE_LOG
100
AcDbLine
 10
38.94544077061273
 20
-36.21277458553398
 30
0.0
 11
39.4580734998235
 21
-36.689437658303326
 31
0.0
  0
LINE
  5
2E9
330
17
100
AcDbEntity
  8
ENGRAVE_LOG
100
AcDbLine
 10
37.7101416303147
 20
-35.89134740047532
 30
0.0
 11
38.52142397042136
 21
-36.66350085972488
 31
0.0
  0
LINE
  5
2EA
330
17
100
AcDbEntity
  8
ENGRAVE_LOG
100
AcDbLine
 10
38.52142397042136
 20
-36.66350085972488
 30
0.0
 11
39.33270631052801
 21
-37.43565431897444
 31
0.0
  0
LINE
  5
2EB
330
17
100
AcDbEntity
  8
ENGRAVE_LOG
100
AcDbLine
 10
37.59259904714488
 20
-36.6189417771814
 30
0.0
 11
38.094024720410914
 21
-37.10738040606911
 31
0.0
  0
LINE
  5
2EC
330
17
100
AcDbEntity
  8
ENGRAVE_LOG
100
AcDbLine
 10
38.094024720410914
 20
-37.10738040606911
 30
0.0
 11
38.59545039367695
 21
-37.595819034956826
 31
0.0
  0
LINE
  5
2ED
330
17
100
AcDbEntity
  8
ENGRAVE_LOG
100
AcDbLine
 10
37.1675937356637
 20
-37.05024123943935
 30
0.0
 11
37.663350511863484
 21
-37.544432719386144
 31
0.0
  0
LINE
  5
2EE
330
17
100
AcDbEntity
  8
ENGRAVE_LOG
100
AcDbLine
 10
37.663350511863484
 20
-37.544432719386144
 30
0.0
 11
38.15910728806327
 21
-38.038624199332936
 31
0.0
  0
LINE
  5
2EF
330
17
100
AcDbEntity
  8
ENGRAVE_LOG
100
AcDbLine
 10
36.739461083260736
 20
-37.474823539432045
 30
0.0
 11
37.22950724862435
 21
-37.974678274142455
 31
0.0
  0
LINE
  5
2F0
330
17
100
AcDbEntity
  8
ENGRAVE_LOG
100
AcDbLine
 10
37.22950724862435
 20
-37.974678274142455
 30
0.0
 11
37.71955341398797
 21
-38.474533008852866
 31
0.0
  0
LINE
  5
2F1
330
17
100
AcDbEntity
  8
ENGRAVE_LOG
100
AcDbLine
 10
36.308304048651806
 20
-37.89270981482658
 30
0.0
 11
36.79259926271538
 21
-38.39813848994813
 31
0.0
  0
LINE
  5
2F2
330
17
100
AcDbEntity
  8
ENGRAVE_LOG
100
AcDbLine
 10
36.79259926271538
 20
-38.39813848994813
 30
0.0
 11
37.27689447677895
 21
-38.903567165069674
 31
0.0
  0
LINE
  5
2F3
330
17
100
AcDbEntity
  8
ENGRAVE_LOG
100
AcDbLine
 10
35.395718779765886
 20
-37.79300850770853
 30
0.0
 11
36.35272933001061
 21
-38.81483569795171
 31
0.0
  0
LINE
  5
2F4
330
17
100
AcDbEntity
  8
ENGRAVE_LOG
100
AcDbLine
 10
36.35272933001061
 20
-38.81483569795171
 30
0.0
 11
37.30973988025534
 21
-39.83666288819489
 31
0.0
  0
TEXT
  5
2F5
330
17
100
AcDbEntity
  8
ENGRAVE_TEXT
100
AcDbText
 10
34.69846823601615
 20
-37.04853441195992
 30
0.0
 40
3.8
  1
2.4
 50
-136.87604701617818
 72
1
 11
34.69846823601615
 21
-37.04853441195992
 31
0.0
100
AcDbText
 73
2
  0
TEXT
  5
2F6
330
17
100
AcDbEntity
  8
ENGRAVE_TEXT
100
AcDbText
 10
38.00699042400508
 20
-40.581136983943495
 30
0.0
 40
3.8
  1
2.4
 50
-136.87604701617818
 72
1
 11
38.00699042400508
 21
-40.581136983943495
 31
0.0
100
AcDbText
 73
2
  0
LINE
  5
2F7
330
17
100
AcDbEntity
  8
ENGRAVE_LOG
100
AcDbLine
 10
35.43732100487575
 20
-38.708483307892486
 30
0.0
 11
35.90999868596213
 21
-39.224793108112095
 31
0.0
  0
LINE
  5
2F8
330
17
100
AcDbEntity
  8
ENGRAVE_LOG
100
AcDbLine
 10
35.90999868596213
 20
-39.224793108112095
 30
0.0
 11
36.38267636704851
 21
-39.7411029083317
 31
0.0
  0
LINE
  5
2F9
330
17
100
AcDbEntity
  8
ENGRAVE_LOG
100
AcDbLine
 10
34.997693296932
 20
-39.10641717025328
 30
0.0
 11
35.46450704136517
 21
-39.62803477732602
 31
0.0
  0
LINE
  5
2FA
330
17
100
AcDbEntity
  8
ENGRAVE_LOG
100
AcDbLine
 10
35.46450704136517
 20
-39.62803477732602
 30
0.0
 11
35.931320785798334
 21
-40.14965238439876
 31
0.0
  0
LINE
  5
2FB
330
17
100
AcDbEntity
  8
ENGRAVE_LOG
100
AcDbLine
 10
34.55543784037305
 20
-39.49774823531227
 30
0.0
 11
35.01635259815242
 21
-40.024585578389996
 31
0.0
  0
LINE
  5
2FC
330
17
100
AcDbEntity
  8
ENGRAVE_LOG
100
AcDbLine
 10
35.01635259815242
 20
-40.024585578389996
 30
0.0
 11
35.47726735593179
 21
-40.55142292146771
 31
0.0
  0
LINE
  5
2FD
330
17
100
AcDbEntity
  8
ENGRAVE_LOG
100
AcDbLine
 10
34.110650071118215
 20
-39.88250182380391
 30
0.0
 11
34.56563206520706
 21
-40.41447116977691
 31
0.0
  0
LINE
  5
2FE
330
17
100
AcDbEntity
  8
ENGRAVE_LOG
100
AcDbLine
 10
34.56563206520706
 20
-40.41447116977691
 30
0.0
 11
35.020614059295916
 21
-40.94644051574991
 31
0.0
  0
LINE
  5
2FF
330
17
100
AcDbEntity
  8
ENGRAVE_LOG
100
AcDbLine
 10
33.3940139431756
 20
-39.93849562468514
 30
0.0
 11
34.11244067418514
 21
-40.79771796620737
 31
0.0
  0
LINE
  5
300
330
17
100
AcDbEntity
  8
ENGRAVE_LOG
100
AcDbLine
 10
34.11244067418514
 20
-40.79771796620737
 30
0.0
 11
34.83086740519468
 21
-41.6569403077296
 31
0.0
  0
LINE
  5
301
330
17
100
AcDbEntity
  8
ENGRAVE_LOG
100
AcDbLine
 10
33.21385206490007
 20
-40.63238155721288
 30
0.0
 11
33.6568721953389
 21
-41.17435310999583
 31
0.0
  0
LINE
  5
302
330
17
100
AcDbEntity
  8
ENGRAVE_LOG
100
AcDbLine
 10
33.6568721953389
 20
-41.17435310999583
 30
0.0
 11
34.09989232577774
 21
-41.716324662778774
 31
0.0
  0
LINE
  5
303
330
17
100
AcDbEntity
  8
ENGRAVE_LOG
100
AcDbLine
 10
32.76202547331408
 20
-40.997561962706015
 30
0.0
 11
33.19901895333161
 21
-41.544404443153695
 31
0.0
  0
LINE
  5
304
330
17
100
AcDbEntity
  8
ENGRAVE_LOG
100
AcDbLine
 10
33.19901895333161
 20
-41.544404443153695
 30
0.0
 11
33.636012433349144
 21
-42.091246923601375
 31
0.0
  0
LINE
  5
305
330
17
100
AcDbEntity
  8
ENGRAVE_LOG
100
AcDbLine
 10
32.3080338909849
 20
-41.35627335845157
 30
0.0
 11
32.73897184303691
 21
-41.90790048022969
 31
0.0
  0
LINE
  5
306
330
17
100
AcDbEntity
  8
ENGRAVE_LOG
100
AcDbLine
 10
32.73897184303691
 20
-41.90790048022969
 30
0.0
 11
33.16990979508892
 21
-42.459527602007824
 31
0.0
  0
LINE
  5
307
330
17
100
AcDbEntity
  8
ENGRAVE_LOG
100
AcDbLine
 10
31.851965620949365
 20
-41.708544521259185
 30
0.0
 11
32.276820345314164
 21
-42.264870381870494
 31
0.0
  0
LINE
  5
308
330
17
100
AcDbEntity
  8
ENGRAVE_LOG
100
AcDbLine
 10
32.276820345314164
 20
-42.264870381870494
 30
0.0
 11
32.70167506967896
 21
-42.821196242481804
 31
0.0
  0
LINE
  5
309
330
17
100
AcDbEntity
  8
ENGRAVE_LOG
100
AcDbLine
 10
30.975162630006793
 20
-41.493465751183415
 30
0.0
 11
31.81265254275321
 21
-42.61534392908331
 31
0.0
  0
LINE
  5
30A
330
17
100
AcDbEntity
  8
ENGRAVE_LOG
100
AcDbLine
 10
31.81265254275321
 20
-42.61534392908331
 30
0.0
 11
32.650142455499626
 21
-43.73722210698321
 31
0.0
  0
TEXT
  5
30B
330
17
100
AcDbEntity
  8
ENGRAVE_TEXT
100
AcDbText
 10
30.364991407862973
 20
-40.67609736442777
 30
0.0
 40
3.8
  1
2.5
 50
-143.25840312193353
 72
1
 11
30.364991407862973
 21
-40.67609736442777
 31
0.0
100
AcDbText
 73
2
  0
TEXT
  5
30C
330
17
100
AcDbEntity
  8
ENGRAVE_TEXT
100
AcDbText
 10
33.260313677643445
 20
-44.55459049373885
 30
0.0
 40
3.8
  1
2.5
 50
-143.25840312193353
 72
1
 11
33.260313677643445
 21
-44.55459049373885
 31
0.0
100
AcDbText
 73
2
  0
LINE
  5
30D
330
17
100
AcDbEntity
  8
ENGRAVE_LOG
100
AcDbLine
 10
30.933945346085096
 20
-42.39388429155106
 30
0.0
 11
31.3465551353812
 21
-42.9593514981838
 31
0.0
  0
LINE
  5
30E
330
17
100
AcDbEntity
  8
ENGRAVE_LOG
100
AcDbLine
 10
31.3465551353812
 20
-42.9593514981838
 30
0.0
 11
31.759164924677307
 21
-43.52481870481653
 31
0.0
  0
LINE
  5
30F
330
17
100
AcDbEntity
  8
ENGRAVE_LOG
100
AcDbLine
 10
30.472163109965607
 20
-42.72701341539859
 30
0.0
 11
30.87861345632567
 21
-43.29692403641191
 31
0.0
  0
LINE
  5
310
330
17
100
AcDbEntity
  8
ENGRAVE_LOG
100
AcDbLine
 10
30.87861345632567
 20
-43.29692403641191
 30
0.0
 11
31.28506380268573
 21
-43.86683465742523
 31
0.0
  0
LINE
  5
311
330
17
100
AcDbEntity
  8
ENGRAVE_LOG
100
AcDbLine
 10
30.00864375442244
 20
-43.05382329155173
 30
0.0
 11
30.408911487427314
 21
-43.62809303819972
 31
0.0
  0
LINE
  5
312
330
17
100
AcDbEntity
  8
ENGRAVE_LOG
100
AcDbLine
 10
30.408911487427314
 20
-43.62809303819972
 30
0.0
 11
30.80917922043219
 21
-44.20236278484771
 31
0.0
  0
LINE
  5
313
330
17
100
AcDbEntity
  8
ENGRAVE_LOG
100
AcDbLine
 10
29.543468837708307
 20
-43.37434551708369
 30
0.0
 11
29.937531874796644
 21
-43.95289052207528
 31
0.0
  0
LINE
  5
314
330
17
100
AcDbEntity
  8
ENGRAVE_LOG
100
AcDbLine
 10
29.937531874796644
 20
-43.95289052207528
 30
0.0
 11
30.33159491188498
 21
-44.53143552706687
 31
0.0
  0
LINE
  5
315
330
17
100
AcDbEntity
  8
ENGRAVE_LOG
100
AcDbLine
 10
28.844016217765322
 20
-43.33897008962363
 30
0.0
 11
29.464555944309637
 21
-44.271349008186405
 31
0.0
  0
LINE
  5
316
330
17
100
AcDbEntity
  8
ENGRAVE_LOG
100
AcDbLine
 10
29.464555944309637
 20
-44.271349008186405
 30
0.0
 11
30.085095670853953
 21
-45.20372792674919
 31
0.0
  0
LINE
  5
317
330
17
100
AcDbEntity
  8
ENGRAVE_LOG
100
AcDbLine
 10
28.608472054721393
 20
-43.99665585807886
 30
0.0
 11
28.99006371703666
 21
-44.58350149642976
 31
0.0
  0
LINE
  5
318
330
17
100
AcDbEntity
  8
ENGRAVE_LOG
100
AcDbLine
 10
28.99006371703666
 20
-44.58350149642976
 30
0.0
 11
29.37165537935192
 21
-45.17034713478066
 31
0.0
  0
LINE
  5
319
330
17
100
AcDbEntity
  8
ENGRAVE_LOG
100
AcDbLine
 10
28.138806851504903
 20
-44.29850955702347
 30
0.0
 11
28.514133924600436
 21
-44.889381445169754
 31
0.0
  0
LINE
  5
31A
330
17
100
AcDbEntity
  8
ENGRAVE_LOG
100
AcDbLine
 10
28.514133924600436
 20
-44.889381445169754
 30
0.0
 11
28.889460997695966
 21
-45.48025333331603
 31
0.0
  0
LINE
  5
31B
330
17
100
AcDbEntity
  8
ENGRAVE_LOG
100
AcDbLine
 10
27.667799443466624
 20
-44.59420673087602
 30
0.0
 11
28.036844024457988
 21
-45.18902275053328
 31
0.0
  0
LINE
  5
31C
330
17
100
AcDbEntity
  8
ENGRAVE_LOG
100
AcDbLine
 10
28.036844024457988
 20
-45.18902275053328
 30
0.0
 11
28.40588860544935
 21
-45.78383877019055
 31
0.0
  0
LINE
  5
31D
330
17
100
AcDbEntity
  8
ENGRAVE_LOG
100
AcDbLine
 10
27.19552502611117
 20
-44.88378124171537
 30
0.0
 11
27.55827021510275
 21
-45.482459726265695
 31
0.0
  0
LINE
  5
31E
330
17
100
AcDbEntity
  8
ENGRAVE_LOG
100
AcDbLine
 10
27.55827021510275
 20
-45.482459726265695
 30
0.0
 11
27.921015404094323
 21
-46.081138210816015
 31
0.0
  0
LINE
  5
31F
330
17
100
AcDbEntity
  8
ENGRAVE_LOG
100
AcDbLine
 10
26.365627683757726
 20
-44.56480760467242
 30
0.0
 11
27.078487451182617
 21
-45.769727084134395
 31
0.0
  0
LINE
  5
320
330
17
100
AcDbEntity
  8
ENGRAVE_LOG
100
AcDbLine
 10
27.078487451182617
 20
-45.769727084134395
 30
0.0
 11
27.791347218607505
 21
-46.97464656359637
 31
0.0
  0
TEXT
  5
321
330
17
100
AcDbEntity
  8
ENGRAVE_TEXT
100
AcDbText
 10
25.846258424633877
 20
-43.68693769820725
 30
0.0
 40
3.8
  1
2.6
 50
-149.39040526949447
 72
1
 11
25.846258424633877
 21
-43.68693769820725
 31
0.0
100
AcDbText
 73
2
  0
TEXT
  5
322
330
17
100
AcDbEntity
  8
ENGRAVE_TEXT
100
AcDbText
 10
28.310716477731354
 20
-47.85251647006154
 30
0.0
 40
3.8
  1
2.6
 50
-149.39040526949447
 72
1
 11
28.310716477731354
 21
-47.85251647006154
 31
0.0
100
AcDbText
 73
2
  0
LINE
  5
323
330
17
100
AcDbEntity
  8
ENGRAVE_LOG
100
AcDbLine
 10
26.24746982293487
 20
-45.444699667773385
 30
0.0
 11
26.597569458530423
 21
-46.05085991486641
 31
0.0
  0
LINE
  5
324
330
17
100
AcDbEntity
  8
ENGRAVE_LOG
100
AcDbLine
 10
26.597569458530423
 20
-46.05085991486641
 30
0.0
 11
26.947669094125974
 21
-46.65702016195942
 31
0.0
  0
LINE
  5
325
330
17
100
AcDbEntity
  8
ENGRAVE_LOG
100
AcDbLine
 10
25.771833349998587
 20
-45.71611319633265
 30
0.0
 11
26.115588749102994
 21
-46.325893669606906
 31
0.0
  0
LINE
  5
326
330
17
100
AcDbEntity
  8
ENGRAVE_LOG
100
AcDbLine
 10
26.115588749102994
 20
-46.325893669606906
 30
0.0
 11
26.459344148207396
 21
-46.93567414288116
 31
0.0
  0
LINE
  5
327
330
17
100
AcDbEntity
  8
ENGRAVE_LOG
100
AcDbLine
 10
25.295218522906115
 20
-45.98154325246628
 30
0.0
 11
25.632616635825975
 21
-46.594864141885616
 31
0.0
  0
LINE
  5
328
330
17
100
AcDbEntity
  8
ENGRAVE_LOG
100
AcDbLine
 10
25.632616635825975
 20
-46.594864141885616
 30
0.0
 11
25.970014748745836
 21
-47.20818503130494
 31
0.0
  0
LINE
  5
329
330
17
100
AcDbEntity
  8
ENGRAVE_LOG
100
AcDbLine
 10
24.81769454720673
 20
-46.241025479129945
 30
0.0
 11
25.148723247340968
 21
-46.85780745007871
 31
0.0
  0
LINE
  5
32A
330
17
100
AcDbEntity
  8
ENGRAVE_LOG
100
AcDbLine
 10
25.148723247340968
 20
-46.85780745007871
 30
0.0
 11
25.479751947475204
 21
-47.474589421027474
 31
0.0
  0
LINE
  5
32B
330
17
100
AcDbEntity
  8
ENGRAVE_LOG
100
AcDbLine
 10
24.144540633141904
 20
-46.122497304618705
 30
0.0
 11
24.663977542652447
 21
-47.11476002035388
 31
0.0
  0
LINE
  5
32C
330
17
100
AcDbEntity
  8
ENGRAVE_LOG
100
AcDbLine
 10
24.663977542652447
 20
-47.11476002035388
 30
0.0
 11
25.183414452162992
 21
-48.10702273608904
 31
0.0
  0
LINE
  5
32D
330
17
100
AcDbEntity
  8
ENGRAVE_LOG
100
AcDbLine
 10
23.860190215329943
 20
-46.74229051820495
 30
0.0
 11
24.178447325671616
 21
-47.3657585700865
 31
0.0
  0
LINE
  5
32E
330
17
100
AcDbEntity
  8
ENGRAVE_LOG
100
AcDbLine
 10
24.178447325671616
 20
-47.3657585700865
 30
0.0
 11
24.49670443601329
 21
-47.98922662196805
 31
0.0
  0
LINE
  5
32F
330
17
100
AcDbEntity
  8
ENGRAVE_LOG
100
AcDbLine
 10
23.3803425563499
 20
-46.984146070219616
 30
0.0
 11
23.692199259654874
 21
-47.610840091735504
 31
0.0
  0
LINE
  5
330
330
17
100
AcDbEntity
  8
ENGRAVE_LOG
100
AcDbLine
 10
23.692199259654874
 20
-47.610840091735504
 30
0.0
 11
24.004055962959846
 21
-48.23753411325139
 31
0.0
  0
LINE
  5
331
330
17
100
AcDbEntity
  8
ENGRAVE_LOG
100
AcDbLine
 10
22.89985117154824
 20
-47.220199240589196
 30
0.0
 11
23.205298881534592
 21
-47.850041837167176
 31
0.0
  0
LINE
  5
332
330
17
100
AcDbEntity
  8
ENGRAVE_LOG
100
AcDbLine
 10
23.205298881534592
 20
-47.850041837167176
 30
0.0
 11
23.510746591520945
 21
-48.47988443374516
 31
0.0
  0
LINE
  5
333
330
17
100
AcDbEntity
  8
ENGRAVE_LOG
100
AcDbLine
 10
22.418779637740457
 20
-47.45048703179382
 30
0.0
 11
22.717810616140195
 21
-48.08340130241608
 31
0.0
  0
LINE
  5
334
330
17
100
AcDbEntity
  8
ENGRAVE_LOG
100
AcDbLine
 10
22.717810616140195
 20
-48.08340130241608
 30
0.0
 11
23.016841594539937
 21
-48.71631557303833
 31
0.0
  0
LINE
  5
335
330
17
100
AcDbEntity
  8
ENGRAVE_LOG
100
AcDbLine
 10
21.644583106094537
 20
-47.039137132428
 30
0.0
 11
22.229797790307213
 21
-48.31095621287218
 31
0.0
  0
LINE
  5
336
330
17
100
AcDbEntity
  8
ENGRAVE_LOG
100
AcDbLine
 10
22.229797790307213
 20
-48.31095621287218
 30
0.0
 11
22.81501247451989
 21
-49.582775293316345
 31
0.0
  0
TEXT
  5
337
330
17
100
AcDbEntity
  8
ENGRAVE_TEXT
100
AcDbText
 10
21.21821240759673
 20
-46.11252608810439
 30
0.0
 40
3.8
  1
2.7
 50
-155.29095509723544
 72
1
 11
21.21821240759673
 21
-46.11252608810439
 31
0.0
100
AcDbText
 73
2
  0
TEXT
  5
338
330
17
100
AcDbEntity
  8
ENGRAVE_TEXT
100
AcDbText
 10
23.241383173017695
 20
-50.50938633763996
 30
0.0
 40
3.8
  1
2.7
 50
-155.29095509723544
 72
1
 11
23.241383173017695
 21
-50.50938633763996
 31
0.0
100
AcDbText
 73
2
  0
LINE
  5
339
330
17
100
AcDbEntity
  8
ENGRAVE_LOG
100
AcDbLine
 10
21.455145026474582
 20
-47.89391560410302
 30
0.0
 11
21.741322646873442
 21
-48.53274450888336
 31
0.0
  0
LINE
  5
33A
330
17
100
AcDbEntity
  8
ENGRAVE_LOG
100
AcDbLine
 10
21.741322646873442
 20
-48.53274450888336
 30
0.0
 11
22.027500267272305
 21
-49.1715734136637
 31
0.0
  0
LINE
  5
33B
330
17
100
AcDbEntity
  8
ENGRAVE_LOG
100
AcDbLine
 10
20.972703740075094
 20
-48.107131465418306
 30
0.0
 11
21.25244635855933
 21
-48.748804331763445
 31
0.0
  0
LINE
  5
33C
330
17
100
AcDbEntity
  8
ENGRAVE_LOG
100
AcDbLine
 10
21.25244635855933
 20
-48.748804331763445
 30
0.0
 11
21.53218897704356
 21
-49.390477198108584
 31
0.0
  0
LINE
  5
33D
330
17
100
AcDbEntity
  8
ENGRAVE_LOG
100
AcDbLine
 10
20.48992591406757
 20
-48.314732080764166
 30
0.0
 11
20.763229041732345
 21
-48.95917401019509
 31
0.0
  0
LINE
  5
33E
330
17
100
AcDbEntity
  8
ENGRAVE_LOG
100
AcDbLine
 10
20.763229041732345
 20
-48.95917401019509
 30
0.0
 11
21.03653216939712
 21
-49.60361593962602
 31
0.0
  0
LINE
  5
33F
330
17
100
AcDbEntity
  8
ENGRAVE_LOG
100
AcDbLine
 10
20.006869844535245
 20
-48.516755446173704
 30
0.0
 11
20.273729770053055
 21
-49.16389204701825
 31
0.0
  0
LINE
  5
340
330
17
100
AcDbEntity
  8
ENGRAVE_LOG
100
AcDbLine
 10
20.273729770053055
 20
-49.16389204701825
 30
0.0
 11
20.540589695570866
 21
-49.8110286478628
 31
0.0
  0
LINE
  5
341
330
17
100
AcDbEntity
  8
ENGRAVE_LOG
100
AcDbLine
 10
19.36734454628457
 20
-48.323385283168044
 30
0.0
 11
19.784006588002562
 21
-49.36299710639409
 31
0.0
  0
LINE
  5
342
330
17
100
AcDbEntity
  8
ENGRAVE_LOG
100
AcDbLine
 10
19.784006588002562
 20
-49.36299710639409
 30
0.0
 11
20.200668629720553
 21
-50.402608929620136
 31
0.0
  0
LINE
  5
343
330
17
100
AcDbEntity
  8
ENGRAVE_LOG
100
AcDbLine
 10
19.040151094296597
 20
-48.904223194999794
 30
0.0
 11
19.294116524289123
 21
-49.556528001335536
 31
0.0
  0
LINE
  5
344
330
17
100
AcDbEntity
  8
ENGRAVE_LOG
100
AcDbLine
 10
19.294116524289123
 20
-49.556528001335536
 30
0.0
 11
19.548081954281646
 21
-50.208832807671286
 31
0.0
  0
LINE
  5
345
330
17
100
AcDbEntity
  8
ENGRAVE_LOG
100
AcDbLine
 10
18.556599980395696
 20
-49.08974431760241
 30
0.0
 11
18.804115605134207
 21
-49.74452368159482
 31
0.0
  0
LINE
  5
346
330
17
100
AcDbEntity
  8
ENGRAVE_LOG
100
AcDbLine
 10
18.804115605134207
 20
-49.74452368159482
 30
0.0
 11
19.05163122987272
 21
-50.39930304558724
 31
0.0
  0
LINE
  5
347
330
17
100
AcDbEntity
  8
ENGRAVE_LOG
100
AcDbLine
 10
18.072993782682452
 20
-49.26984164507859
 30
0.0
 11
18.31405886743622
 21
-49.92702322189938
 31
0.0
  0
LINE
  5
348
330
17
100
AcDbEntity
  8
ENGRAVE_LOG
100
AcDbLine
 10
18.31405886743622
 20
-49.92702322189938
 30
0.0
 11
18.555123952189987
 21
-50.58420479872018
 31
0.0
  0
LINE
  5
349
330
17
100
AcDbEntity
  8
ENGRAVE_LOG
100
AcDbLine
 10
17.589385850181806
 20
-49.44455384987738
 30
0.0
 11
17.82400037181152
 21
-50.10406581052742
 31
0.0
  0
LINE
  5
34A
330
17
100
AcDbEntity
  8
ENGRAVE_LOG
100
AcDbLine
 10
17.82400037181152
 20
-50.10406581052742
 30
0.0
 11
18.05861489344123
 21
-50.76357777117747
 31
0.0
  0
LINE
  5
34B
330
17
100
AcDbEntity
  8
ENGRAVE_LOG
100
AcDbLine
 10
16.87766394695801
 20
-48.95214867289845
 30
0.0
 11
17.3339932155123
 21
-50.275690738214365
 31
0.0
  0
LINE
  5
34C
330
17
100
AcDbEntity
  8
ENGRAVE_LOG
100
AcDbLine
 10
17.3339932155123
 20
-50.275690738214365
 30
0.0
 11
17.790322484066593
 21
-51.59923280353027
 31
0.0
  0
TEXT
  5
34D
330
17
100
AcDbEntity
  8
ENGRAVE_TEXT
100
AcDbText
 10
16.545195479868454
 20
-47.98785373959686
 30
0.0
 40
3.8
  1
2.8
 50
-160.9768912831989
 72
1
 11
16.545195479868454
 21
-47.98785373959686
 31
0.0
100
AcDbText
 73
2
  0
TEXT
  5
34E
330
17
100
AcDbEntity
  8
ENGRAVE_TEXT
100
AcDbText
 10
18.122790951156148
 20
-52.563527736831865
 30
0.0
 40
3.8
  1
2.8
 50
-160.9768912831989
 72
1
 11
18.122790951156148
 21
-52.563527736831865
 31
0.0
100
AcDbText
 73
2
  0
LINE
  5
34F
330
17
100
AcDbEntity
  8
ENGRAVE_LOG
100
AcDbLine
 10
16.622373436125493
 20
-49.777978076153204
 30
0.0
 11
16.844089545220157
 21
-50.44193738738239
 31
0.0
  0
LINE
  5
350
330
17
100
AcDbEntity
  8
ENGRAVE_LOG
100
AcDbLine
 10
16.844089545220157
 20
-50.44193738738239
 30
0.0
 11
17.06580565431482
 21
-51.105896698611566
 31
0.0
  0
LINE
  5
351
330
17
100
AcDbEntity
  8
ENGRAVE_LOG
100
AcDbLine
 10
16.139070949580297
 20
-49.936767905866844
 30
0.0
 11
16.354340569715703
 21
-50.60284522168443
 31
0.0
  0
LINE
  5
352
330
17
100
AcDbEntity
  8
ENGRAVE_LOG
100
AcDbLine
 10
16.354340569715703
 20
-50.60284522168443
 30
0.0
 11
16.56961018985111
 21
-51.26892253750202
 31
0.0
  0
LINE
  5
353
330
17
100
AcDbEntity
  8
ENGRAVE_LOG
100
AcDbLine
 10
15.655970743150773
 20
-50.09032820904258
 30
0.0
 11
15.864796572422984
 21
-50.75845377585527
 31
0.0
  0
LINE
  5
354
330
17
100
AcDbEntity
  8
ENGRAVE_LOG
100
AcDbLine
 10
15.864796572422984
 20
-50.75845377585527
 30
0.0
 11
16.073622401695193
 21
-51.42657934266796
 31
0.0
  0
LINE
  5
355
330
17
100
AcDbEntity
  8
ENGRAVE_LOG
100
AcDbLine
 10
15.173121537468338
 20
-50.23869806045151
 30
0.0
 11
15.375506923829388
 21
-50.9088026458615
 31
0.0
  0
LINE
  5
356
330
17
100
AcDbEntity
  8
ENGRAVE_LOG
100
AcDbLine
 10
15.375506923829388
 20
-50.9088026458615
 30
0.0
 11
15.577892310190439
 21
-51.57890723127149
 31
0.0
  0
LINE
  5
357
330
17
100
AcDbEntity
  8
ENGRAVE_LOG
100
AcDbLine
 10
14.573001806735379
 20
-49.97870764976709
 30
0.0
 11
14.88652009378001
 21
-51.053931479343326
 31
0.0
  0
LINE
  5
358
330
17
100
AcDbEntity
  8
ENGRAVE_LOG
100
AcDbLine
 10
14.88652009378001
 20
-51.053931479343326
 30
0.0
 11
15.200038380824644
 21
-52.129155308919565
 31
0.0
  0
LINE
  5
359
330
17
100
AcDbEntity
  8
ENGRAVE_LOG
100
AcDbLine
 10
14.208366578943
 20
-50.52002295286865
 30
0.0
 11
14.397883663646889
 21
-51.1938799663406
 31
0.0
  0
LINE
  5
35A
330
17
100
AcDbEntity
  8
ENGRAVE_LOG
100
AcDbLine
 10
14.397883663646889
 20
-51.1938799663406
 30
0.0
 11
14.58740074835078
 21
-51.86773697981256
 31
0.0
  0
LINE
  5
35B
330
17
100
AcDbEntity
  8
ENGRAVE_LOG
100
AcDbLine
 10
13.72655387133875
 20
-50.653056362052176
 30
0.0
 11
13.909644338372614
 21
-51.32868783029602
 31
0.0
  0
LINE
  5
35C
330
17
100
AcDbEntity
  8
ENGRAVE_LOG
100
AcDbLine
 10
13.909644338372614
 20
-51.32868783029602
 30
0.0
 11
14.092734805406478
 21
-52.004319298539855
 31
0.0
  0
LINE
  5
35D
330
17
100
AcDbEntity
  8
ENGRAVE_LOG
100
AcDbLine
 10
13.245178278605762
 20
-50.78105603832939
 30
0.0
 11
13.421847958388994
 21
-51.45839481932845
 31
0.0
  0
LINE
  5
35E
330
17
100
AcDbEntity
  8
ENGRAVE_LOG
100
AcDbLine
 10
13.421847958388994
 20
-51.45839481932845
 30
0.0
 11
13.598517638172227
 21
-52.13573360032751
 31
0.0
  0
LINE
  5
35F
330
17
100
AcDbEntity
  8
ENGRAVE_LOG
100
AcDbLine
 10
12.764284196291666
 20
-50.90406122262052
 30
0.0
 11
12.934539511409886
 21
-51.58304069776981
 31
0.0
  0
LINE
  5
360
330
17
100
AcDbEntity
  8
ENGRAVE_LOG
100
AcDbLine
 10
12.934539511409886
 20
-51.58304069776981
 30
0.0
 11
13.104794826528106
 21
-52.262020172919094
 31
0.0
  0
LINE
  5
361
330
17
100
AcDbEntity
  8
ENGRAVE_LOG
100
AcDbLine
 10
12.120067235830705
 20
-50.341557089535314
 30
0.0
 11
12.447763144099591
 21
-51.702665237958435
 31
0.0
  0
LINE
  5
362
330
17
100
AcDbEntity
  8
ENGRAVE_LOG
100
AcDbLine
 10
12.447763144099591
 20
-51.702665237958435
 30
0.0
 11
12.775459052368479
 21
-53.06377338638156
 31
0.0
  0
TEXT
  5
363
330
17
100
AcDbEntity
  8
ENGRAVE_TEXT
100
AcDbText
 10
11.881317359806228
 20
-49.349892581398464
 30
0.0
 40
3.8
  1
2.9
 50
-166.46327924362419
 72
1
 11
11.881317359806228
 21
-49.349892581398464
 31
0.0
100
AcDbText
 73
2
  0
TEXT
  5
364
330
17
100
AcDbEntity
  8
ENGRAVE_TEXT
100
AcDbText
 10
13.014208928392954
 20
-54.05543789451841
 30
0.0
 40
3.8
  1
2.9
 50
-166.46327924362419
 72
1
 11
13.014208928392954
 21
-54.05543789451841
 31
0.0
100
AcDbText
 73
2
  0
LINE
  5
365
330
17
100
AcDbEntity
  8
ENGRAVE_LOG
100
AcDbLine
 10
11.804114006606786
 20
-51.13524511057935
 30
0.0
 11
11.961562173615643
 21
-51.81730821228296
 31
0.0
  0
LINE
  5
366
330
17
100
AcDbEntity
  8
ENGRAVE_LOG
100
AcDbLine
 10
11.961562173615643
 20
-51.81730821228296
 30
0.0
 11
12.1190103406245
 21
-52.49937131398658
 31
0.0
  0
LINE
  5
367
330
17
100
AcDbEntity
  8
ENGRAVE_LOG
100
AcDbLine
 10
11.324922585877474
 20
-51.24350230442765
 30
0.0
 11
11.475979099027516
 21
-51.927009385469944
 31
0.0
  0
LINE
  5
368
330
17
100
AcDbEntity
  8
ENGRAVE_LOG
100
AcDbLine
 10
11.475979099027516
 20
-51.927009385469944
 30
0.0
 11
11.62703561217756
 21
-52.61051646651224
 31
0.0
  0
LINE
  5
369
330
17
100
AcDbEntity
  8
ENGRAVE_LOG
100
AcDbLine
 10
10.846382071263623
 20
-51.346921971664194
 30
0.0
 11
10.99105561261051
 21
-52.03180850710941
 31
0.0
  0
LINE
  5
36A
330
17
100
AcDbEntity
  8
ENGRAVE_LOG
100
AcDbLine
 10
10.99105561261051
 20
-52.03180850710941
 30
0.0
 11
11.135729153957394
 21
-52.716695042554626
 31
0.0
  0
LINE
  5
36B
330
17
100
AcDbEntity
  8
ENGRAVE_LOG
100
AcDbLine
 10
10.368532821100336
 20
-51.445543316576654
 30
0.0
 11
10.506832611015927
 21
-52.13174530441209
 31
0.0
  0
LINE
  5
36C
330
17
100
AcDbEntity
  8
ENGRAVE_LOG
100
AcDbLine
 10
10.506832611015927
 20
-52.13174530441209
 30
0.0
 11
10.64513240093152
 21
-52.81794729224753
 31
0.0
  0
LINE
  5
36D
330
17
100
AcDbEntity
  8
ENGRAVE_LOG
100
AcDbLine
 10
9.812252947365499
 20
-51.12693313799408
 30
0.0
 11
10.023350206317657
 21
-52.22685947519257
 31
0.0
  0
LINE
  5
36E
330
17
100
AcDbEntity
  8
ENGRAVE_LOG
100
AcDbLine
 10
10.023350206317657
 20
-52.22685947519257
 30
0.0
 11
10.234447465269813
 21
-53.32678581239105
 31
0.0
  0
LINE
  5
36F
330
17
100
AcDbEntity
  8
ENGRAVE_LOG
100
AcDbLine
 10
9.415065686994648
 20
-51.62854770482679
 30
0.0
 11
9.540647736935506
 21
-52.317190681072574
 31
0.0
  0
LINE
  5
370
330
17
100
AcDbEntity
  8
ENGRAVE_LOG
100
AcDbLine
 10
9.540647736935506
 20
-52.317190681072574
 30
0.0
 11
9.666229786876364
 21
-53.00583365731836
 31
0.0
  0
LINE
  5
371
330
17
100
AcDbEntity
  8
ENGRAVE_LOG
100
AcDbLine
 10
8.939524691468845
 20
-51.713008985076655
 30
0.0
 11
9.058763778435846
 21
-52.40277854089894
 31
0.0
  0
LINE
  5
372
330
17
100
AcDbEntity
  8
ENGRAVE_LOG
100
AcDbLine
 10
9.058763778435846
 20
-52.40277854089894
 30
0.0
 11
9.178002865402847
 21
-53.09254809672124
 31
0.0
  0
LINE
  5
373
330
17
100
AcDbEntity
  8
ENGRAVE_LOG
100
AcDbLine
 10
8.464828758423412
 20
-51.79282840404227
 30
0.0
 11
8.57773615421031
 21
-52.48366262437058
 31
0.0
  0
LINE
  5
374
330
17
100
AcDbEntity
  8
ENGRAVE_LOG
100
AcDbLine
 10
8.57773615421031
 20
-52.48366262437058
 30
0.0
 11
8.690643549997208
 21
-53.17449684469889
 31
0.0
  0
LINE
  5
375
330
17
100
AcDbEntity
  8
ENGRAVE_LOG
100
AcDbLine
 10
7.991014481530721
 20
-51.86804495598389
 30
0.0
 11
8.097601946032846
 21
-52.55988244586935
 31
0.0
  0
LINE
  5
376
330
17
100
AcDbEntity
  8
ENGRAVE_LOG
100
AcDbLine
 10
8.097601946032846
 20
-52.55988244586935
 30
0.0
 11
8.20418941053497
 21
-53.25171993575481
 31
0.0
  0
LINE
  5
377
330
17
100
AcDbEntity
  8
ENGRAVE_LOG
100
AcDbLine
 10
7.417837961316256
 20
-51.24591769087227
 30
0.0
 11
7.618397504495916
 21
-52.63147745848952
 31
0.0
  0
LINE
  5
378
330
17
100
AcDbEntity
  8
ENGRAVE_LOG
100
AcDbLine
 10
7.618397504495916
 20
-52.63147745848952
 30
0.0
 11
7.818957047675575
 21
-54.017037226106766
 31
0.0
  0
TEXT
  5
379
330
17
100
AcDbEntity
  8
ENGRAVE_TEXT
100
AcDbText
 10
7.271716008428219
 20
-50.23643843160827
 30
0.0
 40
3.8
  1
3
 50
-171.76365169907848
 72
1
 11
7.271716008428219
 21
-50.23643843160827
 31
0.0
100
AcDbText
 73
2
  0
TEXT
  5
37A
330
17
100
AcDbEntity
  8
ENGRAVE_TEXT
100
AcDbText
 10
7.9650790005636125
 20
-55.02651648537076
 30
0.0
 40
3.8
  1
3
 50
-171.76365169907848
 72
1
 11
7.9650790005636125
 21
-55.02651648537076
 31
0.0
100
AcDbText
 73
2
  0
LINE
  5
37B
330
17
100
AcDbEntity
  8
ENGRAVE_LOG
100
AcDbLine
 10
6.575216762098133
 20
-52.06646641103488
 30
0.0
 11
6.662919729580388
 21
-52.76095052856012
 31
0.0
  0
LINE
  5
37C
330
17
100
AcDbEntity
  8
ENGRAVE_LOG
100
AcDbLine
 10
6.662919729580388
 20
-52.76095052856012
 30
0.0
 11
6.750622697062642
 21
-53.455434646085365
 31
0.0
  0
LINE
  5
37D
330
17
100
AcDbEntity
  8
ENGRAVE_LOG
100
AcDbLine
 10
5.636398775673306
 20
-52.17644496170267
 30
0.0
 11
5.711579399586632
 21
-52.872396018737575
 31
0.0
  0
LINE
  5
37E
330
17
100
AcDbEntity
  8
ENGRAVE_LOG
100
AcDbLine
 10
5.711579399586632
 20
-52.872396018737575
 30
0.0
 11
5.786760023499958
 21
-53.568347075772486
 31
0.0
  0
LINE
  5
37F
330
17
100
AcDbEntity
  8
ENGRAVE_LOG
100
AcDbLine
 10
4.7019257976944155
 20
-52.268941961675246
 30
0.0
 11
4.764642033563053
 21
-52.96612678204821
 31
0.0
  0
LINE
  5
380
330
17
100
AcDbEntity
  8
ENGRAVE_LOG
100
AcDbLine
 10
4.764642033563053
 20
-52.96612678204821
 30
0.0
 11
4.8273582694316906
 21
-53.66331160242116
 31
0.0
  0
LINE
  5
381
330
17
100
AcDbEntity
  8
ENGRAVE_LOG
100
AcDbLine
 10
3.772049255564678
 20
-52.34426467545029
 30
0.0
 11
3.822362412555823
 21
-53.04245418141095
 31
0.0
  0
LINE
  5
382
330
17
100
AcDbEntity
  8
ENGRAVE_LOG
100
AcDbLine
 10
3.822362412555823
 20
-53.04245418141095
 30
0.0
 11
3.8726755695469675
 21
-53.74064368737161
 31
0.0
  0
LINE
  5
383
330
17
100
AcDbEntity
  8
ENGRAVE_LOG
100
AcDbLine
 10
2.809035678054227
 20
-51.70374955996343
 30
0.0
 11
2.8849848852631093
 21
-53.10168794126796
 31
0.0
  0
LINE
  5
384
330
17
100
AcDbEntity
  8
ENGRAVE_LOG
100
AcDbLine
 10
2.8849848852631093
 20
-53.10168794126796
 30
0.0
 11
2.9609340924719914
 21
-54.499626322572496
 31
0.0
  0
TEXT
  5
385
330
17
100
AcDbEntity
  8
ENGRAVE_TEXT
100
AcDbText
 10
2.7537012556591844
 20
-50.685251596441546
 30
0.0
 40
3.8
  1
3.1
 50
-176.89020978033818
 72
1
 11
2.7537012556591844
 21
-50.685251596441546
 31
0.0
100
AcDbText
 73
2
  0
TEXT
  5
386
330
17
100
AcDbEntity
  8
ENGRAVE_TEXT
100
AcDbText
 10
3.016268514867034
 20
-55.51812428609437
 30
0.0
 40
3.8
  1
3.1
 50
-176.89020978033818
 72
1
 11
3.016268514867034
 21
-55.51812428609437
 31
0.0
100
AcDbText
 73
2
  0
LINE
  5
387
330
17
100
AcDbEntity
  8
ENGRAVE_LOG
100
AcDbLine
 10
1.9270400077354837
 20
-52.44460808137082
 30
0.0
 11
1.9527436663752484
 21
-53.144136009285454
 31
0.0
  0
LINE
  5
388
330
17
100
AcDbEntity
  8
ENGRAVE_LOG
100
AcDbLine
 10
1.9527436663752484
 20
-53.144136009285454
 30
0.0
 11
1.978447325015013
 21
-53.843663937200084
 31
0.0
  0
LINE
  5
389
330
17
100
AcDbEntity
  8
ENGRAVE_LOG
100
AcDbLine
 10
1.0123598522425477
 20
-52.470234681479816
 30
0.0
 11
1.025863127710722
 21
-53.17010442761236
 31
0.0
  0
LINE
  5
38A
330
17
100
AcDbEntity
  8
ENGRAVE_LOG
100
AcDbLine
 10
1.025863127710722
 20
-53.17010442761236
 30
0.0
 11
1.0393664031788963
 21
-53.86997417374491
 31
0.0
  0
LINE
  5
38B
330
17
100
AcDbEntity
  8
ENGRAVE_LOG
100
AcDbLine
 10
0.1031818006214565
 20
-52.47989856617503
 30
0.0
 11
0.1045580822608433
 21
-53.17989721320862
 31
0.0
  0
LINE
  5
38C
330
17
100
AcDbEntity
  8
ENGRAVE_LOG
100
AcDbLine
 10
0.1045580822608433
 20
-53.17989721320862
 30
0.0
 11
0.10593436390023012
 21
-53.87989586024221
 31
0.0
  0
LINE
  5
38D
330
17
100
AcDbEntity
  8
ENGRAVE_LOG
100
AcDbLine
 10
-0.800291321269071
 20
-52.473897642552735
 30
0.0
 11
-0.8109659387402667
 21
-53.173816246778856
 31
0.0
  0
LINE
  5
38E
330
17
100
AcDbEntity
  8
ENGRAVE_LOG
100
AcDbLine
 10
-0.8109659387402667
 20
-53.173816246778856
 30
0.0
 11
-0.8216405562114624
 21
-53.87373485100498
 31
0.0
  0
LINE
  5
38F
330
17
100
AcDbEntity
  8
ENGRAVE_LOG
100
AcDbLine
 10
-1.6752187453906426
 20
-51.7528940461796
 30
0.0
 11
-1.7205124156020544
 21
-53.152161169869274
 31
0.0
  0
LINE
  5
390
330
17
100
AcDbEntity
  8
ENGRAVE_LOG
100
AcDbLine
 10
-1.7205124156020544
 20
-53.152161169869274
 30
0.0
 11
-1.765806085813466
 21
-54.55142829355895
 31
0.0
  0
TEXT
  5
391
330
17
100
AcDbEntity
  8
ENGRAVE_TEXT
100
AcDbText
 10
-1.6422190713794713
 20
-50.73342799891997
 30
0.0
 40
3.8
  1
3.2
 50
-181.85399219516617
 72
1
 11
-1.6422190713794713
 21
-50.73342799891997
 31
0.0
100
AcDbText
 73
2
  0
TEXT
  5
392
330
17
100
AcDbEntity
  8
ENGRAVE_TEXT
100
AcDbText
 10
-1.7988057598246376
 20
-55.570894340818576
 30
0.0
 40
3.8
  1
3.2
 50
-181.85399219516617
 72
1
 11
-1.7988057598246376
 21
-55.570894340818576
 31
0.0
100
AcDbText
 73
2
  0
LINE
  5
393
330
17
100
AcDbEntity
  8
ENGRAVE_LOG
100
AcDbLine
 10
-2.5893556770424917
 20
-52.41608185640899
 30
0.0
 11
-2.6238935766981655
 21
-53.11522928970713
 31
0.0
  0
LINE
  5
394
330
17
100
AcDbEntity
  8
ENGRAVE_LOG
100
AcDbLine
 10
-2.6238935766981655
 20
-53.11522928970713
 30
0.0
 11
-2.6584314763538393
 21
-53.81437672300527
 31
0.0
  0
LINE
  5
395
330
17
100
AcDbEntity
  8
ENGRAVE_LOG
100
AcDbLine
 10
-3.474584690318775
 20
-52.3648513912701
 30
0.0
 11
-3.520930141599704
 21
-53.06331549138232
 31
0.0
  0
LINE
  5
396
330
17
100
AcDbEntity
  8
ENGRAVE_LOG
100
AcDbLine
 10
-3.520930141599704
 20
-53.06331549138232
 30
0.0
 11
-3.567275592880633
 21
-53.76177959149454
 31
0.0
  0
LINE
  5
397
330
17
100
AcDbEntity
  8
ENGRAVE_LOG
100
AcDbLine
 10
-4.353383832082044
 20
-52.2991247461233
 30
0.0
 11
-4.411451070695944
 21
-52.996712156990036
 31
0.0
  0
LINE
  5
398
330
17
100
AcDbEntity
  8
ENGRAVE_LOG
100
AcDbLine
 10
-4.411451070695944
 20
-52.996712156990036
 30
0.0
 11
-4.4695183093098425
 21
-53.694299567856774
 31
0.0
  0
LINE
  5
399
330
17
100
AcDbEntity
  8
ENGRAVE_LOG
100
AcDbLine
 10
-5.22559220563081
 20
-52.219187911154364
 30
0.0
 11
-5.295293321178477
 21
-52.915709091371745
 31
0.0
  0
LINE
  5
39A
330
17
100
AcDbEntity
  8
ENGRAVE_LOG
100
AcDbLine
 10
-5.295293321178477
 20
-52.915709091371745
 30
0.0
 11
-5.364994436726144
 21
-53.61223027158913
 31
0.0
  0
LINE
  5
39B
330
17
100
AcDbEntity
  8
ENGRAVE_LOG
100
AcDbLine
 10
-6.009811533050047
 20
-51.43005507810796
 30
0.0
 11
-6.172301609262292
 21
-52.820593454109336
 31
0.0
  0
LINE
  5
39C
330
17
100
AcDbEntity
  8
ENGRAVE_LOG
100
AcDbLine
 10
-6.172301609262292
 20
-52.820593454109336
 30
0.0
 11
-6.334791685474538
 21
-54.21113183011071
 31
0.0
  0
TEXT
  5
39D
330
17
100
AcDbEntity
  8
ENGRAVE_TEXT
100
AcDbText
 10
-5.891425906095411
 20
-50.41694854702124
 30
0.0
 40
3.8
  1
3.3
 50
-186.66501835603947
 72
1
 11
-5.891425906095411
 21
-50.41694854702124
 31
0.0
100
AcDbText
 73
2
  0
TEXT
  5
39E
330
17
100
AcDbEntity
  8
ENGRAVE_TEXT
100
AcDbText
 10
-6.453177312429174
 20
-55.22423836119743
 30
0.0
 40
3.8
  1
3.3
 50
-186.66501835603947
 72
1
 11
-6.453177312429174
 21
-55.22423836119743
 31
0.0
100
AcDbText
 73
2
  0
LINE
  5
39F
330
17
100
AcDbEntity
  8
ENGRAVE_LOG
100
AcDbLine
 10
-6.949631117124585
 20
-52.01781451902697
 30
0.0
 11
-7.042328178519159
 21
-52.711649697443875
 31
0.0
  0
LINE
  5
3A0
330
17
100
AcDbEntity
  8
ENGRAVE_LOG
100
AcDbLine
 10
-7.042328178519159
 20
-52.711649697443875
 30
0.0
 11
-7.135025239913733
 21
-53.40548487586078
 31
0.0
  0
LINE
  5
3A1
330
17
100
AcDbEntity
  8
ENGRAVE_LOG
100
AcDbLine
 10
-7.801177237567429
 20
-51.89693665051974
 30
0.0
 11
-7.905232574196568
 21
-52.58915950980641
 31
0.0
  0
LINE
  5
3A2
330
17
100
AcDbEntity
  8
ENGRAVE_LOG
100
AcDbLine
 10
-7.905232574196568
 20
-52.58915950980641
 30
0.0
 11
-8.009287910825707
 21
-53.281382369093066
 31
0.0
  0
LINE
  5
3A3
330
17
100
AcDbEntity
  8
ENGRAVE_LOG
100
AcDbLine
 10
-8.645563315154192
 20
-51.762965863285494
 30
0.0
 11
-8.760881423397484
 21
-52.45340176466316
 31
0.0
  0
LINE
  5
3A4
330
17
100
AcDbEntity
  8
ENGRAVE_LOG
100
AcDbLine
 10
-8.760881423397484
 20
-52.45340176466316
 30
0.0
 11
-8.876199531640776
 21
-53.14383766604083
 31
0.0
  0
LINE
  5
3A5
330
17
100
AcDbEntity
  8
ENGRAVE_LOG
100
AcDbLine
 10
-9.482664509925534
 20
-51.61617453659462
 30
0.0
 11
-9.609148220995426
 21
-52.304652474392185
 31
0.0
  0
LINE
  5
3A6
330
17
100
AcDbEntity
  8
ENGRAVE_LOG
100
AcDbLine
 10
-9.609148220995426
 20
-52.304652474392185
 30
0.0
 11
-9.735631932065317
 21
-52.99313041218976
 31
0.0
  0
LINE
  5
3A7
330
17
100
AcDbEntity
  8
ENGRAVE_LOG
100
AcDbLine
 10
-10.174811985967226
 20
-50.770479622022656
 30
0.0
 11
-10.449913121161396
 21
-52.14318474892168
 31
0.0
  0
LINE
  5
3A8
330
17
100
AcDbEntity
  8
ENGRAVE_LOG
100
AcDbLine
 10
-10.449913121161396
 20
-52.14318474892168
 30
0.0
 11
-10.725014256355566
 21
-53.51588987582071
 31
0.0
  0
TEXT
  5
3A9
330
17
100
AcDbEntity
  8
ENGRAVE_TEXT
100
AcDbText
 10
-9.974381158897188
 20
-49.7703658867105
 30
0.0
 40
3.8
  1
3.4
 50
-191.33241013521186
 72
1
 11
-9.974381158897188
 21
-49.7703658867105
 31
0.0
100
AcDbText
 73
2
  0
TEXT
  5
3AA
330
17
100
AcDbEntity
  8
ENGRAVE_TEXT
100
AcDbText
 10
-10.925445083425604
 20
-54.51600361113286
 30
0.0
 40
3.8
  1
3.4
 50
-191.33241013521186
 72
1
 11
-10.925445083425604
 21
-54.51600361113286
 31
0.0
100
AcDbText
 73
2
  0
LINE
  5
3AB
330
17
100
AcDbEntity
  8
ENGRAVE_LOG
100
AcDbLine
 10
-11.134545549081771
 20
-51.28520542432703
 30
0.0
 11
-11.283062734378213
 21
-51.96926875887408
 31
0.0
  0
LINE
  5
3AC
330
17
100
AcDbEntity
  8
ENGRAVE_LOG
100
AcDbLine
 10
-11.283062734378213
 20
-51.96926875887408
 30
0.0
 11
-11.431579919674654
 21
-52.65333209342113
 31
0.0
  0
LINE
  5
3AD
330
17
100
AcDbEntity
  8
ENGRAVE_LOG
100
AcDbLine
 10
-11.949107775799709
 20
-51.10155793478632
 30
0.0
 11
-12.108489929821427
 21
-51.78317170297136
 31
0.0
  0
LINE
  5
3AE
330
17
100
AcDbEntity
  8
ENGRAVE_LOG
100
AcDbLine
 10
-12.108489929821427
 20
-51.78317170297136
 30
0.0
 11
-12.267872083843146
 21
-52.46478547115639
 31
0.0
  0
LINE
  5
3AF
330
17
100
AcDbEntity
  8
ENGRAVE_LOG
100
AcDbLine
 10
-12.755949499507539
 20
-50.906150437506206
 30
0.0
 11
-12.926093642984203
 21
-51.585157779469895
 31
0.0
  0
LINE
  5
3B0
330
17
100
AcDbEntity
  8
ENGRAVE_LOG
100
AcDbLine
 10
-12.926093642984203
 20
-51.585157779469895
 30
0.0
 11
-13.096237786460867
 21
-52.264165121433585
 31
0.0
  0
LINE
  5
3B1
330
17
100
AcDbEntity
  8
ENGRAVE_LOG
100
AcDbLine
 10
-13.554976787677509
 20
-50.699240667741
 30
0.0
 11
-13.73577868842778
 21
-51.37548816140371
 31
0.0
  0
LINE
  5
3B2
330
17
100
AcDbEntity
  8
ENGRAVE_LOG
100
AcDbLine
 10
-13.73577868842778
 20
-51.37548816140371
 30
0.0
 11
-13.916580589178054
 21
-52.051735655066416
 31
0.0
  0
LINE
  5
3B3
330
17
100
AcDbEntity
  8
ENGRAVE_LOG
100
AcDbLine
 10
-14.154747081702249
 20
-49.807745733500546
 30
0.0
 11
-14.537455577538154
 21
-51.154420975426014
 31
0.0
  0
LINE
  5
3B4
330
17
100
AcDbEntity
  8
ENGRAVE_LOG
100
AcDbLine
 10
-14.537455577538154
 20
-51.154420975426014
 30
0.0
 11
-14.920164073374059
 21
-52.501096217351474
 31
0.0
  0
TEXT
  5
3B5
330
17
100
AcDbEntity
  8
ENGRAVE_TEXT
100
AcDbText
 10
-13.87591660616466
 20
-48.82659662866913
 30
0.0
 40
3.8
  1
3.5
 50
-195.86449596609924
 72
1
 11
-13.87591660616466
 21
-48.82659662866913
 31
0.0
100
AcDbText
 73
2
  0
TEXT
  5
3B6
330
17
100
AcDbEntity
  8
ENGRAVE_TEXT
100
AcDbText
 10
-15.198994548911646
 20
-53.48224532218289
 30
0.0
 40
3.8
  1
3.5
 50
-195.86449596609924
 72
1
 11
-15.198994548911646
 21
-53.48224532218289
 31
0.0
100
AcDbText
 73
2
  0
LINE
  5
3B7
330
17
100
AcDbEntity
  8
ENGRAVE_LOG
100
AcDbLine
 10
-15.129240261465727
 20
-50.25193020283743
 30
0.0
 11
-15.331040341172777
 21
-50.922211284049055
 31
0.0
  0
LINE
  5
3B8
330
17
100
AcDbEntity
  8
ENGRAVE_LOG
100
AcDbLine
 10
-15.331040341172777
 20
-50.922211284049055
 30
0.0
 11
-15.532840420879829
 21
-51.59249236526069
 31
0.0
  0
LINE
  5
3B9
330
17
100
AcDbEntity
  8
ENGRAVE_LOG
100
AcDbLine
 10
-15.904315995856939
 20
-50.01202987985919
 30
0.0
 11
-16.116454357082166
 21
-50.67911107109207
 31
0.0
  0
LINE
  5
3BA
330
17
100
AcDbEntity
  8
ENGRAVE_LOG
100
AcDbLine
 10
-16.116454357082166
 20
-50.67911107109207
 30
0.0
 11
-16.32859271830739
 21
-51.346192262324955
 31
0.0
  0
LINE
  5
3BB
330
17
100
AcDbEntity
  8
ENGRAVE_LOG
100
AcDbLine
 10
-16.671256056241873
 20
-49.76162800298256
 30
0.0
 11
-16.89362418199205
 21
-50.4253692301565
 31
0.0
  0
LINE
  5
3BC
330
17
100
AcDbEntity
  8
ENGRAVE_LOG
100
AcDbLine
 10
-16.89362418199205
 20
-50.4253692301565
 30
0.0
 11
-17.11599230774223
 21
-51.08911045733043
 31
0.0
  0
LINE
  5
3BD
330
17
100
AcDbEntity
  8
ENGRAVE_LOG
100
AcDbLine
 10
-17.429992915656722
 20
-49.50096713156376
 30
0.0
 11
-17.66248138823599
 21
-50.161231555955816
 31
0.0
  0
LINE
  5
3BE
330
17
100
AcDbEntity
  8
ENGRAVE_LOG
100
AcDbLine
 10
-17.66248138823599
 20
-50.161231555955816
 30
0.0
 11
-17.89496986081525
 21
-50.82149598034786
 31
0.0
  0
LINE
  5
3BF
330
17
100
AcDbEntity
  8
ENGRAVE_LOG
100
AcDbLine
 10
-17.937965274951456
 20
-48.573632783585744
 30
0.0
 11
-18.422962404826542
 21
-49.886940738336996
 31
0.0
  0
LINE
  5
3C0
330
17
100
AcDbEntity
  8
ENGRAVE_LOG
100
AcDbLine
 10
-18.422962404826542
 20
-49.886940738336996
 30
0.0
 11
-18.90795953470163
 21
-51.200248693088255
 31
0.0
  0
TEXT
  5
3C1
330
17
100
AcDbEntity
  8
ENGRAVE_TEXT
100
AcDbText
 10
-17.58461022318532
 20
-47.61679413083839
 30
0.0
 40
3.8
  1
3.6
 50
-200.2689002762234
 72
1
 11
-17.58461022318532
 21
-47.61679413083839
 31
0.0
100
AcDbText
 73
2
  0
TEXT
  5
3C2
330
17
100
AcDbEntity
  8
ENGRAVE_TEXT
100
AcDbText
 10
-19.261314586467766
 20
-52.1570873458356
 30
0.0
 40
3.8
  1
3.6
 50
-200.2689002762234
 72
1
 11
-19.261314586467766
 21
-52.1570873458356
 31
0.0
100
AcDbText
 73
2
  0
LINE
  5
3C3
330
17
100
AcDbEntity
  8
ENGRAVE_LOG
100
AcDbLine
 10
-18.9226107349157
 20
-48.94982331913827
 30
0.0
 11
-19.175008362858556
 21
-49.60273635883715
 31
0.0
  0
LINE
  5
3C4
330
17
100
AcDbEntity
  8
ENGRAVE_LOG
100
AcDbLine
 10
-19.175008362858556
 20
-49.60273635883715
 30
0.0
 11
-19.42740599080141
 21
-50.25564939853602
 31
0.0
  0
LINE
  5
3C5
330
17
100
AcDbEntity
  8
ENGRAVE_LOG
100
AcDbLine
 10
-19.65637999851099
 20
-48.6598101656196
 30
0.0
 11
-19.918564945137472
 21
-49.30885488962748
 31
0.0
  0
LINE
  5
3C6
330
17
100
AcDbEntity
  8
ENGRAVE_LOG
100
AcDbLine
 10
-19.918564945137472
 20
-49.30885488962748
 30
0.0
 11
-20.180749891763952
 21
-49.95789961363537
 31
0.0
  0
LINE
  5
3C7
330
17
100
AcDbEntity
  8
ENGRAVE_LOG
100
AcDbLine
 10
-20.381722375920685
 20
-48.36047759266748
 30
0.0
 11
-20.653582239928774
 21
-49.005529694703824
 31
0.0
  0
LINE
  5
3C8
330
17
100
AcDbEntity
  8
ENGRAVE_LOG
100
AcDbLine
 10
-20.653582239928774
 20
-49.005529694703824
 30
0.0
 11
-20.925442103936863
 21
-49.65058179674017
 31
0.0
  0
LINE
  5
3C9
330
17
100
AcDbEntity
  8
ENGRAVE_LOG
100
AcDbLine
 10
-21.098592819502155
 20
-48.052052828540546
 30
0.0
 11
-21.380014598725698
 21
-48.69299103318953
 31
0.0
  0
LINE
  5
3CA
330
17
100
AcDbEntity
  8
ENGRAVE_LOG
100
AcDbLine
 10
-21.380014598725698
 20
-48.69299103318953
 30
0.0
 11
-21.661436377949244
 21
-49.33392923783851
 31
0.0
  0
LINE
  5
3CB
330
17
100
AcDbEntity
  8
ENGRAVE_LOG
100
AcDbLine
 10
-21.516080206527334
 20
-47.09805402080093
 30
0.0
 11
-22.097820497935952
 21
-48.371466064623284
 31
0.0
  0
LINE
  5
3CC
330
17
100
AcDbEntity
  8
ENGRAVE_LOG
100
AcDbLine
 10
-22.097820497935952
 20
-48.371466064623284
 30
0.0
 11
-22.67956078934457
 21
-49.64487810844563
 31
0.0
  0
TEXT
  5
3CD
330
17
100
AcDbEntity
  8
ENGRAVE_TEXT
100
AcDbText
 10
-21.092240851358195
 20
-46.17028238887322
 30
0.0
 40
3.8
  1
3.7
 50
-204.5526206641182
 72
1
 11
-21.092240851358195
 21
-46.17028238887322
 31
0.0
100
AcDbText
 73
2
  0
TEXT
  5
3CE
330
17
100
AcDbEntity
  8
ENGRAVE_TEXT
100
AcDbText
 10
-23.103400144513706
 20
-50.57264974037334
 30
0.0
 40
3.8
  1
3.7
 50
-204.5526206641182
 72
1
 11
-23.103400144513706
 21
-50.57264974037334
 31
0.0
100
AcDbText
 73
2
  0
LINE
  5
3CF
330
17
100
AcDbEntity
  8
ENGRAVE_LOG
100
AcDbLine
 10
-22.506757934980225
 20
-47.408820352928046
 30
0.0
 11
-22.806962404387356
 21
-48.04117885611116
 31
0.0
  0
LINE
  5
3D0
330
17
100
AcDbEntity
  8
ENGRAVE_LOG
100
AcDbLine
 10
-22.806962404387356
 20
-48.04117885611116
 30
0.0
 11
-23.107166873794487
 21
-48.67353735929427
 31
0.0
  0
LINE
  5
3D1
330
17
100
AcDbEntity
  8
ENGRAVE_LOG
100
AcDbLine
 10
-23.197982337464822
 20
-47.07445183399027
 30
0.0
 11
-23.507406644557534
 21
-47.702350391227185
 31
0.0
  0
LINE
  5
3D2
330
17
100
AcDbEntity
  8
ENGRAVE_LOG
100
AcDbLine
 10
-23.507406644557534
 20
-47.702350391227185
 30
0.0
 11
-23.816830951650243
 21
-48.330248948464096
 31
0.0
  0
LINE
  5
3D3
330
17
100
AcDbEntity
  8
ENGRAVE_LOG
100
AcDbLine
 10
-23.880594012779778
 20
-46.73186952815804
 30
0.0
 11
-24.199123277431948
 21
-47.35519858055345
 31
0.0
  0
LINE
  5
3D4
330
17
100
AcDbEntity
  8
ENGRAVE_LOG
100
AcDbLine
 10
-24.199123277431948
 20
-47.35519858055345
 30
0.0
 11
-24.517652542084118
 21
-47.97852763294885
 31
0.0
  0
LINE
  5
3D5
330
17
100
AcDbEntity
  8
ENGRAVE_LOG
100
AcDbLine
 10
-24.554566975418734
 20
-46.3812854570642
 30
0.0
 11
-24.88208597089879
 21
-46.99993827375523
 31
0.0
  0
LINE
  5
3D6
330
17
100
AcDbEntity
  8
ENGRAVE_LOG
100
AcDbLine
 10
-24.88208597089879
 20
-46.99993827375523
 30
0.0
 11
-25.20960496637884
 21
-47.61859109044625
 31
0.0
  0
LINE
  5
3D7
330
17
100
AcDbEntity
  8
ENGRAVE_LOG
100
AcDbLine
 10
-24.883485483803714
 20
-45.409035997005375
 30
0.0
 11
-25.556271881589062
 21
-46.636781273092815
 31
0.0
  0
LINE
  5
3D8
330
17
100
AcDbEntity
  8
ENGRAVE_LOG
100
AcDbLine
 10
-25.556271881589062
 20
-46.636781273092815
 30
0.0
 11
-26.229058279374406
 21
-47.86452654918025
 31
0.0
  0
TEXT
  5
3D9
330
17
100
AcDbEntity
  8
ENGRAVE_TEXT
100
AcDbText
 10
-24.39331253684582
 20
-44.51453586728453
 30
0.0
 40
3.8
  1
3.8
 50
-208.72209478205164
 72
1
 11
-24.39331253684582
 21
-44.51453586728453
 31
0.0
100
AcDbText
 73
2
  0
TEXT
  5
3DA
330
17
100
AcDbEntity
  8
ENGRAVE_TEXT
100
AcDbText
 10
-26.7192312263323
 20
-48.7590266789011
 30
0.0
 40
3.8
  1
3.8
 50
-208.72209478205164
 72
1
 11
-26.7192312263323
 21
-48.7590266789011
 31
0.0
100
AcDbText
 73
2
  0
LINE
  5
3DB
330
17
100
AcDbEntity
  8
ENGRAVE_LOG
100
AcDbLine
 10
-25.87650991948346
 20
-45.65694508381911
 30
0.0
 11
-26.22166153807413
 21
-46.26593634827554
 31
0.0
  0
LINE
  5
3DC
330
17
100
AcDbEntity
  8
ENGRAVE_LOG
100
AcDbLine
 10
-26.22166153807413
 20
-46.26593634827554
 30
0.0
 11
-26.566813156664804
 21
-46.87492761273197
 31
0.0
  0
LINE
  5
3DD
330
17
100
AcDbEntity
  8
ENGRAVE_LOG
100
AcDbLine
 10
-26.52444468616886
 20
-45.28359784834204
 30
0.0
 11
-26.87823872733346
 21
-45.88760925256917
 31
0.0
  0
LINE
  5
3DE
330
17
100
AcDbEntity
  8
ENGRAVE_LOG
100
AcDbLine
 10
-26.87823872733346
 20
-45.88760925256917
 30
0.0
 11
-27.232032768498062
 21
-46.49162065679629
 31
0.0
  0
LINE
  5
3DF
330
17
100
AcDbEntity
  8
ENGRAVE_LOG
100
AcDbLine
 10
-27.16367008976563
 20
-44.903067013895296
 30
0.0
 11
-27.525990384408086
 21
-45.5020027400715
 31
0.0
  0
LINE
  5
3E0
330
17
100
AcDbEntity
  8
ENGRAVE_LOG
100
AcDbLine
 10
-27.525990384408086
 20
-45.5020027400715
 30
0.0
 11
-27.88831067905054
 21
-46.10093846624769
 31
0.0
  0
LINE
  5
3E1
330
17
100
AcDbEntity
  8
ENGRAVE_LOG
100
AcDbLine
 10
-27.794176238078908
 20
-44.515549724187494
 30
0.0
 11
-28.164906485156944
 21
-45.10931658407567
 31
0.0
  0
LINE
  5
3E2
330
17
100
AcDbEntity
  8
ENGRAVE_LOG
100
AcDbLine
 10
-28.164906485156944
 20
-45.10931658407567
 30
0.0
 11
-28.535636732234977
 21
-45.70308344396384
 31
0.0
  0
LINE
  5
3E3
330
17
100
AcDbEntity
  8
ENGRAVE_LOG
100
AcDbLine
 10
-28.03693233167648
 20
-43.53273280451153
 30
0.0
 11
-28.79497994203467
 21
-44.70974759644502
 31
0.0
  0
LINE
  5
3E4
330
17
100
AcDbEntity
  8
ENGRAVE_LOG
100
AcDbLine
 10
-28.79497994203467
 20
-44.70974759644502
 30
0.0
 11
-29.553027552392855
 21
-45.88676238837851
 31
0.0
  0
TEXT
  5
3E5
330
17
100
AcDbEntity
  8
ENGRAVE_TEXT
100
AcDbText
 10
-27.484640501272654
 20
-42.67519345610284
 30
0.0
 40
3.8
  1
3.9
 50
-212.78325852953972
 72
1
 11
-27.484640501272654
 21
-42.67519345610284
 31
0.0
100
AcDbText
 73
2
  0
TEXT
  5
3E6
330
17
100
AcDbEntity
  8
ENGRAVE_TEXT
100
AcDbText
 10
-30.105319382796683
 20
-46.7443017367872
 30
0.0
 40
3.8
  1
3.9
 50
-212.78325852953972
 72
1
 11
-30.105319382796683
 21
-46.7443017367872
 31
0.0
100
AcDbText
 73
2
  0
LINE
  5
3E7
330
17
100
AcDbEntity
  8
ENGRAVE_LOG
100
AcDbLine
 10
-29.02900558983802
 20
-43.720329761624086
 30
0.0
 11
-29.416206502812233
 21
-44.303489647926234
 31
0.0
  0
LINE
  5
3E8
330
17
100
AcDbEntity
  8
ENGRAVE_LOG
100
AcDbLine
 10
-29.416206502812233
 20
-44.303489647926234
 30
0.0
 11
-29.803407415786445
 21
-44.88664953422839
 31
0.0
  0
LINE
  5
3E9
330
17
100
AcDbEntity
  8
ENGRAVE_LOG
100
AcDbLine
 10
-29.633323101645743
 20
-43.31300684498213
 30
0.0
 11
-30.028584652163122
 21
-43.890733689332116
 31
0.0
  0
LINE
  5
3EA
330
17
100
AcDbEntity
  8
ENGRAVE_LOG
100
AcDbLine
 10
-30.028584652163122
 20
-43.890733689332116
 30
0.0
 11
-30.4238462026805
 21
-44.46846053368211
 31
0.0
  0
LINE
  5
3EB
330
17
100
AcDbEntity
  8
ENGRAVE_LOG
100
AcDbLine
 10
-30.228909783409108
 20
-42.89945702810833
 30
0.0
 11
-30.63211551603842
 21
-43.47166777352898
 31
0.0
  0
LINE
  5
3EC
330
17
100
AcDbEntity
  8
ENGRAVE_LOG
100
AcDbLine
 10
-30.63211551603842
 20
-43.47166777352898
 30
0.0
 11
-31.03532124866774
 21
-44.04387851894963
 31
0.0
  0
LINE
  5
3ED
330
17
100
AcDbEntity
  8
ENGRAVE_LOG
100
AcDbLine
 10
-30.81576926108492
 20
-42.47986305118666
 30
0.0
 11
-31.226802768759452
 21
-43.04647707816514
 31
0.0
  0
LINE
  5
3EE
330
17
100
AcDbEntity
  8
ENGRAVE_LOG
100
AcDbLine
 10
-31.226802768759452
 20
-43.04647707816514
 30
0.0
 11
-31.637836276433987
 21
-43.613091105143624
 31
0.0
  0
LINE
  5
3EF
330
17
100
AcDbEntity
  8
ENGRAVE_LOG
100
AcDbLine
 10
-30.975162630006782
 20
-41.49346575118342
 30
0.0
 11
-31.8126525427532
 21
-42.615343929083316
 31
0.0
  0
LINE
  5
3F0
330
17
100
AcDbEntity
  8
ENGRAVE_LOG
100
AcDbLine
 10
-31.8126525427532
 20
-42.615343929083316
 30
0.0
 11
-32.65014245549961
 21
-43.73722210698322
 31
0.0
  0
TEXT
  5
3F1
330
17
100
AcDbEntity
  8
ENGRAVE_TEXT
100
AcDbText
 10
-30.364991407862963
 20
-40.676097364427775
 30
0.0
 40
3.8
  1
4
 50
-216.74159687806647
 72
1
 11
-30.364991407862963
 21
-40.676097364427775
 31
0.0
100
AcDbText
 73
2
  0
TEXT
  5
3F2
330
17
100
AcDbEntity
  8
ENGRAVE_TEXT
100
AcDbText
 10
-33.26031367764344
 20
-44.55459049373886
 30
0.0
 40
3.8
  1
4
 50
-216.74159687806647
 72
1
 11
-33.26031367764344
 21
-44.55459049373886
 31
0.0
100
AcDbText
 73
2
  0
LINE
  5
3F3
330
17
100
AcDbEntity
  8
ENGRAVE_LOG
100
AcDbLine
 10
-31.96333315021566
 20
-41.623259530319395
 30
0.0
 11
-32.38967334086259
 21
-42.17844782435948
 31
0.0
  0
LINE
  5
3F4
330
17
100
AcDbEntity
  8
ENGRAVE_LOG
100
AcDbLine
 10
-32.38967334086259
 20
-42.17844782435948
 30
0.0
 11
-32.816013531509526
 21
-42.733636118399566
 31
0.0
  0
LINE
  5
3F5
330
17
100
AcDbEntity
  8
ENGRAVE_LOG
100
AcDbLine
 10
-32.524056598664586
 20
-41.1866014908594
 30
0.0
 11
-32.95787595116202
 21
-41.735965458915835
 31
0.0
  0
LINE
  5
3F6
330
17
100
AcDbEntity
  8
ENGRAVE_LOG
100
AcDbLine
 10
-32.95787595116202
 20
-41.735965458915835
 30
0.0
 11
-33.39169530365945
 21
-42.285329426972275
 31
0.0
  0
LINE
  5
3F7
330
17
100
AcDbEntity
  8
ENGRAVE_LOG
100
AcDbLine
 10
-33.07609075129362
 20
-40.74460234941787
 30
0.0
 11
-33.51727336421103
 21
-41.28807074965782
 31
0.0
  0
LINE
  5
3F8
330
17
100
AcDbEntity
  8
ENGRAVE_LOG
100
AcDbLine
 10
-33.51727336421103
 20
-41.28807074965782
 30
0.0
 11
-33.95845597712844
 21
-41.83153914989777
 31
0.0
  0
LINE
  5
3F9
330
17
100
AcDbEntity
  8
ENGRAVE_LOG
100
AcDbLine
 10
-33.61945052184956
 20
-40.29743101748434
 30
0.0
 11
-34.06788069268215
 21
-40.83493486108647
 31
0.0
  0
LINE
  5
3FA
330
17
100
AcDbEntity
  8
ENGRAVE_LOG
100
AcDbLine
 10
-34.06788069268215
 20
-40.83493486108647
 30
0.0
 11
-34.516310863514754
 21
-41.372438704688584
 31
0.0
  0
LINE
  5
3FB
330
17
100
AcDbEntity
  8
ENGRAVE_LOG
100
AcDbLine
 10
-33.698590589149404
 20
-39.31378120080656
 30
0.0
 11
-34.6097150932979
 21
-40.376726231342076
 31
0.0
  0
LINE
  5
3FC
330
17
100
AcDbEntity
  8
ENGRAVE_LOG
100
AcDbLine
 10
-34.6097150932979
 20
-40.376726231342076
 30
0.0
 11
-35.5208395974464
 21
-41.4396712618776
 31
0.0
  0
TEXT
  5
3FD
330
17
100
AcDbEntity
  8
ENGRAVE_TEXT
100
AcDbText
 10
-33.034771307555495
 20
-38.539349821416394
 30
0.0
 40
3.8
  1
4.1
 50
-220.60218841910478
 72
1
 11
-33.034771307555495
 21
-38.539349821416394
 31
0.0
100
AcDbText
 73
2
  0
TEXT
  5
3FE
330
17
100
AcDbEntity
  8
ENGRAVE_TEXT
100
AcDbText
 10
-36.184658879040306
 20
-42.214102641267765
 30
0.0
 40
3.8
  1
4.1
 50
-220.60218841910478
 72
1
 11
-36.184658879040306
 21
-42.214102641267765
 31
0.0
100
AcDbText
 73
2
  0
LINE
  5
3FF
330
17
100
AcDbEntity
  8
ENGRAVE_LOG
100
AcDbLine
 10
-34.680216582634735
 20
-39.388234001812606
 30
0.0
 11
-35.14279569101591
 21
-39.91361059863557
 31
0.0
  0
LINE
  5
400
330
17
100
AcDbEntity
  8
ENGRAVE_LOG
100
AcDbLine
 10
-35.14279569101591
 20
-39.91361059863557
 30
0.0
 11
-35.6053747993971
 21
-40.43898719545853
 31
0.0
  0
LINE
  5
401
330
17
100
AcDbEntity
  8
ENGRAVE_LOG
100
AcDbLine
 10
-35.19766248897074
 20
-38.92653279335962
 30
0.0
 11
-35.66714350540138
 21
-39.445751028027146
 31
0.0
  0
LINE
  5
402
330
17
100
AcDbEntity
  8
ENGRAVE_LOG
100
AcDbLine
 10
-35.66714350540138
 20
-39.445751028027146
 30
0.0
 11
-36.136624521832005
 21
-39.96496926269467
 31
0.0
  0
LINE
  5
403
330
17
100
AcDbEntity
  8
ENGRAVE_LOG
100
AcDbLine
 10
-35.706513102230716
 20
-38.460308398142445
 30
0.0
 11
-36.182781379127846
 21
-38.97330793851401
 31
0.0
  0
LINE
  5
404
330
17
100
AcDbEntity
  8
ENGRAVE_LOG
100
AcDbLine
 10
-36.182781379127846
 20
-38.97330793851401
 30
0.0
 11
-36.65904965602498
 21
-39.48630747888558
 31
0.0
  0
LINE
  5
405
330
17
100
AcDbEntity
  8
ENGRAVE_LOG
100
AcDbLine
 10
-36.20679269501035
 20
-37.98971653935504
 30
0.0
 11
-36.68973390854898
 21
-38.49643913039064
 31
0.0
  0
LINE
  5
406
330
17
100
AcDbEntity
  8
ENGRAVE_LOG
100
AcDbLine
 10
-36.68973390854898
 20
-38.49643913039064
 30
0.0
 11
-37.17267512208761
 21
-39.003161721426245
 31
0.0
  0
LINE
  5
407
330
17
100
AcDbEntity
  8
ENGRAVE_LOG
100
AcDbLine
 10
-36.2090270316671
 20
-37.01452095353932
 30
0.0
 11
-37.18802737628537
 21
-38.01529981284706
 31
0.0
  0
LINE
  5
408
330
17
100
AcDbEntity
  8
ENGRAVE_LOG
100
AcDbLine
 10
-37.18802737628537
 20
-38.01529981284706
 30
0.0
 11
-38.16702772090363
 21
-39.016078672154805
 31
0.0
  0
TEXT
  5
409
330
17
100
AcDbEntity
  8
ENGRAVE_TEXT
100
AcDbText
 10
-35.495755352016644
 20
-36.28538207032939
 30
0.0
 40
3.8
  1
4.2
 50
-224.36974454324417
 72
1
 11
-35.495755352016644
 21
-36.28538207032939
 31
0.0
100
AcDbText
 73
2
  0
TEXT
  5
40A
330
17
100
AcDbEntity
  8
ENGRAVE_TEXT
100
AcDbText
 10
-38.88029940055409
 20
-39.74521755536474
 30
0.0
 40
3.8
  1
4.2
 50
-224.36974454324417
 72
1
 11
-38.88029940055409
 21
-39.74521755536474
 31
0.0
100
AcDbText
 73
2
  0
LINE
  5
40B
330
17
100
AcDbEntity
  8
ENGRAVE_LOG
100
AcDbLine
 10
-37.181744165274395
 20
-37.03604056629276
 30
0.0
 11
-37.67768968577158
 21
-37.53004263177304
 31
0.0
  0
LINE
  5
40C
330
17
100
AcDbEntity
  8
ENGRAVE_LOG
100
AcDbLine
 10
-37.67768968577158
 20
-37.53004263177304
 30
0.0
 11
-38.17363520626876
 21
-38.024044697253316
 31
0.0
  0
LINE
  5
40D
330
17
100
AcDbEntity
  8
ENGRAVE_LOG
100
AcDbLine
 10
-37.65647265182137
 20
-36.55325522333994
 30
0.0
 11
-38.15875029771075
 21
-37.04081769773663
 31
0.0
  0
LINE
  5
40E
330
17
100
AcDbEntity
  8
ENGRAVE_LOG
100
AcDbLine
 10
-38.15875029771075
 20
-37.04081769773663
 30
0.0
 11
-38.661027943600146
 21
-37.52838017213331
 31
0.0
  0
LINE
  5
40F
330
17
100
AcDbEntity
  8
ENGRAVE_LOG
100
AcDbLine
 10
-38.122743212425924
 20
-36.06670001482577
 30
0.0
 11
-38.63124016838435
 21
-36.54777261410889
 31
0.0
  0
LINE
  5
410
330
17
100
AcDbEntity
  8
ENGRAVE_LOG
100
AcDbLine
 10
-38.63124016838435
 20
-36.54777261410889
 30
0.0
 11
-39.13973712434278
 21
-37.02884521339201
 31
0.0
  0
LINE
  5
411
330
17
100
AcDbEntity
  8
ENGRAVE_LOG
100
AcDbLine
 10
-38.58058781269233
 20
-35.57651815491696
 30
0.0
 11
-39.09519168976711
 21
-36.05105250530648
 31
0.0
  0
LINE
  5
412
330
17
100
AcDbEntity
  8
ENGRAVE_LOG
100
AcDbLine
 10
-39.09519168976711
 20
-36.05105250530648
 30
0.0
 11
-39.6097955668419
 21
-36.525586855696
 31
0.0
  0
LINE
  5
413
330
17
100
AcDbEntity
  8
ENGRAVE_LOG
100
AcDbLine
 10
-38.50944092391457
 20
-34.61490083370937
 30
0.0
 11
-39.550638631397774
 21
-35.55080004512677
 31
0.0
  0
LINE
  5
414
330
17
100
AcDbEntity
  8
ENGRAVE_LOG
100
AcDbLine
 10
-39.550638631397774
 20
-35.55080004512677
 30
0.0
 11
-40.59183633888098
 21
-36.48669925654418
 31
0.0
  0
TEXT
  5
415
330
17
100
AcDbEntity
  8
ENGRAVE_TEXT
100
AcDbText
 10
-37.750854022748236
 20
-33.93303140824812
 30
0.0
 40
3.8
  1
4.3
 50
-228.04864400865114
 72
1
 11
-37.750854022748236
 21
-33.93303140824812
 31
0.0
100
AcDbText
 73
2
  0
TEXT
  5
416
330
17
100
AcDbEntity
  8
ENGRAVE_TEXT
100
AcDbText
 10
-41.35042324004732
 20
-37.16856868200543
 30
0.0
 40
3.8
  1
4.3
 50
-228.04864400865114
 72
1
 11
-41.35042324004732
 21
-37.16856868200543
 31
0.0
100
AcDbText
 73
2
  0
LINE
  5
417
330
17
100
AcDbEntity
  8
ENGRAVE_LOG
100
AcDbLine
 10
-39.47113373610571
 20
-34.58583527380042
 30
0.0
 11
-39.99761608395774
 21
-35.047155485150654
 31
0.0
  0
LINE
  5
418
330
17
100
AcDbEntity
  8
ENGRAVE_LOG
100
AcDbLine
 10
-39.99761608395774
 20
-35.047155485150654
 30
0.0
 11
-40.52409843180976
 21
-35.50847569650089
 31
0.0
  0
LINE
  5
419
330
17
100
AcDbEntity
  8
ENGRAVE_LOG
100
AcDbLine
 10
-39.90390556654266
 20
-34.08560870127516
 30
0.0
 11
-40.43616040451103
 21
-34.54025668319004
 31
0.0
  0
LINE
  5
41A
330
17
100
AcDbEntity
  8
ENGRAVE_LOG
100
AcDbLine
 10
-40.43616040451103
 20
-34.54025668319004
 30
0.0
 11
-40.9684152424794
 21
-34.99490466510492
 31
0.0
  0
LINE
  5
41B
330
17
100
AcDbEntity
  8
ENGRAVE_LOG
100
AcDbLine
 10
-40.32839234473792
 20
-33.582304430888655
 30
0.0
 11
-40.86630916336057
 21
-34.03023913175798
 31
0.0
  0
LINE
  5
41C
330
17
100
AcDbEntity
  8
ENGRAVE_LOG
100
AcDbLine
 10
-40.86630916336057
 20
-34.03023913175798
 30
0.0
 11
-41.40422598198322
 21
-34.478173832627306
 31
0.0
  0
LINE
  5
41D
330
17
100
AcDbEntity
  8
ENGRAVE_LOG
100
AcDbLine
 10
-40.744632292837714
 20
-33.07605386562076
 30
0.0
 11
-41.288101092475415
 21
-33.51723598654177
 31
0.0
  0
LINE
  5
41E
330
17
100
AcDbEntity
  8
ENGRAVE_LOG
100
AcDbLine
 10
-41.288101092475415
 20
-33.51723598654177
 30
0.0
 11
-41.831569892113116
 21
-33.95841810746278
 31
0.0
  0
LINE
  5
41F
330
17
100
AcDbEntity
  8
ENGRAVE_LOG
100
AcDbLine
 10
-40.60375342451061
 20
-32.13259416607292
 30
0.0
 11
-41.70157603544755
 21
-33.001378094858204
 31
0.0
  0
LINE
  5
420
330
17
100
AcDbEntity
  8
ENGRAVE_LOG
100
AcDbLine
 10
-41.70157603544755
 20
-33.001378094858204
 30
0.0
 11
-42.79939864638449
 21
-33.87016202364349
 31
0.0
  0
TEXT
  5
421
330
17
100
AcDbEntity
  8
ENGRAVE_TEXT
100
AcDbText
 10
-39.80391123654226
 20
-31.499623017957923
 30
0.0
 40
3.8
  1
4.4
 50
-231.64296353502746
 72
1
 11
-39.80391123654226
 21
-31.499623017957923
 31
0.0
100
AcDbText
 73
2
  0
TEXT
  5
422
330
17
100
AcDbEntity
  8
ENGRAVE_TEXT
100
AcDbText
 10
-43.599240834352834
 20
-34.503133171758485
 30
0.0
 40
3.8
  1
4.4
 50
-231.64296353502746
 72
1
 11
-43.599240834352834
 21
-34.503133171758485
 31
0.0
100
AcDbText
 73
2
  0
LINE
  5
423
330
17
100
AcDbEntity
  8
ENGRAVE_LOG
100
AcDbLine
 10
-41.55253002437182
 20
-32.05522810047806
 30
0.0
 11
-42.10677489893471
 21
-32.48279402407438
 31
0.0
  0
LINE
  5
424
330
17
100
AcDbEntity
  8
ENGRAVE_LOG
100
AcDbLine
 10
-42.10677489893471
 20
-32.48279402407438
 30
0.0
 11
-42.66101977349759
 21
-32.9103599476707
 31
0.0
  0
LINE
  5
425
330
17
100
AcDbEntity
  8
ENGRAVE_LOG
100
AcDbLine
 10
-41.94426954680769
 20
-31.54090442876901
 30
0.0
 11
-42.50373960554941
 21
-31.961610089975917
 31
0.0
  0
LINE
  5
426
330
17
100
AcDbEntity
  8
ENGRAVE_LOG
100
AcDbLine
 10
-42.50373960554941
 20
-31.961610089975917
 30
0.0
 11
-43.06320966429113
 21
-32.38231575118282
 31
0.0
  0
LINE
  5
427
330
17
100
AcDbEntity
  8
ENGRAVE_LOG
100
AcDbLine
 10
-42.32792562555727
 20
-31.024137574432135
 30
0.0
 11
-42.892513048154264
 21
-31.43795038506671
 31
0.0
  0
LINE
  5
428
330
17
100
AcDbEntity
  8
ENGRAVE_LOG
100
AcDbLine
 10
-42.892513048154264
 20
-31.43795038506671
 30
0.0
 11
-43.45710047075126
 21
-31.851763195701288
 31
0.0
  0
LINE
  5
429
330
17
100
AcDbEntity
  8
ENGRAVE_LOG
100
AcDbLine
 10
-42.70354150261631
 20
-30.50504783038909
 30
0.0
 11
-43.27313904552469
 21
-30.911936806785288
 31
0.0
  0
LINE
  5
42A
330
17
100
AcDbEntity
  8
ENGRAVE_LOG
100
AcDbLine
 10
-43.27313904552469
 20
-30.911936806785288
 30
0.0
 11
-43.84273658843306
 21
-31.318825783181484
 31
0.0
  0
LINE
  5
42B
330
17
100
AcDbEntity
  8
ENGRAVE_LOG
100
AcDbLine
 10
-42.496660283187275
 20
-29.583817616652745
 30
0.0
 11
-43.64566229934143
 21
-30.383689085623654
 31
0.0
  0
LINE
  5
42C
330
17
100
AcDbEntity
  8
ENGRAVE_LOG
100
AcDbLine
 10
-43.64566229934143
 20
-30.383689085623654
 30
0.0
 11
-44.79466431549559
 21
-31.183560554594568
 31
0.0
  0
TEXT
  5
42D
330
17
100
AcDbEntity
  8
ENGRAVE_TEXT
100
AcDbText
 10
-41.65953024284639
 20
-29.001054117831078
 30
0.0
 40
3.8
  1
4.5
 50
-235.15650495912374
 72
1
 11
-41.65953024284639
 21
-29.001054117831078
 31
0.0
100
AcDbText
 73
2
  0
TEXT
  5
42E
330
17
100
AcDbEntity
  8
ENGRAVE_TEXT
100
AcDbText
 10
-45.631794355836476
 20
-31.766324053416234
 30
0.0
 40
3.8
  1
4.5
 50
-235.15650495912374
 72
1
 11
-45.631794355836476
 21
-31.766324053416234
 31
0.0
100
AcDbText
 73
2
  0
LINE
  5
42F
330
17
100
AcDbEntity
  8
ENGRAVE_LOG
100
AcDbLine
 10
-43.43082993489962
 20
-29.46037018039364
 30
0.0
 11
-44.01012835247641
 21
-29.853324813135174
 31
0.0
  0
LINE
  5
430
330
17
100
AcDbEntity
  8
ENGRAVE_LOG
100
AcDbLine
 10
-44.01012835247641
 20
-29.853324813135174
 30
0.0
 11
-44.589426770053194
 21
-30.246279445876706
 31
0.0
  0
LINE
  5
431
330
17
100
AcDbEntity
  8
ENGRAVE_LOG
100
AcDbLine
 10
-43.78259316711504
 20
-28.93501227860273
 30
0.0
 11
-44.36658354853617
 21
-29.320959469818852
 31
0.0
  0
LINE
  5
432
330
17
100
AcDbEntity
  8
ENGRAVE_LOG
100
AcDbLine
 10
-44.36658354853617
 20
-29.320959469818852
 30
0.0
 11
-44.950573929957294
 21
-29.70690666103497
 31
0.0
  0
LINE
  5
433
330
17
100
AcDbEntity
  8
ENGRAVE_LOG
100
AcDbLine
 10
-44.126497472980695
 20
-28.40779155033048
 30
0.0
 11
-44.715074992627926
 21
-28.78670645286919
 31
0.0
  0
LINE
  5
434
330
17
100
AcDbEntity
  8
ENGRAVE_LOG
100
AcDbLine
 10
-44.715074992627926
 20
-28.78670645286919
 30
0.0
 11
-45.30365251227516
 21
-29.165621355407897
 31
0.0
  0
LINE
  5
435
330
17
100
AcDbEntity
  8
ENGRAVE_LOG
100
AcDbLine
 10
-44.46259005149992
 20
-27.87881787149985
 30
0.0
 11
-45.0556505133149
 21
-28.25067710377977
 31
0.0
  0
LINE
  5
436
330
17
100
AcDbEntity
  8
ENGRAVE_LOG
100
AcDbLine
 10
-45.0556505133149
 20
-28.25067710377977
 30
0.0
 11
-45.64871097512988
 21
-28.622536336059685
 31
0.0
  0
LINE
  5
437
330
17
100
AcDbEntity
  8
ENGRAVE_LOG
100
AcDbLine
 10
-44.19347893268486
 20
-26.98341749716554
 30
0.0
 11
-45.38835862572771
 21
-27.712980735791103
 31
0.0
  0
LINE
  5
438
330
17
100
AcDbEntity
  8
ENGRAVE_LOG
100
AcDbLine
 10
-45.38835862572771
 20
-27.712980735791103
 30
0.0
 11
-46.58323831877056
 21
-28.44254397441667
 31
0.0
  0
TEXT
  5
439
330
17
100
AcDbEntity
  8
ENGRAVE_TEXT
100
AcDbText
 10
-43.32292372775364
 20
-26.45187856616691
 30
0.0
 40
3.8
  1
4.6
 50
-238.59281940536667
 72
1
 11
-43.32292372775364
 21
-26.45187856616691
 31
0.0
100
AcDbText
 73
2
  0
TEXT
  5
43A
330
17
100
AcDbEntity
  8
ENGRAVE_TEXT
100
AcDbText
 10
-47.45379352370178
 20
-28.974082905415294
 30
0.0
 40
3.8
  1
4.6
 50
-238.59281940536667
 72
1
 11
-47.45379352370178
 21
-28.974082905415294
 31
0.0
100
AcDbText
 73
2
  0
LINE
  5
43B
330
17
100
AcDbEntity
  8
ENGRAVE_LOG
100
AcDbLine
 10
-45.111532174869865
 20
-26.816041185001204
 30
0.0
 11
-45.71324849579992
 21
-27.173724661173097
 31
0.0
  0
LINE
  5
43C
330
17
100
AcDbEntity
  8
ENGRAVE_LOG
100
AcDbLine
 10
-45.71324849579992
 20
-27.173724661173097
 30
0.0
 11
-46.31496481672996
 21
-27.53140813734499
 31
0.0
  0
LINE
  5
43D
330
17
100
AcDbEntity
  8
ENGRAVE_LOG
100
AcDbLine
 10
-45.42447936528227
 20
-26.282448028923124
 30
0.0
 11
-46.03036990559663
 21
-26.6330142183333
 31
0.0
  0
LINE
  5
43E
330
17
100
AcDbEntity
  8
ENGRAVE_LOG
100
AcDbLine
 10
-46.03036990559663
 20
-26.6330142183333
 30
0.0
 11
-46.63626044591099
 21
-26.98358040774348
 31
0.0
  0
LINE
  5
43F
330
17
100
AcDbEntity
  8
ENGRAVE_LOG
100
AcDbLine
 10
-45.72981005209036
 20
-25.7475216787895
 30
0.0
 11
-46.3397732197059
 21
-26.09095279874287
 31
0.0
  0
LINE
  5
440
330
17
100
AcDbEntity
  8
ENGRAVE_LOG
100
AcDbLine
 10
-46.3397732197059
 20
-26.09095279874287
 30
0.0
 11
-46.94973638732143
 21
-26.434383918696238
 31
0.0
  0
LINE
  5
441
330
17
100
AcDbEntity
  8
ENGRAVE_LOG
100
AcDbLine
 10
-46.02757447964954
 20
-25.21136227022082
 30
0.0
 11
-46.641509352663164
 21
-25.5476418736727
 31
0.0
  0
LINE
  5
442
330
17
100
AcDbEntity
  8
ENGRAVE_LOG
100
AcDbLine
 10
-46.641509352663164
 20
-25.5476418736727
 30
0.0
 11
-47.25544422567678
 21
-25.883921477124577
 31
0.0
  0
LINE
  5
443
330
17
100
AcDbEntity
  8
ENGRAVE_LOG
100
AcDbLine
 10
-45.70001707035659
 20
-24.34495511947221
 30
0.0
 11
-46.93562973738052
 21
-25.003181020732562
 31
0.0
  0
LINE
  5
444
330
17
100
AcDbEntity
  8
ENGRAVE_LOG
100
AcDbLine
 10
-46.93562973738052
 20
-25.003181020732562
 30
0.0
 11
-48.17124240440445
 21
-25.661406921992914
 31
0.0
  0
TEXT
  5
445
330
17
100
AcDbEntity
  8
ENGRAVE_TEXT
100
AcDbText
 10
-44.79978498438201
 20
-23.865390534268236
 30
0.0
 40
3.8
  1
4.7
 50
-241.9552288568583
 72
1
 11
-44.79978498438201
 21
-23.865390534268236
 31
0.0
100
AcDbText
 73
2
  0
TEXT
  5
446
330
17
100
AcDbEntity
  8
ENGRAVE_TEXT
100
AcDbText
 10
-49.07147449037903
 20
-26.140971507196888
 30
0.0
 40
3.8
  1
4.7
 50
-241.9552288568583
 72
1
 11
-49.07147449037903
 21
-26.140971507196888
 31
0.0
100
AcDbText
 73
2
  0
LINE
  5
447
330
17
100
AcDbEntity
  8
ENGRAVE_LOG
100
AcDbLine
 10
-46.60060806201783
 20
-24.13573550257375
 30
0.0
 11
-47.222186294552365
 21
-24.457667950207167
 31
0.0
  0
LINE
  5
448
330
17
100
AcDbEntity
  8
ENGRAVE_LOG
100
AcDbLine
 10
-47.222186294552365
 20
-24.457667950207167
 30
0.0
 11
-47.843764527086904
 21
-24.779600397840582
 31
0.0
  0
LINE
  5
449
330
17
100
AcDbEntity
  8
ENGRAVE_LOG
100
AcDbLine
 10
-46.87598014347509
 20
-23.59645917481115
 30
0.0
 11
-47.50123140301077
 21
-23.91119853118249
 31
0.0
  0
LINE
  5
44A
330
17
100
AcDbEntity
  8
ENGRAVE_LOG
100
AcDbLine
 10
-47.50123140301077
 20
-23.91119853118249
 30
0.0
 11
-48.12648266254645
 21
-24.22593788755383
 31
0.0
  0
LINE
  5
44B
330
17
100
AcDbEntity
  8
ENGRAVE_LOG
100
AcDbLine
 10
-47.14399176138159
 20
-23.056331902598558
 30
0.0
 11
-47.77281787100368
 21
-23.363866817457914
 31
0.0
  0
LINE
  5
44C
330
17
100
AcDbEntity
  8
ENGRAVE_LOG
100
AcDbLine
 10
-47.77281787100368
 20
-23.363866817457914
 30
0.0
 11
-48.40164398062577
 21
-23.67140173231727
 31
0.0
  0
LINE
  5
44D
330
17
100
AcDbEntity
  8
ENGRAVE_LOG
100
AcDbLine
 10
-47.4046954251842
 20
-22.51544473568132
 30
0.0
 11
-48.036998908370734
 21
-22.815765073238047
 31
0.0
  0
LINE
  5
44E
330
17
100
AcDbEntity
  8
ENGRAVE_LOG
100
AcDbLine
 10
-48.036998908370734
 20
-22.815765073238047
 30
0.0
 11
-48.66930239155727
 21
-23.116085410794774
 31
0.0
  0
LINE
  5
44F
330
17
100
AcDbEntity
  8
ENGRAVE_LOG
100
AcDbLine
 10
-47.022459928484956
 20
-21.68079016719702
 30
0.0
 11
-48.29382809959115
 21
-22.26698379860057
 31
0.0
  0
LINE
  5
450
330
17
100
AcDbEntity
  8
ENGRAVE_LOG
100
AcDbLine
 10
-48.29382809959115
 20
-22.26698379860057
 30
0.0
 11
-49.56519627069735
 21
-22.85317743000412
 31
0.0
  0
TEXT
  5
451
330
17
100
AcDbEntity
  8
ENGRAVE_TEXT
100
AcDbText
 10
-46.09617740382186
 20
-21.25370623574586
 30
0.0
 40
3.8
  1
4.8
 50
-245.24684545521137
 72
1
 11
-46.09617740382186
 21
-21.25370623574586
 31
0.0
100
AcDbText
 73
2
  0
TEXT
  5
452
330
17
100
AcDbEntity
  8
ENGRAVE_TEXT
100
AcDbText
 10
-50.491478795360436
 20
-23.280261361455278
 30
0.0
 40
3.8
  1
4.8
 50
-245.24684545521137
 72
1
 11
-50.491478795360436
 21
-23.280261361455278
 31
0.0
100
AcDbText
 73
2
  0
LINE
  5
453
330
17
100
AcDbEntity
  8
ENGRAVE_LOG
100
AcDbLine
 10
-47.9043907510462
 20
-21.431746237091343
 30
0.0
 11
-48.54335937767983
 21
-21.717611754735472
 31
0.0
  0
LINE
  5
454
330
17
100
AcDbEntity
  8
ENGRAVE_LOG
100
AcDbLine
 10
-48.54335937767983
 20
-21.717611754735472
 30
0.0
 11
-49.18232800431345
 21
-22.003477272379605
 31
0.0
  0
LINE
  5
455
330
17
100
AcDbEntity
  8
ENGRAVE_LOG
100
AcDbLine
 10
-48.14348917831272
 20
-20.889108399778234
 30
0.0
 11
-48.785646998907595
 21
-21.167735988952106
 31
0.0
  0
LINE
  5
456
330
17
100
AcDbEntity
  8
ENGRAVE_LOG
100
AcDbLine
 10
-48.785646998907595
 20
-21.167735988952106
 30
0.0
 11
-49.42780481950247
 21
-21.44636357812598
 31
0.0
  0
LINE
  5
457
330
17
100
AcDbEntity
  8
ENGRAVE_LOG
100
AcDbLine
 10
-48.375493132786715
 20
-20.346057705602448
 30
0.0
 11
-49.020745518323125
 21
-20.617441859450043
 31
0.0
  0
LINE
  5
458
330
17
100
AcDbEntity
  8
ENGRAVE_LOG
100
AcDbLine
 10
-49.020745518323125
 20
-20.617441859450043
 30
0.0
 11
-49.665997903859534
 21
-20.88882601329764
 31
0.0
  0
LINE
  5
459
330
17
100
AcDbEntity
  8
ENGRAVE_LOG
100
AcDbLine
 10
-48.60045672287461
 20
-19.802676746540893
 30
0.0
 11
-49.2487097660532
 21
-20.066813059852226
 31
0.0
  0
LINE
  5
45A
330
17
100
AcDbEntity
  8
ENGRAVE_LOG
100
AcDbLine
 10
-49.2487097660532
 20
-20.066813059852226
 30
0.0
 11
-49.896962809231795
 21
-20.330949373163556
 31
0.0
  0
LINE
  5
45B
330
17
100
AcDbEntity
  8
ENGRAVE_LOG
100
AcDbLine
 10
-48.167273787239466
 20
-19.00216134825495
 30
0.0
 11
-49.469594824360655
 21
-19.515931643495524
 31
0.0
  0
LINE
  5
45C
330
17
100
AcDbEntity
  8
ENGRAVE_LOG
100
AcDbLine
 10
-49.469594824360655
 20
-19.515931643495524
 30
0.0
 11
-50.771915861481844
 21
-20.029701938736096
 31
0.0
  0
TEXT
  5
45D
330
17
100
AcDbEntity
  8
ENGRAVE_TEXT
100
AcDbText
 10
-47.21843988876545
 20
-18.62784299029396
 30
0.0
 40
3.8
  1
4.9
 50
-248.47058881026496
 72
1
 11
-47.21843988876545
 21
-18.62784299029396
 31
0.0
100
AcDbText
 73
2
  0
TEXT
  5
45E
330
17
100
AcDbEntity
  8
ENGRAVE_TEXT
100
AcDbText
 10
-51.72074975995586
 20
-20.404020296697087
 30
0.0
 40
3.8
  1
4.9
 50
-248.47058881026496
 72
1
 11
-51.72074975995586
 21
-20.404020296697087
 31
0.0
100
AcDbText
 73
2
  0
LINE
  5
45F
330
17
100
AcDbEntity
  8
ENGRAVE_LOG
100
AcDbLine
 10
-49.02948046568955
 20
-18.715246331923247
 30
0.0
 11
-49.6834560054377
 21
-18.964878047478624
 31
0.0
  0
LINE
  5
460
330
17
100
AcDbEntity
  8
ENGRAVE_LOG
100
AcDbLine
 10
-49.6834560054377
 20
-18.964878047478624
 30
0.0
 11
-50.33743154518585
 21
-19.214509763034005
 31
0.0
  0
LINE
  5
461
330
17
100
AcDbEntity
  8
ENGRAVE_LOG
100
AcDbLine
 10
-49.23364999236452
 20
-18.1713540615262
 30
0.0
 11
-49.89034882991512
 21
-18.413731116462717
 31
0.0
  0
LINE
  5
462
330
17
100
AcDbEntity
  8
ENGRAVE_LOG
100
AcDbLine
 10
-49.89034882991512
 20
-18.413731116462717
 30
0.0
 11
-50.54704766746571
 21
-18.656108171399232
 31
0.0
  0
LINE
  5
463
330
17
100
AcDbEntity
  8
ENGRAVE_LOG
100
AcDbLine
 10
-49.43099786081889
 20
-17.627445943293033
 30
0.0
 11
-50.09032900606609
 21
-17.862568126225675
 31
0.0
  0
LINE
  5
464
330
17
100
AcDbEntity
  8
ENGRAVE_LOG
100
AcDbLine
 10
-50.09032900606609
 20
-17.862568126225675
 30
0.0
 11
-50.7496601513133
 21
-18.09769030915832
 31
0.0
  0
LINE
  5
465
330
17
100
AcDbEntity
  8
ENGRAVE_LOG
100
AcDbLine
 10
-49.6215792113639
 20
-17.083596710597494
 30
0.0
 11
-50.28345240968621
 21
-17.311464806965983
 31
0.0
  0
LINE
  5
466
330
17
100
AcDbEntity
  8
ENGRAVE_LOG
100
AcDbLine
 10
-50.28345240968621
 20
-17.311464806965983
 30
0.0
 11
-50.945325608008524
 21
-17.539332903334472
 31
0.0
  0
LINE
  5
467
330
17
100
AcDbEntity
  8
ENGRAVE_LOG
100
AcDbLine
 10
-49.14112359621154
 20
-16.31926382230096
 30
0.0
 11
-50.46977506462978
 21
-16.76049536635699
 31
0.0
  0
LINE
  5
468
330
17
100
AcDbEntity
  8
ENGRAVE_LOG
100
AcDbLine
 10
-50.46977506462978
 20
-16.76049536635699
 30
0.0
 11
-51.79842653304801
 21
-17.201726910413026
 31
0.0
  0
TEXT
  5
469
330
17
100
AcDbEntity
  8
ENGRAVE_TEXT
100
AcDbText
 10
-48.17310609779254
 20
-15.99779512591728
 30
0.0
 40
3.8
  1
5
 50
-251.62920156096678
 72
1
 11
-48.17310609779254
 21
-15.99779512591728
 31
0.0
100
AcDbText
 73
2
  0
TEXT
  5
46A
330
17
100
AcDbEntity
  8
ENGRAVE_TEXT
100
AcDbText
 10
-52.76644403146701
 20
-17.523195606796705
 30
0.0
 40
3.8
  1
5
 50
-251.62920156096678
 72
1
 11
-52.76644403146701
 21
-17.523195606796705
 31
0.0
100
AcDbText
 73
2
  0
LINE
  5
46B
330
17
100
AcDbEntity
  8
ENGRAVE_LOG
100
AcDbLine
 10
-49.982663631942906
 20
-15.996366345393929
 30
0.0
 11
-50.64935312398483
 21
-16.2097325123485
 31
0.0
  0
LINE
  5
46C
330
17
100
AcDbEntity
  8
ENGRAVE_LOG
100
AcDbLine
 10
-50.64935312398483
 20
-16.2097325123485
 30
0.0
 11
-51.316042616026756
 21
-16.423098679303067
 31
0.0
  0
LINE
  5
46D
330
17
100
AcDbEntity
  8
ENGRAVE_LOG
100
AcDbLine
 10
-50.15327763945165
 20
-15.453127256969015
 30
0.0
 11
-50.822242851868126
 21
-15.659247475716697
 31
0.0
  0
LINE
  5
46E
330
17
100
AcDbEntity
  8
ENGRAVE_LOG
100
AcDbLine
 10
-50.822242851868126
 20
-15.659247475716697
 30
0.0
 11
-51.49120806428459
 21
-15.865367694464378
 31
0.0
  0
LINE
  5
46F
330
17
100
AcDbEntity
  8
ENGRAVE_LOG
100
AcDbLine
 10
-50.31734696866473
 20
-14.910231186504333
 30
0.0
 11
-50.988500605822985
 21
-15.109110032360908
 31
0.0
  0
LINE
  5
470
330
17
100
AcDbEntity
  8
ENGRAVE_LOG
100
AcDbLine
 10
-50.988500605822985
 20
-15.109110032360908
 30
0.0
 11
-51.65965424298125
 21
-15.307988878217484
 31
0.0
  0
LINE
  5
471
330
17
100
AcDbEntity
  8
ENGRAVE_LOG
100
AcDbLine
 10
-50.47492731070458
 20
-14.367745577476262
 30
0.0
 11
-51.14818281980316
 21
-14.559388525346563
 31
0.0
  0
LINE
  5
472
330
17
100
AcDbEntity
  8
ENGRAVE_LOG
100
AcDbLine
 10
-51.14818281980316
 20
-14.559388525346563
 30
0.0
 11
-51.821438328901735
 21
-14.751031473216864
 31
0.0
  0
LINE
  5
473
330
17
100
AcDbEntity
  8
ENGRAVE_LOG
100
AcDbLine
 10
-49.9508028440098
 20
-13.641323075085591
 30
0.0
 11
-51.30134598772578
 21
-14.010149886694704
 31
0.0
  0
LINE
  5
474
330
17
100
AcDbEntity
  8
ENGRAVE_LOG
100
AcDbLine
 10
-51.30134598772578
 20
-14.010149886694704
 30
0.0
 11
-52.65188913144177
 21
-14.378976698303815
 31
0.0
  0
TEXT
  5
475
330
17
100
AcDbEntity
  8
ENGRAVE_TEXT
100
AcDbText
 10
-48.966835696445294
 20
-13.372606398056094
 30
0.0
 40
3.8
  1
5.1
 50
-254.7252633952571
 72
1
 11
-48.966835696445294
 21
-13.372606398056094
 31
0.0
100
AcDbText
 73
2
  0
TEXT
  5
476
330
17
100
AcDbEntity
  8
ENGRAVE_TEXT
100
AcDbText
 10
-53.635856279006276
 20
-14.647693375333311
 30
0.0
 40
3.8
  1
5.1
 50
-254.7252633952571
 72
1
 11
-53.635856279006276
 21
-14.647693375333311
 31
0.0
100
AcDbText
 73
2
  0
LINE
  5
477
330
17
100
AcDbEntity
  8
ENGRAVE_LOG
100
AcDbLine
 10
-50.77084407794053
 20
-13.284268576532577
 30
0.0
 11
-51.4480466475777
 21
-13.46145965891773
 31
0.0
  0
LINE
  5
478
330
17
100
AcDbEntity
  8
ENGRAVE_LOG
100
AcDbLine
 10
-51.4480466475777
 20
-13.46145965891773
 30
0.0
 11
-52.125249217214865
 21
-13.638650741302884
 31
0.0
  0
LINE
  5
479
330
17
100
AcDbEntity
  8
ENGRAVE_LOG
100
AcDbLine
 10
-50.90929211904455
 20
-12.743405193973386
 30
0.0
 11
-51.588341366059254
 21
-12.913382016301538
 31
0.0
  0
LINE
  5
47A
330
17
100
AcDbEntity
  8
ENGRAVE_LOG
100
AcDbLine
 10
-51.588341366059254
 20
-12.913382016301538
 30
0.0
 11
-52.26739061307395
 21
-13.083358838629689
 31
0.0
  0
LINE
  5
47B
330
17
100
AcDbEntity
  8
ENGRAVE_LOG
100
AcDbLine
 10
-51.04147437499866
 20
-12.203208333317727
 30
0.0
 11
-51.72228672375054
 21
-12.365979785934389
 31
0.0
  0
LINE
  5
47C
330
17
100
AcDbEntity
  8
ENGRAVE_LOG
100
AcDbLine
 10
-51.72228672375054
 20
-12.365979785934389
 30
0.0
 11
-52.403099072502435
 21
-12.528751238551052
 31
0.0
  0
LINE
  5
47D
330
17
100
AcDbEntity
  8
ENGRAVE_LOG
100
AcDbLine
 10
-51.16744668118102
 20
-11.663738685708699
 30
0.0
 11
-51.84993930078519
 21
-11.819314468483016
 31
0.0
  0
LINE
  5
47E
330
17
100
AcDbEntity
  8
ENGRAVE_LOG
100
AcDbLine
 10
-51.84993930078519
 20
-11.819314468483016
 30
0.0
 11
-52.53243192038936
 21
-11.974890251257333
 31
0.0
  0
LINE
  5
47F
330
17
100
AcDbEntity
  8
ENGRAVE_LOG
100
AcDbLine
 10
-50.60317405473928
 20
-10.97666504844535
 30
0.0
 11
-51.97135566301728
 21
-11.273446258716177
 31
0.0
  0
LINE
  5
480
330
17
100
AcDbEntity
  8
ENGRAVE_LOG
100
AcDbLine
 10
-51.97135566301728
 20
-11.273446258716177
 30
0.0
 11
-53.33953727129528
 21
-11.570227468987005
 31
0.0
  0
TEXT
  5
481
330
17
100
AcDbEntity
  8
ENGRAVE_TEXT
100
AcDbText
 10
-49.606356025851014
 20
-10.760438738105174
 30
0.0
 40
3.8
  1
5.2
 50
-257.7612037085277
 72
1
 11
-49.606356025851014
 21
-10.760438738105174
 31
0.0
100
AcDbText
 73
2
  0
TEXT
  5
482
330
17
100
AcDbEntity
  8
ENGRAVE_TEXT
100
AcDbText
 10
-54.33635530018354
 20
-11.78645377932718
 30
0.0
 40
3.8
  1
5.2
 50
-257.7612037085277
 72
1
 11
-54.33635530018354
 21
-11.78645377932718
 31
0.0
100
AcDbText
 73
2
  0
LINE
  5
483
330
17
100
AcDbEntity
  8
ENGRAVE_LOG
100
AcDbLine
 10
-51.40098470210743
 20
-10.58721737066532
 30
0.0
 11
-52.08659234866755
 21
-10.72843406577709
 31
0.0
  0
LINE
  5
484
330
17
100
AcDbEntity
  8
ENGRAVE_LOG
100
AcDbLine
 10
-52.08659234866755
 20
-10.72843406577709
 30
0.0
 11
-52.77219999522768
 21
-10.869650760888861
 31
0.0
  0
LINE
  5
485
330
17
100
AcDbEntity
  8
ENGRAVE_LOG
100
AcDbLine
 10
-51.50866196489729
 20
-10.050280721748182
 30
0.0
 11
-52.19570585543518
 21
-10.184335533204429
 31
0.0
  0
LINE
  5
486
330
17
100
AcDbEntity
  8
ENGRAVE_LOG
100
AcDbLine
 10
-52.19570585543518
 20
-10.184335533204429
 30
0.0
 11
-52.88274974597306
 21
-10.318390344660674
 31
0.0
  0
LINE
  5
487
330
17
100
AcDbEntity
  8
ENGRAVE_LOG
100
AcDbLine
 10
-51.61035234901605
 20
-9.514301362181726
 30
0.0
 11
-52.298752628061614
 21
-9.64120705870473
 31
0.0
  0
LINE
  5
488
330
17
100
AcDbEntity
  8
ENGRAVE_LOG
100
AcDbLine
 10
-52.298752628061614
 20
-9.64120705870473
 30
0.0
 11
-52.98715290710718
 21
-9.768112755227733
 31
0.0
  0
LINE
  5
489
330
17
100
AcDbEntity
  8
ENGRAVE_LOG
100
AcDbLine
 10
-51.70611149213284
 20
-8.979333737150437
 30
0.0
 11
-52.39578904633431
 21
-9.09910381367493
 31
0.0
  0
LINE
  5
48A
330
17
100
AcDbEntity
  8
ENGRAVE_LOG
100
AcDbLine
 10
-52.39578904633431
 20
-9.09910381367493
 30
0.0
 11
-53.08546660053578
 21
-9.21887389019942
 31
0.0
  0
LINE
  5
48B
330
17
100
AcDbEntity
  8
ENGRAVE_LOG
100
AcDbLine
 10
-51.105118499283705
 20
-8.332782438907797
 30
0.0
 11
-52.486871413516944
 21
-8.558079762478112
 31
0.0
  0
LINE
  5
48C
330
17
100
AcDbEntity
  8
ENGRAVE_LOG
100
AcDbLine
 10
-52.486871413516944
 20
-8.558079762478112
 30
0.0
 11
-53.86862432775018
 21
-8.783377086048427
 31
0.0
  0
TEXT
  5
48D
330
17
100
AcDbEntity
  8
ENGRAVE_TEXT
100
AcDbText
 10
-50.098412804628055
 20
-8.168637246020852
 30
0.0
 40
3.8
  1
5.3
 50
-260.73931305628406
 72
1
 11
-50.098412804628055
 21
-8.168637246020852
 31
0.0
100
AcDbText
 73
2
  0
TEXT
  5
48E
330
17
100
AcDbEntity
  8
ENGRAVE_TEXT
100
AcDbText
 10
-54.875330022405834
 20
-8.94752227893537
 30
0.0
 40
3.8
  1
5.3
 50
-260.73931305628406
 72
1
 11
-54.875330022405834
 21
-8.94752227893537
 31
0.0
100
AcDbText
 73
2
  0
LINE
  5
48F
330
17
100
AcDbEntity
  8
ENGRAVE_LOG
100
AcDbLine
 10
-51.8800582174467
 20
-7.912645534480898
 30
0.0
 11
-52.57205594519466
 21
-8.018187681472831
 31
0.0
  0
LINE
  5
490
330
17
100
AcDbEntity
  8
ENGRAVE_LOG
100
AcDbLine
 10
-52.57205594519466
 20
-8.018187681472831
 30
0.0
 11
-53.264053672942616
 21
-8.123729828464764
 31
0.0
  0
LINE
  5
491
330
17
100
AcDbEntity
  8
ENGRAVE_LOG
100
AcDbLine
 10
-51.958356653765236
 20
-7.381027966356015
 30
0.0
 11
-52.651398758522014
 21
-7.4794791777975025
 31
0.0
  0
LINE
  5
492
330
17
100
AcDbEntity
  8
ENGRAVE_LOG
100
AcDbLine
 10
-52.651398758522014
 20
-7.4794791777975025
 30
0.0
 11
-53.3444408632788
 21
-7.577930389238989
 31
0.0
  0
LINE
  5
493
330
17
100
AcDbEntity
  8
ENGRAVE_LOG
100
AcDbLine
 10
-52.03094553648999
 20
-6.850628188627133
 30
0.0
 11
-52.72495586186238
 21
-6.942004707911413
 31
0.0
  0
LINE
  5
494
330
17
100
AcDbEntity
  8
ENGRAVE_LOG
100
AcDbLine
 10
-52.72495586186238
 20
-6.942004707911413
 30
0.0
 11
-53.41896618723477
 21
-7.033381227195693
 31
0.0
  0
LINE
  5
495
330
17
100
AcDbEntity
  8
ENGRAVE_LOG
100
AcDbLine
 10
-52.097880019546714
 20
-6.321494876128211
 30
0.0
 11
-52.79278314480744
 21
-6.405813595893641
 31
0.0
  0
LINE
  5
496
330
17
100
AcDbEntity
  8
ENGRAVE_LOG
100
AcDbLine
 10
-52.79278314480744
 20
-6.405813595893641
 30
0.0
 11
-53.48768627006816
 21
-6.490132315659071
 31
0.0
  0
LINE
  5
497
330
17
100
AcDbEntity
  8
ENGRAVE_LOG
100
AcDbLine
 10
-51.46349389177024
 20
-5.716397156577462
 30
0.0
 11
-52.85493636856588
 21
-5.870954051502306
 31
0.0
  0
LINE
  5
498
330
17
100
AcDbEntity
  8
ENGRAVE_LOG
100
AcDbLine
 10
-52.85493636856588
 20
-5.870954051502306
 30
0.0
 11
-54.24637884536153
 21
-6.025510946427151
 31
0.0
  0
TEXT
  5
499
330
17
100
AcDbEntity
  8
ENGRAVE_TEXT
100
AcDbText
 10
-50.44972865867627
 20
-5.6037914188465034
 30
0.0
 40
3.8
  1
5.4
 50
-263.66175353626863
 72
1
 11
-50.44972865867627
 21
-5.6037914188465034
 31
0.0
100
AcDbText
 73
2
  0
TEXT
  5
49A
330
17
100
AcDbEntity
  8
ENGRAVE_TEXT
100
AcDbText
 10
-55.2601440784555
 20
-6.138116684158109
 30
0.0
 40
3.8
  1
5.4
 50
-263.66175353626863
 72
1
 11
-55.2601440784555
 21
-6.138116684158109
 31
0.0
100
AcDbText
 73
2
  0
LINE
  5
49B
330
17
100
AcDbEntity
  8
ENGRAVE_LOG
100
AcDbLine
 10
-52.21500575976281
 20
-5.267216865474268
 30
0.0
 11
-52.91147115671087
 21
-5.337473187993932
 31
0.0
  0
LINE
  5
49C
330
17
100
AcDbEntity
  8
ENGRAVE_LOG
100
AcDbLine
 10
-52.91147115671087
 20
-5.337473187993932
 30
0.0
 11
-53.607936553658924
 21
-5.4077295105135965
 31
0.0
  0
LINE
  5
49D
330
17
100
AcDbEntity
  8
ENGRAVE_LOG
100
AcDbLine
 10
-52.265306655128654
 20
-4.742164088827381
 30
0.0
 11
-52.96244298627557
 21
-4.8054170397073195
 31
0.0
  0
LINE
  5
49E
330
17
100
AcDbEntity
  8
ENGRAVE_LOG
100
AcDbLine
 10
-52.96244298627557
 20
-4.8054170397073195
 30
0.0
 11
-53.65957931742249
 21
-4.868669990587258
 31
0.0
  0
LINE
  5
49F
330
17
100
AcDbEntity
  8
ENGRAVE_LOG
100
AcDbLine
 10
-52.31017240999901
 20
-4.218561654898244
 30
0.0
 11
-53.007907179187264
 21
-4.274830579410987
 31
0.0
  0
LINE
  5
4A0
330
17
100
AcDbEntity
  8
ENGRAVE_LOG
100
AcDbLine
 10
-53.007907179187264
 20
-4.274830579410987
 30
0.0
 11
-53.705641948375515
 21
-4.331099503923731
 31
0.0
  0
LINE
  5
4A1
330
17
100
AcDbEntity
  8
ENGRAVE_LOG
100
AcDbLine
 10
-52.34965745691386
 20
-3.6964529137786606
 30
0.0
 11
-53.04791889402971
 21
-3.745757735418239
 31
0.0
  0
LINE
  5
4A2
330
17
100
AcDbEntity
  8
ENGRAVE_LOG
100
AcDbLine
 10
-53.04791889402971
 20
-3.745757735418239
 30
0.0
 11
-53.74618033114557
 21
-3.7950625570578174
 31
0.0
  0
LINE
  5
4A3
330
17
100
AcDbEntity
  8
ENGRAVE_LOG
100
AcDbLine
 10
-51.68509900068633
 20
-3.133518994557569
 30
0.0
 11
-53.082533118124736
 21
-3.2182414084699023
 31
0.0
  0
LINE
  5
4A4
330
17
100
AcDbEntity
  8
ENGRAVE_LOG
100
AcDbLine
 10
-53.082533118124736
 20
-3.2182414084699023
 30
0.0
 11
-54.479967235563144
 21
-3.302963822382235
 31
0.0
  0
TEXT
  5
4A5
330
17
100
AcDbEntity
  8
ENGRAVE_TEXT
100
AcDbText
 10
-50.66696842940977
 20
-3.071792664421441
 30
0.0
 40
3.8
  1
5.5
 50
-266.5305682179278
 72
1
 11
-50.66696842940977
 21
-3.071792664421441
 31
0.0
100
AcDbText
 73
2
  0
TEXT
  5
4A6
330
17
100
AcDbEntity
  8
ENGRAVE_TEXT
100
AcDbText
 10
-55.49809780683971
 20
-3.3646901525183632
 30
0.0
 40
3.8
  1
5.5
 50
-266.5305682179278
 72
1
 11
-55.49809780683971
 21
-3.3646901525183632
 31
0.0
100
AcDbText
 73
2
  0
LINE
  5
4A7
330
17
100
AcDbEntity
  8
ENGRAVE_LOG
100
AcDbLine
 10
-52.412702304490125
 20
-2.656884856536924
 30
0.0
 11
-53.11180465992349
 21
-2.692323488388598
 31
0.0
  0
LINE
  5
4A8
330
17
100
AcDbEntity
  8
ENGRAVE_LOG
100
AcDbLine
 10
-53.11180465992349
 20
-2.692323488388598
 30
0.0
 11
-53.81090701535687
 21
-2.727762120240272
 31
0.0
  0
LINE
  5
4A9
330
17
100
AcDbEntity
  8
ENGRAVE_LOG
100
AcDbLine
 10
-52.43637009545588
 20
-2.1395072358792566
 30
0.0
 11
-53.135788141698626
 21
-2.1680448705041706
 31
0.0
  0
LINE
  5
4AA
330
17
100
AcDbEntity
  8
ENGRAVE_LOG
100
AcDbLine
 10
-53.135788141698626
 20
-2.1680448705041706
 30
0.0
 11
-53.83520618794137
 21
-2.1965825051290846
 31
0.0
  0
LINE
  5
4AB
330
17
100
AcDbEntity
  8
ENGRAVE_LOG
100
AcDbLine
 10
-52.45487314493971
 20
-1.6237867311573946
 30
0.0
 11
-53.15453799252847
 21
-1.6454454718549971
 31
0.0
  0
LINE
  5
4AC
330
17
100
AcDbEntity
  8
ENGRAVE_LOG
100
AcDbLine
 10
-53.15453799252847
 20
-1.6454454718549971
 30
0.0
 11
-53.854202840117225
 21
-1.6671042125525997
 31
0.0
  0
LINE
  5
4AD
330
17
100
AcDbEntity
  8
ENGRAVE_LOG
100
AcDbLine
 10
-52.46826496828362
 20
-1.1097617843399488
 30
0.0
 11
-53.16810844156485
 21
-1.1245642471646051
 31
0.0
  0
LINE
  5
4AE
330
17
100
AcDbEntity
  8
ENGRAVE_LOG
100
AcDbLine
 10
-53.16810844156485
 20
-1.1245642471646051
 30
0.0
 11
-53.867951914846074
 21
-1.1393667099892617
 31
0.0
  0
LINE
  5
4AF
330
17
100
AcDbEntity
  8
ENGRAVE_LOG
100
AcDbLine
 10
-51.77664424274954
 20
-0.5895006019940989
 30
0.0
 11
-53.176553511576294
 21
-0.6054392045972611
 31
0.0
  0
LINE
  5
4B0
330
17
100
AcDbEntity
  8
ENGRAVE_LOG
100
AcDbLine
 10
-53.176553511576294
 20
-0.6054392045972611
 30
0.0
 11
-54.57646278040304
 21
-0.6213778072004232
 31
0.0
  0
TEXT
  5
4B1
330
17
100
AcDbEntity
  8
ENGRAVE_TEXT
100
AcDbText
 10
-50.756710346890046
 20
-0.5778881915260806
 30
0.0
 40
3.8
  1
5.6
 50
-269.3476897222322
 72
1
 11
-50.756710346890046
 21
-0.5778881915260806
 31
0.0
100
AcDbText
 73
2
  0
TEXT
  5
4B2
330
17
100
AcDbEntity
  8
ENGRAVE_TEXT
100
AcDbText
 10
-55.59639667626254
 20
-0.6329902176684414
 30
0.0
 40
3.8
  1
5.6
 50
-269.3476897222322
 72
1
 11
-55.59639667626254
 21
-0.6329902176684414
 31
0.0
100
AcDbText
 73
2
  0
LINE
  5
4B3
330
17
100
AcDbEntity
  8
ENGRAVE_LOG
100
AcDbLine
 10
-52.479927973478034
 20
-0.08694767712576487
 30
0.0
 11
-53.17992701275843
 21
-0.08810742129474422
 31
0.0
  0
LINE
  5
4B4
330
17
100
AcDbEntity
  8
ENGRAVE_LOG
100
AcDbLine
 10
-53.17992701275843
 20
-0.08810742129474422
 30
0.0
 11
-53.87992605203881
 21
-0.08926716546372356
 31
0.0
  0
LINE
  5
4B5
330
17
100
AcDbEntity
  8
ENGRAVE_LOG
100
AcDbLine
 10
-52.478305143502645
 20
0.4217692087195924
 30
0.0
 11
-53.17828253680394
 21
0.4273949413054101
 31
0.0
  0
LINE
  5
4B6
330
17
100
AcDbEntity
  8
ENGRAVE_LOG
100
AcDbLine
 10
-53.17828253680394
 20
0.4273949413054101
 30
0.0
 11
-53.87825993010523
 21
0.4330206738912279
 31
0.0
  0
LINE
  5
4B7
330
17
100
AcDbEntity
  8
ENGRAVE_LOG
100
AcDbLine
 10
-52.47178305228014
 20
0.9286459575350792
 30
0.0
 11
-53.17167345122443
 21
0.941032622365006
 31
0.0
  0
LINE
  5
4B8
330
17
100
AcDbEntity
  8
ENGRAVE_LOG
100
AcDbLine
 10
-53.17167345122443
 20
0.941032622365006
 30
0.0
 11
-53.87156385016871
 21
0.9534192871949327
 31
0.0
  0
LINE
  5
4B9
330
17
100
AcDbEntity
  8
ENGRAVE_LOG
100
AcDbLine
 10
-52.460414138261555
 20
1.433648646665841
 30
0.0
 11
-53.160152893916724
 21
1.4527712467547529
 31
0.0
  0
LINE
  5
4BA
330
17
100
AcDbEntity
  8
ENGRAVE_LOG
100
AcDbLine
 10
-53.160152893916724
 20
1.4527712467547529
 30
0.0
 11
-53.85989164957189
 21
1.4718938468436646
 31
0.0
  0
LINE
  5
4BB
330
17
100
AcDbEntity
  8
ENGRAVE_LOG
100
AcDbLine
 10
-51.744727448388616
 20
1.910911115666584
 30
0.0
 11
-53.14377376796652
 21
1.9625773103736757
 31
0.0
  0
LINE
  5
4BC
330
17
100
AcDbEntity
  8
ENGRAVE_LOG
100
AcDbLine
 10
-53.14377376796652
 20
1.9625773103736757
 30
0.0
 11
-54.54282008754443
 21
2.0142435050807674
 31
0.0
  0
TEXT
  5
4BD
330
17
100
AcDbEntity
  8
ENGRAVE_TEXT
100
AcDbText
 10
-50.725422272696136
 20
1.8732686023799883
 30
0.0
 40
3.8
  1
5.7
 50
-272.1149480420969
 72
1
 11
-50.725422272696136
 21
1.8732686023799883
 31
0.0
100
AcDbText
 73
2
  0
TEXT
  5
4BE
330
17
100
AcDbEntity
  8
ENGRAVE_TEXT
100
AcDbText
 10
-55.56212526323691
 20
2.0518860183673633
 30
0.0
 40
3.8
  1
5.7
 50
-272.1149480420969
 72
1
 11
-55.56212526323691
 21
2.0518860183673633
 31
0.0
100
AcDbText
 73
2
  0
LINE
  5
4BF
330
17
100
AcDbEntity
  8
ENGRAVE_LOG
100
AcDbLine
 10
-52.42334443213783
 20
2.4379004387880174
 30
0.0
 11
-53.12258873668236
 21
2.4704181656773394
 31
0.0
  0
LINE
  5
4C0
330
17
100
AcDbEntity
  8
ENGRAVE_LOG
100
AcDbLine
 10
-53.12258873668236
 20
2.4704181656773394
 30
0.0
 11
-53.82183304122688
 21
2.5029358925666614
 31
0.0
  0
LINE
  5
4C1
330
17
100
AcDbEntity
  8
ENGRAVE_LOG
100
AcDbLine
 10
-52.397747338950936
 20
2.93708593736376
 30
0.0
 11
-53.09665021885311
 21
2.9762620074124384
 31
0.0
  0
LINE
  5
4C2
330
17
100
AcDbEntity
  8
ENGRAVE_LOG
100
AcDbLine
 10
-53.09665021885311
 20
2.9762620074124384
 30
0.0
 11
-53.79555309875527
 21
3.0154380774611167
 31
0.0
  0
LINE
  5
4C3
330
17
100
AcDbEntity
  8
ENGRAVE_LOG
100
AcDbLine
 10
-52.36751081165829
 20
3.4342701394694113
 30
0.0
 11
-53.06601038422234
 21
3.480077858555322
 31
0.0
  0
LINE
  5
4C4
330
17
100
AcDbEntity
  8
ENGRAVE_LOG
100
AcDbLine
 10
-53.06601038422234
 20
3.480077858555322
 30
0.0
 11
-53.76450995678638
 21
3.5258855776412332
 31
0.0
  0
LINE
  5
4C5
330
17
100
AcDbEntity
  8
ENGRAVE_LOG
100
AcDbLine
 10
-52.33268608327588
 20
3.9294232794778923
 30
0.0
 11
-53.03072114917324
 21
3.9818355564526358
 31
0.0
  0
LINE
  5
4C6
330
17
100
AcDbEntity
  8
ENGRAVE_LOG
100
AcDbLine
 10
-53.03072114917324
 20
3.9818355564526358
 30
0.0
 11
-53.72875621507059
 21
4.034247833427379
 31
0.0
  0
LINE
  5
4C7
330
17
100
AcDbEntity
  8
ENGRAVE_LOG
100
AcDbLine
 10
-51.59581409285712
 20
4.363527024704558
 30
0.0
 11
-52.990834172617646
 21
4.481505739161614
 31
0.0
  0
LINE
  5
4C8
330
17
100
AcDbEntity
  8
ENGRAVE_LOG
100
AcDbLine
 10
-52.990834172617646
 20
4.481505739161614
 30
0.0
 11
-54.38585425237817
 21
4.59948445361867
 31
0.0
  0
TEXT
  5
4C9
330
17
100
AcDbEntity
  8
ENGRAVE_TEXT
100
AcDbText
 10
-50.57944232046016
 20
4.277571104171559
 30
0.0
 40
3.8
  1
5.8
 50
-274.83407768265744
 72
1
 11
-50.57944232046016
 21
4.277571104171559
 31
0.0
100
AcDbText
 73
2
  0
TEXT
  5
4CA
330
17
100
AcDbEntity
  8
ENGRAVE_TEXT
100
AcDbText
 10
-55.402226024775125
 20
4.685440374151669
 30
0.0
 40
3.8
  1
5.8
 50
-274.83407768265744
 72
1
 11
-55.402226024775125
 21
4.685440374151669
 31
0.0
100
AcDbText
 73
2
  0
LINE
  5
4CB
330
17
100
AcDbEntity
  8
ENGRAVE_LOG
100
AcDbLine
 10
-52.24947568103295
 20
4.9135212482644475
 30
0.0
 11
-52.946400852083315
 21
4.979059831987487
 31
0.0
  0
LINE
  5
4CC
330
17
100
AcDbEntity
  8
ENGRAVE_LOG
100
AcDbLine
 10
-52.946400852083315
 20
4.979059831987487
 30
0.0
 11
-53.64332602313368
 21
5.044598415710527
 31
0.0
  0
LINE
  5
4CD
330
17
100
AcDbEntity
  8
ENGRAVE_LOG
100
AcDbLine
 10
-52.20119118753765
 20
5.402410443694648
 30
0.0
 11
-52.897472319993376
 21
5.474470034216489
 31
0.0
  0
LINE
  5
4CE
330
17
100
AcDbEntity
  8
ENGRAVE_LOG
100
AcDbLine
 10
-52.897472319993376
 20
5.474470034216489
 30
0.0
 11
-53.5937534524491
 21
5.546529624738332
 31
0.0
  0
LINE
  5
4CF
330
17
100
AcDbEntity
  8
ENGRAVE_LOG
100
AcDbLine
 10
-52.148520846523866
 20
5.8891572843374895
 30
0.0
 11
-52.844099440132226
 21
5.967709306041686
 31
0.0
  0
LINE
  5
4D0
330
17
100
AcDbEntity
  8
ENGRAVE_LOG
100
AcDbLine
 10
-52.844099440132226
 20
5.967709306041686
 30
0.0
 11
-53.53967803374059
 21
6.046261327745884
 31
0.0
  0
LINE
  5
4D1
330
17
100
AcDbEntity
  8
ENGRAVE_LOG
100
AcDbLine
 10
-52.09151458385228
 20
6.373735824483573
 30
0.0
 11
-52.786332804292385
 21
6.4587513556790475
 31
0.0
  0
LINE
  5
4D2
330
17
100
AcDbEntity
  8
ENGRAVE_LOG
100
AcDbLine
 10
-52.786332804292385
 20
6.4587513556790475
 30
0.0
 11
-53.48115102473249
 21
6.543766886874522
 31
0.0
  0
LINE
  5
4D3
330
17
100
AcDbEntity
  8
ENGRAVE_LOG
100
AcDbLine
 10
-51.336221378575075
 20
6.764671061473103
 30
0.0
 11
-52.7242227290966
 21
6.947570626673225
 31
0.0
  0
LINE
  5
4D4
330
17
100
AcDbEntity
  8
ENGRAVE_LOG
100
AcDbLine
 10
-52.7242227290966
 20
6.947570626673225
 30
0.0
 11
-54.11222407961814
 21
7.130470191873347
 31
0.0
  0
TEXT
  5
4D5
330
17
100
AcDbEntity
  8
ENGRAVE_TEXT
100
AcDbText
 10
-50.32496325176652
 20
6.631415663970156
 30
0.0
 40
3.8
  1
5.9
 50
-277.50672419117194
 72
1
 11
-50.32496325176652
 21
6.631415663970156
 31
0.0
100
AcDbText
 73
2
  0
TEXT
  5
4D6
330
17
100
AcDbEntity
  8
ENGRAVE_TEXT
100
AcDbText
 10
-55.123482206426694
 20
7.263725589376294
 30
0.0
 40
3.8
  1
5.9
 50
-277.50672419117194
 72
1
 11
-55.123482206426694
 21
7.263725589376294
 31
0.0
100
AcDbText
 73
2
  0
LINE
  5
4D7
330
17
100
AcDbEntity
  8
ENGRAVE_LOG
100
AcDbLine
 10
-51.964692636271835
 20
7.336287836351227
 30
0.0
 11
-52.65781925299041
 21
7.434142285387924
 31
0.0
  0
LINE
  5
4D8
330
17
100
AcDbEntity
  8
ENGRAVE_LOG
100
AcDbLine
 10
-52.65781925299041
 20
7.434142285387924
 30
0.0
 11
-53.35094586970897
 21
7.531996734424622
 31
0.0
  0
LINE
  5
4D9
330
17
100
AcDbEntity
  8
ENGRAVE_LOG
100
AcDbLine
 10
-51.89497543363661
 20
7.814212995705505
 30
0.0
 11
-52.58717213339929
 21
7.9184422086817605
 31
0.0
  0
LINE
  5
4DA
330
17
100
AcDbEntity
  8
ENGRAVE_LOG
100
AcDbLine
 10
-52.58717213339929
 20
7.9184422086817605
 30
0.0
 11
-53.27936883316198
 21
8.022671421658016
 31
0.0
  0
LINE
  5
4DB
330
17
100
AcDbEntity
  8
ENGRAVE_LOG
100
AcDbLine
 10
-51.82111926843818
 20
8.289873205683222
 30
0.0
 11
-52.51233084404617
 21
8.400446971765124
 31
0.0
  0
LINE
  5
4DC
330
17
100
AcDbEntity
  8
ENGRAVE_LOG
100
AcDbLine
 10
-52.51233084404617
 20
8.400446971765124
 30
0.0
 11
-53.20354241965415
 21
8.511020737847028
 31
0.0
  0
LINE
  5
4DD
330
17
100
AcDbEntity
  8
ENGRAVE_LOG
100
AcDbLine
 10
-51.74317268072207
 20
8.763246027185222
 30
0.0
 11
-52.43334457242377
 21
8.880133836236855
 31
0.0
  0
LINE
  5
4DE
330
17
100
AcDbEntity
  8
ENGRAVE_LOG
100
AcDbLine
 10
-52.43334457242377
 20
8.880133836236855
 30
0.0
 11
-53.12351646412548
 21
8.997021645288488
 31
0.0
  0
LINE
  5
4DF
330
17
100
AcDbEntity
  8
ENGRAVE_LOG
100
AcDbLine
 10
-50.97210563403316
 20
9.111138635371827
 30
0.0
 11
-52.3502622174176
 21
9.357480738298063
 31
0.0
  0
LINE
  5
4E0
330
17
100
AcDbEntity
  8
ENGRAVE_LOG
100
AcDbLine
 10
-52.3502622174176
 20
9.357480738298063
 30
0.0
 11
-53.72841880080204
 21
9.6038228412243
 31
0.0
  0
TEXT
  5
4E1
330
17
100
AcDbEntity
  8
ENGRAVE_TEXT
100
AcDbText
 10
-49.96802012328163
 20
8.931660817525566
 30
0.0
 40
3.8
  1
6
 50
-280.13445013811173
 72
1
 11
-49.96802012328163
 21
8.931660817525566
 31
0.0
100
AcDbText
 73
2
  0
TEXT
  5
4E2
330
17
100
AcDbEntity
  8
ENGRAVE_TEXT
100
AcDbText
 10
-54.73250431155357
 20
9.783300659070559
 30
0.0
 40
3.8
  1
6
 50
-280.13445013811173
 72
1
 11
-54.73250431155357
 21
9.783300659070559
 31
0.0
100
AcDbText
 73
2
  0
LINE
  5
4E3
330
17
100
AcDbEntity
  8
ENGRAVE_LOG
100
AcDbLine
 10
-51.43884163600144
 20
10.401729238274005
 30
0.0
 11
-52.12495423404262
 21
10.540471815766226
 31
0.0
  0
LINE
  5
4E4
330
17
100
AcDbEntity
  8
ENGRAVE_LOG
100
AcDbLine
 10
-52.12495423404262
 20
10.540471815766226
 30
0.0
 11
-52.8110668320838
 21
10.67921439325845
 31
0.0
  0
LINE
  5
4E5
330
17
100
AcDbEntity
  8
ENGRAVE_LOG
100
AcDbLine
 10
-50.78258208736038
 20
11.461804244555251
 30
0.0
 11
-51.87510018067278
 21
11.708389353158822
 31
0.0
  0
LINE
  5
4E6
330
17
100
AcDbEntity
  8
ENGRAVE_LOG
100
AcDbLine
 10
-51.87510018067278
 20
11.708389353158822
 30
0.0
 11
-52.967618273985174
 21
11.954974461762392
 31
0.0
  0
LINE
  5
4E7
330
17
100
AcDbEntity
  8
ENGRAVE_LOG
100
AcDbLine
 10
-50.92221822902588
 20
12.691654369524235
 30
0.0
 11
-51.601439889855115
 21
12.860940917898224
 31
0.0
  0
LINE
  5
4E8
330
17
100
AcDbEntity
  8
ENGRAVE_LOG
100
AcDbLine
 10
-51.601439889855115
 20
12.860940917898224
 30
0.0
 11
-52.28066155068435
 21
13.030227466272216
 31
0.0
  0
LINE
  5
4E9
330
17
100
AcDbEntity
  8
ENGRAVE_LOG
100
AcDbLine
 10
-50.22419624208529
 20
13.703054835930045
 30
0.0
 11
-51.30470142439677
 21
13.997857398669993
 31
0.0
  0
LINE
  5
4EA
330
17
100
AcDbEntity
  8
ENGRAVE_LOG
100
AcDbLine
 10
-51.30470142439677
 20
13.997857398669993
 30
0.0
 11
-52.38520660670824
 21
14.292659961409939
 31
0.0
  0
LINE
  5
4EB
330
17
100
AcDbEntity
  8
ENGRAVE_LOG
100
AcDbLine
 10
-50.31448548595116
 20
14.919884392447873
 30
0.0
 11
-50.985600955466516
 21
15.118891996767873
 31
0.0
  0
LINE
  5
4EC
330
17
100
AcDbEntity
  8
ENGRAVE_LOG
100
AcDbLine
 10
-50.985600955466516
 20
15.118891996767873
 30
0.0
 11
-51.65671642498187
 21
15.317899601087872
 31
0.0
  0
LINE
  5
4ED
330
17
100
AcDbEntity
  8
ENGRAVE_LOG
100
AcDbLine
 10
-49.57823447250412
 20
15.882136713597573
 30
0.0
 11
-50.64484266707202
 21
16.22381925526544
 31
0.0
  0
LINE
  5
4EE
330
17
100
AcDbEntity
  8
ENGRAVE_LOG
100
AcDbLine
 10
-50.64484266707202
 20
16.22381925526544
 30
0.0
 11
-51.71145086163991
 21
16.565501796933308
 31
0.0
  0
LINE
  5
4EF
330
17
100
AcDbEntity
  8
ENGRAVE_LOG
100
AcDbLine
 10
-49.621249879304294
 20
17.084553269419803
 30
0.0
 11
-50.28311868485905
 21
17.312434124766487
 31
0.0
  0
LINE
  5
4F0
330
17
100
AcDbEntity
  8
ENGRAVE_LOG
100
AcDbLine
 10
-50.28311868485905
 20
17.312434124766487
 30
0.0
 11
-50.944987490413794
 21
17.54031498011317
 31
0.0
  0
LINE
  5
4F1
330
17
100
AcDbEntity
  8
ENGRAVE_LOG
100
AcDbLine
 10
-48.85016427157196
 20
17.997362324530627
 30
0.0
 11
-49.90110902731842
 21
18.384551064512845
 31
0.0
  0
LINE
  5
4F2
330
17
100
AcDbEntity
  8
ENGRAVE_LOG
100
AcDbLine
 10
-49.90110902731842
 20
18.384551064512845
 30
0.0
 11
-50.952053783064876
 21
18.771739804495063
 31
0.0
  0
LINE
  5
4F3
330
17
100
AcDbEntity
  8
ENGRAVE_LOG
100
AcDbLine
 10
-48.84792766440945
 20
19.184117464523155
 30
0.0
 11
-49.49948157761613
 21
19.440003177655132
 31
0.0
  0
LINE
  5
4F4
330
17
100
AcDbEntity
  8
ENGRAVE_LOG
100
AcDbLine
 10
-49.49948157761613
 20
19.440003177655132
 30
0.0
 11
-50.151035490822814
 21
19.695888890787113
 31
0.0
  0
LINE
  5
4F5
330
17
100
AcDbEntity
  8
ENGRAVE_LOG
100
AcDbLine
 10
-47.78685655531373
 20
19.939527089724802
 30
0.0
 11
-49.07889207438363
 21
20.478641379520372
 31
0.0
  0
LINE
  5
4F6
330
17
100
AcDbEntity
  8
ENGRAVE_LOG
100
AcDbLine
 10
-49.07889207438363
 20
20.478641379520372
 30
0.0
 11
-50.37092759345352
 21
21.017755669315942
 31
0.0
  0
TEXT
  5
4F7
330
17
100
AcDbEntity
  8
ENGRAVE_TEXT
100
AcDbText
 10
-46.84551639141995
 20
19.54674382144517
 30
0.0
 40
3.8
  1
6.5
 50
-292.648808391428
 72
1
 11
-46.84551639141995
 21
19.54674382144517
 31
0.0
100
AcDbText
 73
2
  0
TEXT
  5
4F8
330
17
100
AcDbEntity
  8
ENGRAVE_TEXT
100
AcDbText
 10
-51.31226775734731
 20
21.410538937595575
 30
0.0
 40
3.8
  1
6.5
 50
-292.648808391428
 72
1
 11
-51.31226775734731
 21
21.410538937595575
 31
0.0
100
AcDbText
 73
2
  0
LINE
  5
4F9
330
17
100
AcDbEntity
  8
ENGRAVE_LOG
100
AcDbLine
 10
-47.9997436369559
 20
21.21732807840119
 30
0.0
 11
-48.639984119918346
 21
21.500333597739626
 31
0.0
  0
LINE
  5
4FA
330
17
100
AcDbEntity
  8
ENGRAVE_LOG
100
AcDbLine
 10
-48.639984119918346
 20
21.500333597739626
 30
0.0
 11
-49.28022460288079
 21
21.783339117078057
 31
0.0
  0
LINE
  5
4FB
330
17
100
AcDbEntity
  8
ENGRAVE_LOG
100
AcDbLine
 10
-47.16862057123886
 20
22.030997104227993
 30
0.0
 11
-48.18338920435041
 21
22.504964003128016
 31
0.0
  0
LINE
  5
4FC
330
17
100
AcDbEntity
  8
ENGRAVE_LOG
100
AcDbLine
 10
-48.18338920435041
 20
22.504964003128016
 30
0.0
 11
-49.19815783746197
 21
22.978930902028043
 31
0.0
  0
LINE
  5
4FD
330
17
100
AcDbEntity
  8
ENGRAVE_LOG
100
AcDbLine
 10
-47.08173109341324
 20
23.183205068487073
 30
0.0
 11
-47.70972674443057
 21
23.492432270239
 31
0.0
  0
LINE
  5
4FE
330
17
100
AcDbEntity
  8
ENGRAVE_LOG
100
AcDbLine
 10
-47.70972674443057
 20
23.492432270239
 30
0.0
 11
-48.33772239544789
 21
23.801659471990924
 31
0.0
  0
LINE
  5
4FF
330
17
100
AcDbEntity
  8
ENGRAVE_LOG
100
AcDbLine
 10
-46.225133345314106
 20
23.947455965257145
 30
0.0
 11
-47.21960413568583
 21
24.462652866545813
 31
0.0
  0
LINE
  5
500
330
17
100
AcDbEntity
  8
ENGRAVE_LOG
100
AcDbLine
 10
-47.21960413568583
 20
24.462652866545813
 30
0.0
 11
-48.21407492605754
 21
24.977849767834478
 31
0.0
  0
LINE
  5
501
330
17
100
AcDbEntity
  8
ENGRAVE_LOG
100
AcDbLine
 10
-46.09873280452127
 20
25.081013412885735
 30
0.0
 11
-46.7136168167767
 21
25.41555436923139
 31
0.0
  0
LINE
  5
502
330
17
100
AcDbEntity
  8
ENGRAVE_LOG
100
AcDbLine
 10
-46.7136168167767
 20
25.41555436923139
 30
0.0
 11
-47.32850082903213
 21
25.75009532557705
 31
0.0
  0
LINE
  5
503
330
17
100
AcDbEntity
  8
ENGRAVE_LOG
100
AcDbLine
 10
-45.21951212559398
 20
25.796110620077194
 30
0.0
 11
-46.19234834496903
 21
26.35107880859979
 31
0.0
  0
LINE
  5
504
330
17
100
AcDbEntity
  8
ENGRAVE_LOG
100
AcDbLine
 10
-46.19234834496903
 20
26.35107880859979
 30
0.0
 11
-47.16518456434408
 21
26.906046997122388
 31
0.0
  0
LINE
  5
505
330
17
100
AcDbEntity
  8
ENGRAVE_LOG
100
AcDbLine
 10
-45.05540283715924
 20
26.910241083671146
 30
0.0
 11
-45.65637048170977
 21
27.26918103714999
 31
0.0
  0
LINE
  5
506
330
17
100
AcDbEntity
  8
ENGRAVE_LOG
100
AcDbLine
 10
-45.65637048170977
 20
27.26918103714999
 30
0.0
 11
-46.257338126260294
 21
27.62812099062884
 31
0.0
  0
LINE
  5
507
330
17
100
AcDbEntity
  8
ENGRAVE_LOG
100
AcDbLine
 10
-44.15628103686063
 20
27.576556075655688
 30
0.0
 11
-45.10624328736551
 21
28.16982812338397
 31
0.0
  0
LINE
  5
508
330
17
100
AcDbEntity
  8
ENGRAVE_LOG
100
AcDbLine
 10
-45.10624328736551
 20
28.16982812338397
 30
0.0
 11
-46.05620553787038
 21
28.76310017111225
 31
0.0
  0
LINE
  5
509
330
17
100
AcDbEntity
  8
ENGRAVE_LOG
100
AcDbLine
 10
-43.95620908177045
 20
28.670578702908674
 30
0.0
 11
-44.54251522424833
 21
29.052998769448998
 31
0.0
  0
LINE
  5
50A
330
17
100
AcDbEntity
  8
ENGRAVE_LOG
100
AcDbLine
 10
-44.54251522424833
 20
29.052998769448998
 30
0.0
 11
-45.12882136672622
 21
29.43541883598932
 31
0.0
  0
LINE
  5
50B
330
17
100
AcDbEntity
  8
ENGRAVE_LOG
100
AcDbLine
 10
-42.808295426311034
 20
29.131052893667917
 30
0.0
 11
-43.965723267115116
 21
29.91868275174314
 31
0.0
  0
LINE
  5
50C
330
17
100
AcDbEntity
  8
ENGRAVE_LOG
100
AcDbLine
 10
-43.965723267115116
 20
29.91868275174314
 30
0.0
 11
-45.1231511079192
 21
30.70631260981836
 31
0.0
  0
TEXT
  5
50D
330
17
100
AcDbEntity
  8
ENGRAVE_TEXT
100
AcDbText
 10
-41.965026570868055
 20
28.557208282784536
 30
0.0
 40
3.8
  1
7
 50
-304.23529440513244
 72
1
 11
-41.965026570868055
 21
28.557208282784536
 31
0.0
100
AcDbText
 73
2
  0
TEXT
  5
50E
330
17
100
AcDbEntity
  8
ENGRAVE_TEXT
100
AcDbText
 10
-45.96641996336217
 20
31.280157220701742
 30
0.0
 40
3.8
  1
7
 50
-304.23529440513244
 72
1
 11
-45.96641996336217
 21
31.280157220701742
 31
0.0
100
AcDbText
 73
2
  0
LINE
  5
50F
330
17
100
AcDbEntity
  8
ENGRAVE_LOG
100
AcDbLine
 10
-42.80543636159632
 20
30.36190076219417
 30
0.0
 11
-43.376393020382864
 21
30.766880383641123
 31
0.0
  0
LINE
  5
510
330
17
100
AcDbEntity
  8
ENGRAVE_LOG
100
AcDbLine
 10
-43.376393020382864
 20
30.766880383641123
 30
0.0
 11
-43.9473496791694
 21
31.171860005088075
 31
0.0
  0
LINE
  5
511
330
17
100
AcDbEntity
  8
ENGRAVE_LOG
100
AcDbLine
 10
-41.87417303649976
 20
30.932139151847814
 30
0.0
 11
-42.77503884135723
 21
31.597601999524908
 31
0.0
  0
LINE
  5
512
330
17
100
AcDbEntity
  8
ENGRAVE_LOG
100
AcDbLine
 10
-42.77503884135723
 20
31.597601999524908
 30
0.0
 11
-43.6759046462147
 21
32.263064847202
 31
0.0
  0
LINE
  5
513
330
17
100
AcDbEntity
  8
ENGRAVE_LOG
100
AcDbLine
 10
-41.6071900166167
 20
31.984248293826624
 30
0.0
 11
-42.16216396882005
 21
32.41086745933117
 31
0.0
  0
LINE
  5
514
330
17
100
AcDbEntity
  8
ENGRAVE_LOG
100
AcDbLine
 10
-42.16216396882005
 20
32.41086745933117
 30
0.0
 11
-42.7171379210234
 21
32.83748662483572
 31
0.0
  0
LINE
  5
515
330
17
100
AcDbEntity
  8
ENGRAVE_LOG
100
AcDbLine
 10
-40.66344207917609
 20
32.507354218291766
 30
0.0
 11
-41.538260656369275
 21
33.20670567285356
 31
0.0
  0
LINE
  5
516
330
17
100
AcDbEntity
  8
ENGRAVE_LOG
100
AcDbLine
 10
-41.538260656369275
 20
33.20670567285356
 30
0.0
 11
-42.413079233562456
 21
33.906057127415345
 31
0.0
  0
LINE
  5
517
330
17
100
AcDbEntity
  8
ENGRAVE_LOG
100
AcDbLine
 10
-40.36539986961383
 20
33.53781288883011
 30
0.0
 11
-40.90381030994786
 21
33.985154143063745
 31
0.0
  0
LINE
  5
518
330
17
100
AcDbEntity
  8
ENGRAVE_LOG
100
AcDbLine
 10
-40.90381030994786
 20
33.985154143063745
 30
0.0
 11
-41.44222075028189
 21
34.43249539729738
 31
0.0
  0
LINE
  5
519
330
17
100
AcDbEntity
  8
ENGRAVE_LOG
100
AcDbLine
 10
-39.41140101029983
 20
34.014483244720005
 30
0.0
 11
-40.25928362903851
 21
34.746258527741254
 31
0.0
  0
LINE
  5
51A
330
17
100
AcDbEntity
  8
ENGRAVE_LOG
100
AcDbLine
 10
-40.25928362903851
 20
34.746258527741254
 30
0.0
 11
-41.10716624777719
 21
35.47803381076251
 31
0.0
  0
LINE
  5
51B
330
17
100
AcDbEntity
  8
ENGRAVE_LOG
100
AcDbLine
 10
-39.08382449444511
 20
35.022921963871205
 30
0.0
 11
-39.605140751040224
 21
35.49007221872467
 31
0.0
  0
LINE
  5
51C
330
17
100
AcDbEntity
  8
ENGRAVE_LOG
100
AcDbLine
 10
-39.605140751040224
 20
35.49007221872467
 30
0.0
 11
-40.126457007635345
 21
35.95722247357814
 31
0.0
  0
LINE
  5
51D
330
17
100
AcDbEntity
  8
ENGRAVE_LOG
100
AcDbLine
 10
-38.121695047000436
 20
35.45391327827581
 30
0.0
 11
-38.94183139837655
 21
36.216655938123466
 31
0.0
  0
LINE
  5
51E
330
17
100
AcDbEntity
  8
ENGRAVE_LOG
100
AcDbLine
 10
-38.94183139837655
 20
36.216655938123466
 30
0.0
 11
-39.761967749752664
 21
36.97939859797112
 31
0.0
  0
LINE
  5
51F
330
17
100
AcDbEntity
  8
ENGRAVE_LOG
100
AcDbLine
 10
-37.76605571766162
 20
36.440025185645496
 30
0.0
 11
-38.26979502792007
 21
36.92607735085037
 31
0.0
  0
LINE
  5
520
330
17
100
AcDbEntity
  8
ENGRAVE_LOG
100
AcDbLine
 10
-38.26979502792007
 20
36.92607735085037
 30
0.0
 11
-38.773534338178514
 21
37.41212951605525
 31
0.0
  0
LINE
  5
521
330
17
100
AcDbEntity
  8
ENGRAVE_LOG
100
AcDbLine
 10
-36.59989262252635
 20
36.62808021203871
 30
0.0
 11
-37.589460982347454
 21
37.6184106928586
 31
0.0
  0
LINE
  5
522
330
17
100
AcDbEntity
  8
ENGRAVE_LOG
100
AcDbLine
 10
-37.589460982347454
 20
37.6184106928586
 30
0.0
 11
-38.57902934216856
 21
38.608741173678496
 31
0.0
  0
TEXT
  5
523
330
17
100
AcDbEntity
  8
ENGRAVE_TEXT
100
AcDbText
 10
-35.878921388942395
 20
35.90655371886992
 30
0.0
 40
3.8
  1
7.5
 50
-315.02205482101203
 72
1
 11
-35.878921388942395
 21
35.90655371886992
 31
0.0
100
AcDbText
 73
2
  0
TEXT
  5
524
330
17
100
AcDbEntity
  8
ENGRAVE_TEXT
100
AcDbText
 10
-39.300000575752506
 20
39.330267666847284
 30
0.0
 40
3.8
  1
7.5
 50
-315.02205482101203
 72
1
 11
-39.300000575752506
 21
39.330267666847284
 31
0.0
100
AcDbText
 73
2
  0
LINE
  5
525
330
17
100
AcDbEntity
  8
ENGRAVE_LOG
100
AcDbLine
 10
-36.415523294250974
 20
37.78968196751415
 30
0.0
 11
-36.90124864306911
 21
38.29373641448938
 31
0.0
  0
LINE
  5
526
330
17
100
AcDbEntity
  8
ENGRAVE_LOG
100
AcDbLine
 10
-36.90124864306911
 20
38.29373641448938
 30
0.0
 11
-37.38697399188725
 21
38.797790861464605
 31
0.0
  0
LINE
  5
527
330
17
100
AcDbEntity
  8
ENGRAVE_LOG
100
AcDbLine
 10
-35.44305845137395
 20
38.131787364513734
 30
0.0
 11
-36.205567584403894
 21
38.95214083835652
 31
0.0
  0
LINE
  5
528
330
17
100
AcDbEntity
  8
ENGRAVE_LOG
100
AcDbLine
 10
-36.205567584403894
 20
38.95214083835652
 30
0.0
 11
-36.96807671743383
 21
39.7724943121993
 31
0.0
  0
LINE
  5
529
330
17
100
AcDbEntity
  8
ENGRAVE_LOG
100
AcDbLine
 10
-35.035499706692065
 20
39.072549959049
 30
0.0
 11
-35.50281772869444
 21
39.593715831216194
 31
0.0
  0
LINE
  5
52A
330
17
100
AcDbEntity
  8
ENGRAVE_LOG
100
AcDbLine
 10
-35.50281772869444
 20
39.593715831216194
 30
0.0
 11
-35.97013575069681
 21
40.11488170338339
 31
0.0
  0
LINE
  5
52B
330
17
100
AcDbEntity
  8
ENGRAVE_LOG
100
AcDbLine
 10
-34.06062161486398
 20
39.37153356435409
 30
0.0
 11
-34.79338950208349
 21
40.21855848928833
 31
0.0
  0
LINE
  5
52C
330
17
100
AcDbEntity
  8
ENGRAVE_LOG
100
AcDbLine
 10
-34.79338950208349
 20
40.21855848928833
 30
0.0
 11
-35.526157389303
 21
41.06558341422257
 31
0.0
  0
LINE
  5
52D
330
17
100
AcDbEntity
  8
ENGRAVE_LOG
100
AcDbLine
 10
-33.629105043841186
 20
40.289374454690844
 30
0.0
 11
-34.07766399069121
 21
40.826770836517895
 31
0.0
  0
LINE
  5
52E
330
17
100
AcDbEntity
  8
ENGRAVE_LOG
100
AcDbLine
 10
-34.07766399069121
 20
40.826770836517895
 30
0.0
 11
-34.52622293754122
 21
41.364167218344946
 31
0.0
  0
LINE
  5
52F
330
17
100
AcDbEntity
  8
ENGRAVE_LOG
100
AcDbLine
 10
-32.65351714606141
 20
40.5461640354778
 30
0.0
 11
-33.35601309695632
 21
41.418459535280626
 31
0.0
  0
LINE
  5
530
330
17
100
AcDbEntity
  8
ENGRAVE_LOG
100
AcDbLine
 10
-33.35601309695632
 20
41.418459535280626
 30
0.0
 11
-34.05850904785122
 21
42.29075503508345
 31
0.0
  0
LINE
  5
531
330
17
100
AcDbEntity
  8
ENGRAVE_LOG
100
AcDbLine
 10
-32.19931192256391
 20
41.44097865294006
 30
0.0
 11
-32.62879969592127
 21
41.99373560905778
 31
0.0
  0
LINE
  5
532
330
17
100
AcDbEntity
  8
ENGRAVE_LOG
100
AcDbLine
 10
-32.62879969592127
 20
41.99373560905778
 30
0.0
 11
-33.058287469278646
 21
42.546492565175505
 31
0.0
  0
LINE
  5
533
330
17
100
AcDbEntity
  8
ENGRAVE_LOG
100
AcDbLine
 10
-31.224622561358306
 20
41.656530651276206
 30
0.0
 11
-31.89637779126075
 21
42.5527141766206
 31
0.0
  0
LINE
  5
534
330
17
100
AcDbEntity
  8
ENGRAVE_LOG
100
AcDbLine
 10
-31.89637779126075
 20
42.5527141766206
 30
0.0
 11
-32.56813302116319
 21
43.448897701964995
 31
0.0
  0
LINE
  5
535
330
17
100
AcDbEntity
  8
ENGRAVE_LOG
100
AcDbLine
 10
-30.748950420593943
 20
42.528254702395856
 30
0.0
 11
-31.159092670868635
 21
43.095514197282995
 31
0.0
  0
LINE
  5
536
330
17
100
AcDbEntity
  8
ENGRAVE_LOG
100
AcDbLine
 10
-31.159092670868635
 20
43.095514197282995
 30
0.0
 11
-31.569234921143327
 21
43.66277369217014
 31
0.0
  0
LINE
  5
537
330
17
100
AcDbEntity
  8
ENGRAVE_LOG
100
AcDbLine
 10
-29.61652526103355
 20
42.47387233891633
 30
0.0
 11
-30.417281061833993
 21
43.62225822679742
 31
0.0
  0
LINE
  5
538
330
17
100
AcDbEntity
  8
ENGRAVE_LOG
100
AcDbLine
 10
-30.417281061833993
 20
43.62225822679742
 30
0.0
 11
-31.218036862634438
 21
44.77064411467851
 31
0.0
  0
TEXT
  5
539
330
17
100
AcDbEntity
  8
ENGRAVE_TEXT
100
AcDbText
 10
-29.033117463307512
 20
41.63719119203154
 30
0.0
 40
3.8
  1
8
 50
-325.1123953170997
 72
1
 11
-29.033117463307512
 21
41.63719119203154
 31
0.0
100
AcDbText
 73
2
  0
TEXT
  5
53A
330
17
100
AcDbEntity
  8
ENGRAVE_TEXT
100
AcDbText
 10
-31.801444660360477
 20
45.607325261563304
 30
0.0
 40
3.8
  1
8
 50
-325.1123953170997
 72
1
 11
-31.801444660360477
 21
45.607325261563304
 31
0.0
100
AcDbText
 73
2
  0
LINE
  5
53B
330
17
100
AcDbEntity
  8
ENGRAVE_LOG
100
AcDbLine
 10
-29.280712993955614
 20
43.552155475539884
 30
0.0
 11
-29.67127128465243
 21
44.13307218348344
 31
0.0
  0
LINE
  5
53C
330
17
100
AcDbEntity
  8
ENGRAVE_LOG
100
AcDbLine
 10
-29.67127128465243
 20
44.13307218348344
 30
0.0
 11
-30.06182957534925
 21
44.71398889142701
 31
0.0
  0
LINE
  5
53D
330
17
100
AcDbEntity
  8
ENGRAVE_LOG
100
AcDbLine
 10
-28.312283191876233
 20
43.68819314715364
 30
0.0
 11
-28.921383406530502
 21
44.62808512419575
 31
0.0
  0
LINE
  5
53E
330
17
100
AcDbEntity
  8
ENGRAVE_LOG
100
AcDbLine
 10
-28.921383406530502
 20
44.62808512419575
 30
0.0
 11
-29.530483621184775
 21
45.56797710123785
 31
0.0
  0
LINE
  5
53F
330
17
100
AcDbEntity
  8
ENGRAVE_LOG
100
AcDbLine
 10
-27.79715935650687
 20
44.51368701544461
 30
0.0
 11
-28.167929393655402
 21
45.10742902975122
 31
0.0
  0
LINE
  5
540
330
17
100
AcDbEntity
  8
ENGRAVE_LOG
100
AcDbLine
 10
-28.167929393655402
 20
45.10742902975122
 30
0.0
 11
-28.53869943080393
 21
45.701171044057844
 31
0.0
  0
LINE
  5
541
330
17
100
AcDbEntity
  8
ENGRAVE_LOG
100
AcDbLine
 10
-26.833918060098256
 20
44.611483292353476
 30
0.0
 11
-27.4112132623132
 21
45.57123859944982
 31
0.0
  0
LINE
  5
542
330
17
100
AcDbEntity
  8
ENGRAVE_LOG
100
AcDbLine
 10
-27.4112132623132
 20
45.57123859944982
 30
0.0
 11
-27.98850846452814
 21
46.530993906546165
 31
0.0
  0
LINE
  5
543
330
17
100
AcDbEntity
  8
ENGRAVE_LOG
100
AcDbLine
 10
-26.30072130283437
 20
45.41390160458177
 30
0.0
 11
-26.6515312287487
 21
46.019651054338
 31
0.0
  0
LINE
  5
544
330
17
100
AcDbEntity
  8
ENGRAVE_LOG
100
AcDbLine
 10
-26.6515312287487
 20
46.019651054338
 30
0.0
 11
-27.002341154663032
 21
46.62540050409424
 31
0.0
  0
LINE
  5
545
330
17
100
AcDbEntity
  8
ENGRAVE_LOG
100
AcDbLine
 10
-25.343931683159855
 20
45.474484349350526
 30
0.0
 11
-25.889171857672704
 21
46.45280594887555
 31
0.0
  0
LINE
  5
546
330
17
100
AcDbEntity
  8
ENGRAVE_LOG
100
AcDbLine
 10
-25.889171857672704
 20
46.45280594887555
 30
0.0
 11
-26.434412032185556
 21
47.43112754840057
 31
0.0
  0
LINE
  5
547
330
17
100
AcDbEntity
  8
ENGRAVE_LOG
100
AcDbLine
 10
-24.793707458924146
 20
46.253891408629485
 30
0.0
 11
-25.124416209329006
 21
46.87084499068057
 31
0.0
  0
LINE
  5
548
330
17
100
AcDbEntity
  8
ENGRAVE_LOG
100
AcDbLine
 10
-25.124416209329006
 20
46.87084499068057
 30
0.0
 11
-25.455124959733865
 21
47.48779857273165
 31
0.0
  0
LINE
  5
549
330
17
100
AcDbEntity
  8
ENGRAVE_LOG
100
AcDbLine
 10
-23.844554860876546
 20
46.27829732700469
 30
0.0
 11
-24.357537985044463
 21
47.27391186803897
 31
0.0
  0
LINE
  5
54A
330
17
100
AcDbEntity
  8
ENGRAVE_LOG
100
AcDbLine
 10
-24.357537985044463
 20
47.27391186803897
 30
0.0
 11
-24.870521109212376
 21
48.269526409073265
 31
0.0
  0
LINE
  5
54B
330
17
100
AcDbEntity
  8
ENGRAVE_LOG
100
AcDbLine
 10
-23.27830794780367
 20
47.034782651642175
 30
0.0
 11
-23.58880367119282
 21
47.66215208487674
 31
0.0
  0
LINE
  5
54C
330
17
100
AcDbEntity
  8
ENGRAVE_LOG
100
AcDbLine
 10
-23.58880367119282
 20
47.66215208487674
 30
0.0
 11
-23.89929939458197
 21
48.28952151811129
 31
0.0
  0
LINE
  5
54D
330
17
100
AcDbEntity
  8
ENGRAVE_LOG
100
AcDbLine
 10
-22.217760726750406
 20
46.77113969414116
 30
0.0
 11
-22.818472681509974
 21
48.03571280290512
 31
0.0
  0
LINE
  5
54E
330
17
100
AcDbEntity
  8
ENGRAVE_LOG
100
AcDbLine
 10
-22.818472681509974
 20
48.03571280290512
 30
0.0
 11
-23.419184636269545
 21
49.30028591166907
 31
0.0
  0
TEXT
  5
54F
330
17
100
AcDbEntity
  8
ENGRAVE_TEXT
100
AcDbText
 10
-21.780099159711288
 20
45.84980785775599
 30
0.0
 40
3.8
  1
8.5
 50
-334.5908132571454
 72
1
 11
-21.780099159711288
 21
45.84980785775599
 31
0.0
100
AcDbText
 73
2
  0
TEXT
  5
550
330
17
100
AcDbEntity
  8
ENGRAVE_TEXT
100
AcDbText
 10
-23.856846203308663
 20
50.22161774805424
 30
0.0
 40
3.8
  1
8.5
 50
-334.5908132571454
 72
1
 11
-23.856846203308663
 21
50.22161774805424
 31
0.0
100
AcDbText
 73
2
  0
LINE
  5
551
330
17
100
AcDbEntity
  8
ENGRAVE_LOG
100
AcDbLine
 10
-21.75659895975315
 20
47.75773028216969
 30
0.0
 11
-22.046797497707175
 21
48.394742690659
 31
0.0
  0
LINE
  5
552
330
17
100
AcDbEntity
  8
ENGRAVE_LOG
100
AcDbLine
 10
-22.046797497707175
 20
48.394742690659
 30
0.0
 11
-22.3369960356612
 21
49.031755099148306
 31
0.0
  0
LINE
  5
553
330
17
100
AcDbEntity
  8
ENGRAVE_LOG
100
AcDbLine
 10
-20.825981185818748
 20
47.712913426533945
 30
0.0
 11
-21.27402380833348
 21
48.73939177916011
 31
0.0
  0
LINE
  5
554
330
17
100
AcDbEntity
  8
ENGRAVE_LOG
100
AcDbLine
 10
-21.27402380833348
 20
48.73939177916011
 30
0.0
 11
-21.722066430848212
 21
49.765870131786265
 31
0.0
  0
LINE
  5
555
330
17
100
AcDbEntity
  8
ENGRAVE_LOG
100
AcDbLine
 10
-20.230547218766006
 20
48.42391309290565
 30
0.0
 11
-20.500390645845584
 21
49.069811323946695
 31
0.0
  0
LINE
  5
556
330
17
100
AcDbEntity
  8
ENGRAVE_LOG
100
AcDbLine
 10
-20.500390645845584
 20
49.069811323946695
 30
0.0
 11
-20.77023407292516
 21
49.71570955498774
 31
0.0
  0
LINE
  5
557
330
17
100
AcDbEntity
  8
ENGRAVE_LOG
100
AcDbLine
 10
-19.310687381862984
 20
48.346054159982465
 30
0.0
 11
-19.726130521849278
 21
49.38615367322066
 31
0.0
  0
LINE
  5
558
330
17
100
AcDbEntity
  8
ENGRAVE_LOG
100
AcDbLine
 10
-19.726130521849278
 20
49.38615367322066
 30
0.0
 11
-20.141573661835572
 21
50.42625318645885
 31
0.0
  0
LINE
  5
559
330
17
100
AcDbEntity
  8
ENGRAVE_LOG
100
AcDbLine
 10
-18.70201433873747
 20
49.034529259223625
 30
0.0
 11
-18.9514695604813
 21
49.68857214187334
 31
0.0
  0
LINE
  5
55A
330
17
100
AcDbEntity
  8
ENGRAVE_LOG
100
AcDbLine
 10
-18.9514695604813
 20
49.68857214187334
 30
0.0
 11
-19.200924782225133
 21
50.34261502452304
 31
0.0
  0
LINE
  5
55B
330
17
100
AcDbEntity
  8
ENGRAVE_LOG
100
AcDbLine
 10
-17.793817871622657
 20
48.92467317776914
 30
0.0
 11
-18.17662762990574
 21
49.977220891159476
 31
0.0
  0
LINE
  5
55C
330
17
100
AcDbEntity
  8
ENGRAVE_LOG
100
AcDbLine
 10
-18.17662762990574
 20
49.977220891159476
 30
0.0
 11
-18.559437388188826
 21
51.02976860454982
 31
0.0
  0
LINE
  5
55D
330
17
100
AcDbEntity
  8
ENGRAVE_LOG
100
AcDbLine
 10
-17.172761064413145
 20
49.59079226453814
 30
0.0
 11
-17.40181847190341
 21
50.252254813798366
 31
0.0
  0
LINE
  5
55E
330
17
100
AcDbEntity
  8
ENGRAVE_LOG
100
AcDbLine
 10
-17.40181847190341
 20
50.252254813798366
 30
0.0
 11
-17.63087587939368
 21
50.913717363058595
 31
0.0
  0
LINE
  5
55F
330
17
100
AcDbEntity
  8
ENGRAVE_LOG
100
AcDbLine
 10
-16.277070818459137
 20
49.449980440550895
 30
0.0
 11
-16.627249829536247
 21
50.51382942428921
 31
0.0
  0
LINE
  5
560
330
17
100
AcDbEntity
  8
ENGRAVE_LOG
100
AcDbLine
 10
-16.627249829536247
 20
50.51382942428921
 30
0.0
 11
-16.977428840613353
 21
51.57767840802753
 31
0.0
  0
LINE
  5
561
330
17
100
AcDbEntity
  8
ENGRAVE_LOG
100
AcDbLine
 10
-15.64445139346532
 20
50.093927182818284
 30
0.0
 11
-15.853123572875111
 21
50.762100754235455
 31
0.0
  0
LINE
  5
562
330
17
100
AcDbEntity
  8
ENGRAVE_LOG
100
AcDbLine
 10
-15.853123572875111
 20
50.762100754235455
 30
0.0
 11
-16.0617957522849
 21
51.43027432565262
 31
0.0
  0
LINE
  5
563
330
17
100
AcDbEntity
  8
ENGRAVE_LOG
100
AcDbLine
 10
-14.68265405986252
 20
49.65468829585382
 30
0.0
 11
-15.07963582277885
 21
50.997225252481776
 31
0.0
  0
LINE
  5
564
330
17
100
AcDbEntity
  8
ENGRAVE_LOG
100
AcDbLine
 10
-15.07963582277885
 20
50.997225252481776
 30
0.0
 11
-15.476617585695177
 21
52.33976220910973
 31
0.0
  0
TEXT
  5
565
330
17
100
AcDbEntity
  8
ENGRAVE_TEXT
100
AcDbText
 10
-14.393424489737765
 20
48.67655422745346
 30
0.0
 40
3.8
  1
9
 50
-343.52730339815696
 72
1
 11
-14.393424489737765
 21
48.67655422745346
 31
0.0
100
AcDbText
 73
2
  0
TEXT
  5
566
330
17
100
AcDbEntity
  8
ENGRAVE_TEXT
100
AcDbText
 10
-15.765847155819932
 20
53.317896277510094
 30
0.0
 40
3.8
  1
9
 50
-343.52730339815696
 72
1
 11
-15.765847155819932
 21
53.317896277510094
 31
0.0
100
AcDbText
 73
2
  0
LINE
  5
567
330
17
100
AcDbEntity
  8
ENGRAVE_LOG
100
AcDbLine
 10
-14.118656577215221
 20
50.54516729079702
 30
0.0
 11
-14.306977072719237
 21
51.21935968987396
 31
0.0
  0
LINE
  5
568
330
17
100
AcDbEntity
  8
ENGRAVE_LOG
100
AcDbLine
 10
-14.306977072719237
 20
51.21935968987396
 30
0.0
 11
-14.49529756822325
 21
51.893552088950905
 31
0.0
  0
LINE
  5
569
330
17
100
AcDbEntity
  8
ENGRAVE_LOG
100
AcDbLine
 10
-13.25027077826727
 20
50.34554522798017
 30
0.0
 11
-13.535332308648739
 21
51.428661068459185
 31
0.0
  0
LINE
  5
56A
330
17
100
AcDbEntity
  8
ENGRAVE_LOG
100
AcDbLine
 10
-13.535332308648739
 20
51.428661068459185
 30
0.0
 11
-13.820393839030208
 21
52.5117769089382
 31
0.0
  0
LINE
  5
56B
330
17
100
AcDbEntity
  8
ENGRAVE_LOG
100
AcDbLine
 10
-12.59685899849908
 20
50.94575098447301
 30
0.0
 11
-12.76488112690894
 21
51.62528653495188
 31
0.0
  0
LINE
  5
56C
330
17
100
AcDbEntity
  8
ENGRAVE_LOG
100
AcDbLine
 10
-12.76488112690894
 20
51.62528653495188
 30
0.0
 11
-12.932903255318799
 21
52.30482208543076
 31
0.0
  0
LINE
  5
56D
330
17
100
AcDbEntity
  8
ENGRAVE_LOG
100
AcDbLine
 10
-11.743159760822342
 20
50.71825902800493
 30
0.0
 11
-11.995797850183099
 21
51.809393298296236
 31
0.0
  0
LINE
  5
56E
330
17
100
AcDbEntity
  8
ENGRAVE_LOG
100
AcDbLine
 10
-11.995797850183099
 20
51.809393298296236
 30
0.0
 11
-12.248435939543855
 21
52.90052756858754
 31
0.0
  0
LINE
  5
56F
330
17
100
AcDbEntity
  8
ENGRAVE_LOG
100
AcDbLine
 10
-11.080455926019226
 20
51.29691897640193
 30
0.0
 11
-11.228251641495856
 21
51.9811385511634
 31
0.0
  0
LINE
  5
570
330
17
100
AcDbEntity
  8
ENGRAVE_LOG
100
AcDbLine
 10
-11.228251641495856
 20
51.9811385511634
 30
0.0
 11
-11.376047356972483
 21
52.665358125924854
 31
0.0
  0
LINE
  5
571
330
17
100
AcDbEntity
  8
ENGRAVE_LOG
100
AcDbLine
 10
-10.242062588244918
 20
51.04256805783261
 30
0.0
 11
-10.46240661626709
 21
52.140679395227394
 31
0.0
  0
LINE
  5
572
330
17
100
AcDbEntity
  8
ENGRAVE_LOG
100
AcDbLine
 10
-10.46240661626709
 20
52.140679395227394
 30
0.0
 11
-10.682750644289262
 21
53.23879073262218
 31
0.0
  0
LINE
  5
573
330
17
100
AcDbEntity
  8
ENGRAVE_LOG
100
AcDbLine
 10
-9.570763145232123
 20
51.599911752035645
 30
0.0
 11
-9.698421952428436
 21
52.28817277006966
 31
0.0
  0
LINE
  5
574
330
17
100
AcDbEntity
  8
ENGRAVE_LOG
100
AcDbLine
 10
-9.698421952428436
 20
52.28817277006966
 30
0.0
 11
-9.826080759624748
 21
52.97643378810367
 31
0.0
  0
LINE
  5
575
330
17
100
AcDbEntity
  8
ENGRAVE_LOG
100
AcDbLine
 10
-8.748245412706552
 20
51.31970189117489
 30
0.0
 11
-8.93645199861188
 21
52.4237753855682
 31
0.0
  0
LINE
  5
576
330
17
100
AcDbEntity
  8
ENGRAVE_LOG
100
AcDbLine
 10
-8.93645199861188
 20
52.4237753855682
 30
0.0
 11
-9.124658584517206
 21
53.5278488799615
 31
0.0
  0
LINE
  5
577
330
17
100
AcDbEntity
  8
ENGRAVE_LOG
100
AcDbLine
 10
-8.069018466428322
 20
51.85596726499698
 30
0.0
 11
-8.176646380424126
 21
52.547643657632236
 31
0.0
  0
LINE
  5
578
330
17
100
AcDbEntity
  8
ENGRAVE_LOG
100
AcDbLine
 10
-8.176646380424126
 20
52.547643657632236
 30
0.0
 11
-8.284274294419932
 21
53.23932005026749
 31
0.0
  0
LINE
  5
579
330
17
100
AcDbEntity
  8
ENGRAVE_LOG
100
AcDbLine
 10
-7.223835886187598
 20
51.27362475083489
 30
0.0
 11
-7.419150104817622
 21
52.65993364714947
 31
0.0
  0
LINE
  5
57A
330
17
100
AcDbEntity
  8
ENGRAVE_LOG
100
AcDbLine
 10
-7.419150104817622
 20
52.65993364714947
 30
0.0
 11
-7.614464323447646
 21
54.04624254346405
 31
0.0
  0
TEXT
  5
57B
330
17
100
AcDbEntity
  8
ENGRAVE_TEXT
100
AcDbText
 10
-7.0815355269000095
 20
50.263599697805695
 30
0.0
 40
3.8
  1
9.5
 50
-351.98049790398517
 72
1
 11
-7.0815355269000095
 21
50.263599697805695
 31
0.0
100
AcDbText
 73
2
  0
TEXT
  5
57C
330
17
100
AcDbEntity
  8
ENGRAVE_TEXT
100
AcDbText
 10
-7.756764682735235
 20
55.05626759649324
 30
0.0
 40
3.8
  1
9.5
 50
-351.98049790398517
 72
1
 11
-7.756764682735235
 21
55.05626759649324
 31
0.0
100
AcDbText
 73
2
  0
LINE
  5
57D
330
17
100
AcDbEntity
  8
ENGRAVE_LOG
100
AcDbLine
 10
-6.576385111169155
 20
52.06631885268625
 30
0.0
 11
-6.664103662575756
 21
52.760801002017054
 31
0.0
  0
LINE
  5
57E
330
17
100
AcDbEntity
  8
ENGRAVE_LOG
100
AcDbLine
 10
-6.664103662575756
 20
52.760801002017054
 30
0.0
 11
-6.751822213982357
 21
53.45528315134786
 31
0.0
  0
LINE
  5
57F
330
17
100
AcDbEntity
  8
ENGRAVE_LOG
100
AcDbLine
 10
-5.787140678674149
 20
51.73734244011027
 30
0.0
 11
-5.9116431289260705
 21
52.85040090213338
 31
0.0
  0
LINE
  5
580
330
17
100
AcDbEntity
  8
ENGRAVE_LOG
100
AcDbLine
 10
-5.9116431289260705
 20
52.85040090213338
 30
0.0
 11
-6.036145579177992
 21
53.9634593641565
 31
0.0
  0
LINE
  5
581
330
17
100
AcDbEntity
  8
ENGRAVE_LOG
100
AcDbLine
 10
-5.093954978666717
 20
52.23219335501158
 30
0.0
 11
-5.161900262299848
 21
52.928888007231635
 31
0.0
  0
LINE
  5
582
330
17
100
AcDbEntity
  8
ENGRAVE_LOG
100
AcDbLine
 10
-5.161900262299848
 20
52.928888007231635
 30
0.0
 11
-5.229845545932979
 21
53.62558265945169
 31
0.0
  0
LINE
  5
583
330
17
100
AcDbEntity
  8
ENGRAVE_LOG
100
AcDbLine
 10
-4.322020222290617
 20
51.880282778702274
 30
0.0
 11
-4.415002601256531
 21
52.99641640744116
 31
0.0
  0
LINE
  5
584
330
17
100
AcDbEntity
  8
ENGRAVE_LOG
100
AcDbLine
 10
-4.415002601256531
 20
52.99641640744116
 30
0.0
 11
-4.507984980222445
 21
54.112550036180046
 31
0.0
  0
LINE
  5
585
330
17
100
AcDbEntity
  8
ENGRAVE_LOG
100
AcDbLine
 10
-3.6227517940452354
 20
52.354809420326816
 30
0.0
 11
-3.6710735595908086
 21
53.05313957646685
 31
0.0
  0
LINE
  5
586
330
17
100
AcDbEntity
  8
ENGRAVE_LOG
100
AcDbLine
 10
-3.6710735595908086
 20
53.05313957646685
 30
0.0
 11
-3.7193953251363814
 21
53.75146973260688
 31
0.0
  0
LINE
  5
587
330
17
100
AcDbEntity
  8
ENGRAVE_LOG
100
AcDbLine
 10
-2.868520213852101
 20
51.98091180214832
 30
0.0
 11
-2.930232519643771
 21
53.09921032728097
 31
0.0
  0
LINE
  5
588
330
17
100
AcDbEntity
  8
ENGRAVE_LOG
100
AcDbLine
 10
-2.930232519643771
 20
53.09921032728097
 30
0.0
 11
-2.991944825435441
 21
54.21750885241363
 31
0.0
  0
LINE
  5
589
330
17
100
AcDbEntity
  8
ENGRAVE_LOG
100
AcDbLine
 10
-2.163734140711328
 20
52.435375983855785
 30
0.0
 11
-2.1925949238381945
 21
53.13478077022582
 31
0.0
  0
LINE
  5
58A
330
17
100
AcDbEntity
  8
ENGRAVE_LOG
100
AcDbLine
 10
-2.1925949238381945
 20
53.13478077022582
 30
0.0
 11
-2.221455706965061
 21
53.83418555659585
 31
0.0
  0
LINE
  5
58B
330
17
100
AcDbEntity
  8
ENGRAVE_LOG
100
AcDbLine
 10
-1.4275603477566456
 20
52.040423436531654
 30
0.0
 11
-1.4582723644582867
 21
53.16000227342976
 31
0.0
  0
LINE
  5
58C
330
17
100
AcDbEntity
  8
ENGRAVE_LOG
100
AcDbLine
 10
-1.4582723644582867
 20
53.16000227342976
 30
0.0
 11
-1.488984381159928
 21
54.27958111032786
 31
0.0
  0
LINE
  5
58D
330
17
100
AcDbEntity
  8
ENGRAVE_LOG
100
AcDbLine
 10
-0.7177983792917515
 20
52.47509090498735
 30
0.0
 11
-0.7273726716984632
 21
53.17502542544259
 31
0.0
  0
LINE
  5
58E
330
17
100
AcDbEntity
  8
ENGRAVE_LOG
100
AcDbLine
 10
-0.7273726716984632
 20
53.17502542544259
 30
0.0
 11
-0.7369469641051749
 21
53.874959945897835
 31
0.0
  0
LINE
  5
58F
330
17
100
AcDbEntity
  8
ENGRAVE_LOG
100
AcDbLine
 10
-1.268244225196999e-14
 20
51.78
 30
0.0
 11
-1.302534335573125e-14
 21
53.18
 31
0.0
  0
LINE
  5
590
330
17
100
AcDbEntity
  8
ENGRAVE_LOG
100
AcDbLine
 10
-1.302534335573125e-14
 20
53.18
 30
0.0
 11
-1.3368244459492507e-14
 21
54.58
 31
0.0
  0
TEXT
  5
591
330
17
100
AcDbEntity
  8
ENGRAVE_TEXT
100
AcDbText
 10
-1.243261430494393e-14
 20
50.76
 30
0.0
 40
3.8
  1
1
 50
-360.0
 72
1
 11
-1.243261430494393e-14
 21
50.76
 31
0.0
100
AcDbText
 73
2
  0
TEXT
  5
592
330
17
100
AcDbEntity
  8
ENGRAVE_TEXT
100
AcDbText
 10
-1.3618072406518569e-14
 20
55.6
 30
0.0
 40
3.8
  1
1
 50
-360.0
 72
1
 11
-1.3618072406518569e-14
 21
55.6
 31
0.0
100
AcDbText
 73
2
  0
ENDSEC
  0
SECTION
  2
OBJECTS
  0
DICTIONARY
  5
A
330
0
100
AcDbDictionary
281
1
  3
ACAD_COLOR
350
B
  3
ACAD_GROUP
350
C
  3
ACAD_LAYOUT
350
D
  3
ACAD_MATERIAL
350
E
  3
ACAD_MLEADERSTYLE
350
F
  3
ACAD_MLINESTYLE
350
10
  3
ACAD_PLOTSETTINGS
350
11
  3
ACAD_PLOTSTYLENAME
350
12
  3
ACAD_SCALELIST
350
14
  3
ACAD_TABLESTYLE
350
15
  3
ACAD_VISUALSTYLE
350
16
  3
EZDXF_META
350
2D
  0
DICTIONARY
  5
B
330
A
100
AcDbDictionary
281
1
  0
DICTIONARY
  5
C
330
A
100
AcDbDictionary
281
1
  0
DICTIONARY
  5
D
330
A
100
AcDbDictionary
281
1
  3
Model
350
1A
  3
Layout1
350
1E
  0
DICTIONARY
  5
E
330
A
100
AcDbDictionary
281
1
  3
ByBlock
350
1F
  3
ByLayer
350
20
  3
Global
350
21
  0
DICTIONARY
  5
F
330
A
100
AcDbDictionary
281
1
  3
Standard
350
2C
  0
DICTIONARY
  5
10
330
A
100
AcDbDictionary
281
1
  3
Standard
350
22
  0
DICTIONARY
  5
11
330
A
100
AcDbDictionary
281
1
  0
ACDBDICTIONARYWDFLT
  5
12
330
A
100
AcDbDictionary
281
1
  3
Normal
350
13
100
AcDbDictionaryWithDefault
340
13
  0
ACDBPLACEHOLDER
  5
13
330
12
  0
DICTIONARY
  5
14
330
A
100
AcDbDictionary
281
1
  0
DICTIONARY
  5
15
330
A
100
AcDbDictionary
281
1
  0
DICTIONARY
  5
16
330
A
100
AcDbDictionary
281
1
  0
LAYOUT
  5
1A
330
D
100
AcDbPlotSettings
  1

  4
A3
  6

 40
7.5
 41
20.0
 42
7.5
 43
20.0
 44
420.0
 45
297.0
 46
0.0
 47
0.0
 48
0.0
 49
0.0
140
0.0
141
0.0
142
1.0
143
1.0
 70
1024
 72
1
 73
0
 74
5
  7

 75
16
 76
0
 77
2
 78
300
147
1.0
148
0.0
149
0.0
100
AcDbLayout
  1
Model
 70
1
 71
0
 10
0.0
 20
0.0
 11
420.0
 21
297.0
 12
0.0
 22
0.0
 32
0.0
 14
1e+20
 24
1e+20
 34
1e+20
 15
-1e+20
 25
-1e+20
 35
-1e+20
146
0.0
 13
0.0
 23
0.0
 33
0.0
 16
1.0
 26
0.0
 36
0.0
 17
0.0
 27
1.0
 37
0.0
 76
1
330
17
  0
LAYOUT
  5
1E
330
D
100
AcDbPlotSettings
  1

  4
A3
  6

 40
7.5
 41
20.0
 42
7.5
 43
20.0
 44
420.0
 45
297.0
 46
0.0
 47
0.0
 48
0.0
 49
0.0
140
0.0
141
0.0
142
1.0
143
1.0
 70
0
 72
1
 73
0
 74
5
  7

 75
16
 76
0
 77
2
 78
300
147
1.0
148
0.0
149
0.0
100
AcDbLayout
  1
Layout1
 70
1
 71
1
 10
0.0
 20
0.0
 11
420.0
 21
297.0
 12
0.0
 22
0.0
 32
0.0
 14
1e+20
 24
1e+20
 34
1e+20
 15
-1e+20
 25
-1e+20
 35
-1e+20
146
0.0
 13
0.0
 23
0.0
 33
0.0
 16
1.0
 26
0.0
 36
0.0
 17
0.0
 27
1.0
 37
0.0
 76
1
330
1B
  0
MATERIAL
  5
1F
102
{ACAD_REACTORS
330
E
102
}
330
E
100
AcDbMaterial
  1
ByBlock
  2

 70
0
 40
1.0
 71
1
 41
1.0
 91
-1023410177
 42
1.0
 72
1
  3

 73
1
 74
1
 75
1
 44
0.5
 73
0
 45
1.0
 46
1.0
 77
1
  4

 78
1
 79
1
170
1
 48
1.0
171
1
  6

172
1
173
1
174
1
140
1.0
141
1.0
175
1
  7

176
1
177
1
178
1
143
1.0
179
1
  8

270
1
271
1
272
1
145
1.0
146
1.0
273
1
  9

274
1
275
1
276
1
 42
1.0
 72
1
  3

 73
1
 74
1
 75
1
 94
63
  0
MATERIAL
  5
20
102
{ACAD_REACTORS
330
E
102
}
330
E
100
AcDbMaterial
  1
ByLayer
  2

 70
0
 40
1.0
 71
1
 41
1.0
 91
-1023410177
 42
1.0
 72
1
  3

 73
1
 74
1
 75
1
 44
0.5
 73
0
 45
1.0
 46
1.0
 77
1
  4

 78
1
 79
1
170
1
 48
1.0
171
1
  6

172
1
173
1
174
1
140
1.0
141
1.0
175
1
  7

176
1
177
1
178
1
143
1.0
179
1
  8

270
1
271
1
272
1
145
1.0
146
1.0
273
1
  9

274
1
275
1
276
1
 42
1.0
 72
1
  3

 73
1
 74
1
 75
1
 94
63
  0
MATERIAL
  5
21
102
{ACAD_REACTORS
330
E
102
}
330
E
100
AcDbMaterial
  1
Global
  2

 70
0
 40
1.0
 71
1
 41
1.0
 91
-1023410177
 42
1.0
 72
1
  3

 73
1
 74
1
 75
1
 44
0.5
 73
0
 45
1.0
 46
1.0
 77
1
  4

 78
1
 79
1
170
1
 48
1.0
171
1
  6

172
1
173
1
174
1
140
1.0
141
1.0
175
1
  7

176
1
177
1
178
1
143
1.0
179
1
  8

270
1
271
1
272
1
145
1.0
146
1.0
273
1
  9

274
1
275
1
276
1
 42
1.0
 72
1
  3

 73
1
 74
1
 75
1
 94
63
  0
MLINESTYLE
  5
22
102
{ACAD_REACTORS
330
10
102
}
330
10
100
AcDbMlineStyle
  2
Standard
 70
0
  3

 62
256
 51
90.0
 52
90.0
 71
2
 49
0.5
 62
256
  6
BYLAYER
 49
-0.5
 62
256
  6
BYLAYER
  0
MLEADERSTYLE
  5
2C
102
{ACAD_REACTORS
330
F
102
}
330
F
100
AcDbMLeaderStyle
179
2
170
2
171
1
172
0
 90
2
 40
0.0
 41
0.0
173
1
 91
-1056964608
 92
-2
290
1
 42
2.0
291
1
 43
8.0
  3
Standard
 44
4.0
300

342
29
174
1
175
1
176
0
178
1
 93
-1056964608
 45
4.0
292
0
297
0
 46
4.0
 94
-1056964608
 47
1.0
 49
1.0
140
1.0
294
1
141
0.0
177
0
142
1.0
295
0
296
0
143
3.75
271
0
272
9
273
9
  0
DICTIONARY
  5
2D
330
A
100
AcDbDictionary
280
1
281
1
  3
CREATED_BY_EZDXF
350
2E
  3
WRITTEN_BY_EZDXF
350
595
  0
DICTIONARYVAR
  5
2E
330
2D
100
DictionaryVariables
280
0
  1
1.4.4 @ 2026-08-30T08:20:09.943051+00:00
  0
DICTIONARYVAR
  5
595
330
2D
100
DictionaryVariables
280
0
  1
1.4.4 @ 2026-08-30T08:20:09.958251+00:00
  0
ENDSEC
  0
EOF
