  0
SECTION
  2
HEADER
  9
$ACADVER
  1
AC1032
  9
$ACADMAINTVER
 90
4
  9
$DWGCODEPAGE
  3
ANSI_1252
  9
$LASTSAVEDBY
  1
ezdxf
  9
$REQUIREDVERSIONS
160
0
  9
$INSBASE
 10
0.0
 20
0.0
 30
0.0
  9
$EXTMIN
 10
1e+20
 20
1e+20
 30
1e+20
  9
$EXTMAX
 10
-1e+20
 20
-1e+20
 30
-1e+20
  9
$LIMMIN
 10
0.0
 20
0.0
  9
$LIMMAX
 10
420.0
 20
297.0
  9
$ORTHOMODE
 70
0
  9
$REGENMODE
 70
1
  9
$FILLMODE
 70
1
  9
$QTEXTMODE
 70
0
  9
$MIRRTEXT
 70
1
  9
$LTSCALE
 40
1.0
  9
$ATTMODE
 70
1
  9
$TEXTSIZE
 40
2.5
  9
$TRACEWID
 40
1.0
  9
$TEXTSTYLE
  7
Standard
  9
$CLAYER
  8
0
  9
$CELTYPE
  6
ByLayer
  9
$CECOLOR
 62
256
  9
$CELTSCALE
 40
1.0
  9
$DISPSILH
 70
0
  9
$DIMSCALE
 40
1.0
  9
$DIMASZ
 40
2.5
  9
$DIMEXO
 40
0.625
  9
$DIMDLI
 40
3.75
  9
$DIMRND
 40
0.0
  9
$DIMDLE
 40
0.0
  9
$DIMEXE
 40
1.25
  9
$DIMTP
 40
0.0
  9
$DIMTM
 40
0.0
  9
$DIMTXT
 40
2.5
  9
$DIMCEN
 40
2.5
  9
$DIMTSZ
 40
0.0
  9
$DIMTOL
 70
0
  9
$DIMLIM
 70
0
  9
$DIMTIH
 70
0
  9
$DIMTOH
 70
0
  9
$DIMSE1
 70
0
  9
$DIMSE2
 70
0
  9
$DIMTAD
 70
1
  9
$DIMZIN
 70
8
  9
$DIMBLK
  1

  9
$DIMASO
 70
1
  9
$DIMSHO
 70
1
  9
$DIMPOST
  1

  9
$DIMAPOST
  1

  9
$DIMALT
 70
0
  9
$DIMALTD
 70
3
  9
$DIMALTF
 40
0.03937007874
  9
$DIMLFAC
 40
1.0
  9
$DIMTOFL
 70
1
  9
$DIMTVP
 40
0.0
  9
$DIMTIX
 70
0
  9
$DIMSOXD
 70
0
  9
$DIMSAH
 70
0
  9
$DIMBLK1
  1

  9
$DIMBLK2
  1

  9
$DIMSTYLE
  2
ISO-25
  9
$DIMCLRD
 70
0
  9
$DIMCLRE
 70
0
  9
$DIMCLRT
 70
0
  9
$DIMTFAC
 40
1.0
  9
$DIMGAP
 40
0.625
  9
$DIMJUST
 70
0
  9
$DIMSD1
 70
0
  9
$DIMSD2
 70
0
  9
$DIMTOLJ
 70
0
  9
$DIMTZIN
 70
8
  9
$DIMALTZ
 70
0
  9
$DIMALTTZ
 70
0
  9
$DIMUPT
 70
0
  9
$DIMDEC
 70
2
  9
$DIMTDEC
 70
2
  9
$DIMALTU
 70
2
  9
$DIMALTTD
 70
3
  9
$DIMTXSTY
  7
Standard
  9
$DIMAUNIT
 70
0
  9
$DIMADEC
 70
0
  9
$DIMALTRND
 40
0.0
  9
$DIMAZIN
 70
0
  9
$DIMDSEP
 70
44
  9
$DIMATFIT
 70
3
  9
$DIMFRAC
 70
0
  9
$DIMLDRBLK
  1

  9
$DIMLUNIT
 70
2
  9
$DIMLWD
 70
-2
  9
$DIMLWE
 70
-2
  9
$DIMTMOVE
 70
0
  9
$DIMFXL
 40
1.0
  9
$DIMFXLON
 70
0
  9
$DIMJOGANG
 40
0.785398163397
  9
$DIMTFILL
 70
0
  9
$DIMTFILLCLR
 70
0
  9
$DIMARCSYM
 70
0
  9
$DIMLTYPE
  6

  9
$DIMLTEX1
  6

  9
$DIMLTEX2
  6

  9
$DIMTXTDIRECTION
 70
0
  9
$LUNITS
 70
2
  9
$LUPREC
 70
4
  9
$SKETCHINC
 40
1.0
  9
$FILLETRAD
 40
10.0
  9
$AUNITS
 70
0
  9
$AUPREC
 70
2
  9
$MENU
  1
.
  9
$ELEVATION
 40
0.0
  9
$PELEVATION
 40
0.0
  9
$THICKNESS
 40
0.0
  9
$LIMCHECK
 70
0
  9
$CHAMFERA
 40
0.0
  9
$CHAMFERB
 40
0.0
  9
$CHAMFERC
 40
0.0
  9
$CHAMFERD
 40
0.0
  9
$SKPOLY
 70
0
  9
$TDCREATE
 40
2461283.430659722
  9
$TDUCREATE
 40
2458532.153996898
  9
$TDUPDATE
 40
2461283.430659722
  9
$TDUUPDATE
 40
2458532.1544311
  9
$TDINDWG
 40
0.0
  9
$TDUSRTIMER
 40
0.0
  9
$USRTIMER
 70
1
  9
$ANGBASE
 50
0.0
  9
$ANGDIR
 70
0
  9
$PDMODE
 70
0
  9
$PDSIZE
 40
0.0
  9
$PLINEWID
 40
0.0
  9
$SPLFRAME
 70
0
  9
$SPLINETYPE
 70
6
  9
$SPLINESEGS
 70
8
  9
$HANDSEED
  5
B5C
  9
$SURFTAB1
 70
6
  9
$SURFTAB2
 70
6
  9
$SURFTYPE
 70
6
  9
$SURFU
 70
6
  9
$SURFV
 70
6
  9
$UCSBASE
  2

  9
$UCSNAME
  2

  9
$UCSORG
 10
0.0
 20
0.0
 30
0.0
  9
$UCSXDIR
 10
1.0
 20
0.0
 30
0.0
  9
$UCSYDIR
 10
0.0
 20
1.0
 30
0.0
  9
$UCSORTHOREF
  2

  9
$UCSORTHOVIEW
 70
0
  9
$UCSORGTOP
 10
0.0
 20
0.0
 30
0.0
  9
$UCSORGBOTTOM
 10
0.0
 20
0.0
 30
0.0
  9
$UCSORGLEFT
 10
0.0
 20
0.0
 30
0.0
  9
$UCSORGRIGHT
 10
0.0
 20
0.0
 30
0.0
  9
$UCSORGFRONT
 10
0.0
 20
0.0
 30
0.0
  9
$UCSORGBACK
 10
0.0
 20
0.0
 30
0.0
  9
$PUCSBASE
  2

  9
$PUCSNAME
  2

  9
$PUCSORG
 10
0.0
 20
0.0
 30
0.0
  9
$PUCSXDIR
 10
1.0
 20
0.0
 30
0.0
  9
$PUCSYDIR
 10
0.0
 20
1.0
 30
0.0
  9
$PUCSORTHOREF
  2

  9
$PUCSORTHOVIEW
 70
0
  9
$PUCSORGTOP
 10
0.0
 20
0.0
 30
0.0
  9
$PUCSORGBOTTOM
 10
0.0
 20
0.0
 30
0.0
  9
$PUCSORGLEFT
 10
0.0
 20
0.0
 30
0.0
  9
$PUCSORGRIGHT
 10
0.0
 20
0.0
 30
0.0
  9
$PUCSORGFRONT
 10
0.0
 20
0.0
 30
0.0
  9
$PUCSORGBACK
 10
0.0
 20
0.0
 30
0.0
  9
$USERI1
 70
0
  9
$USERI2
 70
0
  9
$USERI3
 70
0
  9
$USERI4
 70
0
  9
$USERI5
 70
0
  9
$USERR1
 40
0.0
  9
$USERR2
 40
0.0
  9
$USERR3
 40
0.0
  9
$USERR4
 40
0.0
  9
$USERR5
 40
0.0
  9
$WORLDVIEW
 70
1
  9
$SHADEDGE
 70
3
  9
$SHADEDIF
 70
70
  9
$TILEMODE
 70
1
  9
$MAXACTVP
 70
64
  9
$PINSBASE
 10
0.0
 20
0.0
 30
0.0
  9
$PLIMCHECK
 70
0
  9
$PEXTMIN
 10
1e+20
 20
1e+20
 30
1e+20
  9
$PEXTMAX
 10
-1e+20
 20
-1e+20
 30
-1e+20
  9
$PLIMMIN
 10
0.0
 20
0.0
  9
$PLIMMAX
 10
420.0
 20
297.0
  9
$UNITMODE
 70
0
  9
$VISRETAIN
 70
1
  9
$PLINEGEN
 70
0
  9
$PSLTSCALE
 70
1
  9
$TREEDEPTH
 70
3020
  9
$CMLSTYLE
  2
Standard
  9
$CMLJUST
 70
0
  9
$CMLSCALE
 40
20.0
  9
$PROXYGRAPHICS
 70
1
  9
$MEASUREMENT
 70
1
  9
$CELWEIGHT
370
-1
  9
$ENDCAPS
280
0
  9
$JOINSTYLE
280
0
  9
$LWDISPLAY
290
0
  9
$INSUNITS
 70
6
  9
$HYPERLINKBASE
  1

  9
$STYLESHEET
  1

  9
$XEDIT
290
1
  9
$CEPSNTYPE
380
0
  9
$PSTYLEMODE
290
1
  9
$FINGERPRINTGUID
  2
{AB8CEC67-7B00-4D8E-B66C-78708785A6F4}
  9
$VERSIONGUID
  2
{DD08034D-4BA4-41C6-809F-410FA05BA1E9}
  9
$EXTNAMES
290
1
  9
$PSVPSCALE
 40
0.0
  9
$OLESTARTUP
290
0
  9
$SORTENTS
280
127
  9
$INDEXCTL
280
0
  9
$HIDETEXT
280
1
  9
$XCLIPFRAME
280
1
  9
$HALOGAP
280
0
  9
$OBSCOLOR
 70
257
  9
$OBSLTYPE
280
0
  9
$INTERSECTIONDISPLAY
280
0
  9
$INTERSECTIONCOLOR
 70
257
  9
$DIMASSOC
280
2
  9
$PROJECTNAME
  1

  9
$CAMERADISPLAY
290
0
  9
$LENSLENGTH
 40
50.0
  9
$CAMERAHEIGHT
 40
0.0
  9
$STEPSPERSEC
 40
24.0
  9
$STEPSIZE
 40
100.0
  9
$3DDWFPREC
 40
2.0
  9
$PSOLWIDTH
 40
0.005
  9
$PSOLHEIGHT
 40
0.08
  9
$LOFTANG1
 40
1.570796326795
  9
$LOFTANG2
 40
1.570796326795
  9
$LOFTMAG1
 40
0.0
  9
$LOFTMAG2
 40
0.0
  9
$LOFTPARAM
 70
7
  9
$LOFTNORMALS
280
1
  9
$LATITUDE
 40
37.795
  9
$LONGITUDE
 40
-122.394
  9
$NORTHDIRECTION
 40
0.0
  9
$TIMEZONE
 70
-8000
  9
$LIGHTGLYPHDISPLAY
280
1
  9
$TILEMODELIGHTSYNCH
280
1
  9
$CMATERIAL
347
20
  9
$SOLIDHIST
280
0
  9
$SHOWHIST
280
1
  9
$DWFFRAME
280
2
  9
$DGNFRAME
280
2
  9
$REALWORLDSCALE
290
1
  9
$INTERFERECOLOR
 62
256
  9
$CSHADOW
280
0
  9
$SHADOWPLANELOCATION
 40
0.0
  0
ENDSEC
  0
SECTION
  2
CLASSES
  0
CLASS
  1
ACDBDICTIONARYWDFLT
  2
AcDbDictionaryWithDefault
  3
ObjectDBX Classes
 90
0
 91
0
280
0
281
0
  0
CLASS
  1
SUN
  2
AcDbSun
  3
SCENEOE
 90
1153
 91
0
280
0
281
0
  0
CLASS
  1
VISUALSTYLE
  2
AcDbVisualStyle
  3
ObjectDBX Classes
 90
4095
 91
0
280
0
281
0
  0
CLASS
  1
MATERIAL
  2
AcDbMaterial
  3
ObjectDBX Classes
 90
1153
 91
0
280
0
281
0
  0
CLASS
  1
SCALE
  2
AcDbScale
  3
ObjectDBX Classes
 90
1153
 91
0
280
0
281
0
  0
CLASS
  1
TABLESTYLE
  2
AcDbTableStyle
  3
ObjectDBX Classes
 90
4095
 91
0
280
0
281
0
  0
CLASS
  1
MLEADERSTYLE
  2
AcDbMLeaderStyle
  3
ACDB_MLEADERSTYLE_CLASS
 90
4095
 91
0
280
0
281
0
  0
CLASS
  1
DICTIONARYVAR
  2
AcDbDictionaryVar
  3
ObjectDBX Classes
 90
0
 91
0
280
0
281
0
  0
CLASS
  1
CELLSTYLEMAP
  2
AcDbCellStyleMap
  3
ObjectDBX Classes
 90
1152
 91
0
280
0
281
0
  0
CLASS
  1
MENTALRAYRENDERSETTINGS
  2
AcDbMentalRayRenderSettings
  3
SCENEOE
 90
1024
 91
0
280
0
281
0
  0
CLASS
  1
ACDBDETAILVIEWSTYLE
  2
AcDbDetailViewStyle
  3
ObjectDBX Classes
 90
1025
 91
0
280
0
281
0
  0
CLASS
  1
ACDBSECTIONVIEWSTYLE
  2
AcDbSectionViewStyle
  3
ObjectDBX Classes
 90
1025
 91
0
280
0
281
0
  0
CLASS
  1
RASTERVARIABLES
  2
AcDbRasterVariables
  3
ISM
 90
0
 91
0
280
0
281
0
  0
CLASS
  1
LAYOUT
  2
AcDbLayout
  3
ObjectDBX Classes
 90
0
 91
0
280
0
281
0
  0
CLASS
  1
ACDBPLACEHOLDER
  2
AcDbPlaceHolder
  3
ObjectDBX Classes
 90
0
 91
0
280
0
281
0
  0
ENDSEC
  0
SECTION
  2
TABLES
  0
TABLE
  2
VPORT
  5
8
330
0
100
AcDbSymbolTable
 70
1
  0
VPORT
  5
23
330
8
100
AcDbSymbolTableRecord
100
AcDbViewportTableRecord
  2
*Active
 70
0
 10
0.0
 20
0.0
 11
1.0
 21
1.0
 12
0.0
 22
0.0
 13
0.0
 23
0.0
 14
0.5
 24
0.5
 15
0.5
 25
0.5
 16
0.0
 26
0.0
 36
1.0
 17
0.0
 27
0.0
 37
0.0
 40
1000.0
 41
1.34
 42
50.0
 43
0.0
 44
0.0
 50
0.0
 51
0.0
 71
0
 72
1000
 73
1
 74
3
 75
0
 76
0
 77
0
 78
0
281
0
 65
0
146
0.0
  0
ENDTAB
  0
TABLE
  2
LTYPE
  5
2
330
0
100
AcDbSymbolTable
 70
3
  0
LTYPE
  5
24
330
2
100
AcDbSymbolTableRecord
100
AcDbLinetypeTableRecord
  2
ByBlock
 70
0
  3

 72
65
 73
0
 40
0.0
  0
LTYPE
  5
25
330
2
100
AcDbSymbolTableRecord
100
AcDbLinetypeTableRecord
  2
ByLayer
 70
0
  3

 72
65
 73
0
 40
0.0
  0
LTYPE
  5
26
330
2
100
AcDbSymbolTableRecord
100
AcDbLinetypeTableRecord
  2
Continuous
 70
0
  3

 72
65
 73
0
 40
0.0
  0
ENDTAB
  0
TABLE
  2
LAYER
  5
1
330
0
100
AcDbSymbolTable
 70
7
  0
LAYER
  5
27
330
1
100
AcDbSymbolTableRecord
100
AcDbLayerTableRecord
  2
0
 70
0
 62
7
  6
Continuous
370
-3
390
13
347
21
  0
LAYER
  5
28
330
1
100
AcDbSymbolTableRecord
100
AcDbLayerTableRecord
  2
Defpoints
 70
0
 62
7
  6
Continuous
290
0
370
-3
390
13
347
21
  0
LAYER
  5
2F
330
1
100
AcDbSymbolTableRecord
100
AcDbLayerTableRecord
  2
CUT_REFERENCE
 70
0
 62
1
  6
Continuous
370
-3
390
13
347
21
  0
LAYER
  5
30
330
1
100
AcDbSymbolTableRecord
100
AcDbLayerTableRecord
  2
ENGRAVE_AWA
 70
0
 62
4
  6
Continuous
370
-3
390
13
347
21
  0
LAYER
  5
31
330
1
100
AcDbSymbolTableRecord
100
AcDbLayerTableRecord
  2
ENGRAVE_POLARS
 70
0
 62
3
  6
Continuous
370
-3
390
13
347
21
  0
LAYER
  5
32
330
1
100
AcDbSymbolTableRecord
100
AcDbLayerTableRecord
  2
ENGRAVE_TEXT
 70
0
 62
7
  6
Continuous
370
-3
390
13
347
21
  0
LAYER
  5
33
330
1
100
AcDbSymbolTableRecord
100
AcDbLayerTableRecord
  2
ENGRAVE_VMG
 70
0
 62
2
  6
Continuous
370
-3
390
13
347
21
  0
ENDTAB
  0
TABLE
  2
STYLE
  5
5
330
0
100
AcDbSymbolTable
 70
1
  0
STYLE
  5
29
330
5
100
AcDbSymbolTableRecord
100
AcDbTextStyleTableRecord
  2
Standard
 70
0
 40
0.0
 41
1.0
 50
0.0
 71
0
 42
2.5
  3
txt
  4

  0
ENDTAB
  0
TABLE
  2
VIEW
  5
7
330
0
100
AcDbSymbolTable
 70
0
  0
ENDTAB
  0
TABLE
  2
UCS
  5
6
330
0
100
AcDbSymbolTable
 70
0
  0
ENDTAB
  0
TABLE
  2
APPID
  5
3
330
0
100
AcDbSymbolTable
 70
3
  0
APPID
  5
2A
330
3
100
AcDbSymbolTableRecord
100
AcDbRegAppTableRecord
  2
ACAD
 70
0
  0
APPID
  5
B59
330
3
100
AcDbSymbolTableRecord
100
AcDbRegAppTableRecord
  2
HATCHBACKGROUNDCOLOR
 70
0
  0
APPID
  5
B5A
330
3
100
AcDbSymbolTableRecord
100
AcDbRegAppTableRecord
  2
EZDXF
 70
0
  0
ENDTAB
  0
TABLE
  2
DIMSTYLE
  5
4
330
0
100
AcDbSymbolTable
 70
1
100
AcDbDimStyleTable
  0
DIMSTYLE
105
2B
330
4
100
AcDbSymbolTableRecord
100
AcDbDimStyleTableRecord
  2
Standard
 70
0
 40
1.0
 41
2.5
 42
0.625
 43
3.75
 44
1.25
 45
0.0
 46
0.0
 47
0.0
 48
0.0
 49
2.5
140
2.5
141
2.5
142
0.0
143
0.03937007874
144
1.0
145
0.0
146
1.0
147
0.625
148
0.0
 69
0
 70
0
 71
0
 72
0
 73
0
 74
0
 75
0
 76
0
 77
1
 78
8
 79
3
170
0
171
3
172
1
173
0
174
0
175
0
176
0
177
0
178
0
179
2
271
2
272
2
273
2
274
3
275
0
276
0
277
2
278
44
279
0
280
0
281
0
282
0
283
0
284
8
285
0
286
0
288
0
289
3
290
0
371
-2
372
-2
  0
ENDTAB
  0
TABLE
  2
BLOCK_RECORD
  5
9
330
0
100
AcDbSymbolTable
 70
2
  0
BLOCK_RECORD
  5
17
330
9
100
AcDbSymbolTableRecord
100
AcDbBlockTableRecord
  2
*Model_Space
340
1A
 70
0
280
1
281
0
  0
BLOCK_RECORD
  5
1B
330
9
100
AcDbSymbolTableRecord
100
AcDbBlockTableRecord
  2
*Paper_Space
340
1E
 70
0
280
1
281
0
  0
ENDTAB
  0
ENDSEC
  0
SECTION
  2
BLOCKS
  0
BLOCK
  5
18
330
17
100
AcDbEntity
  8
0
100
AcDbBlockBegin
  2
*Model_Space
 70
0
 10
0.0
 20
0.0
 30
0.0
  3
*Model_Space
  1

  0
ENDBLK
  5
19
330
17
100
AcDbEntity
  8
0
100
AcDbBlockEnd
  0
BLOCK
  5
1C
330
1B
100
AcDbEntity
  8
0
100
AcDbBlockBegin
  2
*Paper_Space
 70
0
 10
0.0
 20
0.0
 30
0.0
  3
*Paper_Space
  1

  0
ENDBLK
  5
1D
330
1B
100
AcDbEntity
  8
0
100
AcDbBlockEnd
  0
ENDSEC
  0
SECTION
  2
ENTITIES
  0
CIRCLE
  5
34
330
17
100
AcDbEntity
  8
CUT_REFERENCE
100
AcDbCircle
 10
0.0
 20
0.0
 30
0.0
 40
57.5
  0
CIRCLE
  5
35
330
17
100
AcDbEntity
  8
CUT_REFERENCE
100
AcDbCircle
 10
0.0
 20
0.0
 30
0.0
 40
44.54
  0
CIRCLE
  5
36
330
17
100
AcDbEntity
  8
CUT_REFERENCE
100
AcDbCircle
 10
0.0
 20
0.0
 30
0.0
 40
1.6
  0
CIRCLE
  5
37
330
17
100
AcDbEntity
  8
CUT_REFERENCE
100
AcDbCircle
 10
0.0
 20
-37.11666666666667
 30
0.0
 40
1.25
  0
CIRCLE
  5
38
330
17
100
AcDbEntity
  8
ENGRAVE_AWA
100
AcDbCircle
 10
0.0
 20
0.0
 30
0.0
 40
7.423333333333334
  0
TEXT
  5
39
330
17
100
AcDbEntity
  8
ENGRAVE_TEXT
100
AcDbText
 10
0.0
 20
6.423333333333334
 30
0.0
 40
4.0
  1
0.2
 72
1
 11
0.0
 21
6.423333333333334
 31
0.0
100
AcDbText
 73
3
  0
CIRCLE
  5
3A
330
17
100
AcDbEntity
  8
ENGRAVE_AWA
100
AcDbCircle
 10
0.0
 20
0.0
 30
0.0
 40
14.846666666666668
  0
TEXT
  5
3B
330
17
100
AcDbEntity
  8
ENGRAVE_TEXT
100
AcDbText
 10
0.0
 20
13.846666666666668
 30
0.0
 40
4.0
  1
0.4
 72
1
 11
0.0
 21
13.846666666666668
 31
0.0
100
AcDbText
 73
3
  0
CIRCLE
  5
3C
330
17
100
AcDbEntity
  8
ENGRAVE_AWA
100
AcDbCircle
 10
0.0
 20
0.0
 30
0.0
 40
22.270000000000003
  0
TEXT
  5
3D
330
17
100
AcDbEntity
  8
ENGRAVE_TEXT
100
AcDbText
 10
0.0
 20
21.270000000000003
 30
0.0
 40
4.0
  1
0.6
 72
1
 11
0.0
 21
21.270000000000003
 31
0.0
100
AcDbText
 73
3
  0
CIRCLE
  5
3E
330
17
100
AcDbEntity
  8
ENGRAVE_AWA
100
AcDbCircle
 10
0.0
 20
0.0
 30
0.0
 40
29.693333333333335
  0
TEXT
  5
3F
330
17
100
AcDbEntity
  8
ENGRAVE_TEXT
100
AcDbText
 10
0.0
 20
28.693333333333335
 30
0.0
 40
4.0
  1
0.8
 72
1
 11
0.0
 21
28.693333333333335
 31
0.0
100
AcDbText
 73
3
  0
CIRCLE
  5
40
330
17
100
AcDbEntity
  8
ENGRAVE_AWA
100
AcDbCircle
 10
0.0
 20
0.0
 30
0.0
 40
37.11666666666667
  0
TEXT
  5
41
330
17
100
AcDbEntity
  8
ENGRAVE_TEXT
100
AcDbText
 10
0.0
 20
36.11666666666667
 30
0.0
 40
4.0
  1
1.0
 72
1
 11
0.0
 21
36.11666666666667
 31
0.0
100
AcDbText
 73
3
  0
LINE
  5
42
330
17
100
AcDbEntity
  8
ENGRAVE_AWA
100
AcDbLine
 10
0.0
 20
0.0
 30
0.0
 11
0.0
 21
44.54
 31
0.0
  0
LINE
  5
43
330
17
100
AcDbEntity
  8
ENGRAVE_AWA
100
AcDbLine
 10
0.0
 20
0.0
 30
0.0
 11
7.734289833285077
 21
43.86333731916375
 31
0.0
  0
LINE
  5
44
330
17
100
AcDbEntity
  8
ENGRAVE_AWA
100
AcDbLine
 10
0.0
 20
0.0
 30
0.0
 11
15.233577183725284
 21
41.85390932980436
 31
0.0
  0
LINE
  5
45
330
17
100
AcDbEntity
  8
ENGRAVE_AWA
100
AcDbLine
 10
0.0
 20
0.0
 30
0.0
 11
22.269999999999996
 21
38.5727714845589
 31
0.0
  0
LINE
  5
46
330
17
100
AcDbEntity
  8
ENGRAVE_AWA
100
AcDbLine
 10
0.0
 20
0.0
 30
0.0
 11
28.629760135438456
 21
34.11961949651928
 31
0.0
  0
LINE
  5
47
330
17
100
AcDbEntity
  8
ENGRAVE_AWA
100
AcDbLine
 10
0.0
 20
0.0
 30
0.0
 11
34.11961949651928
 21
28.629760135438463
 31
0.0
  0
LINE
  5
48
330
17
100
AcDbEntity
  8
ENGRAVE_AWA
100
AcDbLine
 10
0.0
 20
0.0
 30
0.0
 11
38.57277148455889
 21
22.270000000000003
 31
0.0
  0
LINE
  5
49
330
17
100
AcDbEntity
  8
ENGRAVE_AWA
100
AcDbLine
 10
0.0
 20
0.0
 30
0.0
 11
41.85390932980435
 21
15.23357718372529
 31
0.0
  0
LINE
  5
4A
330
17
100
AcDbEntity
  8
ENGRAVE_AWA
100
AcDbLine
 10
0.0
 20
0.0
 30
0.0
 11
43.86333731916375
 21
7.7342898332850805
 31
0.0
  0
LINE
  5
4B
330
17
100
AcDbEntity
  8
ENGRAVE_AWA
100
AcDbLine
 10
0.0
 20
0.0
 30
0.0
 11
44.54
 21
2.7272884217011553e-15
 31
0.0
  0
LINE
  5
4C
330
17
100
AcDbEntity
  8
ENGRAVE_AWA
100
AcDbLine
 10
0.0
 20
0.0
 30
0.0
 11
43.86333731916375
 21
-7.734289833285075
 31
0.0
  0
LINE
  5
4D
330
17
100
AcDbEntity
  8
ENGRAVE_AWA
100
AcDbLine
 10
0.0
 20
0.0
 30
0.0
 11
41.85390932980436
 21
-15.233577183725284
 31
0.0
  0
LINE
  5
4E
330
17
100
AcDbEntity
  8
ENGRAVE_AWA
100
AcDbLine
 10
0.0
 20
0.0
 30
0.0
 11
38.5727714845589
 21
-22.26999999999999
 31
0.0
  0
LINE
  5
4F
330
17
100
AcDbEntity
  8
ENGRAVE_AWA
100
AcDbLine
 10
0.0
 20
0.0
 30
0.0
 11
34.11961949651928
 21
-28.629760135438463
 31
0.0
  0
LINE
  5
50
330
17
100
AcDbEntity
  8
ENGRAVE_AWA
100
AcDbLine
 10
0.0
 20
0.0
 30
0.0
 11
28.629760135438467
 21
-34.11961949651928
 31
0.0
  0
LINE
  5
51
330
17
100
AcDbEntity
  8
ENGRAVE_AWA
100
AcDbLine
 10
0.0
 20
0.0
 30
0.0
 11
22.269999999999996
 21
-38.5727714845589
 31
0.0
  0
LINE
  5
52
330
17
100
AcDbEntity
  8
ENGRAVE_AWA
100
AcDbLine
 10
0.0
 20
0.0
 30
0.0
 11
15.233577183725291
 21
-41.85390932980435
 31
0.0
  0
LINE
  5
53
330
17
100
AcDbEntity
  8
ENGRAVE_AWA
100
AcDbLine
 10
0.0
 20
0.0
 30
0.0
 11
7.734289833285074
 21
-43.86333731916375
 31
0.0
  0
LINE
  5
54
330
17
100
AcDbEntity
  8
ENGRAVE_AWA
100
AcDbLine
 10
0.0
 20
0.0
 30
0.0
 11
5.454576843402311e-15
 21
-44.54
 31
0.0
  0
LINE
  5
55
330
17
100
AcDbEntity
  8
ENGRAVE_AWA
100
AcDbLine
 10
0.0
 20
0.0
 30
0.0
 11
-7.734289833285083
 21
-43.86333731916375
 31
0.0
  0
LINE
  5
56
330
17
100
AcDbEntity
  8
ENGRAVE_AWA
100
AcDbLine
 10
0.0
 20
0.0
 30
0.0
 11
-15.233577183725282
 21
-41.85390932980436
 31
0.0
  0
LINE
  5
57
330
17
100
AcDbEntity
  8
ENGRAVE_AWA
100
AcDbLine
 10
0.0
 20
0.0
 30
0.0
 11
-22.270000000000003
 21
-38.57277148455889
 31
0.0
  0
LINE
  5
58
330
17
100
AcDbEntity
  8
ENGRAVE_AWA
100
AcDbLine
 10
0.0
 20
0.0
 30
0.0
 11
-28.629760135438456
 21
-34.11961949651928
 31
0.0
  0
LINE
  5
59
330
17
100
AcDbEntity
  8
ENGRAVE_AWA
100
AcDbLine
 10
0.0
 20
0.0
 30
0.0
 11
-34.11961949651928
 21
-28.629760135438467
 31
0.0
  0
LINE
  5
5A
330
17
100
AcDbEntity
  8
ENGRAVE_AWA
100
AcDbLine
 10
0.0
 20
0.0
 30
0.0
 11
-38.572771484558885
 21
-22.27000000000002
 31
0.0
  0
LINE
  5
5B
330
17
100
AcDbEntity
  8
ENGRAVE_AWA
100
AcDbLine
 10
0.0
 20
0.0
 30
0.0
 11
-41.85390932980436
 21
-15.233577183725277
 31
0.0
  0
LINE
  5
5C
330
17
100
AcDbEntity
  8
ENGRAVE_AWA
100
AcDbLine
 10
0.0
 20
0.0
 30
0.0
 11
-43.86333731916375
 21
-7.734289833285077
 31
0.0
  0
LINE
  5
5D
330
17
100
AcDbEntity
  8
ENGRAVE_AWA
100
AcDbLine
 10
0.0
 20
0.0
 30
0.0
 11
-44.54
 21
-8.181865265103466e-15
 31
0.0
  0
LINE
  5
5E
330
17
100
AcDbEntity
  8
ENGRAVE_AWA
100
AcDbLine
 10
0.0
 20
0.0
 30
0.0
 11
-43.86333731916375
 21
7.734289833285061
 31
0.0
  0
LINE
  5
5F
330
17
100
AcDbEntity
  8
ENGRAVE_AWA
100
AcDbLine
 10
0.0
 20
0.0
 30
0.0
 11
-41.85390932980435
 21
15.233577183725297
 31
0.0
  0
LINE
  5
60
330
17
100
AcDbEntity
  8
ENGRAVE_AWA
100
AcDbLine
 10
0.0
 20
0.0
 30
0.0
 11
-38.57277148455889
 21
22.270000000000003
 31
0.0
  0
LINE
  5
61
330
17
100
AcDbEntity
  8
ENGRAVE_AWA
100
AcDbLine
 10
0.0
 20
0.0
 30
0.0
 11
-34.119619496519284
 21
28.629760135438456
 31
0.0
  0
LINE
  5
62
330
17
100
AcDbEntity
  8
ENGRAVE_AWA
100
AcDbLine
 10
0.0
 20
0.0
 30
0.0
 11
-28.629760135438474
 21
34.11961949651927
 31
0.0
  0
LINE
  5
63
330
17
100
AcDbEntity
  8
ENGRAVE_AWA
100
AcDbLine
 10
0.0
 20
0.0
 30
0.0
 11
-22.27000000000002
 21
38.572771484558885
 31
0.0
  0
LINE
  5
64
330
17
100
AcDbEntity
  8
ENGRAVE_AWA
100
AcDbLine
 10
0.0
 20
0.0
 30
0.0
 11
-15.233577183725279
 21
41.85390932980436
 31
0.0
  0
LINE
  5
65
330
17
100
AcDbEntity
  8
ENGRAVE_AWA
100
AcDbLine
 10
0.0
 20
0.0
 30
0.0
 11
-7.73428983328508
 21
43.86333731916375
 31
0.0
  0
LINE
  5
66
330
17
100
AcDbEntity
  8
ENGRAVE_AWA
100
AcDbLine
 10
0.0
 20
-37.11666666666667
 30
0.0
 11
0.0
 21
44.54000000000001
 31
0.0
  0
TEXT
  5
67
330
17
100
AcDbEntity
  8
ENGRAVE_TEXT
100
AcDbText
 10
0.0
 20
-22.27
 30
0.0
 40
3.5
  1
0
 72
1
 11
0.0
 21
-22.27
 31
0.0
100
AcDbText
 73
2
  0
LINE
  5
68
330
17
100
AcDbEntity
  8
ENGRAVE_AWA
100
AcDbLine
 10
0.0
 20
-37.11666666666667
 30
0.0
 11
14.000206984780958
 21
42.282452677006454
 31
0.0
  0
TEXT
  5
69
330
17
100
AcDbEntity
  8
ENGRAVE_TEXT
100
AcDbText
 10
2.5780966110950256
 20
-22.495554226945416
 30
0.0
 40
3.5
  1
10
 50
-10.0
 72
1
 11
2.5780966110950256
 21
-22.495554226945416
 31
0.0
100
AcDbText
 73
2
  0
LINE
  5
6A
330
17
100
AcDbEntity
  8
ENGRAVE_AWA
100
AcDbLine
 10
0.0
 20
-37.11666666666667
 30
0.0
 11
26.530793595637515
 21
35.77608965755872
 31
0.0
  0
TEXT
  5
6B
330
17
100
AcDbEntity
  8
ENGRAVE_TEXT
100
AcDbText
 10
5.077859061241762
 20
-23.16536355673188
 30
0.0
 40
3.5
  1
20
 50
-20.0
 72
1
 11
5.077859061241762
 21
-23.16536355673188
 31
0.0
100
AcDbText
 73
2
  0
LINE
  5
6C
330
17
100
AcDbEntity
  8
ENGRAVE_AWA
100
AcDbLine
 10
0.0
 20
-37.11666666666667
 30
0.0
 11
36.31673968464431
 21
25.785771632390222
 31
0.0
  0
TEXT
  5
6D
330
17
100
AcDbEntity
  8
ENGRAVE_TEXT
100
AcDbText
 10
7.423333333333333
 20
-24.2590761718137
 30
0.0
 40
3.5
  1
30
 50
-30.0
 72
1
 11
7.423333333333333
 21
-24.2590761718137
 31
0.0
100
AcDbText
 73
2
  0
LINE
  5
6E
330
17
100
AcDbEntity
  8
ENGRAVE_AWA
100
AcDbLine
 10
0.0
 20
-37.11666666666667
 30
0.0
 11
42.452392812215734
 21
13.476124981512065
 31
0.0
  0
TEXT
  5
6F
330
17
100
AcDbEntity
  8
ENGRAVE_TEXT
100
AcDbText
 10
9.543253378479486
 20
-25.743460167826907
 30
0.0
 40
3.5
  1
40
 50
-40.0
 72
1
 11
9.543253378479486
 21
-25.743460167826907
 31
0.0
100
AcDbText
 73
2
  0
LINE
  5
70
330
17
100
AcDbEntity
  8
ENGRAVE_AWA
100
AcDbLine
 10
0.0
 20
-37.11666666666667
 30
0.0
 11
44.53926307347944
 21
0.25621255119778397
 31
0.0
  0
TEXT
  5
71
330
17
100
AcDbEntity
  8
ENGRAVE_TEXT
100
AcDbText
 10
11.37320649883976
 20
-27.57341328818718
 30
0.0
 40
3.5
  1
50
 50
-50.0
 72
1
 11
11.37320649883976
 21
-27.57341328818718
 31
0.0
100
AcDbText
 73
2
  0
LINE
  5
72
330
17
100
AcDbEntity
  8
ENGRAVE_AWA
100
AcDbLine
 10
0.0
 20
-37.11666666666667
 30
0.0
 11
42.77278012460979
 21
-12.421790547734524
 31
0.0
  0
TEXT
  5
73
330
17
100
AcDbEntity
  8
ENGRAVE_TEXT
100
AcDbText
 10
12.857590494852966
 20
-29.69333333333333
 30
0.0
 40
3.5
  1
60
 50
-60.0
 72
1
 11
12.857590494852966
 21
-29.69333333333333
 31
0.0
100
AcDbText
 73
2
  0
LINE
  5
74
330
17
100
AcDbEntity
  8
ENGRAVE_AWA
100
AcDbLine
 10
0.0
 20
-37.11666666666667
 30
0.0
 11
37.95903970932556
 21
-23.30070609114336
 31
0.0
  0
TEXT
  5
75
330
17
100
AcDbEntity
  8
ENGRAVE_TEXT
100
AcDbText
 10
13.951303109934786
 20
-32.03880760542491
 30
0.0
 40
3.5
  1
70
 50
-70.0
 72
1
 11
13.951303109934786
 21
-32.03880760542491
 31
0.0
100
AcDbText
 73
2
  0
LINE
  5
76
330
17
100
AcDbEntity
  8
ENGRAVE_AWA
100
AcDbLine
 10
0.0
 20
-37.11666666666667
 30
0.0
 11
31.41074487078096
 21
-31.578104861797954
 31
0.0
  0
TEXT
  5
77
330
17
100
AcDbEntity
  8
ENGRAVE_TEXT
100
AcDbText
 10
14.62111243972125
 20
-34.53857005557164
 30
0.0
 40
3.5
  1
80
 50
-80.0
 72
1
 11
14.62111243972125
 21
-34.53857005557164
 31
0.0
100
AcDbText
 73
2
  0
LINE
  5
78
330
17
100
AcDbEntity
  8
ENGRAVE_AWA
100
AcDbLine
 10
0.0
 20
-37.11666666666667
 30
0.0
 11
24.62041136040492
 21
-37.11666666666667
 31
0.0
  0
LINE
  5
79
330
17
100
AcDbEntity
  8
ENGRAVE_AWA
100
AcDbLine
 10
0.0
 20
-37.11666666666667
 30
0.0
 11
18.716097217676555
 21
-40.416819579705674
 31
0.0
  0
LINE
  5
7A
330
17
100
AcDbEntity
  8
ENGRAVE_AWA
100
AcDbLine
 10
0.0
 20
-37.11666666666667
 30
0.0
 11
14.10090626312684
 21
-42.2489768226227
 31
0.0
  0
LINE
  5
7B
330
17
100
AcDbEntity
  8
ENGRAVE_AWA
100
AcDbLine
 10
0.0
 20
-37.11666666666667
 30
0.0
 11
10.628803887477364
 21
-43.25320945226546
 31
0.0
  0
LINE
  5
7C
330
17
100
AcDbEntity
  8
ENGRAVE_AWA
100
AcDbLine
 10
0.0
 20
-37.11666666666667
 30
0.0
 11
7.986481974176314
 21
-43.81812074560201
 31
0.0
  0
LINE
  5
7D
330
17
100
AcDbEntity
  8
ENGRAVE_AWA
100
AcDbLine
 10
0.0
 20
-37.11666666666667
 30
0.0
 11
5.899611712912619
 21
-44.14755012044116
 31
0.0
  0
LINE
  5
7E
330
17
100
AcDbEntity
  8
ENGRAVE_AWA
100
AcDbLine
 10
0.0
 20
-37.11666666666667
 30
0.0
 11
4.1727634475119055
 21
-44.34410496572356
 31
0.0
  0
LINE
  5
7F
330
17
100
AcDbEntity
  8
ENGRAVE_AWA
100
AcDbLine
 10
0.0
 20
-37.11666666666667
 30
0.0
 11
2.6726601494387983
 21
-44.45974007712598
 31
0.0
  0
LINE
  5
80
330
17
100
AcDbEntity
  8
ENGRAVE_AWA
100
AcDbLine
 10
0.0
 20
-37.11666666666667
 30
0.0
 11
1.305559331676554
 21
-44.52086156883615
 31
0.0
  0
LINE
  5
81
330
17
100
AcDbEntity
  8
ENGRAVE_AWA
100
AcDbLine
 10
0.0
 20
-37.11666666666667
 30
0.0
 11
9.090961405670514e-16
 21
-44.54
 31
0.0
  0
LINE
  5
82
330
17
100
AcDbEntity
  8
ENGRAVE_AWA
100
AcDbLine
 10
0.0
 20
-37.11666666666667
 30
0.0
 11
-1.305559331676555
 21
-44.52086156883615
 31
0.0
  0
LINE
  5
83
330
17
100
AcDbEntity
  8
ENGRAVE_AWA
100
AcDbLine
 10
0.0
 20
-37.11666666666667
 30
0.0
 11
-2.6726601494387974
 21
-44.45974007712598
 31
0.0
  0
LINE
  5
84
330
17
100
AcDbEntity
  8
ENGRAVE_AWA
100
AcDbLine
 10
0.0
 20
-37.11666666666667
 30
0.0
 11
-4.172763447511908
 21
-44.34410496572356
 31
0.0
  0
LINE
  5
85
330
17
100
AcDbEntity
  8
ENGRAVE_AWA
100
AcDbLine
 10
0.0
 20
-37.11666666666667
 30
0.0
 11
-5.899611712912619
 21
-44.14755012044116
 31
0.0
  0
LINE
  5
86
330
17
100
AcDbEntity
  8
ENGRAVE_AWA
100
AcDbLine
 10
0.0
 20
-37.11666666666667
 30
0.0
 11
-7.986481974176309
 21
-43.818120745602
 31
0.0
  0
LINE
  5
87
330
17
100
AcDbEntity
  8
ENGRAVE_AWA
100
AcDbLine
 10
0.0
 20
-37.11666666666667
 30
0.0
 11
-10.62880388747735
 21
-43.253209452265466
 31
0.0
  0
LINE
  5
88
330
17
100
AcDbEntity
  8
ENGRAVE_AWA
100
AcDbLine
 10
0.0
 20
-37.11666666666667
 30
0.0
 11
-14.100906263126843
 21
-42.2489768226227
 31
0.0
  0
LINE
  5
89
330
17
100
AcDbEntity
  8
ENGRAVE_AWA
100
AcDbLine
 10
0.0
 20
-37.11666666666667
 30
0.0
 11
-18.716097217676555
 21
-40.416819579705674
 31
0.0
  0
LINE
  5
8A
330
17
100
AcDbEntity
  8
ENGRAVE_AWA
100
AcDbLine
 10
0.0
 20
-37.11666666666667
 30
0.0
 11
-24.62041136040491
 21
-37.116666666666674
 31
0.0
  0
LINE
  5
8B
330
17
100
AcDbEntity
  8
ENGRAVE_AWA
100
AcDbLine
 10
0.0
 20
-37.11666666666667
 30
0.0
 11
-31.410744870780945
 21
-31.57810486179797
 31
0.0
  0
TEXT
  5
8C
330
17
100
AcDbEntity
  8
ENGRAVE_TEXT
100
AcDbText
 10
-14.621112439721252
 20
-34.53857005557165
 30
0.0
 40
3.5
  1
80
 50
-280.0
 72
1
 11
-14.621112439721252
 21
-34.53857005557165
 31
0.0
100
AcDbText
 73
2
  0
LINE
  5
8D
330
17
100
AcDbEntity
  8
ENGRAVE_AWA
100
AcDbLine
 10
0.0
 20
-37.11666666666667
 30
0.0
 11
-37.959039709325566
 21
-23.30070609114335
 31
0.0
  0
TEXT
  5
8E
330
17
100
AcDbEntity
  8
ENGRAVE_TEXT
100
AcDbText
 10
-13.951303109934786
 20
-32.0388076054249
 30
0.0
 40
3.5
  1
70
 50
-290.0
 72
1
 11
-13.951303109934786
 21
-32.0388076054249
 31
0.0
100
AcDbText
 73
2
  0
LINE
  5
8F
330
17
100
AcDbEntity
  8
ENGRAVE_AWA
100
AcDbLine
 10
0.0
 20
-37.11666666666667
 30
0.0
 11
-42.77278012460979
 21
-12.421790547734524
 31
0.0
  0
TEXT
  5
90
330
17
100
AcDbEntity
  8
ENGRAVE_TEXT
100
AcDbText
 10
-12.857590494852966
 20
-29.69333333333333
 30
0.0
 40
3.5
  1
60
 50
-300.0
 72
1
 11
-12.857590494852966
 21
-29.69333333333333
 31
0.0
100
AcDbText
 73
2
  0
LINE
  5
91
330
17
100
AcDbEntity
  8
ENGRAVE_AWA
100
AcDbLine
 10
0.0
 20
-37.11666666666667
 30
0.0
 11
-44.53926307347944
 21
0.25621255119776976
 31
0.0
  0
TEXT
  5
92
330
17
100
AcDbEntity
  8
ENGRAVE_TEXT
100
AcDbText
 10
-11.373206498839762
 20
-27.573413288187183
 30
0.0
 40
3.5
  1
50
 50
-310.0
 72
1
 11
-11.373206498839762
 21
-27.573413288187183
 31
0.0
100
AcDbText
 73
2
  0
LINE
  5
93
330
17
100
AcDbEntity
  8
ENGRAVE_AWA
100
AcDbLine
 10
0.0
 20
-37.11666666666667
 30
0.0
 11
-42.45239281221575
 21
13.476124981512037
 31
0.0
  0
TEXT
  5
94
330
17
100
AcDbEntity
  8
ENGRAVE_TEXT
100
AcDbText
 10
-9.543253378479491
 20
-25.74346016782691
 30
0.0
 40
3.5
  1
40
 50
-320.0
 72
1
 11
-9.543253378479491
 21
-25.74346016782691
 31
0.0
100
AcDbText
 73
2
  0
LINE
  5
95
330
17
100
AcDbEntity
  8
ENGRAVE_AWA
100
AcDbLine
 10
0.0
 20
-37.11666666666667
 30
0.0
 11
-36.31673968464435
 21
25.785771632390194
 31
0.0
  0
TEXT
  5
96
330
17
100
AcDbEntity
  8
ENGRAVE_TEXT
100
AcDbText
 10
-7.42333333333334
 20
-24.259076171813703
 30
0.0
 40
3.5
  1
30
 50
-330.0
 72
1
 11
-7.42333333333334
 21
-24.259076171813703
 31
0.0
100
AcDbText
 73
2
  0
LINE
  5
97
330
17
100
AcDbEntity
  8
ENGRAVE_AWA
100
AcDbLine
 10
0.0
 20
-37.11666666666667
 30
0.0
 11
-26.530793595637505
 21
35.77608965755872
 31
0.0
  0
TEXT
  5
98
330
17
100
AcDbEntity
  8
ENGRAVE_TEXT
100
AcDbText
 10
-5.07785906124176
 20
-23.16536355673188
 30
0.0
 40
3.5
  1
20
 50
-340.0
 72
1
 11
-5.07785906124176
 21
-23.16536355673188
 31
0.0
100
AcDbText
 73
2
  0
LINE
  5
99
330
17
100
AcDbEntity
  8
ENGRAVE_AWA
100
AcDbLine
 10
0.0
 20
-37.11666666666667
 30
0.0
 11
-14.00020698478096
 21
42.28245267700644
 31
0.0
  0
TEXT
  5
9A
330
17
100
AcDbEntity
  8
ENGRAVE_TEXT
100
AcDbText
 10
-2.5780966110950265
 20
-22.495554226945416
 30
0.0
 40
3.5
  1
10
 50
-350.0
 72
1
 11
-2.5780966110950265
 21
-22.495554226945416
 31
0.0
100
AcDbText
 73
2
  0
ARC
  5
9B
330
17
100
AcDbEntity
  8
ENGRAVE_AWA
100
AcDbCircle
 10
0.0
 20
-37.11666666666667
 30
0.0
 40
7.423333333333334
100
AcDbArc
 50
0.0
 51
360.0
  0
TEXT
  5
9C
330
17
100
AcDbEntity
  8
ENGRAVE_TEXT
100
AcDbText
 10
0.0
 20
-28.693333333333335
 30
0.0
 40
4.0
  1
0.2
 72
1
 11
0.0
 21
-28.693333333333335
 31
0.0
100
AcDbText
 73
1
  0
ARC
  5
9D
330
17
100
AcDbEntity
  8
ENGRAVE_AWA
100
AcDbCircle
 10
0.0
 20
-37.11666666666667
 30
0.0
 40
14.846666666666668
100
AcDbArc
 50
339.51268488527734
 51
200.48731511472266
  0
TEXT
  5
9E
330
17
100
AcDbEntity
  8
ENGRAVE_TEXT
100
AcDbText
 10
0.0
 20
-21.27
 30
0.0
 40
4.0
  1
0.4
 72
1
 11
0.0
 21
-21.27
 31
0.0
100
AcDbText
 73
1
  0
ARC
  5
9F
330
17
100
AcDbEntity
  8
ENGRAVE_AWA
100
AcDbCircle
 10
0.0
 20
-37.11666666666667
 30
0.0
 40
22.270000000000003
100
AcDbArc
 50
356.1774462707257
 51
183.82255372927432
  0
TEXT
  5
A0
330
17
100
AcDbEntity
  8
ENGRAVE_TEXT
100
AcDbText
 10
0.0
 20
-13.846666666666664
 30
0.0
 40
4.0
  1
0.6
 72
1
 11
0.0
 21
-13.846666666666664
 31
0.0
100
AcDbText
 73
1
  0
ARC
  5
A1
330
17
100
AcDbEntity
  8
ENGRAVE_AWA
100
AcDbCircle
 10
0.0
 20
-37.11666666666667
 30
0.0
 40
29.693333333333335
100
AcDbArc
 50
7.18075578145828
 51
172.8192442185417
  0
TEXT
  5
A2
330
17
100
AcDbEntity
  8
ENGRAVE_TEXT
100
AcDbText
 10
0.0
 20
-6.423333333333332
 30
0.0
 40
4.0
  1
0.8
 72
1
 11
0.0
 21
-6.423333333333332
 31
0.0
100
AcDbText
 73
1
  0
ARC
  5
A3
330
17
100
AcDbEntity
  8
ENGRAVE_AWA
100
AcDbCircle
 10
0.0
 20
-37.11666666666667
 30
0.0
 40
37.11666666666667
100
AcDbArc
 50
16.26020470831196
 51
163.73979529168807
  0
TEXT
  5
A4
330
17
100
AcDbEntity
  8
ENGRAVE_TEXT
100
AcDbText
 10
0.0
 20
1.0
 30
0.0
 40
4.0
  1
1.0
 72
1
 11
0.0
 21
1.0
 31
0.0
100
AcDbText
 73
1
  0
ARC
  5
A5
330
17
100
AcDbEntity
  8
ENGRAVE_AWA
100
AcDbCircle
 10
0.0
 20
-37.11666666666667
 30
0.0
 40
44.540000000000006
100
AcDbArc
 50
24.62431835216408
 51
155.3756816478359
  0
TEXT
  5
A6
330
17
100
AcDbEntity
  8
ENGRAVE_TEXT
100
AcDbText
 10
0.0
 20
8.42333333333334
 30
0.0
 40
4.0
  1
1.2
 72
1
 11
0.0
 21
8.42333333333334
 31
0.0
100
AcDbText
 73
1
  0
ARC
  5
A7
330
17
100
AcDbEntity
  8
ENGRAVE_AWA
100
AcDbCircle
 10
0.0
 20
-37.11666666666667
 30
0.0
 40
51.96333333333334
100
AcDbArc
 50
32.878349564377494
 51
147.1216504356225
  0
TEXT
  5
A8
330
17
100
AcDbEntity
  8
ENGRAVE_TEXT
100
AcDbText
 10
0.0
 20
15.846666666666671
 30
0.0
 40
4.0
  1
1.4
 72
1
 11
0.0
 21
15.846666666666671
 31
0.0
100
AcDbText
 73
1
  0
ARC
  5
A9
330
17
100
AcDbEntity
  8
ENGRAVE_AWA
100
AcDbCircle
 10
0.0
 20
-37.11666666666667
 30
0.0
 40
59.38666666666667
100
AcDbArc
 50
41.49081685565182
 51
138.50918314434819
  0
TEXT
  5
AA
330
17
100
AcDbEntity
  8
ENGRAVE_TEXT
100
AcDbText
 10
0.0
 20
23.270000000000003
 30
0.0
 40
4.0
  1
1.6
 72
1
 11
0.0
 21
23.270000000000003
 31
0.0
100
AcDbText
 73
1
  0
ARC
  5
AB
330
17
100
AcDbEntity
  8
ENGRAVE_AWA
100
AcDbCircle
 10
0.0
 20
-37.11666666666667
 30
0.0
 40
66.81
100
AcDbArc
 50
51.05755873101863
 51
128.94244126898138
  0
TEXT
  5
AC
330
17
100
AcDbEntity
  8
ENGRAVE_TEXT
100
AcDbText
 10
0.0
 20
30.693333333333335
 30
0.0
 40
4.0
  1
1.8
 72
1
 11
0.0
 21
30.693333333333335
 31
0.0
100
AcDbText
 73
1
  0
ARC
  5
AD
330
17
100
AcDbEntity
  8
ENGRAVE_AWA
100
AcDbCircle
 10
0.0
 20
-37.11666666666667
 30
0.0
 40
74.23333333333333
100
AcDbArc
 50
62.873246882726036
 51
117.12675311727398
  0
TEXT
  5
AE
330
17
100
AcDbEntity
  8
ENGRAVE_TEXT
100
AcDbText
 10
0.0
 20
38.11666666666667
 30
0.0
 40
4.0
  1
2.0
 72
1
 11
0.0
 21
38.11666666666667
 31
0.0
100
AcDbText
 73
1
  0
LINE
  5
AF
330
17
100
AcDbEntity
  8
ENGRAVE_POLARS
100
AcDbLine
 10
20.178356837742076
 20
22.152412142968252
 30
0.0
 11
20.481860958628797
 21
22.080218806208062
 31
0.0
  0
LINE
  5
B0
330
17
100
AcDbEntity
  8
ENGRAVE_POLARS
100
AcDbLine
 10
20.481860958628797
 20
22.080218806208062
 30
0.0
 11
20.871236921136003
 21
21.996397665982496
 31
0.0
  0
LINE
  5
B1
330
17
100
AcDbEntity
  8
ENGRAVE_POLARS
100
AcDbLine
 10
20.871236921136003
 20
21.996397665982496
 30
0.0
 11
21.332069846981817
 21
21.901140461108437
 31
0.0
  0
LINE
  5
B2
330
17
100
AcDbEntity
  8
ENGRAVE_POLARS
100
AcDbLine
 10
21.332069846981817
 20
21.901140461108437
 30
0.0
 11
21.849944857884374
 21
21.79463893040274
 31
0.0
  0
LINE
  5
B3
330
17
100
AcDbEntity
  8
ENGRAVE_POLARS
100
AcDbLine
 10
21.849944857884374
 20
21.79463893040274
 30
0.0
 11
22.410447075561795
 21
21.67708481268229
 31
0.0
  0
LINE
  5
B4
330
17
100
AcDbEntity
  8
ENGRAVE_POLARS
100
AcDbLine
 10
22.410447075561795
 20
21.67708481268229
 30
0.0
 11
22.9991616217322
 21
21.54866984676395
 31
0.0
  0
LINE
  5
B5
330
17
100
AcDbEntity
  8
ENGRAVE_POLARS
100
AcDbLine
 10
22.9991616217322
 20
21.54866984676395
 30
0.0
 11
23.601673618113725
 21
21.409585771464595
 31
0.0
  0
LINE
  5
B6
330
17
100
AcDbEntity
  8
ENGRAVE_POLARS
100
AcDbLine
 10
23.601673618113725
 20
21.409585771464595
 30
0.0
 11
24.2035681864245
 21
21.260024325601105
 31
0.0
  0
LINE
  5
B7
330
17
100
AcDbEntity
  8
ENGRAVE_POLARS
100
AcDbLine
 10
24.2035681864245
 20
21.260024325601105
 30
0.0
 11
24.790430448382644
 21
21.100177247990345
 31
0.0
  0
LINE
  5
B8
330
17
100
AcDbEntity
  8
ENGRAVE_POLARS
100
AcDbLine
 10
24.790430448382644
 20
21.100177247990345
 30
0.0
 11
25.347845525706283
 21
20.930236277449175
 31
0.0
  0
LINE
  5
B9
330
17
100
AcDbEntity
  8
ENGRAVE_POLARS
100
AcDbLine
 10
25.347845525706283
 20
20.930236277449175
 30
0.0
 11
25.861398540113544
 21
20.750393152794484
 31
0.0
  0
LINE
  5
BA
330
17
100
AcDbEntity
  8
ENGRAVE_POLARS
100
AcDbLine
 10
25.861398540113544
 20
20.750393152794484
 30
0.0
 11
26.31667461332256
 21
20.560839612843143
 31
0.0
  0
LINE
  5
BB
330
17
100
AcDbEntity
  8
ENGRAVE_POLARS
100
AcDbLine
 10
26.31667461332256
 20
20.560839612843143
 30
0.0
 11
26.72530408973767
 21
20.36344610839479
 31
0.0
  0
LINE
  5
BC
330
17
100
AcDbEntity
  8
ENGRAVE_POLARS
100
AcDbLine
 10
26.72530408973767
 20
20.36344610839479
 30
0.0
 11
27.11041341937824
 21
20.159193756703534
 31
0.0
  0
LINE
  5
BD
330
17
100
AcDbEntity
  8
ENGRAVE_POLARS
100
AcDbLine
 10
27.11041341937824
 20
20.159193756703534
 30
0.0
 11
27.474831882384894
 21
19.94694029626792
 31
0.0
  0
LINE
  5
BE
330
17
100
AcDbEntity
  8
ENGRAVE_POLARS
100
AcDbLine
 10
27.474831882384894
 20
19.94694029626792
 30
0.0
 11
27.82138875889828
 21
19.72554346558648
 31
0.0
  0
LINE
  5
BF
330
17
100
AcDbEntity
  8
ENGRAVE_POLARS
100
AcDbLine
 10
27.82138875889828
 20
19.72554346558648
 30
0.0
 11
28.15291332905904
 21
19.49386100315777
 31
0.0
  0
LINE
  5
C0
330
17
100
AcDbEntity
  8
ENGRAVE_POLARS
100
AcDbLine
 10
28.15291332905904
 20
19.49386100315777
 30
0.0
 11
28.4722348730078
 21
19.25075064748034
 31
0.0
  0
LINE
  5
C1
330
17
100
AcDbEntity
  8
ENGRAVE_POLARS
100
AcDbLine
 10
28.4722348730078
 20
19.25075064748034
 30
0.0
 11
28.78218267088522
 21
18.995070137052725
 31
0.0
  0
LINE
  5
C2
330
17
100
AcDbEntity
  8
ENGRAVE_POLARS
100
AcDbLine
 10
28.78218267088522
 20
18.995070137052725
 30
0.0
 11
29.085586002831924
 21
18.725677210373487
 31
0.0
  0
LINE
  5
C3
330
17
100
AcDbEntity
  8
ENGRAVE_POLARS
100
AcDbLine
 10
29.085586002831924
 20
18.725677210373487
 30
0.0
 11
29.385274148988564
 21
18.44142960594116
 31
0.0
  0
LINE
  5
C4
330
17
100
AcDbEntity
  8
ENGRAVE_POLARS
100
AcDbLine
 10
29.385274148988564
 20
18.44142960594116
 30
0.0
 11
29.68407638949577
 21
18.141185062254294
 31
0.0
  0
LINE
  5
C5
330
17
100
AcDbEntity
  8
ENGRAVE_POLARS
100
AcDbLine
 10
29.68407638949577
 20
18.141185062254294
 30
0.0
 11
29.98482200449418
 21
17.823801317811423
 31
0.0
  0
LINE
  5
C6
330
17
100
AcDbEntity
  8
ENGRAVE_POLARS
100
AcDbLine
 10
29.98482200449418
 20
17.823801317811423
 30
0.0
 11
30.290340274124443
 21
17.488136111111114
 31
0.0
  0
LINE
  5
C7
330
17
100
AcDbEntity
  8
ENGRAVE_POLARS
100
AcDbLine
 10
30.290340274124443
 20
17.488136111111114
 30
0.0
 11
30.6033015681214
 21
17.12155719441348
 31
0.0
  0
LINE
  5
C8
330
17
100
AcDbEntity
  8
ENGRAVE_POLARS
100
AcDbLine
 10
30.6033015681214
 20
17.12155719441348
 30
0.0
 11
30.92231872525381
 21
16.717271968067465
 31
0.0
  0
LINE
  5
C9
330
17
100
AcDbEntity
  8
ENGRAVE_POLARS
100
AcDbLine
 10
30.92231872525381
 20
16.717271968067465
 30
0.0
 11
31.244134729213155
 21
16.282897642704828
 31
0.0
  0
LINE
  5
CA
330
17
100
AcDbEntity
  8
ENGRAVE_POLARS
100
AcDbLine
 10
31.244134729213155
 20
16.282897642704828
 30
0.0
 11
31.565492563690942
 21
15.826051428957344
 31
0.0
  0
LINE
  5
CB
330
17
100
AcDbEntity
  8
ENGRAVE_POLARS
100
AcDbLine
 10
31.565492563690942
 20
15.826051428957344
 30
0.0
 11
31.883135212378658
 21
15.354350537456773
 31
0.0
  0
LINE
  5
CC
330
17
100
AcDbEntity
  8
ENGRAVE_POLARS
100
AcDbLine
 10
31.883135212378658
 20
15.354350537456773
 30
0.0
 11
32.19380565896779
 21
14.875412178834882
 31
0.0
  0
LINE
  5
CD
330
17
100
AcDbEntity
  8
ENGRAVE_POLARS
100
AcDbLine
 10
32.19380565896779
 20
14.875412178834882
 30
0.0
 11
32.49424688714984
 21
14.39685356372343
 31
0.0
  0
LINE
  5
CE
330
17
100
AcDbEntity
  8
ENGRAVE_POLARS
100
AcDbLine
 10
32.49424688714984
 20
14.39685356372343
 30
0.0
 11
32.7812018806163
 21
13.926291902754189
 31
0.0
  0
LINE
  5
CF
330
17
100
AcDbEntity
  8
ENGRAVE_POLARS
100
AcDbLine
 10
32.7812018806163
 20
13.926291902754189
 30
0.0
 11
33.051413623058664
 21
13.471344406558925
 31
0.0
  0
LINE
  5
D0
330
17
100
AcDbEntity
  8
ENGRAVE_POLARS
100
AcDbLine
 10
33.051413623058664
 20
13.471344406558925
 30
0.0
 11
33.30162509816842
 21
13.039628285769398
 31
0.0
  0
LINE
  5
D1
330
17
100
AcDbEntity
  8
ENGRAVE_POLARS
100
AcDbLine
 10
33.30162509816842
 20
13.039628285769398
 30
0.0
 11
33.528579289637065
 21
12.638760751017372
 31
0.0
  0
LINE
  5
D2
330
17
100
AcDbEntity
  8
ENGRAVE_POLARS
100
AcDbLine
 10
33.528579289637065
 20
12.638760751017372
 30
0.0
 11
33.72901918115609
 21
12.276359012934618
 31
0.0
  0
LINE
  5
D3
330
17
100
AcDbEntity
  8
ENGRAVE_POLARS
100
AcDbLine
 10
33.72901918115609
 20
12.276359012934618
 30
0.0
 11
33.9005066954205
 21
11.951073167701107
 31
0.0
  0
LINE
  5
D4
330
17
100
AcDbEntity
  8
ENGRAVE_POLARS
100
AcDbLine
 10
33.9005066954205
 20
11.951073167701107
 30
0.0
 11
34.04504343739095
 21
11.653734501287628
 31
0.0
  0
LINE
  5
D5
330
17
100
AcDbEntity
  8
ENGRAVE_POLARS
100
AcDbLine
 10
34.04504343739095
 20
11.653734501287628
 30
0.0
 11
34.16603191415739
 21
11.38023200901216
 31
0.0
  0
LINE
  5
D6
330
17
100
AcDbEntity
  8
ENGRAVE_POLARS
100
AcDbLine
 10
34.16603191415739
 20
11.38023200901216
 30
0.0
 11
34.26687463280977
 21
11.126454686192684
 31
0.0
  0
LINE
  5
D7
330
17
100
AcDbEntity
  8
ENGRAVE_POLARS
100
AcDbLine
 10
34.26687463280977
 20
11.126454686192684
 30
0.0
 11
34.35097410043806
 21
10.888291528147182
 31
0.0
  0
LINE
  5
D8
330
17
100
AcDbEntity
  8
ENGRAVE_POLARS
100
AcDbLine
 10
34.35097410043806
 20
10.888291528147182
 30
0.0
 11
34.4217328241322
 21
10.661631530193635
 31
0.0
  0
LINE
  5
D9
330
17
100
AcDbEntity
  8
ENGRAVE_POLARS
100
AcDbLine
 10
34.4217328241322
 20
10.661631530193635
 30
0.0
 11
34.48255331098215
 21
10.44236368765002
 31
0.0
  0
LINE
  5
DA
330
17
100
AcDbEntity
  8
ENGRAVE_POLARS
100
AcDbLine
 10
34.48255331098215
 20
10.44236368765002
 30
0.0
 11
34.53683806807787
 21
10.226376995834327
 31
0.0
  0
LINE
  5
DB
330
17
100
AcDbEntity
  8
ENGRAVE_POLARS
100
AcDbLine
 10
34.53683806807787
 20
10.226376995834327
 30
0.0
 11
34.58798960250932
 21
10.009560450064534
 31
0.0
  0
LINE
  5
DC
330
17
100
AcDbEntity
  8
ENGRAVE_POLARS
100
AcDbLine
 10
34.58798960250932
 20
10.009560450064534
 30
0.0
 11
34.63941042136644
 21
9.787803045658615
 31
0.0
  0
LINE
  5
DD
330
17
100
AcDbEntity
  8
ENGRAVE_POLARS
100
AcDbLine
 10
34.63941042136644
 20
9.787803045658615
 30
0.0
 11
34.694503031739195
 21
9.556993777934558
 31
0.0
  0
LINE
  5
DE
330
17
100
AcDbEntity
  8
ENGRAVE_POLARS
100
AcDbLine
 10
34.694503031739195
 20
9.556993777934558
 30
0.0
 11
34.75666994071754
 21
9.313021642210343
 31
0.0
  0
LINE
  5
DF
330
17
100
AcDbEntity
  8
ENGRAVE_POLARS
100
AcDbLine
 10
34.75666994071754
 20
9.313021642210343
 30
0.0
 11
34.81839034720959
 21
9.07032006464233
 31
0.0
  0
LINE
  5
E0
330
17
100
AcDbEntity
  8
ENGRAVE_POLARS
100
AcDbLine
 10
34.81839034720959
 20
9.07032006464233
 30
0.0
 11
34.871166460967835
 21
8.842558685164954
 31
0.0
  0
LINE
  5
E1
330
17
100
AcDbEntity
  8
ENGRAVE_POLARS
100
AcDbLine
 10
34.871166460967835
 20
8.842558685164954
 30
0.0
 11
34.91693530534877
 21
8.624480819763303
 31
0.0
  0
LINE
  5
E2
330
17
100
AcDbEntity
  8
ENGRAVE_POLARS
100
AcDbLine
 10
34.91693530534877
 20
8.624480819763303
 30
0.0
 11
34.95763390370894
 21
8.41082978442246
 31
0.0
  0
LINE
  5
E3
330
17
100
AcDbEntity
  8
ENGRAVE_POLARS
100
AcDbLine
 10
34.95763390370894
 20
8.41082978442246
 30
0.0
 11
34.99519927940482
 21
8.19634889512752
 31
0.0
  0
LINE
  5
E4
330
17
100
AcDbEntity
  8
ENGRAVE_POLARS
100
AcDbLine
 10
34.99519927940482
 20
8.19634889512752
 30
0.0
 11
35.031568455792936
 21
7.975781467863561
 31
0.0
  0
LINE
  5
E5
330
17
100
AcDbEntity
  8
ENGRAVE_POLARS
100
AcDbLine
 10
35.031568455792936
 20
7.975781467863561
 30
0.0
 11
35.06867845622978
 21
7.743870818615674
 31
0.0
  0
LINE
  5
E6
330
17
100
AcDbEntity
  8
ENGRAVE_POLARS
100
AcDbLine
 10
35.06867845622978
 20
7.743870818615674
 30
0.0
 11
35.10846630407189
 21
7.49536026336895
 31
0.0
  0
LINE
  5
E7
330
17
100
AcDbEntity
  8
ENGRAVE_POLARS
100
AcDbLine
 10
35.10846630407189
 20
7.49536026336895
 30
0.0
 11
35.152869022675766
 21
7.224993118108472
 31
0.0
  0
LINE
  5
E8
330
17
100
AcDbEntity
  8
ENGRAVE_POLARS
100
AcDbLine
 10
35.152869022675766
 20
7.224993118108472
 30
0.0
 11
35.203823635397896
 21
6.927512698819327
 31
0.0
  0
LINE
  5
E9
330
17
100
AcDbEntity
  8
ENGRAVE_POLARS
100
AcDbLine
 10
35.203823635397896
 20
6.927512698819327
 30
0.0
 11
35.263267165594826
 21
6.597662321486604
 31
0.0
  0
LINE
  5
EA
330
17
100
AcDbEntity
  8
ENGRAVE_POLARS
100
AcDbLine
 10
35.263267165594826
 20
6.597662321486604
 30
0.0
 11
35.33313663662304
 21
6.23018530209539
 31
0.0
  0
LINE
  5
EB
330
17
100
AcDbEntity
  8
ENGRAVE_POLARS
100
AcDbLine
 10
35.33313663662304
 20
6.23018530209539
 30
0.0
 11
35.4211364180417
 21
5.842317853725525
 31
0.0
  0
LINE
  5
EC
330
17
100
AcDbEntity
  8
ENGRAVE_POLARS
100
AcDbLine
 10
35.4211364180417
 20
5.842317853725525
 30
0.0
 11
35.53005617409044
 21
5.450763039989539
 31
0.0
  0
LINE
  5
ED
330
17
100
AcDbEntity
  8
ENGRAVE_POLARS
100
AcDbLine
 10
35.53005617409044
 20
5.450763039989539
 30
0.0
 11
35.6544608701465
 21
5.049464452671557
 31
0.0
  0
LINE
  5
EE
330
17
100
AcDbEntity
  8
ENGRAVE_POLARS
100
AcDbLine
 10
35.6544608701465
 20
5.049464452671557
 30
0.0
 11
35.78891547158709
 21
4.632365683555697
 31
0.0
  0
LINE
  5
EF
330
17
100
AcDbEntity
  8
ENGRAVE_POLARS
100
AcDbLine
 10
35.78891547158709
 20
4.632365683555697
 30
0.0
 11
35.92798494378945
 21
4.193410324426086
 31
0.0
  0
LINE
  5
F0
330
17
100
AcDbEntity
  8
ENGRAVE_POLARS
100
AcDbLine
 10
35.92798494378945
 20
4.193410324426086
 30
0.0
 11
36.06623425213078
 21
3.726541967066844
 31
0.0
  0
LINE
  5
F1
330
17
100
AcDbEntity
  8
ENGRAVE_POLARS
100
AcDbLine
 10
36.06623425213078
 20
3.726541967066844
 30
0.0
 11
36.198228361988335
 21
3.225704203262093
 31
0.0
  0
LINE
  5
F2
330
17
100
AcDbEntity
  8
ENGRAVE_POLARS
100
AcDbLine
 10
36.198228361988335
 20
3.225704203262093
 30
0.0
 11
36.31853223873933
 21
2.684840624795956
 31
0.0
  0
LINE
  5
F3
330
17
100
AcDbEntity
  8
ENGRAVE_POLARS
100
AcDbLine
 10
36.31853223873933
 20
2.684840624795956
 30
0.0
 11
36.42171084776099
 21
2.097894823452558
 31
0.0
  0
LINE
  5
F4
330
17
100
AcDbEntity
  8
ENGRAVE_POLARS
100
AcDbLine
 10
36.42171084776099
 20
2.097894823452558
 30
0.0
 11
36.50232915443055
 21
1.4588103910160164
 31
0.0
  0
LINE
  5
F5
330
17
100
AcDbEntity
  8
ENGRAVE_POLARS
100
AcDbLine
 10
36.50232915443055
 20
1.4588103910160164
 30
0.0
 11
36.554952124125215
 21
0.7615309192704572
 31
0.0
  0
LINE
  5
F6
330
17
100
AcDbEntity
  8
ENGRAVE_POLARS
100
AcDbLine
 10
36.554952124125215
 20
0.7615309192704572
 30
0.0
 11
36.57414472222222
 21
2.2395204632810753e-15
 31
0.0
  0
LINE
  5
F7
330
17
100
AcDbEntity
  8
ENGRAVE_POLARS
100
AcDbLine
 10
36.57414472222222
 20
2.2395204632810753e-15
 30
0.0
 11
36.56547360838445
 21
-0.8631165579843257
 31
0.0
  0
LINE
  5
F8
330
17
100
AcDbEntity
  8
ENGRAVE_POLARS
100
AcDbLine
 10
36.56547360838445
 20
-0.8631165579843257
 30
0.0
 11
36.538410331076754
 21
-1.8449698855672814
 31
0.0
  0
LINE
  5
F9
330
17
100
AcDbEntity
  8
ENGRAVE_POLARS
100
AcDbLine
 10
36.538410331076754
 20
-1.8449698855672814
 30
0.0
 11
36.49337718887933
 21
-2.921341800508409
 31
0.0
  0
LINE
  5
FA
330
17
100
AcDbEntity
  8
ENGRAVE_POLARS
100
AcDbLine
 10
36.49337718887933
 20
-2.921341800508409
 30
0.0
 11
36.430796480372365
 21
-4.068014120567256
 31
0.0
  0
LINE
  5
FB
330
17
100
AcDbEntity
  8
ENGRAVE_POLARS
100
AcDbLine
 10
36.430796480372365
 20
-4.068014120567256
 30
0.0
 11
36.351090504136074
 21
-5.260768663503366
 31
0.0
  0
LINE
  5
FC
330
17
100
AcDbEntity
  8
ENGRAVE_POLARS
100
AcDbLine
 10
36.351090504136074
 20
-5.260768663503366
 30
0.0
 11
36.25468155875064
 21
-6.475387247076283
 31
0.0
  0
LINE
  5
FD
330
17
100
AcDbEntity
  8
ENGRAVE_POLARS
100
AcDbLine
 10
36.25468155875064
 20
-6.475387247076283
 30
0.0
 11
36.141991942796274
 21
-7.687651689045557
 31
0.0
  0
LINE
  5
FE
330
17
100
AcDbEntity
  8
ENGRAVE_POLARS
100
AcDbLine
 10
36.141991942796274
 20
-7.687651689045557
 30
0.0
 11
36.01344395485316
 21
-8.87334380717073
 31
0.0
  0
LINE
  5
FF
330
17
100
AcDbEntity
  8
ENGRAVE_POLARS
100
AcDbLine
 10
36.01344395485316
 20
-8.87334380717073
 30
0.0
 11
35.86945989350151
 21
-10.008245419211343
 31
0.0
  0
LINE
  5
100
330
17
100
AcDbEntity
  8
ENGRAVE_POLARS
100
AcDbLine
 10
35.86945989350151
 20
-10.008245419211343
 30
0.0
 11
35.71046205732151
 21
-11.06813834292695
 31
0.0
  0
LINE
  5
101
330
17
100
AcDbEntity
  8
ENGRAVE_POLARS
100
AcDbLine
 10
35.71046205732151
 20
-11.06813834292695
 30
0.0
 11
35.53687274489335
 21
-12.028804396077092
 31
0.0
  0
LINE
  5
102
330
17
100
AcDbEntity
  8
ENGRAVE_POLARS
100
AcDbLine
 10
35.53687274489335
 20
-12.028804396077092
 30
0.0
 11
35.349114254797264
 21
-12.866025396421314
 31
0.0
  0
LINE
  5
103
330
17
100
AcDbEntity
  8
ENGRAVE_POLARS
100
AcDbLine
 10
35.349114254797264
 20
-12.866025396421314
 30
0.0
 11
35.156136544889506
 21
-13.587025435541296
 31
0.0
  0
LINE
  5
104
330
17
100
AcDbEntity
  8
ENGRAVE_POLARS
100
AcDbLine
 10
35.156136544889506
 20
-13.587025435541296
 30
0.0
 11
34.96317435353661
 21
-14.222821497796785
 31
0.0
  0
LINE
  5
105
330
17
100
AcDbEntity
  8
ENGRAVE_POLARS
100
AcDbLine
 10
34.96317435353661
 20
-14.222821497796785
 30
0.0
 11
34.765077150084096
 21
-14.784884740114427
 31
0.0
  0
LINE
  5
106
330
17
100
AcDbEntity
  8
ENGRAVE_POLARS
100
AcDbLine
 10
34.765077150084096
 20
-14.784884740114427
 30
0.0
 11
34.55669440387751
 21
-15.284686319420869
 31
0.0
  0
LINE
  5
107
330
17
100
AcDbEntity
  8
ENGRAVE_POLARS
100
AcDbLine
 10
34.55669440387751
 20
-15.284686319420869
 30
0.0
 11
34.332875584262375
 21
-15.733697392642753
 31
0.0
  0
LINE
  5
108
330
17
100
AcDbEntity
  8
ENGRAVE_POLARS
100
AcDbLine
 10
34.332875584262375
 20
-15.733697392642753
 30
0.0
 11
34.08847016058423
 21
-16.143389116706732
 31
0.0
  0
LINE
  5
109
330
17
100
AcDbEntity
  8
ENGRAVE_POLARS
100
AcDbLine
 10
34.08847016058423
 20
-16.143389116706732
 30
0.0
 11
33.81832760218861
 21
-16.525232648539443
 31
0.0
  0
LINE
  5
10A
330
17
100
AcDbEntity
  8
ENGRAVE_POLARS
100
AcDbLine
 10
33.81832760218861
 20
-16.525232648539443
 30
0.0
 11
33.51729737842105
 21
-16.89069914506754
 31
0.0
  0
LINE
  5
10B
330
17
100
AcDbEntity
  8
ENGRAVE_POLARS
100
AcDbLine
 10
33.51729737842105
 20
-16.89069914506754
 30
0.0
 11
33.18022895862709
 21
-17.25125976321766
 31
0.0
  0
LINE
  5
10C
330
17
100
AcDbEntity
  8
ENGRAVE_POLARS
100
AcDbLine
 10
33.18022895862709
 20
-17.25125976321766
 30
0.0
 11
32.801971812152246
 21
-17.61838565991646
 31
0.0
  0
LINE
  5
10D
330
17
100
AcDbEntity
  8
ENGRAVE_POLARS
100
AcDbLine
 10
32.801971812152246
 20
-17.61838565991646
 30
0.0
 11
32.377375408342054
 21
-18.003547992090578
 31
0.0
  0
LINE
  5
10E
330
17
100
AcDbEntity
  8
ENGRAVE_POLARS
100
AcDbLine
 10
32.377375408342054
 20
-18.003547992090578
 30
0.0
 11
31.901289216542068
 21
-18.41821791666666
 31
0.0
  0
LINE
  5
10F
330
17
100
AcDbEntity
  8
ENGRAVE_POLARS
100
AcDbLine
 10
31.901289216542068
 20
-18.41821791666666
 30
0.0
 11
31.35020757559625
 21
-18.85937334633188
 31
0.0
  0
LINE
  5
110
330
17
100
AcDbEntity
  8
ENGRAVE_POLARS
100
AcDbLine
 10
31.35020757559625
 20
-18.85937334633188
 30
0.0
 11
30.714791098210206
 21
-19.31257714523991
 31
0.0
  0
LINE
  5
111
330
17
100
AcDbEntity
  8
ENGRAVE_POLARS
100
AcDbLine
 10
30.714791098210206
 20
-19.31257714523991
 30
0.0
 11
30.011138664521866
 21
-19.772177897517164
 31
0.0
  0
LINE
  5
112
330
17
100
AcDbEntity
  8
ENGRAVE_POLARS
100
AcDbLine
 10
30.011138664521866
 20
-19.772177897517164
 30
0.0
 11
29.255349154669172
 21
-20.23252418729004
 31
0.0
  0
LINE
  5
113
330
17
100
AcDbEntity
  8
ENGRAVE_POLARS
100
AcDbLine
 10
29.255349154669172
 20
-20.23252418729004
 30
0.0
 11
28.46352144879008
 21
-20.687964598684943
 31
0.0
  0
LINE
  5
114
330
17
100
AcDbEntity
  8
ENGRAVE_POLARS
100
AcDbLine
 10
28.46352144879008
 20
-20.687964598684943
 30
0.0
 11
27.65175442702251
 21
-21.132847715828277
 31
0.0
  0
LINE
  5
115
330
17
100
AcDbEntity
  8
ENGRAVE_POLARS
100
AcDbLine
 10
27.65175442702251
 20
-21.132847715828277
 30
0.0
 11
26.836146969504416
 21
-21.56152212284645
 31
0.0
  0
LINE
  5
116
330
17
100
AcDbEntity
  8
ENGRAVE_POLARS
100
AcDbLine
 10
26.836146969504416
 20
-21.56152212284645
 30
0.0
 11
26.03279795637374
 21
-21.96833640386587
 31
0.0
  0
LINE
  5
117
330
17
100
AcDbEntity
  8
ENGRAVE_POLARS
100
AcDbLine
 10
26.03279795637374
 20
-21.96833640386587
 30
0.0
 11
25.257806267768434
 21
-22.347639143012938
 31
0.0
  0
LINE
  5
118
330
17
100
AcDbEntity
  8
ENGRAVE_POLARS
100
AcDbLine
 10
25.257806267768434
 20
-22.347639143012938
 30
0.0
 11
24.52727078382642
 21
-22.693778924414055
 31
0.0
  0
LINE
  5
119
330
17
100
AcDbEntity
  8
ENGRAVE_POLARS
100
AcDbLine
 10
24.52727078382642
 20
-22.693778924414055
 30
0.0
 11
23.85729038468565
 21
-23.001104332195627
 31
0.0
  0
LINE
  5
11A
330
17
100
AcDbEntity
  8
ENGRAVE_POLARS
100
AcDbLine
 10
23.85729038468565
 20
-23.001104332195627
 30
0.0
 11
23.26396395048407
 21
-23.263963950484065
 31
0.0
  0
LINE
  5
11B
330
17
100
AcDbEntity
  8
ENGRAVE_POLARS
100
AcDbLine
 10
23.26396395048407
 20
-23.263963950484065
 30
0.0
 11
22.742970247619027
 21
-23.480509106209016
 31
0.0
  0
LINE
  5
11C
330
17
100
AcDbEntity
  8
ENGRAVE_POLARS
100
AcDbLine
 10
22.742970247619027
 20
-23.480509106209016
 30
0.0
 11
22.273996985465633
 21
-23.655728552005996
 31
0.0
  0
LINE
  5
11D
330
17
100
AcDbEntity
  8
ENGRAVE_POLARS
100
AcDbLine
 10
22.273996985465633
 20
-23.655728552005996
 30
0.0
 11
21.849156458628464
 21
-23.794227010560213
 31
0.0
  0
LINE
  5
11E
330
17
100
AcDbEntity
  8
ENGRAVE_POLARS
100
AcDbLine
 10
21.849156458628464
 20
-23.794227010560213
 30
0.0
 11
21.460560961712076
 21
-23.900609204556876
 31
0.0
  0
LINE
  5
11F
330
17
100
AcDbEntity
  8
ENGRAVE_POLARS
100
AcDbLine
 10
21.460560961712076
 20
-23.900609204556876
 30
0.0
 11
21.10032278932105
 21
-23.97947985668118
 31
0.0
  0
LINE
  5
120
330
17
100
AcDbEntity
  8
ENGRAVE_POLARS
100
AcDbLine
 10
21.10032278932105
 20
-23.97947985668118
 30
0.0
 11
20.76055423605996
 21
-24.03544368961834
 31
0.0
  0
LINE
  5
121
330
17
100
AcDbEntity
  8
ENGRAVE_POLARS
100
AcDbLine
 10
20.76055423605996
 20
-24.03544368961834
 30
0.0
 11
20.433367596533365
 21
-24.07310542605356
 31
0.0
  0
LINE
  5
122
330
17
100
AcDbEntity
  8
ENGRAVE_POLARS
100
AcDbLine
 10
20.433367596533365
 20
-24.07310542605356
 30
0.0
 11
20.110875165345835
 21
-24.09706978867204
 31
0.0
  0
LINE
  5
123
330
17
100
AcDbEntity
  8
ENGRAVE_POLARS
100
AcDbLine
 10
20.110875165345835
 20
-24.09706978867204
 30
0.0
 11
19.785189237101953
 21
-24.111941500159
 31
0.0
  0
LINE
  5
124
330
17
100
AcDbEntity
  8
ENGRAVE_POLARS
100
AcDbLine
 10
19.785189237101953
 20
-24.111941500159
 30
0.0
 11
19.44842210640627
 21
-24.122325283199626
 31
0.0
  0
LINE
  5
125
330
17
100
AcDbEntity
  8
ENGRAVE_POLARS
100
AcDbLine
 10
19.44842210640627
 20
-24.122325283199626
 30
0.0
 11
19.092686067863372
 21
-24.132825860479134
 31
0.0
  0
LINE
  5
126
330
17
100
AcDbEntity
  8
ENGRAVE_POLARS
100
AcDbLine
 10
19.092686067863372
 20
-24.132825860479134
 30
0.0
 11
18.710093416077818
 21
-24.148047954682728
 31
0.0
  0
LINE
  5
127
330
17
100
AcDbEntity
  8
ENGRAVE_POLARS
100
AcDbLine
 10
18.710093416077818
 20
-24.148047954682728
 30
0.0
 11
18.31739599635818
 21
-24.163104975697063
 31
0.0
  0
LINE
  5
128
330
17
100
AcDbEntity
  8
ENGRAVE_POLARS
100
AcDbLine
 10
18.31739599635818
 20
-24.163104975697063
 30
0.0
 11
17.933858843423096
 21
-24.169863941429774
 31
0.0
  0
LINE
  5
129
330
17
100
AcDbEntity
  8
ENGRAVE_POLARS
100
AcDbLine
 10
17.933858843423096
 20
-24.169863941429774
 30
0.0
 11
17.555364035992266
 21
-24.168059986597573
 31
0.0
  0
LINE
  5
12A
330
17
100
AcDbEntity
  8
ENGRAVE_POLARS
100
AcDbLine
 10
17.555364035992266
 20
-24.168059986597573
 30
0.0
 11
17.177793652785375
 21
-24.157428245917142
 31
0.0
  0
LINE
  5
12B
330
17
100
AcDbEntity
  8
ENGRAVE_POLARS
100
AcDbLine
 10
17.177793652785375
 20
-24.157428245917142
 30
0.0
 11
16.79702977252213
 21
-24.137703854105183
 31
0.0
  0
LINE
  5
12C
330
17
100
AcDbEntity
  8
ENGRAVE_POLARS
100
AcDbLine
 10
16.79702977252213
 20
-24.137703854105183
 30
0.0
 11
16.40895447392221
 21
-24.10862194587839
 31
0.0
  0
LINE
  5
12D
330
17
100
AcDbEntity
  8
ENGRAVE_POLARS
100
AcDbLine
 10
16.40895447392221
 20
-24.10862194587839
 30
0.0
 11
16.009449835705325
 21
-24.069917655953446
 31
0.0
  0
LINE
  5
12E
330
17
100
AcDbEntity
  8
ENGRAVE_POLARS
100
AcDbLine
 10
16.009449835705325
 20
-24.069917655953446
 30
0.0
 11
15.594397936591157
 21
-24.02132611904707
 31
0.0
  0
LINE
  5
12F
330
17
100
AcDbEntity
  8
ENGRAVE_POLARS
100
AcDbLine
 10
15.594397936591157
 20
-24.02132611904707
 30
0.0
 11
15.159680855299401
 21
-23.96258246987594
 31
0.0
  0
LINE
  5
130
330
17
100
AcDbEntity
  8
ENGRAVE_POLARS
100
AcDbLine
 10
15.159680855299401
 20
-23.96258246987594
 30
0.0
 11
14.701180670549755
 21
-23.89342184315676
 31
0.0
  0
LINE
  5
131
330
17
100
AcDbEntity
  8
ENGRAVE_POLARS
100
AcDbLine
 10
14.701180670549755
 20
-23.89342184315676
 30
0.0
 11
14.214779461061905
 21
-23.813579373606213
 31
0.0
  0
LINE
  5
132
330
17
100
AcDbEntity
  8
ENGRAVE_POLARS
100
AcDbLine
 10
14.214779461061905
 20
-23.813579373606213
 30
0.0
 11
13.696359305555553
 21
-23.72279019594101
 31
0.0
  0
LINE
  5
133
330
17
100
AcDbEntity
  8
ENGRAVE_POLARS
100
AcDbLine
 10
13.696359305555553
 20
-23.72279019594101
 30
0.0
 11
13.13536242475521
 21
-23.61454871360536
 31
0.0
  0
LINE
  5
134
330
17
100
AcDbEntity
  8
ENGRAVE_POLARS
100
AcDbLine
 10
13.13536242475521
 20
-23.61454871360536
 30
0.0
 11
12.529562509609542
 21
-23.485003945463745
 31
0.0
  0
LINE
  5
135
330
17
100
AcDbEntity
  8
ENGRAVE_POLARS
100
AcDbLine
 10
12.529562509609542
 20
-23.485003945463745
 30
0.0
 11
11.887338844174456
 21
-23.337872949363227
 31
0.0
  0
LINE
  5
136
330
17
100
AcDbEntity
  8
ENGRAVE_POLARS
100
AcDbLine
 10
11.887338844174456
 20
-23.337872949363227
 30
0.0
 11
11.217070712505873
 21
-23.176872783150888
 31
0.0
  0
LINE
  5
137
330
17
100
AcDbEntity
  8
ENGRAVE_POLARS
100
AcDbLine
 10
11.217070712505873
 20
-23.176872783150888
 30
0.0
 11
10.5271373986597
 21
-23.0057205046738
 31
0.0
  0
LINE
  5
138
330
17
100
AcDbEntity
  8
ENGRAVE_POLARS
100
AcDbLine
 10
10.5271373986597
 20
-23.0057205046738
 30
0.0
 11
9.825918186691858
 21
-22.828133171779037
 31
0.0
  0
LINE
  5
139
330
17
100
AcDbEntity
  8
ENGRAVE_POLARS
100
AcDbLine
 10
9.825918186691858
 20
-22.828133171779037
 30
0.0
 11
9.121792360658254
 21
-22.64782784231367
 31
0.0
  0
LINE
  5
13A
330
17
100
AcDbEntity
  8
ENGRAVE_POLARS
100
AcDbLine
 10
9.121792360658254
 20
-22.64782784231367
 30
0.0
 11
8.423139204614808
 21
-22.46852157412478
 31
0.0
  0
LINE
  5
13B
330
17
100
AcDbEntity
  8
ENGRAVE_POLARS
100
AcDbLine
 10
8.423139204614808
 20
-22.46852157412478
 30
0.0
 11
7.73833800261743
 21
-22.293931425059426
 31
0.0
  0
LINE
  5
13C
330
17
100
AcDbEntity
  8
ENGRAVE_POLARS
100
AcDbLine
 10
7.73833800261743
 20
-22.293931425059426
 30
0.0
 11
7.075768038722034
 21
-22.12777445296469
 31
0.0
  0
LINE
  5
13D
330
17
100
AcDbEntity
  8
ENGRAVE_POLARS
100
AcDbLine
 10
7.075768038722034
 20
-22.12777445296469
 30
0.0
 11
6.443808596984532
 21
-21.973767715687647
 31
0.0
  0
LINE
  5
13E
330
17
100
AcDbEntity
  8
ENGRAVE_POLARS
100
AcDbLine
 10
6.443808596984532
 20
-21.973767715687647
 30
0.0
 11
5.850838961460842
 21
-21.835628271075365
 31
0.0
  0
LINE
  5
13F
330
17
100
AcDbEntity
  8
ENGRAVE_POLARS
100
AcDbLine
 10
5.850838961460842
 20
-21.835628271075365
 30
0.0
 11
5.2748096510512665
 21
-21.70733606906143
 31
0.0
  0
LINE
  5
140
330
17
100
AcDbEntity
  8
ENGRAVE_POLARS
100
AcDbLine
 10
5.2748096510512665
 20
-21.70733606906143
 30
0.0
 11
4.692548140631371
 21
-21.581005196497678
 31
0.0
  0
LINE
  5
141
330
17
100
AcDbEntity
  8
ENGRAVE_POLARS
100
AcDbLine
 10
4.692548140631371
 20
-21.581005196497678
 30
0.0
 11
4.11074914821995
 21
-21.45755391660857
 31
0.0
  0
LINE
  5
142
330
17
100
AcDbEntity
  8
ENGRAVE_POLARS
100
AcDbLine
 10
4.11074914821995
 20
-21.45755391660857
 30
0.0
 11
3.5361073918357993
 21
-21.33790049261854
 31
0.0
  0
LINE
  5
143
330
17
100
AcDbEntity
  8
ENGRAVE_POLARS
100
AcDbLine
 10
3.5361073918357993
 20
-21.33790049261854
 30
0.0
 11
2.9753175894977186
 21
-21.22296318775206
 31
0.0
  0
LINE
  5
144
330
17
100
AcDbEntity
  8
ENGRAVE_POLARS
100
AcDbLine
 10
2.9753175894977186
 20
-21.22296318775206
 30
0.0
 11
2.435074459224503
 21
-21.11366026523358
 31
0.0
  0
LINE
  5
145
330
17
100
AcDbEntity
  8
ENGRAVE_POLARS
100
AcDbLine
 10
2.435074459224503
 20
-21.11366026523358
 30
0.0
 11
1.9220727190349485
 21
-21.010909988287544
 31
0.0
  0
LINE
  5
146
330
17
100
AcDbEntity
  8
ENGRAVE_POLARS
100
AcDbLine
 10
1.9220727190349485
 20
-21.010909988287544
 30
0.0
 11
1.4430070869478535
 21
-20.915630620138415
 31
0.0
  0
LINE
  5
147
330
17
100
AcDbEntity
  8
ENGRAVE_POLARS
100
AcDbLine
 10
1.4430070869478535
 20
-20.915630620138415
 30
0.0
 11
1.0045722809820157
 21
-20.828740424010643
 31
0.0
  0
LINE
  5
148
330
17
100
AcDbEntity
  8
ENGRAVE_POLARS
100
AcDbLine
 10
1.0045722809820157
 20
-20.828740424010643
 30
0.0
 11
0.6134630191562295
 21
-20.751157663128684
 31
0.0
  0
LINE
  5
149
330
17
100
AcDbEntity
  8
ENGRAVE_POLARS
100
AcDbLine
 10
0.6134630191562295
 20
-20.751157663128684
 30
0.0
 11
0.2763740194892924
 21
-20.68380060071698
 31
0.0
  0
LINE
  5
14A
330
17
100
AcDbEntity
  8
ENGRAVE_POLARS
100
AcDbLine
 10
0.2763740194892924
 20
-20.68380060071698
 30
0.0
 11
2.5261509006006956e-15
 21
-20.6275875
 31
0.0
  0
LINE
  5
14B
330
17
100
AcDbEntity
  8
ENGRAVE_POLARS
100
AcDbLine
 10
-20.178356837742076
 20
22.152412142968252
 30
0.0
 11
-20.481860958628797
 21
22.080218806208062
 31
0.0
  0
LINE
  5
14C
330
17
100
AcDbEntity
  8
ENGRAVE_POLARS
100
AcDbLine
 10
-20.481860958628797
 20
22.080218806208062
 30
0.0
 11
-20.871236921136003
 21
21.996397665982496
 31
0.0
  0
LINE
  5
14D
330
17
100
AcDbEntity
  8
ENGRAVE_POLARS
100
AcDbLine
 10
-20.871236921136003
 20
21.996397665982496
 30
0.0
 11
-21.332069846981817
 21
21.901140461108437
 31
0.0
  0
LINE
  5
14E
330
17
100
AcDbEntity
  8
ENGRAVE_POLARS
100
AcDbLine
 10
-21.332069846981817
 20
21.901140461108437
 30
0.0
 11
-21.849944857884374
 21
21.79463893040274
 31
0.0
  0
LINE
  5
14F
330
17
100
AcDbEntity
  8
ENGRAVE_POLARS
100
AcDbLine
 10
-21.849944857884374
 20
21.79463893040274
 30
0.0
 11
-22.410447075561795
 21
21.67708481268229
 31
0.0
  0
LINE
  5
150
330
17
100
AcDbEntity
  8
ENGRAVE_POLARS
100
AcDbLine
 10
-22.410447075561795
 20
21.67708481268229
 30
0.0
 11
-22.9991616217322
 21
21.54866984676395
 31
0.0
  0
LINE
  5
151
330
17
100
AcDbEntity
  8
ENGRAVE_POLARS
100
AcDbLine
 10
-22.9991616217322
 20
21.54866984676395
 30
0.0
 11
-23.601673618113725
 21
21.409585771464595
 31
0.0
  0
LINE
  5
152
330
17
100
AcDbEntity
  8
ENGRAVE_POLARS
100
AcDbLine
 10
-23.601673618113725
 20
21.409585771464595
 30
0.0
 11
-24.2035681864245
 21
21.260024325601105
 31
0.0
  0
LINE
  5
153
330
17
100
AcDbEntity
  8
ENGRAVE_POLARS
100
AcDbLine
 10
-24.2035681864245
 20
21.260024325601105
 30
0.0
 11
-24.790430448382644
 21
21.100177247990345
 31
0.0
  0
LINE
  5
154
330
17
100
AcDbEntity
  8
ENGRAVE_POLARS
100
AcDbLine
 10
-24.790430448382644
 20
21.100177247990345
 30
0.0
 11
-25.347845525706283
 21
20.930236277449175
 31
0.0
  0
LINE
  5
155
330
17
100
AcDbEntity
  8
ENGRAVE_POLARS
100
AcDbLine
 10
-25.347845525706283
 20
20.930236277449175
 30
0.0
 11
-25.861398540113544
 21
20.750393152794484
 31
0.0
  0
LINE
  5
156
330
17
100
AcDbEntity
  8
ENGRAVE_POLARS
100
AcDbLine
 10
-25.861398540113544
 20
20.750393152794484
 30
0.0
 11
-26.31667461332256
 21
20.560839612843143
 31
0.0
  0
LINE
  5
157
330
17
100
AcDbEntity
  8
ENGRAVE_POLARS
100
AcDbLine
 10
-26.31667461332256
 20
20.560839612843143
 30
0.0
 11
-26.72530408973767
 21
20.36344610839479
 31
0.0
  0
LINE
  5
158
330
17
100
AcDbEntity
  8
ENGRAVE_POLARS
100
AcDbLine
 10
-26.72530408973767
 20
20.36344610839479
 30
0.0
 11
-27.11041341937824
 21
20.159193756703534
 31
0.0
  0
LINE
  5
159
330
17
100
AcDbEntity
  8
ENGRAVE_POLARS
100
AcDbLine
 10
-27.11041341937824
 20
20.159193756703534
 30
0.0
 11
-27.474831882384894
 21
19.94694029626792
 31
0.0
  0
LINE
  5
15A
330
17
100
AcDbEntity
  8
ENGRAVE_POLARS
100
AcDbLine
 10
-27.474831882384894
 20
19.94694029626792
 30
0.0
 11
-27.82138875889828
 21
19.72554346558648
 31
0.0
  0
LINE
  5
15B
330
17
100
AcDbEntity
  8
ENGRAVE_POLARS
100
AcDbLine
 10
-27.82138875889828
 20
19.72554346558648
 30
0.0
 11
-28.15291332905904
 21
19.49386100315777
 31
0.0
  0
LINE
  5
15C
330
17
100
AcDbEntity
  8
ENGRAVE_POLARS
100
AcDbLine
 10
-28.15291332905904
 20
19.49386100315777
 30
0.0
 11
-28.4722348730078
 21
19.25075064748034
 31
0.0
  0
LINE
  5
15D
330
17
100
AcDbEntity
  8
ENGRAVE_POLARS
100
AcDbLine
 10
-28.4722348730078
 20
19.25075064748034
 30
0.0
 11
-28.78218267088522
 21
18.995070137052725
 31
0.0
  0
LINE
  5
15E
330
17
100
AcDbEntity
  8
ENGRAVE_POLARS
100
AcDbLine
 10
-28.78218267088522
 20
18.995070137052725
 30
0.0
 11
-29.085586002831924
 21
18.725677210373487
 31
0.0
  0
LINE
  5
15F
330
17
100
AcDbEntity
  8
ENGRAVE_POLARS
100
AcDbLine
 10
-29.085586002831924
 20
18.725677210373487
 30
0.0
 11
-29.385274148988564
 21
18.44142960594116
 31
0.0
  0
LINE
  5
160
330
17
100
AcDbEntity
  8
ENGRAVE_POLARS
100
AcDbLine
 10
-29.385274148988564
 20
18.44142960594116
 30
0.0
 11
-29.68407638949577
 21
18.141185062254294
 31
0.0
  0
LINE
  5
161
330
17
100
AcDbEntity
  8
ENGRAVE_POLARS
100
AcDbLine
 10
-29.68407638949577
 20
18.141185062254294
 30
0.0
 11
-29.98482200449418
 21
17.823801317811423
 31
0.0
  0
LINE
  5
162
330
17
100
AcDbEntity
  8
ENGRAVE_POLARS
100
AcDbLine
 10
-29.98482200449418
 20
17.823801317811423
 30
0.0
 11
-30.290340274124443
 21
17.488136111111114
 31
0.0
  0
LINE
  5
163
330
17
100
AcDbEntity
  8
ENGRAVE_POLARS
100
AcDbLine
 10
-30.290340274124443
 20
17.488136111111114
 30
0.0
 11
-30.6033015681214
 21
17.12155719441348
 31
0.0
  0
LINE
  5
164
330
17
100
AcDbEntity
  8
ENGRAVE_POLARS
100
AcDbLine
 10
-30.6033015681214
 20
17.12155719441348
 30
0.0
 11
-30.92231872525381
 21
16.717271968067465
 31
0.0
  0
LINE
  5
165
330
17
100
AcDbEntity
  8
ENGRAVE_POLARS
100
AcDbLine
 10
-30.92231872525381
 20
16.717271968067465
 30
0.0
 11
-31.244134729213155
 21
16.282897642704828
 31
0.0
  0
LINE
  5
166
330
17
100
AcDbEntity
  8
ENGRAVE_POLARS
100
AcDbLine
 10
-31.244134729213155
 20
16.282897642704828
 30
0.0
 11
-31.565492563690942
 21
15.826051428957344
 31
0.0
  0
LINE
  5
167
330
17
100
AcDbEntity
  8
ENGRAVE_POLARS
100
AcDbLine
 10
-31.565492563690942
 20
15.826051428957344
 30
0.0
 11
-31.883135212378658
 21
15.354350537456773
 31
0.0
  0
LINE
  5
168
330
17
100
AcDbEntity
  8
ENGRAVE_POLARS
100
AcDbLine
 10
-31.883135212378658
 20
15.354350537456773
 30
0.0
 11
-32.19380565896779
 21
14.875412178834882
 31
0.0
  0
LINE
  5
169
330
17
100
AcDbEntity
  8
ENGRAVE_POLARS
100
AcDbLine
 10
-32.19380565896779
 20
14.875412178834882
 30
0.0
 11
-32.49424688714984
 21
14.39685356372343
 31
0.0
  0
LINE
  5
16A
330
17
100
AcDbEntity
  8
ENGRAVE_POLARS
100
AcDbLine
 10
-32.49424688714984
 20
14.39685356372343
 30
0.0
 11
-32.7812018806163
 21
13.926291902754189
 31
0.0
  0
LINE
  5
16B
330
17
100
AcDbEntity
  8
ENGRAVE_POLARS
100
AcDbLine
 10
-32.7812018806163
 20
13.926291902754189
 30
0.0
 11
-33.051413623058664
 21
13.471344406558925
 31
0.0
  0
LINE
  5
16C
330
17
100
AcDbEntity
  8
ENGRAVE_POLARS
100
AcDbLine
 10
-33.051413623058664
 20
13.471344406558925
 30
0.0
 11
-33.30162509816842
 21
13.039628285769398
 31
0.0
  0
LINE
  5
16D
330
17
100
AcDbEntity
  8
ENGRAVE_POLARS
100
AcDbLine
 10
-33.30162509816842
 20
13.039628285769398
 30
0.0
 11
-33.528579289637065
 21
12.638760751017372
 31
0.0
  0
LINE
  5
16E
330
17
100
AcDbEntity
  8
ENGRAVE_POLARS
100
AcDbLine
 10
-33.528579289637065
 20
12.638760751017372
 30
0.0
 11
-33.72901918115609
 21
12.276359012934618
 31
0.0
  0
LINE
  5
16F
330
17
100
AcDbEntity
  8
ENGRAVE_POLARS
100
AcDbLine
 10
-33.72901918115609
 20
12.276359012934618
 30
0.0
 11
-33.9005066954205
 21
11.951073167701107
 31
0.0
  0
LINE
  5
170
330
17
100
AcDbEntity
  8
ENGRAVE_POLARS
100
AcDbLine
 10
-33.9005066954205
 20
11.951073167701107
 30
0.0
 11
-34.04504343739095
 21
11.653734501287628
 31
0.0
  0
LINE
  5
171
330
17
100
AcDbEntity
  8
ENGRAVE_POLARS
100
AcDbLine
 10
-34.04504343739095
 20
11.653734501287628
 30
0.0
 11
-34.16603191415739
 21
11.38023200901216
 31
0.0
  0
LINE
  5
172
330
17
100
AcDbEntity
  8
ENGRAVE_POLARS
100
AcDbLine
 10
-34.16603191415739
 20
11.38023200901216
 30
0.0
 11
-34.26687463280977
 21
11.126454686192684
 31
0.0
  0
LINE
  5
173
330
17
100
AcDbEntity
  8
ENGRAVE_POLARS
100
AcDbLine
 10
-34.26687463280977
 20
11.126454686192684
 30
0.0
 11
-34.35097410043806
 21
10.888291528147182
 31
0.0
  0
LINE
  5
174
330
17
100
AcDbEntity
  8
ENGRAVE_POLARS
100
AcDbLine
 10
-34.35097410043806
 20
10.888291528147182
 30
0.0
 11
-34.4217328241322
 21
10.661631530193635
 31
0.0
  0
LINE
  5
175
330
17
100
AcDbEntity
  8
ENGRAVE_POLARS
100
AcDbLine
 10
-34.4217328241322
 20
10.661631530193635
 30
0.0
 11
-34.48255331098215
 21
10.44236368765002
 31
0.0
  0
LINE
  5
176
330
17
100
AcDbEntity
  8
ENGRAVE_POLARS
100
AcDbLine
 10
-34.48255331098215
 20
10.44236368765002
 30
0.0
 11
-34.53683806807787
 21
10.226376995834327
 31
0.0
  0
LINE
  5
177
330
17
100
AcDbEntity
  8
ENGRAVE_POLARS
100
AcDbLine
 10
-34.53683806807787
 20
10.226376995834327
 30
0.0
 11
-34.58798960250932
 21
10.009560450064534
 31
0.0
  0
LINE
  5
178
330
17
100
AcDbEntity
  8
ENGRAVE_POLARS
100
AcDbLine
 10
-34.58798960250932
 20
10.009560450064534
 30
0.0
 11
-34.63941042136644
 21
9.787803045658615
 31
0.0
  0
LINE
  5
179
330
17
100
AcDbEntity
  8
ENGRAVE_POLARS
100
AcDbLine
 10
-34.63941042136644
 20
9.787803045658615
 30
0.0
 11
-34.694503031739195
 21
9.556993777934558
 31
0.0
  0
LINE
  5
17A
330
17
100
AcDbEntity
  8
ENGRAVE_POLARS
100
AcDbLine
 10
-34.694503031739195
 20
9.556993777934558
 30
0.0
 11
-34.75666994071754
 21
9.313021642210343
 31
0.0
  0
LINE
  5
17B
330
17
100
AcDbEntity
  8
ENGRAVE_POLARS
100
AcDbLine
 10
-34.75666994071754
 20
9.313021642210343
 30
0.0
 11
-34.81839034720959
 21
9.07032006464233
 31
0.0
  0
LINE
  5
17C
330
17
100
AcDbEntity
  8
ENGRAVE_POLARS
100
AcDbLine
 10
-34.81839034720959
 20
9.07032006464233
 30
0.0
 11
-34.871166460967835
 21
8.842558685164954
 31
0.0
  0
LINE
  5
17D
330
17
100
AcDbEntity
  8
ENGRAVE_POLARS
100
AcDbLine
 10
-34.871166460967835
 20
8.842558685164954
 30
0.0
 11
-34.91693530534877
 21
8.624480819763303
 31
0.0
  0
LINE
  5
17E
330
17
100
AcDbEntity
  8
ENGRAVE_POLARS
100
AcDbLine
 10
-34.91693530534877
 20
8.624480819763303
 30
0.0
 11
-34.95763390370894
 21
8.41082978442246
 31
0.0
  0
LINE
  5
17F
330
17
100
AcDbEntity
  8
ENGRAVE_POLARS
100
AcDbLine
 10
-34.95763390370894
 20
8.41082978442246
 30
0.0
 11
-34.99519927940482
 21
8.19634889512752
 31
0.0
  0
LINE
  5
180
330
17
100
AcDbEntity
  8
ENGRAVE_POLARS
100
AcDbLine
 10
-34.99519927940482
 20
8.19634889512752
 30
0.0
 11
-35.031568455792936
 21
7.975781467863561
 31
0.0
  0
LINE
  5
181
330
17
100
AcDbEntity
  8
ENGRAVE_POLARS
100
AcDbLine
 10
-35.031568455792936
 20
7.975781467863561
 30
0.0
 11
-35.06867845622978
 21
7.743870818615674
 31
0.0
  0
LINE
  5
182
330
17
100
AcDbEntity
  8
ENGRAVE_POLARS
100
AcDbLine
 10
-35.06867845622978
 20
7.743870818615674
 30
0.0
 11
-35.10846630407189
 21
7.49536026336895
 31
0.0
  0
LINE
  5
183
330
17
100
AcDbEntity
  8
ENGRAVE_POLARS
100
AcDbLine
 10
-35.10846630407189
 20
7.49536026336895
 30
0.0
 11
-35.152869022675766
 21
7.224993118108472
 31
0.0
  0
LINE
  5
184
330
17
100
AcDbEntity
  8
ENGRAVE_POLARS
100
AcDbLine
 10
-35.152869022675766
 20
7.224993118108472
 30
0.0
 11
-35.203823635397896
 21
6.927512698819327
 31
0.0
  0
LINE
  5
185
330
17
100
AcDbEntity
  8
ENGRAVE_POLARS
100
AcDbLine
 10
-35.203823635397896
 20
6.927512698819327
 30
0.0
 11
-35.263267165594826
 21
6.597662321486604
 31
0.0
  0
LINE
  5
186
330
17
100
AcDbEntity
  8
ENGRAVE_POLARS
100
AcDbLine
 10
-35.263267165594826
 20
6.597662321486604
 30
0.0
 11
-35.33313663662304
 21
6.23018530209539
 31
0.0
  0
LINE
  5
187
330
17
100
AcDbEntity
  8
ENGRAVE_POLARS
100
AcDbLine
 10
-35.33313663662304
 20
6.23018530209539
 30
0.0
 11
-35.4211364180417
 21
5.842317853725525
 31
0.0
  0
LINE
  5
188
330
17
100
AcDbEntity
  8
ENGRAVE_POLARS
100
AcDbLine
 10
-35.4211364180417
 20
5.842317853725525
 30
0.0
 11
-35.53005617409044
 21
5.450763039989539
 31
0.0
  0
LINE
  5
189
330
17
100
AcDbEntity
  8
ENGRAVE_POLARS
100
AcDbLine
 10
-35.53005617409044
 20
5.450763039989539
 30
0.0
 11
-35.6544608701465
 21
5.049464452671557
 31
0.0
  0
LINE
  5
18A
330
17
100
AcDbEntity
  8
ENGRAVE_POLARS
100
AcDbLine
 10
-35.6544608701465
 20
5.049464452671557
 30
0.0
 11
-35.78891547158709
 21
4.632365683555697
 31
0.0
  0
LINE
  5
18B
330
17
100
AcDbEntity
  8
ENGRAVE_POLARS
100
AcDbLine
 10
-35.78891547158709
 20
4.632365683555697
 30
0.0
 11
-35.92798494378945
 21
4.193410324426086
 31
0.0
  0
LINE
  5
18C
330
17
100
AcDbEntity
  8
ENGRAVE_POLARS
100
AcDbLine
 10
-35.92798494378945
 20
4.193410324426086
 30
0.0
 11
-36.06623425213078
 21
3.726541967066844
 31
0.0
  0
LINE
  5
18D
330
17
100
AcDbEntity
  8
ENGRAVE_POLARS
100
AcDbLine
 10
-36.06623425213078
 20
3.726541967066844
 30
0.0
 11
-36.198228361988335
 21
3.225704203262093
 31
0.0
  0
LINE
  5
18E
330
17
100
AcDbEntity
  8
ENGRAVE_POLARS
100
AcDbLine
 10
-36.198228361988335
 20
3.225704203262093
 30
0.0
 11
-36.31853223873933
 21
2.684840624795956
 31
0.0
  0
LINE
  5
18F
330
17
100
AcDbEntity
  8
ENGRAVE_POLARS
100
AcDbLine
 10
-36.31853223873933
 20
2.684840624795956
 30
0.0
 11
-36.42171084776099
 21
2.097894823452558
 31
0.0
  0
LINE
  5
190
330
17
100
AcDbEntity
  8
ENGRAVE_POLARS
100
AcDbLine
 10
-36.42171084776099
 20
2.097894823452558
 30
0.0
 11
-36.50232915443055
 21
1.4588103910160164
 31
0.0
  0
LINE
  5
191
330
17
100
AcDbEntity
  8
ENGRAVE_POLARS
100
AcDbLine
 10
-36.50232915443055
 20
1.4588103910160164
 30
0.0
 11
-36.554952124125215
 21
0.7615309192704572
 31
0.0
  0
LINE
  5
192
330
17
100
AcDbEntity
  8
ENGRAVE_POLARS
100
AcDbLine
 10
-36.554952124125215
 20
0.7615309192704572
 30
0.0
 11
-36.57414472222222
 21
2.2395204632810753e-15
 31
0.0
  0
LINE
  5
193
330
17
100
AcDbEntity
  8
ENGRAVE_POLARS
100
AcDbLine
 10
-36.57414472222222
 20
2.2395204632810753e-15
 30
0.0
 11
-36.56547360838445
 21
-0.8631165579843257
 31
0.0
  0
LINE
  5
194
330
17
100
AcDbEntity
  8
ENGRAVE_POLARS
100
AcDbLine
 10
-36.56547360838445
 20
-0.8631165579843257
 30
0.0
 11
-36.538410331076754
 21
-1.8449698855672814
 31
0.0
  0
LINE
  5
195
330
17
100
AcDbEntity
  8
ENGRAVE_POLARS
100
AcDbLine
 10
-36.538410331076754
 20
-1.8449698855672814
 30
0.0
 11
-36.49337718887933
 21
-2.921341800508409
 31
0.0
  0
LINE
  5
196
330
17
100
AcDbEntity
  8
ENGRAVE_POLARS
100
AcDbLine
 10
-36.49337718887933
 20
-2.921341800508409
 30
0.0
 11
-36.430796480372365
 21
-4.068014120567256
 31
0.0
  0
LINE
  5
197
330
17
100
AcDbEntity
  8
ENGRAVE_POLARS
100
AcDbLine
 10
-36.430796480372365
 20
-4.068014120567256
 30
0.0
 11
-36.351090504136074
 21
-5.260768663503366
 31
0.0
  0
LINE
  5
198
330
17
100
AcDbEntity
  8
ENGRAVE_POLARS
100
AcDbLine
 10
-36.351090504136074
 20
-5.260768663503366
 30
0.0
 11
-36.25468155875064
 21
-6.475387247076283
 31
0.0
  0
LINE
  5
199
330
17
100
AcDbEntity
  8
ENGRAVE_POLARS
100
AcDbLine
 10
-36.25468155875064
 20
-6.475387247076283
 30
0.0
 11
-36.141991942796274
 21
-7.687651689045557
 31
0.0
  0
LINE
  5
19A
330
17
100
AcDbEntity
  8
ENGRAVE_POLARS
100
AcDbLine
 10
-36.141991942796274
 20
-7.687651689045557
 30
0.0
 11
-36.01344395485316
 21
-8.87334380717073
 31
0.0
  0
LINE
  5
19B
330
17
100
AcDbEntity
  8
ENGRAVE_POLARS
100
AcDbLine
 10
-36.01344395485316
 20
-8.87334380717073
 30
0.0
 11
-35.86945989350151
 21
-10.008245419211343
 31
0.0
  0
LINE
  5
19C
330
17
100
AcDbEntity
  8
ENGRAVE_POLARS
100
AcDbLine
 10
-35.86945989350151
 20
-10.008245419211343
 30
0.0
 11
-35.71046205732151
 21
-11.06813834292695
 31
0.0
  0
LINE
  5
19D
330
17
100
AcDbEntity
  8
ENGRAVE_POLARS
100
AcDbLine
 10
-35.71046205732151
 20
-11.06813834292695
 30
0.0
 11
-35.53687274489335
 21
-12.028804396077092
 31
0.0
  0
LINE
  5
19E
330
17
100
AcDbEntity
  8
ENGRAVE_POLARS
100
AcDbLine
 10
-35.53687274489335
 20
-12.028804396077092
 30
0.0
 11
-35.349114254797264
 21
-12.866025396421314
 31
0.0
  0
LINE
  5
19F
330
17
100
AcDbEntity
  8
ENGRAVE_POLARS
100
AcDbLine
 10
-35.349114254797264
 20
-12.866025396421314
 30
0.0
 11
-35.156136544889506
 21
-13.587025435541296
 31
0.0
  0
LINE
  5
1A0
330
17
100
AcDbEntity
  8
ENGRAVE_POLARS
100
AcDbLine
 10
-35.156136544889506
 20
-13.587025435541296
 30
0.0
 11
-34.96317435353661
 21
-14.222821497796785
 31
0.0
  0
LINE
  5
1A1
330
17
100
AcDbEntity
  8
ENGRAVE_POLARS
100
AcDbLine
 10
-34.96317435353661
 20
-14.222821497796785
 30
0.0
 11
-34.765077150084096
 21
-14.784884740114427
 31
0.0
  0
LINE
  5
1A2
330
17
100
AcDbEntity
  8
ENGRAVE_POLARS
100
AcDbLine
 10
-34.765077150084096
 20
-14.784884740114427
 30
0.0
 11
-34.55669440387751
 21
-15.284686319420869
 31
0.0
  0
LINE
  5
1A3
330
17
100
AcDbEntity
  8
ENGRAVE_POLARS
100
AcDbLine
 10
-34.55669440387751
 20
-15.284686319420869
 30
0.0
 11
-34.332875584262375
 21
-15.733697392642753
 31
0.0
  0
LINE
  5
1A4
330
17
100
AcDbEntity
  8
ENGRAVE_POLARS
100
AcDbLine
 10
-34.332875584262375
 20
-15.733697392642753
 30
0.0
 11
-34.08847016058423
 21
-16.143389116706732
 31
0.0
  0
LINE
  5
1A5
330
17
100
AcDbEntity
  8
ENGRAVE_POLARS
100
AcDbLine
 10
-34.08847016058423
 20
-16.143389116706732
 30
0.0
 11
-33.81832760218861
 21
-16.525232648539443
 31
0.0
  0
LINE
  5
1A6
330
17
100
AcDbEntity
  8
ENGRAVE_POLARS
100
AcDbLine
 10
-33.81832760218861
 20
-16.525232648539443
 30
0.0
 11
-33.51729737842105
 21
-16.89069914506754
 31
0.0
  0
LINE
  5
1A7
330
17
100
AcDbEntity
  8
ENGRAVE_POLARS
100
AcDbLine
 10
-33.51729737842105
 20
-16.89069914506754
 30
0.0
 11
-33.18022895862709
 21
-17.25125976321766
 31
0.0
  0
LINE
  5
1A8
330
17
100
AcDbEntity
  8
ENGRAVE_POLARS
100
AcDbLine
 10
-33.18022895862709
 20
-17.25125976321766
 30
0.0
 11
-32.801971812152246
 21
-17.61838565991646
 31
0.0
  0
LINE
  5
1A9
330
17
100
AcDbEntity
  8
ENGRAVE_POLARS
100
AcDbLine
 10
-32.801971812152246
 20
-17.61838565991646
 30
0.0
 11
-32.377375408342054
 21
-18.003547992090578
 31
0.0
  0
LINE
  5
1AA
330
17
100
AcDbEntity
  8
ENGRAVE_POLARS
100
AcDbLine
 10
-32.377375408342054
 20
-18.003547992090578
 30
0.0
 11
-31.901289216542068
 21
-18.41821791666666
 31
0.0
  0
LINE
  5
1AB
330
17
100
AcDbEntity
  8
ENGRAVE_POLARS
100
AcDbLine
 10
-31.901289216542068
 20
-18.41821791666666
 30
0.0
 11
-31.35020757559625
 21
-18.85937334633188
 31
0.0
  0
LINE
  5
1AC
330
17
100
AcDbEntity
  8
ENGRAVE_POLARS
100
AcDbLine
 10
-31.35020757559625
 20
-18.85937334633188
 30
0.0
 11
-30.714791098210206
 21
-19.31257714523991
 31
0.0
  0
LINE
  5
1AD
330
17
100
AcDbEntity
  8
ENGRAVE_POLARS
100
AcDbLine
 10
-30.714791098210206
 20
-19.31257714523991
 30
0.0
 11
-30.011138664521866
 21
-19.772177897517164
 31
0.0
  0
LINE
  5
1AE
330
17
100
AcDbEntity
  8
ENGRAVE_POLARS
100
AcDbLine
 10
-30.011138664521866
 20
-19.772177897517164
 30
0.0
 11
-29.255349154669172
 21
-20.23252418729004
 31
0.0
  0
LINE
  5
1AF
330
17
100
AcDbEntity
  8
ENGRAVE_POLARS
100
AcDbLine
 10
-29.255349154669172
 20
-20.23252418729004
 30
0.0
 11
-28.46352144879008
 21
-20.687964598684943
 31
0.0
  0
LINE
  5
1B0
330
17
100
AcDbEntity
  8
ENGRAVE_POLARS
100
AcDbLine
 10
-28.46352144879008
 20
-20.687964598684943
 30
0.0
 11
-27.65175442702251
 21
-21.132847715828277
 31
0.0
  0
LINE
  5
1B1
330
17
100
AcDbEntity
  8
ENGRAVE_POLARS
100
AcDbLine
 10
-27.65175442702251
 20
-21.132847715828277
 30
0.0
 11
-26.836146969504416
 21
-21.56152212284645
 31
0.0
  0
LINE
  5
1B2
330
17
100
AcDbEntity
  8
ENGRAVE_POLARS
100
AcDbLine
 10
-26.836146969504416
 20
-21.56152212284645
 30
0.0
 11
-26.03279795637374
 21
-21.96833640386587
 31
0.0
  0
LINE
  5
1B3
330
17
100
AcDbEntity
  8
ENGRAVE_POLARS
100
AcDbLine
 10
-26.03279795637374
 20
-21.96833640386587
 30
0.0
 11
-25.257806267768434
 21
-22.347639143012938
 31
0.0
  0
LINE
  5
1B4
330
17
100
AcDbEntity
  8
ENGRAVE_POLARS
100
AcDbLine
 10
-25.257806267768434
 20
-22.347639143012938
 30
0.0
 11
-24.52727078382642
 21
-22.693778924414055
 31
0.0
  0
LINE
  5
1B5
330
17
100
AcDbEntity
  8
ENGRAVE_POLARS
100
AcDbLine
 10
-24.52727078382642
 20
-22.693778924414055
 30
0.0
 11
-23.85729038468565
 21
-23.001104332195627
 31
0.0
  0
LINE
  5
1B6
330
17
100
AcDbEntity
  8
ENGRAVE_POLARS
100
AcDbLine
 10
-23.85729038468565
 20
-23.001104332195627
 30
0.0
 11
-23.26396395048407
 21
-23.263963950484065
 31
0.0
  0
LINE
  5
1B7
330
17
100
AcDbEntity
  8
ENGRAVE_POLARS
100
AcDbLine
 10
-23.26396395048407
 20
-23.263963950484065
 30
0.0
 11
-22.742970247619027
 21
-23.480509106209016
 31
0.0
  0
LINE
  5
1B8
330
17
100
AcDbEntity
  8
ENGRAVE_POLARS
100
AcDbLine
 10
-22.742970247619027
 20
-23.480509106209016
 30
0.0
 11
-22.273996985465633
 21
-23.655728552005996
 31
0.0
  0
LINE
  5
1B9
330
17
100
AcDbEntity
  8
ENGRAVE_POLARS
100
AcDbLine
 10
-22.273996985465633
 20
-23.655728552005996
 30
0.0
 11
-21.849156458628464
 21
-23.794227010560213
 31
0.0
  0
LINE
  5
1BA
330
17
100
AcDbEntity
  8
ENGRAVE_POLARS
100
AcDbLine
 10
-21.849156458628464
 20
-23.794227010560213
 30
0.0
 11
-21.460560961712076
 21
-23.900609204556876
 31
0.0
  0
LINE
  5
1BB
330
17
100
AcDbEntity
  8
ENGRAVE_POLARS
100
AcDbLine
 10
-21.460560961712076
 20
-23.900609204556876
 30
0.0
 11
-21.10032278932105
 21
-23.97947985668118
 31
0.0
  0
LINE
  5
1BC
330
17
100
AcDbEntity
  8
ENGRAVE_POLARS
100
AcDbLine
 10
-21.10032278932105
 20
-23.97947985668118
 30
0.0
 11
-20.76055423605996
 21
-24.03544368961834
 31
0.0
  0
LINE
  5
1BD
330
17
100
AcDbEntity
  8
ENGRAVE_POLARS
100
AcDbLine
 10
-20.76055423605996
 20
-24.03544368961834
 30
0.0
 11
-20.433367596533365
 21
-24.07310542605356
 31
0.0
  0
LINE
  5
1BE
330
17
100
AcDbEntity
  8
ENGRAVE_POLARS
100
AcDbLine
 10
-20.433367596533365
 20
-24.07310542605356
 30
0.0
 11
-20.110875165345835
 21
-24.09706978867204
 31
0.0
  0
LINE
  5
1BF
330
17
100
AcDbEntity
  8
ENGRAVE_POLARS
100
AcDbLine
 10
-20.110875165345835
 20
-24.09706978867204
 30
0.0
 11
-19.785189237101953
 21
-24.111941500159
 31
0.0
  0
LINE
  5
1C0
330
17
100
AcDbEntity
  8
ENGRAVE_POLARS
100
AcDbLine
 10
-19.785189237101953
 20
-24.111941500159
 30
0.0
 11
-19.44842210640627
 21
-24.122325283199626
 31
0.0
  0
LINE
  5
1C1
330
17
100
AcDbEntity
  8
ENGRAVE_POLARS
100
AcDbLine
 10
-19.44842210640627
 20
-24.122325283199626
 30
0.0
 11
-19.092686067863372
 21
-24.132825860479134
 31
0.0
  0
LINE
  5
1C2
330
17
100
AcDbEntity
  8
ENGRAVE_POLARS
100
AcDbLine
 10
-19.092686067863372
 20
-24.132825860479134
 30
0.0
 11
-18.710093416077818
 21
-24.148047954682728
 31
0.0
  0
LINE
  5
1C3
330
17
100
AcDbEntity
  8
ENGRAVE_POLARS
100
AcDbLine
 10
-18.710093416077818
 20
-24.148047954682728
 30
0.0
 11
-18.31739599635818
 21
-24.163104975697063
 31
0.0
  0
LINE
  5
1C4
330
17
100
AcDbEntity
  8
ENGRAVE_POLARS
100
AcDbLine
 10
-18.31739599635818
 20
-24.163104975697063
 30
0.0
 11
-17.933858843423096
 21
-24.169863941429774
 31
0.0
  0
LINE
  5
1C5
330
17
100
AcDbEntity
  8
ENGRAVE_POLARS
100
AcDbLine
 10
-17.933858843423096
 20
-24.169863941429774
 30
0.0
 11
-17.555364035992266
 21
-24.168059986597573
 31
0.0
  0
LINE
  5
1C6
330
17
100
AcDbEntity
  8
ENGRAVE_POLARS
100
AcDbLine
 10
-17.555364035992266
 20
-24.168059986597573
 30
0.0
 11
-17.177793652785375
 21
-24.157428245917142
 31
0.0
  0
LINE
  5
1C7
330
17
100
AcDbEntity
  8
ENGRAVE_POLARS
100
AcDbLine
 10
-17.177793652785375
 20
-24.157428245917142
 30
0.0
 11
-16.79702977252213
 21
-24.137703854105183
 31
0.0
  0
LINE
  5
1C8
330
17
100
AcDbEntity
  8
ENGRAVE_POLARS
100
AcDbLine
 10
-16.79702977252213
 20
-24.137703854105183
 30
0.0
 11
-16.40895447392221
 21
-24.10862194587839
 31
0.0
  0
LINE
  5
1C9
330
17
100
AcDbEntity
  8
ENGRAVE_POLARS
100
AcDbLine
 10
-16.40895447392221
 20
-24.10862194587839
 30
0.0
 11
-16.009449835705325
 21
-24.069917655953446
 31
0.0
  0
LINE
  5
1CA
330
17
100
AcDbEntity
  8
ENGRAVE_POLARS
100
AcDbLine
 10
-16.009449835705325
 20
-24.069917655953446
 30
0.0
 11
-15.594397936591157
 21
-24.02132611904707
 31
0.0
  0
LINE
  5
1CB
330
17
100
AcDbEntity
  8
ENGRAVE_POLARS
100
AcDbLine
 10
-15.594397936591157
 20
-24.02132611904707
 30
0.0
 11
-15.159680855299401
 21
-23.96258246987594
 31
0.0
  0
LINE
  5
1CC
330
17
100
AcDbEntity
  8
ENGRAVE_POLARS
100
AcDbLine
 10
-15.159680855299401
 20
-23.96258246987594
 30
0.0
 11
-14.701180670549755
 21
-23.89342184315676
 31
0.0
  0
LINE
  5
1CD
330
17
100
AcDbEntity
  8
ENGRAVE_POLARS
100
AcDbLine
 10
-14.701180670549755
 20
-23.89342184315676
 30
0.0
 11
-14.214779461061905
 21
-23.813579373606213
 31
0.0
  0
LINE
  5
1CE
330
17
100
AcDbEntity
  8
ENGRAVE_POLARS
100
AcDbLine
 10
-14.214779461061905
 20
-23.813579373606213
 30
0.0
 11
-13.696359305555553
 21
-23.72279019594101
 31
0.0
  0
LINE
  5
1CF
330
17
100
AcDbEntity
  8
ENGRAVE_POLARS
100
AcDbLine
 10
-13.696359305555553
 20
-23.72279019594101
 30
0.0
 11
-13.13536242475521
 21
-23.61454871360536
 31
0.0
  0
LINE
  5
1D0
330
17
100
AcDbEntity
  8
ENGRAVE_POLARS
100
AcDbLine
 10
-13.13536242475521
 20
-23.61454871360536
 30
0.0
 11
-12.529562509609542
 21
-23.485003945463745
 31
0.0
  0
LINE
  5
1D1
330
17
100
AcDbEntity
  8
ENGRAVE_POLARS
100
AcDbLine
 10
-12.529562509609542
 20
-23.485003945463745
 30
0.0
 11
-11.887338844174456
 21
-23.337872949363227
 31
0.0
  0
LINE
  5
1D2
330
17
100
AcDbEntity
  8
ENGRAVE_POLARS
100
AcDbLine
 10
-11.887338844174456
 20
-23.337872949363227
 30
0.0
 11
-11.217070712505873
 21
-23.176872783150888
 31
0.0
  0
LINE
  5
1D3
330
17
100
AcDbEntity
  8
ENGRAVE_POLARS
100
AcDbLine
 10
-11.217070712505873
 20
-23.176872783150888
 30
0.0
 11
-10.5271373986597
 21
-23.0057205046738
 31
0.0
  0
LINE
  5
1D4
330
17
100
AcDbEntity
  8
ENGRAVE_POLARS
100
AcDbLine
 10
-10.5271373986597
 20
-23.0057205046738
 30
0.0
 11
-9.825918186691858
 21
-22.828133171779037
 31
0.0
  0
LINE
  5
1D5
330
17
100
AcDbEntity
  8
ENGRAVE_POLARS
100
AcDbLine
 10
-9.825918186691858
 20
-22.828133171779037
 30
0.0
 11
-9.121792360658254
 21
-22.64782784231367
 31
0.0
  0
LINE
  5
1D6
330
17
100
AcDbEntity
  8
ENGRAVE_POLARS
100
AcDbLine
 10
-9.121792360658254
 20
-22.64782784231367
 30
0.0
 11
-8.423139204614808
 21
-22.46852157412478
 31
0.0
  0
LINE
  5
1D7
330
17
100
AcDbEntity
  8
ENGRAVE_POLARS
100
AcDbLine
 10
-8.423139204614808
 20
-22.46852157412478
 30
0.0
 11
-7.73833800261743
 21
-22.293931425059426
 31
0.0
  0
LINE
  5
1D8
330
17
100
AcDbEntity
  8
ENGRAVE_POLARS
100
AcDbLine
 10
-7.73833800261743
 20
-22.293931425059426
 30
0.0
 11
-7.075768038722034
 21
-22.12777445296469
 31
0.0
  0
LINE
  5
1D9
330
17
100
AcDbEntity
  8
ENGRAVE_POLARS
100
AcDbLine
 10
-7.075768038722034
 20
-22.12777445296469
 30
0.0
 11
-6.443808596984532
 21
-21.973767715687647
 31
0.0
  0
LINE
  5
1DA
330
17
100
AcDbEntity
  8
ENGRAVE_POLARS
100
AcDbLine
 10
-6.443808596984532
 20
-21.973767715687647
 30
0.0
 11
-5.850838961460842
 21
-21.835628271075365
 31
0.0
  0
LINE
  5
1DB
330
17
100
AcDbEntity
  8
ENGRAVE_POLARS
100
AcDbLine
 10
-5.850838961460842
 20
-21.835628271075365
 30
0.0
 11
-5.2748096510512665
 21
-21.70733606906143
 31
0.0
  0
LINE
  5
1DC
330
17
100
AcDbEntity
  8
ENGRAVE_POLARS
100
AcDbLine
 10
-5.2748096510512665
 20
-21.70733606906143
 30
0.0
 11
-4.692548140631371
 21
-21.581005196497678
 31
0.0
  0
LINE
  5
1DD
330
17
100
AcDbEntity
  8
ENGRAVE_POLARS
100
AcDbLine
 10
-4.692548140631371
 20
-21.581005196497678
 30
0.0
 11
-4.11074914821995
 21
-21.45755391660857
 31
0.0
  0
LINE
  5
1DE
330
17
100
AcDbEntity
  8
ENGRAVE_POLARS
100
AcDbLine
 10
-4.11074914821995
 20
-21.45755391660857
 30
0.0
 11
-3.5361073918357993
 21
-21.33790049261854
 31
0.0
  0
LINE
  5
1DF
330
17
100
AcDbEntity
  8
ENGRAVE_POLARS
100
AcDbLine
 10
-3.5361073918357993
 20
-21.33790049261854
 30
0.0
 11
-2.9753175894977186
 21
-21.22296318775206
 31
0.0
  0
LINE
  5
1E0
330
17
100
AcDbEntity
  8
ENGRAVE_POLARS
100
AcDbLine
 10
-2.9753175894977186
 20
-21.22296318775206
 30
0.0
 11
-2.435074459224503
 21
-21.11366026523358
 31
0.0
  0
LINE
  5
1E1
330
17
100
AcDbEntity
  8
ENGRAVE_POLARS
100
AcDbLine
 10
-2.435074459224503
 20
-21.11366026523358
 30
0.0
 11
-1.9220727190349485
 21
-21.010909988287544
 31
0.0
  0
LINE
  5
1E2
330
17
100
AcDbEntity
  8
ENGRAVE_POLARS
100
AcDbLine
 10
-1.9220727190349485
 20
-21.010909988287544
 30
0.0
 11
-1.4430070869478535
 21
-20.915630620138415
 31
0.0
  0
LINE
  5
1E3
330
17
100
AcDbEntity
  8
ENGRAVE_POLARS
100
AcDbLine
 10
-1.4430070869478535
 20
-20.915630620138415
 30
0.0
 11
-1.0045722809820157
 21
-20.828740424010643
 31
0.0
  0
LINE
  5
1E4
330
17
100
AcDbEntity
  8
ENGRAVE_POLARS
100
AcDbLine
 10
-1.0045722809820157
 20
-20.828740424010643
 30
0.0
 11
-0.6134630191562295
 21
-20.751157663128684
 31
0.0
  0
LINE
  5
1E5
330
17
100
AcDbEntity
  8
ENGRAVE_POLARS
100
AcDbLine
 10
-0.6134630191562295
 20
-20.751157663128684
 30
0.0
 11
-0.2763740194892924
 21
-20.68380060071698
 31
0.0
  0
LINE
  5
1E6
330
17
100
AcDbEntity
  8
ENGRAVE_POLARS
100
AcDbLine
 10
-0.2763740194892924
 20
-20.68380060071698
 30
0.0
 11
-2.5261509006006956e-15
 21
-20.6275875
 31
0.0
  0
TEXT
  5
1E7
330
17
100
AcDbEntity
  8
ENGRAVE_TEXT
100
AcDbText
 10
18.583929218625997
 20
23.50602099931587
 30
0.0
 40
4.5
  1
6
 72
1
 11
18.583929218625997
 21
23.50602099931587
 31
0.0
100
AcDbText
 73
2
  0
TEXT
  5
1E8
330
17
100
AcDbEntity
  8
ENGRAVE_TEXT
100
AcDbText
 10
-18.583929218625997
 20
23.50602099931587
 30
0.0
 40
4.5
  1
6
 72
1
 11
-18.583929218625997
 21
23.50602099931587
 31
0.0
100
AcDbText
 73
2
  0
CIRCLE
  5
1E9
330
17
100
AcDbEntity
  8
ENGRAVE_VMG
100
AcDbCircle
 10
20.178356837742076
 20
22.152412142968252
 30
0.0
 40
0.6
  0
CIRCLE
  5
1EA
330
17
100
AcDbEntity
  8
ENGRAVE_VMG
100
AcDbCircle
 10
-20.178356837742076
 20
22.152412142968252
 30
0.0
 40
0.6
  0
CIRCLE
  5
1EB
330
17
100
AcDbEntity
  8
ENGRAVE_VMG
100
AcDbCircle
 10
18.710093416077818
 20
-24.148047954682728
 30
0.0
 40
0.6
  0
CIRCLE
  5
1EC
330
17
100
AcDbEntity
  8
ENGRAVE_VMG
100
AcDbCircle
 10
-18.710093416077818
 20
-24.148047954682728
 30
0.0
 40
0.6
  0
LINE
  5
1ED
330
17
100
AcDbEntity
  8
ENGRAVE_POLARS
100
AcDbLine
 10
17.29503968590357
 20
20.232078702265795
 30
0.0
 11
17.598634340450186
 21
20.140442803160575
 31
0.0
  0
LINE
  5
1EE
330
17
100
AcDbEntity
  8
ENGRAVE_POLARS
100
AcDbLine
 10
17.598634340450186
 20
20.140442803160575
 30
0.0
 11
17.99128002081351
 21
20.029973421764865
 31
0.0
  0
LINE
  5
1EF
330
17
100
AcDbEntity
  8
ENGRAVE_POLARS
100
AcDbLine
 10
17.99128002081351
 20
20.029973421764865
 30
0.0
 11
18.45739727341268
 21
19.902412920481467
 31
0.0
  0
LINE
  5
1F0
330
17
100
AcDbEntity
  8
ENGRAVE_POLARS
100
AcDbLine
 10
18.45739727341268
 20
19.902412920481467
 30
0.0
 11
18.98140664466683
 21
19.7595036617132
 31
0.0
  0
LINE
  5
1F1
330
17
100
AcDbEntity
  8
ENGRAVE_POLARS
100
AcDbLine
 10
18.98140664466683
 20
19.7595036617132
 30
0.0
 11
19.547728680995082
 21
19.60298800786287
 31
0.0
  0
LINE
  5
1F2
330
17
100
AcDbEntity
  8
ENGRAVE_POLARS
100
AcDbLine
 10
19.547728680995082
 20
19.60298800786287
 30
0.0
 11
20.140783928816575
 21
19.43460832133329
 31
0.0
  0
LINE
  5
1F3
330
17
100
AcDbEntity
  8
ENGRAVE_POLARS
100
AcDbLine
 10
20.140783928816575
 20
19.43460832133329
 30
0.0
 11
20.744992934550424
 21
19.256106964527262
 31
0.0
  0
LINE
  5
1F4
330
17
100
AcDbEntity
  8
ENGRAVE_POLARS
100
AcDbLine
 10
20.744992934550424
 20
19.256106964527262
 30
0.0
 11
21.344776244615776
 21
19.069226299847607
 31
0.0
  0
LINE
  5
1F5
330
17
100
AcDbEntity
  8
ENGRAVE_POLARS
100
AcDbLine
 10
21.344776244615776
 20
19.069226299847607
 30
0.0
 11
21.924554405431753
 21
18.87570868969713
 31
0.0
  0
LINE
  5
1F6
330
17
100
AcDbEntity
  8
ENGRAVE_POLARS
100
AcDbLine
 10
21.924554405431753
 20
18.87570868969713
 30
0.0
 11
22.468747963417478
 21
18.67729649647864
 31
0.0
  0
LINE
  5
1F7
330
17
100
AcDbEntity
  8
ENGRAVE_POLARS
100
AcDbLine
 10
22.468747963417478
 20
18.67729649647864
 30
0.0
 11
22.961777464992092
 21
18.475732082594938
 31
0.0
  0
LINE
  5
1F8
330
17
100
AcDbEntity
  8
ENGRAVE_POLARS
100
AcDbLine
 10
22.961777464992092
 20
18.475732082594938
 30
0.0
 11
23.388063456574727
 21
18.272757810448848
 31
0.0
  0
LINE
  5
1F9
330
17
100
AcDbEntity
  8
ENGRAVE_POLARS
100
AcDbLine
 10
23.388063456574727
 20
18.272757810448848
 30
0.0
 11
23.757918734529976
 21
18.068840647205366
 31
0.0
  0
LINE
  5
1FA
330
17
100
AcDbEntity
  8
ENGRAVE_POLARS
100
AcDbLine
 10
23.757918734529976
 20
18.068840647205366
 30
0.0
 11
24.094901754996265
 21
17.862376994802787
 31
0.0
  0
LINE
  5
1FB
330
17
100
AcDbEntity
  8
ENGRAVE_POLARS
100
AcDbLine
 10
24.094901754996265
 20
17.862376994802787
 30
0.0
 11
24.403301554053463
 21
17.65200336780387
 31
0.0
  0
LINE
  5
1FC
330
17
100
AcDbEntity
  8
ENGRAVE_POLARS
100
AcDbLine
 10
24.403301554053463
 20
17.65200336780387
 30
0.0
 11
24.687407167781416
 21
17.436356280771378
 31
0.0
  0
LINE
  5
1FD
330
17
100
AcDbEntity
  8
ENGRAVE_POLARS
100
AcDbLine
 10
24.687407167781416
 20
17.436356280771378
 30
0.0
 11
24.95150763226
 21
17.214072248268064
 31
0.0
  0
LINE
  5
1FE
330
17
100
AcDbEntity
  8
ENGRAVE_POLARS
100
AcDbLine
 10
24.95150763226
 20
17.214072248268064
 30
0.0
 11
25.19989198356907
 21
16.98378778485668
 31
0.0
  0
LINE
  5
1FF
330
17
100
AcDbEntity
  8
ENGRAVE_POLARS
100
AcDbLine
 10
25.19989198356907
 20
16.98378778485668
 30
0.0
 11
25.436849257788488
 21
16.744139405099983
 31
0.0
  0
LINE
  5
200
330
17
100
AcDbEntity
  8
ENGRAVE_POLARS
100
AcDbLine
 10
25.436849257788488
 20
16.744139405099983
 30
0.0
 11
25.666668490998116
 21
16.49376362356074
 31
0.0
  0
LINE
  5
201
330
17
100
AcDbEntity
  8
ENGRAVE_POLARS
100
AcDbLine
 10
25.666668490998116
 20
16.49376362356074
 30
0.0
 11
25.89363871927782
 21
16.231296954801692
 31
0.0
  0
LINE
  5
202
330
17
100
AcDbEntity
  8
ENGRAVE_POLARS
100
AcDbLine
 10
25.89363871927782
 20
16.231296954801692
 30
0.0
 11
26.122048978707454
 21
15.955375913385604
 31
0.0
  0
LINE
  5
203
330
17
100
AcDbEntity
  8
ENGRAVE_POLARS
100
AcDbLine
 10
26.122048978707454
 20
15.955375913385604
 30
0.0
 11
26.356188305366878
 21
15.664637013875236
 31
0.0
  0
LINE
  5
204
330
17
100
AcDbEntity
  8
ENGRAVE_POLARS
100
AcDbLine
 10
26.356188305366878
 20
15.664637013875236
 30
0.0
 11
26.600345735335967
 21
15.357716770833338
 31
0.0
  0
LINE
  5
205
330
17
100
AcDbEntity
  8
ENGRAVE_POLARS
100
AcDbLine
 10
26.600345735335967
 20
15.357716770833338
 30
0.0
 11
26.854285016525395
 21
15.024068099930682
 31
0.0
  0
LINE
  5
206
330
17
100
AcDbEntity
  8
ENGRAVE_POLARS
100
AcDbLine
 10
26.854285016525395
 20
15.024068099930682
 30
0.0
 11
27.113176858245748
 21
14.658466658889294
 31
0.0
  0
LINE
  5
207
330
17
100
AcDbEntity
  8
ENGRAVE_POLARS
100
AcDbLine
 10
27.113176858245748
 20
14.658466658889294
 30
0.0
 11
27.37442073867674
 21
14.267533075348823
 31
0.0
  0
LINE
  5
208
330
17
100
AcDbEntity
  8
ENGRAVE_POLARS
100
AcDbLine
 10
27.37442073867674
 20
14.267533075348823
 30
0.0
 11
27.635416135998085
 21
13.857887976948904
 31
0.0
  0
LINE
  5
209
330
17
100
AcDbEntity
  8
ENGRAVE_POLARS
100
AcDbLine
 10
27.635416135998085
 20
13.857887976948904
 30
0.0
 11
27.893562528389513
 21
13.436151991329192
 31
0.0
  0
LINE
  5
20A
330
17
100
AcDbEntity
  8
ENGRAVE_POLARS
100
AcDbLine
 10
27.893562528389513
 20
13.436151991329192
 30
0.0
 11
28.14625939403072
 21
13.00894574612933
 31
0.0
  0
LINE
  5
20B
330
17
100
AcDbEntity
  8
ENGRAVE_POLARS
100
AcDbLine
 10
28.14625939403072
 20
13.00894574612933
 30
0.0
 11
28.39090621110143
 21
12.582889868988955
 31
0.0
  0
LINE
  5
20C
330
17
100
AcDbEntity
  8
ENGRAVE_POLARS
100
AcDbLine
 10
28.39090621110143
 20
12.582889868988955
 30
0.0
 11
28.624902457781356
 21
12.164604987547715
 31
0.0
  0
LINE
  5
20D
330
17
100
AcDbEntity
  8
ENGRAVE_POLARS
100
AcDbLine
 10
28.624902457781356
 20
12.164604987547715
 30
0.0
 11
28.84564761225022
 21
11.760711729445262
 31
0.0
  0
LINE
  5
20E
330
17
100
AcDbEntity
  8
ENGRAVE_POLARS
100
AcDbLine
 10
28.84564761225022
 20
11.760711729445262
 30
0.0
 11
29.05054115268773
 21
11.377830722321226
 31
0.0
  0
LINE
  5
20F
330
17
100
AcDbEntity
  8
ENGRAVE_POLARS
100
AcDbLine
 10
29.05054115268773
 20
11.377830722321226
 30
0.0
 11
29.236982557273606
 21
11.022582593815264
 31
0.0
  0
LINE
  5
210
330
17
100
AcDbEntity
  8
ENGRAVE_POLARS
100
AcDbLine
 10
29.236982557273606
 20
11.022582593815264
 30
0.0
 11
29.40237130418756
 21
10.701587971567015
 31
0.0
  0
LINE
  5
211
330
17
100
AcDbEntity
  8
ENGRAVE_POLARS
100
AcDbLine
 10
29.40237130418756
 20
10.701587971567015
 30
0.0
 11
29.54473851578939
 21
10.41401740872397
 31
0.0
  0
LINE
  5
212
330
17
100
AcDbEntity
  8
ENGRAVE_POLARS
100
AcDbLine
 10
29.54473851578939
 20
10.41401740872397
 30
0.0
 11
29.665668202839274
 21
10.152120572591286
 31
0.0
  0
LINE
  5
213
330
17
100
AcDbEntity
  8
ENGRAVE_POLARS
100
AcDbLine
 10
29.665668202839274
 20
10.152120572591286
 30
0.0
 11
29.767889176117514
 21
9.912136762045103
 31
0.0
  0
LINE
  5
214
330
17
100
AcDbEntity
  8
ENGRAVE_POLARS
100
AcDbLine
 10
29.767889176117514
 20
9.912136762045103
 30
0.0
 11
29.854130246404385
 21
9.690305275961558
 31
0.0
  0
LINE
  5
215
330
17
100
AcDbEntity
  8
ENGRAVE_POLARS
100
AcDbLine
 10
29.854130246404385
 20
9.690305275961558
 30
0.0
 11
29.9271202244802
 21
9.482865413216796
 31
0.0
  0
LINE
  5
216
330
17
100
AcDbEntity
  8
ENGRAVE_POLARS
100
AcDbLine
 10
29.9271202244802
 20
9.482865413216796
 30
0.0
 11
29.98958792112523
 21
9.286056472686955
 31
0.0
  0
LINE
  5
217
330
17
100
AcDbEntity
  8
ENGRAVE_POLARS
100
AcDbLine
 10
29.98958792112523
 20
9.286056472686955
 30
0.0
 11
30.044262147119785
 21
9.09611775324817
 31
0.0
  0
LINE
  5
218
330
17
100
AcDbEntity
  8
ENGRAVE_POLARS
100
AcDbLine
 10
30.044262147119785
 20
9.09611775324817
 30
0.0
 11
30.09387171324414
 21
8.909288553776587
 31
0.0
  0
LINE
  5
219
330
17
100
AcDbEntity
  8
ENGRAVE_POLARS
100
AcDbLine
 10
30.09387171324414
 20
8.909288553776587
 30
0.0
 11
30.141145430278605
 21
8.721808173148348
 31
0.0
  0
LINE
  5
21A
330
17
100
AcDbEntity
  8
ENGRAVE_POLARS
100
AcDbLine
 10
30.141145430278605
 20
8.721808173148348
 30
0.0
 11
30.18881210900346
 21
8.529915910239586
 31
0.0
  0
LINE
  5
21B
330
17
100
AcDbEntity
  8
ENGRAVE_POLARS
100
AcDbLine
 10
30.18881210900346
 20
8.529915910239586
 30
0.0
 11
30.239600560198998
 21
8.329851063926448
 31
0.0
  0
LINE
  5
21C
330
17
100
AcDbEntity
  8
ENGRAVE_POLARS
100
AcDbLine
 10
30.239600560198998
 20
8.329851063926448
 30
0.0
 11
30.296239594645517
 21
8.11785293308507
 31
0.0
  0
LINE
  5
21D
330
17
100
AcDbEntity
  8
ENGRAVE_POLARS
100
AcDbLine
 10
30.296239594645517
 20
8.11785293308507
 30
0.0
 11
30.351874119651022
 21
7.906804314443545
 31
0.0
  0
LINE
  5
21E
330
17
100
AcDbEntity
  8
ENGRAVE_POLARS
100
AcDbLine
 10
30.351874119651022
 20
7.906804314443545
 30
0.0
 11
30.39916491901486
 21
7.70900593441851
 31
0.0
  0
LINE
  5
21F
330
17
100
AcDbEntity
  8
ENGRAVE_POLARS
100
AcDbLine
 10
30.39916491901486
 20
7.70900593441851
 30
0.0
 11
30.440114618254277
 21
7.519823986418913
 31
0.0
  0
LINE
  5
220
330
17
100
AcDbEntity
  8
ENGRAVE_POLARS
100
AcDbLine
 10
30.440114618254277
 20
7.519823986418913
 30
0.0
 11
30.47672584288653
 21
7.334624663853706
 31
0.0
  0
LINE
  5
221
330
17
100
AcDbEntity
  8
ENGRAVE_POLARS
100
AcDbLine
 10
30.47672584288653
 20
7.334624663853706
 30
0.0
 11
30.511001218428888
 21
7.1487741601318415
 31
0.0
  0
LINE
  5
222
330
17
100
AcDbEntity
  8
ENGRAVE_POLARS
100
AcDbLine
 10
30.511001218428888
 20
7.1487741601318415
 30
0.0
 11
30.544943370398602
 21
6.957638668662268
 31
0.0
  0
LINE
  5
223
330
17
100
AcDbEntity
  8
ENGRAVE_POLARS
100
AcDbLine
 10
30.544943370398602
 20
6.957638668662268
 30
0.0
 11
30.580554924312935
 21
6.7565843828539345
 31
0.0
  0
LINE
  5
224
330
17
100
AcDbEntity
  8
ENGRAVE_POLARS
100
AcDbLine
 10
30.580554924312935
 20
6.7565843828539345
 30
0.0
 11
30.619838505689156
 21
6.540977496115795
 31
0.0
  0
LINE
  5
225
330
17
100
AcDbEntity
  8
ENGRAVE_POLARS
100
AcDbLine
 10
30.619838505689156
 20
6.540977496115795
 30
0.0
 11
30.664796740044515
 21
6.3061842018568
 31
0.0
  0
LINE
  5
226
330
17
100
AcDbEntity
  8
ENGRAVE_POLARS
100
AcDbLine
 10
30.664796740044515
 20
6.3061842018568
 30
0.0
 11
30.717432252896277
 21
6.0475706934859
 31
0.0
  0
LINE
  5
227
330
17
100
AcDbEntity
  8
ENGRAVE_POLARS
100
AcDbLine
 10
30.717432252896277
 20
6.0475706934859
 30
0.0
 11
30.779747669761687
 21
5.760503164412044
 31
0.0
  0
LINE
  5
228
330
17
100
AcDbEntity
  8
ENGRAVE_POLARS
100
AcDbLine
 10
30.779747669761687
 20
5.760503164412044
 30
0.0
 11
30.853745616158026
 21
5.4403478080441845
 31
0.0
  0
LINE
  5
229
330
17
100
AcDbEntity
  8
ENGRAVE_POLARS
100
AcDbLine
 10
30.853745616158026
 20
5.4403478080441845
 30
0.0
 11
30.946945391419582
 21
5.1026886408433505
 31
0.0
  0
LINE
  5
22A
330
17
100
AcDbEntity
  8
ENGRAVE_POLARS
100
AcDbLine
 10
30.946945391419582
 20
5.1026886408433505
 30
0.0
 11
31.061947321831173
 21
4.762497825929525
 31
0.0
  0
LINE
  5
22B
330
17
100
AcDbEntity
  8
ENGRAVE_POLARS
100
AcDbLine
 10
31.061947321831173
 20
4.762497825929525
 30
0.0
 11
31.193375573335842
 21
4.414223776700087
 31
0.0
  0
LINE
  5
22C
330
17
100
AcDbEntity
  8
ENGRAVE_POLARS
100
AcDbLine
 10
31.193375573335842
 20
4.414223776700087
 30
0.0
 11
31.33585431187661
 21
4.052314906552413
 31
0.0
  0
LINE
  5
22D
330
17
100
AcDbEntity
  8
ENGRAVE_POLARS
100
AcDbLine
 10
31.33585431187661
 20
4.052314906552413
 30
0.0
 11
31.484007703396525
 21
3.6712196288838834
 31
0.0
  0
LINE
  5
22E
330
17
100
AcDbEntity
  8
ENGRAVE_POLARS
100
AcDbLine
 10
31.484007703396525
 20
3.6712196288838834
 30
0.0
 11
31.63245991383861
 21
3.2653863570918755
 31
0.0
  0
LINE
  5
22F
330
17
100
AcDbEntity
  8
ENGRAVE_POLARS
100
AcDbLine
 10
31.63245991383861
 20
3.2653863570918755
 30
0.0
 11
31.7758351091459
 21
2.8292635045737686
 31
0.0
  0
LINE
  5
230
330
17
100
AcDbEntity
  8
ENGRAVE_POLARS
100
AcDbLine
 10
31.7758351091459
 20
2.8292635045737686
 30
0.0
 11
31.908757455261433
 21
2.3572994847269415
 31
0.0
  0
LINE
  5
231
330
17
100
AcDbEntity
  8
ENGRAVE_POLARS
100
AcDbLine
 10
31.908757455261433
 20
2.3572994847269415
 30
0.0
 11
32.025851118128244
 21
1.8439427109487734
 31
0.0
  0
LINE
  5
232
330
17
100
AcDbEntity
  8
ENGRAVE_POLARS
100
AcDbLine
 10
32.025851118128244
 20
1.8439427109487734
 30
0.0
 11
32.12174026368936
 21
1.283641596636641
 31
0.0
  0
LINE
  5
233
330
17
100
AcDbEntity
  8
ENGRAVE_POLARS
100
AcDbLine
 10
32.12174026368936
 20
1.283641596636641
 30
0.0
 11
32.191049057887824
 21
0.6708445551879243
 31
0.0
  0
LINE
  5
234
330
17
100
AcDbEntity
  8
ENGRAVE_POLARS
100
AcDbLine
 10
32.191049057887824
 20
0.6708445551879243
 30
0.0
 11
32.22840166666666
 21
1.9734204471359276e-15
 31
0.0
  0
LINE
  5
235
330
17
100
AcDbEntity
  8
ENGRAVE_POLARS
100
AcDbLine
 10
32.22840166666666
 20
1.9734204471359276e-15
 30
0.0
 11
32.238861619910324
 21
-0.7615540710387505
 31
0.0
  0
LINE
  5
236
330
17
100
AcDbEntity
  8
ENGRAVE_POLARS
100
AcDbLine
 10
32.238861619910324
 20
-0.7615540710387505
 30
0.0
 11
32.23151571015287
 21
-1.6285462920692342
 31
0.0
  0
LINE
  5
237
330
17
100
AcDbEntity
  8
ENGRAVE_POLARS
100
AcDbLine
 10
32.23151571015287
 20
-1.6285462920692342
 30
0.0
 11
32.20702299731177
 21
-2.579628197737985
 31
0.0
  0
LINE
  5
238
330
17
100
AcDbEntity
  8
ENGRAVE_POLARS
100
AcDbLine
 10
32.20702299731177
 20
-2.579628197737985
 30
0.0
 11
32.166042541304485
 21
-3.5934513226915423
 31
0.0
  0
LINE
  5
239
330
17
100
AcDbEntity
  8
ENGRAVE_POLARS
100
AcDbLine
 10
32.166042541304485
 20
-3.5934513226915423
 30
0.0
 11
32.10923340204848
 21
-4.6486672015764405
 31
0.0
  0
LINE
  5
23A
330
17
100
AcDbEntity
  8
ENGRAVE_POLARS
100
AcDbLine
 10
32.10923340204848
 20
-4.6486672015764405
 30
0.0
 11
32.0372546394612
 21
-5.723927369039217
 31
0.0
  0
LINE
  5
23B
330
17
100
AcDbEntity
  8
ENGRAVE_POLARS
100
AcDbLine
 10
32.0372546394612
 20
-5.723927369039217
 30
0.0
 11
31.950765313460128
 21
-6.797883359726409
 31
0.0
  0
LINE
  5
23C
330
17
100
AcDbEntity
  8
ENGRAVE_POLARS
100
AcDbLine
 10
31.950765313460128
 20
-6.797883359726409
 30
0.0
 11
31.850424483962712
 21
-7.849186708284556
 31
0.0
  0
LINE
  5
23D
330
17
100
AcDbEntity
  8
ENGRAVE_POLARS
100
AcDbLine
 10
31.850424483962712
 20
-7.849186708284556
 30
0.0
 11
31.73689121088642
 21
-8.85648894936019
 31
0.0
  0
LINE
  5
23E
330
17
100
AcDbEntity
  8
ENGRAVE_POLARS
100
AcDbLine
 10
31.73689121088642
 20
-8.85648894936019
 30
0.0
 11
31.61082455414871
 21
-9.798441617599853
 31
0.0
  0
LINE
  5
23F
330
17
100
AcDbEntity
  8
ENGRAVE_POLARS
100
AcDbLine
 10
31.61082455414871
 20
-9.798441617599853
 30
0.0
 11
31.47288357366705
 21
-10.653696247650078
 31
0.0
  0
LINE
  5
240
330
17
100
AcDbEntity
  8
ENGRAVE_POLARS
100
AcDbLine
 10
31.47288357366705
 20
-10.653696247650078
 30
0.0
 11
31.3237273293589
 21
-11.400904374157403
 31
0.0
  0
LINE
  5
241
330
17
100
AcDbEntity
  8
ENGRAVE_POLARS
100
AcDbLine
 10
31.3237273293589
 20
-11.400904374157403
 30
0.0
 11
31.169803768526425
 21
-12.04474983856964
 31
0.0
  0
LINE
  5
242
330
17
100
AcDbEntity
  8
ENGRAVE_POLARS
100
AcDbLine
 10
31.169803768526425
 20
-12.04474983856964
 30
0.0
 11
31.014497155906515
 21
-12.611502502193721
 31
0.0
  0
LINE
  5
243
330
17
100
AcDbEntity
  8
ENGRAVE_POLARS
100
AcDbLine
 10
31.014497155906515
 20
-12.611502502193721
 30
0.0
 11
30.853871027568687
 21
-13.112192929464857
 31
0.0
  0
LINE
  5
244
330
17
100
AcDbEntity
  8
ENGRAVE_POLARS
100
AcDbLine
 10
30.853871027568687
 20
-13.112192929464857
 30
0.0
 11
30.68398891958246
 21
-13.55785168481827
 31
0.0
  0
LINE
  5
245
330
17
100
AcDbEntity
  8
ENGRAVE_POLARS
100
AcDbLine
 10
30.68398891958246
 20
-13.55785168481827
 30
0.0
 11
30.50091436801736
 21
-13.959509332689173
 31
0.0
  0
LINE
  5
246
330
17
100
AcDbEntity
  8
ENGRAVE_POLARS
100
AcDbLine
 10
30.50091436801736
 20
-13.959509332689173
 30
0.0
 11
30.300710908942897
 21
-14.328196437512782
 31
0.0
  0
LINE
  5
247
330
17
100
AcDbEntity
  8
ENGRAVE_POLARS
100
AcDbLine
 10
30.300710908942897
 20
-14.328196437512782
 30
0.0
 11
30.079442078428595
 21
-14.674943563724307
 31
0.0
  0
LINE
  5
248
330
17
100
AcDbEntity
  8
ENGRAVE_POLARS
100
AcDbLine
 10
30.079442078428595
 20
-14.674943563724307
 30
0.0
 11
29.833171412543983
 21
-15.010781275758974
 31
0.0
  0
LINE
  5
249
330
17
100
AcDbEntity
  8
ENGRAVE_POLARS
100
AcDbLine
 10
29.833171412543983
 20
-15.010781275758974
 30
0.0
 11
29.55796244735857
 21
-15.346740138051993
 31
0.0
  0
LINE
  5
24A
330
17
100
AcDbEntity
  8
ENGRAVE_POLARS
100
AcDbLine
 10
29.55796244735857
 20
-15.346740138051993
 30
0.0
 11
29.249878718941886
 21
-15.693850715038584
 31
0.0
  0
LINE
  5
24B
330
17
100
AcDbEntity
  8
ENGRAVE_POLARS
100
AcDbLine
 10
29.249878718941886
 20
-15.693850715038584
 30
0.0
 11
28.90498376336345
 21
-16.063143571153958
 31
0.0
  0
LINE
  5
24C
330
17
100
AcDbEntity
  8
ENGRAVE_POLARS
100
AcDbLine
 10
28.90498376336345
 20
-16.063143571153958
 30
0.0
 11
28.519341116692775
 21
-16.465649270833328
 31
0.0
  0
LINE
  5
24D
330
17
100
AcDbEntity
  8
ENGRAVE_POLARS
100
AcDbLine
 10
28.519341116692775
 20
-16.465649270833328
 30
0.0
 11
28.083227110748794
 21
-16.901150856132105
 31
0.0
  0
LINE
  5
24E
330
17
100
AcDbEntity
  8
ENGRAVE_POLARS
100
AcDbLine
 10
28.083227110748794
 20
-16.901150856132105
 30
0.0
 11
27.594748280976795
 21
-17.3574769198835
 31
0.0
  0
LINE
  5
24F
330
17
100
AcDbEntity
  8
ENGRAVE_POLARS
100
AcDbLine
 10
27.594748280976795
 20
-17.3574769198835
 30
0.0
 11
27.06171346888586
 21
-17.827726352689414
 31
0.0
  0
LINE
  5
250
330
17
100
AcDbEntity
  8
ENGRAVE_POLARS
100
AcDbLine
 10
27.06171346888586
 20
-17.827726352689414
 30
0.0
 11
26.491931515985048
 21
-18.30499804515177
 31
0.0
  0
LINE
  5
251
330
17
100
AcDbEntity
  8
ENGRAVE_POLARS
100
AcDbLine
 10
26.491931515985048
 20
-18.30499804515177
 30
0.0
 11
25.89321126378345
 21
-18.78239088787248
 31
0.0
  0
LINE
  5
252
330
17
100
AcDbEntity
  8
ENGRAVE_POLARS
100
AcDbLine
 10
25.89321126378345
 20
-18.78239088787248
 30
0.0
 11
25.273361553790124
 21
-19.253003771453454
 31
0.0
  0
LINE
  5
253
330
17
100
AcDbEntity
  8
ENGRAVE_POLARS
100
AcDbLine
 10
25.273361553790124
 20
-19.253003771453454
 30
0.0
 11
24.64019122751415
 21
-19.70993558649661
 31
0.0
  0
LINE
  5
254
330
17
100
AcDbEntity
  8
ENGRAVE_POLARS
100
AcDbLine
 10
24.64019122751415
 20
-19.70993558649661
 30
0.0
 11
24.0015091264646
 21
-20.146285223603858
 31
0.0
  0
LINE
  5
255
330
17
100
AcDbEntity
  8
ENGRAVE_POLARS
100
AcDbLine
 10
24.0015091264646
 20
-20.146285223603858
 30
0.0
 11
23.36512409215055
 21
-20.55515157337712
 31
0.0
  0
LINE
  5
256
330
17
100
AcDbEntity
  8
ENGRAVE_POLARS
100
AcDbLine
 10
23.36512409215055
 20
-20.55515157337712
 30
0.0
 11
22.73884496608106
 21
-20.929633526418304
 31
0.0
  0
LINE
  5
257
330
17
100
AcDbEntity
  8
ENGRAVE_POLARS
100
AcDbLine
 10
22.73884496608106
 20
-20.929633526418304
 30
0.0
 11
22.130480589765217
 21
-21.262829973329325
 31
0.0
  0
LINE
  5
258
330
17
100
AcDbEntity
  8
ENGRAVE_POLARS
100
AcDbLine
 10
22.130480589765217
 20
-21.262829973329325
 30
0.0
 11
21.547839804712094
 21
-21.54783980471209
 31
0.0
  0
LINE
  5
259
330
17
100
AcDbEntity
  8
ENGRAVE_POLARS
100
AcDbLine
 10
21.547839804712094
 20
-21.54783980471209
 30
0.0
 11
20.967623309406417
 21
-21.783889357533702
 31
0.0
  0
LINE
  5
25A
330
17
100
AcDbEntity
  8
ENGRAVE_POLARS
100
AcDbLine
 10
20.967623309406417
 20
-21.783889357533702
 30
0.0
 11
20.3664855394195
 21
-21.978014783752943
 31
0.0
  0
LINE
  5
25B
330
17
100
AcDbEntity
  8
ENGRAVE_POLARS
100
AcDbLine
 10
20.3664855394195
 20
-21.978014783752943
 30
0.0
 11
19.752165941890247
 21
-22.135029696459277
 31
0.0
  0
LINE
  5
25C
330
17
100
AcDbEntity
  8
ENGRAVE_POLARS
100
AcDbLine
 10
19.752165941890247
 20
-22.135029696459277
 30
0.0
 11
19.13240396395758
 21
-22.259747708742157
 31
0.0
  0
LINE
  5
25D
330
17
100
AcDbEntity
  8
ENGRAVE_POLARS
100
AcDbLine
 10
19.13240396395758
 20
-22.259747708742157
 30
0.0
 11
18.514939052760404
 21
-22.356982433691048
 31
0.0
  0
LINE
  5
25E
330
17
100
AcDbEntity
  8
ENGRAVE_POLARS
100
AcDbLine
 10
18.514939052760404
 20
-22.356982433691048
 30
0.0
 11
17.907510655437637
 21
-22.431547484395406
 31
0.0
  0
LINE
  5
25F
330
17
100
AcDbEntity
  8
ENGRAVE_POLARS
100
AcDbLine
 10
17.907510655437637
 20
-22.431547484395406
 30
0.0
 11
17.317858219128198
 21
-22.488256473944688
 31
0.0
  0
LINE
  5
260
330
17
100
AcDbEntity
  8
ENGRAVE_POLARS
100
AcDbLine
 10
17.317858219128198
 20
-22.488256473944688
 30
0.0
 11
16.753721190971
 21
-22.53192301542836
 31
0.0
  0
LINE
  5
261
330
17
100
AcDbEntity
  8
ENGRAVE_POLARS
100
AcDbLine
 10
16.753721190971
 20
-22.53192301542836
 30
0.0
 11
16.22283901810496
 21
-22.567360721935877
 31
0.0
  0
LINE
  5
262
330
17
100
AcDbEntity
  8
ENGRAVE_POLARS
100
AcDbLine
 10
16.22283901810496
 20
-22.567360721935877
 30
0.0
 11
15.732951147668988
 21
-22.599383206556695
 31
0.0
  0
LINE
  5
263
330
17
100
AcDbEntity
  8
ENGRAVE_POLARS
100
AcDbLine
 10
15.732951147668988
 20
-22.599383206556695
 30
0.0
 11
15.291797026801996
 21
-22.63280408238028
 31
0.0
  0
LINE
  5
264
330
17
100
AcDbEntity
  8
ENGRAVE_POLARS
100
AcDbLine
 10
15.291797026801996
 20
-22.63280408238028
 30
0.0
 11
14.907116102642906
 21
-22.672436962496086
 31
0.0
  0
LINE
  5
265
330
17
100
AcDbEntity
  8
ENGRAVE_POLARS
100
AcDbLine
 10
14.907116102642906
 20
-22.672436962496086
 30
0.0
 11
14.602488793645488
 21
-22.712414633490827
 31
0.0
  0
LINE
  5
266
330
17
100
AcDbEntity
  8
ENGRAVE_POLARS
100
AcDbLine
 10
14.602488793645488
 20
-22.712414633490827
 30
0.0
 11
14.384477787401513
 21
-22.743752199822097
 31
0.0
  0
LINE
  5
267
330
17
100
AcDbEntity
  8
ENGRAVE_POLARS
100
AcDbLine
 10
14.384477787401513
 20
-22.743752199822097
 30
0.0
 11
14.235295934756882
 21
-22.766586751385667
 31
0.0
  0
LINE
  5
268
330
17
100
AcDbEntity
  8
ENGRAVE_POLARS
100
AcDbLine
 10
14.235295934756882
 20
-22.766586751385667
 30
0.0
 11
14.137156086557503
 21
-22.781055378077305
 31
0.0
  0
LINE
  5
269
330
17
100
AcDbEntity
  8
ENGRAVE_POLARS
100
AcDbLine
 10
14.137156086557503
 20
-22.781055378077305
 30
0.0
 11
14.07227109364928
 21
-22.787295169792795
 31
0.0
  0
LINE
  5
26A
330
17
100
AcDbEntity
  8
ENGRAVE_POLARS
100
AcDbLine
 10
14.07227109364928
 20
-22.787295169792795
 30
0.0
 11
14.022853806878112
 21
-22.785443216427893
 31
0.0
  0
LINE
  5
26B
330
17
100
AcDbEntity
  8
ENGRAVE_POLARS
100
AcDbLine
 10
14.022853806878112
 20
-22.785443216427893
 30
0.0
 11
13.97111707708991
 21
-22.775636607878393
 31
0.0
  0
LINE
  5
26C
330
17
100
AcDbEntity
  8
ENGRAVE_POLARS
100
AcDbLine
 10
13.97111707708991
 20
-22.775636607878393
 30
0.0
 11
13.899273755130574
 21
-22.758012434040047
 31
0.0
  0
LINE
  5
26D
330
17
100
AcDbEntity
  8
ENGRAVE_POLARS
100
AcDbLine
 10
13.899273755130574
 20
-22.758012434040047
 30
0.0
 11
13.789536691846012
 21
-22.732707784808643
 31
0.0
  0
LINE
  5
26E
330
17
100
AcDbEntity
  8
ENGRAVE_POLARS
100
AcDbLine
 10
13.789536691846012
 20
-22.732707784808643
 30
0.0
 11
13.624118738082124
 21
-22.699859750079945
 31
0.0
  0
LINE
  5
26F
330
17
100
AcDbEntity
  8
ENGRAVE_POLARS
100
AcDbLine
 10
13.624118738082124
 20
-22.699859750079945
 30
0.0
 11
13.385232744684819
 21
-22.659605419749724
 31
0.0
  0
LINE
  5
270
330
17
100
AcDbEntity
  8
ENGRAVE_POLARS
100
AcDbLine
 10
13.385232744684819
 20
-22.659605419749724
 30
0.0
 11
13.055091562499998
 21
-22.612081883713763
 31
0.0
  0
LINE
  5
271
330
17
100
AcDbEntity
  8
ENGRAVE_POLARS
100
AcDbLine
 10
13.055091562499998
 20
-22.612081883713763
 30
0.0
 11
12.632106127267297
 21
-22.553144583270292
 31
0.0
  0
LINE
  5
272
330
17
100
AcDbEntity
  8
ENGRAVE_POLARS
100
AcDbLine
 10
12.632106127267297
 20
-22.553144583270292
 30
0.0
 11
12.134669378989141
 21
-22.48000651935917
 31
0.0
  0
LINE
  5
273
330
17
100
AcDbEntity
  8
ENGRAVE_POLARS
100
AcDbLine
 10
12.134669378989141
 20
-22.48000651935917
 30
0.0
 11
11.574967174905598
 21
-22.394841121338583
 31
0.0
  0
LINE
  5
274
330
17
100
AcDbEntity
  8
ENGRAVE_POLARS
100
AcDbLine
 10
11.574967174905598
 20
-22.394841121338583
 30
0.0
 11
10.965185372256753
 21
-22.29982181856674
 31
0.0
  0
LINE
  5
275
330
17
100
AcDbEntity
  8
ENGRAVE_POLARS
100
AcDbLine
 10
10.965185372256753
 20
-22.29982181856674
 30
0.0
 11
10.317509828282677
 21
-22.19712204040183
 31
0.0
  0
LINE
  5
276
330
17
100
AcDbEntity
  8
ENGRAVE_POLARS
100
AcDbLine
 10
10.317509828282677
 20
-22.19712204040183
 30
0.0
 11
9.644126400223453
 21
-22.088915216202057
 31
0.0
  0
LINE
  5
277
330
17
100
AcDbEntity
  8
ENGRAVE_POLARS
100
AcDbLine
 10
9.644126400223453
 20
-22.088915216202057
 30
0.0
 11
8.957220945319152
 21
-21.977374775325607
 31
0.0
  0
LINE
  5
278
330
17
100
AcDbEntity
  8
ENGRAVE_POLARS
100
AcDbLine
 10
8.957220945319152
 20
-21.977374775325607
 30
0.0
 11
8.268979320809855
 21
-21.86467414713069
 31
0.0
  0
LINE
  5
279
330
17
100
AcDbEntity
  8
ENGRAVE_POLARS
100
AcDbLine
 10
8.268979320809855
 20
-21.86467414713069
 30
0.0
 11
7.591587383935641
 21
-21.752986760975492
 31
0.0
  0
LINE
  5
27A
330
17
100
AcDbEntity
  8
ENGRAVE_POLARS
100
AcDbLine
 10
7.591587383935641
 20
-21.752986760975492
 30
0.0
 11
6.937230991936582
 21
-21.644486046218212
 31
0.0
  0
LINE
  5
27B
330
17
100
AcDbEntity
  8
ENGRAVE_POLARS
100
AcDbLine
 10
6.937230991936582
 20
-21.644486046218212
 30
0.0
 11
6.318096002052756
 21
-21.54134543221705
 31
0.0
  0
LINE
  5
27C
330
17
100
AcDbEntity
  8
ENGRAVE_POLARS
100
AcDbLine
 10
6.318096002052756
 20
-21.54134543221705
 30
0.0
 11
5.746368271524243
 21
-21.4457383483302
 31
0.0
  0
LINE
  5
27D
330
17
100
AcDbEntity
  8
ENGRAVE_POLARS
100
AcDbLine
 10
5.746368271524243
 20
-21.4457383483302
 30
0.0
 11
5.194513795095023
 21
-21.352345611895732
 31
0.0
  0
LINE
  5
27E
330
17
100
AcDbEntity
  8
ENGRAVE_POLARS
100
AcDbLine
 10
5.194513795095023
 20
-21.352345611895732
 30
0.0
 11
4.631717270613005
 21
-21.255411274647113
 31
0.0
  0
LINE
  5
27F
330
17
100
AcDbEntity
  8
ENGRAVE_POLARS
100
AcDbLine
 10
4.631717270613005
 20
-21.255411274647113
 30
0.0
 11
4.065242609974149
 21
-21.156453617535636
 31
0.0
  0
LINE
  5
280
330
17
100
AcDbEntity
  8
ENGRAVE_POLARS
100
AcDbLine
 10
4.065242609974149
 20
-21.156453617535636
 30
0.0
 11
3.5023537250744115
 21
-21.05699092151259
 31
0.0
  0
LINE
  5
281
330
17
100
AcDbEntity
  8
ENGRAVE_POLARS
100
AcDbLine
 10
3.5023537250744115
 20
-21.05699092151259
 30
0.0
 11
2.950314527809755
 21
-20.958541467529265
 31
0.0
  0
LINE
  5
282
330
17
100
AcDbEntity
  8
ENGRAVE_POLARS
100
AcDbLine
 10
2.950314527809755
 20
-20.958541467529265
 30
0.0
 11
2.416388930076138
 21
-20.862623536536958
 31
0.0
  0
LINE
  5
283
330
17
100
AcDbEntity
  8
ENGRAVE_POLARS
100
AcDbLine
 10
2.416388930076138
 20
-20.862623536536958
 30
0.0
 11
1.9078408437695191
 21
-20.770755409486952
 31
0.0
  0
LINE
  5
284
330
17
100
AcDbEntity
  8
ENGRAVE_POLARS
100
AcDbLine
 10
1.9078408437695191
 20
-20.770755409486952
 30
0.0
 11
1.4319341807858594
 21
-20.68445536733054
 31
0.0
  0
LINE
  5
285
330
17
100
AcDbEntity
  8
ENGRAVE_POLARS
100
AcDbLine
 10
1.4319341807858594
 20
-20.68445536733054
 30
0.0
 11
0.9959328530211196
 21
-20.60524169101902
 31
0.0
  0
LINE
  5
286
330
17
100
AcDbEntity
  8
ENGRAVE_POLARS
100
AcDbLine
 10
0.9959328530211196
 20
-20.60524169101902
 30
0.0
 11
0.6071007723712565
 21
-20.53463266150367
 31
0.0
  0
LINE
  5
287
330
17
100
AcDbEntity
  8
ENGRAVE_POLARS
100
AcDbLine
 10
0.6071007723712565
 20
-20.53463266150367
 30
0.0
 11
0.27270185073223047
 21
-20.474146559735786
 31
0.0
  0
LINE
  5
288
330
17
100
AcDbEntity
  8
ENGRAVE_POLARS
100
AcDbLine
 10
0.27270185073223047
 20
-20.474146559735786
 30
0.0
 11
2.501378030770243e-15
 21
-20.425301666666666
 31
0.0
  0
LINE
  5
289
330
17
100
AcDbEntity
  8
ENGRAVE_POLARS
100
AcDbLine
 10
-17.29503968590357
 20
20.232078702265795
 30
0.0
 11
-17.598634340450186
 21
20.140442803160575
 31
0.0
  0
LINE
  5
28A
330
17
100
AcDbEntity
  8
ENGRAVE_POLARS
100
AcDbLine
 10
-17.598634340450186
 20
20.140442803160575
 30
0.0
 11
-17.99128002081351
 21
20.029973421764865
 31
0.0
  0
LINE
  5
28B
330
17
100
AcDbEntity
  8
ENGRAVE_POLARS
100
AcDbLine
 10
-17.99128002081351
 20
20.029973421764865
 30
0.0
 11
-18.45739727341268
 21
19.902412920481467
 31
0.0
  0
LINE
  5
28C
330
17
100
AcDbEntity
  8
ENGRAVE_POLARS
100
AcDbLine
 10
-18.45739727341268
 20
19.902412920481467
 30
0.0
 11
-18.98140664466683
 21
19.7595036617132
 31
0.0
  0
LINE
  5
28D
330
17
100
AcDbEntity
  8
ENGRAVE_POLARS
100
AcDbLine
 10
-18.98140664466683
 20
19.7595036617132
 30
0.0
 11
-19.547728680995082
 21
19.60298800786287
 31
0.0
  0
LINE
  5
28E
330
17
100
AcDbEntity
  8
ENGRAVE_POLARS
100
AcDbLine
 10
-19.547728680995082
 20
19.60298800786287
 30
0.0
 11
-20.140783928816575
 21
19.43460832133329
 31
0.0
  0
LINE
  5
28F
330
17
100
AcDbEntity
  8
ENGRAVE_POLARS
100
AcDbLine
 10
-20.140783928816575
 20
19.43460832133329
 30
0.0
 11
-20.744992934550424
 21
19.256106964527262
 31
0.0
  0
LINE
  5
290
330
17
100
AcDbEntity
  8
ENGRAVE_POLARS
100
AcDbLine
 10
-20.744992934550424
 20
19.256106964527262
 30
0.0
 11
-21.344776244615776
 21
19.069226299847607
 31
0.0
  0
LINE
  5
291
330
17
100
AcDbEntity
  8
ENGRAVE_POLARS
100
AcDbLine
 10
-21.344776244615776
 20
19.069226299847607
 30
0.0
 11
-21.924554405431753
 21
18.87570868969713
 31
0.0
  0
LINE
  5
292
330
17
100
AcDbEntity
  8
ENGRAVE_POLARS
100
AcDbLine
 10
-21.924554405431753
 20
18.87570868969713
 30
0.0
 11
-22.468747963417478
 21
18.67729649647864
 31
0.0
  0
LINE
  5
293
330
17
100
AcDbEntity
  8
ENGRAVE_POLARS
100
AcDbLine
 10
-22.468747963417478
 20
18.67729649647864
 30
0.0
 11
-22.961777464992092
 21
18.475732082594938
 31
0.0
  0
LINE
  5
294
330
17
100
AcDbEntity
  8
ENGRAVE_POLARS
100
AcDbLine
 10
-22.961777464992092
 20
18.475732082594938
 30
0.0
 11
-23.388063456574727
 21
18.272757810448848
 31
0.0
  0
LINE
  5
295
330
17
100
AcDbEntity
  8
ENGRAVE_POLARS
100
AcDbLine
 10
-23.388063456574727
 20
18.272757810448848
 30
0.0
 11
-23.757918734529976
 21
18.068840647205366
 31
0.0
  0
LINE
  5
296
330
17
100
AcDbEntity
  8
ENGRAVE_POLARS
100
AcDbLine
 10
-23.757918734529976
 20
18.068840647205366
 30
0.0
 11
-24.094901754996265
 21
17.862376994802787
 31
0.0
  0
LINE
  5
297
330
17
100
AcDbEntity
  8
ENGRAVE_POLARS
100
AcDbLine
 10
-24.094901754996265
 20
17.862376994802787
 30
0.0
 11
-24.403301554053463
 21
17.65200336780387
 31
0.0
  0
LINE
  5
298
330
17
100
AcDbEntity
  8
ENGRAVE_POLARS
100
AcDbLine
 10
-24.403301554053463
 20
17.65200336780387
 30
0.0
 11
-24.687407167781416
 21
17.436356280771378
 31
0.0
  0
LINE
  5
299
330
17
100
AcDbEntity
  8
ENGRAVE_POLARS
100
AcDbLine
 10
-24.687407167781416
 20
17.436356280771378
 30
0.0
 11
-24.95150763226
 21
17.214072248268064
 31
0.0
  0
LINE
  5
29A
330
17
100
AcDbEntity
  8
ENGRAVE_POLARS
100
AcDbLine
 10
-24.95150763226
 20
17.214072248268064
 30
0.0
 11
-25.19989198356907
 21
16.98378778485668
 31
0.0
  0
LINE
  5
29B
330
17
100
AcDbEntity
  8
ENGRAVE_POLARS
100
AcDbLine
 10
-25.19989198356907
 20
16.98378778485668
 30
0.0
 11
-25.436849257788488
 21
16.744139405099983
 31
0.0
  0
LINE
  5
29C
330
17
100
AcDbEntity
  8
ENGRAVE_POLARS
100
AcDbLine
 10
-25.436849257788488
 20
16.744139405099983
 30
0.0
 11
-25.666668490998116
 21
16.49376362356074
 31
0.0
  0
LINE
  5
29D
330
17
100
AcDbEntity
  8
ENGRAVE_POLARS
100
AcDbLine
 10
-25.666668490998116
 20
16.49376362356074
 30
0.0
 11
-25.89363871927782
 21
16.231296954801692
 31
0.0
  0
LINE
  5
29E
330
17
100
AcDbEntity
  8
ENGRAVE_POLARS
100
AcDbLine
 10
-25.89363871927782
 20
16.231296954801692
 30
0.0
 11
-26.122048978707454
 21
15.955375913385604
 31
0.0
  0
LINE
  5
29F
330
17
100
AcDbEntity
  8
ENGRAVE_POLARS
100
AcDbLine
 10
-26.122048978707454
 20
15.955375913385604
 30
0.0
 11
-26.356188305366878
 21
15.664637013875236
 31
0.0
  0
LINE
  5
2A0
330
17
100
AcDbEntity
  8
ENGRAVE_POLARS
100
AcDbLine
 10
-26.356188305366878
 20
15.664637013875236
 30
0.0
 11
-26.600345735335967
 21
15.357716770833338
 31
0.0
  0
LINE
  5
2A1
330
17
100
AcDbEntity
  8
ENGRAVE_POLARS
100
AcDbLine
 10
-26.600345735335967
 20
15.357716770833338
 30
0.0
 11
-26.854285016525395
 21
15.024068099930682
 31
0.0
  0
LINE
  5
2A2
330
17
100
AcDbEntity
  8
ENGRAVE_POLARS
100
AcDbLine
 10
-26.854285016525395
 20
15.024068099930682
 30
0.0
 11
-27.113176858245748
 21
14.658466658889294
 31
0.0
  0
LINE
  5
2A3
330
17
100
AcDbEntity
  8
ENGRAVE_POLARS
100
AcDbLine
 10
-27.113176858245748
 20
14.658466658889294
 30
0.0
 11
-27.37442073867674
 21
14.267533075348823
 31
0.0
  0
LINE
  5
2A4
330
17
100
AcDbEntity
  8
ENGRAVE_POLARS
100
AcDbLine
 10
-27.37442073867674
 20
14.267533075348823
 30
0.0
 11
-27.635416135998085
 21
13.857887976948904
 31
0.0
  0
LINE
  5
2A5
330
17
100
AcDbEntity
  8
ENGRAVE_POLARS
100
AcDbLine
 10
-27.635416135998085
 20
13.857887976948904
 30
0.0
 11
-27.893562528389513
 21
13.436151991329192
 31
0.0
  0
LINE
  5
2A6
330
17
100
AcDbEntity
  8
ENGRAVE_POLARS
100
AcDbLine
 10
-27.893562528389513
 20
13.436151991329192
 30
0.0
 11
-28.14625939403072
 21
13.00894574612933
 31
0.0
  0
LINE
  5
2A7
330
17
100
AcDbEntity
  8
ENGRAVE_POLARS
100
AcDbLine
 10
-28.14625939403072
 20
13.00894574612933
 30
0.0
 11
-28.39090621110143
 21
12.582889868988955
 31
0.0
  0
LINE
  5
2A8
330
17
100
AcDbEntity
  8
ENGRAVE_POLARS
100
AcDbLine
 10
-28.39090621110143
 20
12.582889868988955
 30
0.0
 11
-28.624902457781356
 21
12.164604987547715
 31
0.0
  0
LINE
  5
2A9
330
17
100
AcDbEntity
  8
ENGRAVE_POLARS
100
AcDbLine
 10
-28.624902457781356
 20
12.164604987547715
 30
0.0
 11
-28.84564761225022
 21
11.760711729445262
 31
0.0
  0
LINE
  5
2AA
330
17
100
AcDbEntity
  8
ENGRAVE_POLARS
100
AcDbLine
 10
-28.84564761225022
 20
11.760711729445262
 30
0.0
 11
-29.05054115268773
 21
11.377830722321226
 31
0.0
  0
LINE
  5
2AB
330
17
100
AcDbEntity
  8
ENGRAVE_POLARS
100
AcDbLine
 10
-29.05054115268773
 20
11.377830722321226
 30
0.0
 11
-29.236982557273606
 21
11.022582593815264
 31
0.0
  0
LINE
  5
2AC
330
17
100
AcDbEntity
  8
ENGRAVE_POLARS
100
AcDbLine
 10
-29.236982557273606
 20
11.022582593815264
 30
0.0
 11
-29.40237130418756
 21
10.701587971567015
 31
0.0
  0
LINE
  5
2AD
330
17
100
AcDbEntity
  8
ENGRAVE_POLARS
100
AcDbLine
 10
-29.40237130418756
 20
10.701587971567015
 30
0.0
 11
-29.54473851578939
 21
10.41401740872397
 31
0.0
  0
LINE
  5
2AE
330
17
100
AcDbEntity
  8
ENGRAVE_POLARS
100
AcDbLine
 10
-29.54473851578939
 20
10.41401740872397
 30
0.0
 11
-29.665668202839274
 21
10.152120572591286
 31
0.0
  0
LINE
  5
2AF
330
17
100
AcDbEntity
  8
ENGRAVE_POLARS
100
AcDbLine
 10
-29.665668202839274
 20
10.152120572591286
 30
0.0
 11
-29.767889176117514
 21
9.912136762045103
 31
0.0
  0
LINE
  5
2B0
330
17
100
AcDbEntity
  8
ENGRAVE_POLARS
100
AcDbLine
 10
-29.767889176117514
 20
9.912136762045103
 30
0.0
 11
-29.854130246404385
 21
9.690305275961558
 31
0.0
  0
LINE
  5
2B1
330
17
100
AcDbEntity
  8
ENGRAVE_POLARS
100
AcDbLine
 10
-29.854130246404385
 20
9.690305275961558
 30
0.0
 11
-29.9271202244802
 21
9.482865413216796
 31
0.0
  0
LINE
  5
2B2
330
17
100
AcDbEntity
  8
ENGRAVE_POLARS
100
AcDbLine
 10
-29.9271202244802
 20
9.482865413216796
 30
0.0
 11
-29.98958792112523
 21
9.286056472686955
 31
0.0
  0
LINE
  5
2B3
330
17
100
AcDbEntity
  8
ENGRAVE_POLARS
100
AcDbLine
 10
-29.98958792112523
 20
9.286056472686955
 30
0.0
 11
-30.044262147119785
 21
9.09611775324817
 31
0.0
  0
LINE
  5
2B4
330
17
100
AcDbEntity
  8
ENGRAVE_POLARS
100
AcDbLine
 10
-30.044262147119785
 20
9.09611775324817
 30
0.0
 11
-30.09387171324414
 21
8.909288553776587
 31
0.0
  0
LINE
  5
2B5
330
17
100
AcDbEntity
  8
ENGRAVE_POLARS
100
AcDbLine
 10
-30.09387171324414
 20
8.909288553776587
 30
0.0
 11
-30.141145430278605
 21
8.721808173148348
 31
0.0
  0
LINE
  5
2B6
330
17
100
AcDbEntity
  8
ENGRAVE_POLARS
100
AcDbLine
 10
-30.141145430278605
 20
8.721808173148348
 30
0.0
 11
-30.18881210900346
 21
8.529915910239586
 31
0.0
  0
LINE
  5
2B7
330
17
100
AcDbEntity
  8
ENGRAVE_POLARS
100
AcDbLine
 10
-30.18881210900346
 20
8.529915910239586
 30
0.0
 11
-30.239600560198998
 21
8.329851063926448
 31
0.0
  0
LINE
  5
2B8
330
17
100
AcDbEntity
  8
ENGRAVE_POLARS
100
AcDbLine
 10
-30.239600560198998
 20
8.329851063926448
 30
0.0
 11
-30.296239594645517
 21
8.11785293308507
 31
0.0
  0
LINE
  5
2B9
330
17
100
AcDbEntity
  8
ENGRAVE_POLARS
100
AcDbLine
 10
-30.296239594645517
 20
8.11785293308507
 30
0.0
 11
-30.351874119651022
 21
7.906804314443545
 31
0.0
  0
LINE
  5
2BA
330
17
100
AcDbEntity
  8
ENGRAVE_POLARS
100
AcDbLine
 10
-30.351874119651022
 20
7.906804314443545
 30
0.0
 11
-30.39916491901486
 21
7.70900593441851
 31
0.0
  0
LINE
  5
2BB
330
17
100
AcDbEntity
  8
ENGRAVE_POLARS
100
AcDbLine
 10
-30.39916491901486
 20
7.70900593441851
 30
0.0
 11
-30.440114618254277
 21
7.519823986418913
 31
0.0
  0
LINE
  5
2BC
330
17
100
AcDbEntity
  8
ENGRAVE_POLARS
100
AcDbLine
 10
-30.440114618254277
 20
7.519823986418913
 30
0.0
 11
-30.47672584288653
 21
7.334624663853706
 31
0.0
  0
LINE
  5
2BD
330
17
100
AcDbEntity
  8
ENGRAVE_POLARS
100
AcDbLine
 10
-30.47672584288653
 20
7.334624663853706
 30
0.0
 11
-30.511001218428888
 21
7.1487741601318415
 31
0.0
  0
LINE
  5
2BE
330
17
100
AcDbEntity
  8
ENGRAVE_POLARS
100
AcDbLine
 10
-30.511001218428888
 20
7.1487741601318415
 30
0.0
 11
-30.544943370398602
 21
6.957638668662268
 31
0.0
  0
LINE
  5
2BF
330
17
100
AcDbEntity
  8
ENGRAVE_POLARS
100
AcDbLine
 10
-30.544943370398602
 20
6.957638668662268
 30
0.0
 11
-30.580554924312935
 21
6.7565843828539345
 31
0.0
  0
LINE
  5
2C0
330
17
100
AcDbEntity
  8
ENGRAVE_POLARS
100
AcDbLine
 10
-30.580554924312935
 20
6.7565843828539345
 30
0.0
 11
-30.619838505689156
 21
6.540977496115795
 31
0.0
  0
LINE
  5
2C1
330
17
100
AcDbEntity
  8
ENGRAVE_POLARS
100
AcDbLine
 10
-30.619838505689156
 20
6.540977496115795
 30
0.0
 11
-30.664796740044515
 21
6.3061842018568
 31
0.0
  0
LINE
  5
2C2
330
17
100
AcDbEntity
  8
ENGRAVE_POLARS
100
AcDbLine
 10
-30.664796740044515
 20
6.3061842018568
 30
0.0
 11
-30.717432252896277
 21
6.0475706934859
 31
0.0
  0
LINE
  5
2C3
330
17
100
AcDbEntity
  8
ENGRAVE_POLARS
100
AcDbLine
 10
-30.717432252896277
 20
6.0475706934859
 30
0.0
 11
-30.779747669761687
 21
5.760503164412044
 31
0.0
  0
LINE
  5
2C4
330
17
100
AcDbEntity
  8
ENGRAVE_POLARS
100
AcDbLine
 10
-30.779747669761687
 20
5.760503164412044
 30
0.0
 11
-30.853745616158026
 21
5.4403478080441845
 31
0.0
  0
LINE
  5
2C5
330
17
100
AcDbEntity
  8
ENGRAVE_POLARS
100
AcDbLine
 10
-30.853745616158026
 20
5.4403478080441845
 30
0.0
 11
-30.946945391419582
 21
5.1026886408433505
 31
0.0
  0
LINE
  5
2C6
330
17
100
AcDbEntity
  8
ENGRAVE_POLARS
100
AcDbLine
 10
-30.946945391419582
 20
5.1026886408433505
 30
0.0
 11
-31.061947321831173
 21
4.762497825929525
 31
0.0
  0
LINE
  5
2C7
330
17
100
AcDbEntity
  8
ENGRAVE_POLARS
100
AcDbLine
 10
-31.061947321831173
 20
4.762497825929525
 30
0.0
 11
-31.193375573335842
 21
4.414223776700087
 31
0.0
  0
LINE
  5
2C8
330
17
100
AcDbEntity
  8
ENGRAVE_POLARS
100
AcDbLine
 10
-31.193375573335842
 20
4.414223776700087
 30
0.0
 11
-31.33585431187661
 21
4.052314906552413
 31
0.0
  0
LINE
  5
2C9
330
17
100
AcDbEntity
  8
ENGRAVE_POLARS
100
AcDbLine
 10
-31.33585431187661
 20
4.052314906552413
 30
0.0
 11
-31.484007703396525
 21
3.6712196288838834
 31
0.0
  0
LINE
  5
2CA
330
17
100
AcDbEntity
  8
ENGRAVE_POLARS
100
AcDbLine
 10
-31.484007703396525
 20
3.6712196288838834
 30
0.0
 11
-31.63245991383861
 21
3.2653863570918755
 31
0.0
  0
LINE
  5
2CB
330
17
100
AcDbEntity
  8
ENGRAVE_POLARS
100
AcDbLine
 10
-31.63245991383861
 20
3.2653863570918755
 30
0.0
 11
-31.7758351091459
 21
2.8292635045737686
 31
0.0
  0
LINE
  5
2CC
330
17
100
AcDbEntity
  8
ENGRAVE_POLARS
100
AcDbLine
 10
-31.7758351091459
 20
2.8292635045737686
 30
0.0
 11
-31.908757455261433
 21
2.3572994847269415
 31
0.0
  0
LINE
  5
2CD
330
17
100
AcDbEntity
  8
ENGRAVE_POLARS
100
AcDbLine
 10
-31.908757455261433
 20
2.3572994847269415
 30
0.0
 11
-32.025851118128244
 21
1.8439427109487734
 31
0.0
  0
LINE
  5
2CE
330
17
100
AcDbEntity
  8
ENGRAVE_POLARS
100
AcDbLine
 10
-32.025851118128244
 20
1.8439427109487734
 30
0.0
 11
-32.12174026368936
 21
1.283641596636641
 31
0.0
  0
LINE
  5
2CF
330
17
100
AcDbEntity
  8
ENGRAVE_POLARS
100
AcDbLine
 10
-32.12174026368936
 20
1.283641596636641
 30
0.0
 11
-32.191049057887824
 21
0.6708445551879243
 31
0.0
  0
LINE
  5
2D0
330
17
100
AcDbEntity
  8
ENGRAVE_POLARS
100
AcDbLine
 10
-32.191049057887824
 20
0.6708445551879243
 30
0.0
 11
-32.22840166666666
 21
1.9734204471359276e-15
 31
0.0
  0
LINE
  5
2D1
330
17
100
AcDbEntity
  8
ENGRAVE_POLARS
100
AcDbLine
 10
-32.22840166666666
 20
1.9734204471359276e-15
 30
0.0
 11
-32.238861619910324
 21
-0.7615540710387505
 31
0.0
  0
LINE
  5
2D2
330
17
100
AcDbEntity
  8
ENGRAVE_POLARS
100
AcDbLine
 10
-32.238861619910324
 20
-0.7615540710387505
 30
0.0
 11
-32.23151571015287
 21
-1.6285462920692342
 31
0.0
  0
LINE
  5
2D3
330
17
100
AcDbEntity
  8
ENGRAVE_POLARS
100
AcDbLine
 10
-32.23151571015287
 20
-1.6285462920692342
 30
0.0
 11
-32.20702299731177
 21
-2.579628197737985
 31
0.0
  0
LINE
  5
2D4
330
17
100
AcDbEntity
  8
ENGRAVE_POLARS
100
AcDbLine
 10
-32.20702299731177
 20
-2.579628197737985
 30
0.0
 11
-32.166042541304485
 21
-3.5934513226915423
 31
0.0
  0
LINE
  5
2D5
330
17
100
AcDbEntity
  8
ENGRAVE_POLARS
100
AcDbLine
 10
-32.166042541304485
 20
-3.5934513226915423
 30
0.0
 11
-32.10923340204848
 21
-4.6486672015764405
 31
0.0
  0
LINE
  5
2D6
330
17
100
AcDbEntity
  8
ENGRAVE_POLARS
100
AcDbLine
 10
-32.10923340204848
 20
-4.6486672015764405
 30
0.0
 11
-32.0372546394612
 21
-5.723927369039217
 31
0.0
  0
LINE
  5
2D7
330
17
100
AcDbEntity
  8
ENGRAVE_POLARS
100
AcDbLine
 10
-32.0372546394612
 20
-5.723927369039217
 30
0.0
 11
-31.950765313460128
 21
-6.797883359726409
 31
0.0
  0
LINE
  5
2D8
330
17
100
AcDbEntity
  8
ENGRAVE_POLARS
100
AcDbLine
 10
-31.950765313460128
 20
-6.797883359726409
 30
0.0
 11
-31.850424483962712
 21
-7.849186708284556
 31
0.0
  0
LINE
  5
2D9
330
17
100
AcDbEntity
  8
ENGRAVE_POLARS
100
AcDbLine
 10
-31.850424483962712
 20
-7.849186708284556
 30
0.0
 11
-31.73689121088642
 21
-8.85648894936019
 31
0.0
  0
LINE
  5
2DA
330
17
100
AcDbEntity
  8
ENGRAVE_POLARS
100
AcDbLine
 10
-31.73689121088642
 20
-8.85648894936019
 30
0.0
 11
-31.61082455414871
 21
-9.798441617599853
 31
0.0
  0
LINE
  5
2DB
330
17
100
AcDbEntity
  8
ENGRAVE_POLARS
100
AcDbLine
 10
-31.61082455414871
 20
-9.798441617599853
 30
0.0
 11
-31.47288357366705
 21
-10.653696247650078
 31
0.0
  0
LINE
  5
2DC
330
17
100
AcDbEntity
  8
ENGRAVE_POLARS
100
AcDbLine
 10
-31.47288357366705
 20
-10.653696247650078
 30
0.0
 11
-31.3237273293589
 21
-11.400904374157403
 31
0.0
  0
LINE
  5
2DD
330
17
100
AcDbEntity
  8
ENGRAVE_POLARS
100
AcDbLine
 10
-31.3237273293589
 20
-11.400904374157403
 30
0.0
 11
-31.169803768526425
 21
-12.04474983856964
 31
0.0
  0
LINE
  5
2DE
330
17
100
AcDbEntity
  8
ENGRAVE_POLARS
100
AcDbLine
 10
-31.169803768526425
 20
-12.04474983856964
 30
0.0
 11
-31.014497155906515
 21
-12.611502502193721
 31
0.0
  0
LINE
  5
2DF
330
17
100
AcDbEntity
  8
ENGRAVE_POLARS
100
AcDbLine
 10
-31.014497155906515
 20
-12.611502502193721
 30
0.0
 11
-30.853871027568687
 21
-13.112192929464857
 31
0.0
  0
LINE
  5
2E0
330
17
100
AcDbEntity
  8
ENGRAVE_POLARS
100
AcDbLine
 10
-30.853871027568687
 20
-13.112192929464857
 30
0.0
 11
-30.68398891958246
 21
-13.55785168481827
 31
0.0
  0
LINE
  5
2E1
330
17
100
AcDbEntity
  8
ENGRAVE_POLARS
100
AcDbLine
 10
-30.68398891958246
 20
-13.55785168481827
 30
0.0
 11
-30.50091436801736
 21
-13.959509332689173
 31
0.0
  0
LINE
  5
2E2
330
17
100
AcDbEntity
  8
ENGRAVE_POLARS
100
AcDbLine
 10
-30.50091436801736
 20
-13.959509332689173
 30
0.0
 11
-30.300710908942897
 21
-14.328196437512782
 31
0.0
  0
LINE
  5
2E3
330
17
100
AcDbEntity
  8
ENGRAVE_POLARS
100
AcDbLine
 10
-30.300710908942897
 20
-14.328196437512782
 30
0.0
 11
-30.079442078428595
 21
-14.674943563724307
 31
0.0
  0
LINE
  5
2E4
330
17
100
AcDbEntity
  8
ENGRAVE_POLARS
100
AcDbLine
 10
-30.079442078428595
 20
-14.674943563724307
 30
0.0
 11
-29.833171412543983
 21
-15.010781275758974
 31
0.0
  0
LINE
  5
2E5
330
17
100
AcDbEntity
  8
ENGRAVE_POLARS
100
AcDbLine
 10
-29.833171412543983
 20
-15.010781275758974
 30
0.0
 11
-29.55796244735857
 21
-15.346740138051993
 31
0.0
  0
LINE
  5
2E6
330
17
100
AcDbEntity
  8
ENGRAVE_POLARS
100
AcDbLine
 10
-29.55796244735857
 20
-15.346740138051993
 30
0.0
 11
-29.249878718941886
 21
-15.693850715038584
 31
0.0
  0
LINE
  5
2E7
330
17
100
AcDbEntity
  8
ENGRAVE_POLARS
100
AcDbLine
 10
-29.249878718941886
 20
-15.693850715038584
 30
0.0
 11
-28.90498376336345
 21
-16.063143571153958
 31
0.0
  0
LINE
  5
2E8
330
17
100
AcDbEntity
  8
ENGRAVE_POLARS
100
AcDbLine
 10
-28.90498376336345
 20
-16.063143571153958
 30
0.0
 11
-28.519341116692775
 21
-16.465649270833328
 31
0.0
  0
LINE
  5
2E9
330
17
100
AcDbEntity
  8
ENGRAVE_POLARS
100
AcDbLine
 10
-28.519341116692775
 20
-16.465649270833328
 30
0.0
 11
-28.083227110748794
 21
-16.901150856132105
 31
0.0
  0
LINE
  5
2EA
330
17
100
AcDbEntity
  8
ENGRAVE_POLARS
100
AcDbLine
 10
-28.083227110748794
 20
-16.901150856132105
 30
0.0
 11
-27.594748280976795
 21
-17.3574769198835
 31
0.0
  0
LINE
  5
2EB
330
17
100
AcDbEntity
  8
ENGRAVE_POLARS
100
AcDbLine
 10
-27.594748280976795
 20
-17.3574769198835
 30
0.0
 11
-27.06171346888586
 21
-17.827726352689414
 31
0.0
  0
LINE
  5
2EC
330
17
100
AcDbEntity
  8
ENGRAVE_POLARS
100
AcDbLine
 10
-27.06171346888586
 20
-17.827726352689414
 30
0.0
 11
-26.491931515985048
 21
-18.30499804515177
 31
0.0
  0
LINE
  5
2ED
330
17
100
AcDbEntity
  8
ENGRAVE_POLARS
100
AcDbLine
 10
-26.491931515985048
 20
-18.30499804515177
 30
0.0
 11
-25.89321126378345
 21
-18.78239088787248
 31
0.0
  0
LINE
  5
2EE
330
17
100
AcDbEntity
  8
ENGRAVE_POLARS
100
AcDbLine
 10
-25.89321126378345
 20
-18.78239088787248
 30
0.0
 11
-25.273361553790124
 21
-19.253003771453454
 31
0.0
  0
LINE
  5
2EF
330
17
100
AcDbEntity
  8
ENGRAVE_POLARS
100
AcDbLine
 10
-25.273361553790124
 20
-19.253003771453454
 30
0.0
 11
-24.64019122751415
 21
-19.70993558649661
 31
0.0
  0
LINE
  5
2F0
330
17
100
AcDbEntity
  8
ENGRAVE_POLARS
100
AcDbLine
 10
-24.64019122751415
 20
-19.70993558649661
 30
0.0
 11
-24.0015091264646
 21
-20.146285223603858
 31
0.0
  0
LINE
  5
2F1
330
17
100
AcDbEntity
  8
ENGRAVE_POLARS
100
AcDbLine
 10
-24.0015091264646
 20
-20.146285223603858
 30
0.0
 11
-23.36512409215055
 21
-20.55515157337712
 31
0.0
  0
LINE
  5
2F2
330
17
100
AcDbEntity
  8
ENGRAVE_POLARS
100
AcDbLine
 10
-23.36512409215055
 20
-20.55515157337712
 30
0.0
 11
-22.73884496608106
 21
-20.929633526418304
 31
0.0
  0
LINE
  5
2F3
330
17
100
AcDbEntity
  8
ENGRAVE_POLARS
100
AcDbLine
 10
-22.73884496608106
 20
-20.929633526418304
 30
0.0
 11
-22.130480589765217
 21
-21.262829973329325
 31
0.0
  0
LINE
  5
2F4
330
17
100
AcDbEntity
  8
ENGRAVE_POLARS
100
AcDbLine
 10
-22.130480589765217
 20
-21.262829973329325
 30
0.0
 11
-21.547839804712094
 21
-21.54783980471209
 31
0.0
  0
LINE
  5
2F5
330
17
100
AcDbEntity
  8
ENGRAVE_POLARS
100
AcDbLine
 10
-21.547839804712094
 20
-21.54783980471209
 30
0.0
 11
-20.967623309406417
 21
-21.783889357533702
 31
0.0
  0
LINE
  5
2F6
330
17
100
AcDbEntity
  8
ENGRAVE_POLARS
100
AcDbLine
 10
-20.967623309406417
 20
-21.783889357533702
 30
0.0
 11
-20.3664855394195
 21
-21.978014783752943
 31
0.0
  0
LINE
  5
2F7
330
17
100
AcDbEntity
  8
ENGRAVE_POLARS
100
AcDbLine
 10
-20.3664855394195
 20
-21.978014783752943
 30
0.0
 11
-19.752165941890247
 21
-22.135029696459277
 31
0.0
  0
LINE
  5
2F8
330
17
100
AcDbEntity
  8
ENGRAVE_POLARS
100
AcDbLine
 10
-19.752165941890247
 20
-22.135029696459277
 30
0.0
 11
-19.13240396395758
 21
-22.259747708742157
 31
0.0
  0
LINE
  5
2F9
330
17
100
AcDbEntity
  8
ENGRAVE_POLARS
100
AcDbLine
 10
-19.13240396395758
 20
-22.259747708742157
 30
0.0
 11
-18.514939052760404
 21
-22.356982433691048
 31
0.0
  0
LINE
  5
2FA
330
17
100
AcDbEntity
  8
ENGRAVE_POLARS
100
AcDbLine
 10
-18.514939052760404
 20
-22.356982433691048
 30
0.0
 11
-17.907510655437637
 21
-22.431547484395406
 31
0.0
  0
LINE
  5
2FB
330
17
100
AcDbEntity
  8
ENGRAVE_POLARS
100
AcDbLine
 10
-17.907510655437637
 20
-22.431547484395406
 30
0.0
 11
-17.317858219128198
 21
-22.488256473944688
 31
0.0
  0
LINE
  5
2FC
330
17
100
AcDbEntity
  8
ENGRAVE_POLARS
100
AcDbLine
 10
-17.317858219128198
 20
-22.488256473944688
 30
0.0
 11
-16.753721190971
 21
-22.53192301542836
 31
0.0
  0
LINE
  5
2FD
330
17
100
AcDbEntity
  8
ENGRAVE_POLARS
100
AcDbLine
 10
-16.753721190971
 20
-22.53192301542836
 30
0.0
 11
-16.22283901810496
 21
-22.567360721935877
 31
0.0
  0
LINE
  5
2FE
330
17
100
AcDbEntity
  8
ENGRAVE_POLARS
100
AcDbLine
 10
-16.22283901810496
 20
-22.567360721935877
 30
0.0
 11
-15.732951147668988
 21
-22.599383206556695
 31
0.0
  0
LINE
  5
2FF
330
17
100
AcDbEntity
  8
ENGRAVE_POLARS
100
AcDbLine
 10
-15.732951147668988
 20
-22.599383206556695
 30
0.0
 11
-15.291797026801996
 21
-22.63280408238028
 31
0.0
  0
LINE
  5
300
330
17
100
AcDbEntity
  8
ENGRAVE_POLARS
100
AcDbLine
 10
-15.291797026801996
 20
-22.63280408238028
 30
0.0
 11
-14.907116102642906
 21
-22.672436962496086
 31
0.0
  0
LINE
  5
301
330
17
100
AcDbEntity
  8
ENGRAVE_POLARS
100
AcDbLine
 10
-14.907116102642906
 20
-22.672436962496086
 30
0.0
 11
-14.602488793645488
 21
-22.712414633490827
 31
0.0
  0
LINE
  5
302
330
17
100
AcDbEntity
  8
ENGRAVE_POLARS
100
AcDbLine
 10
-14.602488793645488
 20
-22.712414633490827
 30
0.0
 11
-14.384477787401513
 21
-22.743752199822097
 31
0.0
  0
LINE
  5
303
330
17
100
AcDbEntity
  8
ENGRAVE_POLARS
100
AcDbLine
 10
-14.384477787401513
 20
-22.743752199822097
 30
0.0
 11
-14.235295934756882
 21
-22.766586751385667
 31
0.0
  0
LINE
  5
304
330
17
100
AcDbEntity
  8
ENGRAVE_POLARS
100
AcDbLine
 10
-14.235295934756882
 20
-22.766586751385667
 30
0.0
 11
-14.137156086557503
 21
-22.781055378077305
 31
0.0
  0
LINE
  5
305
330
17
100
AcDbEntity
  8
ENGRAVE_POLARS
100
AcDbLine
 10
-14.137156086557503
 20
-22.781055378077305
 30
0.0
 11
-14.07227109364928
 21
-22.787295169792795
 31
0.0
  0
LINE
  5
306
330
17
100
AcDbEntity
  8
ENGRAVE_POLARS
100
AcDbLine
 10
-14.07227109364928
 20
-22.787295169792795
 30
0.0
 11
-14.022853806878112
 21
-22.785443216427893
 31
0.0
  0
LINE
  5
307
330
17
100
AcDbEntity
  8
ENGRAVE_POLARS
100
AcDbLine
 10
-14.022853806878112
 20
-22.785443216427893
 30
0.0
 11
-13.97111707708991
 21
-22.775636607878393
 31
0.0
  0
LINE
  5
308
330
17
100
AcDbEntity
  8
ENGRAVE_POLARS
100
AcDbLine
 10
-13.97111707708991
 20
-22.775636607878393
 30
0.0
 11
-13.899273755130574
 21
-22.758012434040047
 31
0.0
  0
LINE
  5
309
330
17
100
AcDbEntity
  8
ENGRAVE_POLARS
100
AcDbLine
 10
-13.899273755130574
 20
-22.758012434040047
 30
0.0
 11
-13.789536691846012
 21
-22.732707784808643
 31
0.0
  0
LINE
  5
30A
330
17
100
AcDbEntity
  8
ENGRAVE_POLARS
100
AcDbLine
 10
-13.789536691846012
 20
-22.732707784808643
 30
0.0
 11
-13.624118738082124
 21
-22.699859750079945
 31
0.0
  0
LINE
  5
30B
330
17
100
AcDbEntity
  8
ENGRAVE_POLARS
100
AcDbLine
 10
-13.624118738082124
 20
-22.699859750079945
 30
0.0
 11
-13.385232744684819
 21
-22.659605419749724
 31
0.0
  0
LINE
  5
30C
330
17
100
AcDbEntity
  8
ENGRAVE_POLARS
100
AcDbLine
 10
-13.385232744684819
 20
-22.659605419749724
 30
0.0
 11
-13.055091562499998
 21
-22.612081883713763
 31
0.0
  0
LINE
  5
30D
330
17
100
AcDbEntity
  8
ENGRAVE_POLARS
100
AcDbLine
 10
-13.055091562499998
 20
-22.612081883713763
 30
0.0
 11
-12.632106127267297
 21
-22.553144583270292
 31
0.0
  0
LINE
  5
30E
330
17
100
AcDbEntity
  8
ENGRAVE_POLARS
100
AcDbLine
 10
-12.632106127267297
 20
-22.553144583270292
 30
0.0
 11
-12.134669378989141
 21
-22.48000651935917
 31
0.0
  0
LINE
  5
30F
330
17
100
AcDbEntity
  8
ENGRAVE_POLARS
100
AcDbLine
 10
-12.134669378989141
 20
-22.48000651935917
 30
0.0
 11
-11.574967174905598
 21
-22.394841121338583
 31
0.0
  0
LINE
  5
310
330
17
100
AcDbEntity
  8
ENGRAVE_POLARS
100
AcDbLine
 10
-11.574967174905598
 20
-22.394841121338583
 30
0.0
 11
-10.965185372256753
 21
-22.29982181856674
 31
0.0
  0
LINE
  5
311
330
17
100
AcDbEntity
  8
ENGRAVE_POLARS
100
AcDbLine
 10
-10.965185372256753
 20
-22.29982181856674
 30
0.0
 11
-10.317509828282677
 21
-22.19712204040183
 31
0.0
  0
LINE
  5
312
330
17
100
AcDbEntity
  8
ENGRAVE_POLARS
100
AcDbLine
 10
-10.317509828282677
 20
-22.19712204040183
 30
0.0
 11
-9.644126400223453
 21
-22.088915216202057
 31
0.0
  0
LINE
  5
313
330
17
100
AcDbEntity
  8
ENGRAVE_POLARS
100
AcDbLine
 10
-9.644126400223453
 20
-22.088915216202057
 30
0.0
 11
-8.957220945319152
 21
-21.977374775325607
 31
0.0
  0
LINE
  5
314
330
17
100
AcDbEntity
  8
ENGRAVE_POLARS
100
AcDbLine
 10
-8.957220945319152
 20
-21.977374775325607
 30
0.0
 11
-8.268979320809855
 21
-21.86467414713069
 31
0.0
  0
LINE
  5
315
330
17
100
AcDbEntity
  8
ENGRAVE_POLARS
100
AcDbLine
 10
-8.268979320809855
 20
-21.86467414713069
 30
0.0
 11
-7.591587383935641
 21
-21.752986760975492
 31
0.0
  0
LINE
  5
316
330
17
100
AcDbEntity
  8
ENGRAVE_POLARS
100
AcDbLine
 10
-7.591587383935641
 20
-21.752986760975492
 30
0.0
 11
-6.937230991936582
 21
-21.644486046218212
 31
0.0
  0
LINE
  5
317
330
17
100
AcDbEntity
  8
ENGRAVE_POLARS
100
AcDbLine
 10
-6.937230991936582
 20
-21.644486046218212
 30
0.0
 11
-6.318096002052756
 21
-21.54134543221705
 31
0.0
  0
LINE
  5
318
330
17
100
AcDbEntity
  8
ENGRAVE_POLARS
100
AcDbLine
 10
-6.318096002052756
 20
-21.54134543221705
 30
0.0
 11
-5.746368271524243
 21
-21.4457383483302
 31
0.0
  0
LINE
  5
319
330
17
100
AcDbEntity
  8
ENGRAVE_POLARS
100
AcDbLine
 10
-5.746368271524243
 20
-21.4457383483302
 30
0.0
 11
-5.194513795095023
 21
-21.352345611895732
 31
0.0
  0
LINE
  5
31A
330
17
100
AcDbEntity
  8
ENGRAVE_POLARS
100
AcDbLine
 10
-5.194513795095023
 20
-21.352345611895732
 30
0.0
 11
-4.631717270613005
 21
-21.255411274647113
 31
0.0
  0
LINE
  5
31B
330
17
100
AcDbEntity
  8
ENGRAVE_POLARS
100
AcDbLine
 10
-4.631717270613005
 20
-21.255411274647113
 30
0.0
 11
-4.065242609974149
 21
-21.156453617535636
 31
0.0
  0
LINE
  5
31C
330
17
100
AcDbEntity
  8
ENGRAVE_POLARS
100
AcDbLine
 10
-4.065242609974149
 20
-21.156453617535636
 30
0.0
 11
-3.5023537250744115
 21
-21.05699092151259
 31
0.0
  0
LINE
  5
31D
330
17
100
AcDbEntity
  8
ENGRAVE_POLARS
100
AcDbLine
 10
-3.5023537250744115
 20
-21.05699092151259
 30
0.0
 11
-2.950314527809755
 21
-20.958541467529265
 31
0.0
  0
LINE
  5
31E
330
17
100
AcDbEntity
  8
ENGRAVE_POLARS
100
AcDbLine
 10
-2.950314527809755
 20
-20.958541467529265
 30
0.0
 11
-2.416388930076138
 21
-20.862623536536958
 31
0.0
  0
LINE
  5
31F
330
17
100
AcDbEntity
  8
ENGRAVE_POLARS
100
AcDbLine
 10
-2.416388930076138
 20
-20.862623536536958
 30
0.0
 11
-1.9078408437695191
 21
-20.770755409486952
 31
0.0
  0
LINE
  5
320
330
17
100
AcDbEntity
  8
ENGRAVE_POLARS
100
AcDbLine
 10
-1.9078408437695191
 20
-20.770755409486952
 30
0.0
 11
-1.4319341807858594
 21
-20.68445536733054
 31
0.0
  0
LINE
  5
321
330
17
100
AcDbEntity
  8
ENGRAVE_POLARS
100
AcDbLine
 10
-1.4319341807858594
 20
-20.68445536733054
 30
0.0
 11
-0.9959328530211196
 21
-20.60524169101902
 31
0.0
  0
LINE
  5
322
330
17
100
AcDbEntity
  8
ENGRAVE_POLARS
100
AcDbLine
 10
-0.9959328530211196
 20
-20.60524169101902
 30
0.0
 11
-0.6071007723712565
 21
-20.53463266150367
 31
0.0
  0
LINE
  5
323
330
17
100
AcDbEntity
  8
ENGRAVE_POLARS
100
AcDbLine
 10
-0.6071007723712565
 20
-20.53463266150367
 30
0.0
 11
-0.27270185073223047
 21
-20.474146559735786
 31
0.0
  0
LINE
  5
324
330
17
100
AcDbEntity
  8
ENGRAVE_POLARS
100
AcDbLine
 10
-0.27270185073223047
 20
-20.474146559735786
 30
0.0
 11
-2.501378030770243e-15
 21
-20.425301666666666
 31
0.0
  0
TEXT
  5
325
330
17
100
AcDbEntity
  8
ENGRAVE_TEXT
100
AcDbText
 10
15.841591371690685
 20
21.38923535716113
 30
0.0
 40
4.5
  1
8
 72
1
 11
15.841591371690685
 21
21.38923535716113
 31
0.0
100
AcDbText
 73
2
  0
TEXT
  5
326
330
17
100
AcDbEntity
  8
ENGRAVE_TEXT
100
AcDbText
 10
-15.841591371690685
 20
21.38923535716113
 30
0.0
 40
4.5
  1
8
 72
1
 11
-15.841591371690685
 21
21.38923535716113
 31
0.0
100
AcDbText
 73
2
  0
CIRCLE
  5
327
330
17
100
AcDbEntity
  8
ENGRAVE_VMG
100
AcDbCircle
 10
17.29503968590357
 20
20.232078702265795
 30
0.0
 40
0.6
  0
CIRCLE
  5
328
330
17
100
AcDbEntity
  8
ENGRAVE_VMG
100
AcDbCircle
 10
-17.29503968590357
 20
20.232078702265795
 30
0.0
 40
0.6
  0
CIRCLE
  5
329
330
17
100
AcDbEntity
  8
ENGRAVE_VMG
100
AcDbCircle
 10
14.907116102642906
 20
-22.672436962496086
 30
0.0
 40
0.6
  0
CIRCLE
  5
32A
330
17
100
AcDbEntity
  8
ENGRAVE_VMG
100
AcDbCircle
 10
-14.907116102642906
 20
-22.672436962496086
 30
0.0
 40
0.6
  0
LINE
  5
32B
330
17
100
AcDbEntity
  8
ENGRAVE_POLARS
100
AcDbLine
 10
14.597322318301774
 20
18.011789075416164
 30
0.0
 11
14.888603124341673
 21
17.914051187423834
 31
0.0
  0
LINE
  5
32C
330
17
100
AcDbEntity
  8
ENGRAVE_POLARS
100
AcDbLine
 10
14.888603124341673
 20
17.914051187423834
 30
0.0
 11
15.267031888869177
 21
17.794215535998138
 31
0.0
  0
LINE
  5
32D
330
17
100
AcDbEntity
  8
ENGRAVE_POLARS
100
AcDbLine
 10
15.267031888869177
 20
17.794215535998138
 30
0.0
 11
15.717032333159972
 21
17.654880097044245
 31
0.0
  0
LINE
  5
32E
330
17
100
AcDbEntity
  8
ENGRAVE_POLARS
100
AcDbLine
 10
15.717032333159972
 20
17.654880097044245
 30
0.0
 11
16.223028178489745
 21
17.498642846467305
 31
0.0
  0
LINE
  5
32F
330
17
100
AcDbEntity
  8
ENGRAVE_POLARS
100
AcDbLine
 10
16.223028178489745
 20
17.498642846467305
 30
0.0
 11
16.76944314613418
 21
17.328101760172498
 31
0.0
  0
LINE
  5
330
330
17
100
AcDbEntity
  8
ENGRAVE_POLARS
100
AcDbLine
 10
16.76944314613418
 20
17.328101760172498
 30
0.0
 11
17.340700957368973
 21
17.14585481406497
 31
0.0
  0
LINE
  5
331
330
17
100
AcDbEntity
  8
ENGRAVE_POLARS
100
AcDbLine
 10
17.340700957368973
 20
17.14585481406497
 30
0.0
 11
17.921225333469803
 21
16.95449998404989
 31
0.0
  0
LINE
  5
332
330
17
100
AcDbEntity
  8
ENGRAVE_POLARS
100
AcDbLine
 10
17.921225333469803
 20
16.95449998404989
 30
0.0
 11
18.495439995712363
 21
16.756635246032417
 31
0.0
  0
LINE
  5
333
330
17
100
AcDbEntity
  8
ENGRAVE_POLARS
100
AcDbLine
 10
18.495439995712363
 20
16.756635246032417
 30
0.0
 11
19.047768665372338
 21
16.55485857591772
 31
0.0
  0
LINE
  5
334
330
17
100
AcDbEntity
  8
ENGRAVE_POLARS
100
AcDbLine
 10
19.047768665372338
 20
16.55485857591772
 30
0.0
 11
19.562635063725413
 21
16.351767949610952
 31
0.0
  0
LINE
  5
335
330
17
100
AcDbEntity
  8
ENGRAVE_POLARS
100
AcDbLine
 10
19.562635063725413
 20
16.351767949610952
 30
0.0
 11
20.024462912047277
 21
16.14996134301728
 31
0.0
  0
LINE
  5
336
330
17
100
AcDbEntity
  8
ENGRAVE_POLARS
100
AcDbLine
 10
20.024462912047277
 20
16.14996134301728
 30
0.0
 11
20.417675931613623
 21
15.952036732041872
 31
0.0
  0
LINE
  5
337
330
17
100
AcDbEntity
  8
ENGRAVE_POLARS
100
AcDbLine
 10
20.417675931613623
 20
15.952036732041872
 30
0.0
 11
20.751402481179362
 21
15.757768285256848
 31
0.0
  0
LINE
  5
338
330
17
100
AcDbEntity
  8
ENGRAVE_POLARS
100
AcDbLine
 10
20.751402481179362
 20
15.757768285256848
 30
0.0
 11
21.04844382037869
 21
15.56417813622066
 31
0.0
  0
LINE
  5
339
330
17
100
AcDbEntity
  8
ENGRAVE_POLARS
100
AcDbLine
 10
21.04844382037869
 20
15.56417813622066
 30
0.0
 11
21.31373302180622
 21
15.369736208317956
 31
0.0
  0
LINE
  5
33A
330
17
100
AcDbEntity
  8
ENGRAVE_POLARS
100
AcDbLine
 10
21.31373302180622
 20
15.369736208317956
 30
0.0
 11
21.55220315805656
 21
15.17291242493338
 31
0.0
  0
LINE
  5
33B
330
17
100
AcDbEntity
  8
ENGRAVE_POLARS
100
AcDbLine
 10
21.55220315805656
 20
15.17291242493338
 30
0.0
 11
21.768787301724316
 21
14.972176709451572
 31
0.0
  0
LINE
  5
33C
330
17
100
AcDbEntity
  8
ENGRAVE_POLARS
100
AcDbLine
 10
21.768787301724316
 20
14.972176709451572
 30
0.0
 11
21.96841852540409
 21
14.765998985257184
 31
0.0
  0
LINE
  5
33D
330
17
100
AcDbEntity
  8
ENGRAVE_POLARS
100
AcDbLine
 10
21.96841852540409
 20
14.765998985257184
 30
0.0
 11
22.156029901690495
 21
14.552849175734853
 31
0.0
  0
LINE
  5
33E
330
17
100
AcDbEntity
  8
ENGRAVE_POLARS
100
AcDbLine
 10
22.156029901690495
 20
14.552849175734853
 30
0.0
 11
22.336554503178135
 21
14.331197204269227
 31
0.0
  0
LINE
  5
33F
330
17
100
AcDbEntity
  8
ENGRAVE_POLARS
100
AcDbLine
 10
22.336554503178135
 20
14.331197204269227
 30
0.0
 11
22.514925402461625
 21
14.099512994244954
 31
0.0
  0
LINE
  5
340
330
17
100
AcDbEntity
  8
ENGRAVE_POLARS
100
AcDbLine
 10
22.514925402461625
 20
14.099512994244954
 30
0.0
 11
22.696075672135567
 21
13.856266469046671
 31
0.0
  0
LINE
  5
341
330
17
100
AcDbEntity
  8
ENGRAVE_POLARS
100
AcDbLine
 10
22.696075672135567
 20
13.856266469046671
 30
0.0
 11
22.884938384794566
 21
13.599927552059029
 31
0.0
  0
LINE
  5
342
330
17
100
AcDbEntity
  8
ENGRAVE_POLARS
100
AcDbLine
 10
22.884938384794566
 20
13.599927552059029
 30
0.0
 11
23.08644661303324
 21
13.32896616666667
 31
0.0
  0
LINE
  5
343
330
17
100
AcDbEntity
  8
ENGRAVE_POLARS
100
AcDbLine
 10
23.08644661303324
 20
13.32896616666667
 30
0.0
 11
23.29886922205206
 21
13.0347300777638
 31
0.0
  0
LINE
  5
344
330
17
100
AcDbEntity
  8
ENGRAVE_POLARS
100
AcDbLine
 10
23.29886922205206
 20
13.0347300777638
 30
0.0
 11
23.51572304687541
 21
12.713382492045302
 31
0.0
  0
LINE
  5
345
330
17
100
AcDbEntity
  8
ENGRAVE_POLARS
100
AcDbLine
 10
23.51572304687541
 20
12.713382492045302
 30
0.0
 11
23.73481311483373
 21
12.370616495596838
 31
0.0
  0
LINE
  5
346
330
17
100
AcDbEntity
  8
ENGRAVE_POLARS
100
AcDbLine
 10
23.73481311483373
 20
12.370616495596838
 30
0.0
 11
23.953944453257453
 21
12.012125174504058
 31
0.0
  0
LINE
  5
347
330
17
100
AcDbEntity
  8
ENGRAVE_POLARS
100
AcDbLine
 10
23.953944453257453
 20
12.012125174504058
 30
0.0
 11
24.17092208947702
 21
11.643601614852633
 31
0.0
  0
LINE
  5
348
330
17
100
AcDbEntity
  8
ENGRAVE_POLARS
100
AcDbLine
 10
24.17092208947702
 20
11.643601614852633
 30
0.0
 11
24.383551050822874
 21
11.270738902728215
 31
0.0
  0
LINE
  5
349
330
17
100
AcDbEntity
  8
ENGRAVE_POLARS
100
AcDbLine
 10
24.383551050822874
 20
11.270738902728215
 30
0.0
 11
24.589636364625445
 21
10.899230124216464
 31
0.0
  0
LINE
  5
34A
330
17
100
AcDbEntity
  8
ENGRAVE_POLARS
100
AcDbLine
 10
24.589636364625445
 20
10.899230124216464
 30
0.0
 11
24.786983058215185
 21
10.534768365403039
 31
0.0
  0
LINE
  5
34B
330
17
100
AcDbEntity
  8
ENGRAVE_POLARS
100
AcDbLine
 10
24.786983058215185
 20
10.534768365403039
 30
0.0
 11
24.97339615892253
 21
10.183046712373605
 31
0.0
  0
LINE
  5
34C
330
17
100
AcDbEntity
  8
ENGRAVE_POLARS
100
AcDbLine
 10
24.97339615892253
 20
10.183046712373605
 30
0.0
 11
25.14668069407791
 21
9.849758251213808
 31
0.0
  0
LINE
  5
34D
330
17
100
AcDbEntity
  8
ENGRAVE_POLARS
100
AcDbLine
 10
25.14668069407791
 20
9.849758251213808
 30
0.0
 11
25.304641691011778
 21
9.540596068009318
 31
0.0
  0
LINE
  5
34E
330
17
100
AcDbEntity
  8
ENGRAVE_POLARS
100
AcDbLine
 10
25.304641691011778
 20
9.540596068009318
 30
0.0
 11
25.445084177054557
 21
9.26125324884579
 31
0.0
  0
LINE
  5
34F
330
17
100
AcDbEntity
  8
ENGRAVE_POLARS
100
AcDbLine
 10
25.445084177054557
 20
9.26125324884579
 30
0.0
 11
25.56640316225056
 21
9.011177273986434
 31
0.0
  0
LINE
  5
350
330
17
100
AcDbEntity
  8
ENGRAVE_POLARS
100
AcDbLine
 10
25.56640316225056
 20
9.011177273986434
 30
0.0
 11
25.66997180499476
 21
8.783805900596215
 31
0.0
  0
LINE
  5
351
330
17
100
AcDbEntity
  8
ENGRAVE_POLARS
100
AcDbLine
 10
25.66997180499476
 20
8.783805900596215
 30
0.0
 11
25.758062355143636
 21
8.575817630113407
 31
0.0
  0
LINE
  5
352
330
17
100
AcDbEntity
  8
ENGRAVE_POLARS
100
AcDbLine
 10
25.758062355143636
 20
8.575817630113407
 30
0.0
 11
25.83294706255364
 21
8.383890963976306
 31
0.0
  0
LINE
  5
353
330
17
100
AcDbEntity
  8
ENGRAVE_POLARS
100
AcDbLine
 10
25.83294706255364
 20
8.383890963976306
 30
0.0
 11
25.896898177081255
 21
8.20470440362319
 31
0.0
  0
LINE
  5
354
330
17
100
AcDbEntity
  8
ENGRAVE_POLARS
100
AcDbLine
 10
25.896898177081255
 20
8.20470440362319
 30
0.0
 11
25.95218794858293
 21
8.03493645049234
 31
0.0
  0
LINE
  5
355
330
17
100
AcDbEntity
  8
ENGRAVE_POLARS
100
AcDbLine
 10
25.95218794858293
 20
8.03493645049234
 30
0.0
 11
26.001088626915145
 21
7.871265606022045
 31
0.0
  0
LINE
  5
356
330
17
100
AcDbEntity
  8
ENGRAVE_POLARS
100
AcDbLine
 10
26.001088626915145
 20
7.871265606022045
 30
0.0
 11
26.045872461934362
 21
7.710370371650586
 31
0.0
  0
LINE
  5
357
330
17
100
AcDbEntity
  8
ENGRAVE_POLARS
100
AcDbLine
 10
26.045872461934362
 20
7.710370371650586
 30
0.0
 11
26.088811703497047
 21
7.5489292488162505
 31
0.0
  0
LINE
  5
358
330
17
100
AcDbEntity
  8
ENGRAVE_POLARS
100
AcDbLine
 10
26.088811703497047
 20
7.5489292488162505
 30
0.0
 11
26.132178601459668
 21
7.38362073895732
 31
0.0
  0
LINE
  5
359
330
17
100
AcDbEntity
  8
ENGRAVE_POLARS
100
AcDbLine
 10
26.132178601459668
 20
7.38362073895732
 30
0.0
 11
26.178245405678688
 21
7.211123343512075
 31
0.0
  0
LINE
  5
35A
330
17
100
AcDbEntity
  8
ENGRAVE_POLARS
100
AcDbLine
 10
26.178245405678688
 20
7.211123343512075
 30
0.0
 11
26.229284366010578
 21
7.0281155639188055
 31
0.0
  0
LINE
  5
35B
330
17
100
AcDbEntity
  8
ENGRAVE_POLARS
100
AcDbLine
 10
26.229284366010578
 20
7.0281155639188055
 30
0.0
 11
26.28159405888949
 21
6.845875890443698
 31
0.0
  0
LINE
  5
35C
330
17
100
AcDbEntity
  8
ENGRAVE_POLARS
100
AcDbLine
 10
26.28159405888949
 20
6.845875890443698
 30
0.0
 11
26.330340214930104
 21
6.675204997141654
 31
0.0
  0
LINE
  5
35D
330
17
100
AcDbEntity
  8
ENGRAVE_POLARS
100
AcDbLine
 10
26.330340214930104
 20
6.675204997141654
 30
0.0
 11
26.376095815259678
 21
6.512064661134025
 31
0.0
  0
LINE
  5
35E
330
17
100
AcDbEntity
  8
ENGRAVE_POLARS
100
AcDbLine
 10
26.376095815259678
 20
6.512064661134025
 30
0.0
 11
26.419433841005457
 21
6.3524166595421665
 31
0.0
  0
LINE
  5
35F
330
17
100
AcDbEntity
  8
ENGRAVE_POLARS
100
AcDbLine
 10
26.419433841005457
 20
6.3524166595421665
 30
0.0
 11
26.460927273294715
 21
6.1922227694874294
 31
0.0
  0
LINE
  5
360
330
17
100
AcDbEntity
  8
ENGRAVE_POLARS
100
AcDbLine
 10
26.460927273294715
 20
6.1922227694874294
 30
0.0
 11
26.501149093254696
 21
6.027444768091165
 31
0.0
  0
LINE
  5
361
330
17
100
AcDbEntity
  8
ENGRAVE_POLARS
100
AcDbLine
 10
26.501149093254696
 20
6.027444768091165
 30
0.0
 11
26.540672282012647
 21
5.854044432474725
 31
0.0
  0
LINE
  5
362
330
17
100
AcDbEntity
  8
ENGRAVE_POLARS
100
AcDbLine
 10
26.540672282012647
 20
5.854044432474725
 30
0.0
 11
26.580069820695837
 21
5.667983539759463
 31
0.0
  0
LINE
  5
363
330
17
100
AcDbEntity
  8
ENGRAVE_POLARS
100
AcDbLine
 10
26.580069820695837
 20
5.667983539759463
 30
0.0
 11
26.61991469043152
 21
5.465223867066733
 31
0.0
  0
LINE
  5
364
330
17
100
AcDbEntity
  8
ENGRAVE_POLARS
100
AcDbLine
 10
26.61991469043152
 20
5.465223867066733
 30
0.0
 11
26.660779872346943
 21
5.241727191517884
 31
0.0
  0
LINE
  5
365
330
17
100
AcDbEntity
  8
ENGRAVE_POLARS
100
AcDbLine
 10
26.660779872346943
 20
5.241727191517884
 30
0.0
 11
26.703238347569368
 21
4.9934552902342695
 31
0.0
  0
LINE
  5
366
330
17
100
AcDbEntity
  8
ENGRAVE_POLARS
100
AcDbLine
 10
26.703238347569368
 20
4.9934552902342695
 30
0.0
 11
26.74786309722605
 21
4.716369940337242
 31
0.0
  0
LINE
  5
367
330
17
100
AcDbEntity
  8
ENGRAVE_POLARS
100
AcDbLine
 10
26.74786309722605
 20
4.716369940337242
 30
0.0
 11
26.796840819138332
 21
4.423889986934285
 31
0.0
  0
LINE
  5
368
330
17
100
AcDbEntity
  8
ENGRAVE_POLARS
100
AcDbLine
 10
26.796840819138332
 20
4.423889986934285
 30
0.0
 11
26.850937977962786
 21
4.128960029143235
 31
0.0
  0
LINE
  5
369
330
17
100
AcDbEntity
  8
ENGRAVE_POLARS
100
AcDbLine
 10
26.850937977962786
 20
4.128960029143235
 30
0.0
 11
26.908597205079527
 21
3.8268304751009636
 31
0.0
  0
LINE
  5
36A
330
17
100
AcDbEntity
  8
ENGRAVE_POLARS
100
AcDbLine
 10
26.908597205079527
 20
3.8268304751009636
 30
0.0
 11
26.968261131868655
 21
3.5127517329443476
 31
0.0
  0
LINE
  5
36B
330
17
100
AcDbEntity
  8
ENGRAVE_POLARS
100
AcDbLine
 10
26.968261131868655
 20
3.5127517329443476
 30
0.0
 11
27.028372389710277
 21
3.181974210810262
 31
0.0
  0
LINE
  5
36C
330
17
100
AcDbEntity
  8
ENGRAVE_POLARS
100
AcDbLine
 10
27.028372389710277
 20
3.181974210810262
 30
0.0
 11
27.087373609984482
 21
2.8297483168355817
 31
0.0
  0
LINE
  5
36D
330
17
100
AcDbEntity
  8
ENGRAVE_POLARS
100
AcDbLine
 10
27.087373609984482
 20
2.8297483168355817
 30
0.0
 11
27.143707424071387
 21
2.4513244591571803
 31
0.0
  0
LINE
  5
36E
330
17
100
AcDbEntity
  8
ENGRAVE_POLARS
100
AcDbLine
 10
27.143707424071387
 20
2.4513244591571803
 30
0.0
 11
27.195816463351093
 21
2.041953045911934
 31
0.0
  0
LINE
  5
36F
330
17
100
AcDbEntity
  8
ENGRAVE_POLARS
100
AcDbLine
 10
27.195816463351093
 20
2.041953045911934
 30
0.0
 11
27.242143359203705
 21
1.5968844852367188
 31
0.0
  0
LINE
  5
370
330
17
100
AcDbEntity
  8
ENGRAVE_POLARS
100
AcDbLine
 10
27.242143359203705
 20
1.5968844852367188
 30
0.0
 11
27.281130743009328
 21
1.1113691852684078
 31
0.0
  0
LINE
  5
371
330
17
100
AcDbEntity
  8
ENGRAVE_POLARS
100
AcDbLine
 10
27.281130743009328
 20
1.1113691852684078
 30
0.0
 11
27.311221246148058
 21
0.5806575541438771
 31
0.0
  0
LINE
  5
372
330
17
100
AcDbEntity
  8
ENGRAVE_POLARS
100
AcDbLine
 10
27.311221246148058
 20
0.5806575541438771
 30
0.0
 11
27.330857500000004
 21
1.6735323577663719e-15
 31
0.0
  0
LINE
  5
373
330
17
100
AcDbEntity
  8
ENGRAVE_POLARS
100
AcDbLine
 10
27.330857500000004
 20
1.6735323577663719e-15
 30
0.0
 11
27.345505670863886
 21
-0.6584994429857064
 31
0.0
  0
LINE
  5
374
330
17
100
AcDbEntity
  8
ENGRAVE_POLARS
100
AcDbLine
 10
27.345505670863886
 20
-0.6584994429857064
 30
0.0
 11
27.360343175787868
 21
-1.4074113801223298
 31
0.0
  0
LINE
  5
375
330
17
100
AcDbEntity
  8
ENGRAVE_POLARS
100
AcDbLine
 10
27.360343175787868
 20
-1.4074113801223298
 30
0.0
 11
27.37337952227621
 21
-2.2284973625028868
 31
0.0
  0
LINE
  5
376
330
17
100
AcDbEntity
  8
ENGRAVE_POLARS
100
AcDbLine
 10
27.37337952227621
 20
-2.2284973625028868
 30
0.0
 11
27.382624217833186
 21
-3.103518941220396
 31
0.0
  0
LINE
  5
377
330
17
100
AcDbEntity
  8
ENGRAVE_POLARS
100
AcDbLine
 10
27.382624217833186
 20
-3.103518941220396
 30
0.0
 11
27.38608676996308
 21
-4.014237667367874
 31
0.0
  0
LINE
  5
378
330
17
100
AcDbEntity
  8
ENGRAVE_POLARS
100
AcDbLine
 10
27.38608676996308
 20
-4.014237667367874
 30
0.0
 11
27.381776686170134
 21
-4.942415092038342
 31
0.0
  0
LINE
  5
379
330
17
100
AcDbEntity
  8
ENGRAVE_POLARS
100
AcDbLine
 10
27.381776686170134
 20
-4.942415092038342
 30
0.0
 11
27.36770347395863
 21
-5.869812766324815
 31
0.0
  0
LINE
  5
37A
330
17
100
AcDbEntity
  8
ENGRAVE_POLARS
100
AcDbLine
 10
27.36770347395863
 20
-5.869812766324815
 30
0.0
 11
27.341876640832844
 21
-6.778192241320314
 31
0.0
  0
LINE
  5
37B
330
17
100
AcDbEntity
  8
ENGRAVE_POLARS
100
AcDbLine
 10
27.341876640832844
 20
-6.778192241320314
 30
0.0
 11
27.302305694297033
 21
-7.649315068117854
 31
0.0
  0
LINE
  5
37C
330
17
100
AcDbEntity
  8
ENGRAVE_POLARS
100
AcDbLine
 10
27.302305694297033
 20
-7.649315068117854
 30
0.0
 11
27.24700014185547
 21
-8.464942797810455
 31
0.0
  0
LINE
  5
37D
330
17
100
AcDbEntity
  8
ENGRAVE_POLARS
100
AcDbLine
 10
27.24700014185547
 20
-8.464942797810455
 30
0.0
 11
27.173969491012425
 21
-9.206836981491136
 31
0.0
  0
LINE
  5
37E
330
17
100
AcDbEntity
  8
ENGRAVE_POLARS
100
AcDbLine
 10
27.173969491012425
 20
-9.206836981491136
 30
0.0
 11
27.081223249272163
 21
-9.856759170252914
 31
0.0
  0
LINE
  5
37F
330
17
100
AcDbEntity
  8
ENGRAVE_POLARS
100
AcDbLine
 10
27.081223249272163
 20
-9.856759170252914
 30
0.0
 11
26.97512541483843
 21
-10.417211020091854
 31
0.0
  0
LINE
  5
380
330
17
100
AcDbEntity
  8
ENGRAVE_POLARS
100
AcDbLine
 10
26.97512541483843
 20
-10.417211020091854
 30
0.0
 11
26.86189725110896
 21
-10.90968098363125
 31
0.0
  0
LINE
  5
381
330
17
100
AcDbEntity
  8
ENGRAVE_POLARS
100
AcDbLine
 10
26.86189725110896
 20
-10.90968098363125
 30
0.0
 11
26.739334163378984
 21
-11.344410806904964
 31
0.0
  0
LINE
  5
382
330
17
100
AcDbEntity
  8
ENGRAVE_POLARS
100
AcDbLine
 10
26.739334163378984
 20
-11.344410806904964
 30
0.0
 11
26.605231556943746
 21
-11.731642235946858
 31
0.0
  0
LINE
  5
383
330
17
100
AcDbEntity
  8
ENGRAVE_POLARS
100
AcDbLine
 10
26.605231556943746
 20
-11.731642235946858
 30
0.0
 11
26.457384837098488
 21
-12.081617016790796
 31
0.0
  0
LINE
  5
384
330
17
100
AcDbEntity
  8
ENGRAVE_POLARS
100
AcDbLine
 10
26.457384837098488
 20
-12.081617016790796
 30
0.0
 11
26.29358940913845
 21
-12.404576895470637
 31
0.0
  0
LINE
  5
385
330
17
100
AcDbEntity
  8
ENGRAVE_POLARS
100
AcDbLine
 10
26.29358940913845
 20
-12.404576895470637
 30
0.0
 11
26.111640678358867
 21
-12.710763618020245
 31
0.0
  0
LINE
  5
386
330
17
100
AcDbEntity
  8
ENGRAVE_POLARS
100
AcDbLine
 10
26.111640678358867
 20
-12.710763618020245
 30
0.0
 11
25.90933405005499
 21
-13.010418930473486
 31
0.0
  0
LINE
  5
387
330
17
100
AcDbEntity
  8
ENGRAVE_POLARS
100
AcDbLine
 10
25.90933405005499
 20
-13.010418930473486
 30
0.0
 11
25.684464929522058
 21
-13.313784578864219
 31
0.0
  0
LINE
  5
388
330
17
100
AcDbEntity
  8
ENGRAVE_POLARS
100
AcDbLine
 10
25.684464929522058
 20
-13.313784578864219
 30
0.0
 11
25.434828722055304
 21
-13.631102309226307
 31
0.0
  0
LINE
  5
389
330
17
100
AcDbEntity
  8
ENGRAVE_POLARS
100
AcDbLine
 10
25.434828722055304
 20
-13.631102309226307
 30
0.0
 11
25.15822083294997
 21
-13.97261386759361
 31
0.0
  0
LINE
  5
38A
330
17
100
AcDbEntity
  8
ENGRAVE_POLARS
100
AcDbLine
 10
25.15822083294997
 20
-13.97261386759361
 30
0.0
 11
24.8524366675013
 21
-14.348560999999995
 31
0.0
  0
LINE
  5
38B
330
17
100
AcDbEntity
  8
ENGRAVE_POLARS
100
AcDbLine
 10
24.8524366675013
 20
-14.348560999999995
 30
0.0
 11
24.51452312475291
 21
-14.758568638350644
 31
0.0
  0
LINE
  5
38C
330
17
100
AcDbEntity
  8
ENGRAVE_POLARS
100
AcDbLine
 10
24.51452312475291
 20
-14.758568638350644
 30
0.0
 11
24.14500597104683
 21
-15.191225289093735
 31
0.0
  0
LINE
  5
38D
330
17
100
AcDbEntity
  8
ENGRAVE_POLARS
100
AcDbLine
 10
24.14500597104683
 20
-15.191225289093735
 30
0.0
 11
23.746898912625944
 21
-15.640218060077617
 31
0.0
  0
LINE
  5
38E
330
17
100
AcDbEntity
  8
ENGRAVE_POLARS
100
AcDbLine
 10
23.746898912625944
 20
-15.640218060077617
 30
0.0
 11
23.323215655733126
 21
-16.099234059150643
 31
0.0
  0
LINE
  5
38F
330
17
100
AcDbEntity
  8
ENGRAVE_POLARS
100
AcDbLine
 10
23.323215655733126
 20
-16.099234059150643
 30
0.0
 11
22.87696990661124
 21
-16.561960394161165
 31
0.0
  0
LINE
  5
390
330
17
100
AcDbEntity
  8
ENGRAVE_POLARS
100
AcDbLine
 10
22.87696990661124
 20
-16.561960394161165
 30
0.0
 11
22.411175371503177
 21
-17.022084172957527
 31
0.0
  0
LINE
  5
391
330
17
100
AcDbEntity
  8
ENGRAVE_POLARS
100
AcDbLine
 10
22.411175371503177
 20
-17.022084172957527
 30
0.0
 11
21.928845756651807
 21
-17.473292503388073
 31
0.0
  0
LINE
  5
392
330
17
100
AcDbEntity
  8
ENGRAVE_POLARS
100
AcDbLine
 10
21.928845756651807
 20
-17.473292503388073
 30
0.0
 11
21.432994768300002
 21
-17.909272493301174
 31
0.0
  0
LINE
  5
393
330
17
100
AcDbEntity
  8
ENGRAVE_POLARS
100
AcDbLine
 10
21.432994768300002
 20
-17.909272493301174
 30
0.0
 11
20.926636112690648
 21
-18.323711250545163
 31
0.0
  0
LINE
  5
394
330
17
100
AcDbEntity
  8
ENGRAVE_POLARS
100
AcDbLine
 10
20.926636112690648
 20
-18.323711250545163
 30
0.0
 11
20.412783496066606
 21
-18.710295882968396
 31
0.0
  0
LINE
  5
395
330
17
100
AcDbEntity
  8
ENGRAVE_POLARS
100
AcDbLine
 10
20.412783496066606
 20
-18.710295882968396
 30
0.0
 11
19.89445062467076
 21
-19.062713498419217
 31
0.0
  0
LINE
  5
396
330
17
100
AcDbEntity
  8
ENGRAVE_POLARS
100
AcDbLine
 10
19.89445062467076
 20
-19.062713498419217
 30
0.0
 11
19.37465120474599
 21
-19.374651204745987
 31
0.0
  0
LINE
  5
397
330
17
100
AcDbEntity
  8
ENGRAVE_POLARS
100
AcDbLine
 10
19.37465120474599
 20
-19.374651204745987
 30
0.0
 11
18.823077305768294
 21
-19.649722890419287
 31
0.0
  0
LINE
  5
398
330
17
100
AcDbEntity
  8
ENGRAVE_POLARS
100
AcDbLine
 10
18.823077305768294
 20
-19.649722890419287
 30
0.0
 11
18.217154383321088
 21
-19.897115094085837
 31
0.0
  0
LINE
  5
399
330
17
100
AcDbEntity
  8
ENGRAVE_POLARS
100
AcDbLine
 10
18.217154383321088
 20
-19.897115094085837
 30
0.0
 11
17.57149622280835
 21
-20.11887389885818
 31
0.0
  0
LINE
  5
39A
330
17
100
AcDbEntity
  8
ENGRAVE_POLARS
100
AcDbLine
 10
17.57149622280835
 20
-20.11887389885818
 30
0.0
 11
16.90071660963407
 21
-20.317045387848875
 31
0.0
  0
LINE
  5
39B
330
17
100
AcDbEntity
  8
ENGRAVE_POLARS
100
AcDbLine
 10
16.90071660963407
 20
-20.317045387848875
 30
0.0
 11
16.219429329202242
 21
-20.49367564417046
 31
0.0
  0
LINE
  5
39C
330
17
100
AcDbEntity
  8
ENGRAVE_POLARS
100
AcDbLine
 10
16.219429329202242
 20
-20.49367564417046
 30
0.0
 11
15.542248166916837
 21
-20.65081075093548
 31
0.0
  0
LINE
  5
39D
330
17
100
AcDbEntity
  8
ENGRAVE_POLARS
100
AcDbLine
 10
15.542248166916837
 20
-20.65081075093548
 30
0.0
 11
14.883786908181847
 21
-20.79049679125649
 31
0.0
  0
LINE
  5
39E
330
17
100
AcDbEntity
  8
ENGRAVE_POLARS
100
AcDbLine
 10
14.883786908181847
 20
-20.79049679125649
 30
0.0
 11
14.258659338401257
 21
-20.91477984824604
 31
0.0
  0
LINE
  5
39F
330
17
100
AcDbEntity
  8
ENGRAVE_POLARS
100
AcDbLine
 10
14.258659338401257
 20
-20.91477984824604
 30
0.0
 11
13.681479242979053
 21
-21.025706005016673
 31
0.0
  0
LINE
  5
3A0
330
17
100
AcDbEntity
  8
ENGRAVE_POLARS
100
AcDbLine
 10
13.681479242979053
 20
-21.025706005016673
 30
0.0
 11
13.166860407319218
 21
-21.125321344680938
 31
0.0
  0
LINE
  5
3A1
330
17
100
AcDbEntity
  8
ENGRAVE_POLARS
100
AcDbLine
 10
13.166860407319218
 20
-21.125321344680938
 30
0.0
 11
12.72941661682574
 21
-21.215671950351375
 31
0.0
  0
LINE
  5
3A2
330
17
100
AcDbEntity
  8
ENGRAVE_POLARS
100
AcDbLine
 10
12.72941661682574
 20
-21.215671950351375
 30
0.0
 11
12.383761656902603
 21
-21.29880390514054
 31
0.0
  0
LINE
  5
3A3
330
17
100
AcDbEntity
  8
ENGRAVE_POLARS
100
AcDbLine
 10
12.383761656902603
 20
-21.29880390514054
 30
0.0
 11
12.15598518336828
 21
-21.36793802222669
 31
0.0
  0
LINE
  5
3A4
330
17
100
AcDbEntity
  8
ENGRAVE_POLARS
100
AcDbLine
 10
12.15598518336828
 20
-21.36793802222669
 30
0.0
 11
12.046747393121086
 21
-21.416528182964125
 31
0.0
  0
LINE
  5
3A5
330
17
100
AcDbEntity
  8
ENGRAVE_POLARS
100
AcDbLine
 10
12.046747393121086
 20
-21.416528182964125
 30
0.0
 11
12.032517883184775
 21
-21.44697007272943
 31
0.0
  0
LINE
  5
3A6
330
17
100
AcDbEntity
  8
ENGRAVE_POLARS
100
AcDbLine
 10
12.032517883184775
 20
-21.44697007272943
 30
0.0
 11
12.089766250583098
 21
-21.461659376899224
 31
0.0
  0
LINE
  5
3A7
330
17
100
AcDbEntity
  8
ENGRAVE_POLARS
100
AcDbLine
 10
12.089766250583098
 20
-21.461659376899224
 30
0.0
 11
12.194962092339807
 21
-21.462991780850096
 31
0.0
  0
LINE
  5
3A8
330
17
100
AcDbEntity
  8
ENGRAVE_POLARS
100
AcDbLine
 10
12.194962092339807
 20
-21.462991780850096
 30
0.0
 11
12.32457500547865
 21
-21.453362969958658
 31
0.0
  0
LINE
  5
3A9
330
17
100
AcDbEntity
  8
ENGRAVE_POLARS
100
AcDbLine
 10
12.32457500547865
 20
-21.453362969958658
 30
0.0
 11
12.45507458702338
 21
-21.435168629601502
 31
0.0
  0
LINE
  5
3AA
330
17
100
AcDbEntity
  8
ENGRAVE_POLARS
100
AcDbLine
 10
12.45507458702338
 20
-21.435168629601502
 30
0.0
 11
12.562930433997751
 21
-21.410804445155232
 31
0.0
  0
LINE
  5
3AB
330
17
100
AcDbEntity
  8
ENGRAVE_POLARS
100
AcDbLine
 10
12.562930433997751
 20
-21.410804445155232
 30
0.0
 11
12.624612143425516
 21
-21.382666101996456
 31
0.0
  0
LINE
  5
3AC
330
17
100
AcDbEntity
  8
ENGRAVE_POLARS
100
AcDbLine
 10
12.624612143425516
 20
-21.382666101996456
 30
0.0
 11
12.61658931233042
 21
-21.353149285501765
 31
0.0
  0
LINE
  5
3AD
330
17
100
AcDbEntity
  8
ENGRAVE_POLARS
100
AcDbLine
 10
12.61658931233042
 20
-21.353149285501765
 30
0.0
 11
12.515331537736218
 21
-21.32464968104776
 31
0.0
  0
LINE
  5
3AE
330
17
100
AcDbEntity
  8
ENGRAVE_POLARS
100
AcDbLine
 10
12.515331537736218
 20
-21.32464968104776
 30
0.0
 11
12.297308416666663
 21
-21.29956297401105
 31
0.0
  0
LINE
  5
3AF
330
17
100
AcDbEntity
  8
ENGRAVE_POLARS
100
AcDbLine
 10
12.297308416666663
 20
-21.29956297401105
 30
0.0
 11
11.965073046481963
 21
-21.274158309189747
 31
0.0
  0
LINE
  5
3B0
330
17
100
AcDbEntity
  8
ENGRAVE_POLARS
100
AcDbLine
 10
11.965073046481963
 20
-21.274158309189747
 30
0.0
 11
11.545919656021802
 21
-21.243448031044544
 31
0.0
  0
LINE
  5
3B1
330
17
100
AcDbEntity
  8
ENGRAVE_POLARS
100
AcDbLine
 10
11.545919656021802
 20
-21.243448031044544
 30
0.0
 11
11.053429539529123
 21
-21.207942624445902
 31
0.0
  0
LINE
  5
3B2
330
17
100
AcDbEntity
  8
ENGRAVE_POLARS
100
AcDbLine
 10
11.053429539529123
 20
-21.207942624445902
 30
0.0
 11
10.501183991246883
 21
-21.16815257426428
 31
0.0
  0
LINE
  5
3B3
330
17
100
AcDbEntity
  8
ENGRAVE_POLARS
100
AcDbLine
 10
10.501183991246883
 20
-21.16815257426428
 30
0.0
 11
9.902764305418039
 21
-21.12458836537015
 31
0.0
  0
LINE
  5
3B4
330
17
100
AcDbEntity
  8
ENGRAVE_POLARS
100
AcDbLine
 10
9.902764305418039
 20
-21.12458836537015
 30
0.0
 11
9.271751776285534
 21
-21.077760482633973
 31
0.0
  0
LINE
  5
3B5
330
17
100
AcDbEntity
  8
ENGRAVE_POLARS
100
AcDbLine
 10
9.271751776285534
 20
-21.077760482633973
 30
0.0
 11
8.621727698092325
 21
-21.028179410926207
 31
0.0
  0
LINE
  5
3B6
330
17
100
AcDbEntity
  8
ENGRAVE_POLARS
100
AcDbLine
 10
8.621727698092325
 20
-21.028179410926207
 30
0.0
 11
7.966273365081362
 21
-20.976355635117315
 31
0.0
  0
LINE
  5
3B7
330
17
100
AcDbEntity
  8
ENGRAVE_POLARS
100
AcDbLine
 10
7.966273365081362
 20
-20.976355635117315
 30
0.0
 11
7.3189700714956
 21
-20.922799640077766
 31
0.0
  0
LINE
  5
3B8
330
17
100
AcDbEntity
  8
ENGRAVE_POLARS
100
AcDbLine
 10
7.3189700714956
 20
-20.922799640077766
 30
0.0
 11
6.693399111577987
 21
-20.868021910678014
 31
0.0
  0
LINE
  5
3B9
330
17
100
AcDbEntity
  8
ENGRAVE_POLARS
100
AcDbLine
 10
6.693399111577987
 20
-20.868021910678014
 30
0.0
 11
6.103141779571477
 21
-20.812532931788528
 31
0.0
  0
LINE
  5
3BA
330
17
100
AcDbEntity
  8
ENGRAVE_POLARS
100
AcDbLine
 10
6.103141779571477
 20
-20.812532931788528
 30
0.0
 11
5.561779369719021
 21
-20.756843188279774
 31
0.0
  0
LINE
  5
3BB
330
17
100
AcDbEntity
  8
ENGRAVE_POLARS
100
AcDbLine
 10
5.561779369719021
 20
-20.756843188279774
 30
0.0
 11
5.039500509044643
 21
-20.697041840116015
 31
0.0
  0
LINE
  5
3BC
330
17
100
AcDbEntity
  8
ENGRAVE_POLARS
100
AcDbLine
 10
5.039500509044643
 20
-20.697041840116015
 30
0.0
 11
4.50251836648041
 21
-20.630083278324918
 31
0.0
  0
LINE
  5
3BD
330
17
100
AcDbEntity
  8
ENGRAVE_POLARS
100
AcDbLine
 10
4.50251836648041
 20
-20.630083278324918
 30
0.0
 11
3.9584510491313396
 21
-20.557775834372045
 31
0.0
  0
LINE
  5
3BE
330
17
100
AcDbEntity
  8
ENGRAVE_POLARS
100
AcDbLine
 10
3.9584510491313396
 20
-20.557775834372045
 30
0.0
 11
3.4149166641024498
 21
-20.481927839722953
 31
0.0
  0
LINE
  5
3BF
330
17
100
AcDbEntity
  8
ENGRAVE_POLARS
100
AcDbLine
 10
3.4149166641024498
 20
-20.481927839722953
 30
0.0
 11
2.8795333184987584
 21
-20.404347625843204
 31
0.0
  0
LINE
  5
3C0
330
17
100
AcDbEntity
  8
ENGRAVE_POLARS
100
AcDbLine
 10
2.8795333184987584
 20
-20.404347625843204
 30
0.0
 11
2.359919119425284
 21
-20.326843524198352
 31
0.0
  0
LINE
  5
3C1
330
17
100
AcDbEntity
  8
ENGRAVE_POLARS
100
AcDbLine
 10
2.359919119425284
 20
-20.326843524198352
 30
0.0
 11
1.863692173987044
 21
-20.251223866253945
 31
0.0
  0
LINE
  5
3C2
330
17
100
AcDbEntity
  8
ENGRAVE_POLARS
100
AcDbLine
 10
1.863692173987044
 20
-20.251223866253945
 30
0.0
 11
1.3984705892890574
 21
-20.179296983475563
 31
0.0
  0
LINE
  5
3C3
330
17
100
AcDbEntity
  8
ENGRAVE_POLARS
100
AcDbLine
 10
1.3984705892890574
 20
-20.179296983475563
 30
0.0
 11
0.9718724724363427
 21
-20.11287120732875
 31
0.0
  0
LINE
  5
3C4
330
17
100
AcDbEntity
  8
ENGRAVE_POLARS
100
AcDbLine
 10
0.9718724724363427
 20
-20.11287120732875
 30
0.0
 11
0.5915159305339162
 21
-20.05375486927907
 31
0.0
  0
LINE
  5
3C5
330
17
100
AcDbEntity
  8
ENGRAVE_POLARS
100
AcDbLine
 10
0.5915159305339162
 20
-20.05375486927907
 30
0.0
 11
0.26501907068679637
 21
-20.003756300792077
 31
0.0
  0
LINE
  5
3C6
330
17
100
AcDbEntity
  8
ENGRAVE_POLARS
100
AcDbLine
 10
0.26501907068679637
 20
-20.003756300792077
 30
0.0
 11
2.4449686152480575e-15
 21
-19.964683833333332
 31
0.0
  0
LINE
  5
3C7
330
17
100
AcDbEntity
  8
ENGRAVE_POLARS
100
AcDbLine
 10
-14.597322318301774
 20
18.011789075416164
 30
0.0
 11
-14.888603124341673
 21
17.914051187423834
 31
0.0
  0
LINE
  5
3C8
330
17
100
AcDbEntity
  8
ENGRAVE_POLARS
100
AcDbLine
 10
-14.888603124341673
 20
17.914051187423834
 30
0.0
 11
-15.267031888869177
 21
17.794215535998138
 31
0.0
  0
LINE
  5
3C9
330
17
100
AcDbEntity
  8
ENGRAVE_POLARS
100
AcDbLine
 10
-15.267031888869177
 20
17.794215535998138
 30
0.0
 11
-15.717032333159972
 21
17.654880097044245
 31
0.0
  0
LINE
  5
3CA
330
17
100
AcDbEntity
  8
ENGRAVE_POLARS
100
AcDbLine
 10
-15.717032333159972
 20
17.654880097044245
 30
0.0
 11
-16.223028178489745
 21
17.498642846467305
 31
0.0
  0
LINE
  5
3CB
330
17
100
AcDbEntity
  8
ENGRAVE_POLARS
100
AcDbLine
 10
-16.223028178489745
 20
17.498642846467305
 30
0.0
 11
-16.76944314613418
 21
17.328101760172498
 31
0.0
  0
LINE
  5
3CC
330
17
100
AcDbEntity
  8
ENGRAVE_POLARS
100
AcDbLine
 10
-16.76944314613418
 20
17.328101760172498
 30
0.0
 11
-17.340700957368973
 21
17.14585481406497
 31
0.0
  0
LINE
  5
3CD
330
17
100
AcDbEntity
  8
ENGRAVE_POLARS
100
AcDbLine
 10
-17.340700957368973
 20
17.14585481406497
 30
0.0
 11
-17.921225333469803
 21
16.95449998404989
 31
0.0
  0
LINE
  5
3CE
330
17
100
AcDbEntity
  8
ENGRAVE_POLARS
100
AcDbLine
 10
-17.921225333469803
 20
16.95449998404989
 30
0.0
 11
-18.495439995712363
 21
16.756635246032417
 31
0.0
  0
LINE
  5
3CF
330
17
100
AcDbEntity
  8
ENGRAVE_POLARS
100
AcDbLine
 10
-18.495439995712363
 20
16.756635246032417
 30
0.0
 11
-19.047768665372338
 21
16.55485857591772
 31
0.0
  0
LINE
  5
3D0
330
17
100
AcDbEntity
  8
ENGRAVE_POLARS
100
AcDbLine
 10
-19.047768665372338
 20
16.55485857591772
 30
0.0
 11
-19.562635063725413
 21
16.351767949610952
 31
0.0
  0
LINE
  5
3D1
330
17
100
AcDbEntity
  8
ENGRAVE_POLARS
100
AcDbLine
 10
-19.562635063725413
 20
16.351767949610952
 30
0.0
 11
-20.024462912047277
 21
16.14996134301728
 31
0.0
  0
LINE
  5
3D2
330
17
100
AcDbEntity
  8
ENGRAVE_POLARS
100
AcDbLine
 10
-20.024462912047277
 20
16.14996134301728
 30
0.0
 11
-20.417675931613623
 21
15.952036732041872
 31
0.0
  0
LINE
  5
3D3
330
17
100
AcDbEntity
  8
ENGRAVE_POLARS
100
AcDbLine
 10
-20.417675931613623
 20
15.952036732041872
 30
0.0
 11
-20.751402481179362
 21
15.757768285256848
 31
0.0
  0
LINE
  5
3D4
330
17
100
AcDbEntity
  8
ENGRAVE_POLARS
100
AcDbLine
 10
-20.751402481179362
 20
15.757768285256848
 30
0.0
 11
-21.04844382037869
 21
15.56417813622066
 31
0.0
  0
LINE
  5
3D5
330
17
100
AcDbEntity
  8
ENGRAVE_POLARS
100
AcDbLine
 10
-21.04844382037869
 20
15.56417813622066
 30
0.0
 11
-21.31373302180622
 21
15.369736208317956
 31
0.0
  0
LINE
  5
3D6
330
17
100
AcDbEntity
  8
ENGRAVE_POLARS
100
AcDbLine
 10
-21.31373302180622
 20
15.369736208317956
 30
0.0
 11
-21.55220315805656
 21
15.17291242493338
 31
0.0
  0
LINE
  5
3D7
330
17
100
AcDbEntity
  8
ENGRAVE_POLARS
100
AcDbLine
 10
-21.55220315805656
 20
15.17291242493338
 30
0.0
 11
-21.768787301724316
 21
14.972176709451572
 31
0.0
  0
LINE
  5
3D8
330
17
100
AcDbEntity
  8
ENGRAVE_POLARS
100
AcDbLine
 10
-21.768787301724316
 20
14.972176709451572
 30
0.0
 11
-21.96841852540409
 21
14.765998985257184
 31
0.0
  0
LINE
  5
3D9
330
17
100
AcDbEntity
  8
ENGRAVE_POLARS
100
AcDbLine
 10
-21.96841852540409
 20
14.765998985257184
 30
0.0
 11
-22.156029901690495
 21
14.552849175734853
 31
0.0
  0
LINE
  5
3DA
330
17
100
AcDbEntity
  8
ENGRAVE_POLARS
100
AcDbLine
 10
-22.156029901690495
 20
14.552849175734853
 30
0.0
 11
-22.336554503178135
 21
14.331197204269227
 31
0.0
  0
LINE
  5
3DB
330
17
100
AcDbEntity
  8
ENGRAVE_POLARS
100
AcDbLine
 10
-22.336554503178135
 20
14.331197204269227
 30
0.0
 11
-22.514925402461625
 21
14.099512994244954
 31
0.0
  0
LINE
  5
3DC
330
17
100
AcDbEntity
  8
ENGRAVE_POLARS
100
AcDbLine
 10
-22.514925402461625
 20
14.099512994244954
 30
0.0
 11
-22.696075672135567
 21
13.856266469046671
 31
0.0
  0
LINE
  5
3DD
330
17
100
AcDbEntity
  8
ENGRAVE_POLARS
100
AcDbLine
 10
-22.696075672135567
 20
13.856266469046671
 30
0.0
 11
-22.884938384794566
 21
13.599927552059029
 31
0.0
  0
LINE
  5
3DE
330
17
100
AcDbEntity
  8
ENGRAVE_POLARS
100
AcDbLine
 10
-22.884938384794566
 20
13.599927552059029
 30
0.0
 11
-23.08644661303324
 21
13.32896616666667
 31
0.0
  0
LINE
  5
3DF
330
17
100
AcDbEntity
  8
ENGRAVE_POLARS
100
AcDbLine
 10
-23.08644661303324
 20
13.32896616666667
 30
0.0
 11
-23.29886922205206
 21
13.0347300777638
 31
0.0
  0
LINE
  5
3E0
330
17
100
AcDbEntity
  8
ENGRAVE_POLARS
100
AcDbLine
 10
-23.29886922205206
 20
13.0347300777638
 30
0.0
 11
-23.51572304687541
 21
12.713382492045302
 31
0.0
  0
LINE
  5
3E1
330
17
100
AcDbEntity
  8
ENGRAVE_POLARS
100
AcDbLine
 10
-23.51572304687541
 20
12.713382492045302
 30
0.0
 11
-23.73481311483373
 21
12.370616495596838
 31
0.0
  0
LINE
  5
3E2
330
17
100
AcDbEntity
  8
ENGRAVE_POLARS
100
AcDbLine
 10
-23.73481311483373
 20
12.370616495596838
 30
0.0
 11
-23.953944453257453
 21
12.012125174504058
 31
0.0
  0
LINE
  5
3E3
330
17
100
AcDbEntity
  8
ENGRAVE_POLARS
100
AcDbLine
 10
-23.953944453257453
 20
12.012125174504058
 30
0.0
 11
-24.17092208947702
 21
11.643601614852633
 31
0.0
  0
LINE
  5
3E4
330
17
100
AcDbEntity
  8
ENGRAVE_POLARS
100
AcDbLine
 10
-24.17092208947702
 20
11.643601614852633
 30
0.0
 11
-24.383551050822874
 21
11.270738902728215
 31
0.0
  0
LINE
  5
3E5
330
17
100
AcDbEntity
  8
ENGRAVE_POLARS
100
AcDbLine
 10
-24.383551050822874
 20
11.270738902728215
 30
0.0
 11
-24.589636364625445
 21
10.899230124216464
 31
0.0
  0
LINE
  5
3E6
330
17
100
AcDbEntity
  8
ENGRAVE_POLARS
100
AcDbLine
 10
-24.589636364625445
 20
10.899230124216464
 30
0.0
 11
-24.786983058215185
 21
10.534768365403039
 31
0.0
  0
LINE
  5
3E7
330
17
100
AcDbEntity
  8
ENGRAVE_POLARS
100
AcDbLine
 10
-24.786983058215185
 20
10.534768365403039
 30
0.0
 11
-24.97339615892253
 21
10.183046712373605
 31
0.0
  0
LINE
  5
3E8
330
17
100
AcDbEntity
  8
ENGRAVE_POLARS
100
AcDbLine
 10
-24.97339615892253
 20
10.183046712373605
 30
0.0
 11
-25.14668069407791
 21
9.849758251213808
 31
0.0
  0
LINE
  5
3E9
330
17
100
AcDbEntity
  8
ENGRAVE_POLARS
100
AcDbLine
 10
-25.14668069407791
 20
9.849758251213808
 30
0.0
 11
-25.304641691011778
 21
9.540596068009318
 31
0.0
  0
LINE
  5
3EA
330
17
100
AcDbEntity
  8
ENGRAVE_POLARS
100
AcDbLine
 10
-25.304641691011778
 20
9.540596068009318
 30
0.0
 11
-25.445084177054557
 21
9.26125324884579
 31
0.0
  0
LINE
  5
3EB
330
17
100
AcDbEntity
  8
ENGRAVE_POLARS
100
AcDbLine
 10
-25.445084177054557
 20
9.26125324884579
 30
0.0
 11
-25.56640316225056
 21
9.011177273986434
 31
0.0
  0
LINE
  5
3EC
330
17
100
AcDbEntity
  8
ENGRAVE_POLARS
100
AcDbLine
 10
-25.56640316225056
 20
9.011177273986434
 30
0.0
 11
-25.66997180499476
 21
8.783805900596215
 31
0.0
  0
LINE
  5
3ED
330
17
100
AcDbEntity
  8
ENGRAVE_POLARS
100
AcDbLine
 10
-25.66997180499476
 20
8.783805900596215
 30
0.0
 11
-25.758062355143636
 21
8.575817630113407
 31
0.0
  0
LINE
  5
3EE
330
17
100
AcDbEntity
  8
ENGRAVE_POLARS
100
AcDbLine
 10
-25.758062355143636
 20
8.575817630113407
 30
0.0
 11
-25.83294706255364
 21
8.383890963976306
 31
0.0
  0
LINE
  5
3EF
330
17
100
AcDbEntity
  8
ENGRAVE_POLARS
100
AcDbLine
 10
-25.83294706255364
 20
8.383890963976306
 30
0.0
 11
-25.896898177081255
 21
8.20470440362319
 31
0.0
  0
LINE
  5
3F0
330
17
100
AcDbEntity
  8
ENGRAVE_POLARS
100
AcDbLine
 10
-25.896898177081255
 20
8.20470440362319
 30
0.0
 11
-25.95218794858293
 21
8.03493645049234
 31
0.0
  0
LINE
  5
3F1
330
17
100
AcDbEntity
  8
ENGRAVE_POLARS
100
AcDbLine
 10
-25.95218794858293
 20
8.03493645049234
 30
0.0
 11
-26.001088626915145
 21
7.871265606022045
 31
0.0
  0
LINE
  5
3F2
330
17
100
AcDbEntity
  8
ENGRAVE_POLARS
100
AcDbLine
 10
-26.001088626915145
 20
7.871265606022045
 30
0.0
 11
-26.045872461934362
 21
7.710370371650586
 31
0.0
  0
LINE
  5
3F3
330
17
100
AcDbEntity
  8
ENGRAVE_POLARS
100
AcDbLine
 10
-26.045872461934362
 20
7.710370371650586
 30
0.0
 11
-26.088811703497047
 21
7.5489292488162505
 31
0.0
  0
LINE
  5
3F4
330
17
100
AcDbEntity
  8
ENGRAVE_POLARS
100
AcDbLine
 10
-26.088811703497047
 20
7.5489292488162505
 30
0.0
 11
-26.132178601459668
 21
7.38362073895732
 31
0.0
  0
LINE
  5
3F5
330
17
100
AcDbEntity
  8
ENGRAVE_POLARS
100
AcDbLine
 10
-26.132178601459668
 20
7.38362073895732
 30
0.0
 11
-26.178245405678688
 21
7.211123343512075
 31
0.0
  0
LINE
  5
3F6
330
17
100
AcDbEntity
  8
ENGRAVE_POLARS
100
AcDbLine
 10
-26.178245405678688
 20
7.211123343512075
 30
0.0
 11
-26.229284366010578
 21
7.0281155639188055
 31
0.0
  0
LINE
  5
3F7
330
17
100
AcDbEntity
  8
ENGRAVE_POLARS
100
AcDbLine
 10
-26.229284366010578
 20
7.0281155639188055
 30
0.0
 11
-26.28159405888949
 21
6.845875890443698
 31
0.0
  0
LINE
  5
3F8
330
17
100
AcDbEntity
  8
ENGRAVE_POLARS
100
AcDbLine
 10
-26.28159405888949
 20
6.845875890443698
 30
0.0
 11
-26.330340214930104
 21
6.675204997141654
 31
0.0
  0
LINE
  5
3F9
330
17
100
AcDbEntity
  8
ENGRAVE_POLARS
100
AcDbLine
 10
-26.330340214930104
 20
6.675204997141654
 30
0.0
 11
-26.376095815259678
 21
6.512064661134025
 31
0.0
  0
LINE
  5
3FA
330
17
100
AcDbEntity
  8
ENGRAVE_POLARS
100
AcDbLine
 10
-26.376095815259678
 20
6.512064661134025
 30
0.0
 11
-26.419433841005457
 21
6.3524166595421665
 31
0.0
  0
LINE
  5
3FB
330
17
100
AcDbEntity
  8
ENGRAVE_POLARS
100
AcDbLine
 10
-26.419433841005457
 20
6.3524166595421665
 30
0.0
 11
-26.460927273294715
 21
6.1922227694874294
 31
0.0
  0
LINE
  5
3FC
330
17
100
AcDbEntity
  8
ENGRAVE_POLARS
100
AcDbLine
 10
-26.460927273294715
 20
6.1922227694874294
 30
0.0
 11
-26.501149093254696
 21
6.027444768091165
 31
0.0
  0
LINE
  5
3FD
330
17
100
AcDbEntity
  8
ENGRAVE_POLARS
100
AcDbLine
 10
-26.501149093254696
 20
6.027444768091165
 30
0.0
 11
-26.540672282012647
 21
5.854044432474725
 31
0.0
  0
LINE
  5
3FE
330
17
100
AcDbEntity
  8
ENGRAVE_POLARS
100
AcDbLine
 10
-26.540672282012647
 20
5.854044432474725
 30
0.0
 11
-26.580069820695837
 21
5.667983539759463
 31
0.0
  0
LINE
  5
3FF
330
17
100
AcDbEntity
  8
ENGRAVE_POLARS
100
AcDbLine
 10
-26.580069820695837
 20
5.667983539759463
 30
0.0
 11
-26.61991469043152
 21
5.465223867066733
 31
0.0
  0
LINE
  5
400
330
17
100
AcDbEntity
  8
ENGRAVE_POLARS
100
AcDbLine
 10
-26.61991469043152
 20
5.465223867066733
 30
0.0
 11
-26.660779872346943
 21
5.241727191517884
 31
0.0
  0
LINE
  5
401
330
17
100
AcDbEntity
  8
ENGRAVE_POLARS
100
AcDbLine
 10
-26.660779872346943
 20
5.241727191517884
 30
0.0
 11
-26.703238347569368
 21
4.9934552902342695
 31
0.0
  0
LINE
  5
402
330
17
100
AcDbEntity
  8
ENGRAVE_POLARS
100
AcDbLine
 10
-26.703238347569368
 20
4.9934552902342695
 30
0.0
 11
-26.74786309722605
 21
4.716369940337242
 31
0.0
  0
LINE
  5
403
330
17
100
AcDbEntity
  8
ENGRAVE_POLARS
100
AcDbLine
 10
-26.74786309722605
 20
4.716369940337242
 30
0.0
 11
-26.796840819138332
 21
4.423889986934285
 31
0.0
  0
LINE
  5
404
330
17
100
AcDbEntity
  8
ENGRAVE_POLARS
100
AcDbLine
 10
-26.796840819138332
 20
4.423889986934285
 30
0.0
 11
-26.850937977962786
 21
4.128960029143235
 31
0.0
  0
LINE
  5
405
330
17
100
AcDbEntity
  8
ENGRAVE_POLARS
100
AcDbLine
 10
-26.850937977962786
 20
4.128960029143235
 30
0.0
 11
-26.908597205079527
 21
3.8268304751009636
 31
0.0
  0
LINE
  5
406
330
17
100
AcDbEntity
  8
ENGRAVE_POLARS
100
AcDbLine
 10
-26.908597205079527
 20
3.8268304751009636
 30
0.0
 11
-26.968261131868655
 21
3.5127517329443476
 31
0.0
  0
LINE
  5
407
330
17
100
AcDbEntity
  8
ENGRAVE_POLARS
100
AcDbLine
 10
-26.968261131868655
 20
3.5127517329443476
 30
0.0
 11
-27.028372389710277
 21
3.181974210810262
 31
0.0
  0
LINE
  5
408
330
17
100
AcDbEntity
  8
ENGRAVE_POLARS
100
AcDbLine
 10
-27.028372389710277
 20
3.181974210810262
 30
0.0
 11
-27.087373609984482
 21
2.8297483168355817
 31
0.0
  0
LINE
  5
409
330
17
100
AcDbEntity
  8
ENGRAVE_POLARS
100
AcDbLine
 10
-27.087373609984482
 20
2.8297483168355817
 30
0.0
 11
-27.143707424071387
 21
2.4513244591571803
 31
0.0
  0
LINE
  5
40A
330
17
100
AcDbEntity
  8
ENGRAVE_POLARS
100
AcDbLine
 10
-27.143707424071387
 20
2.4513244591571803
 30
0.0
 11
-27.195816463351093
 21
2.041953045911934
 31
0.0
  0
LINE
  5
40B
330
17
100
AcDbEntity
  8
ENGRAVE_POLARS
100
AcDbLine
 10
-27.195816463351093
 20
2.041953045911934
 30
0.0
 11
-27.242143359203705
 21
1.5968844852367188
 31
0.0
  0
LINE
  5
40C
330
17
100
AcDbEntity
  8
ENGRAVE_POLARS
100
AcDbLine
 10
-27.242143359203705
 20
1.5968844852367188
 30
0.0
 11
-27.281130743009328
 21
1.1113691852684078
 31
0.0
  0
LINE
  5
40D
330
17
100
AcDbEntity
  8
ENGRAVE_POLARS
100
AcDbLine
 10
-27.281130743009328
 20
1.1113691852684078
 30
0.0
 11
-27.311221246148058
 21
0.5806575541438771
 31
0.0
  0
LINE
  5
40E
330
17
100
AcDbEntity
  8
ENGRAVE_POLARS
100
AcDbLine
 10
-27.311221246148058
 20
0.5806575541438771
 30
0.0
 11
-27.330857500000004
 21
1.6735323577663719e-15
 31
0.0
  0
LINE
  5
40F
330
17
100
AcDbEntity
  8
ENGRAVE_POLARS
100
AcDbLine
 10
-27.330857500000004
 20
1.6735323577663719e-15
 30
0.0
 11
-27.345505670863886
 21
-0.6584994429857064
 31
0.0
  0
LINE
  5
410
330
17
100
AcDbEntity
  8
ENGRAVE_POLARS
100
AcDbLine
 10
-27.345505670863886
 20
-0.6584994429857064
 30
0.0
 11
-27.360343175787868
 21
-1.4074113801223298
 31
0.0
  0
LINE
  5
411
330
17
100
AcDbEntity
  8
ENGRAVE_POLARS
100
AcDbLine
 10
-27.360343175787868
 20
-1.4074113801223298
 30
0.0
 11
-27.37337952227621
 21
-2.2284973625028868
 31
0.0
  0
LINE
  5
412
330
17
100
AcDbEntity
  8
ENGRAVE_POLARS
100
AcDbLine
 10
-27.37337952227621
 20
-2.2284973625028868
 30
0.0
 11
-27.382624217833186
 21
-3.103518941220396
 31
0.0
  0
LINE
  5
413
330
17
100
AcDbEntity
  8
ENGRAVE_POLARS
100
AcDbLine
 10
-27.382624217833186
 20
-3.103518941220396
 30
0.0
 11
-27.38608676996308
 21
-4.014237667367874
 31
0.0
  0
LINE
  5
414
330
17
100
AcDbEntity
  8
ENGRAVE_POLARS
100
AcDbLine
 10
-27.38608676996308
 20
-4.014237667367874
 30
0.0
 11
-27.381776686170134
 21
-4.942415092038342
 31
0.0
  0
LINE
  5
415
330
17
100
AcDbEntity
  8
ENGRAVE_POLARS
100
AcDbLine
 10
-27.381776686170134
 20
-4.942415092038342
 30
0.0
 11
-27.36770347395863
 21
-5.869812766324815
 31
0.0
  0
LINE
  5
416
330
17
100
AcDbEntity
  8
ENGRAVE_POLARS
100
AcDbLine
 10
-27.36770347395863
 20
-5.869812766324815
 30
0.0
 11
-27.341876640832844
 21
-6.778192241320314
 31
0.0
  0
LINE
  5
417
330
17
100
AcDbEntity
  8
ENGRAVE_POLARS
100
AcDbLine
 10
-27.341876640832844
 20
-6.778192241320314
 30
0.0
 11
-27.302305694297033
 21
-7.649315068117854
 31
0.0
  0
LINE
  5
418
330
17
100
AcDbEntity
  8
ENGRAVE_POLARS
100
AcDbLine
 10
-27.302305694297033
 20
-7.649315068117854
 30
0.0
 11
-27.24700014185547
 21
-8.464942797810455
 31
0.0
  0
LINE
  5
419
330
17
100
AcDbEntity
  8
ENGRAVE_POLARS
100
AcDbLine
 10
-27.24700014185547
 20
-8.464942797810455
 30
0.0
 11
-27.173969491012425
 21
-9.206836981491136
 31
0.0
  0
LINE
  5
41A
330
17
100
AcDbEntity
  8
ENGRAVE_POLARS
100
AcDbLine
 10
-27.173969491012425
 20
-9.206836981491136
 30
0.0
 11
-27.081223249272163
 21
-9.856759170252914
 31
0.0
  0
LINE
  5
41B
330
17
100
AcDbEntity
  8
ENGRAVE_POLARS
100
AcDbLine
 10
-27.081223249272163
 20
-9.856759170252914
 30
0.0
 11
-26.97512541483843
 21
-10.417211020091854
 31
0.0
  0
LINE
  5
41C
330
17
100
AcDbEntity
  8
ENGRAVE_POLARS
100
AcDbLine
 10
-26.97512541483843
 20
-10.417211020091854
 30
0.0
 11
-26.86189725110896
 21
-10.90968098363125
 31
0.0
  0
LINE
  5
41D
330
17
100
AcDbEntity
  8
ENGRAVE_POLARS
100
AcDbLine
 10
-26.86189725110896
 20
-10.90968098363125
 30
0.0
 11
-26.739334163378984
 21
-11.344410806904964
 31
0.0
  0
LINE
  5
41E
330
17
100
AcDbEntity
  8
ENGRAVE_POLARS
100
AcDbLine
 10
-26.739334163378984
 20
-11.344410806904964
 30
0.0
 11
-26.605231556943746
 21
-11.731642235946858
 31
0.0
  0
LINE
  5
41F
330
17
100
AcDbEntity
  8
ENGRAVE_POLARS
100
AcDbLine
 10
-26.605231556943746
 20
-11.731642235946858
 30
0.0
 11
-26.457384837098488
 21
-12.081617016790796
 31
0.0
  0
LINE
  5
420
330
17
100
AcDbEntity
  8
ENGRAVE_POLARS
100
AcDbLine
 10
-26.457384837098488
 20
-12.081617016790796
 30
0.0
 11
-26.29358940913845
 21
-12.404576895470637
 31
0.0
  0
LINE
  5
421
330
17
100
AcDbEntity
  8
ENGRAVE_POLARS
100
AcDbLine
 10
-26.29358940913845
 20
-12.404576895470637
 30
0.0
 11
-26.111640678358867
 21
-12.710763618020245
 31
0.0
  0
LINE
  5
422
330
17
100
AcDbEntity
  8
ENGRAVE_POLARS
100
AcDbLine
 10
-26.111640678358867
 20
-12.710763618020245
 30
0.0
 11
-25.90933405005499
 21
-13.010418930473486
 31
0.0
  0
LINE
  5
423
330
17
100
AcDbEntity
  8
ENGRAVE_POLARS
100
AcDbLine
 10
-25.90933405005499
 20
-13.010418930473486
 30
0.0
 11
-25.684464929522058
 21
-13.313784578864219
 31
0.0
  0
LINE
  5
424
330
17
100
AcDbEntity
  8
ENGRAVE_POLARS
100
AcDbLine
 10
-25.684464929522058
 20
-13.313784578864219
 30
0.0
 11
-25.434828722055304
 21
-13.631102309226307
 31
0.0
  0
LINE
  5
425
330
17
100
AcDbEntity
  8
ENGRAVE_POLARS
100
AcDbLine
 10
-25.434828722055304
 20
-13.631102309226307
 30
0.0
 11
-25.15822083294997
 21
-13.97261386759361
 31
0.0
  0
LINE
  5
426
330
17
100
AcDbEntity
  8
ENGRAVE_POLARS
100
AcDbLine
 10
-25.15822083294997
 20
-13.97261386759361
 30
0.0
 11
-24.8524366675013
 21
-14.348560999999995
 31
0.0
  0
LINE
  5
427
330
17
100
AcDbEntity
  8
ENGRAVE_POLARS
100
AcDbLine
 10
-24.8524366675013
 20
-14.348560999999995
 30
0.0
 11
-24.51452312475291
 21
-14.758568638350644
 31
0.0
  0
LINE
  5
428
330
17
100
AcDbEntity
  8
ENGRAVE_POLARS
100
AcDbLine
 10
-24.51452312475291
 20
-14.758568638350644
 30
0.0
 11
-24.14500597104683
 21
-15.191225289093735
 31
0.0
  0
LINE
  5
429
330
17
100
AcDbEntity
  8
ENGRAVE_POLARS
100
AcDbLine
 10
-24.14500597104683
 20
-15.191225289093735
 30
0.0
 11
-23.746898912625944
 21
-15.640218060077617
 31
0.0
  0
LINE
  5
42A
330
17
100
AcDbEntity
  8
ENGRAVE_POLARS
100
AcDbLine
 10
-23.746898912625944
 20
-15.640218060077617
 30
0.0
 11
-23.323215655733126
 21
-16.099234059150643
 31
0.0
  0
LINE
  5
42B
330
17
100
AcDbEntity
  8
ENGRAVE_POLARS
100
AcDbLine
 10
-23.323215655733126
 20
-16.099234059150643
 30
0.0
 11
-22.87696990661124
 21
-16.561960394161165
 31
0.0
  0
LINE
  5
42C
330
17
100
AcDbEntity
  8
ENGRAVE_POLARS
100
AcDbLine
 10
-22.87696990661124
 20
-16.561960394161165
 30
0.0
 11
-22.411175371503177
 21
-17.022084172957527
 31
0.0
  0
LINE
  5
42D
330
17
100
AcDbEntity
  8
ENGRAVE_POLARS
100
AcDbLine
 10
-22.411175371503177
 20
-17.022084172957527
 30
0.0
 11
-21.928845756651807
 21
-17.473292503388073
 31
0.0
  0
LINE
  5
42E
330
17
100
AcDbEntity
  8
ENGRAVE_POLARS
100
AcDbLine
 10
-21.928845756651807
 20
-17.473292503388073
 30
0.0
 11
-21.432994768300002
 21
-17.909272493301174
 31
0.0
  0
LINE
  5
42F
330
17
100
AcDbEntity
  8
ENGRAVE_POLARS
100
AcDbLine
 10
-21.432994768300002
 20
-17.909272493301174
 30
0.0
 11
-20.926636112690648
 21
-18.323711250545163
 31
0.0
  0
LINE
  5
430
330
17
100
AcDbEntity
  8
ENGRAVE_POLARS
100
AcDbLine
 10
-20.926636112690648
 20
-18.323711250545163
 30
0.0
 11
-20.412783496066606
 21
-18.710295882968396
 31
0.0
  0
LINE
  5
431
330
17
100
AcDbEntity
  8
ENGRAVE_POLARS
100
AcDbLine
 10
-20.412783496066606
 20
-18.710295882968396
 30
0.0
 11
-19.89445062467076
 21
-19.062713498419217
 31
0.0
  0
LINE
  5
432
330
17
100
AcDbEntity
  8
ENGRAVE_POLARS
100
AcDbLine
 10
-19.89445062467076
 20
-19.062713498419217
 30
0.0
 11
-19.37465120474599
 21
-19.374651204745987
 31
0.0
  0
LINE
  5
433
330
17
100
AcDbEntity
  8
ENGRAVE_POLARS
100
AcDbLine
 10
-19.37465120474599
 20
-19.374651204745987
 30
0.0
 11
-18.823077305768294
 21
-19.649722890419287
 31
0.0
  0
LINE
  5
434
330
17
100
AcDbEntity
  8
ENGRAVE_POLARS
100
AcDbLine
 10
-18.823077305768294
 20
-19.649722890419287
 30
0.0
 11
-18.217154383321088
 21
-19.897115094085837
 31
0.0
  0
LINE
  5
435
330
17
100
AcDbEntity
  8
ENGRAVE_POLARS
100
AcDbLine
 10
-18.217154383321088
 20
-19.897115094085837
 30
0.0
 11
-17.57149622280835
 21
-20.11887389885818
 31
0.0
  0
LINE
  5
436
330
17
100
AcDbEntity
  8
ENGRAVE_POLARS
100
AcDbLine
 10
-17.57149622280835
 20
-20.11887389885818
 30
0.0
 11
-16.90071660963407
 21
-20.317045387848875
 31
0.0
  0
LINE
  5
437
330
17
100
AcDbEntity
  8
ENGRAVE_POLARS
100
AcDbLine
 10
-16.90071660963407
 20
-20.317045387848875
 30
0.0
 11
-16.219429329202242
 21
-20.49367564417046
 31
0.0
  0
LINE
  5
438
330
17
100
AcDbEntity
  8
ENGRAVE_POLARS
100
AcDbLine
 10
-16.219429329202242
 20
-20.49367564417046
 30
0.0
 11
-15.542248166916837
 21
-20.65081075093548
 31
0.0
  0
LINE
  5
439
330
17
100
AcDbEntity
  8
ENGRAVE_POLARS
100
AcDbLine
 10
-15.542248166916837
 20
-20.65081075093548
 30
0.0
 11
-14.883786908181847
 21
-20.79049679125649
 31
0.0
  0
LINE
  5
43A
330
17
100
AcDbEntity
  8
ENGRAVE_POLARS
100
AcDbLine
 10
-14.883786908181847
 20
-20.79049679125649
 30
0.0
 11
-14.258659338401257
 21
-20.91477984824604
 31
0.0
  0
LINE
  5
43B
330
17
100
AcDbEntity
  8
ENGRAVE_POLARS
100
AcDbLine
 10
-14.258659338401257
 20
-20.91477984824604
 30
0.0
 11
-13.681479242979053
 21
-21.025706005016673
 31
0.0
  0
LINE
  5
43C
330
17
100
AcDbEntity
  8
ENGRAVE_POLARS
100
AcDbLine
 10
-13.681479242979053
 20
-21.025706005016673
 30
0.0
 11
-13.166860407319218
 21
-21.125321344680938
 31
0.0
  0
LINE
  5
43D
330
17
100
AcDbEntity
  8
ENGRAVE_POLARS
100
AcDbLine
 10
-13.166860407319218
 20
-21.125321344680938
 30
0.0
 11
-12.72941661682574
 21
-21.215671950351375
 31
0.0
  0
LINE
  5
43E
330
17
100
AcDbEntity
  8
ENGRAVE_POLARS
100
AcDbLine
 10
-12.72941661682574
 20
-21.215671950351375
 30
0.0
 11
-12.383761656902603
 21
-21.29880390514054
 31
0.0
  0
LINE
  5
43F
330
17
100
AcDbEntity
  8
ENGRAVE_POLARS
100
AcDbLine
 10
-12.383761656902603
 20
-21.29880390514054
 30
0.0
 11
-12.15598518336828
 21
-21.36793802222669
 31
0.0
  0
LINE
  5
440
330
17
100
AcDbEntity
  8
ENGRAVE_POLARS
100
AcDbLine
 10
-12.15598518336828
 20
-21.36793802222669
 30
0.0
 11
-12.046747393121086
 21
-21.416528182964125
 31
0.0
  0
LINE
  5
441
330
17
100
AcDbEntity
  8
ENGRAVE_POLARS
100
AcDbLine
 10
-12.046747393121086
 20
-21.416528182964125
 30
0.0
 11
-12.032517883184775
 21
-21.44697007272943
 31
0.0
  0
LINE
  5
442
330
17
100
AcDbEntity
  8
ENGRAVE_POLARS
100
AcDbLine
 10
-12.032517883184775
 20
-21.44697007272943
 30
0.0
 11
-12.089766250583098
 21
-21.461659376899224
 31
0.0
  0
LINE
  5
443
330
17
100
AcDbEntity
  8
ENGRAVE_POLARS
100
AcDbLine
 10
-12.089766250583098
 20
-21.461659376899224
 30
0.0
 11
-12.194962092339807
 21
-21.462991780850096
 31
0.0
  0
LINE
  5
444
330
17
100
AcDbEntity
  8
ENGRAVE_POLARS
100
AcDbLine
 10
-12.194962092339807
 20
-21.462991780850096
 30
0.0
 11
-12.32457500547865
 21
-21.453362969958658
 31
0.0
  0
LINE
  5
445
330
17
100
AcDbEntity
  8
ENGRAVE_POLARS
100
AcDbLine
 10
-12.32457500547865
 20
-21.453362969958658
 30
0.0
 11
-12.45507458702338
 21
-21.435168629601502
 31
0.0
  0
LINE
  5
446
330
17
100
AcDbEntity
  8
ENGRAVE_POLARS
100
AcDbLine
 10
-12.45507458702338
 20
-21.435168629601502
 30
0.0
 11
-12.562930433997751
 21
-21.410804445155232
 31
0.0
  0
LINE
  5
447
330
17
100
AcDbEntity
  8
ENGRAVE_POLARS
100
AcDbLine
 10
-12.562930433997751
 20
-21.410804445155232
 30
0.0
 11
-12.624612143425516
 21
-21.382666101996456
 31
0.0
  0
LINE
  5
448
330
17
100
AcDbEntity
  8
ENGRAVE_POLARS
100
AcDbLine
 10
-12.624612143425516
 20
-21.382666101996456
 30
0.0
 11
-12.61658931233042
 21
-21.353149285501765
 31
0.0
  0
LINE
  5
449
330
17
100
AcDbEntity
  8
ENGRAVE_POLARS
100
AcDbLine
 10
-12.61658931233042
 20
-21.353149285501765
 30
0.0
 11
-12.515331537736218
 21
-21.32464968104776
 31
0.0
  0
LINE
  5
44A
330
17
100
AcDbEntity
  8
ENGRAVE_POLARS
100
AcDbLine
 10
-12.515331537736218
 20
-21.32464968104776
 30
0.0
 11
-12.297308416666663
 21
-21.29956297401105
 31
0.0
  0
LINE
  5
44B
330
17
100
AcDbEntity
  8
ENGRAVE_POLARS
100
AcDbLine
 10
-12.297308416666663
 20
-21.29956297401105
 30
0.0
 11
-11.965073046481963
 21
-21.274158309189747
 31
0.0
  0
LINE
  5
44C
330
17
100
AcDbEntity
  8
ENGRAVE_POLARS
100
AcDbLine
 10
-11.965073046481963
 20
-21.274158309189747
 30
0.0
 11
-11.545919656021802
 21
-21.243448031044544
 31
0.0
  0
LINE
  5
44D
330
17
100
AcDbEntity
  8
ENGRAVE_POLARS
100
AcDbLine
 10
-11.545919656021802
 20
-21.243448031044544
 30
0.0
 11
-11.053429539529123
 21
-21.207942624445902
 31
0.0
  0
LINE
  5
44E
330
17
100
AcDbEntity
  8
ENGRAVE_POLARS
100
AcDbLine
 10
-11.053429539529123
 20
-21.207942624445902
 30
0.0
 11
-10.501183991246883
 21
-21.16815257426428
 31
0.0
  0
LINE
  5
44F
330
17
100
AcDbEntity
  8
ENGRAVE_POLARS
100
AcDbLine
 10
-10.501183991246883
 20
-21.16815257426428
 30
0.0
 11
-9.902764305418039
 21
-21.12458836537015
 31
0.0
  0
LINE
  5
450
330
17
100
AcDbEntity
  8
ENGRAVE_POLARS
100
AcDbLine
 10
-9.902764305418039
 20
-21.12458836537015
 30
0.0
 11
-9.271751776285534
 21
-21.077760482633973
 31
0.0
  0
LINE
  5
451
330
17
100
AcDbEntity
  8
ENGRAVE_POLARS
100
AcDbLine
 10
-9.271751776285534
 20
-21.077760482633973
 30
0.0
 11
-8.621727698092325
 21
-21.028179410926207
 31
0.0
  0
LINE
  5
452
330
17
100
AcDbEntity
  8
ENGRAVE_POLARS
100
AcDbLine
 10
-8.621727698092325
 20
-21.028179410926207
 30
0.0
 11
-7.966273365081362
 21
-20.976355635117315
 31
0.0
  0
LINE
  5
453
330
17
100
AcDbEntity
  8
ENGRAVE_POLARS
100
AcDbLine
 10
-7.966273365081362
 20
-20.976355635117315
 30
0.0
 11
-7.3189700714956
 21
-20.922799640077766
 31
0.0
  0
LINE
  5
454
330
17
100
AcDbEntity
  8
ENGRAVE_POLARS
100
AcDbLine
 10
-7.3189700714956
 20
-20.922799640077766
 30
0.0
 11
-6.693399111577987
 21
-20.868021910678014
 31
0.0
  0
LINE
  5
455
330
17
100
AcDbEntity
  8
ENGRAVE_POLARS
100
AcDbLine
 10
-6.693399111577987
 20
-20.868021910678014
 30
0.0
 11
-6.103141779571477
 21
-20.812532931788528
 31
0.0
  0
LINE
  5
456
330
17
100
AcDbEntity
  8
ENGRAVE_POLARS
100
AcDbLine
 10
-6.103141779571477
 20
-20.812532931788528
 30
0.0
 11
-5.561779369719021
 21
-20.756843188279774
 31
0.0
  0
LINE
  5
457
330
17
100
AcDbEntity
  8
ENGRAVE_POLARS
100
AcDbLine
 10
-5.561779369719021
 20
-20.756843188279774
 30
0.0
 11
-5.039500509044643
 21
-20.697041840116015
 31
0.0
  0
LINE
  5
458
330
17
100
AcDbEntity
  8
ENGRAVE_POLARS
100
AcDbLine
 10
-5.039500509044643
 20
-20.697041840116015
 30
0.0
 11
-4.50251836648041
 21
-20.630083278324918
 31
0.0
  0
LINE
  5
459
330
17
100
AcDbEntity
  8
ENGRAVE_POLARS
100
AcDbLine
 10
-4.50251836648041
 20
-20.630083278324918
 30
0.0
 11
-3.9584510491313396
 21
-20.557775834372045
 31
0.0
  0
LINE
  5
45A
330
17
100
AcDbEntity
  8
ENGRAVE_POLARS
100
AcDbLine
 10
-3.9584510491313396
 20
-20.557775834372045
 30
0.0
 11
-3.4149166641024498
 21
-20.481927839722953
 31
0.0
  0
LINE
  5
45B
330
17
100
AcDbEntity
  8
ENGRAVE_POLARS
100
AcDbLine
 10
-3.4149166641024498
 20
-20.481927839722953
 30
0.0
 11
-2.8795333184987584
 21
-20.404347625843204
 31
0.0
  0
LINE
  5
45C
330
17
100
AcDbEntity
  8
ENGRAVE_POLARS
100
AcDbLine
 10
-2.8795333184987584
 20
-20.404347625843204
 30
0.0
 11
-2.359919119425284
 21
-20.326843524198352
 31
0.0
  0
LINE
  5
45D
330
17
100
AcDbEntity
  8
ENGRAVE_POLARS
100
AcDbLine
 10
-2.359919119425284
 20
-20.326843524198352
 30
0.0
 11
-1.863692173987044
 21
-20.251223866253945
 31
0.0
  0
LINE
  5
45E
330
17
100
AcDbEntity
  8
ENGRAVE_POLARS
100
AcDbLine
 10
-1.863692173987044
 20
-20.251223866253945
 30
0.0
 11
-1.3984705892890574
 21
-20.179296983475563
 31
0.0
  0
LINE
  5
45F
330
17
100
AcDbEntity
  8
ENGRAVE_POLARS
100
AcDbLine
 10
-1.3984705892890574
 20
-20.179296983475563
 30
0.0
 11
-0.9718724724363427
 21
-20.11287120732875
 31
0.0
  0
LINE
  5
460
330
17
100
AcDbEntity
  8
ENGRAVE_POLARS
100
AcDbLine
 10
-0.9718724724363427
 20
-20.11287120732875
 30
0.0
 11
-0.5915159305339162
 21
-20.05375486927907
 31
0.0
  0
LINE
  5
461
330
17
100
AcDbEntity
  8
ENGRAVE_POLARS
100
AcDbLine
 10
-0.5915159305339162
 20
-20.05375486927907
 30
0.0
 11
-0.26501907068679637
 21
-20.003756300792077
 31
0.0
  0
LINE
  5
462
330
17
100
AcDbEntity
  8
ENGRAVE_POLARS
100
AcDbLine
 10
-0.26501907068679637
 20
-20.003756300792077
 30
0.0
 11
-2.4449686152480575e-15
 21
-19.964683833333332
 31
0.0
  0
TEXT
  5
463
330
17
100
AcDbEntity
  8
ENGRAVE_TEXT
100
AcDbText
 10
13.305325083069254
 20
18.986170993528958
 30
0.0
 40
4.5
  1
10
 72
1
 11
13.305325083069254
 21
18.986170993528958
 31
0.0
100
AcDbText
 73
2
  0
TEXT
  5
464
330
17
100
AcDbEntity
  8
ENGRAVE_TEXT
100
AcDbText
 10
-13.305325083069254
 20
18.986170993528958
 30
0.0
 40
4.5
  1
10
 72
1
 11
-13.305325083069254
 21
18.986170993528958
 31
0.0
100
AcDbText
 73
2
  0
CIRCLE
  5
465
330
17
100
AcDbEntity
  8
ENGRAVE_VMG
100
AcDbCircle
 10
14.597322318301774
 20
18.011789075416164
 30
0.0
 40
0.6
  0
CIRCLE
  5
466
330
17
100
AcDbEntity
  8
ENGRAVE_VMG
100
AcDbCircle
 10
-14.597322318301774
 20
18.011789075416164
 30
0.0
 40
0.6
  0
CIRCLE
  5
467
330
17
100
AcDbEntity
  8
ENGRAVE_VMG
100
AcDbCircle
 10
12.297308416666663
 20
-21.29956297401105
 30
0.0
 40
0.6
  0
CIRCLE
  5
468
330
17
100
AcDbEntity
  8
ENGRAVE_VMG
100
AcDbCircle
 10
-12.297308416666663
 20
-21.29956297401105
 30
0.0
 40
0.6
  0
LINE
  5
469
330
17
100
AcDbEntity
  8
ENGRAVE_POLARS
100
AcDbLine
 10
12.334672609147802
 20
15.654941875259285
 30
0.0
 11
12.598615056990075
 21
15.56413602643952
 31
0.0
  0
LINE
  5
46A
330
17
100
AcDbEntity
  8
ENGRAVE_POLARS
100
AcDbLine
 10
12.598615056990075
 20
15.56413602643952
 30
0.0
 11
12.94190382945363
 21
15.4520114569622
 31
0.0
  0
LINE
  5
46B
330
17
100
AcDbEntity
  8
ENGRAVE_POLARS
100
AcDbLine
 10
12.94190382945363
 20
15.4520114569622
 30
0.0
 11
13.350285606036795
 21
15.321271893362473
 31
0.0
  0
LINE
  5
46C
330
17
100
AcDbEntity
  8
ENGRAVE_POLARS
100
AcDbLine
 10
13.350285606036795
 20
15.321271893362473
 30
0.0
 11
13.809507066237918
 21
15.174621062175493
 31
0.0
  0
LINE
  5
46D
330
17
100
AcDbEntity
  8
ENGRAVE_POLARS
100
AcDbLine
 10
13.809507066237918
 20
15.174621062175493
 30
0.0
 11
14.305314889555333
 21
15.014762689936415
 31
0.0
  0
LINE
  5
46E
330
17
100
AcDbEntity
  8
ENGRAVE_POLARS
100
AcDbLine
 10
14.305314889555333
 20
15.014762689936415
 30
0.0
 11
14.823455755487373
 21
14.844400503180385
 31
0.0
  0
LINE
  5
46F
330
17
100
AcDbEntity
  8
ENGRAVE_POLARS
100
AcDbLine
 10
14.823455755487373
 20
14.844400503180385
 30
0.0
 11
15.349676343532385
 21
14.666238228442563
 31
0.0
  0
LINE
  5
470
330
17
100
AcDbEntity
  8
ENGRAVE_POLARS
100
AcDbLine
 10
15.349676343532385
 20
14.666238228442563
 30
0.0
 11
15.869723333188693
 21
14.482979592258099
 31
0.0
  0
LINE
  5
471
330
17
100
AcDbEntity
  8
ENGRAVE_POLARS
100
AcDbLine
 10
15.869723333188693
 20
14.482979592258099
 30
0.0
 11
16.369343403954648
 21
14.297328321162146
 31
0.0
  0
LINE
  5
472
330
17
100
AcDbEntity
  8
ENGRAVE_POLARS
100
AcDbLine
 10
16.369343403954648
 20
14.297328321162146
 30
0.0
 11
16.834283235328584
 21
14.111988141689856
 31
0.0
  0
LINE
  5
473
330
17
100
AcDbEntity
  8
ENGRAVE_POLARS
100
AcDbLine
 10
16.834283235328584
 20
14.111988141689856
 30
0.0
 11
17.250289506808826
 21
13.929662780376383
 31
0.0
  0
LINE
  5
474
330
17
100
AcDbEntity
  8
ENGRAVE_POLARS
100
AcDbLine
 10
17.250289506808826
 20
13.929662780376383
 30
0.0
 11
17.603108897893733
 21
13.753055963756877
 31
0.0
  0
LINE
  5
475
330
17
100
AcDbEntity
  8
ENGRAVE_POLARS
100
AcDbLine
 10
17.603108897893733
 20
13.753055963756877
 30
0.0
 11
17.90056871914535
 21
13.581810756267169
 31
0.0
  0
LINE
  5
476
330
17
100
AcDbEntity
  8
ENGRAVE_POLARS
100
AcDbLine
 10
17.90056871914535
 20
13.581810756267169
 30
0.0
 11
18.163199063286804
 21
13.412750497237164
 31
0.0
  0
LINE
  5
477
330
17
100
AcDbEntity
  8
ENGRAVE_POLARS
100
AcDbLine
 10
18.163199063286804
 20
13.412750497237164
 30
0.0
 11
18.395800783058032
 21
13.244349325543135
 31
0.0
  0
LINE
  5
478
330
17
100
AcDbEntity
  8
ENGRAVE_POLARS
100
AcDbLine
 10
18.395800783058032
 20
13.244349325543135
 30
0.0
 11
18.603174731198962
 21
13.075081380061345
 31
0.0
  0
LINE
  5
479
330
17
100
AcDbEntity
  8
ENGRAVE_POLARS
100
AcDbLine
 10
18.603174731198962
 20
13.075081380061345
 30
0.0
 11
18.790121760449537
 21
12.90342079966807
 31
0.0
  0
LINE
  5
47A
330
17
100
AcDbEntity
  8
ENGRAVE_POLARS
100
AcDbLine
 10
18.790121760449537
 20
12.90342079966807
 30
0.0
 11
18.961442723549688
 21
12.72784172323957
 31
0.0
  0
LINE
  5
47B
330
17
100
AcDbEntity
  8
ENGRAVE_POLARS
100
AcDbLine
 10
18.961442723549688
 20
12.72784172323957
 30
0.0
 11
19.121938473239343
 21
12.546818289652117
 31
0.0
  0
LINE
  5
47C
330
17
100
AcDbEntity
  8
ENGRAVE_POLARS
100
AcDbLine
 10
19.121938473239343
 20
12.546818289652117
 30
0.0
 11
19.276409862258447
 21
12.358824637781986
 31
0.0
  0
LINE
  5
47D
330
17
100
AcDbEntity
  8
ENGRAVE_POLARS
100
AcDbLine
 10
19.276409862258447
 20
12.358824637781986
 30
0.0
 11
19.429657743346937
 21
12.16233490650544
 31
0.0
  0
LINE
  5
47E
330
17
100
AcDbEntity
  8
ENGRAVE_POLARS
100
AcDbLine
 10
19.429657743346937
 20
12.16233490650544
 30
0.0
 11
19.586482969244738
 21
11.955823234698746
 31
0.0
  0
LINE
  5
47F
330
17
100
AcDbEntity
  8
ENGRAVE_POLARS
100
AcDbLine
 10
19.586482969244738
 20
11.955823234698746
 30
0.0
 11
19.75168639269179
 21
11.737763761238178
 31
0.0
  0
LINE
  5
480
330
17
100
AcDbEntity
  8
ENGRAVE_POLARS
100
AcDbLine
 10
19.75168639269179
 20
11.737763761238178
 30
0.0
 11
19.930068866428023
 21
11.506630625000001
 31
0.0
  0
LINE
  5
481
330
17
100
AcDbEntity
  8
ENGRAVE_POLARS
100
AcDbLine
 10
19.930068866428023
 20
11.506630625000001
 30
0.0
 11
20.119893903098415
 21
11.255365714848152
 31
0.0
  0
LINE
  5
482
330
17
100
AcDbEntity
  8
ENGRAVE_POLARS
100
AcDbLine
 10
20.119893903098415
 20
11.255365714848152
 30
0.0
 11
20.314819171397104
 21
10.981142081285563
 31
0.0
  0
LINE
  5
483
330
17
100
AcDbEntity
  8
ENGRAVE_POLARS
100
AcDbLine
 10
20.314819171397104
 20
10.981142081285563
 30
0.0
 11
20.512736758137788
 21
10.688780605647011
 31
0.0
  0
LINE
  5
484
330
17
100
AcDbEntity
  8
ENGRAVE_POLARS
100
AcDbLine
 10
20.512736758137788
 20
10.688780605647011
 30
0.0
 11
20.71153875013416
 21
10.38310216926727
 31
0.0
  0
LINE
  5
485
330
17
100
AcDbEntity
  8
ENGRAVE_POLARS
100
AcDbLine
 10
20.71153875013416
 20
10.38310216926727
 30
0.0
 11
20.90911723419991
 21
10.068927653481119
 31
0.0
  0
LINE
  5
486
330
17
100
AcDbEntity
  8
ENGRAVE_POLARS
100
AcDbLine
 10
20.90911723419991
 20
10.068927653481119
 30
0.0
 11
21.103364297148737
 21
9.751077939623325
 31
0.0
  0
LINE
  5
487
330
17
100
AcDbEntity
  8
ENGRAVE_POLARS
100
AcDbLine
 10
21.103364297148737
 20
9.751077939623325
 30
0.0
 11
21.292172025794326
 21
9.434373909028665
 31
0.0
  0
LINE
  5
488
330
17
100
AcDbEntity
  8
ENGRAVE_POLARS
100
AcDbLine
 10
21.292172025794326
 20
9.434373909028665
 30
0.0
 11
21.473432506950378
 21
9.123636443031916
 31
0.0
  0
LINE
  5
489
330
17
100
AcDbEntity
  8
ENGRAVE_POLARS
100
AcDbLine
 10
21.473432506950378
 20
9.123636443031916
 30
0.0
 11
21.64503782743058
 21
8.823686422967855
 31
0.0
  0
LINE
  5
48A
330
17
100
AcDbEntity
  8
ENGRAVE_POLARS
100
AcDbLine
 10
21.64503782743058
 20
8.823686422967855
 30
0.0
 11
21.80488007404863
 21
8.539344730171251
 31
0.0
  0
LINE
  5
48B
330
17
100
AcDbEntity
  8
ENGRAVE_POLARS
100
AcDbLine
 10
21.80488007404863
 20
8.539344730171251
 30
0.0
 11
21.95085133361821
 21
8.275432245976878
 31
0.0
  0
LINE
  5
48C
330
17
100
AcDbEntity
  8
ENGRAVE_POLARS
100
AcDbLine
 10
21.95085133361821
 20
8.275432245976878
 30
0.0
 11
22.080843692953035
 21
8.036769851719516
 31
0.0
  0
LINE
  5
48D
330
17
100
AcDbEntity
  8
ENGRAVE_POLARS
100
AcDbLine
 10
22.080843692953035
 20
8.036769851719516
 30
0.0
 11
22.193644042514013
 21
7.822944560428561
 31
0.0
  0
LINE
  5
48E
330
17
100
AcDbEntity
  8
ENGRAVE_POLARS
100
AcDbLine
 10
22.193644042514013
 20
7.822944560428561
 30
0.0
 11
22.29077994516136
 21
7.628434418939334
 31
0.0
  0
LINE
  5
48F
330
17
100
AcDbEntity
  8
ENGRAVE_POLARS
100
AcDbLine
 10
22.29077994516136
 20
7.628434418939334
 30
0.0
 11
22.374254496307657
 21
7.450396859295488
 31
0.0
  0
LINE
  5
490
330
17
100
AcDbEntity
  8
ENGRAVE_POLARS
100
AcDbLine
 10
22.374254496307657
 20
7.450396859295488
 30
0.0
 11
22.446070791365514
 21
7.285989313540671
 31
0.0
  0
LINE
  5
491
330
17
100
AcDbEntity
  8
ENGRAVE_POLARS
100
AcDbLine
 10
22.446070791365514
 20
7.285989313540671
 30
0.0
 11
22.508231925747527
 21
7.132369213718541
 31
0.0
  0
LINE
  5
492
330
17
100
AcDbEntity
  8
ENGRAVE_POLARS
100
AcDbLine
 10
22.508231925747527
 20
7.132369213718541
 30
0.0
 11
22.562740994866285
 21
6.986693991872746
 31
0.0
  0
LINE
  5
493
330
17
100
AcDbEntity
  8
ENGRAVE_POLARS
100
AcDbLine
 10
22.562740994866285
 20
6.986693991872746
 30
0.0
 11
22.61160109413439
 21
6.84612108004694
 31
0.0
  0
LINE
  5
494
330
17
100
AcDbEntity
  8
ENGRAVE_POLARS
100
AcDbLine
 10
22.61160109413439
 20
6.84612108004694
 30
0.0
 11
22.656815318964433
 21
6.707807910284777
 31
0.0
  0
LINE
  5
495
330
17
100
AcDbEntity
  8
ENGRAVE_POLARS
100
AcDbLine
 10
22.656815318964433
 20
6.707807910284777
 30
0.0
 11
22.70038676476903
 21
6.568911914629908
 31
0.0
  0
LINE
  5
496
330
17
100
AcDbEntity
  8
ENGRAVE_POLARS
100
AcDbLine
 10
22.70038676476903
 20
6.568911914629908
 30
0.0
 11
22.744318526960754
 21
6.4265905251259845
 31
0.0
  0
LINE
  5
497
330
17
100
AcDbEntity
  8
ENGRAVE_POLARS
100
AcDbLine
 10
22.744318526960754
 20
6.4265905251259845
 30
0.0
 11
22.790613700952218
 21
6.2780011738166595
 31
0.0
  0
LINE
  5
498
330
17
100
AcDbEntity
  8
ENGRAVE_POLARS
100
AcDbLine
 10
22.790613700952218
 20
6.2780011738166595
 30
0.0
 11
22.841275382156013
 21
6.120301292745586
 31
0.0
  0
LINE
  5
499
330
17
100
AcDbEntity
  8
ENGRAVE_POLARS
100
AcDbLine
 10
22.841275382156013
 20
6.120301292745586
 30
0.0
 11
22.89378701265684
 21
5.963286209250909
 31
0.0
  0
LINE
  5
49A
330
17
100
AcDbEntity
  8
ENGRAVE_POLARS
100
AcDbLine
 10
22.89378701265684
 20
5.963286209250909
 30
0.0
 11
22.944361951513034
 21
5.816290296682008
 31
0.0
  0
LINE
  5
49B
330
17
100
AcDbEntity
  8
ENGRAVE_POLARS
100
AcDbLine
 10
22.944361951513034
 20
5.816290296682008
 30
0.0
 11
22.99309816959766
 21
5.67577955609939
 31
0.0
  0
LINE
  5
49C
330
17
100
AcDbEntity
  8
ENGRAVE_POLARS
100
AcDbLine
 10
22.99309816959766
 20
5.67577955609939
 30
0.0
 11
23.040093637783766
 21
5.53821998856356
 31
0.0
  0
LINE
  5
49D
330
17
100
AcDbEntity
  8
ENGRAVE_POLARS
100
AcDbLine
 10
23.040093637783766
 20
5.53821998856356
 30
0.0
 11
23.085446326944414
 21
5.4000775951350235
 31
0.0
  0
LINE
  5
49E
330
17
100
AcDbEntity
  8
ENGRAVE_POLARS
100
AcDbLine
 10
23.085446326944414
 20
5.4000775951350235
 30
0.0
 11
23.12925420795266
 21
5.2578183768742885
 31
0.0
  0
LINE
  5
49F
330
17
100
AcDbEntity
  8
ENGRAVE_POLARS
100
AcDbLine
 10
23.12925420795266
 20
5.2578183768742885
 30
0.0
 11
23.17161525168156
 21
5.107908334841856
 31
0.0
  0
LINE
  5
4A0
330
17
100
AcDbEntity
  8
ENGRAVE_POLARS
100
AcDbLine
 10
23.17161525168156
 20
5.107908334841856
 30
0.0
 11
23.21262742900417
 21
4.9468134700982365
 31
0.0
  0
LINE
  5
4A1
330
17
100
AcDbEntity
  8
ENGRAVE_POLARS
100
AcDbLine
 10
23.21262742900417
 20
4.9468134700982365
 30
0.0
 11
23.25238871079355
 21
4.7709997837039335
 31
0.0
  0
LINE
  5
4A2
330
17
100
AcDbEntity
  8
ENGRAVE_POLARS
100
AcDbLine
 10
23.25238871079355
 20
4.7709997837039335
 30
0.0
 11
23.290997067922756
 21
4.576933276719453
 31
0.0
  0
LINE
  5
4A3
330
17
100
AcDbEntity
  8
ENGRAVE_POLARS
100
AcDbLine
 10
23.290997067922756
 20
4.576933276719453
 30
0.0
 11
23.328550471264847
 21
4.3610799502053
 31
0.0
  0
LINE
  5
4A4
330
17
100
AcDbEntity
  8
ENGRAVE_POLARS
100
AcDbLine
 10
23.328550471264847
 20
4.3610799502053
 30
0.0
 11
23.365146891692877
 21
4.119905805221983
 31
0.0
  0
LINE
  5
4A5
330
17
100
AcDbEntity
  8
ENGRAVE_POLARS
100
AcDbLine
 10
23.365146891692877
 20
4.119905805221983
 30
0.0
 11
23.401528933023766
 21
3.865018280951057
 31
0.0
  0
LINE
  5
4A6
330
17
100
AcDbEntity
  8
ENGRAVE_POLARS
100
AcDbLine
 10
23.401528933023766
 20
3.865018280951057
 30
0.0
 11
23.438062284006772
 21
3.607659201169331
 31
0.0
  0
LINE
  5
4A7
330
17
100
AcDbEntity
  8
ENGRAVE_POLARS
100
AcDbLine
 10
23.438062284006772
 20
3.607659201169331
 30
0.0
 11
23.474279542913436
 21
3.3437461438301748
 31
0.0
  0
LINE
  5
4A8
330
17
100
AcDbEntity
  8
ENGRAVE_POLARS
100
AcDbLine
 10
23.474279542913436
 20
3.3437461438301748
 30
0.0
 11
23.50971330801532
 21
3.0691966868869622
 31
0.0
  0
LINE
  5
4A9
330
17
100
AcDbEntity
  8
ENGRAVE_POLARS
100
AcDbLine
 10
23.50971330801532
 20
3.0691966868869622
 30
0.0
 11
23.543896177583978
 21
2.7799284082930673
 31
0.0
  0
LINE
  5
4AA
330
17
100
AcDbEntity
  8
ENGRAVE_POLARS
100
AcDbLine
 10
23.543896177583978
 20
2.7799284082930673
 30
0.0
 11
23.57636074989095
 21
2.4718588860018618
 31
0.0
  0
LINE
  5
4AB
330
17
100
AcDbEntity
  8
ENGRAVE_POLARS
100
AcDbLine
 10
23.57636074989095
 20
2.4718588860018618
 30
0.0
 11
23.606639623207798
 21
2.1409056979667187
 31
0.0
  0
LINE
  5
4AC
330
17
100
AcDbEntity
  8
ENGRAVE_POLARS
100
AcDbLine
 10
23.606639623207798
 20
2.1409056979667187
 30
0.0
 11
23.634265395806064
 21
1.7829864221410117
 31
0.0
  0
LINE
  5
4AD
330
17
100
AcDbEntity
  8
ENGRAVE_POLARS
100
AcDbLine
 10
23.634265395806064
 20
1.7829864221410117
 30
0.0
 11
23.658770665957316
 21
1.3940186364781137
 31
0.0
  0
LINE
  5
4AE
330
17
100
AcDbEntity
  8
ENGRAVE_POLARS
100
AcDbLine
 10
23.658770665957316
 20
1.3940186364781137
 30
0.0
 11
23.679688031933093
 21
0.9699199189313972
 31
0.0
  0
LINE
  5
4AF
330
17
100
AcDbEntity
  8
ENGRAVE_POLARS
100
AcDbLine
 10
23.679688031933093
 20
0.9699199189313972
 30
0.0
 11
23.696550092004948
 21
0.5066078474542353
 31
0.0
  0
LINE
  5
4B0
330
17
100
AcDbEntity
  8
ENGRAVE_POLARS
100
AcDbLine
 10
23.696550092004948
 20
0.5066078474542353
 30
0.0
 11
23.70888944444444
 21
1.4517507784738678e-15
 31
0.0
  0
LINE
  5
4B1
330
17
100
AcDbEntity
  8
ENGRAVE_POLARS
100
AcDbLine
 10
23.70888944444444
 20
1.4517507784738678e-15
 30
0.0
 11
23.720486996432374
 21
-0.5735725242574992
 31
0.0
  0
LINE
  5
4B2
330
17
100
AcDbEntity
  8
ENGRAVE_POLARS
100
AcDbLine
 10
23.720486996432374
 20
-0.5735725242574992
 30
0.0
 11
23.734258672605762
 21
-1.2247182017931608
 31
0.0
  0
LINE
  5
4B3
330
17
100
AcDbEntity
  8
ENGRAVE_POLARS
100
AcDbLine
 10
23.734258672605762
 20
-1.2247182017931608
 30
0.0
 11
23.748439597420433
 21
-1.9379288181266598
 31
0.0
  0
LINE
  5
4B4
330
17
100
AcDbEntity
  8
ENGRAVE_POLARS
100
AcDbLine
 10
23.748439597420433
 20
-1.9379288181266598
 30
0.0
 11
23.761264895332232
 21
-2.6976961587776733
 31
0.0
  0
LINE
  5
4B5
330
17
100
AcDbEntity
  8
ENGRAVE_POLARS
100
AcDbLine
 10
23.761264895332232
 20
-2.6976961587776733
 30
0.0
 11
23.770969690797017
 21
-3.488512009265878
 31
0.0
  0
LINE
  5
4B6
330
17
100
AcDbEntity
  8
ENGRAVE_POLARS
100
AcDbLine
 10
23.770969690797017
 20
-3.488512009265878
 30
0.0
 11
23.775789108270622
 21
-4.294868155110951
 31
0.0
  0
LINE
  5
4B7
330
17
100
AcDbEntity
  8
ENGRAVE_POLARS
100
AcDbLine
 10
23.775789108270622
 20
-4.294868155110951
 30
0.0
 11
23.773958272208883
 21
-5.1012563818325685
 31
0.0
  0
LINE
  5
4B8
330
17
100
AcDbEntity
  8
ENGRAVE_POLARS
100
AcDbLine
 10
23.773958272208883
 20
-5.1012563818325685
 30
0.0
 11
23.763712307067657
 21
-5.892168474950409
 31
0.0
  0
LINE
  5
4B9
330
17
100
AcDbEntity
  8
ENGRAVE_POLARS
100
AcDbLine
 10
23.763712307067657
 20
-5.892168474950409
 30
0.0
 11
23.74328633730278
 21
-6.652096219984147
 31
0.0
  0
LINE
  5
4BA
330
17
100
AcDbEntity
  8
ENGRAVE_POLARS
100
AcDbLine
 10
23.74328633730278
 20
-6.652096219984147
 30
0.0
 11
23.71091548737009
 21
-7.36553140245346
 31
0.0
  0
LINE
  5
4BB
330
17
100
AcDbEntity
  8
ENGRAVE_POLARS
100
AcDbLine
 10
23.71091548737009
 20
-7.36553140245346
 30
0.0
 11
23.66483488172544
 21
-8.016965807878025
 31
0.0
  0
LINE
  5
4BC
330
17
100
AcDbEntity
  8
ENGRAVE_POLARS
100
AcDbLine
 10
23.66483488172544
 20
-8.016965807878025
 30
0.0
 11
23.60327964482467
 21
-8.59089122177752
 31
0.0
  0
LINE
  5
4BD
330
17
100
AcDbEntity
  8
ENGRAVE_POLARS
100
AcDbLine
 10
23.60327964482467
 20
-8.59089122177752
 30
0.0
 11
23.533591843004267
 21
-9.089654818209436
 31
0.0
  0
LINE
  5
4BE
330
17
100
AcDbEntity
  8
ENGRAVE_POLARS
100
AcDbLine
 10
23.533591843004267
 20
-9.089654818209436
 30
0.0
 11
23.462369019071993
 21
-9.53166830555253
 31
0.0
  0
LINE
  5
4BF
330
17
100
AcDbEntity
  8
ENGRAVE_POLARS
100
AcDbLine
 10
23.462369019071993
 20
-9.53166830555253
 30
0.0
 11
23.386729512190584
 21
-9.925520270808379
 31
0.0
  0
LINE
  5
4C0
330
17
100
AcDbEntity
  8
ENGRAVE_POLARS
100
AcDbLine
 10
23.386729512190584
 20
-9.925520270808379
 30
0.0
 11
23.303791661522773
 21
-10.279799300978551
 31
0.0
  0
LINE
  5
4C1
330
17
100
AcDbEntity
  8
ENGRAVE_POLARS
100
AcDbLine
 10
23.303791661522773
 20
-10.279799300978551
 30
0.0
 11
23.210673806231323
 21
-10.603093983064621
 31
0.0
  0
LINE
  5
4C2
330
17
100
AcDbEntity
  8
ENGRAVE_POLARS
100
AcDbLine
 10
23.210673806231323
 20
-10.603093983064621
 30
0.0
 11
23.104494285478964
 21
-10.903992904068165
 31
0.0
  0
LINE
  5
4C3
330
17
100
AcDbEntity
  8
ENGRAVE_POLARS
100
AcDbLine
 10
23.104494285478964
 20
-10.903992904068165
 30
0.0
 11
22.98237143842843
 21
-11.191084650990753
 31
0.0
  0
LINE
  5
4C4
330
17
100
AcDbEntity
  8
ENGRAVE_POLARS
100
AcDbLine
 10
22.98237143842843
 20
-11.191084650990753
 30
0.0
 11
22.841423604242475
 21
-11.47295781083396
 31
0.0
  0
LINE
  5
4C5
330
17
100
AcDbEntity
  8
ENGRAVE_POLARS
100
AcDbLine
 10
22.841423604242475
 20
-11.47295781083396
 30
0.0
 11
22.678769122083832
 21
-11.758200970599358
 31
0.0
  0
LINE
  5
4C6
330
17
100
AcDbEntity
  8
ENGRAVE_POLARS
100
AcDbLine
 10
22.678769122083832
 20
-11.758200970599358
 30
0.0
 11
22.491526331115246
 21
-12.055402717288523
 31
0.0
  0
LINE
  5
4C7
330
17
100
AcDbEntity
  8
ENGRAVE_POLARS
100
AcDbLine
 10
22.491526331115246
 20
-12.055402717288523
 30
0.0
 11
22.276813570499453
 21
-12.373151637903025
 31
0.0
  0
LINE
  5
4C8
330
17
100
AcDbEntity
  8
ENGRAVE_POLARS
100
AcDbLine
 10
22.276813570499453
 20
-12.373151637903025
 30
0.0
 11
22.031749179399203
 21
-12.72003631944444
 31
0.0
  0
LINE
  5
4C9
330
17
100
AcDbEntity
  8
ENGRAVE_POLARS
100
AcDbLine
 10
22.031749179399203
 20
-12.72003631944444
 30
0.0
 11
21.753782680350106
 21
-13.094765761825894
 31
0.0
  0
LINE
  5
4CA
330
17
100
AcDbEntity
  8
ENGRAVE_POLARS
100
AcDbLine
 10
21.753782680350106
 20
-13.094765761825894
 30
0.0
 11
21.444434672242757
 21
-13.48714905189949
 31
0.0
  0
LINE
  5
4CB
330
17
100
AcDbEntity
  8
ENGRAVE_POLARS
100
AcDbLine
 10
21.444434672242757
 20
-13.48714905189949
 30
0.0
 11
21.10693010877234
 21
-13.892424907075236
 31
0.0
  0
LINE
  5
4CC
330
17
100
AcDbEntity
  8
ENGRAVE_POLARS
100
AcDbLine
 10
21.10693010877234
 20
-13.892424907075236
 30
0.0
 11
20.74449394363404
 21
-14.305832044763157
 31
0.0
  0
LINE
  5
4CD
330
17
100
AcDbEntity
  8
ENGRAVE_POLARS
100
AcDbLine
 10
20.74449394363404
 20
-14.305832044763157
 30
0.0
 11
20.360351130523064
 21
-14.722609182373269
 31
0.0
  0
LINE
  5
4CE
330
17
100
AcDbEntity
  8
ENGRAVE_POLARS
100
AcDbLine
 10
20.360351130523064
 20
-14.722609182373269
 30
0.0
 11
19.957726623134587
 21
-15.137995037315594
 31
0.0
  0
LINE
  5
4CF
330
17
100
AcDbEntity
  8
ENGRAVE_POLARS
100
AcDbLine
 10
19.957726623134587
 20
-15.137995037315594
 30
0.0
 11
19.539845375163807
 21
-15.547228327000143
 31
0.0
  0
LINE
  5
4D0
330
17
100
AcDbEntity
  8
ENGRAVE_POLARS
100
AcDbLine
 10
19.539845375163807
 20
-15.547228327000143
 30
0.0
 11
19.10993234030591
 21
-15.945547768836944
 31
0.0
  0
LINE
  5
4D1
330
17
100
AcDbEntity
  8
ENGRAVE_POLARS
100
AcDbLine
 10
19.10993234030591
 20
-15.945547768836944
 30
0.0
 11
18.671212472256098
 21
-16.32819208023601
 31
0.0
  0
LINE
  5
4D2
330
17
100
AcDbEntity
  8
ENGRAVE_POLARS
100
AcDbLine
 10
18.671212472256098
 20
-16.32819208023601
 30
0.0
 11
18.226910724709544
 21
-16.690399978607363
 31
0.0
  0
LINE
  5
4D3
330
17
100
AcDbEntity
  8
ENGRAVE_POLARS
100
AcDbLine
 10
18.226910724709544
 20
-16.690399978607363
 30
0.0
 11
17.780252051361447
 21
-17.02741018136102
 31
0.0
  0
LINE
  5
4D4
330
17
100
AcDbEntity
  8
ENGRAVE_POLARS
100
AcDbLine
 10
17.780252051361447
 20
-17.02741018136102
 30
0.0
 11
17.334461405907003
 21
-17.334461405907
 31
0.0
  0
LINE
  5
4D5
330
17
100
AcDbEntity
  8
ENGRAVE_POLARS
100
AcDbLine
 10
17.334461405907003
 20
-17.334461405907
 30
0.0
 11
16.872923245253904
 21
-17.61619477394231
 31
0.0
  0
LINE
  5
4D6
330
17
100
AcDbEntity
  8
ENGRAVE_POLARS
100
AcDbLine
 10
16.872923245253904
 20
-17.61619477394231
 30
0.0
 11
16.38154591067593
 21
-17.880757853008664
 31
0.0
  0
LINE
  5
4D7
330
17
100
AcDbEntity
  8
ENGRAVE_POLARS
100
AcDbLine
 10
16.38154591067593
 20
-17.880757853008664
 30
0.0
 11
15.8673401824174
 21
-18.12864902928313
 31
0.0
  0
LINE
  5
4D8
330
17
100
AcDbEntity
  8
ENGRAVE_POLARS
100
AcDbLine
 10
15.8673401824174
 20
-18.12864902928313
 30
0.0
 11
15.337316840722632
 21
-18.36036668894279
 31
0.0
  0
LINE
  5
4D9
330
17
100
AcDbEntity
  8
ENGRAVE_POLARS
100
AcDbLine
 10
15.337316840722632
 20
-18.36036668894279
 30
0.0
 11
14.798486665835942
 21
-18.576409218164727
 31
0.0
  0
LINE
  5
4DA
330
17
100
AcDbEntity
  8
ENGRAVE_POLARS
100
AcDbLine
 10
14.798486665835942
 20
-18.576409218164727
 30
0.0
 11
14.257860438001643
 21
-18.777275003125993
 31
0.0
  0
LINE
  5
4DB
330
17
100
AcDbEntity
  8
ENGRAVE_POLARS
100
AcDbLine
 10
14.257860438001643
 20
-18.777275003125993
 30
0.0
 11
13.72244893746405
 21
-18.963462430003673
 31
0.0
  0
LINE
  5
4DC
330
17
100
AcDbEntity
  8
ENGRAVE_POLARS
100
AcDbLine
 10
13.72244893746405
 20
-18.963462430003673
 30
0.0
 11
13.199262944467481
 21
-19.135469884974853
 31
0.0
  0
LINE
  5
4DD
330
17
100
AcDbEntity
  8
ENGRAVE_POLARS
100
AcDbLine
 10
13.199262944467481
 20
-19.135469884974853
 30
0.0
 11
12.695313239256258
 21
-19.293795754216593
 31
0.0
  0
LINE
  5
4DE
330
17
100
AcDbEntity
  8
ENGRAVE_POLARS
100
AcDbLine
 10
12.695313239256258
 20
-19.293795754216593
 30
0.0
 11
12.217610602074686
 21
-19.438938423905977
 31
0.0
  0
LINE
  5
4DF
330
17
100
AcDbEntity
  8
ENGRAVE_POLARS
100
AcDbLine
 10
12.217610602074686
 20
-19.438938423905977
 30
0.0
 11
11.773165813167084
 21
-19.571396280220075
 31
0.0
  0
LINE
  5
4E0
330
17
100
AcDbEntity
  8
ENGRAVE_POLARS
100
AcDbLine
 10
11.773165813167084
 20
-19.571396280220075
 30
0.0
 11
11.368989652777776
 21
-19.69166770933596
 31
0.0
  0
LINE
  5
4E1
330
17
100
AcDbEntity
  8
ENGRAVE_POLARS
100
AcDbLine
 10
11.368989652777776
 20
-19.69166770933596
 30
0.0
 11
11.004564264148637
 21
-19.79459604473906
 31
0.0
  0
LINE
  5
4E2
330
17
100
AcDbEntity
  8
ENGRAVE_POLARS
100
AcDbLine
 10
11.004564264148637
 20
-19.79459604473906
 30
0.0
 11
10.671911978167074
 21
-19.8763560773633
 31
0.0
  0
LINE
  5
4E3
330
17
100
AcDbEntity
  8
ENGRAVE_POLARS
100
AcDbLine
 10
10.671911978167074
 20
-19.8763560773633
 30
0.0
 11
10.36685385654567
 21
-19.939443379558483
 31
0.0
  0
LINE
  5
4E4
330
17
100
AcDbEntity
  8
ENGRAVE_POLARS
100
AcDbLine
 10
10.36685385654567
 20
-19.939443379558483
 30
0.0
 11
10.085210960997017
 21
-19.986353523674428
 31
0.0
  0
LINE
  5
4E5
330
17
100
AcDbEntity
  8
ENGRAVE_POLARS
100
AcDbLine
 10
10.085210960997017
 20
-19.986353523674428
 30
0.0
 11
9.822804353233705
 21
-20.01958208206093
 31
0.0
  0
LINE
  5
4E6
330
17
100
AcDbEntity
  8
ENGRAVE_POLARS
100
AcDbLine
 10
9.822804353233705
 20
-20.01958208206093
 30
0.0
 11
9.575455094968323
 21
-20.041624627067804
 31
0.0
  0
LINE
  5
4E7
330
17
100
AcDbEntity
  8
ENGRAVE_POLARS
100
AcDbLine
 10
9.575455094968323
 20
-20.041624627067804
 30
0.0
 11
9.338984247913459
 21
-20.05497673104487
 31
0.0
  0
LINE
  5
4E8
330
17
100
AcDbEntity
  8
ENGRAVE_POLARS
100
AcDbLine
 10
9.338984247913459
 20
-20.05497673104487
 30
0.0
 11
9.1092128737817
 21
-20.062133966341936
 31
0.0
  0
LINE
  5
4E9
330
17
100
AcDbEntity
  8
ENGRAVE_POLARS
100
AcDbLine
 10
9.1092128737817
 20
-20.062133966341936
 30
0.0
 11
8.881962034285642
 21
-20.0655919053088
 31
0.0
  0
LINE
  5
4EA
330
17
100
AcDbEntity
  8
ENGRAVE_POLARS
100
AcDbLine
 10
8.881962034285642
 20
-20.0655919053088
 30
0.0
 11
8.653052791137869
 21
-20.067846120295286
 31
0.0
  0
LINE
  5
4EB
330
17
100
AcDbEntity
  8
ENGRAVE_POLARS
100
AcDbLine
 10
8.653052791137869
 20
-20.067846120295286
 30
0.0
 11
8.418306206050971
 21
-20.071392183651188
 31
0.0
  0
LINE
  5
4EC
330
17
100
AcDbEntity
  8
ENGRAVE_POLARS
100
AcDbLine
 10
8.418306206050971
 20
-20.071392183651188
 30
0.0
 11
8.173543340737536
 21
-20.07872566772633
 31
0.0
  0
LINE
  5
4ED
330
17
100
AcDbEntity
  8
ENGRAVE_POLARS
100
AcDbLine
 10
8.173543340737536
 20
-20.07872566772633
 30
0.0
 11
7.932779304470397
 21
-20.086556573388336
 31
0.0
  0
LINE
  5
4EE
330
17
100
AcDbEntity
  8
ENGRAVE_POLARS
100
AcDbLine
 10
7.932779304470397
 20
-20.086556573388336
 30
0.0
 11
7.709491644918527
 21
-20.09006882226225
 31
0.0
  0
LINE
  5
4EF
330
17
100
AcDbEntity
  8
ENGRAVE_POLARS
100
AcDbLine
 10
7.709491644918527
 20
-20.09006882226225
 30
0.0
 11
7.498695081388736
 21
-20.089468867834047
 31
0.0
  0
LINE
  5
4F0
330
17
100
AcDbEntity
  8
ENGRAVE_POLARS
100
AcDbLine
 10
7.498695081388736
 20
-20.089468867834047
 30
0.0
 11
7.295404333187834
 21
-20.08496316358968
 31
0.0
  0
LINE
  5
4F1
330
17
100
AcDbEntity
  8
ENGRAVE_POLARS
100
AcDbLine
 10
7.295404333187834
 20
-20.08496316358968
 30
0.0
 11
7.094634119622628
 21
-20.07675816301512
 31
0.0
  0
LINE
  5
4F2
330
17
100
AcDbEntity
  8
ENGRAVE_POLARS
100
AcDbLine
 10
7.094634119622628
 20
-20.07675816301512
 30
0.0
 11
6.89139915999993
 21
-20.065060319596334
 31
0.0
  0
LINE
  5
4F3
330
17
100
AcDbEntity
  8
ENGRAVE_POLARS
100
AcDbLine
 10
6.89139915999993
 20
-20.065060319596334
 30
0.0
 11
6.6807141736265425
 21
-20.050076086819278
 31
0.0
  0
LINE
  5
4F4
330
17
100
AcDbEntity
  8
ENGRAVE_POLARS
100
AcDbLine
 10
6.6807141736265425
 20
-20.050076086819278
 30
0.0
 11
6.457593879809282
 21
-20.032011918169918
 31
0.0
  0
LINE
  5
4F5
330
17
100
AcDbEntity
  8
ENGRAVE_POLARS
100
AcDbLine
 10
6.457593879809282
 20
-20.032011918169918
 30
0.0
 11
6.217052997854953
 21
-20.011074267134212
 31
0.0
  0
LINE
  5
4F6
330
17
100
AcDbEntity
  8
ENGRAVE_POLARS
100
AcDbLine
 10
6.217052997854953
 20
-20.011074267134212
 30
0.0
 11
5.954106247070364
 21
-19.987469587198127
 31
0.0
  0
LINE
  5
4F7
330
17
100
AcDbEntity
  8
ENGRAVE_POLARS
100
AcDbLine
 10
5.954106247070364
 20
-19.987469587198127
 30
0.0
 11
5.663768346762325
 21
-19.96140433184763
 31
0.0
  0
LINE
  5
4F8
330
17
100
AcDbEntity
  8
ENGRAVE_POLARS
100
AcDbLine
 10
5.663768346762325
 20
-19.96140433184763
 30
0.0
 11
5.341054016237646
 21
-19.93308495456868
 31
0.0
  0
LINE
  5
4F9
330
17
100
AcDbEntity
  8
ENGRAVE_POLARS
100
AcDbLine
 10
5.341054016237646
 20
-19.93308495456868
 30
0.0
 11
4.966795097500728
 21
-19.899173011929545
 31
0.0
  0
LINE
  5
4FA
330
17
100
AcDbEntity
  8
ENGRAVE_POLARS
100
AcDbLine
 10
4.966795097500728
 20
-19.899173011929545
 30
0.0
 11
4.534232159856037
 21
-19.857318817943522
 31
0.0
  0
LINE
  5
4FB
330
17
100
AcDbEntity
  8
ENGRAVE_POLARS
100
AcDbLine
 10
4.534232159856037
 20
-19.857318817943522
 30
0.0
 11
4.056993013560477
 21
-19.809211962264133
 31
0.0
  0
LINE
  5
4FC
330
17
100
AcDbEntity
  8
ENGRAVE_POLARS
100
AcDbLine
 10
4.056993013560477
 20
-19.809211962264133
 30
0.0
 11
3.5487054688709443
 21
-19.756542034544882
 31
0.0
  0
LINE
  5
4FD
330
17
100
AcDbEntity
  8
ENGRAVE_POLARS
100
AcDbLine
 10
3.5487054688709443
 20
-19.756542034544882
 30
0.0
 11
3.0229973360443454
 21
-19.700998624439293
 31
0.0
  0
LINE
  5
4FE
330
17
100
AcDbEntity
  8
ENGRAVE_POLARS
100
AcDbLine
 10
3.0229973360443454
 20
-19.700998624439293
 30
0.0
 11
2.493496425337581
 21
-19.644271321600876
 31
0.0
  0
LINE
  5
4FF
330
17
100
AcDbEntity
  8
ENGRAVE_POLARS
100
AcDbLine
 10
2.493496425337581
 20
-19.644271321600876
 30
0.0
 11
1.9738305470075508
 21
-19.58804971568314
 31
0.0
  0
LINE
  5
500
330
17
100
AcDbEntity
  8
ENGRAVE_POLARS
100
AcDbLine
 10
1.9738305470075508
 20
-19.58804971568314
 30
0.0
 11
1.477627511311159
 21
-19.534023396339613
 31
0.0
  0
LINE
  5
501
330
17
100
AcDbEntity
  8
ENGRAVE_POLARS
100
AcDbLine
 10
1.477627511311159
 20
-19.534023396339613
 30
0.0
 11
1.0185151285053073
 21
-19.4838819532238
 31
0.0
  0
LINE
  5
502
330
17
100
AcDbEntity
  8
ENGRAVE_POLARS
100
AcDbLine
 10
1.0185151285053073
 20
-19.4838819532238
 30
0.0
 11
0.6101212088468958
 21
-19.43931497598921
 31
0.0
  0
LINE
  5
503
330
17
100
AcDbEntity
  8
ENGRAVE_POLARS
100
AcDbLine
 10
0.6101212088468958
 20
-19.43931497598921
 30
0.0
 11
0.26607356259282666
 21
-19.40201205428936
 31
0.0
  0
LINE
  5
504
330
17
100
AcDbEntity
  8
ENGRAVE_POLARS
100
AcDbLine
 10
0.26607356259282666
 20
-19.40201205428936
 30
0.0
 11
2.3725894108565774e-15
 21
-19.373662777777778
 31
0.0
  0
LINE
  5
505
330
17
100
AcDbEntity
  8
ENGRAVE_POLARS
100
AcDbLine
 10
-12.334672609147802
 20
15.654941875259285
 30
0.0
 11
-12.598615056990075
 21
15.56413602643952
 31
0.0
  0
LINE
  5
506
330
17
100
AcDbEntity
  8
ENGRAVE_POLARS
100
AcDbLine
 10
-12.598615056990075
 20
15.56413602643952
 30
0.0
 11
-12.94190382945363
 21
15.4520114569622
 31
0.0
  0
LINE
  5
507
330
17
100
AcDbEntity
  8
ENGRAVE_POLARS
100
AcDbLine
 10
-12.94190382945363
 20
15.4520114569622
 30
0.0
 11
-13.350285606036795
 21
15.321271893362473
 31
0.0
  0
LINE
  5
508
330
17
100
AcDbEntity
  8
ENGRAVE_POLARS
100
AcDbLine
 10
-13.350285606036795
 20
15.321271893362473
 30
0.0
 11
-13.809507066237918
 21
15.174621062175493
 31
0.0
  0
LINE
  5
509
330
17
100
AcDbEntity
  8
ENGRAVE_POLARS
100
AcDbLine
 10
-13.809507066237918
 20
15.174621062175493
 30
0.0
 11
-14.305314889555333
 21
15.014762689936415
 31
0.0
  0
LINE
  5
50A
330
17
100
AcDbEntity
  8
ENGRAVE_POLARS
100
AcDbLine
 10
-14.305314889555333
 20
15.014762689936415
 30
0.0
 11
-14.823455755487373
 21
14.844400503180385
 31
0.0
  0
LINE
  5
50B
330
17
100
AcDbEntity
  8
ENGRAVE_POLARS
100
AcDbLine
 10
-14.823455755487373
 20
14.844400503180385
 30
0.0
 11
-15.349676343532385
 21
14.666238228442563
 31
0.0
  0
LINE
  5
50C
330
17
100
AcDbEntity
  8
ENGRAVE_POLARS
100
AcDbLine
 10
-15.349676343532385
 20
14.666238228442563
 30
0.0
 11
-15.869723333188693
 21
14.482979592258099
 31
0.0
  0
LINE
  5
50D
330
17
100
AcDbEntity
  8
ENGRAVE_POLARS
100
AcDbLine
 10
-15.869723333188693
 20
14.482979592258099
 30
0.0
 11
-16.369343403954648
 21
14.297328321162146
 31
0.0
  0
LINE
  5
50E
330
17
100
AcDbEntity
  8
ENGRAVE_POLARS
100
AcDbLine
 10
-16.369343403954648
 20
14.297328321162146
 30
0.0
 11
-16.834283235328584
 21
14.111988141689856
 31
0.0
  0
LINE
  5
50F
330
17
100
AcDbEntity
  8
ENGRAVE_POLARS
100
AcDbLine
 10
-16.834283235328584
 20
14.111988141689856
 30
0.0
 11
-17.250289506808826
 21
13.929662780376383
 31
0.0
  0
LINE
  5
510
330
17
100
AcDbEntity
  8
ENGRAVE_POLARS
100
AcDbLine
 10
-17.250289506808826
 20
13.929662780376383
 30
0.0
 11
-17.603108897893733
 21
13.753055963756877
 31
0.0
  0
LINE
  5
511
330
17
100
AcDbEntity
  8
ENGRAVE_POLARS
100
AcDbLine
 10
-17.603108897893733
 20
13.753055963756877
 30
0.0
 11
-17.90056871914535
 21
13.581810756267169
 31
0.0
  0
LINE
  5
512
330
17
100
AcDbEntity
  8
ENGRAVE_POLARS
100
AcDbLine
 10
-17.90056871914535
 20
13.581810756267169
 30
0.0
 11
-18.163199063286804
 21
13.412750497237164
 31
0.0
  0
LINE
  5
513
330
17
100
AcDbEntity
  8
ENGRAVE_POLARS
100
AcDbLine
 10
-18.163199063286804
 20
13.412750497237164
 30
0.0
 11
-18.395800783058032
 21
13.244349325543135
 31
0.0
  0
LINE
  5
514
330
17
100
AcDbEntity
  8
ENGRAVE_POLARS
100
AcDbLine
 10
-18.395800783058032
 20
13.244349325543135
 30
0.0
 11
-18.603174731198962
 21
13.075081380061345
 31
0.0
  0
LINE
  5
515
330
17
100
AcDbEntity
  8
ENGRAVE_POLARS
100
AcDbLine
 10
-18.603174731198962
 20
13.075081380061345
 30
0.0
 11
-18.790121760449537
 21
12.90342079966807
 31
0.0
  0
LINE
  5
516
330
17
100
AcDbEntity
  8
ENGRAVE_POLARS
100
AcDbLine
 10
-18.790121760449537
 20
12.90342079966807
 30
0.0
 11
-18.961442723549688
 21
12.72784172323957
 31
0.0
  0
LINE
  5
517
330
17
100
AcDbEntity
  8
ENGRAVE_POLARS
100
AcDbLine
 10
-18.961442723549688
 20
12.72784172323957
 30
0.0
 11
-19.121938473239343
 21
12.546818289652117
 31
0.0
  0
LINE
  5
518
330
17
100
AcDbEntity
  8
ENGRAVE_POLARS
100
AcDbLine
 10
-19.121938473239343
 20
12.546818289652117
 30
0.0
 11
-19.276409862258447
 21
12.358824637781986
 31
0.0
  0
LINE
  5
519
330
17
100
AcDbEntity
  8
ENGRAVE_POLARS
100
AcDbLine
 10
-19.276409862258447
 20
12.358824637781986
 30
0.0
 11
-19.429657743346937
 21
12.16233490650544
 31
0.0
  0
LINE
  5
51A
330
17
100
AcDbEntity
  8
ENGRAVE_POLARS
100
AcDbLine
 10
-19.429657743346937
 20
12.16233490650544
 30
0.0
 11
-19.586482969244738
 21
11.955823234698746
 31
0.0
  0
LINE
  5
51B
330
17
100
AcDbEntity
  8
ENGRAVE_POLARS
100
AcDbLine
 10
-19.586482969244738
 20
11.955823234698746
 30
0.0
 11
-19.75168639269179
 21
11.737763761238178
 31
0.0
  0
LINE
  5
51C
330
17
100
AcDbEntity
  8
ENGRAVE_POLARS
100
AcDbLine
 10
-19.75168639269179
 20
11.737763761238178
 30
0.0
 11
-19.930068866428023
 21
11.506630625000001
 31
0.0
  0
LINE
  5
51D
330
17
100
AcDbEntity
  8
ENGRAVE_POLARS
100
AcDbLine
 10
-19.930068866428023
 20
11.506630625000001
 30
0.0
 11
-20.119893903098415
 21
11.255365714848152
 31
0.0
  0
LINE
  5
51E
330
17
100
AcDbEntity
  8
ENGRAVE_POLARS
100
AcDbLine
 10
-20.119893903098415
 20
11.255365714848152
 30
0.0
 11
-20.314819171397104
 21
10.981142081285563
 31
0.0
  0
LINE
  5
51F
330
17
100
AcDbEntity
  8
ENGRAVE_POLARS
100
AcDbLine
 10
-20.314819171397104
 20
10.981142081285563
 30
0.0
 11
-20.512736758137788
 21
10.688780605647011
 31
0.0
  0
LINE
  5
520
330
17
100
AcDbEntity
  8
ENGRAVE_POLARS
100
AcDbLine
 10
-20.512736758137788
 20
10.688780605647011
 30
0.0
 11
-20.71153875013416
 21
10.38310216926727
 31
0.0
  0
LINE
  5
521
330
17
100
AcDbEntity
  8
ENGRAVE_POLARS
100
AcDbLine
 10
-20.71153875013416
 20
10.38310216926727
 30
0.0
 11
-20.90911723419991
 21
10.068927653481119
 31
0.0
  0
LINE
  5
522
330
17
100
AcDbEntity
  8
ENGRAVE_POLARS
100
AcDbLine
 10
-20.90911723419991
 20
10.068927653481119
 30
0.0
 11
-21.103364297148737
 21
9.751077939623325
 31
0.0
  0
LINE
  5
523
330
17
100
AcDbEntity
  8
ENGRAVE_POLARS
100
AcDbLine
 10
-21.103364297148737
 20
9.751077939623325
 30
0.0
 11
-21.292172025794326
 21
9.434373909028665
 31
0.0
  0
LINE
  5
524
330
17
100
AcDbEntity
  8
ENGRAVE_POLARS
100
AcDbLine
 10
-21.292172025794326
 20
9.434373909028665
 30
0.0
 11
-21.473432506950378
 21
9.123636443031916
 31
0.0
  0
LINE
  5
525
330
17
100
AcDbEntity
  8
ENGRAVE_POLARS
100
AcDbLine
 10
-21.473432506950378
 20
9.123636443031916
 30
0.0
 11
-21.64503782743058
 21
8.823686422967855
 31
0.0
  0
LINE
  5
526
330
17
100
AcDbEntity
  8
ENGRAVE_POLARS
100
AcDbLine
 10
-21.64503782743058
 20
8.823686422967855
 30
0.0
 11
-21.80488007404863
 21
8.539344730171251
 31
0.0
  0
LINE
  5
527
330
17
100
AcDbEntity
  8
ENGRAVE_POLARS
100
AcDbLine
 10
-21.80488007404863
 20
8.539344730171251
 30
0.0
 11
-21.95085133361821
 21
8.275432245976878
 31
0.0
  0
LINE
  5
528
330
17
100
AcDbEntity
  8
ENGRAVE_POLARS
100
AcDbLine
 10
-21.95085133361821
 20
8.275432245976878
 30
0.0
 11
-22.080843692953035
 21
8.036769851719516
 31
0.0
  0
LINE
  5
529
330
17
100
AcDbEntity
  8
ENGRAVE_POLARS
100
AcDbLine
 10
-22.080843692953035
 20
8.036769851719516
 30
0.0
 11
-22.193644042514013
 21
7.822944560428561
 31
0.0
  0
LINE
  5
52A
330
17
100
AcDbEntity
  8
ENGRAVE_POLARS
100
AcDbLine
 10
-22.193644042514013
 20
7.822944560428561
 30
0.0
 11
-22.29077994516136
 21
7.628434418939334
 31
0.0
  0
LINE
  5
52B
330
17
100
AcDbEntity
  8
ENGRAVE_POLARS
100
AcDbLine
 10
-22.29077994516136
 20
7.628434418939334
 30
0.0
 11
-22.374254496307657
 21
7.450396859295488
 31
0.0
  0
LINE
  5
52C
330
17
100
AcDbEntity
  8
ENGRAVE_POLARS
100
AcDbLine
 10
-22.374254496307657
 20
7.450396859295488
 30
0.0
 11
-22.446070791365514
 21
7.285989313540671
 31
0.0
  0
LINE
  5
52D
330
17
100
AcDbEntity
  8
ENGRAVE_POLARS
100
AcDbLine
 10
-22.446070791365514
 20
7.285989313540671
 30
0.0
 11
-22.508231925747527
 21
7.132369213718541
 31
0.0
  0
LINE
  5
52E
330
17
100
AcDbEntity
  8
ENGRAVE_POLARS
100
AcDbLine
 10
-22.508231925747527
 20
7.132369213718541
 30
0.0
 11
-22.562740994866285
 21
6.986693991872746
 31
0.0
  0
LINE
  5
52F
330
17
100
AcDbEntity
  8
ENGRAVE_POLARS
100
AcDbLine
 10
-22.562740994866285
 20
6.986693991872746
 30
0.0
 11
-22.61160109413439
 21
6.84612108004694
 31
0.0
  0
LINE
  5
530
330
17
100
AcDbEntity
  8
ENGRAVE_POLARS
100
AcDbLine
 10
-22.61160109413439
 20
6.84612108004694
 30
0.0
 11
-22.656815318964433
 21
6.707807910284777
 31
0.0
  0
LINE
  5
531
330
17
100
AcDbEntity
  8
ENGRAVE_POLARS
100
AcDbLine
 10
-22.656815318964433
 20
6.707807910284777
 30
0.0
 11
-22.70038676476903
 21
6.568911914629908
 31
0.0
  0
LINE
  5
532
330
17
100
AcDbEntity
  8
ENGRAVE_POLARS
100
AcDbLine
 10
-22.70038676476903
 20
6.568911914629908
 30
0.0
 11
-22.744318526960754
 21
6.4265905251259845
 31
0.0
  0
LINE
  5
533
330
17
100
AcDbEntity
  8
ENGRAVE_POLARS
100
AcDbLine
 10
-22.744318526960754
 20
6.4265905251259845
 30
0.0
 11
-22.790613700952218
 21
6.2780011738166595
 31
0.0
  0
LINE
  5
534
330
17
100
AcDbEntity
  8
ENGRAVE_POLARS
100
AcDbLine
 10
-22.790613700952218
 20
6.2780011738166595
 30
0.0
 11
-22.841275382156013
 21
6.120301292745586
 31
0.0
  0
LINE
  5
535
330
17
100
AcDbEntity
  8
ENGRAVE_POLARS
100
AcDbLine
 10
-22.841275382156013
 20
6.120301292745586
 30
0.0
 11
-22.89378701265684
 21
5.963286209250909
 31
0.0
  0
LINE
  5
536
330
17
100
AcDbEntity
  8
ENGRAVE_POLARS
100
AcDbLine
 10
-22.89378701265684
 20
5.963286209250909
 30
0.0
 11
-22.944361951513034
 21
5.816290296682008
 31
0.0
  0
LINE
  5
537
330
17
100
AcDbEntity
  8
ENGRAVE_POLARS
100
AcDbLine
 10
-22.944361951513034
 20
5.816290296682008
 30
0.0
 11
-22.99309816959766
 21
5.67577955609939
 31
0.0
  0
LINE
  5
538
330
17
100
AcDbEntity
  8
ENGRAVE_POLARS
100
AcDbLine
 10
-22.99309816959766
 20
5.67577955609939
 30
0.0
 11
-23.040093637783766
 21
5.53821998856356
 31
0.0
  0
LINE
  5
539
330
17
100
AcDbEntity
  8
ENGRAVE_POLARS
100
AcDbLine
 10
-23.040093637783766
 20
5.53821998856356
 30
0.0
 11
-23.085446326944414
 21
5.4000775951350235
 31
0.0
  0
LINE
  5
53A
330
17
100
AcDbEntity
  8
ENGRAVE_POLARS
100
AcDbLine
 10
-23.085446326944414
 20
5.4000775951350235
 30
0.0
 11
-23.12925420795266
 21
5.2578183768742885
 31
0.0
  0
LINE
  5
53B
330
17
100
AcDbEntity
  8
ENGRAVE_POLARS
100
AcDbLine
 10
-23.12925420795266
 20
5.2578183768742885
 30
0.0
 11
-23.17161525168156
 21
5.107908334841856
 31
0.0
  0
LINE
  5
53C
330
17
100
AcDbEntity
  8
ENGRAVE_POLARS
100
AcDbLine
 10
-23.17161525168156
 20
5.107908334841856
 30
0.0
 11
-23.21262742900417
 21
4.9468134700982365
 31
0.0
  0
LINE
  5
53D
330
17
100
AcDbEntity
  8
ENGRAVE_POLARS
100
AcDbLine
 10
-23.21262742900417
 20
4.9468134700982365
 30
0.0
 11
-23.25238871079355
 21
4.7709997837039335
 31
0.0
  0
LINE
  5
53E
330
17
100
AcDbEntity
  8
ENGRAVE_POLARS
100
AcDbLine
 10
-23.25238871079355
 20
4.7709997837039335
 30
0.0
 11
-23.290997067922756
 21
4.576933276719453
 31
0.0
  0
LINE
  5
53F
330
17
100
AcDbEntity
  8
ENGRAVE_POLARS
100
AcDbLine
 10
-23.290997067922756
 20
4.576933276719453
 30
0.0
 11
-23.328550471264847
 21
4.3610799502053
 31
0.0
  0
LINE
  5
540
330
17
100
AcDbEntity
  8
ENGRAVE_POLARS
100
AcDbLine
 10
-23.328550471264847
 20
4.3610799502053
 30
0.0
 11
-23.365146891692877
 21
4.119905805221983
 31
0.0
  0
LINE
  5
541
330
17
100
AcDbEntity
  8
ENGRAVE_POLARS
100
AcDbLine
 10
-23.365146891692877
 20
4.119905805221983
 30
0.0
 11
-23.401528933023766
 21
3.865018280951057
 31
0.0
  0
LINE
  5
542
330
17
100
AcDbEntity
  8
ENGRAVE_POLARS
100
AcDbLine
 10
-23.401528933023766
 20
3.865018280951057
 30
0.0
 11
-23.438062284006772
 21
3.607659201169331
 31
0.0
  0
LINE
  5
543
330
17
100
AcDbEntity
  8
ENGRAVE_POLARS
100
AcDbLine
 10
-23.438062284006772
 20
3.607659201169331
 30
0.0
 11
-23.474279542913436
 21
3.3437461438301748
 31
0.0
  0
LINE
  5
544
330
17
100
AcDbEntity
  8
ENGRAVE_POLARS
100
AcDbLine
 10
-23.474279542913436
 20
3.3437461438301748
 30
0.0
 11
-23.50971330801532
 21
3.0691966868869622
 31
0.0
  0
LINE
  5
545
330
17
100
AcDbEntity
  8
ENGRAVE_POLARS
100
AcDbLine
 10
-23.50971330801532
 20
3.0691966868869622
 30
0.0
 11
-23.543896177583978
 21
2.7799284082930673
 31
0.0
  0
LINE
  5
546
330
17
100
AcDbEntity
  8
ENGRAVE_POLARS
100
AcDbLine
 10
-23.543896177583978
 20
2.7799284082930673
 30
0.0
 11
-23.57636074989095
 21
2.4718588860018618
 31
0.0
  0
LINE
  5
547
330
17
100
AcDbEntity
  8
ENGRAVE_POLARS
100
AcDbLine
 10
-23.57636074989095
 20
2.4718588860018618
 30
0.0
 11
-23.606639623207798
 21
2.1409056979667187
 31
0.0
  0
LINE
  5
548
330
17
100
AcDbEntity
  8
ENGRAVE_POLARS
100
AcDbLine
 10
-23.606639623207798
 20
2.1409056979667187
 30
0.0
 11
-23.634265395806064
 21
1.7829864221410117
 31
0.0
  0
LINE
  5
549
330
17
100
AcDbEntity
  8
ENGRAVE_POLARS
100
AcDbLine
 10
-23.634265395806064
 20
1.7829864221410117
 30
0.0
 11
-23.658770665957316
 21
1.3940186364781137
 31
0.0
  0
LINE
  5
54A
330
17
100
AcDbEntity
  8
ENGRAVE_POLARS
100
AcDbLine
 10
-23.658770665957316
 20
1.3940186364781137
 30
0.0
 11
-23.679688031933093
 21
0.9699199189313972
 31
0.0
  0
LINE
  5
54B
330
17
100
AcDbEntity
  8
ENGRAVE_POLARS
100
AcDbLine
 10
-23.679688031933093
 20
0.9699199189313972
 30
0.0
 11
-23.696550092004948
 21
0.5066078474542353
 31
0.0
  0
LINE
  5
54C
330
17
100
AcDbEntity
  8
ENGRAVE_POLARS
100
AcDbLine
 10
-23.696550092004948
 20
0.5066078474542353
 30
0.0
 11
-23.70888944444444
 21
1.4517507784738678e-15
 31
0.0
  0
LINE
  5
54D
330
17
100
AcDbEntity
  8
ENGRAVE_POLARS
100
AcDbLine
 10
-23.70888944444444
 20
1.4517507784738678e-15
 30
0.0
 11
-23.720486996432374
 21
-0.5735725242574992
 31
0.0
  0
LINE
  5
54E
330
17
100
AcDbEntity
  8
ENGRAVE_POLARS
100
AcDbLine
 10
-23.720486996432374
 20
-0.5735725242574992
 30
0.0
 11
-23.734258672605762
 21
-1.2247182017931608
 31
0.0
  0
LINE
  5
54F
330
17
100
AcDbEntity
  8
ENGRAVE_POLARS
100
AcDbLine
 10
-23.734258672605762
 20
-1.2247182017931608
 30
0.0
 11
-23.748439597420433
 21
-1.9379288181266598
 31
0.0
  0
LINE
  5
550
330
17
100
AcDbEntity
  8
ENGRAVE_POLARS
100
AcDbLine
 10
-23.748439597420433
 20
-1.9379288181266598
 30
0.0
 11
-23.761264895332232
 21
-2.6976961587776733
 31
0.0
  0
LINE
  5
551
330
17
100
AcDbEntity
  8
ENGRAVE_POLARS
100
AcDbLine
 10
-23.761264895332232
 20
-2.6976961587776733
 30
0.0
 11
-23.770969690797017
 21
-3.488512009265878
 31
0.0
  0
LINE
  5
552
330
17
100
AcDbEntity
  8
ENGRAVE_POLARS
100
AcDbLine
 10
-23.770969690797017
 20
-3.488512009265878
 30
0.0
 11
-23.775789108270622
 21
-4.294868155110951
 31
0.0
  0
LINE
  5
553
330
17
100
AcDbEntity
  8
ENGRAVE_POLARS
100
AcDbLine
 10
-23.775789108270622
 20
-4.294868155110951
 30
0.0
 11
-23.773958272208883
 21
-5.1012563818325685
 31
0.0
  0
LINE
  5
554
330
17
100
AcDbEntity
  8
ENGRAVE_POLARS
100
AcDbLine
 10
-23.773958272208883
 20
-5.1012563818325685
 30
0.0
 11
-23.763712307067657
 21
-5.892168474950409
 31
0.0
  0
LINE
  5
555
330
17
100
AcDbEntity
  8
ENGRAVE_POLARS
100
AcDbLine
 10
-23.763712307067657
 20
-5.892168474950409
 30
0.0
 11
-23.74328633730278
 21
-6.652096219984147
 31
0.0
  0
LINE
  5
556
330
17
100
AcDbEntity
  8
ENGRAVE_POLARS
100
AcDbLine
 10
-23.74328633730278
 20
-6.652096219984147
 30
0.0
 11
-23.71091548737009
 21
-7.36553140245346
 31
0.0
  0
LINE
  5
557
330
17
100
AcDbEntity
  8
ENGRAVE_POLARS
100
AcDbLine
 10
-23.71091548737009
 20
-7.36553140245346
 30
0.0
 11
-23.66483488172544
 21
-8.016965807878025
 31
0.0
  0
LINE
  5
558
330
17
100
AcDbEntity
  8
ENGRAVE_POLARS
100
AcDbLine
 10
-23.66483488172544
 20
-8.016965807878025
 30
0.0
 11
-23.60327964482467
 21
-8.59089122177752
 31
0.0
  0
LINE
  5
559
330
17
100
AcDbEntity
  8
ENGRAVE_POLARS
100
AcDbLine
 10
-23.60327964482467
 20
-8.59089122177752
 30
0.0
 11
-23.533591843004267
 21
-9.089654818209436
 31
0.0
  0
LINE
  5
55A
330
17
100
AcDbEntity
  8
ENGRAVE_POLARS
100
AcDbLine
 10
-23.533591843004267
 20
-9.089654818209436
 30
0.0
 11
-23.462369019071993
 21
-9.53166830555253
 31
0.0
  0
LINE
  5
55B
330
17
100
AcDbEntity
  8
ENGRAVE_POLARS
100
AcDbLine
 10
-23.462369019071993
 20
-9.53166830555253
 30
0.0
 11
-23.386729512190584
 21
-9.925520270808379
 31
0.0
  0
LINE
  5
55C
330
17
100
AcDbEntity
  8
ENGRAVE_POLARS
100
AcDbLine
 10
-23.386729512190584
 20
-9.925520270808379
 30
0.0
 11
-23.303791661522773
 21
-10.279799300978551
 31
0.0
  0
LINE
  5
55D
330
17
100
AcDbEntity
  8
ENGRAVE_POLARS
100
AcDbLine
 10
-23.303791661522773
 20
-10.279799300978551
 30
0.0
 11
-23.210673806231323
 21
-10.603093983064621
 31
0.0
  0
LINE
  5
55E
330
17
100
AcDbEntity
  8
ENGRAVE_POLARS
100
AcDbLine
 10
-23.210673806231323
 20
-10.603093983064621
 30
0.0
 11
-23.104494285478964
 21
-10.903992904068165
 31
0.0
  0
LINE
  5
55F
330
17
100
AcDbEntity
  8
ENGRAVE_POLARS
100
AcDbLine
 10
-23.104494285478964
 20
-10.903992904068165
 30
0.0
 11
-22.98237143842843
 21
-11.191084650990753
 31
0.0
  0
LINE
  5
560
330
17
100
AcDbEntity
  8
ENGRAVE_POLARS
100
AcDbLine
 10
-22.98237143842843
 20
-11.191084650990753
 30
0.0
 11
-22.841423604242475
 21
-11.47295781083396
 31
0.0
  0
LINE
  5
561
330
17
100
AcDbEntity
  8
ENGRAVE_POLARS
100
AcDbLine
 10
-22.841423604242475
 20
-11.47295781083396
 30
0.0
 11
-22.678769122083832
 21
-11.758200970599358
 31
0.0
  0
LINE
  5
562
330
17
100
AcDbEntity
  8
ENGRAVE_POLARS
100
AcDbLine
 10
-22.678769122083832
 20
-11.758200970599358
 30
0.0
 11
-22.491526331115246
 21
-12.055402717288523
 31
0.0
  0
LINE
  5
563
330
17
100
AcDbEntity
  8
ENGRAVE_POLARS
100
AcDbLine
 10
-22.491526331115246
 20
-12.055402717288523
 30
0.0
 11
-22.276813570499453
 21
-12.373151637903025
 31
0.0
  0
LINE
  5
564
330
17
100
AcDbEntity
  8
ENGRAVE_POLARS
100
AcDbLine
 10
-22.276813570499453
 20
-12.373151637903025
 30
0.0
 11
-22.031749179399203
 21
-12.72003631944444
 31
0.0
  0
LINE
  5
565
330
17
100
AcDbEntity
  8
ENGRAVE_POLARS
100
AcDbLine
 10
-22.031749179399203
 20
-12.72003631944444
 30
0.0
 11
-21.753782680350106
 21
-13.094765761825894
 31
0.0
  0
LINE
  5
566
330
17
100
AcDbEntity
  8
ENGRAVE_POLARS
100
AcDbLine
 10
-21.753782680350106
 20
-13.094765761825894
 30
0.0
 11
-21.444434672242757
 21
-13.48714905189949
 31
0.0
  0
LINE
  5
567
330
17
100
AcDbEntity
  8
ENGRAVE_POLARS
100
AcDbLine
 10
-21.444434672242757
 20
-13.48714905189949
 30
0.0
 11
-21.10693010877234
 21
-13.892424907075236
 31
0.0
  0
LINE
  5
568
330
17
100
AcDbEntity
  8
ENGRAVE_POLARS
100
AcDbLine
 10
-21.10693010877234
 20
-13.892424907075236
 30
0.0
 11
-20.74449394363404
 21
-14.305832044763157
 31
0.0
  0
LINE
  5
569
330
17
100
AcDbEntity
  8
ENGRAVE_POLARS
100
AcDbLine
 10
-20.74449394363404
 20
-14.305832044763157
 30
0.0
 11
-20.360351130523064
 21
-14.722609182373269
 31
0.0
  0
LINE
  5
56A
330
17
100
AcDbEntity
  8
ENGRAVE_POLARS
100
AcDbLine
 10
-20.360351130523064
 20
-14.722609182373269
 30
0.0
 11
-19.957726623134587
 21
-15.137995037315594
 31
0.0
  0
LINE
  5
56B
330
17
100
AcDbEntity
  8
ENGRAVE_POLARS
100
AcDbLine
 10
-19.957726623134587
 20
-15.137995037315594
 30
0.0
 11
-19.539845375163807
 21
-15.547228327000143
 31
0.0
  0
LINE
  5
56C
330
17
100
AcDbEntity
  8
ENGRAVE_POLARS
100
AcDbLine
 10
-19.539845375163807
 20
-15.547228327000143
 30
0.0
 11
-19.10993234030591
 21
-15.945547768836944
 31
0.0
  0
LINE
  5
56D
330
17
100
AcDbEntity
  8
ENGRAVE_POLARS
100
AcDbLine
 10
-19.10993234030591
 20
-15.945547768836944
 30
0.0
 11
-18.671212472256098
 21
-16.32819208023601
 31
0.0
  0
LINE
  5
56E
330
17
100
AcDbEntity
  8
ENGRAVE_POLARS
100
AcDbLine
 10
-18.671212472256098
 20
-16.32819208023601
 30
0.0
 11
-18.226910724709544
 21
-16.690399978607363
 31
0.0
  0
LINE
  5
56F
330
17
100
AcDbEntity
  8
ENGRAVE_POLARS
100
AcDbLine
 10
-18.226910724709544
 20
-16.690399978607363
 30
0.0
 11
-17.780252051361447
 21
-17.02741018136102
 31
0.0
  0
LINE
  5
570
330
17
100
AcDbEntity
  8
ENGRAVE_POLARS
100
AcDbLine
 10
-17.780252051361447
 20
-17.02741018136102
 30
0.0
 11
-17.334461405907003
 21
-17.334461405907
 31
0.0
  0
LINE
  5
571
330
17
100
AcDbEntity
  8
ENGRAVE_POLARS
100
AcDbLine
 10
-17.334461405907003
 20
-17.334461405907
 30
0.0
 11
-16.872923245253904
 21
-17.61619477394231
 31
0.0
  0
LINE
  5
572
330
17
100
AcDbEntity
  8
ENGRAVE_POLARS
100
AcDbLine
 10
-16.872923245253904
 20
-17.61619477394231
 30
0.0
 11
-16.38154591067593
 21
-17.880757853008664
 31
0.0
  0
LINE
  5
573
330
17
100
AcDbEntity
  8
ENGRAVE_POLARS
100
AcDbLine
 10
-16.38154591067593
 20
-17.880757853008664
 30
0.0
 11
-15.8673401824174
 21
-18.12864902928313
 31
0.0
  0
LINE
  5
574
330
17
100
AcDbEntity
  8
ENGRAVE_POLARS
100
AcDbLine
 10
-15.8673401824174
 20
-18.12864902928313
 30
0.0
 11
-15.337316840722632
 21
-18.36036668894279
 31
0.0
  0
LINE
  5
575
330
17
100
AcDbEntity
  8
ENGRAVE_POLARS
100
AcDbLine
 10
-15.337316840722632
 20
-18.36036668894279
 30
0.0
 11
-14.798486665835942
 21
-18.576409218164727
 31
0.0
  0
LINE
  5
576
330
17
100
AcDbEntity
  8
ENGRAVE_POLARS
100
AcDbLine
 10
-14.798486665835942
 20
-18.576409218164727
 30
0.0
 11
-14.257860438001643
 21
-18.777275003125993
 31
0.0
  0
LINE
  5
577
330
17
100
AcDbEntity
  8
ENGRAVE_POLARS
100
AcDbLine
 10
-14.257860438001643
 20
-18.777275003125993
 30
0.0
 11
-13.72244893746405
 21
-18.963462430003673
 31
0.0
  0
LINE
  5
578
330
17
100
AcDbEntity
  8
ENGRAVE_POLARS
100
AcDbLine
 10
-13.72244893746405
 20
-18.963462430003673
 30
0.0
 11
-13.199262944467481
 21
-19.135469884974853
 31
0.0
  0
LINE
  5
579
330
17
100
AcDbEntity
  8
ENGRAVE_POLARS
100
AcDbLine
 10
-13.199262944467481
 20
-19.135469884974853
 30
0.0
 11
-12.695313239256258
 21
-19.293795754216593
 31
0.0
  0
LINE
  5
57A
330
17
100
AcDbEntity
  8
ENGRAVE_POLARS
100
AcDbLine
 10
-12.695313239256258
 20
-19.293795754216593
 30
0.0
 11
-12.217610602074686
 21
-19.438938423905977
 31
0.0
  0
LINE
  5
57B
330
17
100
AcDbEntity
  8
ENGRAVE_POLARS
100
AcDbLine
 10
-12.217610602074686
 20
-19.438938423905977
 30
0.0
 11
-11.773165813167084
 21
-19.571396280220075
 31
0.0
  0
LINE
  5
57C
330
17
100
AcDbEntity
  8
ENGRAVE_POLARS
100
AcDbLine
 10
-11.773165813167084
 20
-19.571396280220075
 30
0.0
 11
-11.368989652777776
 21
-19.69166770933596
 31
0.0
  0
LINE
  5
57D
330
17
100
AcDbEntity
  8
ENGRAVE_POLARS
100
AcDbLine
 10
-11.368989652777776
 20
-19.69166770933596
 30
0.0
 11
-11.004564264148637
 21
-19.79459604473906
 31
0.0
  0
LINE
  5
57E
330
17
100
AcDbEntity
  8
ENGRAVE_POLARS
100
AcDbLine
 10
-11.004564264148637
 20
-19.79459604473906
 30
0.0
 11
-10.671911978167074
 21
-19.8763560773633
 31
0.0
  0
LINE
  5
57F
330
17
100
AcDbEntity
  8
ENGRAVE_POLARS
100
AcDbLine
 10
-10.671911978167074
 20
-19.8763560773633
 30
0.0
 11
-10.36685385654567
 21
-19.939443379558483
 31
0.0
  0
LINE
  5
580
330
17
100
AcDbEntity
  8
ENGRAVE_POLARS
100
AcDbLine
 10
-10.36685385654567
 20
-19.939443379558483
 30
0.0
 11
-10.085210960997017
 21
-19.986353523674428
 31
0.0
  0
LINE
  5
581
330
17
100
AcDbEntity
  8
ENGRAVE_POLARS
100
AcDbLine
 10
-10.085210960997017
 20
-19.986353523674428
 30
0.0
 11
-9.822804353233705
 21
-20.01958208206093
 31
0.0
  0
LINE
  5
582
330
17
100
AcDbEntity
  8
ENGRAVE_POLARS
100
AcDbLine
 10
-9.822804353233705
 20
-20.01958208206093
 30
0.0
 11
-9.575455094968323
 21
-20.041624627067804
 31
0.0
  0
LINE
  5
583
330
17
100
AcDbEntity
  8
ENGRAVE_POLARS
100
AcDbLine
 10
-9.575455094968323
 20
-20.041624627067804
 30
0.0
 11
-9.338984247913459
 21
-20.05497673104487
 31
0.0
  0
LINE
  5
584
330
17
100
AcDbEntity
  8
ENGRAVE_POLARS
100
AcDbLine
 10
-9.338984247913459
 20
-20.05497673104487
 30
0.0
 11
-9.1092128737817
 21
-20.062133966341936
 31
0.0
  0
LINE
  5
585
330
17
100
AcDbEntity
  8
ENGRAVE_POLARS
100
AcDbLine
 10
-9.1092128737817
 20
-20.062133966341936
 30
0.0
 11
-8.881962034285642
 21
-20.0655919053088
 31
0.0
  0
LINE
  5
586
330
17
100
AcDbEntity
  8
ENGRAVE_POLARS
100
AcDbLine
 10
-8.881962034285642
 20
-20.0655919053088
 30
0.0
 11
-8.653052791137869
 21
-20.067846120295286
 31
0.0
  0
LINE
  5
587
330
17
100
AcDbEntity
  8
ENGRAVE_POLARS
100
AcDbLine
 10
-8.653052791137869
 20
-20.067846120295286
 30
0.0
 11
-8.418306206050971
 21
-20.071392183651188
 31
0.0
  0
LINE
  5
588
330
17
100
AcDbEntity
  8
ENGRAVE_POLARS
100
AcDbLine
 10
-8.418306206050971
 20
-20.071392183651188
 30
0.0
 11
-8.173543340737536
 21
-20.07872566772633
 31
0.0
  0
LINE
  5
589
330
17
100
AcDbEntity
  8
ENGRAVE_POLARS
100
AcDbLine
 10
-8.173543340737536
 20
-20.07872566772633
 30
0.0
 11
-7.932779304470397
 21
-20.086556573388336
 31
0.0
  0
LINE
  5
58A
330
17
100
AcDbEntity
  8
ENGRAVE_POLARS
100
AcDbLine
 10
-7.932779304470397
 20
-20.086556573388336
 30
0.0
 11
-7.709491644918527
 21
-20.09006882226225
 31
0.0
  0
LINE
  5
58B
330
17
100
AcDbEntity
  8
ENGRAVE_POLARS
100
AcDbLine
 10
-7.709491644918527
 20
-20.09006882226225
 30
0.0
 11
-7.498695081388736
 21
-20.089468867834047
 31
0.0
  0
LINE
  5
58C
330
17
100
AcDbEntity
  8
ENGRAVE_POLARS
100
AcDbLine
 10
-7.498695081388736
 20
-20.089468867834047
 30
0.0
 11
-7.295404333187834
 21
-20.08496316358968
 31
0.0
  0
LINE
  5
58D
330
17
100
AcDbEntity
  8
ENGRAVE_POLARS
100
AcDbLine
 10
-7.295404333187834
 20
-20.08496316358968
 30
0.0
 11
-7.094634119622628
 21
-20.07675816301512
 31
0.0
  0
LINE
  5
58E
330
17
100
AcDbEntity
  8
ENGRAVE_POLARS
100
AcDbLine
 10
-7.094634119622628
 20
-20.07675816301512
 30
0.0
 11
-6.89139915999993
 21
-20.065060319596334
 31
0.0
  0
LINE
  5
58F
330
17
100
AcDbEntity
  8
ENGRAVE_POLARS
100
AcDbLine
 10
-6.89139915999993
 20
-20.065060319596334
 30
0.0
 11
-6.6807141736265425
 21
-20.050076086819278
 31
0.0
  0
LINE
  5
590
330
17
100
AcDbEntity
  8
ENGRAVE_POLARS
100
AcDbLine
 10
-6.6807141736265425
 20
-20.050076086819278
 30
0.0
 11
-6.457593879809282
 21
-20.032011918169918
 31
0.0
  0
LINE
  5
591
330
17
100
AcDbEntity
  8
ENGRAVE_POLARS
100
AcDbLine
 10
-6.457593879809282
 20
-20.032011918169918
 30
0.0
 11
-6.217052997854953
 21
-20.011074267134212
 31
0.0
  0
LINE
  5
592
330
17
100
AcDbEntity
  8
ENGRAVE_POLARS
100
AcDbLine
 10
-6.217052997854953
 20
-20.011074267134212
 30
0.0
 11
-5.954106247070364
 21
-19.987469587198127
 31
0.0
  0
LINE
  5
593
330
17
100
AcDbEntity
  8
ENGRAVE_POLARS
100
AcDbLine
 10
-5.954106247070364
 20
-19.987469587198127
 30
0.0
 11
-5.663768346762325
 21
-19.96140433184763
 31
0.0
  0
LINE
  5
594
330
17
100
AcDbEntity
  8
ENGRAVE_POLARS
100
AcDbLine
 10
-5.663768346762325
 20
-19.96140433184763
 30
0.0
 11
-5.341054016237646
 21
-19.93308495456868
 31
0.0
  0
LINE
  5
595
330
17
100
AcDbEntity
  8
ENGRAVE_POLARS
100
AcDbLine
 10
-5.341054016237646
 20
-19.93308495456868
 30
0.0
 11
-4.966795097500728
 21
-19.899173011929545
 31
0.0
  0
LINE
  5
596
330
17
100
AcDbEntity
  8
ENGRAVE_POLARS
100
AcDbLine
 10
-4.966795097500728
 20
-19.899173011929545
 30
0.0
 11
-4.534232159856037
 21
-19.857318817943522
 31
0.0
  0
LINE
  5
597
330
17
100
AcDbEntity
  8
ENGRAVE_POLARS
100
AcDbLine
 10
-4.534232159856037
 20
-19.857318817943522
 30
0.0
 11
-4.056993013560477
 21
-19.809211962264133
 31
0.0
  0
LINE
  5
598
330
17
100
AcDbEntity
  8
ENGRAVE_POLARS
100
AcDbLine
 10
-4.056993013560477
 20
-19.809211962264133
 30
0.0
 11
-3.5487054688709443
 21
-19.756542034544882
 31
0.0
  0
LINE
  5
599
330
17
100
AcDbEntity
  8
ENGRAVE_POLARS
100
AcDbLine
 10
-3.5487054688709443
 20
-19.756542034544882
 30
0.0
 11
-3.0229973360443454
 21
-19.700998624439293
 31
0.0
  0
LINE
  5
59A
330
17
100
AcDbEntity
  8
ENGRAVE_POLARS
100
AcDbLine
 10
-3.0229973360443454
 20
-19.700998624439293
 30
0.0
 11
-2.493496425337581
 21
-19.644271321600876
 31
0.0
  0
LINE
  5
59B
330
17
100
AcDbEntity
  8
ENGRAVE_POLARS
100
AcDbLine
 10
-2.493496425337581
 20
-19.644271321600876
 30
0.0
 11
-1.9738305470075508
 21
-19.58804971568314
 31
0.0
  0
LINE
  5
59C
330
17
100
AcDbEntity
  8
ENGRAVE_POLARS
100
AcDbLine
 10
-1.9738305470075508
 20
-19.58804971568314
 30
0.0
 11
-1.477627511311159
 21
-19.534023396339613
 31
0.0
  0
LINE
  5
59D
330
17
100
AcDbEntity
  8
ENGRAVE_POLARS
100
AcDbLine
 10
-1.477627511311159
 20
-19.534023396339613
 30
0.0
 11
-1.0185151285053073
 21
-19.4838819532238
 31
0.0
  0
LINE
  5
59E
330
17
100
AcDbEntity
  8
ENGRAVE_POLARS
100
AcDbLine
 10
-1.0185151285053073
 20
-19.4838819532238
 30
0.0
 11
-0.6101212088468958
 21
-19.43931497598921
 31
0.0
  0
LINE
  5
59F
330
17
100
AcDbEntity
  8
ENGRAVE_POLARS
100
AcDbLine
 10
-0.6101212088468958
 20
-19.43931497598921
 30
0.0
 11
-0.26607356259282666
 21
-19.40201205428936
 31
0.0
  0
LINE
  5
5A0
330
17
100
AcDbEntity
  8
ENGRAVE_POLARS
100
AcDbLine
 10
-0.26607356259282666
 20
-19.40201205428936
 30
0.0
 11
-2.3725894108565774e-15
 21
-19.373662777777778
 31
0.0
  0
TEXT
  5
5A1
330
17
100
AcDbEntity
  8
ENGRAVE_TEXT
100
AcDbText
 10
11.212592424723065
 20
16.47723048966818
 30
0.0
 40
4.5
  1
12
 72
1
 11
11.212592424723065
 21
16.47723048966818
 31
0.0
100
AcDbText
 73
2
  0
TEXT
  5
5A2
330
17
100
AcDbEntity
  8
ENGRAVE_TEXT
100
AcDbText
 10
-11.212592424723065
 20
16.47723048966818
 30
0.0
 40
4.5
  1
12
 72
1
 11
-11.212592424723065
 21
16.47723048966818
 31
0.0
100
AcDbText
 73
2
  0
CIRCLE
  5
5A3
330
17
100
AcDbEntity
  8
ENGRAVE_VMG
100
AcDbCircle
 10
12.334672609147802
 20
15.654941875259285
 30
0.0
 40
0.6
  0
CIRCLE
  5
5A4
330
17
100
AcDbEntity
  8
ENGRAVE_VMG
100
AcDbCircle
 10
-12.334672609147802
 20
15.654941875259285
 30
0.0
 40
0.6
  0
CIRCLE
  5
5A5
330
17
100
AcDbEntity
  8
ENGRAVE_VMG
100
AcDbCircle
 10
8.173543340737536
 20
-20.07872566772633
 30
0.0
 40
0.6
  0
CIRCLE
  5
5A6
330
17
100
AcDbEntity
  8
ENGRAVE_VMG
100
AcDbCircle
 10
-8.173543340737536
 20
-20.07872566772633
 30
0.0
 40
0.6
  0
LINE
  5
5A7
330
17
100
AcDbEntity
  8
ENGRAVE_POLARS
100
AcDbLine
 10
10.696686249464763
 20
13.69182363660816
 30
0.0
 11
10.928483225628513
 21
13.60942428120509
 31
0.0
  0
LINE
  5
5A8
330
17
100
AcDbEntity
  8
ENGRAVE_POLARS
100
AcDbLine
 10
10.928483225628513
 20
13.60942428120509
 30
0.0
 11
11.230037612687596
 21
13.507336101283453
 31
0.0
  0
LINE
  5
5A9
330
17
100
AcDbEntity
  8
ENGRAVE_POLARS
100
AcDbLine
 10
11.230037612687596
 20
13.507336101283453
 30
0.0
 11
11.58880453169922
 21
13.388138983860285
 31
0.0
  0
LINE
  5
5AA
330
17
100
AcDbEntity
  8
ENGRAVE_POLARS
100
AcDbLine
 10
11.58880453169922
 20
13.388138983860285
 30
0.0
 11
11.992239103720605
 21
13.254412815952618
 31
0.0
  0
LINE
  5
5AB
330
17
100
AcDbEntity
  8
ENGRAVE_POLARS
100
AcDbLine
 10
11.992239103720605
 20
13.254412815952618
 30
0.0
 11
12.427796449808962
 21
13.108737484577492
 31
0.0
  0
LINE
  5
5AC
330
17
100
AcDbEntity
  8
ENGRAVE_POLARS
100
AcDbLine
 10
12.427796449808962
 20
13.108737484577492
 30
0.0
 11
12.882931691021497
 21
12.953692876751937
 31
0.0
  0
LINE
  5
5AD
330
17
100
AcDbEntity
  8
ENGRAVE_POLARS
100
AcDbLine
 10
12.882931691021497
 20
12.953692876751937
 30
0.0
 11
13.34509994841543
 21
12.791858879492988
 31
0.0
  0
LINE
  5
5AE
330
17
100
AcDbEntity
  8
ENGRAVE_POLARS
100
AcDbLine
 10
13.34509994841543
 20
12.791858879492988
 30
0.0
 11
13.801756343047971
 21
12.625815379817679
 31
0.0
  0
LINE
  5
5AF
330
17
100
AcDbEntity
  8
ENGRAVE_POLARS
100
AcDbLine
 10
13.801756343047971
 20
12.625815379817679
 30
0.0
 11
14.240355995976326
 21
12.458142264743044
 31
0.0
  0
LINE
  5
5B0
330
17
100
AcDbEntity
  8
ENGRAVE_POLARS
100
AcDbLine
 10
14.240355995976326
 20
12.458142264743044
 30
0.0
 11
14.648354028257717
 21
12.291419421286124
 31
0.0
  0
LINE
  5
5B1
330
17
100
AcDbEntity
  8
ENGRAVE_POLARS
100
AcDbLine
 10
14.648354028257717
 20
12.291419421286124
 30
0.0
 11
15.013205560949352
 21
12.128226736463944
 31
0.0
  0
LINE
  5
5B2
330
17
100
AcDbEntity
  8
ENGRAVE_POLARS
100
AcDbLine
 10
15.013205560949352
 20
12.128226736463944
 30
0.0
 11
15.322365715108441
 21
11.971144097293545
 31
0.0
  0
LINE
  5
5B3
330
17
100
AcDbEntity
  8
ENGRAVE_POLARS
100
AcDbLine
 10
15.322365715108441
 20
11.971144097293545
 30
0.0
 11
15.582251286507656
 21
11.819647416374936
 31
0.0
  0
LINE
  5
5B4
330
17
100
AcDbEntity
  8
ENGRAVE_POLARS
100
AcDbLine
 10
15.582251286507656
 20
11.819647416374936
 30
0.0
 11
15.810631013121734
 21
11.670588761344089
 31
0.0
  0
LINE
  5
5B5
330
17
100
AcDbEntity
  8
ENGRAVE_POLARS
100
AcDbLine
 10
15.810631013121734
 20
11.670588761344089
 30
0.0
 11
16.011987929310994
 21
11.522612251771974
 31
0.0
  0
LINE
  5
5B6
330
17
100
AcDbEntity
  8
ENGRAVE_POLARS
100
AcDbLine
 10
16.011987929310994
 20
11.522612251771974
 30
0.0
 11
16.190805069435758
 21
11.37436200722956
 31
0.0
  0
LINE
  5
5B7
330
17
100
AcDbEntity
  8
ENGRAVE_POLARS
100
AcDbLine
 10
16.190805069435758
 20
11.37436200722956
 30
0.0
 11
16.351565467856343
 21
11.224482147287828
 31
0.0
  0
LINE
  5
5B8
330
17
100
AcDbEntity
  8
ENGRAVE_POLARS
100
AcDbLine
 10
16.351565467856343
 20
11.224482147287828
 30
0.0
 11
16.49875215893306
 21
11.071616791517739
 31
0.0
  0
LINE
  5
5B9
330
17
100
AcDbEntity
  8
ENGRAVE_POLARS
100
AcDbLine
 10
16.49875215893306
 20
11.071616791517739
 30
0.0
 11
16.63684817702623
 21
10.914410059490269
 31
0.0
  0
LINE
  5
5BA
330
17
100
AcDbEntity
  8
ENGRAVE_POLARS
100
AcDbLine
 10
16.63684817702623
 20
10.914410059490269
 30
0.0
 11
16.770336556496186
 21
10.751506070776388
 31
0.0
  0
LINE
  5
5BB
330
17
100
AcDbEntity
  8
ENGRAVE_POLARS
100
AcDbLine
 10
16.770336556496186
 20
10.751506070776388
 30
0.0
 11
16.903700331703227
 21
10.58154894494707
 31
0.0
  0
LINE
  5
5BC
330
17
100
AcDbEntity
  8
ENGRAVE_POLARS
100
AcDbLine
 10
16.903700331703227
 20
10.58154894494707
 30
0.0
 11
17.041422537007684
 21
10.403182801573282
 31
0.0
  0
LINE
  5
5BD
330
17
100
AcDbEntity
  8
ENGRAVE_POLARS
100
AcDbLine
 10
17.041422537007684
 20
10.403182801573282
 30
0.0
 11
17.187986206769864
 21
10.215051760225998
 31
0.0
  0
LINE
  5
5BE
330
17
100
AcDbEntity
  8
ENGRAVE_POLARS
100
AcDbLine
 10
17.187986206769864
 20
10.215051760225998
 30
0.0
 11
17.347874375350095
 21
10.01579994047619
 31
0.0
  0
LINE
  5
5BF
330
17
100
AcDbEntity
  8
ENGRAVE_POLARS
100
AcDbLine
 10
17.347874375350095
 20
10.01579994047619
 30
0.0
 11
17.519796447513823
 21
9.799594449630485
 31
0.0
  0
LINE
  5
5C0
330
17
100
AcDbEntity
  8
ENGRAVE_POLARS
100
AcDbLine
 10
17.519796447513823
 20
9.799594449630485
 30
0.0
 11
17.69804055244598
 21
9.564202589170222
 31
0.0
  0
LINE
  5
5C1
330
17
100
AcDbEntity
  8
ENGRAVE_POLARS
100
AcDbLine
 10
17.69804055244598
 20
9.564202589170222
 30
0.0
 11
17.880457811136132
 21
9.313668769928443
 31
0.0
  0
LINE
  5
5C2
330
17
100
AcDbEntity
  8
ENGRAVE_POLARS
100
AcDbLine
 10
17.880457811136132
 20
9.313668769928443
 30
0.0
 11
18.06489934457382
 21
9.052037402738181
 31
0.0
  0
LINE
  5
5C3
330
17
100
AcDbEntity
  8
ENGRAVE_POLARS
100
AcDbLine
 10
18.06489934457382
 20
9.052037402738181
 30
0.0
 11
18.2492162737486
 21
8.783352898432483
 31
0.0
  0
LINE
  5
5C4
330
17
100
AcDbEntity
  8
ENGRAVE_POLARS
100
AcDbLine
 10
18.2492162737486
 20
8.783352898432483
 30
0.0
 11
18.431259719650026
 21
8.511659667844386
 31
0.0
  0
LINE
  5
5C5
330
17
100
AcDbEntity
  8
ENGRAVE_POLARS
100
AcDbLine
 10
18.431259719650026
 20
8.511659667844386
 30
0.0
 11
18.60888080326765
 21
8.241002121806925
 31
0.0
  0
LINE
  5
5C6
330
17
100
AcDbEntity
  8
ENGRAVE_POLARS
100
AcDbLine
 10
18.60888080326765
 20
8.241002121806925
 30
0.0
 11
18.779930645591026
 21
7.975424671153148
 31
0.0
  0
LINE
  5
5C7
330
17
100
AcDbEntity
  8
ENGRAVE_POLARS
100
AcDbLine
 10
18.779930645591026
 20
7.975424671153148
 30
0.0
 11
18.942260367609705
 21
7.71897172671609
 31
0.0
  0
LINE
  5
5C8
330
17
100
AcDbEntity
  8
ENGRAVE_POLARS
100
AcDbLine
 10
18.942260367609705
 20
7.71897172671609
 30
0.0
 11
19.09372109031324
 21
7.475687699328789
 31
0.0
  0
LINE
  5
5C9
330
17
100
AcDbEntity
  8
ENGRAVE_POLARS
100
AcDbLine
 10
19.09372109031324
 20
7.475687699328789
 30
0.0
 11
19.232163934691183
 21
7.249616999824288
 31
0.0
  0
LINE
  5
5CA
330
17
100
AcDbEntity
  8
ENGRAVE_POLARS
100
AcDbLine
 10
19.232163934691183
 20
7.249616999824288
 30
0.0
 11
19.35544002173309
 21
7.044804039035625
 31
0.0
  0
LINE
  5
5CB
330
17
100
AcDbEntity
  8
ENGRAVE_POLARS
100
AcDbLine
 10
19.35544002173309
 20
7.044804039035625
 30
0.0
 11
19.46269228728341
 21
6.860991481545836
 31
0.0
  0
LINE
  5
5CC
330
17
100
AcDbEntity
  8
ENGRAVE_POLARS
100
AcDbLine
 10
19.46269228728341
 20
6.860991481545836
 30
0.0
 11
19.55571955852728
 21
6.693603483908089
 31
0.0
  0
LINE
  5
5CD
330
17
100
AcDbEntity
  8
ENGRAVE_POLARS
100
AcDbLine
 10
19.55571955852728
 20
6.693603483908089
 30
0.0
 11
19.636356793465282
 21
6.540206694910608
 31
0.0
  0
LINE
  5
5CE
330
17
100
AcDbEntity
  8
ENGRAVE_POLARS
100
AcDbLine
 10
19.636356793465282
 20
6.540206694910608
 30
0.0
 11
19.706438950098004
 21
6.398367763341618
 31
0.0
  0
LINE
  5
5CF
330
17
100
AcDbEntity
  8
ENGRAVE_POLARS
100
AcDbLine
 10
19.706438950098004
 20
6.398367763341618
 30
0.0
 11
19.767800986426032
 21
6.265653337989348
 31
0.0
  0
LINE
  5
5D0
330
17
100
AcDbEntity
  8
ENGRAVE_POLARS
100
AcDbLine
 10
19.767800986426032
 20
6.265653337989348
 30
0.0
 11
19.82227786044995
 21
6.139630067642024
 31
0.0
  0
LINE
  5
5D1
330
17
100
AcDbEntity
  8
ENGRAVE_POLARS
100
AcDbLine
 10
19.82227786044995
 20
6.139630067642024
 30
0.0
 11
19.871704530170334
 21
6.017864601087871
 31
0.0
  0
LINE
  5
5D2
330
17
100
AcDbEntity
  8
ENGRAVE_POLARS
100
AcDbLine
 10
19.871704530170334
 20
6.017864601087871
 30
0.0
 11
19.91791595358778
 21
5.897923587115119
 31
0.0
  0
LINE
  5
5D3
330
17
100
AcDbEntity
  8
ENGRAVE_POLARS
100
AcDbLine
 10
19.91791595358778
 20
5.897923587115119
 30
0.0
 11
19.962747088702866
 21
5.777373674511993
 31
0.0
  0
LINE
  5
5D4
330
17
100
AcDbEntity
  8
ENGRAVE_POLARS
100
AcDbLine
 10
19.962747088702866
 20
5.777373674511993
 30
0.0
 11
20.008032893516177
 21
5.653781512066718
 31
0.0
  0
LINE
  5
5D5
330
17
100
AcDbEntity
  8
ENGRAVE_POLARS
100
AcDbLine
 10
20.008032893516177
 20
5.653781512066718
 30
0.0
 11
20.055608326028292
 21
5.524713748567521
 31
0.0
  0
LINE
  5
5D6
330
17
100
AcDbEntity
  8
ENGRAVE_POLARS
100
AcDbLine
 10
20.055608326028292
 20
5.524713748567521
 30
0.0
 11
20.107308344239808
 21
5.387737032802631
 31
0.0
  0
LINE
  5
5D7
330
17
100
AcDbEntity
  8
ENGRAVE_POLARS
100
AcDbLine
 10
20.107308344239808
 20
5.387737032802631
 30
0.0
 11
20.160605156985913
 21
5.25145304851569
 31
0.0
  0
LINE
  5
5D8
330
17
100
AcDbEntity
  8
ENGRAVE_POLARS
100
AcDbLine
 10
20.160605156985913
 20
5.25145304851569
 30
0.0
 11
20.21188839752472
 21
5.123990159410952
 31
0.0
  0
LINE
  5
5D9
330
17
100
AcDbEntity
  8
ENGRAVE_POLARS
100
AcDbLine
 10
20.21188839752472
 20
5.123990159410952
 30
0.0
 11
20.261369160491217
 21
5.002205034217558
 31
0.0
  0
LINE
  5
5DA
330
17
100
AcDbEntity
  8
ENGRAVE_POLARS
100
AcDbLine
 10
20.261369160491217
 20
5.002205034217558
 30
0.0
 11
20.30925854052038
 21
4.882954341664649
 31
0.0
  0
LINE
  5
5DB
330
17
100
AcDbEntity
  8
ENGRAVE_POLARS
100
AcDbLine
 10
20.30925854052038
 20
4.882954341664649
 30
0.0
 11
20.355767632247183
 21
4.763094750481366
 31
0.0
  0
LINE
  5
5DC
330
17
100
AcDbEntity
  8
ENGRAVE_POLARS
100
AcDbLine
 10
20.355767632247183
 20
4.763094750481366
 30
0.0
 11
20.4011075303066
 21
4.6394829293968485
 31
0.0
  0
LINE
  5
5DD
330
17
100
AcDbEntity
  8
ENGRAVE_POLARS
100
AcDbLine
 10
20.4011075303066
 20
4.6394829293968485
 30
0.0
 11
20.445489329333615
 21
4.508975547140238
 31
0.0
  0
LINE
  5
5DE
330
17
100
AcDbEntity
  8
ENGRAVE_POLARS
100
AcDbLine
 10
20.445489329333615
 20
4.508975547140238
 30
0.0
 11
20.4891241239632
 21
4.368429272440676
 31
0.0
  0
LINE
  5
5DF
330
17
100
AcDbEntity
  8
ENGRAVE_POLARS
100
AcDbLine
 10
20.4891241239632
 20
4.368429272440676
 30
0.0
 11
20.53222300883034
 21
4.214700774027303
 31
0.0
  0
LINE
  5
5E0
330
17
100
AcDbEntity
  8
ENGRAVE_POLARS
100
AcDbLine
 10
20.53222300883034
 20
4.214700774027303
 30
0.0
 11
20.574997078570004
 21
4.04464672062926
 31
0.0
  0
LINE
  5
5E1
330
17
100
AcDbEntity
  8
ENGRAVE_POLARS
100
AcDbLine
 10
20.574997078570004
 20
4.04464672062926
 30
0.0
 11
20.61765742781717
 21
3.855123780975686
 31
0.0
  0
LINE
  5
5E2
330
17
100
AcDbEntity
  8
ENGRAVE_POLARS
100
AcDbLine
 10
20.61765742781717
 20
3.855123780975686
 30
0.0
 11
20.66041515120682
 21
3.6429886237957243
 31
0.0
  0
LINE
  5
5E3
330
17
100
AcDbEntity
  8
ENGRAVE_POLARS
100
AcDbLine
 10
20.66041515120682
 20
3.6429886237957243
 30
0.0
 11
20.70511825951763
 21
3.418456984520479
 31
0.0
  0
LINE
  5
5E4
330
17
100
AcDbEntity
  8
ENGRAVE_POLARS
100
AcDbLine
 10
20.70511825951763
 20
3.418456984520479
 30
0.0
 11
20.752712474552425
 21
3.1914588743561363
 31
0.0
  0
LINE
  5
5E5
330
17
100
AcDbEntity
  8
ENGRAVE_POLARS
100
AcDbLine
 10
20.752712474552425
 20
3.1914588743561363
 30
0.0
 11
20.802055457482393
 21
2.958422375694458
 31
0.0
  0
LINE
  5
5E6
330
17
100
AcDbEntity
  8
ENGRAVE_POLARS
100
AcDbLine
 10
20.802055457482393
 20
2.958422375694458
 30
0.0
 11
20.85200486947872
 21
2.715775570927207
 31
0.0
  0
LINE
  5
5E7
330
17
100
AcDbEntity
  8
ENGRAVE_POLARS
100
AcDbLine
 10
20.85200486947872
 20
2.715775570927207
 30
0.0
 11
20.9014183717126
 21
2.459946542446145
 31
0.0
  0
LINE
  5
5E8
330
17
100
AcDbEntity
  8
ENGRAVE_POLARS
100
AcDbLine
 10
20.9014183717126
 20
2.459946542446145
 30
0.0
 11
20.949153625355216
 21
2.1873633726430333
 31
0.0
  0
LINE
  5
5E9
330
17
100
AcDbEntity
  8
ENGRAVE_POLARS
100
AcDbLine
 10
20.949153625355216
 20
2.1873633726430333
 30
0.0
 11
20.994068291577758
 21
1.8944541439096345
 31
0.0
  0
LINE
  5
5EA
330
17
100
AcDbEntity
  8
ENGRAVE_POLARS
100
AcDbLine
 10
20.994068291577758
 20
1.8944541439096345
 30
0.0
 11
21.035020031551415
 21
1.5776469386377103
 31
0.0
  0
LINE
  5
5EB
330
17
100
AcDbEntity
  8
ENGRAVE_POLARS
100
AcDbLine
 10
21.035020031551415
 20
1.5776469386377103
 30
0.0
 11
21.070866506447373
 21
1.2333698392190233
 31
0.0
  0
LINE
  5
5EC
330
17
100
AcDbEntity
  8
ENGRAVE_POLARS
100
AcDbLine
 10
21.070866506447373
 20
1.2333698392190233
 30
0.0
 11
21.100465377436826
 21
0.8580509280453344
 31
0.0
  0
LINE
  5
5ED
330
17
100
AcDbEntity
  8
ENGRAVE_POLARS
100
AcDbLine
 10
21.100465377436826
 20
0.8580509280453344
 30
0.0
 11
21.122674305690953
 21
0.44811828750840643
 31
0.0
  0
LINE
  5
5EE
330
17
100
AcDbEntity
  8
ENGRAVE_POLARS
100
AcDbLine
 10
21.122674305690953
 20
0.44811828750840643
 30
0.0
 11
21.136350952380955
 21
1.2942282269744223e-15
 31
0.0
  0
LINE
  5
5EF
330
17
100
AcDbEntity
  8
ENGRAVE_POLARS
100
AcDbLine
 10
21.136350952380955
 20
1.2942282269744223e-15
 30
0.0
 11
21.142826145139896
 21
-0.5065598698188737
 31
0.0
  0
LINE
  5
5F0
330
17
100
AcDbEntity
  8
ENGRAVE_POLARS
100
AcDbLine
 10
21.142826145139896
 20
-0.5065598698188737
 30
0.0
 11
21.144192962092994
 21
-1.0805548252276809
 31
0.0
  0
LINE
  5
5F1
330
17
100
AcDbEntity
  8
ENGRAVE_POLARS
100
AcDbLine
 10
21.144192962092994
 20
-1.0805548252276809
 30
0.0
 11
21.14045244014962
 21
-1.7086631357453639
 31
0.0
  0
LINE
  5
5F2
330
17
100
AcDbEntity
  8
ENGRAVE_POLARS
100
AcDbLine
 10
21.14045244014962
 20
-1.7086631357453639
 30
0.0
 11
21.131605616219172
 21
-2.377563070890867
 31
0.0
  0
LINE
  5
5F3
330
17
100
AcDbEntity
  8
ENGRAVE_POLARS
100
AcDbLine
 10
21.131605616219172
 20
-2.377563070890867
 30
0.0
 11
21.117653527211026
 21
-3.0739329001831326
 31
0.0
  0
LINE
  5
5F4
330
17
100
AcDbEntity
  8
ENGRAVE_POLARS
100
AcDbLine
 10
21.117653527211026
 20
-3.0739329001831326
 30
0.0
 11
21.098597210034566
 21
-3.7844508931411056
 31
0.0
  0
LINE
  5
5F5
330
17
100
AcDbEntity
  8
ENGRAVE_POLARS
100
AcDbLine
 10
21.098597210034566
 20
-3.7844508931411056
 30
0.0
 11
21.07443770159917
 21
-4.495795319283729
 31
0.0
  0
LINE
  5
5F6
330
17
100
AcDbEntity
  8
ENGRAVE_POLARS
100
AcDbLine
 10
21.07443770159917
 20
-4.495795319283729
 30
0.0
 11
21.045176038814237
 21
-5.194644448129948
 31
0.0
  0
LINE
  5
5F7
330
17
100
AcDbEntity
  8
ENGRAVE_POLARS
100
AcDbLine
 10
21.045176038814237
 20
-5.194644448129948
 30
0.0
 11
21.01081325858914
 21
-5.867676549198704
 31
0.0
  0
LINE
  5
5F8
330
17
100
AcDbEntity
  8
ENGRAVE_POLARS
100
AcDbLine
 10
21.01081325858914
 20
-5.867676549198704
 30
0.0
 11
20.97135039783326
 21
-6.501569892008941
 31
0.0
  0
LINE
  5
5F9
330
17
100
AcDbEntity
  8
ENGRAVE_POLARS
100
AcDbLine
 10
20.97135039783326
 20
-6.501569892008941
 30
0.0
 11
20.926788493455987
 21
-7.083002746079605
 31
0.0
  0
LINE
  5
5FA
330
17
100
AcDbEntity
  8
ENGRAVE_POLARS
100
AcDbLine
 10
20.926788493455987
 20
-7.083002746079605
 30
0.0
 11
20.8771285823667
 21
-7.598653380929637
 31
0.0
  0
LINE
  5
5FB
330
17
100
AcDbEntity
  8
ENGRAVE_POLARS
100
AcDbLine
 10
20.8771285823667
 20
-7.598653380929637
 30
0.0
 11
20.829743565085543
 21
-8.050711083508682
 31
0.0
  0
LINE
  5
5FC
330
17
100
AcDbEntity
  8
ENGRAVE_POLARS
100
AcDbLine
 10
20.829743565085543
 20
-8.050711083508682
 30
0.0
 11
20.78932415622419
 21
-8.455101833309488
 31
0.0
  0
LINE
  5
5FD
330
17
100
AcDbEntity
  8
ENGRAVE_POLARS
100
AcDbLine
 10
20.78932415622419
 20
-8.455101833309488
 30
0.0
 11
20.75184811382932
 21
-8.819108938665643
 31
0.0
  0
LINE
  5
5FE
330
17
100
AcDbEntity
  8
ENGRAVE_POLARS
100
AcDbLine
 10
20.75184811382932
 20
-8.819108938665643
 30
0.0
 11
20.7132931959476
 21
-9.150015707910743
 31
0.0
  0
LINE
  5
5FF
330
17
100
AcDbEntity
  8
ENGRAVE_POLARS
100
AcDbLine
 10
20.7132931959476
 20
-9.150015707910743
 30
0.0
 11
20.669637160625722
 21
-9.455105449378383
 31
0.0
  0
LINE
  5
600
330
17
100
AcDbEntity
  8
ENGRAVE_POLARS
100
AcDbLine
 10
20.669637160625722
 20
-9.455105449378383
 30
0.0
 11
20.61685776591036
 21
-9.741661471402153
 31
0.0
  0
LINE
  5
601
330
17
100
AcDbEntity
  8
ENGRAVE_POLARS
100
AcDbLine
 10
20.61685776591036
 20
-9.741661471402153
 30
0.0
 11
20.550932769848192
 21
-10.016967082315647
 31
0.0
  0
LINE
  5
602
330
17
100
AcDbEntity
  8
ENGRAVE_POLARS
100
AcDbLine
 10
20.550932769848192
 20
-10.016967082315647
 30
0.0
 11
20.467839930485894
 21
-10.28830559045246
 31
0.0
  0
LINE
  5
603
330
17
100
AcDbEntity
  8
ENGRAVE_POLARS
100
AcDbLine
 10
20.467839930485894
 20
-10.28830559045246
 30
0.0
 11
20.363557005870156
 21
-10.562960304146184
 31
0.0
  0
LINE
  5
604
330
17
100
AcDbEntity
  8
ENGRAVE_POLARS
100
AcDbLine
 10
20.363557005870156
 20
-10.562960304146184
 30
0.0
 11
20.234061754047655
 21
-10.848214531730413
 31
0.0
  0
LINE
  5
605
330
17
100
AcDbEntity
  8
ENGRAVE_POLARS
100
AcDbLine
 10
20.234061754047655
 20
-10.848214531730413
 30
0.0
 11
20.075331933065055
 21
-11.151351581538739
 31
0.0
  0
LINE
  5
606
330
17
100
AcDbEntity
  8
ENGRAVE_POLARS
100
AcDbLine
 10
20.075331933065055
 20
-11.151351581538739
 30
0.0
 11
19.88334530096905
 21
-11.479654761904756
 31
0.0
  0
LINE
  5
607
330
17
100
AcDbEntity
  8
ENGRAVE_POLARS
100
AcDbLine
 10
19.88334530096905
 20
-11.479654761904756
 30
0.0
 11
19.657455155290194
 21
-11.8329905453749
 31
0.0
  0
LINE
  5
608
330
17
100
AcDbEntity
  8
ENGRAVE_POLARS
100
AcDbLine
 10
19.657455155290194
 20
-11.8329905453749
 30
0.0
 11
19.401637858406097
 21
-12.203328532660255
 31
0.0
  0
LINE
  5
609
330
17
100
AcDbEntity
  8
ENGRAVE_POLARS
100
AcDbLine
 10
19.401637858406097
 20
-12.203328532660255
 30
0.0
 11
19.118805765634033
 21
-12.586106724341384
 31
0.0
  0
LINE
  5
60A
330
17
100
AcDbEntity
  8
ENGRAVE_POLARS
100
AcDbLine
 10
19.118805765634033
 20
-12.586106724341384
 30
0.0
 11
18.811871232291253
 21
-12.976763120998857
 31
0.0
  0
LINE
  5
60B
330
17
100
AcDbEntity
  8
ENGRAVE_POLARS
100
AcDbLine
 10
18.811871232291253
 20
-12.976763120998857
 30
0.0
 11
18.483746613695033
 21
-13.370735723213246
 31
0.0
  0
LINE
  5
60C
330
17
100
AcDbEntity
  8
ENGRAVE_POLARS
100
AcDbLine
 10
18.483746613695033
 20
-13.370735723213246
 30
0.0
 11
18.137344265162625
 21
-13.763462531565109
 31
0.0
  0
LINE
  5
60D
330
17
100
AcDbEntity
  8
ENGRAVE_POLARS
100
AcDbLine
 10
18.137344265162625
 20
-13.763462531565109
 30
0.0
 11
17.775576542011297
 21
-14.150381546635018
 31
0.0
  0
LINE
  5
60E
330
17
100
AcDbEntity
  8
ENGRAVE_POLARS
100
AcDbLine
 10
17.775576542011297
 20
-14.150381546635018
 30
0.0
 11
17.40135579955831
 21
-14.526930769003542
 31
0.0
  0
LINE
  5
60F
330
17
100
AcDbEntity
  8
ENGRAVE_POLARS
100
AcDbLine
 10
17.40135579955831
 20
-14.526930769003542
 30
0.0
 11
17.01759439312094
 21
-14.888548199251243
 31
0.0
  0
LINE
  5
610
330
17
100
AcDbEntity
  8
ENGRAVE_POLARS
100
AcDbLine
 10
17.01759439312094
 20
-14.888548199251243
 30
0.0
 11
16.627204678016433
 21
-15.230671837958688
 31
0.0
  0
LINE
  5
611
330
17
100
AcDbEntity
  8
ENGRAVE_POLARS
100
AcDbLine
 10
16.627204678016433
 20
-15.230671837958688
 30
0.0
 11
16.23309900956206
 21
-15.548739685706447
 31
0.0
  0
LINE
  5
612
330
17
100
AcDbEntity
  8
ENGRAVE_POLARS
100
AcDbLine
 10
16.23309900956206
 20
-15.548739685706447
 30
0.0
 11
15.83818974307509
 21
-15.838189743075088
 31
0.0
  0
LINE
  5
613
330
17
100
AcDbEntity
  8
ENGRAVE_POLARS
100
AcDbLine
 10
15.83818974307509
 20
-15.838189743075088
 30
0.0
 11
15.434416701058142
 21
-16.1022238120357
 31
0.0
  0
LINE
  5
614
330
17
100
AcDbEntity
  8
ENGRAVE_POLARS
100
AcDbLine
 10
15.434416701058142
 20
-16.1022238120357
 30
0.0
 11
15.0134735647577
 21
-16.347856129572907
 31
0.0
  0
LINE
  5
615
330
17
100
AcDbEntity
  8
ENGRAVE_POLARS
100
AcDbLine
 10
15.0134735647577
 20
-16.347856129572907
 30
0.0
 11
14.577903477606794
 21
-16.576243348787564
 31
0.0
  0
LINE
  5
616
330
17
100
AcDbEntity
  8
ENGRAVE_POLARS
100
AcDbLine
 10
14.577903477606794
 20
-16.576243348787564
 30
0.0
 11
14.130249583038458
 21
-16.78854212278054
 31
0.0
  0
LINE
  5
617
330
17
100
AcDbEntity
  8
ENGRAVE_POLARS
100
AcDbLine
 10
14.130249583038458
 20
-16.78854212278054
 30
0.0
 11
13.67305502448573
 21
-16.9859091046527
 31
0.0
  0
LINE
  5
618
330
17
100
AcDbEntity
  8
ENGRAVE_POLARS
100
AcDbLine
 10
13.67305502448573
 20
-16.9859091046527
 30
0.0
 11
13.208862945381645
 21
-17.169500947504897
 31
0.0
  0
LINE
  5
619
330
17
100
AcDbEntity
  8
ENGRAVE_POLARS
100
AcDbLine
 10
13.208862945381645
 20
-17.169500947504897
 30
0.0
 11
12.740216489159236
 21
-17.340474304437997
 31
0.0
  0
LINE
  5
61A
330
17
100
AcDbEntity
  8
ENGRAVE_POLARS
100
AcDbLine
 10
12.740216489159236
 20
-17.340474304437997
 30
0.0
 11
12.26965879925154
 21
-17.499985828552862
 31
0.0
  0
LINE
  5
61B
330
17
100
AcDbEntity
  8
ENGRAVE_POLARS
100
AcDbLine
 10
12.26965879925154
 20
-17.499985828552862
 30
0.0
 11
11.799733019091592
 21
-17.649192172950354
 31
0.0
  0
LINE
  5
61C
330
17
100
AcDbEntity
  8
ENGRAVE_POLARS
100
AcDbLine
 10
11.799733019091592
 20
-17.649192172950354
 30
0.0
 11
11.332982292112424
 21
-17.78924999073133
 31
0.0
  0
LINE
  5
61D
330
17
100
AcDbEntity
  8
ENGRAVE_POLARS
100
AcDbLine
 10
11.332982292112424
 20
-17.78924999073133
 30
0.0
 11
10.871949761747072
 21
-17.92131593499666
 31
0.0
  0
LINE
  5
61E
330
17
100
AcDbEntity
  8
ENGRAVE_POLARS
100
AcDbLine
 10
10.871949761747072
 20
-17.92131593499666
 30
0.0
 11
10.41917857142857
 21
-18.046546658847202
 31
0.0
  0
LINE
  5
61F
330
17
100
AcDbEntity
  8
ENGRAVE_POLARS
100
AcDbLine
 10
10.41917857142857
 20
-18.046546658847202
 30
0.0
 11
9.955229496327606
 21
-18.161178183147808
 31
0.0
  0
LINE
  5
620
330
17
100
AcDbEntity
  8
ENGRAVE_POLARS
100
AcDbLine
 10
9.955229496327606
 20
-18.161178183147808
 30
0.0
 11
9.46495778235312
 21
-18.261553445066085
 31
0.0
  0
LINE
  5
621
330
17
100
AcDbEntity
  8
ENGRAVE_POLARS
100
AcDbLine
 10
9.46495778235312
 20
-18.261553445066085
 30
0.0
 11
8.957348279045535
 21
-18.348989472157015
 31
0.0
  0
LINE
  5
622
330
17
100
AcDbEntity
  8
ENGRAVE_POLARS
100
AcDbLine
 10
8.957348279045535
 20
-18.348989472157015
 30
0.0
 11
8.441385835945274
 21
-18.424803291975582
 31
0.0
  0
LINE
  5
623
330
17
100
AcDbEntity
  8
ENGRAVE_POLARS
100
AcDbLine
 10
8.441385835945274
 20
-18.424803291975582
 30
0.0
 11
7.9260553025927605
 21
-18.490311932076782
 31
0.0
  0
LINE
  5
624
330
17
100
AcDbEntity
  8
ENGRAVE_POLARS
100
AcDbLine
 10
7.9260553025927605
 20
-18.490311932076782
 30
0.0
 11
7.420341528528414
 21
-18.54683242001559
 31
0.0
  0
LINE
  5
625
330
17
100
AcDbEntity
  8
ENGRAVE_POLARS
100
AcDbLine
 10
7.420341528528414
 20
-18.54683242001559
 30
0.0
 11
6.933229363292661
 21
-18.595681783347
 31
0.0
  0
LINE
  5
626
330
17
100
AcDbEntity
  8
ENGRAVE_POLARS
100
AcDbLine
 10
6.933229363292661
 20
-18.595681783347
 30
0.0
 11
6.47370365642592
 21
-18.638177049625984
 31
0.0
  0
LINE
  5
627
330
17
100
AcDbEntity
  8
ENGRAVE_POLARS
100
AcDbLine
 10
6.47370365642592
 20
-18.638177049625984
 30
0.0
 11
6.050749257468619
 21
-18.67563524640754
 31
0.0
  0
LINE
  5
628
330
17
100
AcDbEntity
  8
ENGRAVE_POLARS
100
AcDbLine
 10
6.050749257468619
 20
-18.67563524640754
 30
0.0
 11
5.673351015961174
 21
-18.70937340124665
 31
0.0
  0
LINE
  5
629
330
17
100
AcDbEntity
  8
ENGRAVE_POLARS
100
AcDbLine
 10
5.673351015961174
 20
-18.70937340124665
 30
0.0
 11
5.350493781444011
 21
-18.7407085416983
 31
0.0
  0
LINE
  5
62A
330
17
100
AcDbEntity
  8
ENGRAVE_POLARS
100
AcDbLine
 10
5.350493781444011
 20
-18.7407085416983
 30
0.0
 11
5.091162403457552
 21
-18.770957695317474
 31
0.0
  0
LINE
  5
62B
330
17
100
AcDbEntity
  8
ENGRAVE_POLARS
100
AcDbLine
 10
5.091162403457552
 20
-18.770957695317474
 30
0.0
 11
4.917447846290376
 21
-18.79694062115047
 31
0.0
  0
LINE
  5
62C
330
17
100
AcDbEntity
  8
ENGRAVE_POLARS
100
AcDbLine
 10
4.917447846290376
 20
-18.79694062115047
 30
0.0
 11
4.8336063422638444
 21
-18.815196772166768
 31
0.0
  0
LINE
  5
62D
330
17
100
AcDbEntity
  8
ENGRAVE_POLARS
100
AcDbLine
 10
4.8336063422638444
 20
-18.815196772166768
 30
0.0
 11
4.821870642967555
 21
-18.82662271680612
 31
0.0
  0
LINE
  5
62E
330
17
100
AcDbEntity
  8
ENGRAVE_POLARS
100
AcDbLine
 10
4.821870642967555
 20
-18.82662271680612
 30
0.0
 11
4.864473499991106
 21
-18.832115023508283
 31
0.0
  0
LINE
  5
62F
330
17
100
AcDbEntity
  8
ENGRAVE_POLARS
100
AcDbLine
 10
4.864473499991106
 20
-18.832115023508283
 30
0.0
 11
4.943647664924092
 21
-18.832570260713016
 31
0.0
  0
LINE
  5
630
330
17
100
AcDbEntity
  8
ENGRAVE_POLARS
100
AcDbLine
 10
4.943647664924092
 20
-18.832570260713016
 30
0.0
 11
5.041625889356112
 21
-18.828884996860076
 31
0.0
  0
LINE
  5
631
330
17
100
AcDbEntity
  8
ENGRAVE_POLARS
100
AcDbLine
 10
5.041625889356112
 20
-18.828884996860076
 30
0.0
 11
5.140640924876763
 21
-18.82195580038921
 31
0.0
  0
LINE
  5
632
330
17
100
AcDbEntity
  8
ENGRAVE_POLARS
100
AcDbLine
 10
5.140640924876763
 20
-18.82195580038921
 30
0.0
 11
5.2229255230756415
 21
-18.81267923974018
 31
0.0
  0
LINE
  5
633
330
17
100
AcDbEntity
  8
ENGRAVE_POLARS
100
AcDbLine
 10
5.2229255230756415
 20
-18.81267923974018
 30
0.0
 11
5.270712435542346
 21
-18.801951883352743
 31
0.0
  0
LINE
  5
634
330
17
100
AcDbEntity
  8
ENGRAVE_POLARS
100
AcDbLine
 10
5.270712435542346
 20
-18.801951883352743
 30
0.0
 11
5.266234413866471
 21
-18.79067029966665
 31
0.0
  0
LINE
  5
635
330
17
100
AcDbEntity
  8
ENGRAVE_POLARS
100
AcDbLine
 10
5.266234413866471
 20
-18.79067029966665
 30
0.0
 11
5.1917242096376155
 21
-18.779731057121662
 31
0.0
  0
LINE
  5
636
330
17
100
AcDbEntity
  8
ENGRAVE_POLARS
100
AcDbLine
 10
5.1917242096376155
 20
-18.779731057121662
 30
0.0
 11
5.0294145744453775
 21
-18.770030724157532
 31
0.0
  0
LINE
  5
637
330
17
100
AcDbEntity
  8
ENGRAVE_POLARS
100
AcDbLine
 10
5.0294145744453775
 20
-18.770030724157532
 30
0.0
 11
4.768214550845334
 21
-18.759190457738626
 31
0.0
  0
LINE
  5
638
330
17
100
AcDbEntity
  8
ENGRAVE_POLARS
100
AcDbLine
 10
4.768214550845334
 20
-18.759190457738626
 30
0.0
 11
4.420448709638747
 21
-18.74471837399891
 31
0.0
  0
LINE
  5
639
330
17
100
AcDbEntity
  8
ENGRAVE_POLARS
100
AcDbLine
 10
4.420448709638747
 20
-18.74471837399891
 30
0.0
 11
4.003473094783743
 21
-18.72734148013252
 31
0.0
  0
LINE
  5
63A
330
17
100
AcDbEntity
  8
ENGRAVE_POLARS
100
AcDbLine
 10
4.003473094783743
 20
-18.72734148013252
 30
0.0
 11
3.5346437502384385
 21
-18.707786783333578
 31
0.0
  0
LINE
  5
63B
330
17
100
AcDbEntity
  8
ENGRAVE_POLARS
100
AcDbLine
 10
3.5346437502384385
 20
-18.707786783333578
 30
0.0
 11
3.0313167199609596
 21
-18.686781290796226
 31
0.0
  0
LINE
  5
63C
330
17
100
AcDbEntity
  8
ENGRAVE_POLARS
100
AcDbLine
 10
3.0313167199609596
 20
-18.686781290796226
 30
0.0
 11
2.510848047909429
 21
-18.665052009714607
 31
0.0
  0
LINE
  5
63D
330
17
100
AcDbEntity
  8
ENGRAVE_POLARS
100
AcDbLine
 10
2.510848047909429
 20
-18.665052009714607
 30
0.0
 11
1.9905937780419674
 21
-18.64332594728284
 31
0.0
  0
LINE
  5
63E
330
17
100
AcDbEntity
  8
ENGRAVE_POLARS
100
AcDbLine
 10
1.9905937780419674
 20
-18.64332594728284
 30
0.0
 11
1.4879099543166987
 21
-18.62233011069507
 31
0.0
  0
LINE
  5
63F
330
17
100
AcDbEntity
  8
ENGRAVE_POLARS
100
AcDbLine
 10
1.4879099543166987
 20
-18.62233011069507
 30
0.0
 11
1.0201526206917464
 21
-18.602791507145437
 31
0.0
  0
LINE
  5
640
330
17
100
AcDbEntity
  8
ENGRAVE_POLARS
100
AcDbLine
 10
1.0201526206917464
 20
-18.602791507145437
 30
0.0
 11
0.6046778211252305
 21
-18.58543714382807
 31
0.0
  0
LINE
  5
641
330
17
100
AcDbEntity
  8
ENGRAVE_POLARS
100
AcDbLine
 10
0.6046778211252305
 20
-18.58543714382807
 30
0.0
 11
0.2588415995752749
 21
-18.570994027937097
 31
0.0
  0
LINE
  5
642
330
17
100
AcDbEntity
  8
ENGRAVE_POLARS
100
AcDbLine
 10
0.2588415995752749
 20
-18.570994027937097
 30
0.0
 11
2.2729676254527714e-15
 21
-18.560189166666667
 31
0.0
  0
LINE
  5
643
330
17
100
AcDbEntity
  8
ENGRAVE_POLARS
100
AcDbLine
 10
-10.696686249464763
 20
13.69182363660816
 30
0.0
 11
-10.928483225628513
 21
13.60942428120509
 31
0.0
  0
LINE
  5
644
330
17
100
AcDbEntity
  8
ENGRAVE_POLARS
100
AcDbLine
 10
-10.928483225628513
 20
13.60942428120509
 30
0.0
 11
-11.230037612687596
 21
13.507336101283453
 31
0.0
  0
LINE
  5
645
330
17
100
AcDbEntity
  8
ENGRAVE_POLARS
100
AcDbLine
 10
-11.230037612687596
 20
13.507336101283453
 30
0.0
 11
-11.58880453169922
 21
13.388138983860285
 31
0.0
  0
LINE
  5
646
330
17
100
AcDbEntity
  8
ENGRAVE_POLARS
100
AcDbLine
 10
-11.58880453169922
 20
13.388138983860285
 30
0.0
 11
-11.992239103720605
 21
13.254412815952618
 31
0.0
  0
LINE
  5
647
330
17
100
AcDbEntity
  8
ENGRAVE_POLARS
100
AcDbLine
 10
-11.992239103720605
 20
13.254412815952618
 30
0.0
 11
-12.427796449808962
 21
13.108737484577492
 31
0.0
  0
LINE
  5
648
330
17
100
AcDbEntity
  8
ENGRAVE_POLARS
100
AcDbLine
 10
-12.427796449808962
 20
13.108737484577492
 30
0.0
 11
-12.882931691021497
 21
12.953692876751937
 31
0.0
  0
LINE
  5
649
330
17
100
AcDbEntity
  8
ENGRAVE_POLARS
100
AcDbLine
 10
-12.882931691021497
 20
12.953692876751937
 30
0.0
 11
-13.34509994841543
 21
12.791858879492988
 31
0.0
  0
LINE
  5
64A
330
17
100
AcDbEntity
  8
ENGRAVE_POLARS
100
AcDbLine
 10
-13.34509994841543
 20
12.791858879492988
 30
0.0
 11
-13.801756343047971
 21
12.625815379817679
 31
0.0
  0
LINE
  5
64B
330
17
100
AcDbEntity
  8
ENGRAVE_POLARS
100
AcDbLine
 10
-13.801756343047971
 20
12.625815379817679
 30
0.0
 11
-14.240355995976326
 21
12.458142264743044
 31
0.0
  0
LINE
  5
64C
330
17
100
AcDbEntity
  8
ENGRAVE_POLARS
100
AcDbLine
 10
-14.240355995976326
 20
12.458142264743044
 30
0.0
 11
-14.648354028257717
 21
12.291419421286124
 31
0.0
  0
LINE
  5
64D
330
17
100
AcDbEntity
  8
ENGRAVE_POLARS
100
AcDbLine
 10
-14.648354028257717
 20
12.291419421286124
 30
0.0
 11
-15.013205560949352
 21
12.128226736463944
 31
0.0
  0
LINE
  5
64E
330
17
100
AcDbEntity
  8
ENGRAVE_POLARS
100
AcDbLine
 10
-15.013205560949352
 20
12.128226736463944
 30
0.0
 11
-15.322365715108441
 21
11.971144097293545
 31
0.0
  0
LINE
  5
64F
330
17
100
AcDbEntity
  8
ENGRAVE_POLARS
100
AcDbLine
 10
-15.322365715108441
 20
11.971144097293545
 30
0.0
 11
-15.582251286507656
 21
11.819647416374936
 31
0.0
  0
LINE
  5
650
330
17
100
AcDbEntity
  8
ENGRAVE_POLARS
100
AcDbLine
 10
-15.582251286507656
 20
11.819647416374936
 30
0.0
 11
-15.810631013121734
 21
11.670588761344089
 31
0.0
  0
LINE
  5
651
330
17
100
AcDbEntity
  8
ENGRAVE_POLARS
100
AcDbLine
 10
-15.810631013121734
 20
11.670588761344089
 30
0.0
 11
-16.011987929310994
 21
11.522612251771974
 31
0.0
  0
LINE
  5
652
330
17
100
AcDbEntity
  8
ENGRAVE_POLARS
100
AcDbLine
 10
-16.011987929310994
 20
11.522612251771974
 30
0.0
 11
-16.190805069435758
 21
11.37436200722956
 31
0.0
  0
LINE
  5
653
330
17
100
AcDbEntity
  8
ENGRAVE_POLARS
100
AcDbLine
 10
-16.190805069435758
 20
11.37436200722956
 30
0.0
 11
-16.351565467856343
 21
11.224482147287828
 31
0.0
  0
LINE
  5
654
330
17
100
AcDbEntity
  8
ENGRAVE_POLARS
100
AcDbLine
 10
-16.351565467856343
 20
11.224482147287828
 30
0.0
 11
-16.49875215893306
 21
11.071616791517739
 31
0.0
  0
LINE
  5
655
330
17
100
AcDbEntity
  8
ENGRAVE_POLARS
100
AcDbLine
 10
-16.49875215893306
 20
11.071616791517739
 30
0.0
 11
-16.63684817702623
 21
10.914410059490269
 31
0.0
  0
LINE
  5
656
330
17
100
AcDbEntity
  8
ENGRAVE_POLARS
100
AcDbLine
 10
-16.63684817702623
 20
10.914410059490269
 30
0.0
 11
-16.770336556496186
 21
10.751506070776388
 31
0.0
  0
LINE
  5
657
330
17
100
AcDbEntity
  8
ENGRAVE_POLARS
100
AcDbLine
 10
-16.770336556496186
 20
10.751506070776388
 30
0.0
 11
-16.903700331703227
 21
10.58154894494707
 31
0.0
  0
LINE
  5
658
330
17
100
AcDbEntity
  8
ENGRAVE_POLARS
100
AcDbLine
 10
-16.903700331703227
 20
10.58154894494707
 30
0.0
 11
-17.041422537007684
 21
10.403182801573282
 31
0.0
  0
LINE
  5
659
330
17
100
AcDbEntity
  8
ENGRAVE_POLARS
100
AcDbLine
 10
-17.041422537007684
 20
10.403182801573282
 30
0.0
 11
-17.187986206769864
 21
10.215051760225998
 31
0.0
  0
LINE
  5
65A
330
17
100
AcDbEntity
  8
ENGRAVE_POLARS
100
AcDbLine
 10
-17.187986206769864
 20
10.215051760225998
 30
0.0
 11
-17.347874375350095
 21
10.01579994047619
 31
0.0
  0
LINE
  5
65B
330
17
100
AcDbEntity
  8
ENGRAVE_POLARS
100
AcDbLine
 10
-17.347874375350095
 20
10.01579994047619
 30
0.0
 11
-17.519796447513823
 21
9.799594449630485
 31
0.0
  0
LINE
  5
65C
330
17
100
AcDbEntity
  8
ENGRAVE_POLARS
100
AcDbLine
 10
-17.519796447513823
 20
9.799594449630485
 30
0.0
 11
-17.69804055244598
 21
9.564202589170222
 31
0.0
  0
LINE
  5
65D
330
17
100
AcDbEntity
  8
ENGRAVE_POLARS
100
AcDbLine
 10
-17.69804055244598
 20
9.564202589170222
 30
0.0
 11
-17.880457811136132
 21
9.313668769928443
 31
0.0
  0
LINE
  5
65E
330
17
100
AcDbEntity
  8
ENGRAVE_POLARS
100
AcDbLine
 10
-17.880457811136132
 20
9.313668769928443
 30
0.0
 11
-18.06489934457382
 21
9.052037402738181
 31
0.0
  0
LINE
  5
65F
330
17
100
AcDbEntity
  8
ENGRAVE_POLARS
100
AcDbLine
 10
-18.06489934457382
 20
9.052037402738181
 30
0.0
 11
-18.2492162737486
 21
8.783352898432483
 31
0.0
  0
LINE
  5
660
330
17
100
AcDbEntity
  8
ENGRAVE_POLARS
100
AcDbLine
 10
-18.2492162737486
 20
8.783352898432483
 30
0.0
 11
-18.431259719650026
 21
8.511659667844386
 31
0.0
  0
LINE
  5
661
330
17
100
AcDbEntity
  8
ENGRAVE_POLARS
100
AcDbLine
 10
-18.431259719650026
 20
8.511659667844386
 30
0.0
 11
-18.60888080326765
 21
8.241002121806925
 31
0.0
  0
LINE
  5
662
330
17
100
AcDbEntity
  8
ENGRAVE_POLARS
100
AcDbLine
 10
-18.60888080326765
 20
8.241002121806925
 30
0.0
 11
-18.779930645591026
 21
7.975424671153148
 31
0.0
  0
LINE
  5
663
330
17
100
AcDbEntity
  8
ENGRAVE_POLARS
100
AcDbLine
 10
-18.779930645591026
 20
7.975424671153148
 30
0.0
 11
-18.942260367609705
 21
7.71897172671609
 31
0.0
  0
LINE
  5
664
330
17
100
AcDbEntity
  8
ENGRAVE_POLARS
100
AcDbLine
 10
-18.942260367609705
 20
7.71897172671609
 30
0.0
 11
-19.09372109031324
 21
7.475687699328789
 31
0.0
  0
LINE
  5
665
330
17
100
AcDbEntity
  8
ENGRAVE_POLARS
100
AcDbLine
 10
-19.09372109031324
 20
7.475687699328789
 30
0.0
 11
-19.232163934691183
 21
7.249616999824288
 31
0.0
  0
LINE
  5
666
330
17
100
AcDbEntity
  8
ENGRAVE_POLARS
100
AcDbLine
 10
-19.232163934691183
 20
7.249616999824288
 30
0.0
 11
-19.35544002173309
 21
7.044804039035625
 31
0.0
  0
LINE
  5
667
330
17
100
AcDbEntity
  8
ENGRAVE_POLARS
100
AcDbLine
 10
-19.35544002173309
 20
7.044804039035625
 30
0.0
 11
-19.46269228728341
 21
6.860991481545836
 31
0.0
  0
LINE
  5
668
330
17
100
AcDbEntity
  8
ENGRAVE_POLARS
100
AcDbLine
 10
-19.46269228728341
 20
6.860991481545836
 30
0.0
 11
-19.55571955852728
 21
6.693603483908089
 31
0.0
  0
LINE
  5
669
330
17
100
AcDbEntity
  8
ENGRAVE_POLARS
100
AcDbLine
 10
-19.55571955852728
 20
6.693603483908089
 30
0.0
 11
-19.636356793465282
 21
6.540206694910608
 31
0.0
  0
LINE
  5
66A
330
17
100
AcDbEntity
  8
ENGRAVE_POLARS
100
AcDbLine
 10
-19.636356793465282
 20
6.540206694910608
 30
0.0
 11
-19.706438950098004
 21
6.398367763341618
 31
0.0
  0
LINE
  5
66B
330
17
100
AcDbEntity
  8
ENGRAVE_POLARS
100
AcDbLine
 10
-19.706438950098004
 20
6.398367763341618
 30
0.0
 11
-19.767800986426032
 21
6.265653337989348
 31
0.0
  0
LINE
  5
66C
330
17
100
AcDbEntity
  8
ENGRAVE_POLARS
100
AcDbLine
 10
-19.767800986426032
 20
6.265653337989348
 30
0.0
 11
-19.82227786044995
 21
6.139630067642024
 31
0.0
  0
LINE
  5
66D
330
17
100
AcDbEntity
  8
ENGRAVE_POLARS
100
AcDbLine
 10
-19.82227786044995
 20
6.139630067642024
 30
0.0
 11
-19.871704530170334
 21
6.017864601087871
 31
0.0
  0
LINE
  5
66E
330
17
100
AcDbEntity
  8
ENGRAVE_POLARS
100
AcDbLine
 10
-19.871704530170334
 20
6.017864601087871
 30
0.0
 11
-19.91791595358778
 21
5.897923587115119
 31
0.0
  0
LINE
  5
66F
330
17
100
AcDbEntity
  8
ENGRAVE_POLARS
100
AcDbLine
 10
-19.91791595358778
 20
5.897923587115119
 30
0.0
 11
-19.962747088702866
 21
5.777373674511993
 31
0.0
  0
LINE
  5
670
330
17
100
AcDbEntity
  8
ENGRAVE_POLARS
100
AcDbLine
 10
-19.962747088702866
 20
5.777373674511993
 30
0.0
 11
-20.008032893516177
 21
5.653781512066718
 31
0.0
  0
LINE
  5
671
330
17
100
AcDbEntity
  8
ENGRAVE_POLARS
100
AcDbLine
 10
-20.008032893516177
 20
5.653781512066718
 30
0.0
 11
-20.055608326028292
 21
5.524713748567521
 31
0.0
  0
LINE
  5
672
330
17
100
AcDbEntity
  8
ENGRAVE_POLARS
100
AcDbLine
 10
-20.055608326028292
 20
5.524713748567521
 30
0.0
 11
-20.107308344239808
 21
5.387737032802631
 31
0.0
  0
LINE
  5
673
330
17
100
AcDbEntity
  8
ENGRAVE_POLARS
100
AcDbLine
 10
-20.107308344239808
 20
5.387737032802631
 30
0.0
 11
-20.160605156985913
 21
5.25145304851569
 31
0.0
  0
LINE
  5
674
330
17
100
AcDbEntity
  8
ENGRAVE_POLARS
100
AcDbLine
 10
-20.160605156985913
 20
5.25145304851569
 30
0.0
 11
-20.21188839752472
 21
5.123990159410952
 31
0.0
  0
LINE
  5
675
330
17
100
AcDbEntity
  8
ENGRAVE_POLARS
100
AcDbLine
 10
-20.21188839752472
 20
5.123990159410952
 30
0.0
 11
-20.261369160491217
 21
5.002205034217558
 31
0.0
  0
LINE
  5
676
330
17
100
AcDbEntity
  8
ENGRAVE_POLARS
100
AcDbLine
 10
-20.261369160491217
 20
5.002205034217558
 30
0.0
 11
-20.30925854052038
 21
4.882954341664649
 31
0.0
  0
LINE
  5
677
330
17
100
AcDbEntity
  8
ENGRAVE_POLARS
100
AcDbLine
 10
-20.30925854052038
 20
4.882954341664649
 30
0.0
 11
-20.355767632247183
 21
4.763094750481366
 31
0.0
  0
LINE
  5
678
330
17
100
AcDbEntity
  8
ENGRAVE_POLARS
100
AcDbLine
 10
-20.355767632247183
 20
4.763094750481366
 30
0.0
 11
-20.4011075303066
 21
4.6394829293968485
 31
0.0
  0
LINE
  5
679
330
17
100
AcDbEntity
  8
ENGRAVE_POLARS
100
AcDbLine
 10
-20.4011075303066
 20
4.6394829293968485
 30
0.0
 11
-20.445489329333615
 21
4.508975547140238
 31
0.0
  0
LINE
  5
67A
330
17
100
AcDbEntity
  8
ENGRAVE_POLARS
100
AcDbLine
 10
-20.445489329333615
 20
4.508975547140238
 30
0.0
 11
-20.4891241239632
 21
4.368429272440676
 31
0.0
  0
LINE
  5
67B
330
17
100
AcDbEntity
  8
ENGRAVE_POLARS
100
AcDbLine
 10
-20.4891241239632
 20
4.368429272440676
 30
0.0
 11
-20.53222300883034
 21
4.214700774027303
 31
0.0
  0
LINE
  5
67C
330
17
100
AcDbEntity
  8
ENGRAVE_POLARS
100
AcDbLine
 10
-20.53222300883034
 20
4.214700774027303
 30
0.0
 11
-20.574997078570004
 21
4.04464672062926
 31
0.0
  0
LINE
  5
67D
330
17
100
AcDbEntity
  8
ENGRAVE_POLARS
100
AcDbLine
 10
-20.574997078570004
 20
4.04464672062926
 30
0.0
 11
-20.61765742781717
 21
3.855123780975686
 31
0.0
  0
LINE
  5
67E
330
17
100
AcDbEntity
  8
ENGRAVE_POLARS
100
AcDbLine
 10
-20.61765742781717
 20
3.855123780975686
 30
0.0
 11
-20.66041515120682
 21
3.6429886237957243
 31
0.0
  0
LINE
  5
67F
330
17
100
AcDbEntity
  8
ENGRAVE_POLARS
100
AcDbLine
 10
-20.66041515120682
 20
3.6429886237957243
 30
0.0
 11
-20.70511825951763
 21
3.418456984520479
 31
0.0
  0
LINE
  5
680
330
17
100
AcDbEntity
  8
ENGRAVE_POLARS
100
AcDbLine
 10
-20.70511825951763
 20
3.418456984520479
 30
0.0
 11
-20.752712474552425
 21
3.1914588743561363
 31
0.0
  0
LINE
  5
681
330
17
100
AcDbEntity
  8
ENGRAVE_POLARS
100
AcDbLine
 10
-20.752712474552425
 20
3.1914588743561363
 30
0.0
 11
-20.802055457482393
 21
2.958422375694458
 31
0.0
  0
LINE
  5
682
330
17
100
AcDbEntity
  8
ENGRAVE_POLARS
100
AcDbLine
 10
-20.802055457482393
 20
2.958422375694458
 30
0.0
 11
-20.85200486947872
 21
2.715775570927207
 31
0.0
  0
LINE
  5
683
330
17
100
AcDbEntity
  8
ENGRAVE_POLARS
100
AcDbLine
 10
-20.85200486947872
 20
2.715775570927207
 30
0.0
 11
-20.9014183717126
 21
2.459946542446145
 31
0.0
  0
LINE
  5
684
330
17
100
AcDbEntity
  8
ENGRAVE_POLARS
100
AcDbLine
 10
-20.9014183717126
 20
2.459946542446145
 30
0.0
 11
-20.949153625355216
 21
2.1873633726430333
 31
0.0
  0
LINE
  5
685
330
17
100
AcDbEntity
  8
ENGRAVE_POLARS
100
AcDbLine
 10
-20.949153625355216
 20
2.1873633726430333
 30
0.0
 11
-20.994068291577758
 21
1.8944541439096345
 31
0.0
  0
LINE
  5
686
330
17
100
AcDbEntity
  8
ENGRAVE_POLARS
100
AcDbLine
 10
-20.994068291577758
 20
1.8944541439096345
 30
0.0
 11
-21.035020031551415
 21
1.5776469386377103
 31
0.0
  0
LINE
  5
687
330
17
100
AcDbEntity
  8
ENGRAVE_POLARS
100
AcDbLine
 10
-21.035020031551415
 20
1.5776469386377103
 30
0.0
 11
-21.070866506447373
 21
1.2333698392190233
 31
0.0
  0
LINE
  5
688
330
17
100
AcDbEntity
  8
ENGRAVE_POLARS
100
AcDbLine
 10
-21.070866506447373
 20
1.2333698392190233
 30
0.0
 11
-21.100465377436826
 21
0.8580509280453344
 31
0.0
  0
LINE
  5
689
330
17
100
AcDbEntity
  8
ENGRAVE_POLARS
100
AcDbLine
 10
-21.100465377436826
 20
0.8580509280453344
 30
0.0
 11
-21.122674305690953
 21
0.44811828750840643
 31
0.0
  0
LINE
  5
68A
330
17
100
AcDbEntity
  8
ENGRAVE_POLARS
100
AcDbLine
 10
-21.122674305690953
 20
0.44811828750840643
 30
0.0
 11
-21.136350952380955
 21
1.2942282269744223e-15
 31
0.0
  0
LINE
  5
68B
330
17
100
AcDbEntity
  8
ENGRAVE_POLARS
100
AcDbLine
 10
-21.136350952380955
 20
1.2942282269744223e-15
 30
0.0
 11
-21.142826145139896
 21
-0.5065598698188737
 31
0.0
  0
LINE
  5
68C
330
17
100
AcDbEntity
  8
ENGRAVE_POLARS
100
AcDbLine
 10
-21.142826145139896
 20
-0.5065598698188737
 30
0.0
 11
-21.144192962092994
 21
-1.0805548252276809
 31
0.0
  0
LINE
  5
68D
330
17
100
AcDbEntity
  8
ENGRAVE_POLARS
100
AcDbLine
 10
-21.144192962092994
 20
-1.0805548252276809
 30
0.0
 11
-21.14045244014962
 21
-1.7086631357453639
 31
0.0
  0
LINE
  5
68E
330
17
100
AcDbEntity
  8
ENGRAVE_POLARS
100
AcDbLine
 10
-21.14045244014962
 20
-1.7086631357453639
 30
0.0
 11
-21.131605616219172
 21
-2.377563070890867
 31
0.0
  0
LINE
  5
68F
330
17
100
AcDbEntity
  8
ENGRAVE_POLARS
100
AcDbLine
 10
-21.131605616219172
 20
-2.377563070890867
 30
0.0
 11
-21.117653527211026
 21
-3.0739329001831326
 31
0.0
  0
LINE
  5
690
330
17
100
AcDbEntity
  8
ENGRAVE_POLARS
100
AcDbLine
 10
-21.117653527211026
 20
-3.0739329001831326
 30
0.0
 11
-21.098597210034566
 21
-3.7844508931411056
 31
0.0
  0
LINE
  5
691
330
17
100
AcDbEntity
  8
ENGRAVE_POLARS
100
AcDbLine
 10
-21.098597210034566
 20
-3.7844508931411056
 30
0.0
 11
-21.07443770159917
 21
-4.495795319283729
 31
0.0
  0
LINE
  5
692
330
17
100
AcDbEntity
  8
ENGRAVE_POLARS
100
AcDbLine
 10
-21.07443770159917
 20
-4.495795319283729
 30
0.0
 11
-21.045176038814237
 21
-5.194644448129948
 31
0.0
  0
LINE
  5
693
330
17
100
AcDbEntity
  8
ENGRAVE_POLARS
100
AcDbLine
 10
-21.045176038814237
 20
-5.194644448129948
 30
0.0
 11
-21.01081325858914
 21
-5.867676549198704
 31
0.0
  0
LINE
  5
694
330
17
100
AcDbEntity
  8
ENGRAVE_POLARS
100
AcDbLine
 10
-21.01081325858914
 20
-5.867676549198704
 30
0.0
 11
-20.97135039783326
 21
-6.501569892008941
 31
0.0
  0
LINE
  5
695
330
17
100
AcDbEntity
  8
ENGRAVE_POLARS
100
AcDbLine
 10
-20.97135039783326
 20
-6.501569892008941
 30
0.0
 11
-20.926788493455987
 21
-7.083002746079605
 31
0.0
  0
LINE
  5
696
330
17
100
AcDbEntity
  8
ENGRAVE_POLARS
100
AcDbLine
 10
-20.926788493455987
 20
-7.083002746079605
 30
0.0
 11
-20.8771285823667
 21
-7.598653380929637
 31
0.0
  0
LINE
  5
697
330
17
100
AcDbEntity
  8
ENGRAVE_POLARS
100
AcDbLine
 10
-20.8771285823667
 20
-7.598653380929637
 30
0.0
 11
-20.829743565085543
 21
-8.050711083508682
 31
0.0
  0
LINE
  5
698
330
17
100
AcDbEntity
  8
ENGRAVE_POLARS
100
AcDbLine
 10
-20.829743565085543
 20
-8.050711083508682
 30
0.0
 11
-20.78932415622419
 21
-8.455101833309488
 31
0.0
  0
LINE
  5
699
330
17
100
AcDbEntity
  8
ENGRAVE_POLARS
100
AcDbLine
 10
-20.78932415622419
 20
-8.455101833309488
 30
0.0
 11
-20.75184811382932
 21
-8.819108938665643
 31
0.0
  0
LINE
  5
69A
330
17
100
AcDbEntity
  8
ENGRAVE_POLARS
100
AcDbLine
 10
-20.75184811382932
 20
-8.819108938665643
 30
0.0
 11
-20.7132931959476
 21
-9.150015707910743
 31
0.0
  0
LINE
  5
69B
330
17
100
AcDbEntity
  8
ENGRAVE_POLARS
100
AcDbLine
 10
-20.7132931959476
 20
-9.150015707910743
 30
0.0
 11
-20.669637160625722
 21
-9.455105449378383
 31
0.0
  0
LINE
  5
69C
330
17
100
AcDbEntity
  8
ENGRAVE_POLARS
100
AcDbLine
 10
-20.669637160625722
 20
-9.455105449378383
 30
0.0
 11
-20.61685776591036
 21
-9.741661471402153
 31
0.0
  0
LINE
  5
69D
330
17
100
AcDbEntity
  8
ENGRAVE_POLARS
100
AcDbLine
 10
-20.61685776591036
 20
-9.741661471402153
 30
0.0
 11
-20.550932769848192
 21
-10.016967082315647
 31
0.0
  0
LINE
  5
69E
330
17
100
AcDbEntity
  8
ENGRAVE_POLARS
100
AcDbLine
 10
-20.550932769848192
 20
-10.016967082315647
 30
0.0
 11
-20.467839930485894
 21
-10.28830559045246
 31
0.0
  0
LINE
  5
69F
330
17
100
AcDbEntity
  8
ENGRAVE_POLARS
100
AcDbLine
 10
-20.467839930485894
 20
-10.28830559045246
 30
0.0
 11
-20.363557005870156
 21
-10.562960304146184
 31
0.0
  0
LINE
  5
6A0
330
17
100
AcDbEntity
  8
ENGRAVE_POLARS
100
AcDbLine
 10
-20.363557005870156
 20
-10.562960304146184
 30
0.0
 11
-20.234061754047655
 21
-10.848214531730413
 31
0.0
  0
LINE
  5
6A1
330
17
100
AcDbEntity
  8
ENGRAVE_POLARS
100
AcDbLine
 10
-20.234061754047655
 20
-10.848214531730413
 30
0.0
 11
-20.075331933065055
 21
-11.151351581538739
 31
0.0
  0
LINE
  5
6A2
330
17
100
AcDbEntity
  8
ENGRAVE_POLARS
100
AcDbLine
 10
-20.075331933065055
 20
-11.151351581538739
 30
0.0
 11
-19.88334530096905
 21
-11.479654761904756
 31
0.0
  0
LINE
  5
6A3
330
17
100
AcDbEntity
  8
ENGRAVE_POLARS
100
AcDbLine
 10
-19.88334530096905
 20
-11.479654761904756
 30
0.0
 11
-19.657455155290194
 21
-11.8329905453749
 31
0.0
  0
LINE
  5
6A4
330
17
100
AcDbEntity
  8
ENGRAVE_POLARS
100
AcDbLine
 10
-19.657455155290194
 20
-11.8329905453749
 30
0.0
 11
-19.401637858406097
 21
-12.203328532660255
 31
0.0
  0
LINE
  5
6A5
330
17
100
AcDbEntity
  8
ENGRAVE_POLARS
100
AcDbLine
 10
-19.401637858406097
 20
-12.203328532660255
 30
0.0
 11
-19.118805765634033
 21
-12.586106724341384
 31
0.0
  0
LINE
  5
6A6
330
17
100
AcDbEntity
  8
ENGRAVE_POLARS
100
AcDbLine
 10
-19.118805765634033
 20
-12.586106724341384
 30
0.0
 11
-18.811871232291253
 21
-12.976763120998857
 31
0.0
  0
LINE
  5
6A7
330
17
100
AcDbEntity
  8
ENGRAVE_POLARS
100
AcDbLine
 10
-18.811871232291253
 20
-12.976763120998857
 30
0.0
 11
-18.483746613695033
 21
-13.370735723213246
 31
0.0
  0
LINE
  5
6A8
330
17
100
AcDbEntity
  8
ENGRAVE_POLARS
100
AcDbLine
 10
-18.483746613695033
 20
-13.370735723213246
 30
0.0
 11
-18.137344265162625
 21
-13.763462531565109
 31
0.0
  0
LINE
  5
6A9
330
17
100
AcDbEntity
  8
ENGRAVE_POLARS
100
AcDbLine
 10
-18.137344265162625
 20
-13.763462531565109
 30
0.0
 11
-17.775576542011297
 21
-14.150381546635018
 31
0.0
  0
LINE
  5
6AA
330
17
100
AcDbEntity
  8
ENGRAVE_POLARS
100
AcDbLine
 10
-17.775576542011297
 20
-14.150381546635018
 30
0.0
 11
-17.40135579955831
 21
-14.526930769003542
 31
0.0
  0
LINE
  5
6AB
330
17
100
AcDbEntity
  8
ENGRAVE_POLARS
100
AcDbLine
 10
-17.40135579955831
 20
-14.526930769003542
 30
0.0
 11
-17.01759439312094
 21
-14.888548199251243
 31
0.0
  0
LINE
  5
6AC
330
17
100
AcDbEntity
  8
ENGRAVE_POLARS
100
AcDbLine
 10
-17.01759439312094
 20
-14.888548199251243
 30
0.0
 11
-16.627204678016433
 21
-15.230671837958688
 31
0.0
  0
LINE
  5
6AD
330
17
100
AcDbEntity
  8
ENGRAVE_POLARS
100
AcDbLine
 10
-16.627204678016433
 20
-15.230671837958688
 30
0.0
 11
-16.23309900956206
 21
-15.548739685706447
 31
0.0
  0
LINE
  5
6AE
330
17
100
AcDbEntity
  8
ENGRAVE_POLARS
100
AcDbLine
 10
-16.23309900956206
 20
-15.548739685706447
 30
0.0
 11
-15.83818974307509
 21
-15.838189743075088
 31
0.0
  0
LINE
  5
6AF
330
17
100
AcDbEntity
  8
ENGRAVE_POLARS
100
AcDbLine
 10
-15.83818974307509
 20
-15.838189743075088
 30
0.0
 11
-15.434416701058142
 21
-16.1022238120357
 31
0.0
  0
LINE
  5
6B0
330
17
100
AcDbEntity
  8
ENGRAVE_POLARS
100
AcDbLine
 10
-15.434416701058142
 20
-16.1022238120357
 30
0.0
 11
-15.0134735647577
 21
-16.347856129572907
 31
0.0
  0
LINE
  5
6B1
330
17
100
AcDbEntity
  8
ENGRAVE_POLARS
100
AcDbLine
 10
-15.0134735647577
 20
-16.347856129572907
 30
0.0
 11
-14.577903477606794
 21
-16.576243348787564
 31
0.0
  0
LINE
  5
6B2
330
17
100
AcDbEntity
  8
ENGRAVE_POLARS
100
AcDbLine
 10
-14.577903477606794
 20
-16.576243348787564
 30
0.0
 11
-14.130249583038458
 21
-16.78854212278054
 31
0.0
  0
LINE
  5
6B3
330
17
100
AcDbEntity
  8
ENGRAVE_POLARS
100
AcDbLine
 10
-14.130249583038458
 20
-16.78854212278054
 30
0.0
 11
-13.67305502448573
 21
-16.9859091046527
 31
0.0
  0
LINE
  5
6B4
330
17
100
AcDbEntity
  8
ENGRAVE_POLARS
100
AcDbLine
 10
-13.67305502448573
 20
-16.9859091046527
 30
0.0
 11
-13.208862945381645
 21
-17.169500947504897
 31
0.0
  0
LINE
  5
6B5
330
17
100
AcDbEntity
  8
ENGRAVE_POLARS
100
AcDbLine
 10
-13.208862945381645
 20
-17.169500947504897
 30
0.0
 11
-12.740216489159236
 21
-17.340474304437997
 31
0.0
  0
LINE
  5
6B6
330
17
100
AcDbEntity
  8
ENGRAVE_POLARS
100
AcDbLine
 10
-12.740216489159236
 20
-17.340474304437997
 30
0.0
 11
-12.26965879925154
 21
-17.499985828552862
 31
0.0
  0
LINE
  5
6B7
330
17
100
AcDbEntity
  8
ENGRAVE_POLARS
100
AcDbLine
 10
-12.26965879925154
 20
-17.499985828552862
 30
0.0
 11
-11.799733019091592
 21
-17.649192172950354
 31
0.0
  0
LINE
  5
6B8
330
17
100
AcDbEntity
  8
ENGRAVE_POLARS
100
AcDbLine
 10
-11.799733019091592
 20
-17.649192172950354
 30
0.0
 11
-11.332982292112424
 21
-17.78924999073133
 31
0.0
  0
LINE
  5
6B9
330
17
100
AcDbEntity
  8
ENGRAVE_POLARS
100
AcDbLine
 10
-11.332982292112424
 20
-17.78924999073133
 30
0.0
 11
-10.871949761747072
 21
-17.92131593499666
 31
0.0
  0
LINE
  5
6BA
330
17
100
AcDbEntity
  8
ENGRAVE_POLARS
100
AcDbLine
 10
-10.871949761747072
 20
-17.92131593499666
 30
0.0
 11
-10.41917857142857
 21
-18.046546658847202
 31
0.0
  0
LINE
  5
6BB
330
17
100
AcDbEntity
  8
ENGRAVE_POLARS
100
AcDbLine
 10
-10.41917857142857
 20
-18.046546658847202
 30
0.0
 11
-9.955229496327606
 21
-18.161178183147808
 31
0.0
  0
LINE
  5
6BC
330
17
100
AcDbEntity
  8
ENGRAVE_POLARS
100
AcDbLine
 10
-9.955229496327606
 20
-18.161178183147808
 30
0.0
 11
-9.46495778235312
 21
-18.261553445066085
 31
0.0
  0
LINE
  5
6BD
330
17
100
AcDbEntity
  8
ENGRAVE_POLARS
100
AcDbLine
 10
-9.46495778235312
 20
-18.261553445066085
 30
0.0
 11
-8.957348279045535
 21
-18.348989472157015
 31
0.0
  0
LINE
  5
6BE
330
17
100
AcDbEntity
  8
ENGRAVE_POLARS
100
AcDbLine
 10
-8.957348279045535
 20
-18.348989472157015
 30
0.0
 11
-8.441385835945274
 21
-18.424803291975582
 31
0.0
  0
LINE
  5
6BF
330
17
100
AcDbEntity
  8
ENGRAVE_POLARS
100
AcDbLine
 10
-8.441385835945274
 20
-18.424803291975582
 30
0.0
 11
-7.9260553025927605
 21
-18.490311932076782
 31
0.0
  0
LINE
  5
6C0
330
17
100
AcDbEntity
  8
ENGRAVE_POLARS
100
AcDbLine
 10
-7.9260553025927605
 20
-18.490311932076782
 30
0.0
 11
-7.420341528528414
 21
-18.54683242001559
 31
0.0
  0
LINE
  5
6C1
330
17
100
AcDbEntity
  8
ENGRAVE_POLARS
100
AcDbLine
 10
-7.420341528528414
 20
-18.54683242001559
 30
0.0
 11
-6.933229363292661
 21
-18.595681783347
 31
0.0
  0
LINE
  5
6C2
330
17
100
AcDbEntity
  8
ENGRAVE_POLARS
100
AcDbLine
 10
-6.933229363292661
 20
-18.595681783347
 30
0.0
 11
-6.47370365642592
 21
-18.638177049625984
 31
0.0
  0
LINE
  5
6C3
330
17
100
AcDbEntity
  8
ENGRAVE_POLARS
100
AcDbLine
 10
-6.47370365642592
 20
-18.638177049625984
 30
0.0
 11
-6.050749257468619
 21
-18.67563524640754
 31
0.0
  0
LINE
  5
6C4
330
17
100
AcDbEntity
  8
ENGRAVE_POLARS
100
AcDbLine
 10
-6.050749257468619
 20
-18.67563524640754
 30
0.0
 11
-5.673351015961174
 21
-18.70937340124665
 31
0.0
  0
LINE
  5
6C5
330
17
100
AcDbEntity
  8
ENGRAVE_POLARS
100
AcDbLine
 10
-5.673351015961174
 20
-18.70937340124665
 30
0.0
 11
-5.350493781444011
 21
-18.7407085416983
 31
0.0
  0
LINE
  5
6C6
330
17
100
AcDbEntity
  8
ENGRAVE_POLARS
100
AcDbLine
 10
-5.350493781444011
 20
-18.7407085416983
 30
0.0
 11
-5.091162403457552
 21
-18.770957695317474
 31
0.0
  0
LINE
  5
6C7
330
17
100
AcDbEntity
  8
ENGRAVE_POLARS
100
AcDbLine
 10
-5.091162403457552
 20
-18.770957695317474
 30
0.0
 11
-4.917447846290376
 21
-18.79694062115047
 31
0.0
  0
LINE
  5
6C8
330
17
100
AcDbEntity
  8
ENGRAVE_POLARS
100
AcDbLine
 10
-4.917447846290376
 20
-18.79694062115047
 30
0.0
 11
-4.8336063422638444
 21
-18.815196772166768
 31
0.0
  0
LINE
  5
6C9
330
17
100
AcDbEntity
  8
ENGRAVE_POLARS
100
AcDbLine
 10
-4.8336063422638444
 20
-18.815196772166768
 30
0.0
 11
-4.821870642967555
 21
-18.82662271680612
 31
0.0
  0
LINE
  5
6CA
330
17
100
AcDbEntity
  8
ENGRAVE_POLARS
100
AcDbLine
 10
-4.821870642967555
 20
-18.82662271680612
 30
0.0
 11
-4.864473499991106
 21
-18.832115023508283
 31
0.0
  0
LINE
  5
6CB
330
17
100
AcDbEntity
  8
ENGRAVE_POLARS
100
AcDbLine
 10
-4.864473499991106
 20
-18.832115023508283
 30
0.0
 11
-4.943647664924092
 21
-18.832570260713016
 31
0.0
  0
LINE
  5
6CC
330
17
100
AcDbEntity
  8
ENGRAVE_POLARS
100
AcDbLine
 10
-4.943647664924092
 20
-18.832570260713016
 30
0.0
 11
-5.041625889356112
 21
-18.828884996860076
 31
0.0
  0
LINE
  5
6CD
330
17
100
AcDbEntity
  8
ENGRAVE_POLARS
100
AcDbLine
 10
-5.041625889356112
 20
-18.828884996860076
 30
0.0
 11
-5.140640924876763
 21
-18.82195580038921
 31
0.0
  0
LINE
  5
6CE
330
17
100
AcDbEntity
  8
ENGRAVE_POLARS
100
AcDbLine
 10
-5.140640924876763
 20
-18.82195580038921
 30
0.0
 11
-5.2229255230756415
 21
-18.81267923974018
 31
0.0
  0
LINE
  5
6CF
330
17
100
AcDbEntity
  8
ENGRAVE_POLARS
100
AcDbLine
 10
-5.2229255230756415
 20
-18.81267923974018
 30
0.0
 11
-5.270712435542346
 21
-18.801951883352743
 31
0.0
  0
LINE
  5
6D0
330
17
100
AcDbEntity
  8
ENGRAVE_POLARS
100
AcDbLine
 10
-5.270712435542346
 20
-18.801951883352743
 30
0.0
 11
-5.266234413866471
 21
-18.79067029966665
 31
0.0
  0
LINE
  5
6D1
330
17
100
AcDbEntity
  8
ENGRAVE_POLARS
100
AcDbLine
 10
-5.266234413866471
 20
-18.79067029966665
 30
0.0
 11
-5.1917242096376155
 21
-18.779731057121662
 31
0.0
  0
LINE
  5
6D2
330
17
100
AcDbEntity
  8
ENGRAVE_POLARS
100
AcDbLine
 10
-5.1917242096376155
 20
-18.779731057121662
 30
0.0
 11
-5.0294145744453775
 21
-18.770030724157532
 31
0.0
  0
LINE
  5
6D3
330
17
100
AcDbEntity
  8
ENGRAVE_POLARS
100
AcDbLine
 10
-5.0294145744453775
 20
-18.770030724157532
 30
0.0
 11
-4.768214550845334
 21
-18.759190457738626
 31
0.0
  0
LINE
  5
6D4
330
17
100
AcDbEntity
  8
ENGRAVE_POLARS
100
AcDbLine
 10
-4.768214550845334
 20
-18.759190457738626
 30
0.0
 11
-4.420448709638747
 21
-18.74471837399891
 31
0.0
  0
LINE
  5
6D5
330
17
100
AcDbEntity
  8
ENGRAVE_POLARS
100
AcDbLine
 10
-4.420448709638747
 20
-18.74471837399891
 30
0.0
 11
-4.003473094783743
 21
-18.72734148013252
 31
0.0
  0
LINE
  5
6D6
330
17
100
AcDbEntity
  8
ENGRAVE_POLARS
100
AcDbLine
 10
-4.003473094783743
 20
-18.72734148013252
 30
0.0
 11
-3.5346437502384385
 21
-18.707786783333578
 31
0.0
  0
LINE
  5
6D7
330
17
100
AcDbEntity
  8
ENGRAVE_POLARS
100
AcDbLine
 10
-3.5346437502384385
 20
-18.707786783333578
 30
0.0
 11
-3.0313167199609596
 21
-18.686781290796226
 31
0.0
  0
LINE
  5
6D8
330
17
100
AcDbEntity
  8
ENGRAVE_POLARS
100
AcDbLine
 10
-3.0313167199609596
 20
-18.686781290796226
 30
0.0
 11
-2.510848047909429
 21
-18.665052009714607
 31
0.0
  0
LINE
  5
6D9
330
17
100
AcDbEntity
  8
ENGRAVE_POLARS
100
AcDbLine
 10
-2.510848047909429
 20
-18.665052009714607
 30
0.0
 11
-1.9905937780419674
 21
-18.64332594728284
 31
0.0
  0
LINE
  5
6DA
330
17
100
AcDbEntity
  8
ENGRAVE_POLARS
100
AcDbLine
 10
-1.9905937780419674
 20
-18.64332594728284
 30
0.0
 11
-1.4879099543166987
 21
-18.62233011069507
 31
0.0
  0
LINE
  5
6DB
330
17
100
AcDbEntity
  8
ENGRAVE_POLARS
100
AcDbLine
 10
-1.4879099543166987
 20
-18.62233011069507
 30
0.0
 11
-1.0201526206917464
 21
-18.602791507145437
 31
0.0
  0
LINE
  5
6DC
330
17
100
AcDbEntity
  8
ENGRAVE_POLARS
100
AcDbLine
 10
-1.0201526206917464
 20
-18.602791507145437
 30
0.0
 11
-0.6046778211252305
 21
-18.58543714382807
 31
0.0
  0
LINE
  5
6DD
330
17
100
AcDbEntity
  8
ENGRAVE_POLARS
100
AcDbLine
 10
-0.6046778211252305
 20
-18.58543714382807
 30
0.0
 11
-0.2588415995752749
 21
-18.570994027937097
 31
0.0
  0
LINE
  5
6DE
330
17
100
AcDbEntity
  8
ENGRAVE_POLARS
100
AcDbLine
 10
-0.2588415995752749
 20
-18.570994027937097
 30
0.0
 11
-2.2729676254527714e-15
 21
-18.560189166666667
 31
0.0
  0
TEXT
  5
6DF
330
17
100
AcDbEntity
  8
ENGRAVE_TEXT
100
AcDbText
 10
9.715536323358387
 20
14.404634155887965
 30
0.0
 40
4.5
  1
14
 72
1
 11
9.715536323358387
 21
14.404634155887965
 31
0.0
100
AcDbText
 73
2
  0
TEXT
  5
6E0
330
17
100
AcDbEntity
  8
ENGRAVE_TEXT
100
AcDbText
 10
-9.715536323358387
 20
14.404634155887965
 30
0.0
 40
4.5
  1
14
 72
1
 11
-9.715536323358387
 21
14.404634155887965
 31
0.0
100
AcDbText
 73
2
  0
CIRCLE
  5
6E1
330
17
100
AcDbEntity
  8
ENGRAVE_VMG
100
AcDbCircle
 10
10.696686249464763
 20
13.69182363660816
 30
0.0
 40
0.6
  0
CIRCLE
  5
6E2
330
17
100
AcDbEntity
  8
ENGRAVE_VMG
100
AcDbCircle
 10
-10.696686249464763
 20
13.69182363660816
 30
0.0
 40
0.6
  0
CIRCLE
  5
6E3
330
17
100
AcDbEntity
  8
ENGRAVE_VMG
100
AcDbCircle
 10
5.091162403457552
 20
-18.770957695317474
 30
0.0
 40
0.6
  0
CIRCLE
  5
6E4
330
17
100
AcDbEntity
  8
ENGRAVE_VMG
100
AcDbCircle
 10
-5.091162403457552
 20
-18.770957695317474
 30
0.0
 40
0.6
  0
LINE
  5
6E5
330
17
100
AcDbEntity
  8
ENGRAVE_POLARS
100
AcDbLine
 10
9.593014761614313
 20
12.106627591803022
 30
0.0
 11
9.789936830082501
 21
12.032903946207094
 31
0.0
  0
LINE
  5
6E6
330
17
100
AcDbEntity
  8
ENGRAVE_POLARS
100
AcDbLine
 10
9.789936830082501
 20
12.032903946207094
 30
0.0
 11
10.045787757610825
 21
11.941437553533076
 31
0.0
  0
LINE
  5
6E7
330
17
100
AcDbEntity
  8
ENGRAVE_POLARS
100
AcDbLine
 10
10.045787757610825
 20
11.941437553533076
 30
0.0
 11
10.350032703703652
 21
11.834583369087287
 31
0.0
  0
LINE
  5
6E8
330
17
100
AcDbEntity
  8
ENGRAVE_POLARS
100
AcDbLine
 10
10.350032703703652
 20
11.834583369087287
 30
0.0
 11
10.69213682786537
 21
11.714696348176048
 31
0.0
  0
LINE
  5
6E9
330
17
100
AcDbEntity
  8
ENGRAVE_POLARS
100
AcDbLine
 10
10.69213682786537
 20
11.714696348176048
 30
0.0
 11
11.061565289600352
 21
11.58413144610568
 31
0.0
  0
LINE
  5
6EA
330
17
100
AcDbEntity
  8
ENGRAVE_POLARS
100
AcDbLine
 10
11.061565289600352
 20
11.58413144610568
 30
0.0
 11
11.447783248412973
 21
11.445243618182502
 31
0.0
  0
LINE
  5
6EB
330
17
100
AcDbEntity
  8
ENGRAVE_POLARS
100
AcDbLine
 10
11.447783248412973
 20
11.445243618182502
 30
0.0
 11
11.840255863807613
 21
11.300387819712837
 31
0.0
  0
LINE
  5
6EC
330
17
100
AcDbEntity
  8
ENGRAVE_POLARS
100
AcDbLine
 10
11.840255863807613
 20
11.300387819712837
 30
0.0
 11
12.228448295288647
 21
11.151919006003007
 31
0.0
  0
LINE
  5
6ED
330
17
100
AcDbEntity
  8
ENGRAVE_POLARS
100
AcDbLine
 10
12.228448295288647
 20
11.151919006003007
 30
0.0
 11
12.601825702360456
 21
11.002192132359331
 31
0.0
  0
LINE
  5
6EE
330
17
100
AcDbEntity
  8
ENGRAVE_POLARS
100
AcDbLine
 10
12.601825702360456
 20
11.002192132359331
 30
0.0
 11
12.949853244527413
 21
10.853562154088127
 31
0.0
  0
LINE
  5
6EF
330
17
100
AcDbEntity
  8
ENGRAVE_POLARS
100
AcDbLine
 10
12.949853244527413
 20
10.853562154088127
 30
0.0
 11
13.261996081293896
 21
10.708384026495718
 31
0.0
  0
LINE
  5
6F0
330
17
100
AcDbEntity
  8
ENGRAVE_POLARS
100
AcDbLine
 10
13.261996081293896
 20
10.708384026495718
 30
0.0
 11
13.527719372164285
 21
10.56901270488843
 31
0.0
  0
LINE
  5
6F1
330
17
100
AcDbEntity
  8
ENGRAVE_POLARS
100
AcDbLine
 10
13.527719372164285
 20
10.56901270488843
 30
0.0
 11
13.752463701150523
 21
10.434955809750525
 31
0.0
  0
LINE
  5
6F2
330
17
100
AcDbEntity
  8
ENGRAVE_POLARS
100
AcDbLine
 10
13.752463701150523
 20
10.434955809750525
 30
0.0
 11
13.951183811346354
 21
10.303330966510556
 31
0.0
  0
LINE
  5
6F3
330
17
100
AcDbEntity
  8
ENGRAVE_POLARS
100
AcDbLine
 10
13.951183811346354
 20
10.303330966510556
 30
0.0
 11
14.127616100878832
 21
10.17290813789126
 31
0.0
  0
LINE
  5
6F4
330
17
100
AcDbEntity
  8
ENGRAVE_POLARS
100
AcDbLine
 10
14.127616100878832
 20
10.17290813789126
 30
0.0
 11
14.28549696787502
 21
10.042457286615377
 31
0.0
  0
LINE
  5
6F5
330
17
100
AcDbEntity
  8
ENGRAVE_POLARS
100
AcDbLine
 10
14.28549696787502
 20
10.042457286615377
 30
0.0
 11
14.428562810461983
 21
9.910748375405651
 31
0.0
  0
LINE
  5
6F6
330
17
100
AcDbEntity
  8
ENGRAVE_POLARS
100
AcDbLine
 10
14.428562810461983
 20
9.910748375405651
 30
0.0
 11
14.56055002676678
 21
9.776551366984817
 31
0.0
  0
LINE
  5
6F7
330
17
100
AcDbEntity
  8
ENGRAVE_POLARS
100
AcDbLine
 10
14.56055002676678
 20
9.776551366984817
 30
0.0
 11
14.685195014916468
 21
9.638636224075618
 31
0.0
  0
LINE
  5
6F8
330
17
100
AcDbEntity
  8
ENGRAVE_POLARS
100
AcDbLine
 10
14.685195014916468
 20
9.638636224075618
 30
0.0
 11
14.806234173038117
 21
9.49577290940079
 31
0.0
  0
LINE
  5
6F9
330
17
100
AcDbEntity
  8
ENGRAVE_POLARS
100
AcDbLine
 10
14.806234173038117
 20
9.49577290940079
 30
0.0
 11
14.92740389925878
 21
9.346731385683077
 31
0.0
  0
LINE
  5
6FA
330
17
100
AcDbEntity
  8
ENGRAVE_POLARS
100
AcDbLine
 10
14.92740389925878
 20
9.346731385683077
 30
0.0
 11
15.052440591705523
 21
9.190281615645214
 31
0.0
  0
LINE
  5
6FB
330
17
100
AcDbEntity
  8
ENGRAVE_POLARS
100
AcDbLine
 10
15.052440591705523
 20
9.190281615645214
 30
0.0
 11
15.185080648505402
 21
9.025193562009942
 31
0.0
  0
LINE
  5
6FC
330
17
100
AcDbEntity
  8
ENGRAVE_POLARS
100
AcDbLine
 10
15.185080648505402
 20
9.025193562009942
 30
0.0
 11
15.329060467785485
 21
8.850237187500003
 31
0.0
  0
LINE
  5
6FD
330
17
100
AcDbEntity
  8
ENGRAVE_POLARS
100
AcDbLine
 10
15.329060467785485
 20
8.850237187500003
 30
0.0
 11
15.48356143945753
 21
8.660335060831025
 31
0.0
  0
LINE
  5
6FE
330
17
100
AcDbEntity
  8
ENGRAVE_POLARS
100
AcDbLine
 10
15.48356143945753
 20
8.660335060831025
 30
0.0
 11
15.64398655914496
 21
8.453597948215418
 31
0.0
  0
LINE
  5
6FF
330
17
100
AcDbEntity
  8
ENGRAVE_POLARS
100
AcDbLine
 10
15.64398655914496
 20
8.453597948215418
 30
0.0
 11
15.808404633542315
 21
8.233578108621094
 31
0.0
  0
LINE
  5
700
330
17
100
AcDbEntity
  8
ENGRAVE_POLARS
100
AcDbLine
 10
15.808404633542315
 20
8.233578108621094
 30
0.0
 11
15.974884469344138
 21
8.003827801015971
 31
0.0
  0
LINE
  5
701
330
17
100
AcDbEntity
  8
ENGRAVE_POLARS
100
AcDbLine
 10
15.974884469344138
 20
8.003827801015971
 30
0.0
 11
16.141494873244984
 21
7.767899284367961
 31
0.0
  0
LINE
  5
702
330
17
100
AcDbEntity
  8
ENGRAVE_POLARS
100
AcDbLine
 10
16.141494873244984
 20
7.767899284367961
 30
0.0
 11
16.30630465193939
 21
7.5293448176449775
 31
0.0
  0
LINE
  5
703
330
17
100
AcDbEntity
  8
ENGRAVE_POLARS
100
AcDbLine
 10
16.30630465193939
 20
7.5293448176449775
 30
0.0
 11
16.4673826121219
 21
7.291716659814931
 31
0.0
  0
LINE
  5
704
330
17
100
AcDbEntity
  8
ENGRAVE_POLARS
100
AcDbLine
 10
16.4673826121219
 20
7.291716659814931
 30
0.0
 11
16.62279756048707
 21
7.05856706984574
 31
0.0
  0
LINE
  5
705
330
17
100
AcDbEntity
  8
ENGRAVE_POLARS
100
AcDbLine
 10
16.62279756048707
 20
7.05856706984574
 30
0.0
 11
16.77061830372943
 21
6.833448306705315
 31
0.0
  0
LINE
  5
706
330
17
100
AcDbEntity
  8
ENGRAVE_POLARS
100
AcDbLine
 10
16.77061830372943
 20
6.833448306705315
 30
0.0
 11
16.908913648543535
 21
6.61991262936157
 31
0.0
  0
LINE
  5
707
330
17
100
AcDbEntity
  8
ENGRAVE_POLARS
100
AcDbLine
 10
16.908913648543535
 20
6.61991262936157
 30
0.0
 11
17.035752401623927
 21
6.421512296782419
 31
0.0
  0
LINE
  5
708
330
17
100
AcDbEntity
  8
ENGRAVE_POLARS
100
AcDbLine
 10
17.035752401623927
 20
6.421512296782419
 30
0.0
 11
17.149203369665152
 21
6.241799567935774
 31
0.0
  0
LINE
  5
709
330
17
100
AcDbEntity
  8
ENGRAVE_POLARS
100
AcDbLine
 10
17.149203369665152
 20
6.241799567935774
 30
0.0
 11
17.248479462819805
 21
6.080572280363453
 31
0.0
  0
LINE
  5
70A
330
17
100
AcDbEntity
  8
ENGRAVE_POLARS
100
AcDbLine
 10
17.248479462819805
 20
6.080572280363453
 30
0.0
 11
17.33518656206366
 21
5.933826593627067
 31
0.0
  0
LINE
  5
70B
330
17
100
AcDbEntity
  8
ENGRAVE_POLARS
100
AcDbLine
 10
17.33518656206366
 20
5.933826593627067
 30
0.0
 11
17.41098293032606
 21
5.799412249724228
 31
0.0
  0
LINE
  5
70C
330
17
100
AcDbEntity
  8
ENGRAVE_POLARS
100
AcDbLine
 10
17.41098293032606
 20
5.799412249724228
 30
0.0
 11
17.477526830536327
 21
5.675178990652545
 31
0.0
  0
LINE
  5
70D
330
17
100
AcDbEntity
  8
ENGRAVE_POLARS
100
AcDbLine
 10
17.477526830536327
 20
5.675178990652545
 30
0.0
 11
17.53647652562379
 21
5.558976558409629
 31
0.0
  0
LINE
  5
70E
330
17
100
AcDbEntity
  8
ENGRAVE_POLARS
100
AcDbLine
 10
17.53647652562379
 20
5.558976558409629
 30
0.0
 11
17.589490278517786
 21
5.448654694993087
 31
0.0
  0
LINE
  5
70F
330
17
100
AcDbEntity
  8
ENGRAVE_POLARS
100
AcDbLine
 10
17.589490278517786
 20
5.448654694993087
 30
0.0
 11
17.63822635214763
 21
5.342063142400535
 31
0.0
  0
LINE
  5
710
330
17
100
AcDbEntity
  8
ENGRAVE_POLARS
100
AcDbLine
 10
17.63822635214763
 20
5.342063142400535
 30
0.0
 11
17.684343009442664
 21
5.23705164262958
 31
0.0
  0
LINE
  5
711
330
17
100
AcDbEntity
  8
ENGRAVE_POLARS
100
AcDbLine
 10
17.684343009442664
 20
5.23705164262958
 30
0.0
 11
17.72949851333221
 21
5.131469937677833
 31
0.0
  0
LINE
  5
712
330
17
100
AcDbEntity
  8
ENGRAVE_POLARS
100
AcDbLine
 10
17.72949851333221
 20
5.131469937677833
 30
0.0
 11
17.7753511267456
 21
5.023167769542902
 31
0.0
  0
LINE
  5
713
330
17
100
AcDbEntity
  8
ENGRAVE_POLARS
100
AcDbLine
 10
17.7753511267456
 20
5.023167769542902
 30
0.0
 11
17.823559112612163
 21
4.9099948802224
 31
0.0
  0
LINE
  5
714
330
17
100
AcDbEntity
  8
ENGRAVE_POLARS
100
AcDbLine
 10
17.823559112612163
 20
4.9099948802224
 30
0.0
 11
17.875780733861227
 21
4.789801011713937
 31
0.0
  0
LINE
  5
715
330
17
100
AcDbEntity
  8
ENGRAVE_POLARS
100
AcDbLine
 10
17.875780733861227
 20
4.789801011713937
 30
0.0
 11
17.929558565619395
 21
4.67031303558536
 31
0.0
  0
LINE
  5
716
330
17
100
AcDbEntity
  8
ENGRAVE_POLARS
100
AcDbLine
 10
17.929558565619395
 20
4.67031303558536
 30
0.0
 11
17.981519777953412
 21
4.558793787927907
 31
0.0
  0
LINE
  5
717
330
17
100
AcDbEntity
  8
ENGRAVE_POLARS
100
AcDbLine
 10
17.981519777953412
 20
4.558793787927907
 30
0.0
 11
18.031949526202837
 21
4.452396957524271
 31
0.0
  0
LINE
  5
718
330
17
100
AcDbEntity
  8
ENGRAVE_POLARS
100
AcDbLine
 10
18.031949526202837
 20
4.452396957524271
 30
0.0
 11
18.081132965707223
 21
4.348276233157149
 31
0.0
  0
LINE
  5
719
330
17
100
AcDbEntity
  8
ENGRAVE_POLARS
100
AcDbLine
 10
18.081132965707223
 20
4.348276233157149
 30
0.0
 11
18.129355251806125
 21
4.243585303609234
 31
0.0
  0
LINE
  5
71A
330
17
100
AcDbEntity
  8
ENGRAVE_POLARS
100
AcDbLine
 10
18.129355251806125
 20
4.243585303609234
 30
0.0
 11
18.17690153983909
 21
4.135477857663221
 31
0.0
  0
LINE
  5
71B
330
17
100
AcDbEntity
  8
ENGRAVE_POLARS
100
AcDbLine
 10
18.17690153983909
 20
4.135477857663221
 30
0.0
 11
18.22405698514568
 21
4.021107584101805
 31
0.0
  0
LINE
  5
71C
330
17
100
AcDbEntity
  8
ENGRAVE_POLARS
100
AcDbLine
 10
18.22405698514568
 20
4.021107584101805
 30
0.0
 11
18.271106743065445
 21
3.897628171707681
 31
0.0
  0
LINE
  5
71D
330
17
100
AcDbEntity
  8
ENGRAVE_POLARS
100
AcDbLine
 10
18.271106743065445
 20
3.897628171707681
 30
0.0
 11
18.318335968937944
 21
3.7621933092635422
 31
0.0
  0
LINE
  5
71E
330
17
100
AcDbEntity
  8
ENGRAVE_POLARS
100
AcDbLine
 10
18.318335968937944
 20
3.7621933092635422
 30
0.0
 11
18.366029818102728
 21
3.611956685552084
 31
0.0
  0
LINE
  5
71F
330
17
100
AcDbEntity
  8
ENGRAVE_POLARS
100
AcDbLine
 10
18.366029818102728
 20
3.611956685552084
 30
0.0
 11
18.414473445899347
 21
3.4440719893560003
 31
0.0
  0
LINE
  5
720
330
17
100
AcDbEntity
  8
ENGRAVE_POLARS
100
AcDbLine
 10
18.414473445899347
 20
3.4440719893560003
 30
0.0
 11
18.46395200766736
 21
3.255692909457987
 31
0.0
  0
LINE
  5
721
330
17
100
AcDbEntity
  8
ENGRAVE_POLARS
100
AcDbLine
 10
18.46395200766736
 20
3.255692909457987
 30
0.0
 11
18.517131737228397
 21
3.056049106553737
 31
0.0
  0
LINE
  5
722
330
17
100
AcDbEntity
  8
ENGRAVE_POLARS
100
AcDbLine
 10
18.517131737228397
 20
3.056049106553737
 30
0.0
 11
18.57539825028035
 21
2.8541190678684822
 31
0.0
  0
LINE
  5
723
330
17
100
AcDbEntity
  8
ENGRAVE_POLARS
100
AcDbLine
 10
18.57539825028035
 20
2.8541190678684822
 30
0.0
 11
18.63711577497715
 21
2.6466797219792184
 31
0.0
  0
LINE
  5
724
330
17
100
AcDbEntity
  8
ENGRAVE_POLARS
100
AcDbLine
 10
18.63711577497715
 20
2.6466797219792184
 30
0.0
 11
18.70064853947274
 21
2.4305079974629424
 31
0.0
  0
LINE
  5
725
330
17
100
AcDbEntity
  8
ENGRAVE_POLARS
100
AcDbLine
 10
18.70064853947274
 20
2.4305079974629424
 30
0.0
 11
18.76436077192107
 21
2.2023808228966533
 31
0.0
  0
LINE
  5
726
330
17
100
AcDbEntity
  8
ENGRAVE_POLARS
100
AcDbLine
 10
18.76436077192107
 20
2.2023808228966533
 30
0.0
 11
18.826616700476066
 21
1.959075126857347
 31
0.0
  0
LINE
  5
727
330
17
100
AcDbEntity
  8
ENGRAVE_POLARS
100
AcDbLine
 10
18.826616700476066
 20
1.959075126857347
 30
0.0
 11
18.885780553291664
 21
1.697367837922021
 31
0.0
  0
LINE
  5
728
330
17
100
AcDbEntity
  8
ENGRAVE_POLARS
100
AcDbLine
 10
18.885780553291664
 20
1.697367837922021
 30
0.0
 11
18.940216558521815
 21
1.4140358846676722
 31
0.0
  0
LINE
  5
729
330
17
100
AcDbEntity
  8
ENGRAVE_POLARS
100
AcDbLine
 10
18.940216558521815
 20
1.4140358846676722
 30
0.0
 11
18.98828894432045
 21
1.1058561956712991
 31
0.0
  0
LINE
  5
72A
330
17
100
AcDbEntity
  8
ENGRAVE_POLARS
100
AcDbLine
 10
18.98828894432045
 20
1.1058561956712991
 30
0.0
 11
19.028361938841513
 21
0.7696056995098978
 31
0.0
  0
LINE
  5
72B
330
17
100
AcDbEntity
  8
ENGRAVE_POLARS
100
AcDbLine
 10
19.028361938841513
 20
0.7696056995098978
 30
0.0
 11
19.058799770238938
 21
0.402061324760466
 31
0.0
  0
LINE
  5
72C
330
17
100
AcDbEntity
  8
ENGRAVE_POLARS
100
AcDbLine
 10
19.058799770238938
 20
0.402061324760466
 30
0.0
 11
19.07796666666667
 21
1.1681885406286618e-15
 31
0.0
  0
LINE
  5
72D
330
17
100
AcDbEntity
  8
ENGRAVE_POLARS
100
AcDbLine
 10
19.07796666666667
 20
1.1681885406286618e-15
 30
0.0
 11
19.08628392923769
 21
-0.4545868535763434
 31
0.0
  0
LINE
  5
72E
330
17
100
AcDbEntity
  8
ENGRAVE_POLARS
100
AcDbLine
 10
19.08628392923769
 20
-0.4545868535763434
 30
0.0
 11
19.08580413703779
 21
-0.9696431627465575
 31
0.0
  0
LINE
  5
72F
330
17
100
AcDbEntity
  8
ENGRAVE_POLARS
100
AcDbLine
 10
19.08580413703779
 20
-0.9696431627465575
 30
0.0
 11
19.077338435180106
 21
-1.5332950208933596
 31
0.0
  0
LINE
  5
730
330
17
100
AcDbEntity
  8
ENGRAVE_POLARS
100
AcDbLine
 10
19.077338435180106
 20
-1.5332950208933596
 30
0.0
 11
19.061697968777775
 21
-2.1336685213994686
 31
0.0
  0
LINE
  5
731
330
17
100
AcDbEntity
  8
ENGRAVE_POLARS
100
AcDbLine
 10
19.061697968777775
 20
-2.1336685213994686
 30
0.0
 11
19.03969388294393
 21
-2.758889757647603
 31
0.0
  0
LINE
  5
732
330
17
100
AcDbEntity
  8
ENGRAVE_POLARS
100
AcDbLine
 10
19.03969388294393
 20
-2.758889757647603
 30
0.0
 11
19.012137322791702
 21
-3.3970848230204793
 31
0.0
  0
LINE
  5
733
330
17
100
AcDbEntity
  8
ENGRAVE_POLARS
100
AcDbLine
 10
19.012137322791702
 20
-3.3970848230204793
 30
0.0
 11
18.979839433434233
 21
-4.036379810900819
 31
0.0
  0
LINE
  5
734
330
17
100
AcDbEntity
  8
ENGRAVE_POLARS
100
AcDbLine
 10
18.979839433434233
 20
-4.036379810900819
 30
0.0
 11
18.943611359984658
 21
-4.6649008146713395
 31
0.0
  0
LINE
  5
735
330
17
100
AcDbEntity
  8
ENGRAVE_POLARS
100
AcDbLine
 10
18.943611359984658
 20
-4.6649008146713395
 30
0.0
 11
18.904264247556117
 21
-5.2707739277147585
 31
0.0
  0
LINE
  5
736
330
17
100
AcDbEntity
  8
ENGRAVE_POLARS
100
AcDbLine
 10
18.904264247556117
 20
-5.2707739277147585
 30
0.0
 11
18.86260924126174
 21
-5.842125243413795
 31
0.0
  0
LINE
  5
737
330
17
100
AcDbEntity
  8
ENGRAVE_POLARS
100
AcDbLine
 10
18.86260924126174
 20
-5.842125243413795
 30
0.0
 11
18.819457486214656
 21
-6.367080855151168
 31
0.0
  0
LINE
  5
738
330
17
100
AcDbEntity
  8
ENGRAVE_POLARS
100
AcDbLine
 10
18.819457486214656
 20
-6.367080855151168
 30
0.0
 11
18.775620127528015
 21
-6.8337668563095955
 31
0.0
  0
LINE
  5
739
330
17
100
AcDbEntity
  8
ENGRAVE_POLARS
100
AcDbLine
 10
18.775620127528015
 20
-6.8337668563095955
 30
0.0
 11
18.736718857593793
 21
-7.243169271973884
 31
0.0
  0
LINE
  5
73A
330
17
100
AcDbEntity
  8
ENGRAVE_POLARS
100
AcDbLine
 10
18.736718857593793
 20
-7.243169271973884
 30
0.0
 11
18.705446231447116
 21
-7.608868925325948
 31
0.0
  0
LINE
  5
73B
330
17
100
AcDbEntity
  8
ENGRAVE_POLARS
100
AcDbLine
 10
18.705446231447116
 20
-7.608868925325948
 30
0.0
 11
18.678219688165804
 21
-7.937884106894158
 31
0.0
  0
LINE
  5
73C
330
17
100
AcDbEntity
  8
ENGRAVE_POLARS
100
AcDbLine
 10
18.678219688165804
 20
-7.937884106894158
 30
0.0
 11
18.65145666682769
 21
-8.237233107206892
 31
0.0
  0
LINE
  5
73D
330
17
100
AcDbEntity
  8
ENGRAVE_POLARS
100
AcDbLine
 10
18.65145666682769
 20
-8.237233107206892
 30
0.0
 11
18.621574606510606
 21
-8.513934216792528
 31
0.0
  0
LINE
  5
73E
330
17
100
AcDbEntity
  8
ENGRAVE_POLARS
100
AcDbLine
 10
18.621574606510606
 20
-8.513934216792528
 30
0.0
 11
18.584990946292383
 21
-8.775005726179435
 31
0.0
  0
LINE
  5
73F
330
17
100
AcDbEntity
  8
ENGRAVE_POLARS
100
AcDbLine
 10
18.584990946292383
 20
-8.775005726179435
 30
0.0
 11
18.538123125250845
 21
-9.027465925895992
 31
0.0
  0
LINE
  5
740
330
17
100
AcDbEntity
  8
ENGRAVE_POLARS
100
AcDbLine
 10
18.538123125250845
 20
-9.027465925895992
 30
0.0
 11
18.47738858246383
 21
-9.278333106470576
 31
0.0
  0
LINE
  5
741
330
17
100
AcDbEntity
  8
ENGRAVE_POLARS
100
AcDbLine
 10
18.47738858246383
 20
-9.278333106470576
 30
0.0
 11
18.399204757009166
 21
-9.534625558431559
 31
0.0
  0
LINE
  5
742
330
17
100
AcDbEntity
  8
ENGRAVE_POLARS
100
AcDbLine
 10
18.399204757009166
 20
-9.534625558431559
 30
0.0
 11
18.299989087964676
 21
-9.803361572307319
 31
0.0
  0
LINE
  5
743
330
17
100
AcDbEntity
  8
ENGRAVE_POLARS
100
AcDbLine
 10
18.299989087964676
 20
-9.803361572307319
 30
0.0
 11
18.176159014408196
 21
-10.091559438626225
 31
0.0
  0
LINE
  5
744
330
17
100
AcDbEntity
  8
ENGRAVE_POLARS
100
AcDbLine
 10
18.176159014408196
 20
-10.091559438626225
 30
0.0
 11
18.024131975417557
 21
-10.406237447916661
 31
0.0
  0
LINE
  5
745
330
17
100
AcDbEntity
  8
ENGRAVE_POLARS
100
AcDbLine
 10
18.024131975417557
 20
-10.406237447916661
 30
0.0
 11
17.84584270759615
 21
-10.749119476457457
 31
0.0
  0
LINE
  5
746
330
17
100
AcDbEntity
  8
ENGRAVE_POLARS
100
AcDbLine
 10
17.84584270759615
 20
-10.749119476457457
 30
0.0
 11
17.646430655243062
 21
-11.113646219486014
 31
0.0
  0
LINE
  5
747
330
17
100
AcDbEntity
  8
ENGRAVE_POLARS
100
AcDbLine
 10
17.646430655243062
 20
-11.113646219486014
 30
0.0
 11
17.427120318979625
 21
-11.49441119596854
 31
0.0
  0
LINE
  5
748
330
17
100
AcDbEntity
  8
ENGRAVE_POLARS
100
AcDbLine
 10
17.427120318979625
 20
-11.49441119596854
 30
0.0
 11
17.18913619942719
 21
-11.886007924871254
 31
0.0
  0
LINE
  5
749
330
17
100
AcDbEntity
  8
ENGRAVE_POLARS
100
AcDbLine
 10
17.18913619942719
 20
-11.886007924871254
 30
0.0
 11
16.93370279720711
 21
-12.283029925160369
 31
0.0
  0
LINE
  5
74A
330
17
100
AcDbEntity
  8
ENGRAVE_POLARS
100
AcDbLine
 10
16.93370279720711
 20
-12.283029925160369
 30
0.0
 11
16.662044612940722
 21
-12.680070715802096
 31
0.0
  0
LINE
  5
74B
330
17
100
AcDbEntity
  8
ENGRAVE_POLARS
100
AcDbLine
 10
16.662044612940722
 20
-12.680070715802096
 30
0.0
 11
16.37538614724937
 21
-13.07172381576265
 31
0.0
  0
LINE
  5
74C
330
17
100
AcDbEntity
  8
ENGRAVE_POLARS
100
AcDbLine
 10
16.37538614724937
 20
-13.07172381576265
 30
0.0
 11
16.07495190075441
 21
-13.452582744008252
 31
0.0
  0
LINE
  5
74D
330
17
100
AcDbEntity
  8
ENGRAVE_POLARS
100
AcDbLine
 10
16.07495190075441
 20
-13.452582744008252
 30
0.0
 11
15.761966374077183
 21
-13.817241019505108
 31
0.0
  0
LINE
  5
74E
330
17
100
AcDbEntity
  8
ENGRAVE_POLARS
100
AcDbLine
 10
15.761966374077183
 20
-13.817241019505108
 30
0.0
 11
15.437654067839032
 21
-14.160292161219433
 31
0.0
  0
LINE
  5
74F
330
17
100
AcDbEntity
  8
ENGRAVE_POLARS
100
AcDbLine
 10
15.437654067839032
 20
-14.160292161219433
 30
0.0
 11
15.103239482661307
 21
-14.476329688117442
 31
0.0
  0
LINE
  5
750
330
17
100
AcDbEntity
  8
ENGRAVE_POLARS
100
AcDbLine
 10
15.103239482661307
 20
-14.476329688117442
 30
0.0
 11
14.759947119165354
 21
-14.759947119165352
 31
0.0
  0
LINE
  5
751
330
17
100
AcDbEntity
  8
ENGRAVE_POLARS
100
AcDbLine
 10
14.759947119165354
 20
-14.759947119165352
 30
0.0
 11
14.4003627218954
 21
-15.014158750010399
 31
0.0
  0
LINE
  5
752
330
17
100
AcDbEntity
  8
ENGRAVE_POLARS
100
AcDbLine
 10
14.4003627218954
 20
-15.014158750010399
 30
0.0
 11
14.018432309429043
 21
-15.246780748101317
 31
0.0
  0
LINE
  5
753
330
17
100
AcDbEntity
  8
ENGRAVE_POLARS
100
AcDbLine
 10
14.018432309429043
 20
-15.246780748101317
 30
0.0
 11
13.617420793437654
 21
-15.45960944010657
 31
0.0
  0
LINE
  5
754
330
17
100
AcDbEntity
  8
ENGRAVE_POLARS
100
AcDbLine
 10
13.617420793437654
 20
-15.45960944010657
 30
0.0
 11
13.200593085592617
 21
-15.65444115269462
 31
0.0
  0
LINE
  5
755
330
17
100
AcDbEntity
  8
ENGRAVE_POLARS
100
AcDbLine
 10
13.200593085592617
 20
-15.65444115269462
 30
0.0
 11
12.771214097565318
 21
-15.833072212533924
 31
0.0
  0
LINE
  5
756
330
17
100
AcDbEntity
  8
ENGRAVE_POLARS
100
AcDbLine
 10
12.771214097565318
 20
-15.833072212533924
 30
0.0
 11
12.332548741027127
 21
-15.99729894629295
 31
0.0
  0
LINE
  5
757
330
17
100
AcDbEntity
  8
ENGRAVE_POLARS
100
AcDbLine
 10
12.332548741027127
 20
-15.99729894629295
 30
0.0
 11
11.887861927649428
 21
-16.14891768064015
 31
0.0
  0
LINE
  5
758
330
17
100
AcDbEntity
  8
ENGRAVE_POLARS
100
AcDbLine
 10
11.887861927649428
 20
-16.14891768064015
 30
0.0
 11
11.440418569103608
 21
-16.28972474224399
 31
0.0
  0
LINE
  5
759
330
17
100
AcDbEntity
  8
ENGRAVE_POLARS
100
AcDbLine
 10
11.440418569103608
 20
-16.28972474224399
 30
0.0
 11
10.99348357706104
 21
-16.42151645777294
 31
0.0
  0
LINE
  5
75A
330
17
100
AcDbEntity
  8
ENGRAVE_POLARS
100
AcDbLine
 10
10.99348357706104
 20
-16.42151645777294
 30
0.0
 11
10.550321863193108
 21
-16.546089153895437
 31
0.0
  0
LINE
  5
75B
330
17
100
AcDbEntity
  8
ENGRAVE_POLARS
100
AcDbLine
 10
10.550321863193108
 20
-16.546089153895437
 30
0.0
 11
10.114198339171187
 21
-16.66523915727997
 31
0.0
  0
LINE
  5
75C
330
17
100
AcDbEntity
  8
ENGRAVE_POLARS
100
AcDbLine
 10
10.114198339171187
 20
-16.66523915727997
 30
0.0
 11
9.688377916666665
 21
-16.780762794594978
 31
0.0
  0
LINE
  5
75D
330
17
100
AcDbEntity
  8
ENGRAVE_POLARS
100
AcDbLine
 10
9.688377916666665
 20
-16.780762794594978
 30
0.0
 11
9.256647444717496
 21
-16.88865079370953
 31
0.0
  0
LINE
  5
75E
330
17
100
AcDbEntity
  8
ENGRAVE_POLARS
100
AcDbLine
 10
9.256647444717496
 20
-16.88865079370953
 30
0.0
 11
8.805127741797241
 21
-16.98439217053833
 31
0.0
  0
LINE
  5
75F
330
17
100
AcDbEntity
  8
ENGRAVE_POLARS
100
AcDbLine
 10
8.805127741797241
 20
-16.98439217053833
 30
0.0
 11
8.34058467373068
 21
-17.069030683818344
 31
0.0
  0
LINE
  5
760
330
17
100
AcDbEntity
  8
ENGRAVE_POLARS
100
AcDbLine
 10
8.34058467373068
 20
-17.069030683818344
 30
0.0
 11
7.8697841063425935
 21
-17.1436100922865
 31
0.0
  0
LINE
  5
761
330
17
100
AcDbEntity
  8
ENGRAVE_POLARS
100
AcDbLine
 10
7.8697841063425935
 20
-17.1436100922865
 30
0.0
 11
7.399491905457762
 21
-17.20917415467976
 31
0.0
  0
LINE
  5
762
330
17
100
AcDbEntity
  8
ENGRAVE_POLARS
100
AcDbLine
 10
7.399491905457762
 20
-17.20917415467976
 30
0.0
 11
6.936473936900963
 21
-17.266766629735073
 31
0.0
  0
LINE
  5
763
330
17
100
AcDbEntity
  8
ENGRAVE_POLARS
100
AcDbLine
 10
6.936473936900963
 20
-17.266766629735073
 30
0.0
 11
6.487496066496978
 21
-17.31743127618938
 31
0.0
  0
LINE
  5
764
330
17
100
AcDbEntity
  8
ENGRAVE_POLARS
100
AcDbLine
 10
6.487496066496978
 20
-17.31743127618938
 30
0.0
 11
6.059324160070587
 21
-17.362211852779637
 31
0.0
  0
LINE
  5
765
330
17
100
AcDbEntity
  8
ENGRAVE_POLARS
100
AcDbLine
 10
6.059324160070587
 20
-17.362211852779637
 30
0.0
 11
5.658724083446573
 21
-17.402152118242793
 31
0.0
  0
LINE
  5
766
330
17
100
AcDbEntity
  8
ENGRAVE_POLARS
100
AcDbLine
 10
5.658724083446573
 20
-17.402152118242793
 30
0.0
 11
5.29246170244971
 21
-17.438295831315788
 31
0.0
  0
LINE
  5
767
330
17
100
AcDbEntity
  8
ENGRAVE_POLARS
100
AcDbLine
 10
5.29246170244971
 20
-17.438295831315788
 30
0.0
 11
4.967302882904781
 21
-17.47168675073558
 31
0.0
  0
LINE
  5
768
330
17
100
AcDbEntity
  8
ENGRAVE_POLARS
100
AcDbLine
 10
4.967302882904781
 20
-17.47168675073558
 30
0.0
 11
4.690013490636568
 21
-17.503368635239113
 31
0.0
  0
LINE
  5
769
330
17
100
AcDbEntity
  8
ENGRAVE_POLARS
100
AcDbLine
 10
4.690013490636568
 20
-17.503368635239113
 30
0.0
 11
4.473720694406558
 21
-17.530120927127005
 31
0.0
  0
LINE
  5
76A
330
17
100
AcDbEntity
  8
ENGRAVE_POLARS
100
AcDbLine
 10
4.473720694406558
 20
-17.530120927127005
 30
0.0
 11
4.319397202526848
 21
-17.5487555346957
 31
0.0
  0
LINE
  5
76B
330
17
100
AcDbEntity
  8
ENGRAVE_POLARS
100
AcDbLine
 10
4.319397202526848
 20
-17.5487555346957
 30
0.0
 11
4.215577190148132
 21
-17.5603649156759
 31
0.0
  0
LINE
  5
76C
330
17
100
AcDbEntity
  8
ENGRAVE_POLARS
100
AcDbLine
 10
4.215577190148132
 20
-17.5603649156759
 30
0.0
 11
4.150794832421097
 21
-17.566041527798294
 31
0.0
  0
LINE
  5
76D
330
17
100
AcDbEntity
  8
ENGRAVE_POLARS
100
AcDbLine
 10
4.150794832421097
 20
-17.566041527798294
 30
0.0
 11
4.113584304496436
 21
-17.566877828793594
 31
0.0
  0
LINE
  5
76E
330
17
100
AcDbEntity
  8
ENGRAVE_POLARS
100
AcDbLine
 10
4.113584304496436
 20
-17.566877828793594
 30
0.0
 11
4.092479781524841
 21
-17.56396627639248
 31
0.0
  0
LINE
  5
76F
330
17
100
AcDbEntity
  8
ENGRAVE_POLARS
100
AcDbLine
 10
4.092479781524841
 20
-17.56396627639248
 30
0.0
 11
4.076015438657002
 21
-17.558399328325656
 31
0.0
  0
LINE
  5
770
330
17
100
AcDbEntity
  8
ENGRAVE_POLARS
100
AcDbLine
 10
4.076015438657002
 20
-17.558399328325656
 30
0.0
 11
4.05272545104361
 21
-17.55126944232382
 31
0.0
  0
LINE
  5
771
330
17
100
AcDbEntity
  8
ENGRAVE_POLARS
100
AcDbLine
 10
4.05272545104361
 20
-17.55126944232382
 30
0.0
 11
4.011143993835357
 21
-17.54366907611767
 31
0.0
  0
LINE
  5
772
330
17
100
AcDbEntity
  8
ENGRAVE_POLARS
100
AcDbLine
 10
4.011143993835357
 20
-17.54366907611767
 30
0.0
 11
3.939805242182932
 21
-17.5366906874379
 31
0.0
  0
LINE
  5
773
330
17
100
AcDbEntity
  8
ENGRAVE_POLARS
100
AcDbLine
 10
3.939805242182932
 20
-17.5366906874379
 30
0.0
 11
3.8272433712370275
 21
-17.531426734015206
 31
0.0
  0
LINE
  5
774
330
17
100
AcDbEntity
  8
ENGRAVE_POLARS
100
AcDbLine
 10
3.8272433712370275
 20
-17.531426734015206
 30
0.0
 11
3.661992556148335
 21
-17.528969673580292
 31
0.0
  0
LINE
  5
775
330
17
100
AcDbEntity
  8
ENGRAVE_POLARS
100
AcDbLine
 10
3.661992556148335
 20
-17.528969673580292
 30
0.0
 11
3.4373903547399207
 21
-17.52769518337977
 31
0.0
  0
LINE
  5
776
330
17
100
AcDbEntity
  8
ENGRAVE_POLARS
100
AcDbLine
 10
3.4373903547399207
 20
-17.52769518337977
 30
0.0
 11
3.161705203643893
 21
-17.52537783140982
 31
0.0
  0
LINE
  5
777
330
17
100
AcDbEntity
  8
ENGRAVE_POLARS
100
AcDbLine
 10
3.161705203643893
 20
-17.52537783140982
 30
0.0
 11
2.845867596224501
 21
-17.522208411525472
 31
0.0
  0
LINE
  5
778
330
17
100
AcDbEntity
  8
ENGRAVE_POLARS
100
AcDbLine
 10
2.845867596224501
 20
-17.522208411525472
 30
0.0
 11
2.500808025845997
 21
-17.518377717581775
 31
0.0
  0
LINE
  5
779
330
17
100
AcDbEntity
  8
ENGRAVE_POLARS
100
AcDbLine
 10
2.500808025845997
 20
-17.518377717581775
 30
0.0
 11
2.137456985872631
 21
-17.514076543433763
 31
0.0
  0
LINE
  5
77A
330
17
100
AcDbEntity
  8
ENGRAVE_POLARS
100
AcDbLine
 10
2.137456985872631
 20
-17.514076543433763
 30
0.0
 11
1.766744969668654
 21
-17.50949568293647
 31
0.0
  0
LINE
  5
77B
330
17
100
AcDbEntity
  8
ENGRAVE_POLARS
100
AcDbLine
 10
1.766744969668654
 20
-17.50949568293647
 30
0.0
 11
1.3996024705983163
 21
-17.50482592994494
 31
0.0
  0
LINE
  5
77C
330
17
100
AcDbEntity
  8
ENGRAVE_POLARS
100
AcDbLine
 10
1.3996024705983163
 20
-17.50482592994494
 30
0.0
 11
1.0469599820258695
 21
-17.500258078314207
 31
0.0
  0
LINE
  5
77D
330
17
100
AcDbEntity
  8
ENGRAVE_POLARS
100
AcDbLine
 10
1.0469599820258695
 20
-17.500258078314207
 30
0.0
 11
0.7197479973155644
 21
-17.495982921899305
 31
0.0
  0
LINE
  5
77E
330
17
100
AcDbEntity
  8
ENGRAVE_POLARS
100
AcDbLine
 10
0.7197479973155644
 20
-17.495982921899305
 30
0.0
 11
0.4288970098316506
 21
-17.49219125455528
 31
0.0
  0
LINE
  5
77F
330
17
100
AcDbEntity
  8
ENGRAVE_POLARS
100
AcDbLine
 10
0.4288970098316506
 20
-17.49219125455528
 30
0.0
 11
0.1853375129383795
 21
-17.489073870137165
 31
0.0
  0
LINE
  5
780
330
17
100
AcDbEntity
  8
ENGRAVE_POLARS
100
AcDbLine
 10
0.1853375129383795
 20
-17.489073870137165
 30
0.0
 11
2.1415180053776542e-15
 21
-17.4868215625
 31
0.0
  0
LINE
  5
781
330
17
100
AcDbEntity
  8
ENGRAVE_POLARS
100
AcDbLine
 10
-9.593014761614313
 20
12.106627591803022
 30
0.0
 11
-9.789936830082501
 21
12.032903946207094
 31
0.0
  0
LINE
  5
782
330
17
100
AcDbEntity
  8
ENGRAVE_POLARS
100
AcDbLine
 10
-9.789936830082501
 20
12.032903946207094
 30
0.0
 11
-10.045787757610825
 21
11.941437553533076
 31
0.0
  0
LINE
  5
783
330
17
100
AcDbEntity
  8
ENGRAVE_POLARS
100
AcDbLine
 10
-10.045787757610825
 20
11.941437553533076
 30
0.0
 11
-10.350032703703652
 21
11.834583369087287
 31
0.0
  0
LINE
  5
784
330
17
100
AcDbEntity
  8
ENGRAVE_POLARS
100
AcDbLine
 10
-10.350032703703652
 20
11.834583369087287
 30
0.0
 11
-10.69213682786537
 21
11.714696348176048
 31
0.0
  0
LINE
  5
785
330
17
100
AcDbEntity
  8
ENGRAVE_POLARS
100
AcDbLine
 10
-10.69213682786537
 20
11.714696348176048
 30
0.0
 11
-11.061565289600352
 21
11.58413144610568
 31
0.0
  0
LINE
  5
786
330
17
100
AcDbEntity
  8
ENGRAVE_POLARS
100
AcDbLine
 10
-11.061565289600352
 20
11.58413144610568
 30
0.0
 11
-11.447783248412973
 21
11.445243618182502
 31
0.0
  0
LINE
  5
787
330
17
100
AcDbEntity
  8
ENGRAVE_POLARS
100
AcDbLine
 10
-11.447783248412973
 20
11.445243618182502
 30
0.0
 11
-11.840255863807613
 21
11.300387819712837
 31
0.0
  0
LINE
  5
788
330
17
100
AcDbEntity
  8
ENGRAVE_POLARS
100
AcDbLine
 10
-11.840255863807613
 20
11.300387819712837
 30
0.0
 11
-12.228448295288647
 21
11.151919006003007
 31
0.0
  0
LINE
  5
789
330
17
100
AcDbEntity
  8
ENGRAVE_POLARS
100
AcDbLine
 10
-12.228448295288647
 20
11.151919006003007
 30
0.0
 11
-12.601825702360456
 21
11.002192132359331
 31
0.0
  0
LINE
  5
78A
330
17
100
AcDbEntity
  8
ENGRAVE_POLARS
100
AcDbLine
 10
-12.601825702360456
 20
11.002192132359331
 30
0.0
 11
-12.949853244527413
 21
10.853562154088127
 31
0.0
  0
LINE
  5
78B
330
17
100
AcDbEntity
  8
ENGRAVE_POLARS
100
AcDbLine
 10
-12.949853244527413
 20
10.853562154088127
 30
0.0
 11
-13.261996081293896
 21
10.708384026495718
 31
0.0
  0
LINE
  5
78C
330
17
100
AcDbEntity
  8
ENGRAVE_POLARS
100
AcDbLine
 10
-13.261996081293896
 20
10.708384026495718
 30
0.0
 11
-13.527719372164285
 21
10.56901270488843
 31
0.0
  0
LINE
  5
78D
330
17
100
AcDbEntity
  8
ENGRAVE_POLARS
100
AcDbLine
 10
-13.527719372164285
 20
10.56901270488843
 30
0.0
 11
-13.752463701150523
 21
10.434955809750525
 31
0.0
  0
LINE
  5
78E
330
17
100
AcDbEntity
  8
ENGRAVE_POLARS
100
AcDbLine
 10
-13.752463701150523
 20
10.434955809750525
 30
0.0
 11
-13.951183811346354
 21
10.303330966510556
 31
0.0
  0
LINE
  5
78F
330
17
100
AcDbEntity
  8
ENGRAVE_POLARS
100
AcDbLine
 10
-13.951183811346354
 20
10.303330966510556
 30
0.0
 11
-14.127616100878832
 21
10.17290813789126
 31
0.0
  0
LINE
  5
790
330
17
100
AcDbEntity
  8
ENGRAVE_POLARS
100
AcDbLine
 10
-14.127616100878832
 20
10.17290813789126
 30
0.0
 11
-14.28549696787502
 21
10.042457286615377
 31
0.0
  0
LINE
  5
791
330
17
100
AcDbEntity
  8
ENGRAVE_POLARS
100
AcDbLine
 10
-14.28549696787502
 20
10.042457286615377
 30
0.0
 11
-14.428562810461983
 21
9.910748375405651
 31
0.0
  0
LINE
  5
792
330
17
100
AcDbEntity
  8
ENGRAVE_POLARS
100
AcDbLine
 10
-14.428562810461983
 20
9.910748375405651
 30
0.0
 11
-14.56055002676678
 21
9.776551366984817
 31
0.0
  0
LINE
  5
793
330
17
100
AcDbEntity
  8
ENGRAVE_POLARS
100
AcDbLine
 10
-14.56055002676678
 20
9.776551366984817
 30
0.0
 11
-14.685195014916468
 21
9.638636224075618
 31
0.0
  0
LINE
  5
794
330
17
100
AcDbEntity
  8
ENGRAVE_POLARS
100
AcDbLine
 10
-14.685195014916468
 20
9.638636224075618
 30
0.0
 11
-14.806234173038117
 21
9.49577290940079
 31
0.0
  0
LINE
  5
795
330
17
100
AcDbEntity
  8
ENGRAVE_POLARS
100
AcDbLine
 10
-14.806234173038117
 20
9.49577290940079
 30
0.0
 11
-14.92740389925878
 21
9.346731385683077
 31
0.0
  0
LINE
  5
796
330
17
100
AcDbEntity
  8
ENGRAVE_POLARS
100
AcDbLine
 10
-14.92740389925878
 20
9.346731385683077
 30
0.0
 11
-15.052440591705523
 21
9.190281615645214
 31
0.0
  0
LINE
  5
797
330
17
100
AcDbEntity
  8
ENGRAVE_POLARS
100
AcDbLine
 10
-15.052440591705523
 20
9.190281615645214
 30
0.0
 11
-15.185080648505402
 21
9.025193562009942
 31
0.0
  0
LINE
  5
798
330
17
100
AcDbEntity
  8
ENGRAVE_POLARS
100
AcDbLine
 10
-15.185080648505402
 20
9.025193562009942
 30
0.0
 11
-15.329060467785485
 21
8.850237187500003
 31
0.0
  0
LINE
  5
799
330
17
100
AcDbEntity
  8
ENGRAVE_POLARS
100
AcDbLine
 10
-15.329060467785485
 20
8.850237187500003
 30
0.0
 11
-15.48356143945753
 21
8.660335060831025
 31
0.0
  0
LINE
  5
79A
330
17
100
AcDbEntity
  8
ENGRAVE_POLARS
100
AcDbLine
 10
-15.48356143945753
 20
8.660335060831025
 30
0.0
 11
-15.64398655914496
 21
8.453597948215418
 31
0.0
  0
LINE
  5
79B
330
17
100
AcDbEntity
  8
ENGRAVE_POLARS
100
AcDbLine
 10
-15.64398655914496
 20
8.453597948215418
 30
0.0
 11
-15.808404633542315
 21
8.233578108621094
 31
0.0
  0
LINE
  5
79C
330
17
100
AcDbEntity
  8
ENGRAVE_POLARS
100
AcDbLine
 10
-15.808404633542315
 20
8.233578108621094
 30
0.0
 11
-15.974884469344138
 21
8.003827801015971
 31
0.0
  0
LINE
  5
79D
330
17
100
AcDbEntity
  8
ENGRAVE_POLARS
100
AcDbLine
 10
-15.974884469344138
 20
8.003827801015971
 30
0.0
 11
-16.141494873244984
 21
7.767899284367961
 31
0.0
  0
LINE
  5
79E
330
17
100
AcDbEntity
  8
ENGRAVE_POLARS
100
AcDbLine
 10
-16.141494873244984
 20
7.767899284367961
 30
0.0
 11
-16.30630465193939
 21
7.5293448176449775
 31
0.0
  0
LINE
  5
79F
330
17
100
AcDbEntity
  8
ENGRAVE_POLARS
100
AcDbLine
 10
-16.30630465193939
 20
7.5293448176449775
 30
0.0
 11
-16.4673826121219
 21
7.291716659814931
 31
0.0
  0
LINE
  5
7A0
330
17
100
AcDbEntity
  8
ENGRAVE_POLARS
100
AcDbLine
 10
-16.4673826121219
 20
7.291716659814931
 30
0.0
 11
-16.62279756048707
 21
7.05856706984574
 31
0.0
  0
LINE
  5
7A1
330
17
100
AcDbEntity
  8
ENGRAVE_POLARS
100
AcDbLine
 10
-16.62279756048707
 20
7.05856706984574
 30
0.0
 11
-16.77061830372943
 21
6.833448306705315
 31
0.0
  0
LINE
  5
7A2
330
17
100
AcDbEntity
  8
ENGRAVE_POLARS
100
AcDbLine
 10
-16.77061830372943
 20
6.833448306705315
 30
0.0
 11
-16.908913648543535
 21
6.61991262936157
 31
0.0
  0
LINE
  5
7A3
330
17
100
AcDbEntity
  8
ENGRAVE_POLARS
100
AcDbLine
 10
-16.908913648543535
 20
6.61991262936157
 30
0.0
 11
-17.035752401623927
 21
6.421512296782419
 31
0.0
  0
LINE
  5
7A4
330
17
100
AcDbEntity
  8
ENGRAVE_POLARS
100
AcDbLine
 10
-17.035752401623927
 20
6.421512296782419
 30
0.0
 11
-17.149203369665152
 21
6.241799567935774
 31
0.0
  0
LINE
  5
7A5
330
17
100
AcDbEntity
  8
ENGRAVE_POLARS
100
AcDbLine
 10
-17.149203369665152
 20
6.241799567935774
 30
0.0
 11
-17.248479462819805
 21
6.080572280363453
 31
0.0
  0
LINE
  5
7A6
330
17
100
AcDbEntity
  8
ENGRAVE_POLARS
100
AcDbLine
 10
-17.248479462819805
 20
6.080572280363453
 30
0.0
 11
-17.33518656206366
 21
5.933826593627067
 31
0.0
  0
LINE
  5
7A7
330
17
100
AcDbEntity
  8
ENGRAVE_POLARS
100
AcDbLine
 10
-17.33518656206366
 20
5.933826593627067
 30
0.0
 11
-17.41098293032606
 21
5.799412249724228
 31
0.0
  0
LINE
  5
7A8
330
17
100
AcDbEntity
  8
ENGRAVE_POLARS
100
AcDbLine
 10
-17.41098293032606
 20
5.799412249724228
 30
0.0
 11
-17.477526830536327
 21
5.675178990652545
 31
0.0
  0
LINE
  5
7A9
330
17
100
AcDbEntity
  8
ENGRAVE_POLARS
100
AcDbLine
 10
-17.477526830536327
 20
5.675178990652545
 30
0.0
 11
-17.53647652562379
 21
5.558976558409629
 31
0.0
  0
LINE
  5
7AA
330
17
100
AcDbEntity
  8
ENGRAVE_POLARS
100
AcDbLine
 10
-17.53647652562379
 20
5.558976558409629
 30
0.0
 11
-17.589490278517786
 21
5.448654694993087
 31
0.0
  0
LINE
  5
7AB
330
17
100
AcDbEntity
  8
ENGRAVE_POLARS
100
AcDbLine
 10
-17.589490278517786
 20
5.448654694993087
 30
0.0
 11
-17.63822635214763
 21
5.342063142400535
 31
0.0
  0
LINE
  5
7AC
330
17
100
AcDbEntity
  8
ENGRAVE_POLARS
100
AcDbLine
 10
-17.63822635214763
 20
5.342063142400535
 30
0.0
 11
-17.684343009442664
 21
5.23705164262958
 31
0.0
  0
LINE
  5
7AD
330
17
100
AcDbEntity
  8
ENGRAVE_POLARS
100
AcDbLine
 10
-17.684343009442664
 20
5.23705164262958
 30
0.0
 11
-17.72949851333221
 21
5.131469937677833
 31
0.0
  0
LINE
  5
7AE
330
17
100
AcDbEntity
  8
ENGRAVE_POLARS
100
AcDbLine
 10
-17.72949851333221
 20
5.131469937677833
 30
0.0
 11
-17.7753511267456
 21
5.023167769542902
 31
0.0
  0
LINE
  5
7AF
330
17
100
AcDbEntity
  8
ENGRAVE_POLARS
100
AcDbLine
 10
-17.7753511267456
 20
5.023167769542902
 30
0.0
 11
-17.823559112612163
 21
4.9099948802224
 31
0.0
  0
LINE
  5
7B0
330
17
100
AcDbEntity
  8
ENGRAVE_POLARS
100
AcDbLine
 10
-17.823559112612163
 20
4.9099948802224
 30
0.0
 11
-17.875780733861227
 21
4.789801011713937
 31
0.0
  0
LINE
  5
7B1
330
17
100
AcDbEntity
  8
ENGRAVE_POLARS
100
AcDbLine
 10
-17.875780733861227
 20
4.789801011713937
 30
0.0
 11
-17.929558565619395
 21
4.67031303558536
 31
0.0
  0
LINE
  5
7B2
330
17
100
AcDbEntity
  8
ENGRAVE_POLARS
100
AcDbLine
 10
-17.929558565619395
 20
4.67031303558536
 30
0.0
 11
-17.981519777953412
 21
4.558793787927907
 31
0.0
  0
LINE
  5
7B3
330
17
100
AcDbEntity
  8
ENGRAVE_POLARS
100
AcDbLine
 10
-17.981519777953412
 20
4.558793787927907
 30
0.0
 11
-18.031949526202837
 21
4.452396957524271
 31
0.0
  0
LINE
  5
7B4
330
17
100
AcDbEntity
  8
ENGRAVE_POLARS
100
AcDbLine
 10
-18.031949526202837
 20
4.452396957524271
 30
0.0
 11
-18.081132965707223
 21
4.348276233157149
 31
0.0
  0
LINE
  5
7B5
330
17
100
AcDbEntity
  8
ENGRAVE_POLARS
100
AcDbLine
 10
-18.081132965707223
 20
4.348276233157149
 30
0.0
 11
-18.129355251806125
 21
4.243585303609234
 31
0.0
  0
LINE
  5
7B6
330
17
100
AcDbEntity
  8
ENGRAVE_POLARS
100
AcDbLine
 10
-18.129355251806125
 20
4.243585303609234
 30
0.0
 11
-18.17690153983909
 21
4.135477857663221
 31
0.0
  0
LINE
  5
7B7
330
17
100
AcDbEntity
  8
ENGRAVE_POLARS
100
AcDbLine
 10
-18.17690153983909
 20
4.135477857663221
 30
0.0
 11
-18.22405698514568
 21
4.021107584101805
 31
0.0
  0
LINE
  5
7B8
330
17
100
AcDbEntity
  8
ENGRAVE_POLARS
100
AcDbLine
 10
-18.22405698514568
 20
4.021107584101805
 30
0.0
 11
-18.271106743065445
 21
3.897628171707681
 31
0.0
  0
LINE
  5
7B9
330
17
100
AcDbEntity
  8
ENGRAVE_POLARS
100
AcDbLine
 10
-18.271106743065445
 20
3.897628171707681
 30
0.0
 11
-18.318335968937944
 21
3.7621933092635422
 31
0.0
  0
LINE
  5
7BA
330
17
100
AcDbEntity
  8
ENGRAVE_POLARS
100
AcDbLine
 10
-18.318335968937944
 20
3.7621933092635422
 30
0.0
 11
-18.366029818102728
 21
3.611956685552084
 31
0.0
  0
LINE
  5
7BB
330
17
100
AcDbEntity
  8
ENGRAVE_POLARS
100
AcDbLine
 10
-18.366029818102728
 20
3.611956685552084
 30
0.0
 11
-18.414473445899347
 21
3.4440719893560003
 31
0.0
  0
LINE
  5
7BC
330
17
100
AcDbEntity
  8
ENGRAVE_POLARS
100
AcDbLine
 10
-18.414473445899347
 20
3.4440719893560003
 30
0.0
 11
-18.46395200766736
 21
3.255692909457987
 31
0.0
  0
LINE
  5
7BD
330
17
100
AcDbEntity
  8
ENGRAVE_POLARS
100
AcDbLine
 10
-18.46395200766736
 20
3.255692909457987
 30
0.0
 11
-18.517131737228397
 21
3.056049106553737
 31
0.0
  0
LINE
  5
7BE
330
17
100
AcDbEntity
  8
ENGRAVE_POLARS
100
AcDbLine
 10
-18.517131737228397
 20
3.056049106553737
 30
0.0
 11
-18.57539825028035
 21
2.8541190678684822
 31
0.0
  0
LINE
  5
7BF
330
17
100
AcDbEntity
  8
ENGRAVE_POLARS
100
AcDbLine
 10
-18.57539825028035
 20
2.8541190678684822
 30
0.0
 11
-18.63711577497715
 21
2.6466797219792184
 31
0.0
  0
LINE
  5
7C0
330
17
100
AcDbEntity
  8
ENGRAVE_POLARS
100
AcDbLine
 10
-18.63711577497715
 20
2.6466797219792184
 30
0.0
 11
-18.70064853947274
 21
2.4305079974629424
 31
0.0
  0
LINE
  5
7C1
330
17
100
AcDbEntity
  8
ENGRAVE_POLARS
100
AcDbLine
 10
-18.70064853947274
 20
2.4305079974629424
 30
0.0
 11
-18.76436077192107
 21
2.2023808228966533
 31
0.0
  0
LINE
  5
7C2
330
17
100
AcDbEntity
  8
ENGRAVE_POLARS
100
AcDbLine
 10
-18.76436077192107
 20
2.2023808228966533
 30
0.0
 11
-18.826616700476066
 21
1.959075126857347
 31
0.0
  0
LINE
  5
7C3
330
17
100
AcDbEntity
  8
ENGRAVE_POLARS
100
AcDbLine
 10
-18.826616700476066
 20
1.959075126857347
 30
0.0
 11
-18.885780553291664
 21
1.697367837922021
 31
0.0
  0
LINE
  5
7C4
330
17
100
AcDbEntity
  8
ENGRAVE_POLARS
100
AcDbLine
 10
-18.885780553291664
 20
1.697367837922021
 30
0.0
 11
-18.940216558521815
 21
1.4140358846676722
 31
0.0
  0
LINE
  5
7C5
330
17
100
AcDbEntity
  8
ENGRAVE_POLARS
100
AcDbLine
 10
-18.940216558521815
 20
1.4140358846676722
 30
0.0
 11
-18.98828894432045
 21
1.1058561956712991
 31
0.0
  0
LINE
  5
7C6
330
17
100
AcDbEntity
  8
ENGRAVE_POLARS
100
AcDbLine
 10
-18.98828894432045
 20
1.1058561956712991
 30
0.0
 11
-19.028361938841513
 21
0.7696056995098978
 31
0.0
  0
LINE
  5
7C7
330
17
100
AcDbEntity
  8
ENGRAVE_POLARS
100
AcDbLine
 10
-19.028361938841513
 20
0.7696056995098978
 30
0.0
 11
-19.058799770238938
 21
0.402061324760466
 31
0.0
  0
LINE
  5
7C8
330
17
100
AcDbEntity
  8
ENGRAVE_POLARS
100
AcDbLine
 10
-19.058799770238938
 20
0.402061324760466
 30
0.0
 11
-19.07796666666667
 21
1.1681885406286618e-15
 31
0.0
  0
LINE
  5
7C9
330
17
100
AcDbEntity
  8
ENGRAVE_POLARS
100
AcDbLine
 10
-19.07796666666667
 20
1.1681885406286618e-15
 30
0.0
 11
-19.08628392923769
 21
-0.4545868535763434
 31
0.0
  0
LINE
  5
7CA
330
17
100
AcDbEntity
  8
ENGRAVE_POLARS
100
AcDbLine
 10
-19.08628392923769
 20
-0.4545868535763434
 30
0.0
 11
-19.08580413703779
 21
-0.9696431627465575
 31
0.0
  0
LINE
  5
7CB
330
17
100
AcDbEntity
  8
ENGRAVE_POLARS
100
AcDbLine
 10
-19.08580413703779
 20
-0.9696431627465575
 30
0.0
 11
-19.077338435180106
 21
-1.5332950208933596
 31
0.0
  0
LINE
  5
7CC
330
17
100
AcDbEntity
  8
ENGRAVE_POLARS
100
AcDbLine
 10
-19.077338435180106
 20
-1.5332950208933596
 30
0.0
 11
-19.061697968777775
 21
-2.1336685213994686
 31
0.0
  0
LINE
  5
7CD
330
17
100
AcDbEntity
  8
ENGRAVE_POLARS
100
AcDbLine
 10
-19.061697968777775
 20
-2.1336685213994686
 30
0.0
 11
-19.03969388294393
 21
-2.758889757647603
 31
0.0
  0
LINE
  5
7CE
330
17
100
AcDbEntity
  8
ENGRAVE_POLARS
100
AcDbLine
 10
-19.03969388294393
 20
-2.758889757647603
 30
0.0
 11
-19.012137322791702
 21
-3.3970848230204793
 31
0.0
  0
LINE
  5
7CF
330
17
100
AcDbEntity
  8
ENGRAVE_POLARS
100
AcDbLine
 10
-19.012137322791702
 20
-3.3970848230204793
 30
0.0
 11
-18.979839433434233
 21
-4.036379810900819
 31
0.0
  0
LINE
  5
7D0
330
17
100
AcDbEntity
  8
ENGRAVE_POLARS
100
AcDbLine
 10
-18.979839433434233
 20
-4.036379810900819
 30
0.0
 11
-18.943611359984658
 21
-4.6649008146713395
 31
0.0
  0
LINE
  5
7D1
330
17
100
AcDbEntity
  8
ENGRAVE_POLARS
100
AcDbLine
 10
-18.943611359984658
 20
-4.6649008146713395
 30
0.0
 11
-18.904264247556117
 21
-5.2707739277147585
 31
0.0
  0
LINE
  5
7D2
330
17
100
AcDbEntity
  8
ENGRAVE_POLARS
100
AcDbLine
 10
-18.904264247556117
 20
-5.2707739277147585
 30
0.0
 11
-18.86260924126174
 21
-5.842125243413795
 31
0.0
  0
LINE
  5
7D3
330
17
100
AcDbEntity
  8
ENGRAVE_POLARS
100
AcDbLine
 10
-18.86260924126174
 20
-5.842125243413795
 30
0.0
 11
-18.819457486214656
 21
-6.367080855151168
 31
0.0
  0
LINE
  5
7D4
330
17
100
AcDbEntity
  8
ENGRAVE_POLARS
100
AcDbLine
 10
-18.819457486214656
 20
-6.367080855151168
 30
0.0
 11
-18.775620127528015
 21
-6.8337668563095955
 31
0.0
  0
LINE
  5
7D5
330
17
100
AcDbEntity
  8
ENGRAVE_POLARS
100
AcDbLine
 10
-18.775620127528015
 20
-6.8337668563095955
 30
0.0
 11
-18.736718857593793
 21
-7.243169271973884
 31
0.0
  0
LINE
  5
7D6
330
17
100
AcDbEntity
  8
ENGRAVE_POLARS
100
AcDbLine
 10
-18.736718857593793
 20
-7.243169271973884
 30
0.0
 11
-18.705446231447116
 21
-7.608868925325948
 31
0.0
  0
LINE
  5
7D7
330
17
100
AcDbEntity
  8
ENGRAVE_POLARS
100
AcDbLine
 10
-18.705446231447116
 20
-7.608868925325948
 30
0.0
 11
-18.678219688165804
 21
-7.937884106894158
 31
0.0
  0
LINE
  5
7D8
330
17
100
AcDbEntity
  8
ENGRAVE_POLARS
100
AcDbLine
 10
-18.678219688165804
 20
-7.937884106894158
 30
0.0
 11
-18.65145666682769
 21
-8.237233107206892
 31
0.0
  0
LINE
  5
7D9
330
17
100
AcDbEntity
  8
ENGRAVE_POLARS
100
AcDbLine
 10
-18.65145666682769
 20
-8.237233107206892
 30
0.0
 11
-18.621574606510606
 21
-8.513934216792528
 31
0.0
  0
LINE
  5
7DA
330
17
100
AcDbEntity
  8
ENGRAVE_POLARS
100
AcDbLine
 10
-18.621574606510606
 20
-8.513934216792528
 30
0.0
 11
-18.584990946292383
 21
-8.775005726179435
 31
0.0
  0
LINE
  5
7DB
330
17
100
AcDbEntity
  8
ENGRAVE_POLARS
100
AcDbLine
 10
-18.584990946292383
 20
-8.775005726179435
 30
0.0
 11
-18.538123125250845
 21
-9.027465925895992
 31
0.0
  0
LINE
  5
7DC
330
17
100
AcDbEntity
  8
ENGRAVE_POLARS
100
AcDbLine
 10
-18.538123125250845
 20
-9.027465925895992
 30
0.0
 11
-18.47738858246383
 21
-9.278333106470576
 31
0.0
  0
LINE
  5
7DD
330
17
100
AcDbEntity
  8
ENGRAVE_POLARS
100
AcDbLine
 10
-18.47738858246383
 20
-9.278333106470576
 30
0.0
 11
-18.399204757009166
 21
-9.534625558431559
 31
0.0
  0
LINE
  5
7DE
330
17
100
AcDbEntity
  8
ENGRAVE_POLARS
100
AcDbLine
 10
-18.399204757009166
 20
-9.534625558431559
 30
0.0
 11
-18.299989087964676
 21
-9.803361572307319
 31
0.0
  0
LINE
  5
7DF
330
17
100
AcDbEntity
  8
ENGRAVE_POLARS
100
AcDbLine
 10
-18.299989087964676
 20
-9.803361572307319
 30
0.0
 11
-18.176159014408196
 21
-10.091559438626225
 31
0.0
  0
LINE
  5
7E0
330
17
100
AcDbEntity
  8
ENGRAVE_POLARS
100
AcDbLine
 10
-18.176159014408196
 20
-10.091559438626225
 30
0.0
 11
-18.024131975417557
 21
-10.406237447916661
 31
0.0
  0
LINE
  5
7E1
330
17
100
AcDbEntity
  8
ENGRAVE_POLARS
100
AcDbLine
 10
-18.024131975417557
 20
-10.406237447916661
 30
0.0
 11
-17.84584270759615
 21
-10.749119476457457
 31
0.0
  0
LINE
  5
7E2
330
17
100
AcDbEntity
  8
ENGRAVE_POLARS
100
AcDbLine
 10
-17.84584270759615
 20
-10.749119476457457
 30
0.0
 11
-17.646430655243062
 21
-11.113646219486014
 31
0.0
  0
LINE
  5
7E3
330
17
100
AcDbEntity
  8
ENGRAVE_POLARS
100
AcDbLine
 10
-17.646430655243062
 20
-11.113646219486014
 30
0.0
 11
-17.427120318979625
 21
-11.49441119596854
 31
0.0
  0
LINE
  5
7E4
330
17
100
AcDbEntity
  8
ENGRAVE_POLARS
100
AcDbLine
 10
-17.427120318979625
 20
-11.49441119596854
 30
0.0
 11
-17.18913619942719
 21
-11.886007924871254
 31
0.0
  0
LINE
  5
7E5
330
17
100
AcDbEntity
  8
ENGRAVE_POLARS
100
AcDbLine
 10
-17.18913619942719
 20
-11.886007924871254
 30
0.0
 11
-16.93370279720711
 21
-12.283029925160369
 31
0.0
  0
LINE
  5
7E6
330
17
100
AcDbEntity
  8
ENGRAVE_POLARS
100
AcDbLine
 10
-16.93370279720711
 20
-12.283029925160369
 30
0.0
 11
-16.662044612940722
 21
-12.680070715802096
 31
0.0
  0
LINE
  5
7E7
330
17
100
AcDbEntity
  8
ENGRAVE_POLARS
100
AcDbLine
 10
-16.662044612940722
 20
-12.680070715802096
 30
0.0
 11
-16.37538614724937
 21
-13.07172381576265
 31
0.0
  0
LINE
  5
7E8
330
17
100
AcDbEntity
  8
ENGRAVE_POLARS
100
AcDbLine
 10
-16.37538614724937
 20
-13.07172381576265
 30
0.0
 11
-16.07495190075441
 21
-13.452582744008252
 31
0.0
  0
LINE
  5
7E9
330
17
100
AcDbEntity
  8
ENGRAVE_POLARS
100
AcDbLine
 10
-16.07495190075441
 20
-13.452582744008252
 30
0.0
 11
-15.761966374077183
 21
-13.817241019505108
 31
0.0
  0
LINE
  5
7EA
330
17
100
AcDbEntity
  8
ENGRAVE_POLARS
100
AcDbLine
 10
-15.761966374077183
 20
-13.817241019505108
 30
0.0
 11
-15.437654067839032
 21
-14.160292161219433
 31
0.0
  0
LINE
  5
7EB
330
17
100
AcDbEntity
  8
ENGRAVE_POLARS
100
AcDbLine
 10
-15.437654067839032
 20
-14.160292161219433
 30
0.0
 11
-15.103239482661307
 21
-14.476329688117442
 31
0.0
  0
LINE
  5
7EC
330
17
100
AcDbEntity
  8
ENGRAVE_POLARS
100
AcDbLine
 10
-15.103239482661307
 20
-14.476329688117442
 30
0.0
 11
-14.759947119165354
 21
-14.759947119165352
 31
0.0
  0
LINE
  5
7ED
330
17
100
AcDbEntity
  8
ENGRAVE_POLARS
100
AcDbLine
 10
-14.759947119165354
 20
-14.759947119165352
 30
0.0
 11
-14.4003627218954
 21
-15.014158750010399
 31
0.0
  0
LINE
  5
7EE
330
17
100
AcDbEntity
  8
ENGRAVE_POLARS
100
AcDbLine
 10
-14.4003627218954
 20
-15.014158750010399
 30
0.0
 11
-14.018432309429043
 21
-15.246780748101317
 31
0.0
  0
LINE
  5
7EF
330
17
100
AcDbEntity
  8
ENGRAVE_POLARS
100
AcDbLine
 10
-14.018432309429043
 20
-15.246780748101317
 30
0.0
 11
-13.617420793437654
 21
-15.45960944010657
 31
0.0
  0
LINE
  5
7F0
330
17
100
AcDbEntity
  8
ENGRAVE_POLARS
100
AcDbLine
 10
-13.617420793437654
 20
-15.45960944010657
 30
0.0
 11
-13.200593085592617
 21
-15.65444115269462
 31
0.0
  0
LINE
  5
7F1
330
17
100
AcDbEntity
  8
ENGRAVE_POLARS
100
AcDbLine
 10
-13.200593085592617
 20
-15.65444115269462
 30
0.0
 11
-12.771214097565318
 21
-15.833072212533924
 31
0.0
  0
LINE
  5
7F2
330
17
100
AcDbEntity
  8
ENGRAVE_POLARS
100
AcDbLine
 10
-12.771214097565318
 20
-15.833072212533924
 30
0.0
 11
-12.332548741027127
 21
-15.99729894629295
 31
0.0
  0
LINE
  5
7F3
330
17
100
AcDbEntity
  8
ENGRAVE_POLARS
100
AcDbLine
 10
-12.332548741027127
 20
-15.99729894629295
 30
0.0
 11
-11.887861927649428
 21
-16.14891768064015
 31
0.0
  0
LINE
  5
7F4
330
17
100
AcDbEntity
  8
ENGRAVE_POLARS
100
AcDbLine
 10
-11.887861927649428
 20
-16.14891768064015
 30
0.0
 11
-11.440418569103608
 21
-16.28972474224399
 31
0.0
  0
LINE
  5
7F5
330
17
100
AcDbEntity
  8
ENGRAVE_POLARS
100
AcDbLine
 10
-11.440418569103608
 20
-16.28972474224399
 30
0.0
 11
-10.99348357706104
 21
-16.42151645777294
 31
0.0
  0
LINE
  5
7F6
330
17
100
AcDbEntity
  8
ENGRAVE_POLARS
100
AcDbLine
 10
-10.99348357706104
 20
-16.42151645777294
 30
0.0
 11
-10.550321863193108
 21
-16.546089153895437
 31
0.0
  0
LINE
  5
7F7
330
17
100
AcDbEntity
  8
ENGRAVE_POLARS
100
AcDbLine
 10
-10.550321863193108
 20
-16.546089153895437
 30
0.0
 11
-10.114198339171187
 21
-16.66523915727997
 31
0.0
  0
LINE
  5
7F8
330
17
100
AcDbEntity
  8
ENGRAVE_POLARS
100
AcDbLine
 10
-10.114198339171187
 20
-16.66523915727997
 30
0.0
 11
-9.688377916666665
 21
-16.780762794594978
 31
0.0
  0
LINE
  5
7F9
330
17
100
AcDbEntity
  8
ENGRAVE_POLARS
100
AcDbLine
 10
-9.688377916666665
 20
-16.780762794594978
 30
0.0
 11
-9.256647444717496
 21
-16.88865079370953
 31
0.0
  0
LINE
  5
7FA
330
17
100
AcDbEntity
  8
ENGRAVE_POLARS
100
AcDbLine
 10
-9.256647444717496
 20
-16.88865079370953
 30
0.0
 11
-8.805127741797241
 21
-16.98439217053833
 31
0.0
  0
LINE
  5
7FB
330
17
100
AcDbEntity
  8
ENGRAVE_POLARS
100
AcDbLine
 10
-8.805127741797241
 20
-16.98439217053833
 30
0.0
 11
-8.34058467373068
 21
-17.069030683818344
 31
0.0
  0
LINE
  5
7FC
330
17
100
AcDbEntity
  8
ENGRAVE_POLARS
100
AcDbLine
 10
-8.34058467373068
 20
-17.069030683818344
 30
0.0
 11
-7.8697841063425935
 21
-17.1436100922865
 31
0.0
  0
LINE
  5
7FD
330
17
100
AcDbEntity
  8
ENGRAVE_POLARS
100
AcDbLine
 10
-7.8697841063425935
 20
-17.1436100922865
 30
0.0
 11
-7.399491905457762
 21
-17.20917415467976
 31
0.0
  0
LINE
  5
7FE
330
17
100
AcDbEntity
  8
ENGRAVE_POLARS
100
AcDbLine
 10
-7.399491905457762
 20
-17.20917415467976
 30
0.0
 11
-6.936473936900963
 21
-17.266766629735073
 31
0.0
  0
LINE
  5
7FF
330
17
100
AcDbEntity
  8
ENGRAVE_POLARS
100
AcDbLine
 10
-6.936473936900963
 20
-17.266766629735073
 30
0.0
 11
-6.487496066496978
 21
-17.31743127618938
 31
0.0
  0
LINE
  5
800
330
17
100
AcDbEntity
  8
ENGRAVE_POLARS
100
AcDbLine
 10
-6.487496066496978
 20
-17.31743127618938
 30
0.0
 11
-6.059324160070587
 21
-17.362211852779637
 31
0.0
  0
LINE
  5
801
330
17
100
AcDbEntity
  8
ENGRAVE_POLARS
100
AcDbLine
 10
-6.059324160070587
 20
-17.362211852779637
 30
0.0
 11
-5.658724083446573
 21
-17.402152118242793
 31
0.0
  0
LINE
  5
802
330
17
100
AcDbEntity
  8
ENGRAVE_POLARS
100
AcDbLine
 10
-5.658724083446573
 20
-17.402152118242793
 30
0.0
 11
-5.29246170244971
 21
-17.438295831315788
 31
0.0
  0
LINE
  5
803
330
17
100
AcDbEntity
  8
ENGRAVE_POLARS
100
AcDbLine
 10
-5.29246170244971
 20
-17.438295831315788
 30
0.0
 11
-4.967302882904781
 21
-17.47168675073558
 31
0.0
  0
LINE
  5
804
330
17
100
AcDbEntity
  8
ENGRAVE_POLARS
100
AcDbLine
 10
-4.967302882904781
 20
-17.47168675073558
 30
0.0
 11
-4.690013490636568
 21
-17.503368635239113
 31
0.0
  0
LINE
  5
805
330
17
100
AcDbEntity
  8
ENGRAVE_POLARS
100
AcDbLine
 10
-4.690013490636568
 20
-17.503368635239113
 30
0.0
 11
-4.473720694406558
 21
-17.530120927127005
 31
0.0
  0
LINE
  5
806
330
17
100
AcDbEntity
  8
ENGRAVE_POLARS
100
AcDbLine
 10
-4.473720694406558
 20
-17.530120927127005
 30
0.0
 11
-4.319397202526848
 21
-17.5487555346957
 31
0.0
  0
LINE
  5
807
330
17
100
AcDbEntity
  8
ENGRAVE_POLARS
100
AcDbLine
 10
-4.319397202526848
 20
-17.5487555346957
 30
0.0
 11
-4.215577190148132
 21
-17.5603649156759
 31
0.0
  0
LINE
  5
808
330
17
100
AcDbEntity
  8
ENGRAVE_POLARS
100
AcDbLine
 10
-4.215577190148132
 20
-17.5603649156759
 30
0.0
 11
-4.150794832421097
 21
-17.566041527798294
 31
0.0
  0
LINE
  5
809
330
17
100
AcDbEntity
  8
ENGRAVE_POLARS
100
AcDbLine
 10
-4.150794832421097
 20
-17.566041527798294
 30
0.0
 11
-4.113584304496436
 21
-17.566877828793594
 31
0.0
  0
LINE
  5
80A
330
17
100
AcDbEntity
  8
ENGRAVE_POLARS
100
AcDbLine
 10
-4.113584304496436
 20
-17.566877828793594
 30
0.0
 11
-4.092479781524841
 21
-17.56396627639248
 31
0.0
  0
LINE
  5
80B
330
17
100
AcDbEntity
  8
ENGRAVE_POLARS
100
AcDbLine
 10
-4.092479781524841
 20
-17.56396627639248
 30
0.0
 11
-4.076015438657002
 21
-17.558399328325656
 31
0.0
  0
LINE
  5
80C
330
17
100
AcDbEntity
  8
ENGRAVE_POLARS
100
AcDbLine
 10
-4.076015438657002
 20
-17.558399328325656
 30
0.0
 11
-4.05272545104361
 21
-17.55126944232382
 31
0.0
  0
LINE
  5
80D
330
17
100
AcDbEntity
  8
ENGRAVE_POLARS
100
AcDbLine
 10
-4.05272545104361
 20
-17.55126944232382
 30
0.0
 11
-4.011143993835357
 21
-17.54366907611767
 31
0.0
  0
LINE
  5
80E
330
17
100
AcDbEntity
  8
ENGRAVE_POLARS
100
AcDbLine
 10
-4.011143993835357
 20
-17.54366907611767
 30
0.0
 11
-3.939805242182932
 21
-17.5366906874379
 31
0.0
  0
LINE
  5
80F
330
17
100
AcDbEntity
  8
ENGRAVE_POLARS
100
AcDbLine
 10
-3.939805242182932
 20
-17.5366906874379
 30
0.0
 11
-3.8272433712370275
 21
-17.531426734015206
 31
0.0
  0
LINE
  5
810
330
17
100
AcDbEntity
  8
ENGRAVE_POLARS
100
AcDbLine
 10
-3.8272433712370275
 20
-17.531426734015206
 30
0.0
 11
-3.661992556148335
 21
-17.528969673580292
 31
0.0
  0
LINE
  5
811
330
17
100
AcDbEntity
  8
ENGRAVE_POLARS
100
AcDbLine
 10
-3.661992556148335
 20
-17.528969673580292
 30
0.0
 11
-3.4373903547399207
 21
-17.52769518337977
 31
0.0
  0
LINE
  5
812
330
17
100
AcDbEntity
  8
ENGRAVE_POLARS
100
AcDbLine
 10
-3.4373903547399207
 20
-17.52769518337977
 30
0.0
 11
-3.161705203643893
 21
-17.52537783140982
 31
0.0
  0
LINE
  5
813
330
17
100
AcDbEntity
  8
ENGRAVE_POLARS
100
AcDbLine
 10
-3.161705203643893
 20
-17.52537783140982
 30
0.0
 11
-2.845867596224501
 21
-17.522208411525472
 31
0.0
  0
LINE
  5
814
330
17
100
AcDbEntity
  8
ENGRAVE_POLARS
100
AcDbLine
 10
-2.845867596224501
 20
-17.522208411525472
 30
0.0
 11
-2.500808025845997
 21
-17.518377717581775
 31
0.0
  0
LINE
  5
815
330
17
100
AcDbEntity
  8
ENGRAVE_POLARS
100
AcDbLine
 10
-2.500808025845997
 20
-17.518377717581775
 30
0.0
 11
-2.137456985872631
 21
-17.514076543433763
 31
0.0
  0
LINE
  5
816
330
17
100
AcDbEntity
  8
ENGRAVE_POLARS
100
AcDbLine
 10
-2.137456985872631
 20
-17.514076543433763
 30
0.0
 11
-1.766744969668654
 21
-17.50949568293647
 31
0.0
  0
LINE
  5
817
330
17
100
AcDbEntity
  8
ENGRAVE_POLARS
100
AcDbLine
 10
-1.766744969668654
 20
-17.50949568293647
 30
0.0
 11
-1.3996024705983163
 21
-17.50482592994494
 31
0.0
  0
LINE
  5
818
330
17
100
AcDbEntity
  8
ENGRAVE_POLARS
100
AcDbLine
 10
-1.3996024705983163
 20
-17.50482592994494
 30
0.0
 11
-1.0469599820258695
 21
-17.500258078314207
 31
0.0
  0
LINE
  5
819
330
17
100
AcDbEntity
  8
ENGRAVE_POLARS
100
AcDbLine
 10
-1.0469599820258695
 20
-17.500258078314207
 30
0.0
 11
-0.7197479973155644
 21
-17.495982921899305
 31
0.0
  0
LINE
  5
81A
330
17
100
AcDbEntity
  8
ENGRAVE_POLARS
100
AcDbLine
 10
-0.7197479973155644
 20
-17.495982921899305
 30
0.0
 11
-0.4288970098316506
 21
-17.49219125455528
 31
0.0
  0
LINE
  5
81B
330
17
100
AcDbEntity
  8
ENGRAVE_POLARS
100
AcDbLine
 10
-0.4288970098316506
 20
-17.49219125455528
 30
0.0
 11
-0.1853375129383795
 21
-17.489073870137165
 31
0.0
  0
LINE
  5
81C
330
17
100
AcDbEntity
  8
ENGRAVE_POLARS
100
AcDbLine
 10
-0.1853375129383795
 20
-17.489073870137165
 30
0.0
 11
-2.1415180053776542e-15
 21
-17.4868215625
 31
0.0
  0
TEXT
  5
81D
330
17
100
AcDbEntity
  8
ENGRAVE_TEXT
100
AcDbText
 10
8.725131010060746
 20
12.74631133781192
 30
0.0
 40
4.5
  1
16
 72
1
 11
8.725131010060746
 21
12.74631133781192
 31
0.0
100
AcDbText
 73
2
  0
TEXT
  5
81E
330
17
100
AcDbEntity
  8
ENGRAVE_TEXT
100
AcDbText
 10
-8.725131010060746
 20
12.74631133781192
 30
0.0
 40
4.5
  1
16
 72
1
 11
-8.725131010060746
 21
12.74631133781192
 31
0.0
100
AcDbText
 73
2
  0
CIRCLE
  5
81F
330
17
100
AcDbEntity
  8
ENGRAVE_VMG
100
AcDbCircle
 10
9.593014761614313
 20
12.106627591803022
 30
0.0
 40
0.6
  0
CIRCLE
  5
820
330
17
100
AcDbEntity
  8
ENGRAVE_VMG
100
AcDbCircle
 10
-9.593014761614313
 20
12.106627591803022
 30
0.0
 40
0.6
  0
CIRCLE
  5
821
330
17
100
AcDbEntity
  8
ENGRAVE_VMG
100
AcDbCircle
 10
3.661992556148335
 20
-17.528969673580292
 30
0.0
 40
0.6
  0
CIRCLE
  5
822
330
17
100
AcDbEntity
  8
ENGRAVE_VMG
100
AcDbCircle
 10
-3.661992556148335
 20
-17.528969673580292
 30
0.0
 40
0.6
  0
LINE
  5
823
330
17
100
AcDbEntity
  8
ENGRAVE_POLARS
100
AcDbLine
 10
7.825778809528401
 20
9.738073089495776
 30
0.0
 11
7.979757074232799
 21
9.679766631855804
 31
0.0
  0
LINE
  5
824
330
17
100
AcDbEntity
  8
ENGRAVE_POLARS
100
AcDbLine
 10
7.979757074232799
 20
9.679766631855804
 30
0.0
 11
8.179517016575325
 21
9.607470750565811
 31
0.0
  0
LINE
  5
825
330
17
100
AcDbEntity
  8
ENGRAVE_POLARS
100
AcDbLine
 10
8.179517016575325
 20
9.607470750565811
 30
0.0
 11
8.416930185238423
 21
9.523032132196656
 31
0.0
  0
LINE
  5
826
330
17
100
AcDbEntity
  8
ENGRAVE_POLARS
100
AcDbLine
 10
8.416930185238423
 20
9.523032132196656
 30
0.0
 11
8.683868128904544
 21
9.428297463319195
 31
0.0
  0
LINE
  5
827
330
17
100
AcDbEntity
  8
ENGRAVE_POLARS
100
AcDbLine
 10
8.683868128904544
 20
9.428297463319195
 30
0.0
 11
8.972202396256133
 21
9.325113430504292
 31
0.0
  0
LINE
  5
828
330
17
100
AcDbEntity
  8
ENGRAVE_POLARS
100
AcDbLine
 10
8.972202396256133
 20
9.325113430504292
 30
0.0
 11
9.27380453597564
 21
9.2153267203228
 31
0.0
  0
LINE
  5
829
330
17
100
AcDbEntity
  8
ENGRAVE_POLARS
100
AcDbLine
 10
9.27380453597564
 20
9.2153267203228
 30
0.0
 11
9.580546096745515
 21
9.100784019345573
 31
0.0
  0
LINE
  5
82A
330
17
100
AcDbEntity
  8
ENGRAVE_POLARS
100
AcDbLine
 10
9.580546096745515
 20
9.100784019345573
 30
0.0
 11
9.884298627248201
 21
8.983332014143478
 31
0.0
  0
LINE
  5
82B
330
17
100
AcDbEntity
  8
ENGRAVE_POLARS
100
AcDbLine
 10
9.884298627248201
 20
8.983332014143478
 30
0.0
 11
10.176933676166149
 21
8.864817391287371
 31
0.0
  0
LINE
  5
82C
330
17
100
AcDbEntity
  8
ENGRAVE_POLARS
100
AcDbLine
 10
10.176933676166149
 20
8.864817391287371
 30
0.0
 11
10.450322792181808
 21
8.747086837348107
 31
0.0
  0
LINE
  5
82D
330
17
100
AcDbEntity
  8
ENGRAVE_POLARS
100
AcDbLine
 10
10.450322792181808
 20
8.747086837348107
 30
0.0
 11
10.69633752397762
 21
8.631987038896543
 31
0.0
  0
LINE
  5
82E
330
17
100
AcDbEntity
  8
ENGRAVE_POLARS
100
AcDbLine
 10
10.69633752397762
 20
8.631987038896543
 30
0.0
 11
10.906849420236043
 21
8.521364682503544
 31
0.0
  0
LINE
  5
82F
330
17
100
AcDbEntity
  8
ENGRAVE_POLARS
100
AcDbLine
 10
10.906849420236043
 20
8.521364682503544
 30
0.0
 11
11.086015521596671
 21
8.414832718779948
 31
0.0
  0
LINE
  5
830
330
17
100
AcDbEntity
  8
ENGRAVE_POLARS
100
AcDbLine
 10
11.086015521596671
 20
8.414832718779948
 30
0.0
 11
11.245348618994775
 21
8.310130276400812
 31
0.0
  0
LINE
  5
831
330
17
100
AcDbEntity
  8
ENGRAVE_POLARS
100
AcDbLine
 10
11.245348618994775
 20
8.310130276400812
 30
0.0
 11
11.387753886556276
 21
8.206293309033313
 31
0.0
  0
LINE
  5
832
330
17
100
AcDbEntity
  8
ENGRAVE_POLARS
100
AcDbLine
 10
11.387753886556276
 20
8.206293309033313
 30
0.0
 11
11.51613649840711
 21
8.102357770344625
 31
0.0
  0
LINE
  5
833
330
17
100
AcDbEntity
  8
ENGRAVE_POLARS
100
AcDbLine
 10
11.51613649840711
 20
8.102357770344625
 30
0.0
 11
11.633401628673207
 21
7.997359614001925
 31
0.0
  0
LINE
  5
834
330
17
100
AcDbEntity
  8
ENGRAVE_POLARS
100
AcDbLine
 10
11.633401628673207
 20
7.997359614001925
 30
0.0
 11
11.742454451480492
 21
7.890334793672387
 31
0.0
  0
LINE
  5
835
330
17
100
AcDbEntity
  8
ENGRAVE_POLARS
100
AcDbLine
 10
11.742454451480492
 20
7.890334793672387
 30
0.0
 11
11.8462001409549
 21
7.7803192630231806
 31
0.0
  0
LINE
  5
836
330
17
100
AcDbEntity
  8
ENGRAVE_POLARS
100
AcDbLine
 10
11.8462001409549
 20
7.7803192630231806
 30
0.0
 11
11.947543871222363
 21
7.666348975721488
 31
0.0
  0
LINE
  5
837
330
17
100
AcDbEntity
  8
ENGRAVE_POLARS
100
AcDbLine
 10
11.947543871222363
 20
7.666348975721488
 30
0.0
 11
12.049390816408808
 21
7.547459885434483
 31
0.0
  0
LINE
  5
838
330
17
100
AcDbEntity
  8
ENGRAVE_POLARS
100
AcDbLine
 10
12.049390816408808
 20
7.547459885434483
 30
0.0
 11
12.154646150640167
 21
7.422687945829339
 31
0.0
  0
LINE
  5
839
330
17
100
AcDbEntity
  8
ENGRAVE_POLARS
100
AcDbLine
 10
12.154646150640167
 20
7.422687945829339
 30
0.0
 11
12.26621504804237
 21
7.291069110573231
 31
0.0
  0
LINE
  5
83A
330
17
100
AcDbEntity
  8
ENGRAVE_POLARS
100
AcDbLine
 10
12.26621504804237
 20
7.291069110573231
 30
0.0
 11
12.387002682741347
 21
7.1516393333333355
 31
0.0
  0
LINE
  5
83B
330
17
100
AcDbEntity
  8
ENGRAVE_POLARS
100
AcDbLine
 10
12.387002682741347
 20
7.1516393333333355
 30
0.0
 11
12.516731311227788
 21
7.000362848428194
 31
0.0
  0
LINE
  5
83C
330
17
100
AcDbEntity
  8
ENGRAVE_POLARS
100
AcDbLine
 10
12.516731311227788
 20
7.000362848428194
 30
0.0
 11
12.652054906767486
 21
6.835723128241781
 31
0.0
  0
LINE
  5
83D
330
17
100
AcDbEntity
  8
ENGRAVE_POLARS
100
AcDbLine
 10
12.652054906767486
 20
6.835723128241781
 30
0.0
 11
12.791276218649013
 21
6.660534983539418
 31
0.0
  0
LINE
  5
83E
330
17
100
AcDbEntity
  8
ENGRAVE_POLARS
100
AcDbLine
 10
12.791276218649013
 20
6.660534983539418
 30
0.0
 11
12.932697996160947
 21
6.4776132250864205
 31
0.0
  0
LINE
  5
83F
330
17
100
AcDbEntity
  8
ENGRAVE_POLARS
100
AcDbLine
 10
12.932697996160947
 20
6.4776132250864205
 30
0.0
 11
13.074622988591864
 21
6.289772663648111
 31
0.0
  0
LINE
  5
840
330
17
100
AcDbEntity
  8
ENGRAVE_POLARS
100
AcDbLine
 10
13.074622988591864
 20
6.289772663648111
 30
0.0
 11
13.215353945230342
 21
6.099828109989804
 31
0.0
  0
LINE
  5
841
330
17
100
AcDbEntity
  8
ENGRAVE_POLARS
100
AcDbLine
 10
13.215353945230342
 20
6.099828109989804
 30
0.0
 11
13.353193615364953
 21
5.910594374876825
 31
0.0
  0
LINE
  5
842
330
17
100
AcDbEntity
  8
ENGRAVE_POLARS
100
AcDbLine
 10
13.353193615364953
 20
5.910594374876825
 30
0.0
 11
13.486444748284276
 21
5.724886269074489
 31
0.0
  0
LINE
  5
843
330
17
100
AcDbEntity
  8
ENGRAVE_POLARS
100
AcDbLine
 10
13.486444748284276
 20
5.724886269074489
 30
0.0
 11
13.613410093276888
 21
5.545518603348117
 31
0.0
  0
LINE
  5
844
330
17
100
AcDbEntity
  8
ENGRAVE_POLARS
100
AcDbLine
 10
13.613410093276888
 20
5.545518603348117
 30
0.0
 11
13.732392399631365
 21
5.375306188463027
 31
0.0
  0
LINE
  5
845
330
17
100
AcDbEntity
  8
ENGRAVE_POLARS
100
AcDbLine
 10
13.732392399631365
 20
5.375306188463027
 30
0.0
 11
13.841694416636281
 21
5.217063835184539
 31
0.0
  0
LINE
  5
846
330
17
100
AcDbEntity
  8
ENGRAVE_POLARS
100
AcDbLine
 10
13.841694416636281
 20
5.217063835184539
 30
0.0
 11
13.939618893580215
 21
5.073606354277973
 31
0.0
  0
LINE
  5
847
330
17
100
AcDbEntity
  8
ENGRAVE_POLARS
100
AcDbLine
 10
13.939618893580215
 20
5.073606354277973
 30
0.0
 11
14.025591554420672
 21
4.944795881483246
 31
0.0
  0
LINE
  5
848
330
17
100
AcDbEntity
  8
ENGRAVE_POLARS
100
AcDbLine
 10
14.025591554420672
 20
4.944795881483246
 30
0.0
 11
14.101098496997613
 21
4.827473982345409
 31
0.0
  0
LINE
  5
849
330
17
100
AcDbEntity
  8
ENGRAVE_POLARS
100
AcDbLine
 10
14.101098496997613
 20
4.827473982345409
 30
0.0
 11
14.16753303142331
 21
4.71992461233749
 31
0.0
  0
LINE
  5
84A
330
17
100
AcDbEntity
  8
ENGRAVE_POLARS
100
AcDbLine
 10
14.16753303142331
 20
4.71992461233749
 30
0.0
 11
14.226288467810031
 21
4.620431726932509
 31
0.0
  0
LINE
  5
84B
330
17
100
AcDbEntity
  8
ENGRAVE_POLARS
100
AcDbLine
 10
14.226288467810031
 20
4.620431726932509
 30
0.0
 11
14.278758116270039
 21
4.527279281603493
 31
0.0
  0
LINE
  5
84C
330
17
100
AcDbEntity
  8
ENGRAVE_POLARS
100
AcDbLine
 10
14.278758116270039
 20
4.527279281603493
 30
0.0
 11
14.326335286915599
 21
4.438751231823463
 31
0.0
  0
LINE
  5
84D
330
17
100
AcDbEntity
  8
ENGRAVE_POLARS
100
AcDbLine
 10
14.326335286915599
 20
4.438751231823463
 30
0.0
 11
14.370413289858979
 21
4.3531315330654445
 31
0.0
  0
LINE
  5
84E
330
17
100
AcDbEntity
  8
ENGRAVE_POLARS
100
AcDbLine
 10
14.370413289858979
 20
4.3531315330654445
 30
0.0
 11
14.412385435212451
 21
4.268704140802462
 31
0.0
  0
LINE
  5
84F
330
17
100
AcDbEntity
  8
ENGRAVE_POLARS
100
AcDbLine
 10
14.412385435212451
 20
4.268704140802462
 30
0.0
 11
14.453645033088279
 21
4.1837530105075365
 31
0.0
  0
LINE
  5
850
330
17
100
AcDbEntity
  8
ENGRAVE_POLARS
100
AcDbLine
 10
14.453645033088279
 20
4.1837530105075365
 30
0.0
 11
14.495585393598727
 21
4.096562097653694
 31
0.0
  0
LINE
  5
851
330
17
100
AcDbEntity
  8
ENGRAVE_POLARS
100
AcDbLine
 10
14.495585393598727
 20
4.096562097653694
 30
0.0
 11
14.539599826856062
 21
4.005415357713956
 31
0.0
  0
LINE
  5
852
330
17
100
AcDbEntity
  8
ENGRAVE_POLARS
100
AcDbLine
 10
14.539599826856062
 20
4.005415357713956
 30
0.0
 11
14.587081642972555
 21
3.90859674616135
 31
0.0
  0
LINE
  5
853
330
17
100
AcDbEntity
  8
ENGRAVE_POLARS
100
AcDbLine
 10
14.587081642972555
 20
3.90859674616135
 30
0.0
 11
14.63537585081864
 21
3.812412582797433
 31
0.0
  0
LINE
  5
854
330
17
100
AcDbEntity
  8
ENGRAVE_POLARS
100
AcDbLine
 10
14.63537585081864
 20
3.812412582797433
 30
0.0
 11
14.681272935916668
 21
3.7227480287980828
 31
0.0
  0
LINE
  5
855
330
17
100
AcDbEntity
  8
ENGRAVE_POLARS
100
AcDbLine
 10
14.681272935916668
 20
3.7227480287980828
 30
0.0
 11
14.725334423356781
 21
3.637255301697795
 31
0.0
  0
LINE
  5
856
330
17
100
AcDbEntity
  8
ENGRAVE_POLARS
100
AcDbLine
 10
14.725334423356781
 20
3.637255301697795
 30
0.0
 11
14.768121838229112
 21
3.5535866190310683
 31
0.0
  0
LINE
  5
857
330
17
100
AcDbEntity
  8
ENGRAVE_POLARS
100
AcDbLine
 10
14.768121838229112
 20
3.5535866190310683
 30
0.0
 11
14.810196705623795
 21
3.4693941983324006
 31
0.0
  0
LINE
  5
858
330
17
100
AcDbEntity
  8
ENGRAVE_POLARS
100
AcDbLine
 10
14.810196705623795
 20
3.4693941983324006
 30
0.0
 11
14.852120550630971
 21
3.3823302571362883
 31
0.0
  0
LINE
  5
859
330
17
100
AcDbEntity
  8
ENGRAVE_POLARS
100
AcDbLine
 10
14.852120550630971
 20
3.3823302571362883
 30
0.0
 11
14.894454898340772
 21
3.29004701297723
 31
0.0
  0
LINE
  5
85A
330
17
100
AcDbEntity
  8
ENGRAVE_POLARS
100
AcDbLine
 10
14.894454898340772
 20
3.29004701297723
 30
0.0
 11
14.937761273843345
 21
3.1901966833897233
 31
0.0
  0
LINE
  5
85B
330
17
100
AcDbEntity
  8
ENGRAVE_POLARS
100
AcDbLine
 10
14.937761273843345
 20
3.1901966833897233
 30
0.0
 11
14.982601202228821
 21
3.0804314859082655
 31
0.0
  0
LINE
  5
85C
330
17
100
AcDbEntity
  8
ENGRAVE_POLARS
100
AcDbLine
 10
14.982601202228821
 20
3.0804314859082655
 30
0.0
 11
15.029536208587327
 21
2.9584036380673537
 31
0.0
  0
LINE
  5
85D
330
17
100
AcDbEntity
  8
ENGRAVE_POLARS
100
AcDbLine
 10
15.029536208587327
 20
2.9584036380673537
 30
0.0
 11
15.079127818009013
 21
2.821765357401486
 31
0.0
  0
LINE
  5
85E
330
17
100
AcDbEntity
  8
ENGRAVE_POLARS
100
AcDbLine
 10
15.079127818009013
 20
2.821765357401486
 30
0.0
 11
15.131937555584011
 21
2.6681688614451597
 31
0.0
  0
LINE
  5
85F
330
17
100
AcDbEntity
  8
ENGRAVE_POLARS
100
AcDbLine
 10
15.131937555584011
 20
2.6681688614451597
 30
0.0
 11
15.190937984842837
 21
2.505555889361846
 31
0.0
  0
LINE
  5
860
330
17
100
AcDbEntity
  8
ENGRAVE_POLARS
100
AcDbLine
 10
15.190937984842837
 20
2.505555889361846
 30
0.0
 11
15.25740816429749
 21
2.3415414923997577
 31
0.0
  0
LINE
  5
861
330
17
100
AcDbEntity
  8
ENGRAVE_POLARS
100
AcDbLine
 10
15.25740816429749
 20
2.3415414923997577
 30
0.0
 11
15.329369361510324
 21
2.1732878562205014
 31
0.0
  0
LINE
  5
862
330
17
100
AcDbEntity
  8
ENGRAVE_POLARS
100
AcDbLine
 10
15.329369361510324
 20
2.1732878562205014
 30
0.0
 11
15.404842844043701
 21
1.9979571664856854
 31
0.0
  0
LINE
  5
863
330
17
100
AcDbEntity
  8
ENGRAVE_POLARS
100
AcDbLine
 10
15.404842844043701
 20
1.9979571664856854
 30
0.0
 11
15.481849879459984
 21
1.8127116088569193
 31
0.0
  0
LINE
  5
864
330
17
100
AcDbEntity
  8
ENGRAVE_POLARS
100
AcDbLine
 10
15.481849879459984
 20
1.8127116088569193
 30
0.0
 11
15.558411735321526
 21
1.6147133689958095
 31
0.0
  0
LINE
  5
865
330
17
100
AcDbEntity
  8
ENGRAVE_POLARS
100
AcDbLine
 10
15.558411735321526
 20
1.6147133689958095
 30
0.0
 11
15.632549679190683
 21
1.4011246325639648
 31
0.0
  0
LINE
  5
866
330
17
100
AcDbEntity
  8
ENGRAVE_POLARS
100
AcDbLine
 10
15.632549679190683
 20
1.4011246325639648
 30
0.0
 11
15.702284978629825
 21
1.169107585222993
 31
0.0
  0
LINE
  5
867
330
17
100
AcDbEntity
  8
ENGRAVE_POLARS
100
AcDbLine
 10
15.702284978629825
 20
1.169107585222993
 30
0.0
 11
15.7656389012013
 21
0.9158244126345033
 31
0.0
  0
LINE
  5
868
330
17
100
AcDbEntity
  8
ENGRAVE_POLARS
100
AcDbLine
 10
15.7656389012013
 20
0.9158244126345033
 30
0.0
 11
15.82063271446747
 21
0.638437300460102
 31
0.0
  0
LINE
  5
869
330
17
100
AcDbEntity
  8
ENGRAVE_POLARS
100
AcDbLine
 10
15.82063271446747
 20
0.638437300460102
 30
0.0
 11
15.865287685990694
 21
0.3341084343613987
 31
0.0
  0
LINE
  5
86A
330
17
100
AcDbEntity
  8
ENGRAVE_POLARS
100
AcDbLine
 10
15.865287685990694
 20
0.3341084343613987
 30
0.0
 11
15.897625083333333
 21
9.73448783617442e-16
 31
0.0
  0
LINE
  5
86B
330
17
100
AcDbEntity
  8
ENGRAVE_POLARS
100
AcDbLine
 10
15.897625083333333
 20
9.73448783617442e-16
 30
0.0
 11
15.91779202048727
 21
-0.3785929498315392
 31
0.0
  0
LINE
  5
86C
330
17
100
AcDbEntity
  8
ENGRAVE_POLARS
100
AcDbLine
 10
15.91779202048727
 20
-0.3785929498315392
 30
0.0
 11
15.928040732652043
 21
-0.8079323113506247
 31
0.0
  0
LINE
  5
86D
330
17
100
AcDbEntity
  8
ENGRAVE_POLARS
100
AcDbLine
 10
15.928040732652043
 20
-0.8079323113506247
 30
0.0
 11
15.929550169201486
 21
-1.2781913224105796
 31
0.0
  0
LINE
  5
86E
330
17
100
AcDbEntity
  8
ENGRAVE_POLARS
100
AcDbLine
 10
15.929550169201486
 20
-1.2781913224105796
 30
0.0
 11
15.923499279509432
 21
-1.7795432208647295
 31
0.0
  0
LINE
  5
86F
330
17
100
AcDbEntity
  8
ENGRAVE_POLARS
100
AcDbLine
 10
15.923499279509432
 20
-1.7795432208647295
 30
0.0
 11
15.911067012949713
 21
-2.3021612445663977
 31
0.0
  0
LINE
  5
870
330
17
100
AcDbEntity
  8
ENGRAVE_POLARS
100
AcDbLine
 10
15.911067012949713
 20
-2.3021612445663977
 30
0.0
 11
15.893432318896167
 21
-2.8362186313689093
 31
0.0
  0
LINE
  5
871
330
17
100
AcDbEntity
  8
ENGRAVE_POLARS
100
AcDbLine
 10
15.893432318896167
 20
-2.8362186313689093
 30
0.0
 11
15.87177414672262
 21
-3.3718886191255875
 31
0.0
  0
LINE
  5
872
330
17
100
AcDbEntity
  8
ENGRAVE_POLARS
100
AcDbLine
 10
15.87177414672262
 20
-3.3718886191255875
 30
0.0
 11
15.847271445802917
 21
-3.8993444456897595
 31
0.0
  0
LINE
  5
873
330
17
100
AcDbEntity
  8
ENGRAVE_POLARS
100
AcDbLine
 10
15.847271445802917
 20
-3.8993444456897595
 30
0.0
 11
15.821103165510888
 21
-4.408759348914748
 31
0.0
  0
LINE
  5
874
330
17
100
AcDbEntity
  8
ENGRAVE_POLARS
100
AcDbLine
 10
15.821103165510888
 20
-4.408759348914748
 30
0.0
 11
15.794448255220358
 21
-4.890306566653877
 31
0.0
  0
LINE
  5
875
330
17
100
AcDbEntity
  8
ENGRAVE_POLARS
100
AcDbLine
 10
15.794448255220358
 20
-4.890306566653877
 30
0.0
 11
15.76848566430517
 21
-5.334159336760473
 31
0.0
  0
LINE
  5
876
330
17
100
AcDbEntity
  8
ENGRAVE_POLARS
100
AcDbLine
 10
15.76848566430517
 20
-5.334159336760473
 30
0.0
 11
15.744394342139154
 21
-5.730490897087858
 31
0.0
  0
LINE
  5
877
330
17
100
AcDbEntity
  8
ENGRAVE_POLARS
100
AcDbLine
 10
15.744394342139154
 20
-5.730490897087858
 30
0.0
 11
15.724076237201526
 21
-6.077108384907738
 31
0.0
  0
LINE
  5
878
330
17
100
AcDbEntity
  8
ENGRAVE_POLARS
100
AcDbLine
 10
15.724076237201526
 20
-6.077108384907738
 30
0.0
 11
15.707455553753062
 21
-6.383336446280296
 31
0.0
  0
LINE
  5
879
330
17
100
AcDbEntity
  8
ENGRAVE_POLARS
100
AcDbLine
 10
15.707455553753062
 20
-6.383336446280296
 30
0.0
 11
15.692744624839928
 21
-6.65662458224158
 31
0.0
  0
LINE
  5
87A
330
17
100
AcDbEntity
  8
ENGRAVE_POLARS
100
AcDbLine
 10
15.692744624839928
 20
-6.65662458224158
 30
0.0
 11
15.678155783508295
 21
-6.904422293827634
 31
0.0
  0
LINE
  5
87B
330
17
100
AcDbEntity
  8
ENGRAVE_POLARS
100
AcDbLine
 10
15.678155783508295
 20
-6.904422293827634
 30
0.0
 11
15.661901362804334
 21
-7.134179082074505
 31
0.0
  0
LINE
  5
87C
330
17
100
AcDbEntity
  8
ENGRAVE_POLARS
100
AcDbLine
 10
15.661901362804334
 20
-7.134179082074505
 30
0.0
 11
15.64219369577422
 21
-7.353344448018239
 31
0.0
  0
LINE
  5
87D
330
17
100
AcDbEntity
  8
ENGRAVE_POLARS
100
AcDbLine
 10
15.64219369577422
 20
-7.353344448018239
 30
0.0
 11
15.61724511546411
 21
-7.569367892694879
 31
0.0
  0
LINE
  5
87E
330
17
100
AcDbEntity
  8
ENGRAVE_POLARS
100
AcDbLine
 10
15.61724511546411
 20
-7.569367892694879
 30
0.0
 11
15.585267954920184
 21
-7.789698917140476
 31
0.0
  0
LINE
  5
87F
330
17
100
AcDbEntity
  8
ENGRAVE_POLARS
100
AcDbLine
 10
15.585267954920184
 20
-7.789698917140476
 30
0.0
 11
15.544474547188612
 21
-8.021787022391074
 31
0.0
  0
LINE
  5
880
330
17
100
AcDbEntity
  8
ENGRAVE_POLARS
100
AcDbLine
 10
15.544474547188612
 20
-8.021787022391074
 30
0.0
 11
15.493077225315561
 21
-8.273081709482717
 31
0.0
  0
LINE
  5
881
330
17
100
AcDbEntity
  8
ENGRAVE_POLARS
100
AcDbLine
 10
15.493077225315561
 20
-8.273081709482717
 30
0.0
 11
15.4292883223472
 21
-8.551032479451456
 31
0.0
  0
LINE
  5
882
330
17
100
AcDbEntity
  8
ENGRAVE_POLARS
100
AcDbLine
 10
15.4292883223472
 20
-8.551032479451456
 30
0.0
 11
15.351320171329702
 21
-8.86308883333333
 31
0.0
  0
LINE
  5
883
330
17
100
AcDbEntity
  8
ENGRAVE_POLARS
100
AcDbLine
 10
15.351320171329702
 20
-8.86308883333333
 30
0.0
 11
15.267530465581146
 21
-9.216440878223654
 31
0.0
  0
LINE
  5
884
330
17
100
AcDbEntity
  8
ENGRAVE_POLARS
100
AcDbLine
 10
15.267530465581146
 20
-9.216440878223654
 30
0.0
 11
15.185187919344493
 21
-9.607537408416476
 31
0.0
  0
LINE
  5
885
330
17
100
AcDbEntity
  8
ENGRAVE_POLARS
100
AcDbLine
 10
15.185187919344493
 20
-9.607537408416476
 30
0.0
 11
15.100871397053224
 21
-10.027715955745967
 31
0.0
  0
LINE
  5
886
330
17
100
AcDbEntity
  8
ENGRAVE_POLARS
100
AcDbLine
 10
15.100871397053224
 20
-10.027715955745967
 30
0.0
 11
15.011159763140821
 21
-10.468314052046292
 31
0.0
  0
LINE
  5
887
330
17
100
AcDbEntity
  8
ENGRAVE_POLARS
100
AcDbLine
 10
15.011159763140821
 20
-10.468314052046292
 30
0.0
 11
14.912631882040772
 21
-10.920669229151619
 31
0.0
  0
LINE
  5
888
330
17
100
AcDbEntity
  8
ENGRAVE_POLARS
100
AcDbLine
 10
14.912631882040772
 20
-10.920669229151619
 30
0.0
 11
14.801866618186557
 21
-11.376119018896112
 31
0.0
  0
LINE
  5
889
330
17
100
AcDbEntity
  8
ENGRAVE_POLARS
100
AcDbLine
 10
14.801866618186557
 20
-11.376119018896112
 30
0.0
 11
14.67544283601166
 21
-11.826000953113939
 31
0.0
  0
LINE
  5
88A
330
17
100
AcDbEntity
  8
ENGRAVE_POLARS
100
AcDbLine
 10
14.67544283601166
 20
-11.826000953113939
 30
0.0
 11
14.52993939994957
 21
-12.261652563639267
 31
0.0
  0
LINE
  5
88B
330
17
100
AcDbEntity
  8
ENGRAVE_POLARS
100
AcDbLine
 10
14.52993939994957
 20
-12.261652563639267
 30
0.0
 11
14.361935174433764
 21
-12.674411382306257
 31
0.0
  0
LINE
  5
88C
330
17
100
AcDbEntity
  8
ENGRAVE_POLARS
100
AcDbLine
 10
14.361935174433764
 20
-12.674411382306257
 30
0.0
 11
14.168009023897728
 21
-13.055614940949084
 31
0.0
  0
LINE
  5
88D
330
17
100
AcDbEntity
  8
ENGRAVE_POLARS
100
AcDbLine
 10
14.168009023897728
 20
-13.055614940949084
 30
0.0
 11
13.944739812774944
 21
-13.396600771401907
 31
0.0
  0
LINE
  5
88E
330
17
100
AcDbEntity
  8
ENGRAVE_POLARS
100
AcDbLine
 10
13.944739812774944
 20
-13.396600771401907
 30
0.0
 11
13.6887064054989
 21
-13.688706405498898
 31
0.0
  0
LINE
  5
88F
330
17
100
AcDbEntity
  8
ENGRAVE_POLARS
100
AcDbLine
 10
13.6887064054989
 20
-13.688706405498898
 30
0.0
 11
13.392586708138147
 21
-13.934986623232993
 31
0.0
  0
LINE
  5
890
330
17
100
AcDbEntity
  8
ENGRAVE_POLARS
100
AcDbLine
 10
13.392586708138147
 20
-13.934986623232993
 30
0.0
 11
13.05545335426343
 21
-14.146835340780612
 31
0.0
  0
LINE
  5
891
330
17
100
AcDbEntity
  8
ENGRAVE_POLARS
100
AcDbLine
 10
13.05545335426343
 20
-14.146835340780612
 30
0.0
 11
12.683477299561494
 21
-14.328098794251133
 31
0.0
  0
LINE
  5
892
330
17
100
AcDbEntity
  8
ENGRAVE_POLARS
100
AcDbLine
 10
12.683477299561494
 20
-14.328098794251133
 30
0.0
 11
12.28282949971909
 21
-14.48262321975394
 31
0.0
  0
LINE
  5
893
330
17
100
AcDbEntity
  8
ENGRAVE_POLARS
100
AcDbLine
 10
12.28282949971909
 20
-14.48262321975394
 30
0.0
 11
11.859680910422973
 21
-14.614254853398414
 31
0.0
  0
LINE
  5
894
330
17
100
AcDbEntity
  8
ENGRAVE_POLARS
100
AcDbLine
 10
11.859680910422973
 20
-14.614254853398414
 30
0.0
 11
11.420202487359894
 21
-14.726839931293934
 31
0.0
  0
LINE
  5
895
330
17
100
AcDbEntity
  8
ENGRAVE_POLARS
100
AcDbLine
 10
11.420202487359894
 20
-14.726839931293934
 30
0.0
 11
10.970565186216605
 21
-14.824224689549883
 31
0.0
  0
LINE
  5
896
330
17
100
AcDbEntity
  8
ENGRAVE_POLARS
100
AcDbLine
 10
10.970565186216605
 20
-14.824224689549883
 30
0.0
 11
10.51693996267986
 21
-14.910255364275645
 31
0.0
  0
LINE
  5
897
330
17
100
AcDbEntity
  8
ENGRAVE_POLARS
100
AcDbLine
 10
10.51693996267986
 20
-14.910255364275645
 30
0.0
 11
10.06549777243641
 21
-14.988778191580595
 31
0.0
  0
LINE
  5
898
330
17
100
AcDbEntity
  8
ENGRAVE_POLARS
100
AcDbLine
 10
10.06549777243641
 20
-14.988778191580595
 30
0.0
 11
9.622409571173002
 21
-15.06363940757412
 31
0.0
  0
LINE
  5
899
330
17
100
AcDbEntity
  8
ENGRAVE_POLARS
100
AcDbLine
 10
9.622409571173002
 20
-15.06363940757412
 30
0.0
 11
9.193846314576392
 21
-15.138685248365599
 31
0.0
  0
LINE
  5
89A
330
17
100
AcDbEntity
  8
ENGRAVE_POLARS
100
AcDbLine
 10
9.193846314576392
 20
-15.138685248365599
 30
0.0
 11
8.785978958333333
 21
-15.217761950064416
 31
0.0
  0
LINE
  5
89B
330
17
100
AcDbEntity
  8
ENGRAVE_POLARS
100
AcDbLine
 10
8.785978958333333
 20
-15.217761950064416
 30
0.0
 11
8.380120638625531
 21
-15.29433411369353
 31
0.0
  0
LINE
  5
89C
330
17
100
AcDbEntity
  8
ENGRAVE_POLARS
100
AcDbLine
 10
8.380120638625531
 20
-15.29433411369353
 30
0.0
 11
7.957647763183071
 21
-15.360046955057323
 31
0.0
  0
LINE
  5
89D
330
17
100
AcDbEntity
  8
ENGRAVE_POLARS
100
AcDbLine
 10
7.957647763183071
 20
-15.360046955057323
 30
0.0
 11
7.524826195015273
 21
-15.416017632437297
 31
0.0
  0
LINE
  5
89E
330
17
100
AcDbEntity
  8
ENGRAVE_POLARS
100
AcDbLine
 10
7.524826195015273
 20
-15.416017632437297
 30
0.0
 11
7.087921797131451
 21
-15.463363304114958
 31
0.0
  0
LINE
  5
89F
330
17
100
AcDbEntity
  8
ENGRAVE_POLARS
100
AcDbLine
 10
7.087921797131451
 20
-15.463363304114958
 30
0.0
 11
6.653200432540923
 21
-15.503201128371812
 31
0.0
  0
LINE
  5
8A0
330
17
100
AcDbEntity
  8
ENGRAVE_POLARS
100
AcDbLine
 10
6.653200432540923
 20
-15.503201128371812
 30
0.0
 11
6.226927964253005
 21
-15.53664826348936
 31
0.0
  0
LINE
  5
8A1
330
17
100
AcDbEntity
  8
ENGRAVE_POLARS
100
AcDbLine
 10
6.226927964253005
 20
-15.53664826348936
 30
0.0
 11
5.815370255277014
 21
-15.56482186774911
 31
0.0
  0
LINE
  5
8A2
330
17
100
AcDbEntity
  8
ENGRAVE_POLARS
100
AcDbLine
 10
5.815370255277014
 20
-15.56482186774911
 30
0.0
 11
5.424793168622268
 21
-15.588839099432569
 31
0.0
  0
LINE
  5
8A3
330
17
100
AcDbEntity
  8
ENGRAVE_POLARS
100
AcDbLine
 10
5.424793168622268
 20
-15.588839099432569
 30
0.0
 11
5.061462567298084
 21
-15.609817116821237
 31
0.0
  0
LINE
  5
8A4
330
17
100
AcDbEntity
  8
ENGRAVE_POLARS
100
AcDbLine
 10
5.061462567298084
 20
-15.609817116821237
 30
0.0
 11
4.731644314313775
 21
-15.628873078196621
 31
0.0
  0
LINE
  5
8A5
330
17
100
AcDbEntity
  8
ENGRAVE_POLARS
100
AcDbLine
 10
4.731644314313775
 20
-15.628873078196621
 30
0.0
 11
4.441604272678661
 21
-15.647124141840226
 31
0.0
  0
LINE
  5
8A6
330
17
100
AcDbEntity
  8
ENGRAVE_POLARS
100
AcDbLine
 10
4.441604272678661
 20
-15.647124141840226
 30
0.0
 11
4.197608305402057
 21
-15.665687466033557
 31
0.0
  0
LINE
  5
8A7
330
17
100
AcDbEntity
  8
ENGRAVE_POLARS
100
AcDbLine
 10
4.197608305402057
 20
-15.665687466033557
 30
0.0
 11
4.0139622214053166
 21
-15.682001400204996
 31
0.0
  0
LINE
  5
8A8
330
17
100
AcDbEntity
  8
ENGRAVE_POLARS
100
AcDbLine
 10
4.0139622214053166
 20
-15.682001400204996
 30
0.0
 11
3.8929342303555
 21
-15.69321708495642
 31
0.0
  0
LINE
  5
8A9
330
17
100
AcDbEntity
  8
ENGRAVE_POLARS
100
AcDbLine
 10
3.8929342303555
 20
-15.69321708495642
 30
0.0
 11
3.8227337963804855
 21
-15.700020865329567
 31
0.0
  0
LINE
  5
8AA
330
17
100
AcDbEntity
  8
ENGRAVE_POLARS
100
AcDbLine
 10
3.8227337963804855
 20
-15.700020865329567
 30
0.0
 11
3.7915703836081525
 21
-15.703099086366182
 31
0.0
  0
LINE
  5
8AB
330
17
100
AcDbEntity
  8
ENGRAVE_POLARS
100
AcDbLine
 10
3.7915703836081525
 20
-15.703099086366182
 30
0.0
 11
3.787653456166381
 21
-15.703138093108015
 31
0.0
  0
LINE
  5
8AC
330
17
100
AcDbEntity
  8
ENGRAVE_POLARS
100
AcDbLine
 10
3.787653456166381
 20
-15.703138093108015
 30
0.0
 11
3.7991924781830484
 21
-15.700824230596794
 31
0.0
  0
LINE
  5
8AD
330
17
100
AcDbEntity
  8
ENGRAVE_POLARS
100
AcDbLine
 10
3.7991924781830484
 20
-15.700824230596794
 30
0.0
 11
3.8143969137860347
 21
-15.69684384387427
 31
0.0
  0
LINE
  5
8AE
330
17
100
AcDbEntity
  8
ENGRAVE_POLARS
100
AcDbLine
 10
3.8143969137860347
 20
-15.69684384387427
 30
0.0
 11
3.821476227103218
 21
-15.691883277982187
 31
0.0
  0
LINE
  5
8AF
330
17
100
AcDbEntity
  8
ENGRAVE_POLARS
100
AcDbLine
 10
3.821476227103218
 20
-15.691883277982187
 30
0.0
 11
3.8086398822624785
 21
-15.686628877962283
 31
0.0
  0
LINE
  5
8B0
330
17
100
AcDbEntity
  8
ENGRAVE_POLARS
100
AcDbLine
 10
3.8086398822624785
 20
-15.686628877962283
 30
0.0
 11
3.764097343391695
 21
-15.681766988856307
 31
0.0
  0
LINE
  5
8B1
330
17
100
AcDbEntity
  8
ENGRAVE_POLARS
100
AcDbLine
 10
3.764097343391695
 20
-15.681766988856307
 30
0.0
 11
3.6760580746187452
 21
-15.677983955705994
 31
0.0
  0
LINE
  5
8B2
330
17
100
AcDbEntity
  8
ENGRAVE_POLARS
100
AcDbLine
 10
3.6760580746187452
 20
-15.677983955705994
 30
0.0
 11
3.5327315400715102
 21
-15.675966123553087
 31
0.0
  0
LINE
  5
8B3
330
17
100
AcDbEntity
  8
ENGRAVE_POLARS
100
AcDbLine
 10
3.5327315400715102
 20
-15.675966123553087
 30
0.0
 11
3.3275011283997147
 21
-15.674676124199523
 31
0.0
  0
LINE
  5
8B4
330
17
100
AcDbEntity
  8
ENGRAVE_POLARS
100
AcDbLine
 10
3.3275011283997147
 20
-15.674676124199523
 30
0.0
 11
3.069018671513682
 21
-15.67270507420099
 31
0.0
  0
LINE
  5
8B5
330
17
100
AcDbEntity
  8
ENGRAVE_POLARS
100
AcDbLine
 10
3.069018671513682
 20
-15.67270507420099
 30
0.0
 11
2.768396298432181
 21
-15.670182045729874
 31
0.0
  0
LINE
  5
8B6
330
17
100
AcDbEntity
  8
ENGRAVE_POLARS
100
AcDbLine
 10
2.768396298432181
 20
-15.670182045729874
 30
0.0
 11
2.436746138173985
 21
-15.667236110958557
 31
0.0
  0
LINE
  5
8B7
330
17
100
AcDbEntity
  8
ENGRAVE_POLARS
100
AcDbLine
 10
2.436746138173985
 20
-15.667236110958557
 30
0.0
 11
2.0851803197578676
 21
-15.663996342059422
 31
0.0
  0
LINE
  5
8B8
330
17
100
AcDbEntity
  8
ENGRAVE_POLARS
100
AcDbLine
 10
2.0851803197578676
 20
-15.663996342059422
 30
0.0
 11
1.7248109722025968
 21
-15.66059181120485
 31
0.0
  0
LINE
  5
8B9
330
17
100
AcDbEntity
  8
ENGRAVE_POLARS
100
AcDbLine
 10
1.7248109722025968
 20
-15.66059181120485
 30
0.0
 11
1.366750224526946
 21
-15.65715159056722
 31
0.0
  0
LINE
  5
8BA
330
17
100
AcDbEntity
  8
ENGRAVE_POLARS
100
AcDbLine
 10
1.366750224526946
 20
-15.65715159056722
 30
0.0
 11
1.0221102057496871
 21
-15.653804752318921
 31
0.0
  0
LINE
  5
8BB
330
17
100
AcDbEntity
  8
ENGRAVE_POLARS
100
AcDbLine
 10
1.0221102057496871
 20
-15.653804752318921
 30
0.0
 11
0.7020030448895924
 21
-15.650680368632335
 31
0.0
  0
LINE
  5
8BC
330
17
100
AcDbEntity
  8
ENGRAVE_POLARS
100
AcDbLine
 10
0.7020030448895924
 20
-15.650680368632335
 30
0.0
 11
0.4175408709654317
 21
-15.647907511679843
 31
0.0
  0
LINE
  5
8BD
330
17
100
AcDbEntity
  8
ENGRAVE_POLARS
100
AcDbLine
 10
0.4175408709654317
 20
-15.647907511679843
 30
0.0
 11
0.17983581299597762
 21
-15.645615253633824
 31
0.0
  0
LINE
  5
8BE
330
17
100
AcDbEntity
  8
ENGRAVE_POLARS
100
AcDbLine
 10
0.17983581299597762
 20
-15.645615253633824
 30
0.0
 11
1.9158292066310054e-15
 21
-15.643932666666668
 31
0.0
  0
LINE
  5
8BF
330
17
100
AcDbEntity
  8
ENGRAVE_POLARS
100
AcDbLine
 10
-7.825778809528401
 20
9.738073089495776
 30
0.0
 11
-7.979757074232799
 21
9.679766631855804
 31
0.0
  0
LINE
  5
8C0
330
17
100
AcDbEntity
  8
ENGRAVE_POLARS
100
AcDbLine
 10
-7.979757074232799
 20
9.679766631855804
 30
0.0
 11
-8.179517016575325
 21
9.607470750565811
 31
0.0
  0
LINE
  5
8C1
330
17
100
AcDbEntity
  8
ENGRAVE_POLARS
100
AcDbLine
 10
-8.179517016575325
 20
9.607470750565811
 30
0.0
 11
-8.416930185238423
 21
9.523032132196656
 31
0.0
  0
LINE
  5
8C2
330
17
100
AcDbEntity
  8
ENGRAVE_POLARS
100
AcDbLine
 10
-8.416930185238423
 20
9.523032132196656
 30
0.0
 11
-8.683868128904544
 21
9.428297463319195
 31
0.0
  0
LINE
  5
8C3
330
17
100
AcDbEntity
  8
ENGRAVE_POLARS
100
AcDbLine
 10
-8.683868128904544
 20
9.428297463319195
 30
0.0
 11
-8.972202396256133
 21
9.325113430504292
 31
0.0
  0
LINE
  5
8C4
330
17
100
AcDbEntity
  8
ENGRAVE_POLARS
100
AcDbLine
 10
-8.972202396256133
 20
9.325113430504292
 30
0.0
 11
-9.27380453597564
 21
9.2153267203228
 31
0.0
  0
LINE
  5
8C5
330
17
100
AcDbEntity
  8
ENGRAVE_POLARS
100
AcDbLine
 10
-9.27380453597564
 20
9.2153267203228
 30
0.0
 11
-9.580546096745515
 21
9.100784019345573
 31
0.0
  0
LINE
  5
8C6
330
17
100
AcDbEntity
  8
ENGRAVE_POLARS
100
AcDbLine
 10
-9.580546096745515
 20
9.100784019345573
 30
0.0
 11
-9.884298627248201
 21
8.983332014143478
 31
0.0
  0
LINE
  5
8C7
330
17
100
AcDbEntity
  8
ENGRAVE_POLARS
100
AcDbLine
 10
-9.884298627248201
 20
8.983332014143478
 30
0.0
 11
-10.176933676166149
 21
8.864817391287371
 31
0.0
  0
LINE
  5
8C8
330
17
100
AcDbEntity
  8
ENGRAVE_POLARS
100
AcDbLine
 10
-10.176933676166149
 20
8.864817391287371
 30
0.0
 11
-10.450322792181808
 21
8.747086837348107
 31
0.0
  0
LINE
  5
8C9
330
17
100
AcDbEntity
  8
ENGRAVE_POLARS
100
AcDbLine
 10
-10.450322792181808
 20
8.747086837348107
 30
0.0
 11
-10.69633752397762
 21
8.631987038896543
 31
0.0
  0
LINE
  5
8CA
330
17
100
AcDbEntity
  8
ENGRAVE_POLARS
100
AcDbLine
 10
-10.69633752397762
 20
8.631987038896543
 30
0.0
 11
-10.906849420236043
 21
8.521364682503544
 31
0.0
  0
LINE
  5
8CB
330
17
100
AcDbEntity
  8
ENGRAVE_POLARS
100
AcDbLine
 10
-10.906849420236043
 20
8.521364682503544
 30
0.0
 11
-11.086015521596671
 21
8.414832718779948
 31
0.0
  0
LINE
  5
8CC
330
17
100
AcDbEntity
  8
ENGRAVE_POLARS
100
AcDbLine
 10
-11.086015521596671
 20
8.414832718779948
 30
0.0
 11
-11.245348618994775
 21
8.310130276400812
 31
0.0
  0
LINE
  5
8CD
330
17
100
AcDbEntity
  8
ENGRAVE_POLARS
100
AcDbLine
 10
-11.245348618994775
 20
8.310130276400812
 30
0.0
 11
-11.387753886556276
 21
8.206293309033313
 31
0.0
  0
LINE
  5
8CE
330
17
100
AcDbEntity
  8
ENGRAVE_POLARS
100
AcDbLine
 10
-11.387753886556276
 20
8.206293309033313
 30
0.0
 11
-11.51613649840711
 21
8.102357770344625
 31
0.0
  0
LINE
  5
8CF
330
17
100
AcDbEntity
  8
ENGRAVE_POLARS
100
AcDbLine
 10
-11.51613649840711
 20
8.102357770344625
 30
0.0
 11
-11.633401628673207
 21
7.997359614001925
 31
0.0
  0
LINE
  5
8D0
330
17
100
AcDbEntity
  8
ENGRAVE_POLARS
100
AcDbLine
 10
-11.633401628673207
 20
7.997359614001925
 30
0.0
 11
-11.742454451480492
 21
7.890334793672387
 31
0.0
  0
LINE
  5
8D1
330
17
100
AcDbEntity
  8
ENGRAVE_POLARS
100
AcDbLine
 10
-11.742454451480492
 20
7.890334793672387
 30
0.0
 11
-11.8462001409549
 21
7.7803192630231806
 31
0.0
  0
LINE
  5
8D2
330
17
100
AcDbEntity
  8
ENGRAVE_POLARS
100
AcDbLine
 10
-11.8462001409549
 20
7.7803192630231806
 30
0.0
 11
-11.947543871222363
 21
7.666348975721488
 31
0.0
  0
LINE
  5
8D3
330
17
100
AcDbEntity
  8
ENGRAVE_POLARS
100
AcDbLine
 10
-11.947543871222363
 20
7.666348975721488
 30
0.0
 11
-12.049390816408808
 21
7.547459885434483
 31
0.0
  0
LINE
  5
8D4
330
17
100
AcDbEntity
  8
ENGRAVE_POLARS
100
AcDbLine
 10
-12.049390816408808
 20
7.547459885434483
 30
0.0
 11
-12.154646150640167
 21
7.422687945829339
 31
0.0
  0
LINE
  5
8D5
330
17
100
AcDbEntity
  8
ENGRAVE_POLARS
100
AcDbLine
 10
-12.154646150640167
 20
7.422687945829339
 30
0.0
 11
-12.26621504804237
 21
7.291069110573231
 31
0.0
  0
LINE
  5
8D6
330
17
100
AcDbEntity
  8
ENGRAVE_POLARS
100
AcDbLine
 10
-12.26621504804237
 20
7.291069110573231
 30
0.0
 11
-12.387002682741347
 21
7.1516393333333355
 31
0.0
  0
LINE
  5
8D7
330
17
100
AcDbEntity
  8
ENGRAVE_POLARS
100
AcDbLine
 10
-12.387002682741347
 20
7.1516393333333355
 30
0.0
 11
-12.516731311227788
 21
7.000362848428194
 31
0.0
  0
LINE
  5
8D8
330
17
100
AcDbEntity
  8
ENGRAVE_POLARS
100
AcDbLine
 10
-12.516731311227788
 20
7.000362848428194
 30
0.0
 11
-12.652054906767486
 21
6.835723128241781
 31
0.0
  0
LINE
  5
8D9
330
17
100
AcDbEntity
  8
ENGRAVE_POLARS
100
AcDbLine
 10
-12.652054906767486
 20
6.835723128241781
 30
0.0
 11
-12.791276218649013
 21
6.660534983539418
 31
0.0
  0
LINE
  5
8DA
330
17
100
AcDbEntity
  8
ENGRAVE_POLARS
100
AcDbLine
 10
-12.791276218649013
 20
6.660534983539418
 30
0.0
 11
-12.932697996160947
 21
6.4776132250864205
 31
0.0
  0
LINE
  5
8DB
330
17
100
AcDbEntity
  8
ENGRAVE_POLARS
100
AcDbLine
 10
-12.932697996160947
 20
6.4776132250864205
 30
0.0
 11
-13.074622988591864
 21
6.289772663648111
 31
0.0
  0
LINE
  5
8DC
330
17
100
AcDbEntity
  8
ENGRAVE_POLARS
100
AcDbLine
 10
-13.074622988591864
 20
6.289772663648111
 30
0.0
 11
-13.215353945230342
 21
6.099828109989804
 31
0.0
  0
LINE
  5
8DD
330
17
100
AcDbEntity
  8
ENGRAVE_POLARS
100
AcDbLine
 10
-13.215353945230342
 20
6.099828109989804
 30
0.0
 11
-13.353193615364953
 21
5.910594374876825
 31
0.0
  0
LINE
  5
8DE
330
17
100
AcDbEntity
  8
ENGRAVE_POLARS
100
AcDbLine
 10
-13.353193615364953
 20
5.910594374876825
 30
0.0
 11
-13.486444748284276
 21
5.724886269074489
 31
0.0
  0
LINE
  5
8DF
330
17
100
AcDbEntity
  8
ENGRAVE_POLARS
100
AcDbLine
 10
-13.486444748284276
 20
5.724886269074489
 30
0.0
 11
-13.613410093276888
 21
5.545518603348117
 31
0.0
  0
LINE
  5
8E0
330
17
100
AcDbEntity
  8
ENGRAVE_POLARS
100
AcDbLine
 10
-13.613410093276888
 20
5.545518603348117
 30
0.0
 11
-13.732392399631365
 21
5.375306188463027
 31
0.0
  0
LINE
  5
8E1
330
17
100
AcDbEntity
  8
ENGRAVE_POLARS
100
AcDbLine
 10
-13.732392399631365
 20
5.375306188463027
 30
0.0
 11
-13.841694416636281
 21
5.217063835184539
 31
0.0
  0
LINE
  5
8E2
330
17
100
AcDbEntity
  8
ENGRAVE_POLARS
100
AcDbLine
 10
-13.841694416636281
 20
5.217063835184539
 30
0.0
 11
-13.939618893580215
 21
5.073606354277973
 31
0.0
  0
LINE
  5
8E3
330
17
100
AcDbEntity
  8
ENGRAVE_POLARS
100
AcDbLine
 10
-13.939618893580215
 20
5.073606354277973
 30
0.0
 11
-14.025591554420672
 21
4.944795881483246
 31
0.0
  0
LINE
  5
8E4
330
17
100
AcDbEntity
  8
ENGRAVE_POLARS
100
AcDbLine
 10
-14.025591554420672
 20
4.944795881483246
 30
0.0
 11
-14.101098496997613
 21
4.827473982345409
 31
0.0
  0
LINE
  5
8E5
330
17
100
AcDbEntity
  8
ENGRAVE_POLARS
100
AcDbLine
 10
-14.101098496997613
 20
4.827473982345409
 30
0.0
 11
-14.16753303142331
 21
4.71992461233749
 31
0.0
  0
LINE
  5
8E6
330
17
100
AcDbEntity
  8
ENGRAVE_POLARS
100
AcDbLine
 10
-14.16753303142331
 20
4.71992461233749
 30
0.0
 11
-14.226288467810031
 21
4.620431726932509
 31
0.0
  0
LINE
  5
8E7
330
17
100
AcDbEntity
  8
ENGRAVE_POLARS
100
AcDbLine
 10
-14.226288467810031
 20
4.620431726932509
 30
0.0
 11
-14.278758116270039
 21
4.527279281603493
 31
0.0
  0
LINE
  5
8E8
330
17
100
AcDbEntity
  8
ENGRAVE_POLARS
100
AcDbLine
 10
-14.278758116270039
 20
4.527279281603493
 30
0.0
 11
-14.326335286915599
 21
4.438751231823463
 31
0.0
  0
LINE
  5
8E9
330
17
100
AcDbEntity
  8
ENGRAVE_POLARS
100
AcDbLine
 10
-14.326335286915599
 20
4.438751231823463
 30
0.0
 11
-14.370413289858979
 21
4.3531315330654445
 31
0.0
  0
LINE
  5
8EA
330
17
100
AcDbEntity
  8
ENGRAVE_POLARS
100
AcDbLine
 10
-14.370413289858979
 20
4.3531315330654445
 30
0.0
 11
-14.412385435212451
 21
4.268704140802462
 31
0.0
  0
LINE
  5
8EB
330
17
100
AcDbEntity
  8
ENGRAVE_POLARS
100
AcDbLine
 10
-14.412385435212451
 20
4.268704140802462
 30
0.0
 11
-14.453645033088279
 21
4.1837530105075365
 31
0.0
  0
LINE
  5
8EC
330
17
100
AcDbEntity
  8
ENGRAVE_POLARS
100
AcDbLine
 10
-14.453645033088279
 20
4.1837530105075365
 30
0.0
 11
-14.495585393598727
 21
4.096562097653694
 31
0.0
  0
LINE
  5
8ED
330
17
100
AcDbEntity
  8
ENGRAVE_POLARS
100
AcDbLine
 10
-14.495585393598727
 20
4.096562097653694
 30
0.0
 11
-14.539599826856062
 21
4.005415357713956
 31
0.0
  0
LINE
  5
8EE
330
17
100
AcDbEntity
  8
ENGRAVE_POLARS
100
AcDbLine
 10
-14.539599826856062
 20
4.005415357713956
 30
0.0
 11
-14.587081642972555
 21
3.90859674616135
 31
0.0
  0
LINE
  5
8EF
330
17
100
AcDbEntity
  8
ENGRAVE_POLARS
100
AcDbLine
 10
-14.587081642972555
 20
3.90859674616135
 30
0.0
 11
-14.63537585081864
 21
3.812412582797433
 31
0.0
  0
LINE
  5
8F0
330
17
100
AcDbEntity
  8
ENGRAVE_POLARS
100
AcDbLine
 10
-14.63537585081864
 20
3.812412582797433
 30
0.0
 11
-14.681272935916668
 21
3.7227480287980828
 31
0.0
  0
LINE
  5
8F1
330
17
100
AcDbEntity
  8
ENGRAVE_POLARS
100
AcDbLine
 10
-14.681272935916668
 20
3.7227480287980828
 30
0.0
 11
-14.725334423356781
 21
3.637255301697795
 31
0.0
  0
LINE
  5
8F2
330
17
100
AcDbEntity
  8
ENGRAVE_POLARS
100
AcDbLine
 10
-14.725334423356781
 20
3.637255301697795
 30
0.0
 11
-14.768121838229112
 21
3.5535866190310683
 31
0.0
  0
LINE
  5
8F3
330
17
100
AcDbEntity
  8
ENGRAVE_POLARS
100
AcDbLine
 10
-14.768121838229112
 20
3.5535866190310683
 30
0.0
 11
-14.810196705623795
 21
3.4693941983324006
 31
0.0
  0
LINE
  5
8F4
330
17
100
AcDbEntity
  8
ENGRAVE_POLARS
100
AcDbLine
 10
-14.810196705623795
 20
3.4693941983324006
 30
0.0
 11
-14.852120550630971
 21
3.3823302571362883
 31
0.0
  0
LINE
  5
8F5
330
17
100
AcDbEntity
  8
ENGRAVE_POLARS
100
AcDbLine
 10
-14.852120550630971
 20
3.3823302571362883
 30
0.0
 11
-14.894454898340772
 21
3.29004701297723
 31
0.0
  0
LINE
  5
8F6
330
17
100
AcDbEntity
  8
ENGRAVE_POLARS
100
AcDbLine
 10
-14.894454898340772
 20
3.29004701297723
 30
0.0
 11
-14.937761273843345
 21
3.1901966833897233
 31
0.0
  0
LINE
  5
8F7
330
17
100
AcDbEntity
  8
ENGRAVE_POLARS
100
AcDbLine
 10
-14.937761273843345
 20
3.1901966833897233
 30
0.0
 11
-14.982601202228821
 21
3.0804314859082655
 31
0.0
  0
LINE
  5
8F8
330
17
100
AcDbEntity
  8
ENGRAVE_POLARS
100
AcDbLine
 10
-14.982601202228821
 20
3.0804314859082655
 30
0.0
 11
-15.029536208587327
 21
2.9584036380673537
 31
0.0
  0
LINE
  5
8F9
330
17
100
AcDbEntity
  8
ENGRAVE_POLARS
100
AcDbLine
 10
-15.029536208587327
 20
2.9584036380673537
 30
0.0
 11
-15.079127818009013
 21
2.821765357401486
 31
0.0
  0
LINE
  5
8FA
330
17
100
AcDbEntity
  8
ENGRAVE_POLARS
100
AcDbLine
 10
-15.079127818009013
 20
2.821765357401486
 30
0.0
 11
-15.131937555584011
 21
2.6681688614451597
 31
0.0
  0
LINE
  5
8FB
330
17
100
AcDbEntity
  8
ENGRAVE_POLARS
100
AcDbLine
 10
-15.131937555584011
 20
2.6681688614451597
 30
0.0
 11
-15.190937984842837
 21
2.505555889361846
 31
0.0
  0
LINE
  5
8FC
330
17
100
AcDbEntity
  8
ENGRAVE_POLARS
100
AcDbLine
 10
-15.190937984842837
 20
2.505555889361846
 30
0.0
 11
-15.25740816429749
 21
2.3415414923997577
 31
0.0
  0
LINE
  5
8FD
330
17
100
AcDbEntity
  8
ENGRAVE_POLARS
100
AcDbLine
 10
-15.25740816429749
 20
2.3415414923997577
 30
0.0
 11
-15.329369361510324
 21
2.1732878562205014
 31
0.0
  0
LINE
  5
8FE
330
17
100
AcDbEntity
  8
ENGRAVE_POLARS
100
AcDbLine
 10
-15.329369361510324
 20
2.1732878562205014
 30
0.0
 11
-15.404842844043701
 21
1.9979571664856854
 31
0.0
  0
LINE
  5
8FF
330
17
100
AcDbEntity
  8
ENGRAVE_POLARS
100
AcDbLine
 10
-15.404842844043701
 20
1.9979571664856854
 30
0.0
 11
-15.481849879459984
 21
1.8127116088569193
 31
0.0
  0
LINE
  5
900
330
17
100
AcDbEntity
  8
ENGRAVE_POLARS
100
AcDbLine
 10
-15.481849879459984
 20
1.8127116088569193
 30
0.0
 11
-15.558411735321526
 21
1.6147133689958095
 31
0.0
  0
LINE
  5
901
330
17
100
AcDbEntity
  8
ENGRAVE_POLARS
100
AcDbLine
 10
-15.558411735321526
 20
1.6147133689958095
 30
0.0
 11
-15.632549679190683
 21
1.4011246325639648
 31
0.0
  0
LINE
  5
902
330
17
100
AcDbEntity
  8
ENGRAVE_POLARS
100
AcDbLine
 10
-15.632549679190683
 20
1.4011246325639648
 30
0.0
 11
-15.702284978629825
 21
1.169107585222993
 31
0.0
  0
LINE
  5
903
330
17
100
AcDbEntity
  8
ENGRAVE_POLARS
100
AcDbLine
 10
-15.702284978629825
 20
1.169107585222993
 30
0.0
 11
-15.7656389012013
 21
0.9158244126345033
 31
0.0
  0
LINE
  5
904
330
17
100
AcDbEntity
  8
ENGRAVE_POLARS
100
AcDbLine
 10
-15.7656389012013
 20
0.9158244126345033
 30
0.0
 11
-15.82063271446747
 21
0.638437300460102
 31
0.0
  0
LINE
  5
905
330
17
100
AcDbEntity
  8
ENGRAVE_POLARS
100
AcDbLine
 10
-15.82063271446747
 20
0.638437300460102
 30
0.0
 11
-15.865287685990694
 21
0.3341084343613987
 31
0.0
  0
LINE
  5
906
330
17
100
AcDbEntity
  8
ENGRAVE_POLARS
100
AcDbLine
 10
-15.865287685990694
 20
0.3341084343613987
 30
0.0
 11
-15.897625083333333
 21
9.73448783617442e-16
 31
0.0
  0
LINE
  5
907
330
17
100
AcDbEntity
  8
ENGRAVE_POLARS
100
AcDbLine
 10
-15.897625083333333
 20
9.73448783617442e-16
 30
0.0
 11
-15.91779202048727
 21
-0.3785929498315392
 31
0.0
  0
LINE
  5
908
330
17
100
AcDbEntity
  8
ENGRAVE_POLARS
100
AcDbLine
 10
-15.91779202048727
 20
-0.3785929498315392
 30
0.0
 11
-15.928040732652043
 21
-0.8079323113506247
 31
0.0
  0
LINE
  5
909
330
17
100
AcDbEntity
  8
ENGRAVE_POLARS
100
AcDbLine
 10
-15.928040732652043
 20
-0.8079323113506247
 30
0.0
 11
-15.929550169201486
 21
-1.2781913224105796
 31
0.0
  0
LINE
  5
90A
330
17
100
AcDbEntity
  8
ENGRAVE_POLARS
100
AcDbLine
 10
-15.929550169201486
 20
-1.2781913224105796
 30
0.0
 11
-15.923499279509432
 21
-1.7795432208647295
 31
0.0
  0
LINE
  5
90B
330
17
100
AcDbEntity
  8
ENGRAVE_POLARS
100
AcDbLine
 10
-15.923499279509432
 20
-1.7795432208647295
 30
0.0
 11
-15.911067012949713
 21
-2.3021612445663977
 31
0.0
  0
LINE
  5
90C
330
17
100
AcDbEntity
  8
ENGRAVE_POLARS
100
AcDbLine
 10
-15.911067012949713
 20
-2.3021612445663977
 30
0.0
 11
-15.893432318896167
 21
-2.8362186313689093
 31
0.0
  0
LINE
  5
90D
330
17
100
AcDbEntity
  8
ENGRAVE_POLARS
100
AcDbLine
 10
-15.893432318896167
 20
-2.8362186313689093
 30
0.0
 11
-15.87177414672262
 21
-3.3718886191255875
 31
0.0
  0
LINE
  5
90E
330
17
100
AcDbEntity
  8
ENGRAVE_POLARS
100
AcDbLine
 10
-15.87177414672262
 20
-3.3718886191255875
 30
0.0
 11
-15.847271445802917
 21
-3.8993444456897595
 31
0.0
  0
LINE
  5
90F
330
17
100
AcDbEntity
  8
ENGRAVE_POLARS
100
AcDbLine
 10
-15.847271445802917
 20
-3.8993444456897595
 30
0.0
 11
-15.821103165510888
 21
-4.408759348914748
 31
0.0
  0
LINE
  5
910
330
17
100
AcDbEntity
  8
ENGRAVE_POLARS
100
AcDbLine
 10
-15.821103165510888
 20
-4.408759348914748
 30
0.0
 11
-15.794448255220358
 21
-4.890306566653877
 31
0.0
  0
LINE
  5
911
330
17
100
AcDbEntity
  8
ENGRAVE_POLARS
100
AcDbLine
 10
-15.794448255220358
 20
-4.890306566653877
 30
0.0
 11
-15.76848566430517
 21
-5.334159336760473
 31
0.0
  0
LINE
  5
912
330
17
100
AcDbEntity
  8
ENGRAVE_POLARS
100
AcDbLine
 10
-15.76848566430517
 20
-5.334159336760473
 30
0.0
 11
-15.744394342139154
 21
-5.730490897087858
 31
0.0
  0
LINE
  5
913
330
17
100
AcDbEntity
  8
ENGRAVE_POLARS
100
AcDbLine
 10
-15.744394342139154
 20
-5.730490897087858
 30
0.0
 11
-15.724076237201526
 21
-6.077108384907738
 31
0.0
  0
LINE
  5
914
330
17
100
AcDbEntity
  8
ENGRAVE_POLARS
100
AcDbLine
 10
-15.724076237201526
 20
-6.077108384907738
 30
0.0
 11
-15.707455553753062
 21
-6.383336446280296
 31
0.0
  0
LINE
  5
915
330
17
100
AcDbEntity
  8
ENGRAVE_POLARS
100
AcDbLine
 10
-15.707455553753062
 20
-6.383336446280296
 30
0.0
 11
-15.692744624839928
 21
-6.65662458224158
 31
0.0
  0
LINE
  5
916
330
17
100
AcDbEntity
  8
ENGRAVE_POLARS
100
AcDbLine
 10
-15.692744624839928
 20
-6.65662458224158
 30
0.0
 11
-15.678155783508295
 21
-6.904422293827634
 31
0.0
  0
LINE
  5
917
330
17
100
AcDbEntity
  8
ENGRAVE_POLARS
100
AcDbLine
 10
-15.678155783508295
 20
-6.904422293827634
 30
0.0
 11
-15.661901362804334
 21
-7.134179082074505
 31
0.0
  0
LINE
  5
918
330
17
100
AcDbEntity
  8
ENGRAVE_POLARS
100
AcDbLine
 10
-15.661901362804334
 20
-7.134179082074505
 30
0.0
 11
-15.64219369577422
 21
-7.353344448018239
 31
0.0
  0
LINE
  5
919
330
17
100
AcDbEntity
  8
ENGRAVE_POLARS
100
AcDbLine
 10
-15.64219369577422
 20
-7.353344448018239
 30
0.0
 11
-15.61724511546411
 21
-7.569367892694879
 31
0.0
  0
LINE
  5
91A
330
17
100
AcDbEntity
  8
ENGRAVE_POLARS
100
AcDbLine
 10
-15.61724511546411
 20
-7.569367892694879
 30
0.0
 11
-15.585267954920184
 21
-7.789698917140476
 31
0.0
  0
LINE
  5
91B
330
17
100
AcDbEntity
  8
ENGRAVE_POLARS
100
AcDbLine
 10
-15.585267954920184
 20
-7.789698917140476
 30
0.0
 11
-15.544474547188612
 21
-8.021787022391074
 31
0.0
  0
LINE
  5
91C
330
17
100
AcDbEntity
  8
ENGRAVE_POLARS
100
AcDbLine
 10
-15.544474547188612
 20
-8.021787022391074
 30
0.0
 11
-15.493077225315561
 21
-8.273081709482717
 31
0.0
  0
LINE
  5
91D
330
17
100
AcDbEntity
  8
ENGRAVE_POLARS
100
AcDbLine
 10
-15.493077225315561
 20
-8.273081709482717
 30
0.0
 11
-15.4292883223472
 21
-8.551032479451456
 31
0.0
  0
LINE
  5
91E
330
17
100
AcDbEntity
  8
ENGRAVE_POLARS
100
AcDbLine
 10
-15.4292883223472
 20
-8.551032479451456
 30
0.0
 11
-15.351320171329702
 21
-8.86308883333333
 31
0.0
  0
LINE
  5
91F
330
17
100
AcDbEntity
  8
ENGRAVE_POLARS
100
AcDbLine
 10
-15.351320171329702
 20
-8.86308883333333
 30
0.0
 11
-15.267530465581146
 21
-9.216440878223654
 31
0.0
  0
LINE
  5
920
330
17
100
AcDbEntity
  8
ENGRAVE_POLARS
100
AcDbLine
 10
-15.267530465581146
 20
-9.216440878223654
 30
0.0
 11
-15.185187919344493
 21
-9.607537408416476
 31
0.0
  0
LINE
  5
921
330
17
100
AcDbEntity
  8
ENGRAVE_POLARS
100
AcDbLine
 10
-15.185187919344493
 20
-9.607537408416476
 30
0.0
 11
-15.100871397053224
 21
-10.027715955745967
 31
0.0
  0
LINE
  5
922
330
17
100
AcDbEntity
  8
ENGRAVE_POLARS
100
AcDbLine
 10
-15.100871397053224
 20
-10.027715955745967
 30
0.0
 11
-15.011159763140821
 21
-10.468314052046292
 31
0.0
  0
LINE
  5
923
330
17
100
AcDbEntity
  8
ENGRAVE_POLARS
100
AcDbLine
 10
-15.011159763140821
 20
-10.468314052046292
 30
0.0
 11
-14.912631882040772
 21
-10.920669229151619
 31
0.0
  0
LINE
  5
924
330
17
100
AcDbEntity
  8
ENGRAVE_POLARS
100
AcDbLine
 10
-14.912631882040772
 20
-10.920669229151619
 30
0.0
 11
-14.801866618186557
 21
-11.376119018896112
 31
0.0
  0
LINE
  5
925
330
17
100
AcDbEntity
  8
ENGRAVE_POLARS
100
AcDbLine
 10
-14.801866618186557
 20
-11.376119018896112
 30
0.0
 11
-14.67544283601166
 21
-11.826000953113939
 31
0.0
  0
LINE
  5
926
330
17
100
AcDbEntity
  8
ENGRAVE_POLARS
100
AcDbLine
 10
-14.67544283601166
 20
-11.826000953113939
 30
0.0
 11
-14.52993939994957
 21
-12.261652563639267
 31
0.0
  0
LINE
  5
927
330
17
100
AcDbEntity
  8
ENGRAVE_POLARS
100
AcDbLine
 10
-14.52993939994957
 20
-12.261652563639267
 30
0.0
 11
-14.361935174433764
 21
-12.674411382306257
 31
0.0
  0
LINE
  5
928
330
17
100
AcDbEntity
  8
ENGRAVE_POLARS
100
AcDbLine
 10
-14.361935174433764
 20
-12.674411382306257
 30
0.0
 11
-14.168009023897728
 21
-13.055614940949084
 31
0.0
  0
LINE
  5
929
330
17
100
AcDbEntity
  8
ENGRAVE_POLARS
100
AcDbLine
 10
-14.168009023897728
 20
-13.055614940949084
 30
0.0
 11
-13.944739812774944
 21
-13.396600771401907
 31
0.0
  0
LINE
  5
92A
330
17
100
AcDbEntity
  8
ENGRAVE_POLARS
100
AcDbLine
 10
-13.944739812774944
 20
-13.396600771401907
 30
0.0
 11
-13.6887064054989
 21
-13.688706405498898
 31
0.0
  0
LINE
  5
92B
330
17
100
AcDbEntity
  8
ENGRAVE_POLARS
100
AcDbLine
 10
-13.6887064054989
 20
-13.688706405498898
 30
0.0
 11
-13.392586708138147
 21
-13.934986623232993
 31
0.0
  0
LINE
  5
92C
330
17
100
AcDbEntity
  8
ENGRAVE_POLARS
100
AcDbLine
 10
-13.392586708138147
 20
-13.934986623232993
 30
0.0
 11
-13.05545335426343
 21
-14.146835340780612
 31
0.0
  0
LINE
  5
92D
330
17
100
AcDbEntity
  8
ENGRAVE_POLARS
100
AcDbLine
 10
-13.05545335426343
 20
-14.146835340780612
 30
0.0
 11
-12.683477299561494
 21
-14.328098794251133
 31
0.0
  0
LINE
  5
92E
330
17
100
AcDbEntity
  8
ENGRAVE_POLARS
100
AcDbLine
 10
-12.683477299561494
 20
-14.328098794251133
 30
0.0
 11
-12.28282949971909
 21
-14.48262321975394
 31
0.0
  0
LINE
  5
92F
330
17
100
AcDbEntity
  8
ENGRAVE_POLARS
100
AcDbLine
 10
-12.28282949971909
 20
-14.48262321975394
 30
0.0
 11
-11.859680910422973
 21
-14.614254853398414
 31
0.0
  0
LINE
  5
930
330
17
100
AcDbEntity
  8
ENGRAVE_POLARS
100
AcDbLine
 10
-11.859680910422973
 20
-14.614254853398414
 30
0.0
 11
-11.420202487359894
 21
-14.726839931293934
 31
0.0
  0
LINE
  5
931
330
17
100
AcDbEntity
  8
ENGRAVE_POLARS
100
AcDbLine
 10
-11.420202487359894
 20
-14.726839931293934
 30
0.0
 11
-10.970565186216605
 21
-14.824224689549883
 31
0.0
  0
LINE
  5
932
330
17
100
AcDbEntity
  8
ENGRAVE_POLARS
100
AcDbLine
 10
-10.970565186216605
 20
-14.824224689549883
 30
0.0
 11
-10.51693996267986
 21
-14.910255364275645
 31
0.0
  0
LINE
  5
933
330
17
100
AcDbEntity
  8
ENGRAVE_POLARS
100
AcDbLine
 10
-10.51693996267986
 20
-14.910255364275645
 30
0.0
 11
-10.06549777243641
 21
-14.988778191580595
 31
0.0
  0
LINE
  5
934
330
17
100
AcDbEntity
  8
ENGRAVE_POLARS
100
AcDbLine
 10
-10.06549777243641
 20
-14.988778191580595
 30
0.0
 11
-9.622409571173002
 21
-15.06363940757412
 31
0.0
  0
LINE
  5
935
330
17
100
AcDbEntity
  8
ENGRAVE_POLARS
100
AcDbLine
 10
-9.622409571173002
 20
-15.06363940757412
 30
0.0
 11
-9.193846314576392
 21
-15.138685248365599
 31
0.0
  0
LINE
  5
936
330
17
100
AcDbEntity
  8
ENGRAVE_POLARS
100
AcDbLine
 10
-9.193846314576392
 20
-15.138685248365599
 30
0.0
 11
-8.785978958333333
 21
-15.217761950064416
 31
0.0
  0
LINE
  5
937
330
17
100
AcDbEntity
  8
ENGRAVE_POLARS
100
AcDbLine
 10
-8.785978958333333
 20
-15.217761950064416
 30
0.0
 11
-8.380120638625531
 21
-15.29433411369353
 31
0.0
  0
LINE
  5
938
330
17
100
AcDbEntity
  8
ENGRAVE_POLARS
100
AcDbLine
 10
-8.380120638625531
 20
-15.29433411369353
 30
0.0
 11
-7.957647763183071
 21
-15.360046955057323
 31
0.0
  0
LINE
  5
939
330
17
100
AcDbEntity
  8
ENGRAVE_POLARS
100
AcDbLine
 10
-7.957647763183071
 20
-15.360046955057323
 30
0.0
 11
-7.524826195015273
 21
-15.416017632437297
 31
0.0
  0
LINE
  5
93A
330
17
100
AcDbEntity
  8
ENGRAVE_POLARS
100
AcDbLine
 10
-7.524826195015273
 20
-15.416017632437297
 30
0.0
 11
-7.087921797131451
 21
-15.463363304114958
 31
0.0
  0
LINE
  5
93B
330
17
100
AcDbEntity
  8
ENGRAVE_POLARS
100
AcDbLine
 10
-7.087921797131451
 20
-15.463363304114958
 30
0.0
 11
-6.653200432540923
 21
-15.503201128371812
 31
0.0
  0
LINE
  5
93C
330
17
100
AcDbEntity
  8
ENGRAVE_POLARS
100
AcDbLine
 10
-6.653200432540923
 20
-15.503201128371812
 30
0.0
 11
-6.226927964253005
 21
-15.53664826348936
 31
0.0
  0
LINE
  5
93D
330
17
100
AcDbEntity
  8
ENGRAVE_POLARS
100
AcDbLine
 10
-6.226927964253005
 20
-15.53664826348936
 30
0.0
 11
-5.815370255277014
 21
-15.56482186774911
 31
0.0
  0
LINE
  5
93E
330
17
100
AcDbEntity
  8
ENGRAVE_POLARS
100
AcDbLine
 10
-5.815370255277014
 20
-15.56482186774911
 30
0.0
 11
-5.424793168622268
 21
-15.588839099432569
 31
0.0
  0
LINE
  5
93F
330
17
100
AcDbEntity
  8
ENGRAVE_POLARS
100
AcDbLine
 10
-5.424793168622268
 20
-15.588839099432569
 30
0.0
 11
-5.061462567298084
 21
-15.609817116821237
 31
0.0
  0
LINE
  5
940
330
17
100
AcDbEntity
  8
ENGRAVE_POLARS
100
AcDbLine
 10
-5.061462567298084
 20
-15.609817116821237
 30
0.0
 11
-4.731644314313775
 21
-15.628873078196621
 31
0.0
  0
LINE
  5
941
330
17
100
AcDbEntity
  8
ENGRAVE_POLARS
100
AcDbLine
 10
-4.731644314313775
 20
-15.628873078196621
 30
0.0
 11
-4.441604272678661
 21
-15.647124141840226
 31
0.0
  0
LINE
  5
942
330
17
100
AcDbEntity
  8
ENGRAVE_POLARS
100
AcDbLine
 10
-4.441604272678661
 20
-15.647124141840226
 30
0.0
 11
-4.197608305402057
 21
-15.665687466033557
 31
0.0
  0
LINE
  5
943
330
17
100
AcDbEntity
  8
ENGRAVE_POLARS
100
AcDbLine
 10
-4.197608305402057
 20
-15.665687466033557
 30
0.0
 11
-4.0139622214053166
 21
-15.682001400204996
 31
0.0
  0
LINE
  5
944
330
17
100
AcDbEntity
  8
ENGRAVE_POLARS
100
AcDbLine
 10
-4.0139622214053166
 20
-15.682001400204996
 30
0.0
 11
-3.8929342303555
 21
-15.69321708495642
 31
0.0
  0
LINE
  5
945
330
17
100
AcDbEntity
  8
ENGRAVE_POLARS
100
AcDbLine
 10
-3.8929342303555
 20
-15.69321708495642
 30
0.0
 11
-3.8227337963804855
 21
-15.700020865329567
 31
0.0
  0
LINE
  5
946
330
17
100
AcDbEntity
  8
ENGRAVE_POLARS
100
AcDbLine
 10
-3.8227337963804855
 20
-15.700020865329567
 30
0.0
 11
-3.7915703836081525
 21
-15.703099086366182
 31
0.0
  0
LINE
  5
947
330
17
100
AcDbEntity
  8
ENGRAVE_POLARS
100
AcDbLine
 10
-3.7915703836081525
 20
-15.703099086366182
 30
0.0
 11
-3.787653456166381
 21
-15.703138093108015
 31
0.0
  0
LINE
  5
948
330
17
100
AcDbEntity
  8
ENGRAVE_POLARS
100
AcDbLine
 10
-3.787653456166381
 20
-15.703138093108015
 30
0.0
 11
-3.7991924781830484
 21
-15.700824230596794
 31
0.0
  0
LINE
  5
949
330
17
100
AcDbEntity
  8
ENGRAVE_POLARS
100
AcDbLine
 10
-3.7991924781830484
 20
-15.700824230596794
 30
0.0
 11
-3.8143969137860347
 21
-15.69684384387427
 31
0.0
  0
LINE
  5
94A
330
17
100
AcDbEntity
  8
ENGRAVE_POLARS
100
AcDbLine
 10
-3.8143969137860347
 20
-15.69684384387427
 30
0.0
 11
-3.821476227103218
 21
-15.691883277982187
 31
0.0
  0
LINE
  5
94B
330
17
100
AcDbEntity
  8
ENGRAVE_POLARS
100
AcDbLine
 10
-3.821476227103218
 20
-15.691883277982187
 30
0.0
 11
-3.8086398822624785
 21
-15.686628877962283
 31
0.0
  0
LINE
  5
94C
330
17
100
AcDbEntity
  8
ENGRAVE_POLARS
100
AcDbLine
 10
-3.8086398822624785
 20
-15.686628877962283
 30
0.0
 11
-3.764097343391695
 21
-15.681766988856307
 31
0.0
  0
LINE
  5
94D
330
17
100
AcDbEntity
  8
ENGRAVE_POLARS
100
AcDbLine
 10
-3.764097343391695
 20
-15.681766988856307
 30
0.0
 11
-3.6760580746187452
 21
-15.677983955705994
 31
0.0
  0
LINE
  5
94E
330
17
100
AcDbEntity
  8
ENGRAVE_POLARS
100
AcDbLine
 10
-3.6760580746187452
 20
-15.677983955705994
 30
0.0
 11
-3.5327315400715102
 21
-15.675966123553087
 31
0.0
  0
LINE
  5
94F
330
17
100
AcDbEntity
  8
ENGRAVE_POLARS
100
AcDbLine
 10
-3.5327315400715102
 20
-15.675966123553087
 30
0.0
 11
-3.3275011283997147
 21
-15.674676124199523
 31
0.0
  0
LINE
  5
950
330
17
100
AcDbEntity
  8
ENGRAVE_POLARS
100
AcDbLine
 10
-3.3275011283997147
 20
-15.674676124199523
 30
0.0
 11
-3.069018671513682
 21
-15.67270507420099
 31
0.0
  0
LINE
  5
951
330
17
100
AcDbEntity
  8
ENGRAVE_POLARS
100
AcDbLine
 10
-3.069018671513682
 20
-15.67270507420099
 30
0.0
 11
-2.768396298432181
 21
-15.670182045729874
 31
0.0
  0
LINE
  5
952
330
17
100
AcDbEntity
  8
ENGRAVE_POLARS
100
AcDbLine
 10
-2.768396298432181
 20
-15.670182045729874
 30
0.0
 11
-2.436746138173985
 21
-15.667236110958557
 31
0.0
  0
LINE
  5
953
330
17
100
AcDbEntity
  8
ENGRAVE_POLARS
100
AcDbLine
 10
-2.436746138173985
 20
-15.667236110958557
 30
0.0
 11
-2.0851803197578676
 21
-15.663996342059422
 31
0.0
  0
LINE
  5
954
330
17
100
AcDbEntity
  8
ENGRAVE_POLARS
100
AcDbLine
 10
-2.0851803197578676
 20
-15.663996342059422
 30
0.0
 11
-1.7248109722025968
 21
-15.66059181120485
 31
0.0
  0
LINE
  5
955
330
17
100
AcDbEntity
  8
ENGRAVE_POLARS
100
AcDbLine
 10
-1.7248109722025968
 20
-15.66059181120485
 30
0.0
 11
-1.366750224526946
 21
-15.65715159056722
 31
0.0
  0
LINE
  5
956
330
17
100
AcDbEntity
  8
ENGRAVE_POLARS
100
AcDbLine
 10
-1.366750224526946
 20
-15.65715159056722
 30
0.0
 11
-1.0221102057496871
 21
-15.653804752318921
 31
0.0
  0
LINE
  5
957
330
17
100
AcDbEntity
  8
ENGRAVE_POLARS
100
AcDbLine
 10
-1.0221102057496871
 20
-15.653804752318921
 30
0.0
 11
-0.7020030448895924
 21
-15.650680368632335
 31
0.0
  0
LINE
  5
958
330
17
100
AcDbEntity
  8
ENGRAVE_POLARS
100
AcDbLine
 10
-0.7020030448895924
 20
-15.650680368632335
 30
0.0
 11
-0.4175408709654317
 21
-15.647907511679843
 31
0.0
  0
LINE
  5
959
330
17
100
AcDbEntity
  8
ENGRAVE_POLARS
100
AcDbLine
 10
-0.4175408709654317
 20
-15.647907511679843
 30
0.0
 11
-0.17983581299597762
 21
-15.645615253633824
 31
0.0
  0
LINE
  5
95A
330
17
100
AcDbEntity
  8
ENGRAVE_POLARS
100
AcDbLine
 10
-0.17983581299597762
 20
-15.645615253633824
 30
0.0
 11
-1.9158292066310054e-15
 21
-15.643932666666668
 31
0.0
  0
TEXT
  5
95B
330
17
100
AcDbEntity
  8
ENGRAVE_TEXT
100
AcDbText
 10
7.127421965884873
 20
10.260250366937807
 30
0.0
 40
4.5
  1
20
 72
1
 11
7.127421965884873
 21
10.260250366937807
 31
0.0
100
AcDbText
 73
2
  0
TEXT
  5
95C
330
17
100
AcDbEntity
  8
ENGRAVE_TEXT
100
AcDbText
 10
-7.127421965884873
 20
10.260250366937807
 30
0.0
 40
4.5
  1
20
 72
1
 11
-7.127421965884873
 21
10.260250366937807
 31
0.0
100
AcDbText
 73
2
  0
CIRCLE
  5
95D
330
17
100
AcDbEntity
  8
ENGRAVE_VMG
100
AcDbCircle
 10
7.825778809528401
 20
9.738073089495776
 30
0.0
 40
0.6
  0
CIRCLE
  5
95E
330
17
100
AcDbEntity
  8
ENGRAVE_VMG
100
AcDbCircle
 10
-7.825778809528401
 20
9.738073089495776
 30
0.0
 40
0.6
  0
CIRCLE
  5
95F
330
17
100
AcDbEntity
  8
ENGRAVE_VMG
100
AcDbCircle
 10
3.5327315400715102
 20
-15.675966123553087
 30
0.0
 40
0.6
  0
CIRCLE
  5
960
330
17
100
AcDbEntity
  8
ENGRAVE_VMG
100
AcDbCircle
 10
-3.5327315400715102
 20
-15.675966123553087
 30
0.0
 40
0.6
  0
LINE
  5
961
330
17
100
AcDbEntity
  8
ENGRAVE_POLARS
100
AcDbLine
 10
6.75261358857051
 20
7.857209296312617
 30
0.0
 11
6.865222361098222
 21
7.8188891241317515
 31
0.0
  0
LINE
  5
962
330
17
100
AcDbEntity
  8
ENGRAVE_POLARS
100
AcDbLine
 10
6.865222361098222
 20
7.8188891241317515
 30
0.0
 11
7.0106495297399105
 21
7.772288295250327
 31
0.0
  0
LINE
  5
963
330
17
100
AcDbEntity
  8
ENGRAVE_POLARS
100
AcDbLine
 10
7.0106495297399105
 20
7.772288295250327
 30
0.0
 11
7.183194483049549
 21
7.718284400029064
 31
0.0
  0
LINE
  5
964
330
17
100
AcDbEntity
  8
ENGRAVE_POLARS
100
AcDbLine
 10
7.183194483049549
 20
7.718284400029064
 30
0.0
 11
7.377156609581111
 21
7.657755028828687
 31
0.0
  0
LINE
  5
965
330
17
100
AcDbEntity
  8
ENGRAVE_POLARS
100
AcDbLine
 10
7.377156609581111
 20
7.657755028828687
 30
0.0
 11
7.586835297888572
 21
7.59157777200992
 31
0.0
  0
LINE
  5
966
330
17
100
AcDbEntity
  8
ENGRAVE_POLARS
100
AcDbLine
 10
7.586835297888572
 20
7.59157777200992
 30
0.0
 11
7.8065299365259015
 21
7.5206302199334845
 31
0.0
  0
LINE
  5
967
330
17
100
AcDbEntity
  8
ENGRAVE_POLARS
100
AcDbLine
 10
7.8065299365259015
 20
7.5206302199334845
 30
0.0
 11
8.030539914047072
 21
7.445789962960106
 31
0.0
  0
LINE
  5
968
330
17
100
AcDbEntity
  8
ENGRAVE_POLARS
100
AcDbLine
 10
8.030539914047072
 20
7.445789962960106
 30
0.0
 11
8.253164619006062
 21
7.3679345914505046
 31
0.0
  0
LINE
  5
969
330
17
100
AcDbEntity
  8
ENGRAVE_POLARS
100
AcDbLine
 10
8.253164619006062
 20
7.3679345914505046
 30
0.0
 11
8.468703439956842
 21
7.287941695765408
 31
0.0
  0
LINE
  5
96A
330
17
100
AcDbEntity
  8
ENGRAVE_POLARS
100
AcDbLine
 10
8.468703439956842
 20
7.287941695765408
 30
0.0
 11
8.671455765453384
 21
7.206688866265536
 31
0.0
  0
LINE
  5
96B
330
17
100
AcDbEntity
  8
ENGRAVE_POLARS
100
AcDbLine
 10
8.671455765453384
 20
7.206688866265536
 30
0.0
 11
8.85572098404966
 21
7.125053693311613
 31
0.0
  0
LINE
  5
96C
330
17
100
AcDbEntity
  8
ENGRAVE_POLARS
100
AcDbLine
 10
8.85572098404966
 20
7.125053693311613
 30
0.0
 11
9.015798484299648
 21
7.043913767264362
 31
0.0
  0
LINE
  5
96D
330
17
100
AcDbEntity
  8
ENGRAVE_POLARS
100
AcDbLine
 10
9.015798484299648
 20
7.043913767264362
 30
0.0
 11
9.154641337070997
 21
6.96306093934419
 31
0.0
  0
LINE
  5
96E
330
17
100
AcDbEntity
  8
ENGRAVE_POLARS
100
AcDbLine
 10
9.154641337070997
 20
6.96306093934419
 30
0.0
 11
9.2803476181297
 21
6.881405379934202
 31
0.0
  0
LINE
  5
96F
330
17
100
AcDbEntity
  8
ENGRAVE_POLARS
100
AcDbLine
 10
9.2803476181297
 20
6.881405379934202
 30
0.0
 11
9.394934223377236
 21
6.79850215813917
 31
0.0
  0
LINE
  5
970
330
17
100
AcDbEntity
  8
ENGRAVE_POLARS
100
AcDbLine
 10
9.394934223377236
 20
6.79850215813917
 30
0.0
 11
9.500418048715082
 21
6.713906343063869
 31
0.0
  0
LINE
  5
971
330
17
100
AcDbEntity
  8
ENGRAVE_POLARS
100
AcDbLine
 10
9.500418048715082
 20
6.713906343063869
 30
0.0
 11
9.598815990044718
 21
6.627173003813071
 31
0.0
  0
LINE
  5
972
330
17
100
AcDbEntity
  8
ENGRAVE_POLARS
100
AcDbLine
 10
9.598815990044718
 20
6.627173003813071
 30
0.0
 11
9.692144943267621
 21
6.537857209491546
 31
0.0
  0
LINE
  5
973
330
17
100
AcDbEntity
  8
ENGRAVE_POLARS
100
AcDbLine
 10
9.692144943267621
 20
6.537857209491546
 30
0.0
 11
9.782421804285272
 21
6.445514029204069
 31
0.0
  0
LINE
  5
974
330
17
100
AcDbEntity
  8
ENGRAVE_POLARS
100
AcDbLine
 10
9.782421804285272
 20
6.445514029204069
 30
0.0
 11
9.87166346899915
 21
6.349698532055413
 31
0.0
  0
LINE
  5
975
330
17
100
AcDbEntity
  8
ENGRAVE_POLARS
100
AcDbLine
 10
9.87166346899915
 20
6.349698532055413
 30
0.0
 11
9.96188683331073
 21
6.249965787150351
 31
0.0
  0
LINE
  5
976
330
17
100
AcDbEntity
  8
ENGRAVE_POLARS
100
AcDbLine
 10
9.96188683331073
 20
6.249965787150351
 30
0.0
 11
10.055108793121496
 21
6.145870863593653
 31
0.0
  0
LINE
  5
977
330
17
100
AcDbEntity
  8
ENGRAVE_POLARS
100
AcDbLine
 10
10.055108793121496
 20
6.145870863593653
 30
0.0
 11
10.153346244332923
 21
6.0369688304900935
 31
0.0
  0
LINE
  5
978
330
17
100
AcDbEntity
  8
ENGRAVE_POLARS
100
AcDbLine
 10
10.153346244332923
 20
6.0369688304900935
 30
0.0
 11
10.258616082846489
 21
5.922814756944446
 31
0.0
  0
LINE
  5
979
330
17
100
AcDbEntity
  8
ENGRAVE_POLARS
100
AcDbLine
 10
10.258616082846489
 20
5.922814756944446
 30
0.0
 11
10.371538121671325
 21
5.799822423110741
 31
0.0
  0
LINE
  5
97A
330
17
100
AcDbEntity
  8
ENGRAVE_POLARS
100
AcDbLine
 10
10.371538121671325
 20
5.799822423110741
 30
0.0
 11
10.490306537193444
 21
5.666195068245434
 31
0.0
  0
LINE
  5
97B
330
17
100
AcDbEntity
  8
ENGRAVE_POLARS
100
AcDbLine
 10
10.490306537193444
 20
5.666195068245434
 30
0.0
 11
10.613299770379653
 21
5.524171950106923
 31
0.0
  0
LINE
  5
97C
330
17
100
AcDbEntity
  8
ENGRAVE_POLARS
100
AcDbLine
 10
10.613299770379653
 20
5.524171950106923
 30
0.0
 11
10.738896262196759
 21
5.375992326453603
 31
0.0
  0
LINE
  5
97D
330
17
100
AcDbEntity
  8
ENGRAVE_POLARS
100
AcDbLine
 10
10.738896262196759
 20
5.375992326453603
 30
0.0
 11
10.865474453611572
 21
5.223895455043878
 31
0.0
  0
LINE
  5
97E
330
17
100
AcDbEntity
  8
ENGRAVE_POLARS
100
AcDbLine
 10
10.865474453611572
 20
5.223895455043878
 30
0.0
 11
10.991412785590896
 21
5.070120593636144
 31
0.0
  0
LINE
  5
97F
330
17
100
AcDbEntity
  8
ENGRAVE_POLARS
100
AcDbLine
 10
10.991412785590896
 20
5.070120593636144
 30
0.0
 11
11.115089699101535
 21
4.9169069999888
 31
0.0
  0
LINE
  5
980
330
17
100
AcDbEntity
  8
ENGRAVE_POLARS
100
AcDbLine
 10
11.115089699101535
 20
4.9169069999888
 30
0.0
 11
11.234883635110302
 21
4.766493931860247
 31
0.0
  0
LINE
  5
981
330
17
100
AcDbEntity
  8
ENGRAVE_POLARS
100
AcDbLine
 10
11.234883635110302
 20
4.766493931860247
 30
0.0
 11
11.349173034584002
 21
4.621120647008884
 31
0.0
  0
LINE
  5
982
330
17
100
AcDbEntity
  8
ENGRAVE_POLARS
100
AcDbLine
 10
11.349173034584002
 20
4.621120647008884
 30
0.0
 11
11.456336338489441
 21
4.483026403193108
 31
0.0
  0
LINE
  5
983
330
17
100
AcDbEntity
  8
ENGRAVE_POLARS
100
AcDbLine
 10
11.456336338489441
 20
4.483026403193108
 30
0.0
 11
11.554751987793425
 21
4.354450458171319
 31
0.0
  0
LINE
  5
984
330
17
100
AcDbEntity
  8
ENGRAVE_POLARS
100
AcDbLine
 10
11.554751987793425
 20
4.354450458171319
 30
0.0
 11
11.642798423462764
 21
4.237632069701915
 31
0.0
  0
LINE
  5
985
330
17
100
AcDbEntity
  8
ENGRAVE_POLARS
100
AcDbLine
 10
11.642798423462764
 20
4.237632069701915
 30
0.0
 11
11.720082871774895
 21
4.132492688925803
 31
0.0
  0
LINE
  5
986
330
17
100
AcDbEntity
  8
ENGRAVE_POLARS
100
AcDbLine
 10
11.720082871774895
 20
4.132492688925803
 30
0.0
 11
11.788124359306222
 21
4.036539503559849
 31
0.0
  0
LINE
  5
987
330
17
100
AcDbEntity
  8
ENGRAVE_POLARS
100
AcDbLine
 10
11.788124359306222
 20
4.036539503559849
 30
0.0
 11
11.848169027471986
 21
3.9483903762263974
 31
0.0
  0
LINE
  5
988
330
17
100
AcDbEntity
  8
ENGRAVE_POLARS
100
AcDbLine
 10
11.848169027471986
 20
3.9483903762263974
 30
0.0
 11
11.901463017687437
 21
3.8666631695477918
 31
0.0
  0
LINE
  5
989
330
17
100
AcDbEntity
  8
ENGRAVE_POLARS
100
AcDbLine
 10
11.901463017687437
 20
3.8666631695477918
 30
0.0
 11
11.949252471367819
 21
3.789975746146375
 31
0.0
  0
LINE
  5
98A
330
17
100
AcDbEntity
  8
ENGRAVE_POLARS
100
AcDbLine
 10
11.949252471367819
 20
3.789975746146375
 30
0.0
 11
11.992783529928383
 21
3.7169459686444912
 31
0.0
  0
LINE
  5
98B
330
17
100
AcDbEntity
  8
ENGRAVE_POLARS
100
AcDbLine
 10
11.992783529928383
 20
3.7169459686444912
 30
0.0
 11
12.03330233478437
 21
3.6461916996644814
 31
0.0
  0
LINE
  5
98C
330
17
100
AcDbEntity
  8
ENGRAVE_POLARS
100
AcDbLine
 10
12.03330233478437
 20
3.6461916996644814
 30
0.0
 11
12.072055027351029
 21
3.57633080182869
 31
0.0
  0
LINE
  5
98D
330
17
100
AcDbEntity
  8
ENGRAVE_POLARS
100
AcDbLine
 10
12.072055027351029
 20
3.57633080182869
 30
0.0
 11
12.110287749043607
 21
3.5059811377594623
 31
0.0
  0
LINE
  5
98E
330
17
100
AcDbEntity
  8
ENGRAVE_POLARS
100
AcDbLine
 10
12.110287749043607
 20
3.5059811377594623
 30
0.0
 11
12.149246641277353
 21
3.4337605700791385
 31
0.0
  0
LINE
  5
98F
330
17
100
AcDbEntity
  8
ENGRAVE_POLARS
100
AcDbLine
 10
12.149246641277353
 20
3.4337605700791385
 30
0.0
 11
12.190177845467506
 21
3.358286961410063
 31
0.0
  0
LINE
  5
990
330
17
100
AcDbEntity
  8
ENGRAVE_POLARS
100
AcDbLine
 10
12.190177845467506
 20
3.358286961410063
 30
0.0
 11
12.23432750302932
 21
3.2781781743745797
 31
0.0
  0
LINE
  5
991
330
17
100
AcDbEntity
  8
ENGRAVE_POLARS
100
AcDbLine
 10
12.23432750302932
 20
3.2781781743745797
 30
0.0
 11
12.279142938914081
 21
3.1987010304386403
 31
0.0
  0
LINE
  5
992
330
17
100
AcDbEntity
  8
ENGRAVE_POLARS
100
AcDbLine
 10
12.279142938914081
 20
3.1987010304386403
 30
0.0
 11
12.321640296546885
 21
3.1247149294925687
 31
0.0
  0
LINE
  5
993
330
17
100
AcDbEntity
  8
ENGRAVE_POLARS
100
AcDbLine
 10
12.321640296546885
 20
3.1247149294925687
 30
0.0
 11
12.362418945053692
 21
3.054226601795262
 31
0.0
  0
LINE
  5
994
330
17
100
AcDbEntity
  8
ENGRAVE_POLARS
100
AcDbLine
 10
12.362418945053692
 20
3.054226601795262
 30
0.0
 11
12.402078253560461
 21
2.9852427776056194
 31
0.0
  0
LINE
  5
995
330
17
100
AcDbEntity
  8
ENGRAVE_POLARS
100
AcDbLine
 10
12.402078253560461
 20
2.9852427776056194
 30
0.0
 11
12.441217591193148
 21
2.915770187182538
 31
0.0
  0
LINE
  5
996
330
17
100
AcDbEntity
  8
ENGRAVE_POLARS
100
AcDbLine
 10
12.441217591193148
 20
2.915770187182538
 30
0.0
 11
12.48043632707771
 21
2.843815560784918
 31
0.0
  0
LINE
  5
997
330
17
100
AcDbEntity
  8
ENGRAVE_POLARS
100
AcDbLine
 10
12.48043632707771
 20
2.843815560784918
 30
0.0
 11
12.520333830340109
 21
2.767385628671655
 31
0.0
  0
LINE
  5
998
330
17
100
AcDbEntity
  8
ENGRAVE_POLARS
100
AcDbLine
 10
12.520333830340109
 20
2.767385628671655
 30
0.0
 11
12.561509470106298
 21
2.6844871211016486
 31
0.0
  0
LINE
  5
999
330
17
100
AcDbEntity
  8
ENGRAVE_POLARS
100
AcDbLine
 10
12.561509470106298
 20
2.6844871211016486
 30
0.0
 11
12.604562615502243
 21
2.5931267683337977
 31
0.0
  0
LINE
  5
99A
330
17
100
AcDbEntity
  8
ENGRAVE_POLARS
100
AcDbLine
 10
12.604562615502243
 20
2.5931267683337977
 30
0.0
 11
12.650092635653893
 21
2.4913113006269993
 31
0.0
  0
LINE
  5
99B
330
17
100
AcDbEntity
  8
ENGRAVE_POLARS
100
AcDbLine
 10
12.650092635653893
 20
2.4913113006269993
 30
0.0
 11
12.698698899687207
 21
2.377047448240152
 31
0.0
  0
LINE
  5
99C
330
17
100
AcDbEntity
  8
ENGRAVE_POLARS
100
AcDbLine
 10
12.698698899687207
 20
2.377047448240152
 30
0.0
 11
12.750980776728152
 21
2.2483419414321535
 31
0.0
  0
LINE
  5
99D
330
17
100
AcDbEntity
  8
ENGRAVE_POLARS
100
AcDbLine
 10
12.750980776728152
 20
2.2483419414321535
 30
0.0
 11
12.809817724593657
 21
2.1120914857796893
 31
0.0
  0
LINE
  5
99E
330
17
100
AcDbEntity
  8
ENGRAVE_POLARS
100
AcDbLine
 10
12.809817724593657
 20
2.1120914857796893
 30
0.0
 11
12.876388268302547
 21
1.9748593700036692
 31
0.0
  0
LINE
  5
99F
330
17
100
AcDbEntity
  8
ENGRAVE_POLARS
100
AcDbLine
 10
12.876388268302547
 20
1.9748593700036692
 30
0.0
 11
12.94874037778361
 21
1.8341521990793301
 31
0.0
  0
LINE
  5
9A0
330
17
100
AcDbEntity
  8
ENGRAVE_POLARS
100
AcDbLine
 10
12.94874037778361
 20
1.8341521990793301
 30
0.0
 11
13.024922022965633
 21
1.6874765779819088
 31
0.0
  0
LINE
  5
9A1
330
17
100
AcDbEntity
  8
ENGRAVE_POLARS
100
AcDbLine
 10
13.024922022965633
 20
1.6874765779819088
 30
0.0
 11
13.102981173777408
 21
1.5323391116866425
 31
0.0
  0
LINE
  5
9A2
330
17
100
AcDbEntity
  8
ENGRAVE_POLARS
100
AcDbLine
 10
13.102981173777408
 20
1.5323391116866425
 30
0.0
 11
13.180965800147725
 21
1.3662464051687673
 31
0.0
  0
LINE
  5
9A3
330
17
100
AcDbEntity
  8
ENGRAVE_POLARS
100
AcDbLine
 10
13.180965800147725
 20
1.3662464051687673
 30
0.0
 11
13.256923872005366
 21
1.1867050634035206
 31
0.0
  0
LINE
  5
9A4
330
17
100
AcDbEntity
  8
ENGRAVE_POLARS
100
AcDbLine
 10
13.256923872005366
 20
1.1867050634035206
 30
0.0
 11
13.328903359279128
 21
0.9912216913661389
 31
0.0
  0
LINE
  5
9A5
330
17
100
AcDbEntity
  8
ENGRAVE_POLARS
100
AcDbLine
 10
13.328903359279128
 20
0.9912216913661389
 30
0.0
 11
13.394952231897795
 21
0.7773028940318596
 31
0.0
  0
LINE
  5
9A6
330
17
100
AcDbEntity
  8
ENGRAVE_POLARS
100
AcDbLine
 10
13.394952231897795
 20
0.7773028940318596
 30
0.0
 11
13.453118459790154
 21
0.5424552763759187
 31
0.0
  0
LINE
  5
9A7
330
17
100
AcDbEntity
  8
ENGRAVE_POLARS
100
AcDbLine
 10
13.453118459790154
 20
0.5424552763759187
 30
0.0
 11
13.501450012884996
 21
0.28418544337355345
 31
0.0
  0
LINE
  5
9A8
330
17
100
AcDbEntity
  8
ENGRAVE_POLARS
100
AcDbLine
 10
13.501450012884996
 20
0.28418544337355345
 30
0.0
 11
13.537994861111112
 21
8.28963103676652e-16
 31
0.0
  0
LINE
  5
9A9
330
17
100
AcDbEntity
  8
ENGRAVE_POLARS
100
AcDbLine
 10
13.537994861111112
 20
8.28963103676652e-16
 30
0.0
 11
13.561774091730125
 21
-0.3219108844889427
 31
0.0
  0
LINE
  5
9AA
330
17
100
AcDbEntity
  8
ENGRAVE_POLARS
100
AcDbLine
 10
13.561774091730125
 20
-0.3219108844889427
 30
0.0
 11
13.57429424762258
 21
-0.6863424896307556
 31
0.0
  0
LINE
  5
9AB
330
17
100
AcDbEntity
  8
ENGRAVE_POLARS
100
AcDbLine
 10
13.57429424762258
 20
-0.6863424896307556
 30
0.0
 11
13.577331482145627
 21
-1.085266383640114
 31
0.0
  0
LINE
  5
9AC
330
17
100
AcDbEntity
  8
ENGRAVE_POLARS
100
AcDbLine
 10
13.577331482145627
 20
-1.085266383640114
 30
0.0
 11
13.572661948656423
 21
-1.5106541347316944
 31
0.0
  0
LINE
  5
9AD
330
17
100
AcDbEntity
  8
ENGRAVE_POLARS
100
AcDbLine
 10
13.572661948656423
 20
-1.5106541347316944
 30
0.0
 11
13.56206180051213
 21
-1.9544773111201728
 31
0.0
  0
LINE
  5
9AE
330
17
100
AcDbEntity
  8
ENGRAVE_POLARS
100
AcDbLine
 10
13.56206180051213
 20
-1.9544773111201728
 30
0.0
 11
13.547307191069892
 21
-2.408707481020225
 31
0.0
  0
LINE
  5
9AF
330
17
100
AcDbEntity
  8
ENGRAVE_POLARS
100
AcDbLine
 10
13.547307191069892
 20
-2.408707481020225
 30
0.0
 11
13.530174273686875
 21
-2.865316212646528
 31
0.0
  0
LINE
  5
9B0
330
17
100
AcDbEntity
  8
ENGRAVE_POLARS
100
AcDbLine
 10
13.530174273686875
 20
-2.865316212646528
 30
0.0
 11
13.512439201720225
 21
-3.316275074213758
 31
0.0
  0
LINE
  5
9B1
330
17
100
AcDbEntity
  8
ENGRAVE_POLARS
100
AcDbLine
 10
13.512439201720225
 20
-3.316275074213758
 30
0.0
 11
13.495878128527108
 21
-3.753555633936591
 31
0.0
  0
LINE
  5
9B2
330
17
100
AcDbEntity
  8
ENGRAVE_POLARS
100
AcDbLine
 10
13.495878128527108
 20
-3.753555633936591
 30
0.0
 11
13.48226720746467
 21
-4.169129460029703
 31
0.0
  0
LINE
  5
9B3
330
17
100
AcDbEntity
  8
ENGRAVE_POLARS
100
AcDbLine
 10
13.48226720746467
 20
-4.169129460029703
 30
0.0
 11
13.473382591890072
 21
-4.554968120707771
 31
0.0
  0
LINE
  5
9B4
330
17
100
AcDbEntity
  8
ENGRAVE_POLARS
100
AcDbLine
 10
13.473382591890072
 20
-4.554968120707771
 30
0.0
 11
13.47100043516047
 21
-4.90304318418547
 31
0.0
  0
LINE
  5
9B5
330
17
100
AcDbEntity
  8
ENGRAVE_POLARS
100
AcDbLine
 10
13.47100043516047
 20
-4.90304318418547
 30
0.0
 11
13.474842250956929
 21
-5.20846020708958
 31
0.0
  0
LINE
  5
9B6
330
17
100
AcDbEntity
  8
ENGRAVE_POLARS
100
AcDbLine
 10
13.474842250956929
 20
-5.20846020708958
 30
0.0
 11
13.482793198868695
 21
-5.4768628328574955
 31
0.0
  0
LINE
  5
9B7
330
17
100
AcDbEntity
  8
ENGRAVE_POLARS
100
AcDbLine
 10
13.482793198868695
 20
-5.4768628328574955
 30
0.0
 11
13.493874901115172
 21
-5.716029759919813
 31
0.0
  0
LINE
  5
9B8
330
17
100
AcDbEntity
  8
ENGRAVE_POLARS
100
AcDbLine
 10
13.493874901115172
 20
-5.716029759919813
 30
0.0
 11
13.507108979915765
 21
-5.933739686707136
 31
0.0
  0
LINE
  5
9B9
330
17
100
AcDbEntity
  8
ENGRAVE_POLARS
100
AcDbLine
 10
13.507108979915765
 20
-5.933739686707136
 30
0.0
 11
13.521517057489891
 21
-6.137771311650061
 31
0.0
  0
LINE
  5
9BA
330
17
100
AcDbEntity
  8
ENGRAVE_POLARS
100
AcDbLine
 10
13.521517057489891
 20
-6.137771311650061
 30
0.0
 11
13.536120756056949
 21
-6.335903333179189
 31
0.0
  0
LINE
  5
9BB
330
17
100
AcDbEntity
  8
ENGRAVE_POLARS
100
AcDbLine
 10
13.536120756056949
 20
-6.335903333179189
 30
0.0
 11
13.549941697836351
 21
-6.5359144497251185
 31
0.0
  0
LINE
  5
9BC
330
17
100
AcDbEntity
  8
ENGRAVE_POLARS
100
AcDbLine
 10
13.549941697836351
 20
-6.5359144497251185
 30
0.0
 11
13.562001505047505
 21
-6.74558335971845
 31
0.0
  0
LINE
  5
9BD
330
17
100
AcDbEntity
  8
ENGRAVE_POLARS
100
AcDbLine
 10
13.562001505047505
 20
-6.74558335971845
 30
0.0
 11
13.57132179990982
 21
-6.972688761589781
 31
0.0
  0
LINE
  5
9BE
330
17
100
AcDbEntity
  8
ENGRAVE_POLARS
100
AcDbLine
 10
13.57132179990982
 20
-6.972688761589781
 30
0.0
 11
13.576924204642703
 21
-7.225009353769714
 31
0.0
  0
LINE
  5
9BF
330
17
100
AcDbEntity
  8
ENGRAVE_POLARS
100
AcDbLine
 10
13.576924204642703
 20
-7.225009353769714
 30
0.0
 11
13.57783034146556
 21
-7.510323834688844
 31
0.0
  0
LINE
  5
9C0
330
17
100
AcDbEntity
  8
ENGRAVE_POLARS
100
AcDbLine
 10
13.57783034146556
 20
-7.510323834688844
 30
0.0
 11
13.573061832597805
 21
-7.836410902777774
 31
0.0
  0
LINE
  5
9C1
330
17
100
AcDbEntity
  8
ENGRAVE_POLARS
100
AcDbLine
 10
13.573061832597805
 20
-7.836410902777774
 30
0.0
 11
13.565324657541462
 21
-8.211868715287325
 31
0.0
  0
LINE
  5
9C2
330
17
100
AcDbEntity
  8
ENGRAVE_POLARS
100
AcDbLine
 10
13.565324657541462
 20
-8.211868715287325
 30
0.0
 11
13.557408124467562
 21
-8.63368297399828
 31
0.0
  0
LINE
  5
9C3
330
17
100
AcDbEntity
  8
ENGRAVE_POLARS
100
AcDbLine
 10
13.557408124467562
 20
-8.63368297399828
 30
0.0
 11
13.548458848599008
 21
-9.092213694136166
 31
0.0
  0
LINE
  5
9C4
330
17
100
AcDbEntity
  8
ENGRAVE_POLARS
100
AcDbLine
 10
13.548458848599008
 20
-9.092213694136166
 30
0.0
 11
13.537623445158712
 21
-9.577820890926523
 31
0.0
  0
LINE
  5
9C5
330
17
100
AcDbEntity
  8
ENGRAVE_POLARS
100
AcDbLine
 10
13.537623445158712
 20
-9.577820890926523
 30
0.0
 11
13.524048529369573
 21
-10.08086457959488
 31
0.0
  0
LINE
  5
9C6
330
17
100
AcDbEntity
  8
ENGRAVE_POLARS
100
AcDbLine
 10
13.524048529369573
 20
-10.08086457959488
 30
0.0
 11
13.506880716454498
 21
-10.59170477536677
 31
0.0
  0
LINE
  5
9C7
330
17
100
AcDbEntity
  8
ENGRAVE_POLARS
100
AcDbLine
 10
13.506880716454498
 20
-10.59170477536677
 30
0.0
 11
13.485266621636397
 21
-11.100701493467724
 31
0.0
  0
LINE
  5
9C8
330
17
100
AcDbEntity
  8
ENGRAVE_POLARS
100
AcDbLine
 10
13.485266621636397
 20
-11.100701493467724
 30
0.0
 11
13.458352860138174
 21
-11.598214749123283
 31
0.0
  0
LINE
  5
9C9
330
17
100
AcDbEntity
  8
ENGRAVE_POLARS
100
AcDbLine
 10
13.458352860138174
 20
-11.598214749123283
 30
0.0
 11
13.425286047182736
 21
-12.074604557558972
 31
0.0
  0
LINE
  5
9CA
330
17
100
AcDbEntity
  8
ENGRAVE_POLARS
100
AcDbLine
 10
13.425286047182736
 20
-12.074604557558972
 30
0.0
 11
13.385212797992985
 21
-12.52023093400033
 31
0.0
  0
LINE
  5
9CB
330
17
100
AcDbEntity
  8
ENGRAVE_POLARS
100
AcDbLine
 10
13.385212797992985
 20
-12.52023093400033
 30
0.0
 11
13.33727972779183
 21
-12.925453893672882
 31
0.0
  0
LINE
  5
9CC
330
17
100
AcDbEntity
  8
ENGRAVE_POLARS
100
AcDbLine
 10
13.33727972779183
 20
-12.925453893672882
 30
0.0
 11
13.280633451802174
 21
-13.28063345180217
 31
0.0
  0
LINE
  5
9CD
330
17
100
AcDbEntity
  8
ENGRAVE_POLARS
100
AcDbLine
 10
13.280633451802174
 20
-13.28063345180217
 30
0.0
 11
13.220359596863409
 21
-13.596646129650752
 31
0.0
  0
LINE
  5
9CE
330
17
100
AcDbEntity
  8
ENGRAVE_POLARS
100
AcDbLine
 10
13.220359596863409
 20
-13.596646129650752
 30
0.0
 11
13.160625436175609
 21
-13.890929696866948
 31
0.0
  0
LINE
  5
9CF
330
17
100
AcDbEntity
  8
ENGRAVE_POLARS
100
AcDbLine
 10
13.160625436175609
 20
-13.890929696866948
 30
0.0
 11
13.099200054502713
 21
-14.163686041254934
 31
0.0
  0
LINE
  5
9D0
330
17
100
AcDbEntity
  8
ENGRAVE_POLARS
100
AcDbLine
 10
13.099200054502713
 20
-14.163686041254934
 30
0.0
 11
13.033852536608666
 21
-14.415117050618877
 31
0.0
  0
LINE
  5
9D1
330
17
100
AcDbEntity
  8
ENGRAVE_POLARS
100
AcDbLine
 10
13.033852536608666
 20
-14.415117050618877
 30
0.0
 11
12.9623519672574
 21
-14.645424612762955
 31
0.0
  0
LINE
  5
9D2
330
17
100
AcDbEntity
  8
ENGRAVE_POLARS
100
AcDbLine
 10
12.9623519672574
 20
-14.645424612762955
 30
0.0
 11
12.882467431212856
 21
-14.854810615491338
 31
0.0
  0
LINE
  5
9D3
330
17
100
AcDbEntity
  8
ENGRAVE_POLARS
100
AcDbLine
 10
12.882467431212856
 20
-14.854810615491338
 30
0.0
 11
12.791968013238971
 21
-15.043476946608198
 31
0.0
  0
LINE
  5
9D4
330
17
100
AcDbEntity
  8
ENGRAVE_POLARS
100
AcDbLine
 10
12.791968013238971
 20
-15.043476946608198
 30
0.0
 11
12.688622798099688
 21
-15.211625493917712
 31
0.0
  0
LINE
  5
9D5
330
17
100
AcDbEntity
  8
ENGRAVE_POLARS
100
AcDbLine
 10
12.688622798099688
 20
-15.211625493917712
 30
0.0
 11
12.570200870558947
 21
-15.359458145224048
 31
0.0
  0
LINE
  5
9D6
330
17
100
AcDbEntity
  8
ENGRAVE_POLARS
100
AcDbLine
 10
12.570200870558947
 20
-15.359458145224048
 30
0.0
 11
12.434471315380684
 21
-15.48717678833138
 31
0.0
  0
LINE
  5
9D7
330
17
100
AcDbEntity
  8
ENGRAVE_POLARS
100
AcDbLine
 10
12.434471315380684
 20
-15.48717678833138
 30
0.0
 11
12.279203217328838
 21
-15.594983311043881
 31
0.0
  0
LINE
  5
9D8
330
17
100
AcDbEntity
  8
ENGRAVE_POLARS
100
AcDbLine
 10
12.279203217328838
 20
-15.594983311043881
 30
0.0
 11
12.10216566116735
 21
-15.683079601165726
 31
0.0
  0
LINE
  5
9D9
330
17
100
AcDbEntity
  8
ENGRAVE_POLARS
100
AcDbLine
 10
12.10216566116735
 20
-15.683079601165726
 30
0.0
 11
11.903649636737208
 21
-15.74148595853572
 31
0.0
  0
LINE
  5
9DA
330
17
100
AcDbEntity
  8
ENGRAVE_POLARS
100
AcDbLine
 10
11.903649636737208
 20
-15.74148595853572
 30
0.0
 11
11.686274045103836
 21
-15.763631423628553
 31
0.0
  0
LINE
  5
9DB
330
17
100
AcDbEntity
  8
ENGRAVE_POLARS
100
AcDbLine
 10
11.686274045103836
 20
-15.763631423628553
 30
0.0
 11
11.451299837867827
 21
-15.754830995202221
 31
0.0
  0
LINE
  5
9DC
330
17
100
AcDbEntity
  8
ENGRAVE_POLARS
100
AcDbLine
 10
11.451299837867827
 20
-15.754830995202221
 30
0.0
 11
11.199987966629768
 21
-15.720399672014716
 31
0.0
  0
LINE
  5
9DD
330
17
100
AcDbEntity
  8
ENGRAVE_POLARS
100
AcDbLine
 10
11.199987966629768
 20
-15.720399672014716
 30
0.0
 11
10.93359938299025
 21
-15.66565245282404
 31
0.0
  0
LINE
  5
9DE
330
17
100
AcDbEntity
  8
ENGRAVE_POLARS
100
AcDbLine
 10
10.93359938299025
 20
-15.66565245282404
 30
0.0
 11
10.65339503854986
 21
-15.595904336388177
 31
0.0
  0
LINE
  5
9DF
330
17
100
AcDbEntity
  8
ENGRAVE_POLARS
100
AcDbLine
 10
10.65339503854986
 20
-15.595904336388177
 30
0.0
 11
10.360635884909184
 21
-15.516470321465128
 31
0.0
  0
LINE
  5
9E0
330
17
100
AcDbEntity
  8
ENGRAVE_POLARS
100
AcDbLine
 10
10.360635884909184
 20
-15.516470321465128
 30
0.0
 11
10.05658287366882
 21
-15.432665406812887
 31
0.0
  0
LINE
  5
9E1
330
17
100
AcDbEntity
  8
ENGRAVE_POLARS
100
AcDbLine
 10
10.05658287366882
 20
-15.432665406812887
 30
0.0
 11
9.742496956429353
 21
-15.34980459118945
 31
0.0
  0
LINE
  5
9E2
330
17
100
AcDbEntity
  8
ENGRAVE_POLARS
100
AcDbLine
 10
9.742496956429353
 20
-15.34980459118945
 30
0.0
 11
9.41963908479137
 21
-15.27320287335281
 31
0.0
  0
LINE
  5
9E3
330
17
100
AcDbEntity
  8
ENGRAVE_POLARS
100
AcDbLine
 10
9.41963908479137
 20
-15.27320287335281
 30
0.0
 11
9.089270210355462
 21
-15.20817525206096
 31
0.0
  0
LINE
  5
9E4
330
17
100
AcDbEntity
  8
ENGRAVE_POLARS
100
AcDbLine
 10
9.089270210355462
 20
-15.20817525206096
 30
0.0
 11
8.752651284722221
 21
-15.1600367260719
 31
0.0
  0
LINE
  5
9E5
330
17
100
AcDbEntity
  8
ENGRAVE_POLARS
100
AcDbLine
 10
8.752651284722221
 20
-15.1600367260719
 30
0.0
 11
8.401052366250681
 21
-15.122419787032877
 31
0.0
  0
LINE
  5
9E6
330
17
100
AcDbEntity
  8
ENGRAVE_POLARS
100
AcDbLine
 10
8.401052366250681
 20
-15.122419787032877
 30
0.0
 11
8.027542453968683
 21
-15.08547420371071
 31
0.0
  0
LINE
  5
9E7
330
17
100
AcDbEntity
  8
ENGRAVE_POLARS
100
AcDbLine
 10
8.027542453968683
 20
-15.08547420371071
 30
0.0
 11
7.636080910480008
 21
-15.049290890542704
 31
0.0
  0
LINE
  5
9E8
330
17
100
AcDbEntity
  8
ENGRAVE_POLARS
100
AcDbLine
 10
7.636080910480008
 20
-15.049290890542704
 30
0.0
 11
7.230627098388442
 21
-15.013960761966182
 31
0.0
  0
LINE
  5
9E9
330
17
100
AcDbEntity
  8
ENGRAVE_POLARS
100
AcDbLine
 10
7.230627098388442
 20
-15.013960761966182
 30
0.0
 11
6.815140380297777
 21
-14.979574732418465
 31
0.0
  0
LINE
  5
9EA
330
17
100
AcDbEntity
  8
ENGRAVE_POLARS
100
AcDbLine
 10
6.815140380297777
 20
-14.979574732418465
 30
0.0
 11
6.3935801188117924
 21
-14.946223716336865
 31
0.0
  0
LINE
  5
9EB
330
17
100
AcDbEntity
  8
ENGRAVE_POLARS
100
AcDbLine
 10
6.3935801188117924
 20
-14.946223716336865
 30
0.0
 11
5.969905676534276
 21
-14.913998628158705
 31
0.0
  0
LINE
  5
9EC
330
17
100
AcDbEntity
  8
ENGRAVE_POLARS
100
AcDbLine
 10
5.969905676534276
 20
-14.913998628158705
 30
0.0
 11
5.548076416069014
 21
-14.882990382321303
 31
0.0
  0
LINE
  5
9ED
330
17
100
AcDbEntity
  8
ENGRAVE_POLARS
100
AcDbLine
 10
5.548076416069014
 20
-14.882990382321303
 30
0.0
 11
5.132051700019794
 21
-14.853289893261978
 31
0.0
  0
LINE
  5
9EE
330
17
100
AcDbEntity
  8
ENGRAVE_POLARS
100
AcDbLine
 10
5.132051700019794
 20
-14.853289893261978
 30
0.0
 11
4.725790890990398
 21
-14.824988075418046
 31
0.0
  0
LINE
  5
9EF
330
17
100
AcDbEntity
  8
ENGRAVE_POLARS
100
AcDbLine
 10
4.725790890990398
 20
-14.824988075418046
 30
0.0
 11
4.333253351584614
 21
-14.798175843226824
 31
0.0
  0
LINE
  5
9F0
330
17
100
AcDbEntity
  8
ENGRAVE_POLARS
100
AcDbLine
 10
4.333253351584614
 20
-14.798175843226824
 30
0.0
 11
3.9583984444062277
 21
-14.772944111125634
 31
0.0
  0
LINE
  5
9F1
330
17
100
AcDbEntity
  8
ENGRAVE_POLARS
100
AcDbLine
 10
3.9583984444062277
 20
-14.772944111125634
 30
0.0
 11
3.5866682601520194
 21
-14.749153523702802
 31
0.0
  0
LINE
  5
9F2
330
17
100
AcDbEntity
  8
ENGRAVE_POLARS
100
AcDbLine
 10
3.5866682601520194
 20
-14.749153523702802
 30
0.0
 11
3.2044793700612657
 21
-14.726616220855648
 31
0.0
  0
LINE
  5
9F3
330
17
100
AcDbEntity
  8
ENGRAVE_POLARS
100
AcDbLine
 10
3.2044793700612657
 20
-14.726616220855648
 30
0.0
 11
2.817252857551495
 21
-14.705350359984969
 31
0.0
  0
LINE
  5
9F4
330
17
100
AcDbEntity
  8
ENGRAVE_POLARS
100
AcDbLine
 10
2.817252857551495
 20
-14.705350359984969
 30
0.0
 11
2.430409806040235
 21
-14.685374098491565
 31
0.0
  0
LINE
  5
9F5
330
17
100
AcDbEntity
  8
ENGRAVE_POLARS
100
AcDbLine
 10
2.430409806040235
 20
-14.685374098491565
 30
0.0
 11
2.049371298945016
 21
-14.666705593776241
 31
0.0
  0
LINE
  5
9F6
330
17
100
AcDbEntity
  8
ENGRAVE_POLARS
100
AcDbLine
 10
2.049371298945016
 20
-14.666705593776241
 30
0.0
 11
1.679558419683365
 21
-14.649363003239786
 31
0.0
  0
LINE
  5
9F7
330
17
100
AcDbEntity
  8
ENGRAVE_POLARS
100
AcDbLine
 10
1.679558419683365
 20
-14.649363003239786
 30
0.0
 11
1.326392251672811
 21
-14.633364484283007
 31
0.0
  0
LINE
  5
9F8
330
17
100
AcDbEntity
  8
ENGRAVE_POLARS
100
AcDbLine
 10
1.326392251672811
 20
-14.633364484283007
 30
0.0
 11
0.9952938783308831
 21
-14.618728194306705
 31
0.0
  0
LINE
  5
9F9
330
17
100
AcDbEntity
  8
ENGRAVE_POLARS
100
AcDbLine
 10
0.9952938783308831
 20
-14.618728194306705
 30
0.0
 11
0.6916843830751104
 21
-14.605472290711674
 31
0.0
  0
LINE
  5
9FA
330
17
100
AcDbEntity
  8
ENGRAVE_POLARS
100
AcDbLine
 10
0.6916843830751104
 20
-14.605472290711674
 30
0.0
 11
0.4209848493230197
 21
-14.593614930898719
 31
0.0
  0
LINE
  5
9FB
330
17
100
AcDbEntity
  8
ENGRAVE_POLARS
100
AcDbLine
 10
0.4209848493230197
 20
-14.593614930898719
 30
0.0
 11
0.18861636049214045
 21
-14.583174272268632
 31
0.0
  0
LINE
  5
9FC
330
17
100
AcDbEntity
  8
ENGRAVE_POLARS
100
AcDbLine
 10
0.18861636049214045
 20
-14.583174272268632
 30
0.0
 11
1.7848208769741216e-15
 21
-14.574168472222222
 31
0.0
  0
LINE
  5
9FD
330
17
100
AcDbEntity
  8
ENGRAVE_POLARS
100
AcDbLine
 10
-6.75261358857051
 20
7.857209296312617
 30
0.0
 11
-6.865222361098222
 21
7.8188891241317515
 31
0.0
  0
LINE
  5
9FE
330
17
100
AcDbEntity
  8
ENGRAVE_POLARS
100
AcDbLine
 10
-6.865222361098222
 20
7.8188891241317515
 30
0.0
 11
-7.0106495297399105
 21
7.772288295250327
 31
0.0
  0
LINE
  5
9FF
330
17
100
AcDbEntity
  8
ENGRAVE_POLARS
100
AcDbLine
 10
-7.0106495297399105
 20
7.772288295250327
 30
0.0
 11
-7.183194483049549
 21
7.718284400029064
 31
0.0
  0
LINE
  5
A00
330
17
100
AcDbEntity
  8
ENGRAVE_POLARS
100
AcDbLine
 10
-7.183194483049549
 20
7.718284400029064
 30
0.0
 11
-7.377156609581111
 21
7.657755028828687
 31
0.0
  0
LINE
  5
A01
330
17
100
AcDbEntity
  8
ENGRAVE_POLARS
100
AcDbLine
 10
-7.377156609581111
 20
7.657755028828687
 30
0.0
 11
-7.586835297888572
 21
7.59157777200992
 31
0.0
  0
LINE
  5
A02
330
17
100
AcDbEntity
  8
ENGRAVE_POLARS
100
AcDbLine
 10
-7.586835297888572
 20
7.59157777200992
 30
0.0
 11
-7.8065299365259015
 21
7.5206302199334845
 31
0.0
  0
LINE
  5
A03
330
17
100
AcDbEntity
  8
ENGRAVE_POLARS
100
AcDbLine
 10
-7.8065299365259015
 20
7.5206302199334845
 30
0.0
 11
-8.030539914047072
 21
7.445789962960106
 31
0.0
  0
LINE
  5
A04
330
17
100
AcDbEntity
  8
ENGRAVE_POLARS
100
AcDbLine
 10
-8.030539914047072
 20
7.445789962960106
 30
0.0
 11
-8.253164619006062
 21
7.3679345914505046
 31
0.0
  0
LINE
  5
A05
330
17
100
AcDbEntity
  8
ENGRAVE_POLARS
100
AcDbLine
 10
-8.253164619006062
 20
7.3679345914505046
 30
0.0
 11
-8.468703439956842
 21
7.287941695765408
 31
0.0
  0
LINE
  5
A06
330
17
100
AcDbEntity
  8
ENGRAVE_POLARS
100
AcDbLine
 10
-8.468703439956842
 20
7.287941695765408
 30
0.0
 11
-8.671455765453384
 21
7.206688866265536
 31
0.0
  0
LINE
  5
A07
330
17
100
AcDbEntity
  8
ENGRAVE_POLARS
100
AcDbLine
 10
-8.671455765453384
 20
7.206688866265536
 30
0.0
 11
-8.85572098404966
 21
7.125053693311613
 31
0.0
  0
LINE
  5
A08
330
17
100
AcDbEntity
  8
ENGRAVE_POLARS
100
AcDbLine
 10
-8.85572098404966
 20
7.125053693311613
 30
0.0
 11
-9.015798484299648
 21
7.043913767264362
 31
0.0
  0
LINE
  5
A09
330
17
100
AcDbEntity
  8
ENGRAVE_POLARS
100
AcDbLine
 10
-9.015798484299648
 20
7.043913767264362
 30
0.0
 11
-9.154641337070997
 21
6.96306093934419
 31
0.0
  0
LINE
  5
A0A
330
17
100
AcDbEntity
  8
ENGRAVE_POLARS
100
AcDbLine
 10
-9.154641337070997
 20
6.96306093934419
 30
0.0
 11
-9.2803476181297
 21
6.881405379934202
 31
0.0
  0
LINE
  5
A0B
330
17
100
AcDbEntity
  8
ENGRAVE_POLARS
100
AcDbLine
 10
-9.2803476181297
 20
6.881405379934202
 30
0.0
 11
-9.394934223377236
 21
6.79850215813917
 31
0.0
  0
LINE
  5
A0C
330
17
100
AcDbEntity
  8
ENGRAVE_POLARS
100
AcDbLine
 10
-9.394934223377236
 20
6.79850215813917
 30
0.0
 11
-9.500418048715082
 21
6.713906343063869
 31
0.0
  0
LINE
  5
A0D
330
17
100
AcDbEntity
  8
ENGRAVE_POLARS
100
AcDbLine
 10
-9.500418048715082
 20
6.713906343063869
 30
0.0
 11
-9.598815990044718
 21
6.627173003813071
 31
0.0
  0
LINE
  5
A0E
330
17
100
AcDbEntity
  8
ENGRAVE_POLARS
100
AcDbLine
 10
-9.598815990044718
 20
6.627173003813071
 30
0.0
 11
-9.692144943267621
 21
6.537857209491546
 31
0.0
  0
LINE
  5
A0F
330
17
100
AcDbEntity
  8
ENGRAVE_POLARS
100
AcDbLine
 10
-9.692144943267621
 20
6.537857209491546
 30
0.0
 11
-9.782421804285272
 21
6.445514029204069
 31
0.0
  0
LINE
  5
A10
330
17
100
AcDbEntity
  8
ENGRAVE_POLARS
100
AcDbLine
 10
-9.782421804285272
 20
6.445514029204069
 30
0.0
 11
-9.87166346899915
 21
6.349698532055413
 31
0.0
  0
LINE
  5
A11
330
17
100
AcDbEntity
  8
ENGRAVE_POLARS
100
AcDbLine
 10
-9.87166346899915
 20
6.349698532055413
 30
0.0
 11
-9.96188683331073
 21
6.249965787150351
 31
0.0
  0
LINE
  5
A12
330
17
100
AcDbEntity
  8
ENGRAVE_POLARS
100
AcDbLine
 10
-9.96188683331073
 20
6.249965787150351
 30
0.0
 11
-10.055108793121496
 21
6.145870863593653
 31
0.0
  0
LINE
  5
A13
330
17
100
AcDbEntity
  8
ENGRAVE_POLARS
100
AcDbLine
 10
-10.055108793121496
 20
6.145870863593653
 30
0.0
 11
-10.153346244332923
 21
6.0369688304900935
 31
0.0
  0
LINE
  5
A14
330
17
100
AcDbEntity
  8
ENGRAVE_POLARS
100
AcDbLine
 10
-10.153346244332923
 20
6.0369688304900935
 30
0.0
 11
-10.258616082846489
 21
5.922814756944446
 31
0.0
  0
LINE
  5
A15
330
17
100
AcDbEntity
  8
ENGRAVE_POLARS
100
AcDbLine
 10
-10.258616082846489
 20
5.922814756944446
 30
0.0
 11
-10.371538121671325
 21
5.799822423110741
 31
0.0
  0
LINE
  5
A16
330
17
100
AcDbEntity
  8
ENGRAVE_POLARS
100
AcDbLine
 10
-10.371538121671325
 20
5.799822423110741
 30
0.0
 11
-10.490306537193444
 21
5.666195068245434
 31
0.0
  0
LINE
  5
A17
330
17
100
AcDbEntity
  8
ENGRAVE_POLARS
100
AcDbLine
 10
-10.490306537193444
 20
5.666195068245434
 30
0.0
 11
-10.613299770379653
 21
5.524171950106923
 31
0.0
  0
LINE
  5
A18
330
17
100
AcDbEntity
  8
ENGRAVE_POLARS
100
AcDbLine
 10
-10.613299770379653
 20
5.524171950106923
 30
0.0
 11
-10.738896262196759
 21
5.375992326453603
 31
0.0
  0
LINE
  5
A19
330
17
100
AcDbEntity
  8
ENGRAVE_POLARS
100
AcDbLine
 10
-10.738896262196759
 20
5.375992326453603
 30
0.0
 11
-10.865474453611572
 21
5.223895455043878
 31
0.0
  0
LINE
  5
A1A
330
17
100
AcDbEntity
  8
ENGRAVE_POLARS
100
AcDbLine
 10
-10.865474453611572
 20
5.223895455043878
 30
0.0
 11
-10.991412785590896
 21
5.070120593636144
 31
0.0
  0
LINE
  5
A1B
330
17
100
AcDbEntity
  8
ENGRAVE_POLARS
100
AcDbLine
 10
-10.991412785590896
 20
5.070120593636144
 30
0.0
 11
-11.115089699101535
 21
4.9169069999888
 31
0.0
  0
LINE
  5
A1C
330
17
100
AcDbEntity
  8
ENGRAVE_POLARS
100
AcDbLine
 10
-11.115089699101535
 20
4.9169069999888
 30
0.0
 11
-11.234883635110302
 21
4.766493931860247
 31
0.0
  0
LINE
  5
A1D
330
17
100
AcDbEntity
  8
ENGRAVE_POLARS
100
AcDbLine
 10
-11.234883635110302
 20
4.766493931860247
 30
0.0
 11
-11.349173034584002
 21
4.621120647008884
 31
0.0
  0
LINE
  5
A1E
330
17
100
AcDbEntity
  8
ENGRAVE_POLARS
100
AcDbLine
 10
-11.349173034584002
 20
4.621120647008884
 30
0.0
 11
-11.456336338489441
 21
4.483026403193108
 31
0.0
  0
LINE
  5
A1F
330
17
100
AcDbEntity
  8
ENGRAVE_POLARS
100
AcDbLine
 10
-11.456336338489441
 20
4.483026403193108
 30
0.0
 11
-11.554751987793425
 21
4.354450458171319
 31
0.0
  0
LINE
  5
A20
330
17
100
AcDbEntity
  8
ENGRAVE_POLARS
100
AcDbLine
 10
-11.554751987793425
 20
4.354450458171319
 30
0.0
 11
-11.642798423462764
 21
4.237632069701915
 31
0.0
  0
LINE
  5
A21
330
17
100
AcDbEntity
  8
ENGRAVE_POLARS
100
AcDbLine
 10
-11.642798423462764
 20
4.237632069701915
 30
0.0
 11
-11.720082871774895
 21
4.132492688925803
 31
0.0
  0
LINE
  5
A22
330
17
100
AcDbEntity
  8
ENGRAVE_POLARS
100
AcDbLine
 10
-11.720082871774895
 20
4.132492688925803
 30
0.0
 11
-11.788124359306222
 21
4.036539503559849
 31
0.0
  0
LINE
  5
A23
330
17
100
AcDbEntity
  8
ENGRAVE_POLARS
100
AcDbLine
 10
-11.788124359306222
 20
4.036539503559849
 30
0.0
 11
-11.848169027471986
 21
3.9483903762263974
 31
0.0
  0
LINE
  5
A24
330
17
100
AcDbEntity
  8
ENGRAVE_POLARS
100
AcDbLine
 10
-11.848169027471986
 20
3.9483903762263974
 30
0.0
 11
-11.901463017687437
 21
3.8666631695477918
 31
0.0
  0
LINE
  5
A25
330
17
100
AcDbEntity
  8
ENGRAVE_POLARS
100
AcDbLine
 10
-11.901463017687437
 20
3.8666631695477918
 30
0.0
 11
-11.949252471367819
 21
3.789975746146375
 31
0.0
  0
LINE
  5
A26
330
17
100
AcDbEntity
  8
ENGRAVE_POLARS
100
AcDbLine
 10
-11.949252471367819
 20
3.789975746146375
 30
0.0
 11
-11.992783529928383
 21
3.7169459686444912
 31
0.0
  0
LINE
  5
A27
330
17
100
AcDbEntity
  8
ENGRAVE_POLARS
100
AcDbLine
 10
-11.992783529928383
 20
3.7169459686444912
 30
0.0
 11
-12.03330233478437
 21
3.6461916996644814
 31
0.0
  0
LINE
  5
A28
330
17
100
AcDbEntity
  8
ENGRAVE_POLARS
100
AcDbLine
 10
-12.03330233478437
 20
3.6461916996644814
 30
0.0
 11
-12.072055027351029
 21
3.57633080182869
 31
0.0
  0
LINE
  5
A29
330
17
100
AcDbEntity
  8
ENGRAVE_POLARS
100
AcDbLine
 10
-12.072055027351029
 20
3.57633080182869
 30
0.0
 11
-12.110287749043607
 21
3.5059811377594623
 31
0.0
  0
LINE
  5
A2A
330
17
100
AcDbEntity
  8
ENGRAVE_POLARS
100
AcDbLine
 10
-12.110287749043607
 20
3.5059811377594623
 30
0.0
 11
-12.149246641277353
 21
3.4337605700791385
 31
0.0
  0
LINE
  5
A2B
330
17
100
AcDbEntity
  8
ENGRAVE_POLARS
100
AcDbLine
 10
-12.149246641277353
 20
3.4337605700791385
 30
0.0
 11
-12.190177845467506
 21
3.358286961410063
 31
0.0
  0
LINE
  5
A2C
330
17
100
AcDbEntity
  8
ENGRAVE_POLARS
100
AcDbLine
 10
-12.190177845467506
 20
3.358286961410063
 30
0.0
 11
-12.23432750302932
 21
3.2781781743745797
 31
0.0
  0
LINE
  5
A2D
330
17
100
AcDbEntity
  8
ENGRAVE_POLARS
100
AcDbLine
 10
-12.23432750302932
 20
3.2781781743745797
 30
0.0
 11
-12.279142938914081
 21
3.1987010304386403
 31
0.0
  0
LINE
  5
A2E
330
17
100
AcDbEntity
  8
ENGRAVE_POLARS
100
AcDbLine
 10
-12.279142938914081
 20
3.1987010304386403
 30
0.0
 11
-12.321640296546885
 21
3.1247149294925687
 31
0.0
  0
LINE
  5
A2F
330
17
100
AcDbEntity
  8
ENGRAVE_POLARS
100
AcDbLine
 10
-12.321640296546885
 20
3.1247149294925687
 30
0.0
 11
-12.362418945053692
 21
3.054226601795262
 31
0.0
  0
LINE
  5
A30
330
17
100
AcDbEntity
  8
ENGRAVE_POLARS
100
AcDbLine
 10
-12.362418945053692
 20
3.054226601795262
 30
0.0
 11
-12.402078253560461
 21
2.9852427776056194
 31
0.0
  0
LINE
  5
A31
330
17
100
AcDbEntity
  8
ENGRAVE_POLARS
100
AcDbLine
 10
-12.402078253560461
 20
2.9852427776056194
 30
0.0
 11
-12.441217591193148
 21
2.915770187182538
 31
0.0
  0
LINE
  5
A32
330
17
100
AcDbEntity
  8
ENGRAVE_POLARS
100
AcDbLine
 10
-12.441217591193148
 20
2.915770187182538
 30
0.0
 11
-12.48043632707771
 21
2.843815560784918
 31
0.0
  0
LINE
  5
A33
330
17
100
AcDbEntity
  8
ENGRAVE_POLARS
100
AcDbLine
 10
-12.48043632707771
 20
2.843815560784918
 30
0.0
 11
-12.520333830340109
 21
2.767385628671655
 31
0.0
  0
LINE
  5
A34
330
17
100
AcDbEntity
  8
ENGRAVE_POLARS
100
AcDbLine
 10
-12.520333830340109
 20
2.767385628671655
 30
0.0
 11
-12.561509470106298
 21
2.6844871211016486
 31
0.0
  0
LINE
  5
A35
330
17
100
AcDbEntity
  8
ENGRAVE_POLARS
100
AcDbLine
 10
-12.561509470106298
 20
2.6844871211016486
 30
0.0
 11
-12.604562615502243
 21
2.5931267683337977
 31
0.0
  0
LINE
  5
A36
330
17
100
AcDbEntity
  8
ENGRAVE_POLARS
100
AcDbLine
 10
-12.604562615502243
 20
2.5931267683337977
 30
0.0
 11
-12.650092635653893
 21
2.4913113006269993
 31
0.0
  0
LINE
  5
A37
330
17
100
AcDbEntity
  8
ENGRAVE_POLARS
100
AcDbLine
 10
-12.650092635653893
 20
2.4913113006269993
 30
0.0
 11
-12.698698899687207
 21
2.377047448240152
 31
0.0
  0
LINE
  5
A38
330
17
100
AcDbEntity
  8
ENGRAVE_POLARS
100
AcDbLine
 10
-12.698698899687207
 20
2.377047448240152
 30
0.0
 11
-12.750980776728152
 21
2.2483419414321535
 31
0.0
  0
LINE
  5
A39
330
17
100
AcDbEntity
  8
ENGRAVE_POLARS
100
AcDbLine
 10
-12.750980776728152
 20
2.2483419414321535
 30
0.0
 11
-12.809817724593657
 21
2.1120914857796893
 31
0.0
  0
LINE
  5
A3A
330
17
100
AcDbEntity
  8
ENGRAVE_POLARS
100
AcDbLine
 10
-12.809817724593657
 20
2.1120914857796893
 30
0.0
 11
-12.876388268302547
 21
1.9748593700036692
 31
0.0
  0
LINE
  5
A3B
330
17
100
AcDbEntity
  8
ENGRAVE_POLARS
100
AcDbLine
 10
-12.876388268302547
 20
1.9748593700036692
 30
0.0
 11
-12.94874037778361
 21
1.8341521990793301
 31
0.0
  0
LINE
  5
A3C
330
17
100
AcDbEntity
  8
ENGRAVE_POLARS
100
AcDbLine
 10
-12.94874037778361
 20
1.8341521990793301
 30
0.0
 11
-13.024922022965633
 21
1.6874765779819088
 31
0.0
  0
LINE
  5
A3D
330
17
100
AcDbEntity
  8
ENGRAVE_POLARS
100
AcDbLine
 10
-13.024922022965633
 20
1.6874765779819088
 30
0.0
 11
-13.102981173777408
 21
1.5323391116866425
 31
0.0
  0
LINE
  5
A3E
330
17
100
AcDbEntity
  8
ENGRAVE_POLARS
100
AcDbLine
 10
-13.102981173777408
 20
1.5323391116866425
 30
0.0
 11
-13.180965800147725
 21
1.3662464051687673
 31
0.0
  0
LINE
  5
A3F
330
17
100
AcDbEntity
  8
ENGRAVE_POLARS
100
AcDbLine
 10
-13.180965800147725
 20
1.3662464051687673
 30
0.0
 11
-13.256923872005366
 21
1.1867050634035206
 31
0.0
  0
LINE
  5
A40
330
17
100
AcDbEntity
  8
ENGRAVE_POLARS
100
AcDbLine
 10
-13.256923872005366
 20
1.1867050634035206
 30
0.0
 11
-13.328903359279128
 21
0.9912216913661389
 31
0.0
  0
LINE
  5
A41
330
17
100
AcDbEntity
  8
ENGRAVE_POLARS
100
AcDbLine
 10
-13.328903359279128
 20
0.9912216913661389
 30
0.0
 11
-13.394952231897795
 21
0.7773028940318596
 31
0.0
  0
LINE
  5
A42
330
17
100
AcDbEntity
  8
ENGRAVE_POLARS
100
AcDbLine
 10
-13.394952231897795
 20
0.7773028940318596
 30
0.0
 11
-13.453118459790154
 21
0.5424552763759187
 31
0.0
  0
LINE
  5
A43
330
17
100
AcDbEntity
  8
ENGRAVE_POLARS
100
AcDbLine
 10
-13.453118459790154
 20
0.5424552763759187
 30
0.0
 11
-13.501450012884996
 21
0.28418544337355345
 31
0.0
  0
LINE
  5
A44
330
17
100
AcDbEntity
  8
ENGRAVE_POLARS
100
AcDbLine
 10
-13.501450012884996
 20
0.28418544337355345
 30
0.0
 11
-13.537994861111112
 21
8.28963103676652e-16
 31
0.0
  0
LINE
  5
A45
330
17
100
AcDbEntity
  8
ENGRAVE_POLARS
100
AcDbLine
 10
-13.537994861111112
 20
8.28963103676652e-16
 30
0.0
 11
-13.561774091730125
 21
-0.3219108844889427
 31
0.0
  0
LINE
  5
A46
330
17
100
AcDbEntity
  8
ENGRAVE_POLARS
100
AcDbLine
 10
-13.561774091730125
 20
-0.3219108844889427
 30
0.0
 11
-13.57429424762258
 21
-0.6863424896307556
 31
0.0
  0
LINE
  5
A47
330
17
100
AcDbEntity
  8
ENGRAVE_POLARS
100
AcDbLine
 10
-13.57429424762258
 20
-0.6863424896307556
 30
0.0
 11
-13.577331482145627
 21
-1.085266383640114
 31
0.0
  0
LINE
  5
A48
330
17
100
AcDbEntity
  8
ENGRAVE_POLARS
100
AcDbLine
 10
-13.577331482145627
 20
-1.085266383640114
 30
0.0
 11
-13.572661948656423
 21
-1.5106541347316944
 31
0.0
  0
LINE
  5
A49
330
17
100
AcDbEntity
  8
ENGRAVE_POLARS
100
AcDbLine
 10
-13.572661948656423
 20
-1.5106541347316944
 30
0.0
 11
-13.56206180051213
 21
-1.9544773111201728
 31
0.0
  0
LINE
  5
A4A
330
17
100
AcDbEntity
  8
ENGRAVE_POLARS
100
AcDbLine
 10
-13.56206180051213
 20
-1.9544773111201728
 30
0.0
 11
-13.547307191069892
 21
-2.408707481020225
 31
0.0
  0
LINE
  5
A4B
330
17
100
AcDbEntity
  8
ENGRAVE_POLARS
100
AcDbLine
 10
-13.547307191069892
 20
-2.408707481020225
 30
0.0
 11
-13.530174273686875
 21
-2.865316212646528
 31
0.0
  0
LINE
  5
A4C
330
17
100
AcDbEntity
  8
ENGRAVE_POLARS
100
AcDbLine
 10
-13.530174273686875
 20
-2.865316212646528
 30
0.0
 11
-13.512439201720225
 21
-3.316275074213758
 31
0.0
  0
LINE
  5
A4D
330
17
100
AcDbEntity
  8
ENGRAVE_POLARS
100
AcDbLine
 10
-13.512439201720225
 20
-3.316275074213758
 30
0.0
 11
-13.495878128527108
 21
-3.753555633936591
 31
0.0
  0
LINE
  5
A4E
330
17
100
AcDbEntity
  8
ENGRAVE_POLARS
100
AcDbLine
 10
-13.495878128527108
 20
-3.753555633936591
 30
0.0
 11
-13.48226720746467
 21
-4.169129460029703
 31
0.0
  0
LINE
  5
A4F
330
17
100
AcDbEntity
  8
ENGRAVE_POLARS
100
AcDbLine
 10
-13.48226720746467
 20
-4.169129460029703
 30
0.0
 11
-13.473382591890072
 21
-4.554968120707771
 31
0.0
  0
LINE
  5
A50
330
17
100
AcDbEntity
  8
ENGRAVE_POLARS
100
AcDbLine
 10
-13.473382591890072
 20
-4.554968120707771
 30
0.0
 11
-13.47100043516047
 21
-4.90304318418547
 31
0.0
  0
LINE
  5
A51
330
17
100
AcDbEntity
  8
ENGRAVE_POLARS
100
AcDbLine
 10
-13.47100043516047
 20
-4.90304318418547
 30
0.0
 11
-13.474842250956929
 21
-5.20846020708958
 31
0.0
  0
LINE
  5
A52
330
17
100
AcDbEntity
  8
ENGRAVE_POLARS
100
AcDbLine
 10
-13.474842250956929
 20
-5.20846020708958
 30
0.0
 11
-13.482793198868695
 21
-5.4768628328574955
 31
0.0
  0
LINE
  5
A53
330
17
100
AcDbEntity
  8
ENGRAVE_POLARS
100
AcDbLine
 10
-13.482793198868695
 20
-5.4768628328574955
 30
0.0
 11
-13.493874901115172
 21
-5.716029759919813
 31
0.0
  0
LINE
  5
A54
330
17
100
AcDbEntity
  8
ENGRAVE_POLARS
100
AcDbLine
 10
-13.493874901115172
 20
-5.716029759919813
 30
0.0
 11
-13.507108979915765
 21
-5.933739686707136
 31
0.0
  0
LINE
  5
A55
330
17
100
AcDbEntity
  8
ENGRAVE_POLARS
100
AcDbLine
 10
-13.507108979915765
 20
-5.933739686707136
 30
0.0
 11
-13.521517057489891
 21
-6.137771311650061
 31
0.0
  0
LINE
  5
A56
330
17
100
AcDbEntity
  8
ENGRAVE_POLARS
100
AcDbLine
 10
-13.521517057489891
 20
-6.137771311650061
 30
0.0
 11
-13.536120756056949
 21
-6.335903333179189
 31
0.0
  0
LINE
  5
A57
330
17
100
AcDbEntity
  8
ENGRAVE_POLARS
100
AcDbLine
 10
-13.536120756056949
 20
-6.335903333179189
 30
0.0
 11
-13.549941697836351
 21
-6.5359144497251185
 31
0.0
  0
LINE
  5
A58
330
17
100
AcDbEntity
  8
ENGRAVE_POLARS
100
AcDbLine
 10
-13.549941697836351
 20
-6.5359144497251185
 30
0.0
 11
-13.562001505047505
 21
-6.74558335971845
 31
0.0
  0
LINE
  5
A59
330
17
100
AcDbEntity
  8
ENGRAVE_POLARS
100
AcDbLine
 10
-13.562001505047505
 20
-6.74558335971845
 30
0.0
 11
-13.57132179990982
 21
-6.972688761589781
 31
0.0
  0
LINE
  5
A5A
330
17
100
AcDbEntity
  8
ENGRAVE_POLARS
100
AcDbLine
 10
-13.57132179990982
 20
-6.972688761589781
 30
0.0
 11
-13.576924204642703
 21
-7.225009353769714
 31
0.0
  0
LINE
  5
A5B
330
17
100
AcDbEntity
  8
ENGRAVE_POLARS
100
AcDbLine
 10
-13.576924204642703
 20
-7.225009353769714
 30
0.0
 11
-13.57783034146556
 21
-7.510323834688844
 31
0.0
  0
LINE
  5
A5C
330
17
100
AcDbEntity
  8
ENGRAVE_POLARS
100
AcDbLine
 10
-13.57783034146556
 20
-7.510323834688844
 30
0.0
 11
-13.573061832597805
 21
-7.836410902777774
 31
0.0
  0
LINE
  5
A5D
330
17
100
AcDbEntity
  8
ENGRAVE_POLARS
100
AcDbLine
 10
-13.573061832597805
 20
-7.836410902777774
 30
0.0
 11
-13.565324657541462
 21
-8.211868715287325
 31
0.0
  0
LINE
  5
A5E
330
17
100
AcDbEntity
  8
ENGRAVE_POLARS
100
AcDbLine
 10
-13.565324657541462
 20
-8.211868715287325
 30
0.0
 11
-13.557408124467562
 21
-8.63368297399828
 31
0.0
  0
LINE
  5
A5F
330
17
100
AcDbEntity
  8
ENGRAVE_POLARS
100
AcDbLine
 10
-13.557408124467562
 20
-8.63368297399828
 30
0.0
 11
-13.548458848599008
 21
-9.092213694136166
 31
0.0
  0
LINE
  5
A60
330
17
100
AcDbEntity
  8
ENGRAVE_POLARS
100
AcDbLine
 10
-13.548458848599008
 20
-9.092213694136166
 30
0.0
 11
-13.537623445158712
 21
-9.577820890926523
 31
0.0
  0
LINE
  5
A61
330
17
100
AcDbEntity
  8
ENGRAVE_POLARS
100
AcDbLine
 10
-13.537623445158712
 20
-9.577820890926523
 30
0.0
 11
-13.524048529369573
 21
-10.08086457959488
 31
0.0
  0
LINE
  5
A62
330
17
100
AcDbEntity
  8
ENGRAVE_POLARS
100
AcDbLine
 10
-13.524048529369573
 20
-10.08086457959488
 30
0.0
 11
-13.506880716454498
 21
-10.59170477536677
 31
0.0
  0
LINE
  5
A63
330
17
100
AcDbEntity
  8
ENGRAVE_POLARS
100
AcDbLine
 10
-13.506880716454498
 20
-10.59170477536677
 30
0.0
 11
-13.485266621636397
 21
-11.100701493467724
 31
0.0
  0
LINE
  5
A64
330
17
100
AcDbEntity
  8
ENGRAVE_POLARS
100
AcDbLine
 10
-13.485266621636397
 20
-11.100701493467724
 30
0.0
 11
-13.458352860138174
 21
-11.598214749123283
 31
0.0
  0
LINE
  5
A65
330
17
100
AcDbEntity
  8
ENGRAVE_POLARS
100
AcDbLine
 10
-13.458352860138174
 20
-11.598214749123283
 30
0.0
 11
-13.425286047182736
 21
-12.074604557558972
 31
0.0
  0
LINE
  5
A66
330
17
100
AcDbEntity
  8
ENGRAVE_POLARS
100
AcDbLine
 10
-13.425286047182736
 20
-12.074604557558972
 30
0.0
 11
-13.385212797992985
 21
-12.52023093400033
 31
0.0
  0
LINE
  5
A67
330
17
100
AcDbEntity
  8
ENGRAVE_POLARS
100
AcDbLine
 10
-13.385212797992985
 20
-12.52023093400033
 30
0.0
 11
-13.33727972779183
 21
-12.925453893672882
 31
0.0
  0
LINE
  5
A68
330
17
100
AcDbEntity
  8
ENGRAVE_POLARS
100
AcDbLine
 10
-13.33727972779183
 20
-12.925453893672882
 30
0.0
 11
-13.280633451802174
 21
-13.28063345180217
 31
0.0
  0
LINE
  5
A69
330
17
100
AcDbEntity
  8
ENGRAVE_POLARS
100
AcDbLine
 10
-13.280633451802174
 20
-13.28063345180217
 30
0.0
 11
-13.220359596863409
 21
-13.596646129650752
 31
0.0
  0
LINE
  5
A6A
330
17
100
AcDbEntity
  8
ENGRAVE_POLARS
100
AcDbLine
 10
-13.220359596863409
 20
-13.596646129650752
 30
0.0
 11
-13.160625436175609
 21
-13.890929696866948
 31
0.0
  0
LINE
  5
A6B
330
17
100
AcDbEntity
  8
ENGRAVE_POLARS
100
AcDbLine
 10
-13.160625436175609
 20
-13.890929696866948
 30
0.0
 11
-13.099200054502713
 21
-14.163686041254934
 31
0.0
  0
LINE
  5
A6C
330
17
100
AcDbEntity
  8
ENGRAVE_POLARS
100
AcDbLine
 10
-13.099200054502713
 20
-14.163686041254934
 30
0.0
 11
-13.033852536608666
 21
-14.415117050618877
 31
0.0
  0
LINE
  5
A6D
330
17
100
AcDbEntity
  8
ENGRAVE_POLARS
100
AcDbLine
 10
-13.033852536608666
 20
-14.415117050618877
 30
0.0
 11
-12.9623519672574
 21
-14.645424612762955
 31
0.0
  0
LINE
  5
A6E
330
17
100
AcDbEntity
  8
ENGRAVE_POLARS
100
AcDbLine
 10
-12.9623519672574
 20
-14.645424612762955
 30
0.0
 11
-12.882467431212856
 21
-14.854810615491338
 31
0.0
  0
LINE
  5
A6F
330
17
100
AcDbEntity
  8
ENGRAVE_POLARS
100
AcDbLine
 10
-12.882467431212856
 20
-14.854810615491338
 30
0.0
 11
-12.791968013238971
 21
-15.043476946608198
 31
0.0
  0
LINE
  5
A70
330
17
100
AcDbEntity
  8
ENGRAVE_POLARS
100
AcDbLine
 10
-12.791968013238971
 20
-15.043476946608198
 30
0.0
 11
-12.688622798099688
 21
-15.211625493917712
 31
0.0
  0
LINE
  5
A71
330
17
100
AcDbEntity
  8
ENGRAVE_POLARS
100
AcDbLine
 10
-12.688622798099688
 20
-15.211625493917712
 30
0.0
 11
-12.570200870558947
 21
-15.359458145224048
 31
0.0
  0
LINE
  5
A72
330
17
100
AcDbEntity
  8
ENGRAVE_POLARS
100
AcDbLine
 10
-12.570200870558947
 20
-15.359458145224048
 30
0.0
 11
-12.434471315380684
 21
-15.48717678833138
 31
0.0
  0
LINE
  5
A73
330
17
100
AcDbEntity
  8
ENGRAVE_POLARS
100
AcDbLine
 10
-12.434471315380684
 20
-15.48717678833138
 30
0.0
 11
-12.279203217328838
 21
-15.594983311043881
 31
0.0
  0
LINE
  5
A74
330
17
100
AcDbEntity
  8
ENGRAVE_POLARS
100
AcDbLine
 10
-12.279203217328838
 20
-15.594983311043881
 30
0.0
 11
-12.10216566116735
 21
-15.683079601165726
 31
0.0
  0
LINE
  5
A75
330
17
100
AcDbEntity
  8
ENGRAVE_POLARS
100
AcDbLine
 10
-12.10216566116735
 20
-15.683079601165726
 30
0.0
 11
-11.903649636737208
 21
-15.74148595853572
 31
0.0
  0
LINE
  5
A76
330
17
100
AcDbEntity
  8
ENGRAVE_POLARS
100
AcDbLine
 10
-11.903649636737208
 20
-15.74148595853572
 30
0.0
 11
-11.686274045103836
 21
-15.763631423628553
 31
0.0
  0
LINE
  5
A77
330
17
100
AcDbEntity
  8
ENGRAVE_POLARS
100
AcDbLine
 10
-11.686274045103836
 20
-15.763631423628553
 30
0.0
 11
-11.451299837867827
 21
-15.754830995202221
 31
0.0
  0
LINE
  5
A78
330
17
100
AcDbEntity
  8
ENGRAVE_POLARS
100
AcDbLine
 10
-11.451299837867827
 20
-15.754830995202221
 30
0.0
 11
-11.199987966629768
 21
-15.720399672014716
 31
0.0
  0
LINE
  5
A79
330
17
100
AcDbEntity
  8
ENGRAVE_POLARS
100
AcDbLine
 10
-11.199987966629768
 20
-15.720399672014716
 30
0.0
 11
-10.93359938299025
 21
-15.66565245282404
 31
0.0
  0
LINE
  5
A7A
330
17
100
AcDbEntity
  8
ENGRAVE_POLARS
100
AcDbLine
 10
-10.93359938299025
 20
-15.66565245282404
 30
0.0
 11
-10.65339503854986
 21
-15.595904336388177
 31
0.0
  0
LINE
  5
A7B
330
17
100
AcDbEntity
  8
ENGRAVE_POLARS
100
AcDbLine
 10
-10.65339503854986
 20
-15.595904336388177
 30
0.0
 11
-10.360635884909184
 21
-15.516470321465128
 31
0.0
  0
LINE
  5
A7C
330
17
100
AcDbEntity
  8
ENGRAVE_POLARS
100
AcDbLine
 10
-10.360635884909184
 20
-15.516470321465128
 30
0.0
 11
-10.05658287366882
 21
-15.432665406812887
 31
0.0
  0
LINE
  5
A7D
330
17
100
AcDbEntity
  8
ENGRAVE_POLARS
100
AcDbLine
 10
-10.05658287366882
 20
-15.432665406812887
 30
0.0
 11
-9.742496956429353
 21
-15.34980459118945
 31
0.0
  0
LINE
  5
A7E
330
17
100
AcDbEntity
  8
ENGRAVE_POLARS
100
AcDbLine
 10
-9.742496956429353
 20
-15.34980459118945
 30
0.0
 11
-9.41963908479137
 21
-15.27320287335281
 31
0.0
  0
LINE
  5
A7F
330
17
100
AcDbEntity
  8
ENGRAVE_POLARS
100
AcDbLine
 10
-9.41963908479137
 20
-15.27320287335281
 30
0.0
 11
-9.089270210355462
 21
-15.20817525206096
 31
0.0
  0
LINE
  5
A80
330
17
100
AcDbEntity
  8
ENGRAVE_POLARS
100
AcDbLine
 10
-9.089270210355462
 20
-15.20817525206096
 30
0.0
 11
-8.752651284722221
 21
-15.1600367260719
 31
0.0
  0
LINE
  5
A81
330
17
100
AcDbEntity
  8
ENGRAVE_POLARS
100
AcDbLine
 10
-8.752651284722221
 20
-15.1600367260719
 30
0.0
 11
-8.401052366250681
 21
-15.122419787032877
 31
0.0
  0
LINE
  5
A82
330
17
100
AcDbEntity
  8
ENGRAVE_POLARS
100
AcDbLine
 10
-8.401052366250681
 20
-15.122419787032877
 30
0.0
 11
-8.027542453968683
 21
-15.08547420371071
 31
0.0
  0
LINE
  5
A83
330
17
100
AcDbEntity
  8
ENGRAVE_POLARS
100
AcDbLine
 10
-8.027542453968683
 20
-15.08547420371071
 30
0.0
 11
-7.636080910480008
 21
-15.049290890542704
 31
0.0
  0
LINE
  5
A84
330
17
100
AcDbEntity
  8
ENGRAVE_POLARS
100
AcDbLine
 10
-7.636080910480008
 20
-15.049290890542704
 30
0.0
 11
-7.230627098388442
 21
-15.013960761966182
 31
0.0
  0
LINE
  5
A85
330
17
100
AcDbEntity
  8
ENGRAVE_POLARS
100
AcDbLine
 10
-7.230627098388442
 20
-15.013960761966182
 30
0.0
 11
-6.815140380297777
 21
-14.979574732418465
 31
0.0
  0
LINE
  5
A86
330
17
100
AcDbEntity
  8
ENGRAVE_POLARS
100
AcDbLine
 10
-6.815140380297777
 20
-14.979574732418465
 30
0.0
 11
-6.3935801188117924
 21
-14.946223716336865
 31
0.0
  0
LINE
  5
A87
330
17
100
AcDbEntity
  8
ENGRAVE_POLARS
100
AcDbLine
 10
-6.3935801188117924
 20
-14.946223716336865
 30
0.0
 11
-5.969905676534276
 21
-14.913998628158705
 31
0.0
  0
LINE
  5
A88
330
17
100
AcDbEntity
  8
ENGRAVE_POLARS
100
AcDbLine
 10
-5.969905676534276
 20
-14.913998628158705
 30
0.0
 11
-5.548076416069014
 21
-14.882990382321303
 31
0.0
  0
LINE
  5
A89
330
17
100
AcDbEntity
  8
ENGRAVE_POLARS
100
AcDbLine
 10
-5.548076416069014
 20
-14.882990382321303
 30
0.0
 11
-5.132051700019794
 21
-14.853289893261978
 31
0.0
  0
LINE
  5
A8A
330
17
100
AcDbEntity
  8
ENGRAVE_POLARS
100
AcDbLine
 10
-5.132051700019794
 20
-14.853289893261978
 30
0.0
 11
-4.725790890990398
 21
-14.824988075418046
 31
0.0
  0
LINE
  5
A8B
330
17
100
AcDbEntity
  8
ENGRAVE_POLARS
100
AcDbLine
 10
-4.725790890990398
 20
-14.824988075418046
 30
0.0
 11
-4.333253351584614
 21
-14.798175843226824
 31
0.0
  0
LINE
  5
A8C
330
17
100
AcDbEntity
  8
ENGRAVE_POLARS
100
AcDbLine
 10
-4.333253351584614
 20
-14.798175843226824
 30
0.0
 11
-3.9583984444062277
 21
-14.772944111125634
 31
0.0
  0
LINE
  5
A8D
330
17
100
AcDbEntity
  8
ENGRAVE_POLARS
100
AcDbLine
 10
-3.9583984444062277
 20
-14.772944111125634
 30
0.0
 11
-3.5866682601520194
 21
-14.749153523702802
 31
0.0
  0
LINE
  5
A8E
330
17
100
AcDbEntity
  8
ENGRAVE_POLARS
100
AcDbLine
 10
-3.5866682601520194
 20
-14.749153523702802
 30
0.0
 11
-3.2044793700612657
 21
-14.726616220855648
 31
0.0
  0
LINE
  5
A8F
330
17
100
AcDbEntity
  8
ENGRAVE_POLARS
100
AcDbLine
 10
-3.2044793700612657
 20
-14.726616220855648
 30
0.0
 11
-2.817252857551495
 21
-14.705350359984969
 31
0.0
  0
LINE
  5
A90
330
17
100
AcDbEntity
  8
ENGRAVE_POLARS
100
AcDbLine
 10
-2.817252857551495
 20
-14.705350359984969
 30
0.0
 11
-2.430409806040235
 21
-14.685374098491565
 31
0.0
  0
LINE
  5
A91
330
17
100
AcDbEntity
  8
ENGRAVE_POLARS
100
AcDbLine
 10
-2.430409806040235
 20
-14.685374098491565
 30
0.0
 11
-2.049371298945016
 21
-14.666705593776241
 31
0.0
  0
LINE
  5
A92
330
17
100
AcDbEntity
  8
ENGRAVE_POLARS
100
AcDbLine
 10
-2.049371298945016
 20
-14.666705593776241
 30
0.0
 11
-1.679558419683365
 21
-14.649363003239786
 31
0.0
  0
LINE
  5
A93
330
17
100
AcDbEntity
  8
ENGRAVE_POLARS
100
AcDbLine
 10
-1.679558419683365
 20
-14.649363003239786
 30
0.0
 11
-1.326392251672811
 21
-14.633364484283007
 31
0.0
  0
LINE
  5
A94
330
17
100
AcDbEntity
  8
ENGRAVE_POLARS
100
AcDbLine
 10
-1.326392251672811
 20
-14.633364484283007
 30
0.0
 11
-0.9952938783308831
 21
-14.618728194306705
 31
0.0
  0
LINE
  5
A95
330
17
100
AcDbEntity
  8
ENGRAVE_POLARS
100
AcDbLine
 10
-0.9952938783308831
 20
-14.618728194306705
 30
0.0
 11
-0.6916843830751104
 21
-14.605472290711674
 31
0.0
  0
LINE
  5
A96
330
17
100
AcDbEntity
  8
ENGRAVE_POLARS
100
AcDbLine
 10
-0.6916843830751104
 20
-14.605472290711674
 30
0.0
 11
-0.4209848493230197
 21
-14.593614930898719
 31
0.0
  0
LINE
  5
A97
330
17
100
AcDbEntity
  8
ENGRAVE_POLARS
100
AcDbLine
 10
-0.4209848493230197
 20
-14.593614930898719
 30
0.0
 11
-0.18861636049214045
 21
-14.583174272268632
 31
0.0
  0
LINE
  5
A98
330
17
100
AcDbEntity
  8
ENGRAVE_POLARS
100
AcDbLine
 10
-0.18861636049214045
 20
-14.583174272268632
 30
0.0
 11
-1.7848208769741216e-15
 21
-14.574168472222222
 31
0.0
  0
TEXT
  5
A99
330
17
100
AcDbEntity
  8
ENGRAVE_TEXT
100
AcDbText
 10
6.188073347273596
 20
8.3091080418641
 30
0.0
 40
4.5
  1
24
 72
1
 11
6.188073347273596
 21
8.3091080418641
 31
0.0
100
AcDbText
 73
2
  0
TEXT
  5
A9A
330
17
100
AcDbEntity
  8
ENGRAVE_TEXT
100
AcDbText
 10
-6.188073347273596
 20
8.3091080418641
 30
0.0
 40
4.5
  1
24
 72
1
 11
-6.188073347273596
 21
8.3091080418641
 31
0.0
100
AcDbText
 73
2
  0
CIRCLE
  5
A9B
330
17
100
AcDbEntity
  8
ENGRAVE_VMG
100
AcDbCircle
 10
6.75261358857051
 20
7.857209296312617
 30
0.0
 40
0.6
  0
CIRCLE
  5
A9C
330
17
100
AcDbEntity
  8
ENGRAVE_VMG
100
AcDbCircle
 10
-6.75261358857051
 20
7.857209296312617
 30
0.0
 40
0.6
  0
CIRCLE
  5
A9D
330
17
100
AcDbEntity
  8
ENGRAVE_VMG
100
AcDbCircle
 10
12.10216566116735
 20
-15.683079601165726
 30
0.0
 40
0.6
  0
CIRCLE
  5
A9E
330
17
100
AcDbEntity
  8
ENGRAVE_VMG
100
AcDbCircle
 10
-12.10216566116735
 20
-15.683079601165726
 30
0.0
 40
0.6
  0
CIRCLE
  5
A9F
330
17
100
AcDbEntity
  8
CUT_REFERENCE
100
AcDbCircle
 10
0.0
 20
0.0
 30
0.0
 40
44.54
  0
TEXT
  5
AA0
330
17
100
AcDbEntity
  8
ENGRAVE_TEXT
100
AcDbText
 10
0.0
 20
42.12
 30
0.0
 40
3.8
  1
0
 72
1
 11
0.0
 21
42.12
 31
0.0
100
AcDbText
 73
2
  0
TEXT
  5
AA1
330
17
100
AcDbEntity
  8
ENGRAVE_TEXT
100
AcDbText
 10
7.314061243331105
 20
41.4801025568742
 30
0.0
 40
3.8
  1
10
 50
-10.0
 72
1
 11
7.314061243331105
 21
41.4801025568742
 31
0.0
100
AcDbText
 73
2
  0
TEXT
  5
AA2
330
17
100
AcDbEntity
  8
ENGRAVE_TEXT
100
AcDbText
 10
14.405888436877165
 20
39.57985318750246
 30
0.0
 40
3.8
  1
20
 50
-20.0
 72
1
 11
14.405888436877165
 21
39.57985318750246
 31
0.0
100
AcDbText
 73
2
  0
TEXT
  5
AA3
330
17
100
AcDbEntity
  8
ENGRAVE_TEXT
100
AcDbText
 10
21.059999999999995
 20
36.47699000740056
 30
0.0
 40
3.8
  1
30
 50
-30.0
 72
1
 11
21.059999999999995
 21
36.47699000740056
 31
0.0
100
AcDbText
 73
2
  0
TEXT
  5
AA4
330
17
100
AcDbEntity
  8
ENGRAVE_TEXT
100
AcDbText
 10
27.07421411999703
 20
32.265791944171355
 30
0.0
 40
3.8
  1
40
 50
-40.0
 72
1
 11
27.07421411999703
 21
32.265791944171355
 31
0.0
100
AcDbText
 73
2
  0
TEXT
  5
AA5
330
17
100
AcDbEntity
  8
ENGRAVE_TEXT
100
AcDbText
 10
32.265791944171355
 20
27.074214119997038
 30
0.0
 40
3.8
  1
50
 50
-50.0
 72
1
 11
32.265791944171355
 21
27.074214119997038
 31
0.0
100
AcDbText
 73
2
  0
TEXT
  5
AA6
330
17
100
AcDbEntity
  8
ENGRAVE_TEXT
100
AcDbText
 10
36.47699000740055
 20
21.060000000000002
 30
0.0
 40
3.8
  1
60
 50
-60.0
 72
1
 11
36.47699000740055
 21
21.060000000000002
 31
0.0
100
AcDbText
 73
2
  0
TEXT
  5
AA7
330
17
100
AcDbEntity
  8
ENGRAVE_TEXT
100
AcDbText
 10
39.57985318750246
 20
14.40588843687717
 30
0.0
 40
3.8
  1
70
 50
-70.0
 72
1
 11
39.57985318750246
 21
14.40588843687717
 31
0.0
100
AcDbText
 73
2
  0
TEXT
  5
AA8
330
17
100
AcDbEntity
  8
ENGRAVE_TEXT
100
AcDbText
 10
41.4801025568742
 20
7.314061243331109
 30
0.0
 40
3.8
  1
80
 50
-80.0
 72
1
 11
41.4801025568742
 21
7.314061243331109
 31
0.0
100
AcDbText
 73
2
  0
TEXT
  5
AA9
330
17
100
AcDbEntity
  8
ENGRAVE_TEXT
100
AcDbText
 10
42.12
 20
2.5791061590043255e-15
 30
0.0
 40
3.8
  1
90
 50
-90.0
 72
1
 11
42.12
 21
2.5791061590043255e-15
 31
0.0
100
AcDbText
 73
2
  0
TEXT
  5
AAA
330
17
100
AcDbEntity
  8
ENGRAVE_TEXT
100
AcDbText
 10
41.4801025568742
 20
-7.314061243331104
 30
0.0
 40
3.8
  1
100
 50
-100.0
 72
1
 11
41.4801025568742
 21
-7.314061243331104
 31
0.0
100
AcDbText
 73
2
  0
TEXT
  5
AAB
330
17
100
AcDbEntity
  8
ENGRAVE_TEXT
100
AcDbText
 10
39.57985318750246
 20
-14.405888436877165
 30
0.0
 40
3.8
  1
110
 50
-110.0
 72
1
 11
39.57985318750246
 21
-14.405888436877165
 31
0.0
100
AcDbText
 73
2
  0
TEXT
  5
AAC
330
17
100
AcDbEntity
  8
ENGRAVE_TEXT
100
AcDbText
 10
36.47699000740056
 20
-21.059999999999988
 30
0.0
 40
3.8
  1
120
 50
-120.0
 72
1
 11
36.47699000740056
 21
-21.059999999999988
 31
0.0
100
AcDbText
 73
2
  0
TEXT
  5
AAD
330
17
100
AcDbEntity
  8
ENGRAVE_TEXT
100
AcDbText
 10
32.265791944171355
 20
-27.074214119997038
 30
0.0
 40
3.8
  1
130
 50
-130.0
 72
1
 11
32.265791944171355
 21
-27.074214119997038
 31
0.0
100
AcDbText
 73
2
  0
TEXT
  5
AAE
330
17
100
AcDbEntity
  8
ENGRAVE_TEXT
100
AcDbText
 10
27.07421411999704
 20
-32.26579194417135
 30
0.0
 40
3.8
  1
140
 50
-140.0
 72
1
 11
27.07421411999704
 21
-32.26579194417135
 31
0.0
100
AcDbText
 73
2
  0
TEXT
  5
AAF
330
17
100
AcDbEntity
  8
ENGRAVE_TEXT
100
AcDbText
 10
21.059999999999995
 20
-36.47699000740056
 30
0.0
 40
3.8
  1
150
 50
-150.0
 72
1
 11
21.059999999999995
 21
-36.47699000740056
 31
0.0
100
AcDbText
 73
2
  0
TEXT
  5
AB0
330
17
100
AcDbEntity
  8
ENGRAVE_TEXT
100
AcDbText
 10
14.405888436877172
 20
-39.57985318750246
 30
0.0
 40
3.8
  1
160
 50
-160.0
 72
1
 11
14.405888436877172
 21
-39.57985318750246
 31
0.0
100
AcDbText
 73
2
  0
TEXT
  5
AB1
330
17
100
AcDbEntity
  8
ENGRAVE_TEXT
100
AcDbText
 10
7.3140612433311025
 20
-41.4801025568742
 30
0.0
 40
3.8
  1
170
 50
-170.0
 72
1
 11
7.3140612433311025
 21
-41.4801025568742
 31
0.0
100
AcDbText
 73
2
  0
TEXT
  5
AB2
330
17
100
AcDbEntity
  8
ENGRAVE_TEXT
100
AcDbText
 10
5.158212318008651e-15
 20
-42.12
 30
0.0
 40
3.8
  1
180
 50
-180.0
 72
1
 11
5.158212318008651e-15
 21
-42.12
 31
0.0
100
AcDbText
 73
2
  0
TEXT
  5
AB3
330
17
100
AcDbEntity
  8
ENGRAVE_TEXT
100
AcDbText
 10
-7.3140612433311105
 20
-41.4801025568742
 30
0.0
 40
3.8
  1
190
 50
-190.0
 72
1
 11
-7.3140612433311105
 21
-41.4801025568742
 31
0.0
100
AcDbText
 73
2
  0
TEXT
  5
AB4
330
17
100
AcDbEntity
  8
ENGRAVE_TEXT
100
AcDbText
 10
-14.405888436877163
 20
-39.57985318750246
 30
0.0
 40
3.8
  1
200
 50
-200.0
 72
1
 11
-14.405888436877163
 21
-39.57985318750246
 31
0.0
100
AcDbText
 73
2
  0
TEXT
  5
AB5
330
17
100
AcDbEntity
  8
ENGRAVE_TEXT
100
AcDbText
 10
-21.060000000000002
 20
-36.47699000740055
 30
0.0
 40
3.8
  1
210
 50
-210.0
 72
1
 11
-21.060000000000002
 21
-36.47699000740055
 31
0.0
100
AcDbText
 73
2
  0
TEXT
  5
AB6
330
17
100
AcDbEntity
  8
ENGRAVE_TEXT
100
AcDbText
 10
-27.07421411999703
 20
-32.265791944171355
 30
0.0
 40
3.8
  1
220
 50
-220.0
 72
1
 11
-27.07421411999703
 21
-32.265791944171355
 31
0.0
100
AcDbText
 73
2
  0
TEXT
  5
AB7
330
17
100
AcDbEntity
  8
ENGRAVE_TEXT
100
AcDbText
 10
-32.26579194417135
 20
-27.07421411999704
 30
0.0
 40
3.8
  1
230
 50
-230.0
 72
1
 11
-32.26579194417135
 21
-27.07421411999704
 31
0.0
100
AcDbText
 73
2
  0
TEXT
  5
AB8
330
17
100
AcDbEntity
  8
ENGRAVE_TEXT
100
AcDbText
 10
-36.476990007400545
 20
-21.060000000000016
 30
0.0
 40
3.8
  1
240
 50
-240.0
 72
1
 11
-36.476990007400545
 21
-21.060000000000016
 31
0.0
100
AcDbText
 73
2
  0
TEXT
  5
AB9
330
17
100
AcDbEntity
  8
ENGRAVE_TEXT
100
AcDbText
 10
-39.57985318750246
 20
-14.405888436877158
 30
0.0
 40
3.8
  1
250
 50
-250.0
 72
1
 11
-39.57985318750246
 21
-14.405888436877158
 31
0.0
100
AcDbText
 73
2
  0
TEXT
  5
ABA
330
17
100
AcDbEntity
  8
ENGRAVE_TEXT
100
AcDbText
 10
-41.4801025568742
 20
-7.314061243331105
 30
0.0
 40
3.8
  1
260
 50
-260.0
 72
1
 11
-41.4801025568742
 21
-7.314061243331105
 31
0.0
100
AcDbText
 73
2
  0
TEXT
  5
ABB
330
17
100
AcDbEntity
  8
ENGRAVE_TEXT
100
AcDbText
 10
-42.12
 20
-7.737318477012977e-15
 30
0.0
 40
3.8
  1
270
 50
-270.0
 72
1
 11
-42.12
 21
-7.737318477012977e-15
 31
0.0
100
AcDbText
 73
2
  0
TEXT
  5
ABC
330
17
100
AcDbEntity
  8
ENGRAVE_TEXT
100
AcDbText
 10
-41.4801025568742
 20
7.31406124333109
 30
0.0
 40
3.8
  1
280
 50
-280.0
 72
1
 11
-41.4801025568742
 21
7.31406124333109
 31
0.0
100
AcDbText
 73
2
  0
TEXT
  5
ABD
330
17
100
AcDbEntity
  8
ENGRAVE_TEXT
100
AcDbText
 10
-39.57985318750246
 20
14.405888436877177
 30
0.0
 40
3.8
  1
290
 50
-290.0
 72
1
 11
-39.57985318750246
 21
14.405888436877177
 31
0.0
100
AcDbText
 73
2
  0
TEXT
  5
ABE
330
17
100
AcDbEntity
  8
ENGRAVE_TEXT
100
AcDbText
 10
-36.47699000740055
 20
21.060000000000002
 30
0.0
 40
3.8
  1
300
 50
-300.0
 72
1
 11
-36.47699000740055
 21
21.060000000000002
 31
0.0
100
AcDbText
 73
2
  0
TEXT
  5
ABF
330
17
100
AcDbEntity
  8
ENGRAVE_TEXT
100
AcDbText
 10
-32.265791944171355
 20
27.07421411999703
 30
0.0
 40
3.8
  1
310
 50
-310.0
 72
1
 11
-32.265791944171355
 21
27.07421411999703
 31
0.0
100
AcDbText
 73
2
  0
TEXT
  5
AC0
330
17
100
AcDbEntity
  8
ENGRAVE_TEXT
100
AcDbText
 10
-27.074214119997045
 20
32.26579194417134
 30
0.0
 40
3.8
  1
320
 50
-320.0
 72
1
 11
-27.074214119997045
 21
32.26579194417134
 31
0.0
100
AcDbText
 73
2
  0
TEXT
  5
AC1
330
17
100
AcDbEntity
  8
ENGRAVE_TEXT
100
AcDbText
 10
-21.060000000000016
 20
36.476990007400545
 30
0.0
 40
3.8
  1
330
 50
-330.0
 72
1
 11
-21.060000000000016
 21
36.476990007400545
 31
0.0
100
AcDbText
 73
2
  0
TEXT
  5
AC2
330
17
100
AcDbEntity
  8
ENGRAVE_TEXT
100
AcDbText
 10
-14.405888436877161
 20
39.57985318750246
 30
0.0
 40
3.8
  1
340
 50
-340.0
 72
1
 11
-14.405888436877161
 21
39.57985318750246
 31
0.0
100
AcDbText
 73
2
  0
TEXT
  5
AC3
330
17
100
AcDbEntity
  8
ENGRAVE_TEXT
100
AcDbText
 10
-7.314061243331108
 20
41.4801025568742
 30
0.0
 40
3.8
  1
350
 50
-350.0
 72
1
 11
-7.314061243331108
 21
41.4801025568742
 31
0.0
100
AcDbText
 73
2
  0
TEXT
  5
AC4
330
17
100
AcDbEntity
  8
ENGRAVE_TEXT
100
AcDbText
 10
0.0
 20
46.96
 30
0.0
 40
3.8
  1
0
 72
1
 11
0.0
 21
46.96
 31
0.0
100
AcDbText
 73
2
  0
TEXT
  5
AC5
330
17
100
AcDbEntity
  8
ENGRAVE_TEXT
100
AcDbText
 10
14.760882802095056
 20
44.57979294369608
 30
0.0
 40
3.8
  1
10
 50
-18.320301852003325
 72
1
 11
14.760882802095056
 21
44.57979294369608
 31
0.0
100
AcDbText
 73
2
  0
TEXT
  5
AC6
330
17
100
AcDbEntity
  8
ENGRAVE_TEXT
100
AcDbText
 10
27.97229607658594
 20
37.71991850738567
 30
0.0
 40
3.8
  1
20
 50
-36.55985197496331
 72
1
 11
27.97229607658594
 21
37.71991850738567
 31
0.0
100
AcDbText
 73
2
  0
TEXT
  5
AC7
330
17
100
AcDbEntity
  8
ENGRAVE_TEXT
100
AcDbText
 10
38.289943771686055
 20
27.186794698182418
 30
0.0
 40
3.8
  1
30
 50
-54.624318352164074
 72
1
 11
38.289943771686055
 21
27.186794698182418
 31
0.0
100
AcDbText
 73
2
  0
TEXT
  5
AC8
330
17
100
AcDbEntity
  8
ENGRAVE_TEXT
100
AcDbText
 10
44.75896646748206
 20
14.208325755092194
 30
0.0
 40
3.8
  1
40
 50
-72.38843382457938
 72
1
 11
44.75896646748206
 21
14.208325755092194
 31
0.0
100
AcDbText
 73
2
  0
TEXT
  5
AC9
330
17
100
AcDbEntity
  8
ENGRAVE_TEXT
100
AcDbText
 10
46.95922303391545
 20
0.270133394796758
 30
0.0
 40
3.8
  1
50
 50
-89.67040909736356
 72
1
 11
46.95922303391545
 21
0.270133394796758
 31
0.0
100
AcDbText
 73
2
  0
TEXT
  5
ACA
330
17
100
AcDbEntity
  8
ENGRAVE_TEXT
100
AcDbText
 10
45.09676144256118
 20
-13.096705974890293
 30
0.0
 40
3.8
  1
60
 50
-106.19400773163439
 72
1
 11
45.09676144256118
 21
-13.096705974890293
 31
0.0
100
AcDbText
 73
2
  0
TEXT
  5
ACB
330
17
100
AcDbEntity
  8
ENGRAVE_TEXT
100
AcDbText
 10
40.02147518522516
 20
-24.566707634487926
 30
0.0
 40
3.8
  1
70
 50
-121.54318937358855
 72
1
 11
40.02147518522516
 21
-24.566707634487926
 31
0.0
100
AcDbText
 73
2
  0
TEXT
  5
ACC
330
17
100
AcDbEntity
  8
ENGRAVE_TEXT
100
AcDbText
 10
33.1173906405899
 20
-33.29384383273534
 30
0.0
 40
3.8
  1
80
 50
-135.15223327018606
 72
1
 11
33.1173906405899
 21
-33.29384383273534
 31
0.0
100
AcDbText
 73
2
  0
TEXT
  5
ACD
330
17
100
AcDbEntity
  8
ENGRAVE_TEXT
100
AcDbText
 10
25.958116692514935
 20
-39.13333333333333
 30
0.0
 40
3.8
  1
90
 50
-146.44269023807928
 72
1
 11
25.958116692514935
 21
-39.13333333333333
 31
0.0
100
AcDbText
 73
2
  0
TEXT
  5
ACE
330
17
100
AcDbEntity
  8
ENGRAVE_TEXT
100
AcDbText
 10
19.733002365112064
 20
-42.61279406068654
 30
0.0
 40
3.8
  1
100
 50
-155.15223327018606
 72
1
 11
19.733002365112064
 21
-42.61279406068654
 31
0.0
100
AcDbText
 73
2
  0
TEXT
  5
ACF
330
17
100
AcDbEntity
  8
ENGRAVE_TEXT
100
AcDbText
 10
14.867053392825243
 20
-44.54449823956808
 30
0.0
 40
3.8
  1
110
 50
-161.54318937358858
 72
1
 11
14.867053392825243
 21
-44.54449823956808
 31
0.0
100
AcDbText
 73
2
  0
TEXT
  5
AD0
330
17
100
AcDbEntity
  8
ENGRAVE_TEXT
100
AcDbText
 10
11.206300641130156
 20
-45.6032940251097
 30
0.0
 40
3.8
  1
120
 50
-166.19400773163437
 72
1
 11
11.206300641130156
 21
-45.6032940251097
 31
0.0
100
AcDbText
 73
2
  0
TEXT
  5
AD1
330
17
100
AcDbEntity
  8
ENGRAVE_TEXT
100
AcDbText
 10
6.220156399604328
 20
-46.546227069059654
 30
0.0
 40
3.8
  1
140
 50
-172.38843382457938
 72
1
 11
6.220156399604328
 21
-46.546227069059654
 31
0.0
100
AcDbText
 73
2
  0
TEXT
  5
AD2
330
17
100
AcDbEntity
  8
ENGRAVE_TEXT
100
AcDbText
 10
2.817874284186033
 20
-46.87537929999631
 30
0.0
 40
3.8
  1
160
 50
-176.55985197496332
 72
1
 11
2.817874284186033
 21
-46.87537929999631
 31
0.0
100
AcDbText
 73
2
  0
TEXT
  5
AD3
330
17
100
AcDbEntity
  8
ENGRAVE_TEXT
100
AcDbText
 10
9.584902281326618e-16
 20
-46.96
 30
0.0
 40
3.8
  1
180
 50
-180.0
 72
1
 11
9.584902281326618e-16
 21
-46.96
 31
0.0
100
AcDbText
 73
2
  0
TEXT
  5
AD4
330
17
100
AcDbEntity
  8
ENGRAVE_TEXT
100
AcDbText
 10
-14.760882802095056
 20
44.57979294369608
 30
0.0
 40
3.8
  1
10
 50
-341.67969814799665
 72
1
 11
-14.760882802095056
 21
44.57979294369608
 31
0.0
100
AcDbText
 73
2
  0
TEXT
  5
AD5
330
17
100
AcDbEntity
  8
ENGRAVE_TEXT
100
AcDbText
 10
-27.97229607658594
 20
37.71991850738567
 30
0.0
 40
3.8
  1
20
 50
-323.4401480250367
 72
1
 11
-27.97229607658594
 21
37.71991850738567
 31
0.0
100
AcDbText
 73
2
  0
TEXT
  5
AD6
330
17
100
AcDbEntity
  8
ENGRAVE_TEXT
100
AcDbText
 10
-38.289943771686055
 20
27.186794698182418
 30
0.0
 40
3.8
  1
30
 50
-305.3756816478359
 72
1
 11
-38.289943771686055
 21
27.186794698182418
 31
0.0
100
AcDbText
 73
2
  0
TEXT
  5
AD7
330
17
100
AcDbEntity
  8
ENGRAVE_TEXT
100
AcDbText
 10
-44.75896646748206
 20
14.208325755092194
 30
0.0
 40
3.8
  1
40
 50
-287.61156617542065
 72
1
 11
-44.75896646748206
 21
14.208325755092194
 31
0.0
100
AcDbText
 73
2
  0
TEXT
  5
AD8
330
17
100
AcDbEntity
  8
ENGRAVE_TEXT
100
AcDbText
 10
-46.95922303391545
 20
0.270133394796758
 30
0.0
 40
3.8
  1
50
 50
-270.3295909026364
 72
1
 11
-46.95922303391545
 21
0.270133394796758
 31
0.0
100
AcDbText
 73
2
  0
TEXT
  5
AD9
330
17
100
AcDbEntity
  8
ENGRAVE_TEXT
100
AcDbText
 10
-45.09676144256118
 20
-13.096705974890293
 30
0.0
 40
3.8
  1
60
 50
-253.80599226836563
 72
1
 11
-45.09676144256118
 21
-13.096705974890293
 31
0.0
100
AcDbText
 73
2
  0
TEXT
  5
ADA
330
17
100
AcDbEntity
  8
ENGRAVE_TEXT
100
AcDbText
 10
-40.02147518522516
 20
-24.566707634487926
 30
0.0
 40
3.8
  1
70
 50
-238.45681062641145
 72
1
 11
-40.02147518522516
 21
-24.566707634487926
 31
0.0
100
AcDbText
 73
2
  0
TEXT
  5
ADB
330
17
100
AcDbEntity
  8
ENGRAVE_TEXT
100
AcDbText
 10
-33.1173906405899
 20
-33.29384383273534
 30
0.0
 40
3.8
  1
80
 50
-224.84776672981394
 72
1
 11
-33.1173906405899
 21
-33.29384383273534
 31
0.0
100
AcDbText
 73
2
  0
TEXT
  5
ADC
330
17
100
AcDbEntity
  8
ENGRAVE_TEXT
100
AcDbText
 10
-25.958116692514935
 20
-39.13333333333333
 30
0.0
 40
3.8
  1
90
 50
-213.55730976192072
 72
1
 11
-25.958116692514935
 21
-39.13333333333333
 31
0.0
100
AcDbText
 73
2
  0
TEXT
  5
ADD
330
17
100
AcDbEntity
  8
ENGRAVE_TEXT
100
AcDbText
 10
-19.733002365112064
 20
-42.61279406068654
 30
0.0
 40
3.8
  1
100
 50
-204.84776672981394
 72
1
 11
-19.733002365112064
 21
-42.61279406068654
 31
0.0
100
AcDbText
 73
2
  0
TEXT
  5
ADE
330
17
100
AcDbEntity
  8
ENGRAVE_TEXT
100
AcDbText
 10
-14.867053392825243
 20
-44.54449823956808
 30
0.0
 40
3.8
  1
110
 50
-198.45681062641142
 72
1
 11
-14.867053392825243
 21
-44.54449823956808
 31
0.0
100
AcDbText
 73
2
  0
TEXT
  5
ADF
330
17
100
AcDbEntity
  8
ENGRAVE_TEXT
100
AcDbText
 10
-11.206300641130156
 20
-45.6032940251097
 30
0.0
 40
3.8
  1
120
 50
-193.80599226836563
 72
1
 11
-11.206300641130156
 21
-45.6032940251097
 31
0.0
100
AcDbText
 73
2
  0
TEXT
  5
AE0
330
17
100
AcDbEntity
  8
ENGRAVE_TEXT
100
AcDbText
 10
-6.220156399604328
 20
-46.546227069059654
 30
0.0
 40
3.8
  1
140
 50
-187.61156617542062
 72
1
 11
-6.220156399604328
 21
-46.546227069059654
 31
0.0
100
AcDbText
 73
2
  0
TEXT
  5
AE1
330
17
100
AcDbEntity
  8
ENGRAVE_TEXT
100
AcDbText
 10
-2.817874284186033
 20
-46.87537929999631
 30
0.0
 40
3.8
  1
160
 50
-183.44014802503668
 72
1
 11
-2.817874284186033
 21
-46.87537929999631
 31
0.0
100
AcDbText
 73
2
  0
CIRCLE
  5
AE2
330
17
100
AcDbEntity
  8
CUT_REFERENCE
100
AcDbCircle
 10
0.0
 20
0.0
 30
0.0
 40
53.18
  0
TEXT
  5
AE3
330
17
100
AcDbEntity
  8
ENGRAVE_TEXT
100
AcDbText
 10
0.0
 20
50.76
 30
0.0
 40
3.8
  1
1
 72
1
 11
0.0
 21
50.76
 31
0.0
100
AcDbText
 73
2
  0
TEXT
  5
AE4
330
17
100
AcDbEntity
  8
ENGRAVE_TEXT
100
AcDbText
 10
0.0
 20
55.6
 30
0.0
 40
3.8
  1
1
 72
1
 11
0.0
 21
55.6
 31
0.0
100
AcDbText
 73
2
  0
TEXT
  5
AE5
330
17
100
AcDbEntity
  8
ENGRAVE_TEXT
100
AcDbText
 10
13.053230627490578
 20
49.05293844598447
 30
0.0
 40
3.8
  1
1.1
 50
-14.901366656961025
 72
1
 11
13.053230627490578
 21
49.05293844598447
 31
0.0
100
AcDbText
 73
2
  0
TEXT
  5
AE6
330
17
100
AcDbEntity
  8
ENGRAVE_TEXT
100
AcDbText
 10
14.297864911120492
 20
53.73016898338726
 30
0.0
 40
3.8
  1
1.1
 50
-14.901366656961025
 72
1
 11
14.297864911120492
 21
53.73016898338726
 31
0.0
100
AcDbText
 73
2
  0
TEXT
  5
AE7
330
17
100
AcDbEntity
  8
ENGRAVE_TEXT
100
AcDbText
 10
24.224664952169572
 20
44.60653772660603
 30
0.0
 40
3.8
  1
1.2
 50
-28.505248577144933
 72
1
 11
24.224664952169572
 21
44.60653772660603
 31
0.0
100
AcDbText
 73
2
  0
TEXT
  5
AE8
330
17
100
AcDbEntity
  8
ENGRAVE_TEXT
100
AcDbText
 10
26.53450298149386
 20
48.85980097713348
 30
0.0
 40
3.8
  1
1.2
 50
-28.505248577144933
 72
1
 11
26.53450298149386
 21
48.85980097713348
 31
0.0
100
AcDbText
 73
2
  0
TEXT
  5
AE9
330
17
100
AcDbEntity
  8
ENGRAVE_TEXT
100
AcDbText
 10
33.31466386474752
 20
38.297660131904735
 30
0.0
 40
3.8
  1
1.3
 50
-41.01960683046124
 72
1
 11
33.31466386474752
 21
38.297660131904735
 31
0.0
100
AcDbText
 73
2
  0
TEXT
  5
AEA
330
17
100
AcDbEntity
  8
ENGRAVE_TEXT
100
AcDbText
 10
36.49123937903787
 20
41.94936767797288
 30
0.0
 40
3.8
  1
1.3
 50
-41.01960683046124
 72
1
 11
36.49123937903787
 21
41.94936767797288
 31
0.0
100
AcDbText
 73
2
  0
TEXT
  5
AEB
330
17
100
AcDbEntity
  8
ENGRAVE_TEXT
100
AcDbText
 10
40.32776442075969
 20
30.82610933646522
 30
0.0
 40
3.8
  1
1.4
 50
-52.60609284416569
 72
1
 11
40.32776442075969
 21
30.82610933646522
 31
0.0
100
AcDbText
 73
2
  0
TEXT
  5
AEC
330
17
100
AcDbEntity
  8
ENGRAVE_TEXT
100
AcDbText
 10
44.173043770572086
 20
33.765399509603355
 30
0.0
 40
3.8
  1
1.4
 50
-52.60609284416569
 72
1
 11
44.173043770572086
 21
33.765399509603355
 31
0.0
100
AcDbText
 73
2
  0
TEXT
  5
AED
330
17
100
AcDbEntity
  8
ENGRAVE_TEXT
100
AcDbText
 10
45.384433719944845
 20
22.733912463980612
 30
0.0
 40
3.8
  1
1.5
 50
-63.39285326004524
 72
1
 11
45.384433719944845
 21
22.733912463980612
 31
0.0
100
AcDbText
 73
2
  0
TEXT
  5
AEE
330
17
100
AcDbEntity
  8
ENGRAVE_TEXT
100
AcDbText
 10
49.711869874486474
 20
24.90160624502211
 30
0.0
 40
3.8
  1
1.5
 50
-63.39285326004524
 72
1
 11
49.711869874486474
 21
24.90160624502211
 31
0.0
100
AcDbText
 73
2
  0
TEXT
  5
AEF
330
17
100
AcDbEntity
  8
ENGRAVE_TEXT
100
AcDbText
 10
48.66545890371343
 20
14.4308942789759
 30
0.0
 40
3.8
  1
1.6
 50
-73.48319375613293
 72
1
 11
48.66545890371343
 21
14.4308942789759
 31
0.0
100
AcDbText
 73
2
  0
TEXT
  5
AF0
330
17
100
AcDbEntity
  8
ENGRAVE_TEXT
100
AcDbText
 10
53.3057430072196
 20
15.806889714559892
 30
0.0
 40
3.8
  1
1.6
 50
-73.48319375613293
 72
1
 11
53.3057430072196
 21
15.806889714559892
 31
0.0
100
AcDbText
 73
2
  0
TEXT
  5
AF1
330
17
100
AcDbEntity
  8
ENGRAVE_TEXT
100
AcDbText
 10
50.37748665631021
 20
6.219842296496472
 30
0.0
 40
3.8
  1
1.7
 50
-82.96161169617861
 72
1
 11
50.37748665631021
 21
6.219842296496472
 31
0.0
100
AcDbText
 73
2
  0
TEXT
  5
AF2
330
17
100
AcDbEntity
  8
ENGRAVE_TEXT
100
AcDbText
 10
55.18101375277478
 20
6.812908425634433
 30
0.0
 40
3.8
  1
1.7
 50
-82.96161169617861
 72
1
 11
55.18101375277478
 21
6.812908425634433
 31
0.0
100
AcDbText
 73
2
  0
TEXT
  5
AF3
330
17
100
AcDbEntity
  8
ENGRAVE_TEXT
100
AcDbText
 10
50.73214868836195
 20
-1.6812761408924612
 30
0.0
 40
3.8
  1
1.8
 50
-91.89810183719018
 72
1
 11
50.73214868836195
 21
-1.6812761408924612
 31
0.0
100
AcDbText
 73
2
  0
TEXT
  5
AF4
330
17
100
AcDbEntity
  8
ENGRAVE_TEXT
100
AcDbText
 10
55.56949304714194
 20
-1.841586947076849
 30
0.0
 40
3.8
  1
1.8
 50
-91.89810183719018
 72
1
 11
55.56949304714194
 21
-1.841586947076849
 31
0.0
100
AcDbText
 73
2
  0
TEXT
  5
AF5
330
17
100
AcDbEntity
  8
ENGRAVE_TEXT
100
AcDbText
 10
49.9338588580697
 20
-9.120709377146817
 30
0.0
 40
3.8
  1
1.9
 50
-100.3512963430184
 72
1
 11
49.9338588580697
 21
-9.120709377146817
 31
0.0
100
AcDbText
 73
2
  0
TEXT
  5
AF6
330
17
100
AcDbEntity
  8
ENGRAVE_TEXT
100
AcDbText
 10
54.69508574682182
 20
-9.990375125479966
 30
0.0
 40
3.8
  1
1.9
 50
-100.3512963430184
 72
1
 11
54.69508574682182
 21
-9.990375125479966
 31
0.0
100
AcDbText
 73
2
  0
TEXT
  5
AF7
330
17
100
AcDbEntity
  8
ENGRAVE_TEXT
100
AcDbText
 10
48.17310609779254
 20
-15.997795125917289
 30
0.0
 40
3.8
  1
2
 50
-108.37079843903324
 72
1
 11
48.17310609779254
 21
-15.997795125917289
 31
0.0
100
AcDbText
 73
2
  0
TEXT
  5
AF8
330
17
100
AcDbEntity
  8
ENGRAVE_TEXT
100
AcDbText
 10
52.76644403146701
 20
-17.523195606796715
 30
0.0
 40
3.8
  1
2
 50
-108.37079843903324
 72
1
 11
52.76644403146701
 21
-17.523195606796715
 31
0.0
100
AcDbText
 73
2
  0
TEXT
  5
AF9
330
17
100
AcDbEntity
  8
ENGRAVE_TEXT
100
AcDbText
 10
45.6231950794752
 20
-22.250880223940563
 30
0.0
 40
3.8
  1
2.1
 50
-115.99894610421094
 72
1
 11
45.6231950794752
 21
-22.250880223940563
 31
0.0
100
AcDbText
 73
2
  0
TEXT
  5
AFA
330
17
100
AcDbEntity
  8
ENGRAVE_TEXT
100
AcDbText
 10
49.97339728957489
 20
-24.372516557350185
 30
0.0
 40
3.8
  1
2.1
 50
-115.99894610421094
 72
1
 11
49.97339728957489
 21
-24.372516557350185
 31
0.0
100
AcDbText
 73
2
  0
TEXT
  5
AFB
330
17
100
AcDbEntity
  8
ENGRAVE_TEXT
100
AcDbText
 10
42.43911542271382
 20
-27.847784151303205
 30
0.0
 40
3.8
  1
2.2
 50
-123.27216509599427
 72
1
 11
42.43911542271382
 21
-27.847784151303205
 31
0.0
100
AcDbText
 73
2
  0
TEXT
  5
AFC
330
17
100
AcDbEntity
  8
ENGRAVE_TEXT
100
AcDbText
 10
46.48571350478504
 20
-30.503089023098077
 30
0.0
 40
3.8
  1
2.2
 50
-123.27216509599427
 72
1
 11
46.48571350478504
 21
-30.503089023098077
 31
0.0
100
AcDbText
 73
2
  0
TEXT
  5
AFD
330
17
100
AcDbEntity
  8
ENGRAVE_TEXT
100
AcDbText
 10
38.75769130626926
 20
-32.778330717227504
 30
0.0
 40
3.8
  1
2.3
 50
-130.22202096633342
 72
1
 11
38.75769130626926
 21
-32.778330717227504
 31
0.0
100
AcDbText
 73
2
  0
TEXT
  5
AFE
330
17
100
AcDbEntity
  8
ENGRAVE_TEXT
100
AcDbText
 10
42.45326313295057
 20
-35.90376650665582
 30
0.0
 40
3.8
  1
2.3
 50
-130.22202096633342
 72
1
 11
42.45326313295057
 21
-35.90376650665582
 31
0.0
100
AcDbText
 73
2
  0
TEXT
  5
AFF
330
17
100
AcDbEntity
  8
ENGRAVE_TEXT
100
AcDbText
 10
34.69846823601615
 20
-37.04853441195992
 30
0.0
 40
3.8
  1
2.4
 50
-136.87604701617818
 72
1
 11
34.69846823601615
 21
-37.04853441195992
 31
0.0
100
AcDbText
 73
2
  0
TEXT
  5
B00
330
17
100
AcDbEntity
  8
ENGRAVE_TEXT
100
AcDbText
 10
38.00699042400508
 20
-40.581136983943495
 30
0.0
 40
3.8
  1
2.4
 50
-136.87604701617818
 72
1
 11
38.00699042400508
 21
-40.581136983943495
 31
0.0
100
AcDbText
 73
2
  0
TEXT
  5
B01
330
17
100
AcDbEntity
  8
ENGRAVE_TEXT
100
AcDbText
 10
30.364991407862973
 20
-40.67609736442777
 30
0.0
 40
3.8
  1
2.5
 50
-143.25840312193353
 72
1
 11
30.364991407862973
 21
-40.67609736442777
 31
0.0
100
AcDbText
 73
2
  0
TEXT
  5
B02
330
17
100
AcDbEntity
  8
ENGRAVE_TEXT
100
AcDbText
 10
33.260313677643445
 20
-44.55459049373885
 30
0.0
 40
3.8
  1
2.5
 50
-143.25840312193353
 72
1
 11
33.260313677643445
 21
-44.55459049373885
 31
0.0
100
AcDbText
 73
2
  0
TEXT
  5
B03
330
17
100
AcDbEntity
  8
ENGRAVE_TEXT
100
AcDbText
 10
25.846258424633877
 20
-43.68693769820725
 30
0.0
 40
3.8
  1
2.6
 50
-149.39040526949447
 72
1
 11
25.846258424633877
 21
-43.68693769820725
 31
0.0
100
AcDbText
 73
2
  0
TEXT
  5
B04
330
17
100
AcDbEntity
  8
ENGRAVE_TEXT
100
AcDbText
 10
28.310716477731354
 20
-47.85251647006154
 30
0.0
 40
3.8
  1
2.6
 50
-149.39040526949447
 72
1
 11
28.310716477731354
 21
-47.85251647006154
 31
0.0
100
AcDbText
 73
2
  0
TEXT
  5
B05
330
17
100
AcDbEntity
  8
ENGRAVE_TEXT
100
AcDbText
 10
21.21821240759673
 20
-46.11252608810439
 30
0.0
 40
3.8
  1
2.7
 50
-155.29095509723544
 72
1
 11
21.21821240759673
 21
-46.11252608810439
 31
0.0
100
AcDbText
 73
2
  0
TEXT
  5
B06
330
17
100
AcDbEntity
  8
ENGRAVE_TEXT
100
AcDbText
 10
23.241383173017695
 20
-50.50938633763996
 30
0.0
 40
3.8
  1
2.7
 50
-155.29095509723544
 72
1
 11
23.241383173017695
 21
-50.50938633763996
 31
0.0
100
AcDbText
 73
2
  0
TEXT
  5
B07
330
17
100
AcDbEntity
  8
ENGRAVE_TEXT
100
AcDbText
 10
16.545195479868454
 20
-47.98785373959686
 30
0.0
 40
3.8
  1
2.8
 50
-160.9768912831989
 72
1
 11
16.545195479868454
 21
-47.98785373959686
 31
0.0
100
AcDbText
 73
2
  0
TEXT
  5
B08
330
17
100
AcDbEntity
  8
ENGRAVE_TEXT
100
AcDbText
 10
18.122790951156148
 20
-52.563527736831865
 30
0.0
 40
3.8
  1
2.8
 50
-160.9768912831989
 72
1
 11
18.122790951156148
 21
-52.563527736831865
 31
0.0
100
AcDbText
 73
2
  0
TEXT
  5
B09
330
17
100
AcDbEntity
  8
ENGRAVE_TEXT
100
AcDbText
 10
11.881317359806228
 20
-49.349892581398464
 30
0.0
 40
3.8
  1
2.9
 50
-166.46327924362419
 72
1
 11
11.881317359806228
 21
-49.349892581398464
 31
0.0
100
AcDbText
 73
2
  0
TEXT
  5
B0A
330
17
100
AcDbEntity
  8
ENGRAVE_TEXT
100
AcDbText
 10
13.014208928392954
 20
-54.05543789451841
 30
0.0
 40
3.8
  1
2.9
 50
-166.46327924362419
 72
1
 11
13.014208928392954
 21
-54.05543789451841
 31
0.0
100
AcDbText
 73
2
  0
TEXT
  5
B0B
330
17
100
AcDbEntity
  8
ENGRAVE_TEXT
100
AcDbText
 10
7.271716008428219
 20
-50.23643843160827
 30
0.0
 40
3.8
  1
3
 50
-171.76365169907848
 72
1
 11
7.271716008428219
 21
-50.23643843160827
 31
0.0
100
AcDbText
 73
2
  0
TEXT
  5
B0C
330
17
100
AcDbEntity
  8
ENGRAVE_TEXT
100
AcDbText
 10
7.9650790005636125
 20
-55.02651648537076
 30
0.0
 40
3.8
  1
3
 50
-171.76365169907848
 72
1
 11
7.9650790005636125
 21
-55.02651648537076
 31
0.0
100
AcDbText
 73
2
  0
TEXT
  5
B0D
330
17
100
AcDbEntity
  8
ENGRAVE_TEXT
100
AcDbText
 10
2.7537012556591844
 20
-50.685251596441546
 30
0.0
 40
3.8
  1
3.1
 50
-176.89020978033818
 72
1
 11
2.7537012556591844
 21
-50.685251596441546
 31
0.0
100
AcDbText
 73
2
  0
TEXT
  5
B0E
330
17
100
AcDbEntity
  8
ENGRAVE_TEXT
100
AcDbText
 10
3.016268514867034
 20
-55.51812428609437
 30
0.0
 40
3.8
  1
3.1
 50
-176.89020978033818
 72
1
 11
3.016268514867034
 21
-55.51812428609437
 31
0.0
100
AcDbText
 73
2
  0
TEXT
  5
B0F
330
17
100
AcDbEntity
  8
ENGRAVE_TEXT
100
AcDbText
 10
-1.6422190713794713
 20
-50.73342799891997
 30
0.0
 40
3.8
  1
3.2
 50
-181.85399219516617
 72
1
 11
-1.6422190713794713
 21
-50.73342799891997
 31
0.0
100
AcDbText
 73
2
  0
TEXT
  5
B10
330
17
100
AcDbEntity
  8
ENGRAVE_TEXT
100
AcDbText
 10
-1.7988057598246376
 20
-55.570894340818576
 30
0.0
 40
3.8
  1
3.2
 50
-181.85399219516617
 72
1
 11
-1.7988057598246376
 21
-55.570894340818576
 31
0.0
100
AcDbText
 73
2
  0
TEXT
  5
B11
330
17
100
AcDbEntity
  8
ENGRAVE_TEXT
100
AcDbText
 10
-5.891425906095411
 20
-50.41694854702124
 30
0.0
 40
3.8
  1
3.3
 50
-186.66501835603947
 72
1
 11
-5.891425906095411
 21
-50.41694854702124
 31
0.0
100
AcDbText
 73
2
  0
TEXT
  5
B12
330
17
100
AcDbEntity
  8
ENGRAVE_TEXT
100
AcDbText
 10
-6.453177312429174
 20
-55.22423836119743
 30
0.0
 40
3.8
  1
3.3
 50
-186.66501835603947
 72
1
 11
-6.453177312429174
 21
-55.22423836119743
 31
0.0
100
AcDbText
 73
2
  0
TEXT
  5
B13
330
17
100
AcDbEntity
  8
ENGRAVE_TEXT
100
AcDbText
 10
-9.974381158897188
 20
-49.7703658867105
 30
0.0
 40
3.8
  1
3.4
 50
-191.33241013521186
 72
1
 11
-9.974381158897188
 21
-49.7703658867105
 31
0.0
100
AcDbText
 73
2
  0
TEXT
  5
B14
330
17
100
AcDbEntity
  8
ENGRAVE_TEXT
100
AcDbText
 10
-10.925445083425604
 20
-54.51600361113286
 30
0.0
 40
3.8
  1
3.4
 50
-191.33241013521186
 72
1
 11
-10.925445083425604
 21
-54.51600361113286
 31
0.0
100
AcDbText
 73
2
  0
TEXT
  5
B15
330
17
100
AcDbEntity
  8
ENGRAVE_TEXT
100
AcDbText
 10
-13.87591660616466
 20
-48.82659662866913
 30
0.0
 40
3.8
  1
3.5
 50
-195.86449596609924
 72
1
 11
-13.87591660616466
 21
-48.82659662866913
 31
0.0
100
AcDbText
 73
2
  0
TEXT
  5
B16
330
17
100
AcDbEntity
  8
ENGRAVE_TEXT
100
AcDbText
 10
-15.198994548911646
 20
-53.48224532218289
 30
0.0
 40
3.8
  1
3.5
 50
-195.86449596609924
 72
1
 11
-15.198994548911646
 21
-53.48224532218289
 31
0.0
100
AcDbText
 73
2
  0
TEXT
  5
B17
330
17
100
AcDbEntity
  8
ENGRAVE_TEXT
100
AcDbText
 10
-17.58461022318532
 20
-47.61679413083839
 30
0.0
 40
3.8
  1
3.6
 50
-200.2689002762234
 72
1
 11
-17.58461022318532
 21
-47.61679413083839
 31
0.0
100
AcDbText
 73
2
  0
TEXT
  5
B18
330
17
100
AcDbEntity
  8
ENGRAVE_TEXT
100
AcDbText
 10
-19.261314586467766
 20
-52.1570873458356
 30
0.0
 40
3.8
  1
3.6
 50
-200.2689002762234
 72
1
 11
-19.261314586467766
 21
-52.1570873458356
 31
0.0
100
AcDbText
 73
2
  0
TEXT
  5
B19
330
17
100
AcDbEntity
  8
ENGRAVE_TEXT
100
AcDbText
 10
-21.092240851358195
 20
-46.17028238887322
 30
0.0
 40
3.8
  1
3.7
 50
-204.5526206641182
 72
1
 11
-21.092240851358195
 21
-46.17028238887322
 31
0.0
100
AcDbText
 73
2
  0
TEXT
  5
B1A
330
17
100
AcDbEntity
  8
ENGRAVE_TEXT
100
AcDbText
 10
-23.103400144513706
 20
-50.57264974037334
 30
0.0
 40
3.8
  1
3.7
 50
-204.5526206641182
 72
1
 11
-23.103400144513706
 21
-50.57264974037334
 31
0.0
100
AcDbText
 73
2
  0
TEXT
  5
B1B
330
17
100
AcDbEntity
  8
ENGRAVE_TEXT
100
AcDbText
 10
-24.39331253684582
 20
-44.51453586728453
 30
0.0
 40
3.8
  1
3.8
 50
-208.72209478205164
 72
1
 11
-24.39331253684582
 21
-44.51453586728453
 31
0.0
100
AcDbText
 73
2
  0
TEXT
  5
B1C
330
17
100
AcDbEntity
  8
ENGRAVE_TEXT
100
AcDbText
 10
-26.7192312263323
 20
-48.7590266789011
 30
0.0
 40
3.8
  1
3.8
 50
-208.72209478205164
 72
1
 11
-26.7192312263323
 21
-48.7590266789011
 31
0.0
100
AcDbText
 73
2
  0
TEXT
  5
B1D
330
17
100
AcDbEntity
  8
ENGRAVE_TEXT
100
AcDbText
 10
-27.484640501272654
 20
-42.67519345610284
 30
0.0
 40
3.8
  1
3.9
 50
-212.78325852953972
 72
1
 11
-27.484640501272654
 21
-42.67519345610284
 31
0.0
100
AcDbText
 73
2
  0
TEXT
  5
B1E
330
17
100
AcDbEntity
  8
ENGRAVE_TEXT
100
AcDbText
 10
-30.105319382796683
 20
-46.7443017367872
 30
0.0
 40
3.8
  1
3.9
 50
-212.78325852953972
 72
1
 11
-30.105319382796683
 21
-46.7443017367872
 31
0.0
100
AcDbText
 73
2
  0
TEXT
  5
B1F
330
17
100
AcDbEntity
  8
ENGRAVE_TEXT
100
AcDbText
 10
-30.364991407862963
 20
-40.676097364427775
 30
0.0
 40
3.8
  1
4
 50
-216.74159687806647
 72
1
 11
-30.364991407862963
 21
-40.676097364427775
 31
0.0
100
AcDbText
 73
2
  0
TEXT
  5
B20
330
17
100
AcDbEntity
  8
ENGRAVE_TEXT
100
AcDbText
 10
-33.26031367764344
 20
-44.55459049373886
 30
0.0
 40
3.8
  1
4
 50
-216.74159687806647
 72
1
 11
-33.26031367764344
 21
-44.55459049373886
 31
0.0
100
AcDbText
 73
2
  0
TEXT
  5
B21
330
17
100
AcDbEntity
  8
ENGRAVE_TEXT
100
AcDbText
 10
-33.034771307555495
 20
-38.539349821416394
 30
0.0
 40
3.8
  1
4.1
 50
-220.60218841910478
 72
1
 11
-33.034771307555495
 21
-38.539349821416394
 31
0.0
100
AcDbText
 73
2
  0
TEXT
  5
B22
330
17
100
AcDbEntity
  8
ENGRAVE_TEXT
100
AcDbText
 10
-36.184658879040306
 20
-42.214102641267765
 30
0.0
 40
3.8
  1
4.1
 50
-220.60218841910478
 72
1
 11
-36.184658879040306
 21
-42.214102641267765
 31
0.0
100
AcDbText
 73
2
  0
TEXT
  5
B23
330
17
100
AcDbEntity
  8
ENGRAVE_TEXT
100
AcDbText
 10
-35.495755352016644
 20
-36.28538207032939
 30
0.0
 40
3.8
  1
4.2
 50
-224.36974454324417
 72
1
 11
-35.495755352016644
 21
-36.28538207032939
 31
0.0
100
AcDbText
 73
2
  0
TEXT
  5
B24
330
17
100
AcDbEntity
  8
ENGRAVE_TEXT
100
AcDbText
 10
-38.88029940055409
 20
-39.74521755536474
 30
0.0
 40
3.8
  1
4.2
 50
-224.36974454324417
 72
1
 11
-38.88029940055409
 21
-39.74521755536474
 31
0.0
100
AcDbText
 73
2
  0
TEXT
  5
B25
330
17
100
AcDbEntity
  8
ENGRAVE_TEXT
100
AcDbText
 10
-37.750854022748236
 20
-33.93303140824812
 30
0.0
 40
3.8
  1
4.3
 50
-228.04864400865114
 72
1
 11
-37.750854022748236
 21
-33.93303140824812
 31
0.0
100
AcDbText
 73
2
  0
TEXT
  5
B26
330
17
100
AcDbEntity
  8
ENGRAVE_TEXT
100
AcDbText
 10
-41.35042324004732
 20
-37.16856868200543
 30
0.0
 40
3.8
  1
4.3
 50
-228.04864400865114
 72
1
 11
-41.35042324004732
 21
-37.16856868200543
 31
0.0
100
AcDbText
 73
2
  0
TEXT
  5
B27
330
17
100
AcDbEntity
  8
ENGRAVE_TEXT
100
AcDbText
 10
-39.80391123654226
 20
-31.499623017957923
 30
0.0
 40
3.8
  1
4.4
 50
-231.64296353502746
 72
1
 11
-39.80391123654226
 21
-31.499623017957923
 31
0.0
100
AcDbText
 73
2
  0
TEXT
  5
B28
330
17
100
AcDbEntity
  8
ENGRAVE_TEXT
100
AcDbText
 10
-43.599240834352834
 20
-34.503133171758485
 30
0.0
 40
3.8
  1
4.4
 50
-231.64296353502746
 72
1
 11
-43.599240834352834
 21
-34.503133171758485
 31
0.0
100
AcDbText
 73
2
  0
TEXT
  5
B29
330
17
100
AcDbEntity
  8
ENGRAVE_TEXT
100
AcDbText
 10
-41.65953024284639
 20
-29.001054117831078
 30
0.0
 40
3.8
  1
4.5
 50
-235.15650495912374
 72
1
 11
-41.65953024284639
 21
-29.001054117831078
 31
0.0
100
AcDbText
 73
2
  0
TEXT
  5
B2A
330
17
100
AcDbEntity
  8
ENGRAVE_TEXT
100
AcDbText
 10
-45.631794355836476
 20
-31.766324053416234
 30
0.0
 40
3.8
  1
4.5
 50
-235.15650495912374
 72
1
 11
-45.631794355836476
 21
-31.766324053416234
 31
0.0
100
AcDbText
 73
2
  0
TEXT
  5
B2B
330
17
100
AcDbEntity
  8
ENGRAVE_TEXT
100
AcDbText
 10
-43.32292372775364
 20
-26.45187856616691
 30
0.0
 40
3.8
  1
4.6
 50
-238.59281940536667
 72
1
 11
-43.32292372775364
 21
-26.45187856616691
 31
0.0
100
AcDbText
 73
2
  0
TEXT
  5
B2C
330
17
100
AcDbEntity
  8
ENGRAVE_TEXT
100
AcDbText
 10
-47.45379352370178
 20
-28.974082905415294
 30
0.0
 40
3.8
  1
4.6
 50
-238.59281940536667
 72
1
 11
-47.45379352370178
 21
-28.974082905415294
 31
0.0
100
AcDbText
 73
2
  0
TEXT
  5
B2D
330
17
100
AcDbEntity
  8
ENGRAVE_TEXT
100
AcDbText
 10
-44.79978498438201
 20
-23.865390534268236
 30
0.0
 40
3.8
  1
4.7
 50
-241.9552288568583
 72
1
 11
-44.79978498438201
 21
-23.865390534268236
 31
0.0
100
AcDbText
 73
2
  0
TEXT
  5
B2E
330
17
100
AcDbEntity
  8
ENGRAVE_TEXT
100
AcDbText
 10
-49.07147449037903
 20
-26.140971507196888
 30
0.0
 40
3.8
  1
4.7
 50
-241.9552288568583
 72
1
 11
-49.07147449037903
 21
-26.140971507196888
 31
0.0
100
AcDbText
 73
2
  0
TEXT
  5
B2F
330
17
100
AcDbEntity
  8
ENGRAVE_TEXT
100
AcDbText
 10
-46.09617740382186
 20
-21.25370623574586
 30
0.0
 40
3.8
  1
4.8
 50
-245.24684545521137
 72
1
 11
-46.09617740382186
 21
-21.25370623574586
 31
0.0
100
AcDbText
 73
2
  0
TEXT
  5
B30
330
17
100
AcDbEntity
  8
ENGRAVE_TEXT
100
AcDbText
 10
-50.491478795360436
 20
-23.280261361455278
 30
0.0
 40
3.8
  1
4.8
 50
-245.24684545521137
 72
1
 11
-50.491478795360436
 21
-23.280261361455278
 31
0.0
100
AcDbText
 73
2
  0
TEXT
  5
B31
330
17
100
AcDbEntity
  8
ENGRAVE_TEXT
100
AcDbText
 10
-47.21843988876545
 20
-18.62784299029396
 30
0.0
 40
3.8
  1
4.9
 50
-248.47058881026496
 72
1
 11
-47.21843988876545
 21
-18.62784299029396
 31
0.0
100
AcDbText
 73
2
  0
TEXT
  5
B32
330
17
100
AcDbEntity
  8
ENGRAVE_TEXT
100
AcDbText
 10
-51.72074975995586
 20
-20.404020296697087
 30
0.0
 40
3.8
  1
4.9
 50
-248.47058881026496
 72
1
 11
-51.72074975995586
 21
-20.404020296697087
 31
0.0
100
AcDbText
 73
2
  0
TEXT
  5
B33
330
17
100
AcDbEntity
  8
ENGRAVE_TEXT
100
AcDbText
 10
-48.17310609779254
 20
-15.99779512591728
 30
0.0
 40
3.8
  1
5
 50
-251.62920156096678
 72
1
 11
-48.17310609779254
 21
-15.99779512591728
 31
0.0
100
AcDbText
 73
2
  0
TEXT
  5
B34
330
17
100
AcDbEntity
  8
ENGRAVE_TEXT
100
AcDbText
 10
-52.76644403146701
 20
-17.523195606796705
 30
0.0
 40
3.8
  1
5
 50
-251.62920156096678
 72
1
 11
-52.76644403146701
 21
-17.523195606796705
 31
0.0
100
AcDbText
 73
2
  0
TEXT
  5
B35
330
17
100
AcDbEntity
  8
ENGRAVE_TEXT
100
AcDbText
 10
-48.966835696445294
 20
-13.372606398056094
 30
0.0
 40
3.8
  1
5.1
 50
-254.7252633952571
 72
1
 11
-48.966835696445294
 21
-13.372606398056094
 31
0.0
100
AcDbText
 73
2
  0
TEXT
  5
B36
330
17
100
AcDbEntity
  8
ENGRAVE_TEXT
100
AcDbText
 10
-53.635856279006276
 20
-14.647693375333311
 30
0.0
 40
3.8
  1
5.1
 50
-254.7252633952571
 72
1
 11
-53.635856279006276
 21
-14.647693375333311
 31
0.0
100
AcDbText
 73
2
  0
TEXT
  5
B37
330
17
100
AcDbEntity
  8
ENGRAVE_TEXT
100
AcDbText
 10
-49.606356025851014
 20
-10.760438738105174
 30
0.0
 40
3.8
  1
5.2
 50
-257.7612037085277
 72
1
 11
-49.606356025851014
 21
-10.760438738105174
 31
0.0
100
AcDbText
 73
2
  0
TEXT
  5
B38
330
17
100
AcDbEntity
  8
ENGRAVE_TEXT
100
AcDbText
 10
-54.33635530018354
 20
-11.78645377932718
 30
0.0
 40
3.8
  1
5.2
 50
-257.7612037085277
 72
1
 11
-54.33635530018354
 21
-11.78645377932718
 31
0.0
100
AcDbText
 73
2
  0
TEXT
  5
B39
330
17
100
AcDbEntity
  8
ENGRAVE_TEXT
100
AcDbText
 10
-50.098412804628055
 20
-8.168637246020852
 30
0.0
 40
3.8
  1
5.3
 50
-260.73931305628406
 72
1
 11
-50.098412804628055
 21
-8.168637246020852
 31
0.0
100
AcDbText
 73
2
  0
TEXT
  5
B3A
330
17
100
AcDbEntity
  8
ENGRAVE_TEXT
100
AcDbText
 10
-54.875330022405834
 20
-8.94752227893537
 30
0.0
 40
3.8
  1
5.3
 50
-260.73931305628406
 72
1
 11
-54.875330022405834
 21
-8.94752227893537
 31
0.0
100
AcDbText
 73
2
  0
TEXT
  5
B3B
330
17
100
AcDbEntity
  8
ENGRAVE_TEXT
100
AcDbText
 10
-50.44972865867627
 20
-5.6037914188465034
 30
0.0
 40
3.8
  1
5.4
 50
-263.66175353626863
 72
1
 11
-50.44972865867627
 21
-5.6037914188465034
 31
0.0
100
AcDbText
 73
2
  0
TEXT
  5
B3C
330
17
100
AcDbEntity
  8
ENGRAVE_TEXT
100
AcDbText
 10
-55.2601440784555
 20
-6.138116684158109
 30
0.0
 40
3.8
  1
5.4
 50
-263.66175353626863
 72
1
 11
-55.2601440784555
 21
-6.138116684158109
 31
0.0
100
AcDbText
 73
2
  0
TEXT
  5
B3D
330
17
100
AcDbEntity
  8
ENGRAVE_TEXT
100
AcDbText
 10
-50.66696842940977
 20
-3.071792664421441
 30
0.0
 40
3.8
  1
5.5
 50
-266.5305682179278
 72
1
 11
-50.66696842940977
 21
-3.071792664421441
 31
0.0
100
AcDbText
 73
2
  0
TEXT
  5
B3E
330
17
100
AcDbEntity
  8
ENGRAVE_TEXT
100
AcDbText
 10
-55.49809780683971
 20
-3.3646901525183632
 30
0.0
 40
3.8
  1
5.5
 50
-266.5305682179278
 72
1
 11
-55.49809780683971
 21
-3.3646901525183632
 31
0.0
100
AcDbText
 73
2
  0
TEXT
  5
B3F
330
17
100
AcDbEntity
  8
ENGRAVE_TEXT
100
AcDbText
 10
-50.756710346890046
 20
-0.5778881915260806
 30
0.0
 40
3.8
  1
5.6
 50
-269.3476897222322
 72
1
 11
-50.756710346890046
 21
-0.5778881915260806
 31
0.0
100
AcDbText
 73
2
  0
TEXT
  5
B40
330
17
100
AcDbEntity
  8
ENGRAVE_TEXT
100
AcDbText
 10
-55.59639667626254
 20
-0.6329902176684414
 30
0.0
 40
3.8
  1
5.6
 50
-269.3476897222322
 72
1
 11
-55.59639667626254
 21
-0.6329902176684414
 31
0.0
100
AcDbText
 73
2
  0
TEXT
  5
B41
330
17
100
AcDbEntity
  8
ENGRAVE_TEXT
100
AcDbText
 10
-50.725422272696136
 20
1.8732686023799883
 30
0.0
 40
3.8
  1
5.7
 50
-272.1149480420969
 72
1
 11
-50.725422272696136
 21
1.8732686023799883
 31
0.0
100
AcDbText
 73
2
  0
TEXT
  5
B42
330
17
100
AcDbEntity
  8
ENGRAVE_TEXT
100
AcDbText
 10
-55.56212526323691
 20
2.0518860183673633
 30
0.0
 40
3.8
  1
5.7
 50
-272.1149480420969
 72
1
 11
-55.56212526323691
 21
2.0518860183673633
 31
0.0
100
AcDbText
 73
2
  0
TEXT
  5
B43
330
17
100
AcDbEntity
  8
ENGRAVE_TEXT
100
AcDbText
 10
-50.57944232046016
 20
4.277571104171559
 30
0.0
 40
3.8
  1
5.8
 50
-274.83407768265744
 72
1
 11
-50.57944232046016
 21
4.277571104171559
 31
0.0
100
AcDbText
 73
2
  0
TEXT
  5
B44
330
17
100
AcDbEntity
  8
ENGRAVE_TEXT
100
AcDbText
 10
-55.402226024775125
 20
4.685440374151669
 30
0.0
 40
3.8
  1
5.8
 50
-274.83407768265744
 72
1
 11
-55.402226024775125
 21
4.685440374151669
 31
0.0
100
AcDbText
 73
2
  0
TEXT
  5
B45
330
17
100
AcDbEntity
  8
ENGRAVE_TEXT
100
AcDbText
 10
-50.32496325176652
 20
6.631415663970156
 30
0.0
 40
3.8
  1
5.9
 50
-277.50672419117194
 72
1
 11
-50.32496325176652
 21
6.631415663970156
 31
0.0
100
AcDbText
 73
2
  0
TEXT
  5
B46
330
17
100
AcDbEntity
  8
ENGRAVE_TEXT
100
AcDbText
 10
-55.123482206426694
 20
7.263725589376294
 30
0.0
 40
3.8
  1
5.9
 50
-277.50672419117194
 72
1
 11
-55.123482206426694
 21
7.263725589376294
 31
0.0
100
AcDbText
 73
2
  0
TEXT
  5
B47
330
17
100
AcDbEntity
  8
ENGRAVE_TEXT
100
AcDbText
 10
-49.96802012328163
 20
8.931660817525566
 30
0.0
 40
3.8
  1
6
 50
-280.13445013811173
 72
1
 11
-49.96802012328163
 21
8.931660817525566
 31
0.0
100
AcDbText
 73
2
  0
TEXT
  5
B48
330
17
100
AcDbEntity
  8
ENGRAVE_TEXT
100
AcDbText
 10
-54.73250431155357
 20
9.783300659070559
 30
0.0
 40
3.8
  1
6
 50
-280.13445013811173
 72
1
 11
-54.73250431155357
 21
9.783300659070559
 31
0.0
100
AcDbText
 73
2
  0
TEXT
  5
B49
330
17
100
AcDbEntity
  8
ENGRAVE_TEXT
100
AcDbText
 10
-46.84551639141995
 20
19.54674382144517
 30
0.0
 40
3.8
  1
6.5
 50
-292.648808391428
 72
1
 11
-46.84551639141995
 21
19.54674382144517
 31
0.0
100
AcDbText
 73
2
  0
TEXT
  5
B4A
330
17
100
AcDbEntity
  8
ENGRAVE_TEXT
100
AcDbText
 10
-51.31226775734731
 20
21.410538937595575
 30
0.0
 40
3.8
  1
6.5
 50
-292.648808391428
 72
1
 11
-51.31226775734731
 21
21.410538937595575
 31
0.0
100
AcDbText
 73
2
  0
TEXT
  5
B4B
330
17
100
AcDbEntity
  8
ENGRAVE_TEXT
100
AcDbText
 10
-41.965026570868055
 20
28.557208282784536
 30
0.0
 40
3.8
  1
7
 50
-304.23529440513244
 72
1
 11
-41.965026570868055
 21
28.557208282784536
 31
0.0
100
AcDbText
 73
2
  0
TEXT
  5
B4C
330
17
100
AcDbEntity
  8
ENGRAVE_TEXT
100
AcDbText
 10
-45.96641996336217
 20
31.280157220701742
 30
0.0
 40
3.8
  1
7
 50
-304.23529440513244
 72
1
 11
-45.96641996336217
 21
31.280157220701742
 31
0.0
100
AcDbText
 73
2
  0
TEXT
  5
B4D
330
17
100
AcDbEntity
  8
ENGRAVE_TEXT
100
AcDbText
 10
-35.878921388942395
 20
35.90655371886992
 30
0.0
 40
3.8
  1
7.5
 50
-315.02205482101203
 72
1
 11
-35.878921388942395
 21
35.90655371886992
 31
0.0
100
AcDbText
 73
2
  0
TEXT
  5
B4E
330
17
100
AcDbEntity
  8
ENGRAVE_TEXT
100
AcDbText
 10
-39.300000575752506
 20
39.330267666847284
 30
0.0
 40
3.8
  1
7.5
 50
-315.02205482101203
 72
1
 11
-39.300000575752506
 21
39.330267666847284
 31
0.0
100
AcDbText
 73
2
  0
TEXT
  5
B4F
330
17
100
AcDbEntity
  8
ENGRAVE_TEXT
100
AcDbText
 10
-29.033117463307512
 20
41.63719119203154
 30
0.0
 40
3.8
  1
8
 50
-325.1123953170997
 72
1
 11
-29.033117463307512
 21
41.63719119203154
 31
0.0
100
AcDbText
 73
2
  0
TEXT
  5
B50
330
17
100
AcDbEntity
  8
ENGRAVE_TEXT
100
AcDbText
 10
-31.801444660360477
 20
45.607325261563304
 30
0.0
 40
3.8
  1
8
 50
-325.1123953170997
 72
1
 11
-31.801444660360477
 21
45.607325261563304
 31
0.0
100
AcDbText
 73
2
  0
TEXT
  5
B51
330
17
100
AcDbEntity
  8
ENGRAVE_TEXT
100
AcDbText
 10
-21.780099159711288
 20
45.84980785775599
 30
0.0
 40
3.8
  1
8.5
 50
-334.5908132571454
 72
1
 11
-21.780099159711288
 21
45.84980785775599
 31
0.0
100
AcDbText
 73
2
  0
TEXT
  5
B52
330
17
100
AcDbEntity
  8
ENGRAVE_TEXT
100
AcDbText
 10
-23.856846203308663
 20
50.22161774805424
 30
0.0
 40
3.8
  1
8.5
 50
-334.5908132571454
 72
1
 11
-23.856846203308663
 21
50.22161774805424
 31
0.0
100
AcDbText
 73
2
  0
TEXT
  5
B53
330
17
100
AcDbEntity
  8
ENGRAVE_TEXT
100
AcDbText
 10
-14.393424489737765
 20
48.67655422745346
 30
0.0
 40
3.8
  1
9
 50
-343.52730339815696
 72
1
 11
-14.393424489737765
 21
48.67655422745346
 31
0.0
100
AcDbText
 73
2
  0
TEXT
  5
B54
330
17
100
AcDbEntity
  8
ENGRAVE_TEXT
100
AcDbText
 10
-15.765847155819932
 20
53.317896277510094
 30
0.0
 40
3.8
  1
9
 50
-343.52730339815696
 72
1
 11
-15.765847155819932
 21
53.317896277510094
 31
0.0
100
AcDbText
 73
2
  0
TEXT
  5
B55
330
17
100
AcDbEntity
  8
ENGRAVE_TEXT
100
AcDbText
 10
-7.0815355269000095
 20
50.263599697805695
 30
0.0
 40
3.8
  1
9.5
 50
-351.98049790398517
 72
1
 11
-7.0815355269000095
 21
50.263599697805695
 31
0.0
100
AcDbText
 73
2
  0
TEXT
  5
B56
330
17
100
AcDbEntity
  8
ENGRAVE_TEXT
100
AcDbText
 10
-7.756764682735235
 20
55.05626759649324
 30
0.0
 40
3.8
  1
9.5
 50
-351.98049790398517
 72
1
 11
-7.756764682735235
 21
55.05626759649324
 31
0.0
100
AcDbText
 73
2
  0
TEXT
  5
B57
330
17
100
AcDbEntity
  8
ENGRAVE_TEXT
100
AcDbText
 10
-1.243261430494393e-14
 20
50.76
 30
0.0
 40
3.8
  1
1
 50
-360.0
 72
1
 11
-1.243261430494393e-14
 21
50.76
 31
0.0
100
AcDbText
 73
2
  0
TEXT
  5
B58
330
17
100
AcDbEntity
  8
ENGRAVE_TEXT
100
AcDbText
 10
-1.3618072406518569e-14
 20
55.6
 30
0.0
 40
3.8
  1
1
 50
-360.0
 72
1
 11
-1.3618072406518569e-14
 21
55.6
 31
0.0
100
AcDbText
 73
2
  0
ENDSEC
  0
SECTION
  2
OBJECTS
  0
DICTIONARY
  5
A
330
0
100
AcDbDictionary
281
1
  3
ACAD_COLOR
350
B
  3
ACAD_GROUP
350
C
  3
ACAD_LAYOUT
350
D
  3
ACAD_MATERIAL
350
E
  3
ACAD_MLEADERSTYLE
350
F
  3
ACAD_MLINESTYLE
350
10
  3
ACAD_PLOTSETTINGS
350
11
  3
ACAD_PLOTSTYLENAME
350
12
  3
ACAD_SCALELIST
350
14
  3
ACAD_TABLESTYLE
350
15
  3
ACAD_VISUALSTYLE
350
16
  3
EZDXF_META
350
2D
  0
DICTIONARY
  5
B
330
A
100
AcDbDictionary
281
1
  0
DICTIONARY
  5
C
330
A
100
AcDbDictionary
281
1
  0
DICTIONARY
  5
D
330
A
100
AcDbDictionary
281
1
  3
Model
350
1A
  3
Layout1
350
1E
  0
DICTIONARY
  5
E
330
A
100
AcDbDictionary
281
1
  3
ByBlock
350
1F
  3
ByLayer
350
20
  3
Global
350
21
  0
DICTIONARY
  5
F
330
A
100
AcDbDictionary
281
1
  3
Standard
350
2C
  0
DICTIONARY
  5
10
330
A
100
AcDbDictionary
281
1
  3
Standard
350
22
  0
DICTIONARY
  5
11
330
A
100
AcDbDictionary
281
1
  0
ACDBDICTIONARYWDFLT
  5
12
330
A
100
AcDbDictionary
281
1
  3
Normal
350
13
100
AcDbDictionaryWithDefault
340
13
  0
ACDBPLACEHOLDER
  5
13
330
12
  0
DICTIONARY
  5
14
330
A
100
AcDbDictionary
281
1
  0
DICTIONARY
  5
15
330
A
100
AcDbDictionary
281
1
  0
DICTIONARY
  5
16
330
A
100
AcDbDictionary
281
1
  0
LAYOUT
  5
1A
330
D
100
AcDbPlotSettings
  1

  4
A3
  6

 40
7.5
 41
20.0
 42
7.5
 43
20.0
 44
420.0
 45
297.0
 46
0.0
 47
0.0
 48
0.0
 49
0.0
140
0.0
141
0.0
142
1.0
143
1.0
 70
1024
 72
1
 73
0
 74
5
  7

 75
16
 76
0
 77
2
 78
300
147
1.0
148
0.0
149
0.0
100
AcDbLayout
  1
Model
 70
1
 71
0
 10
0.0
 20
0.0
 11
420.0
 21
297.0
 12
0.0
 22
0.0
 32
0.0
 14
1e+20
 24
1e+20
 34
1e+20
 15
-1e+20
 25
-1e+20
 35
-1e+20
146
0.0
 13
0.0
 23
0.0
 33
0.0
 16
1.0
 26
0.0
 36
0.0
 17
0.0
 27
1.0
 37
0.0
 76
1
330
17
  0
LAYOUT
  5
1E
330
D
100
AcDbPlotSettings
  1

  4
A3
  6

 40
7.5
 41
20.0
 42
7.5
 43
20.0
 44
420.0
 45
297.0
 46
0.0
 47
0.0
 48
0.0
 49
0.0
140
0.0
141
0.0
142
1.0
143
1.0
 70
0
 72
1
 73
0
 74
5
  7

 75
16
 76
0
 77
2
 78
300
147
1.0
148
0.0
149
0.0
100
AcDbLayout
  1
Layout1
 70
1
 71
1
 10
0.0
 20
0.0
 11
420.0
 21
297.0
 12
0.0
 22
0.0
 32
0.0
 14
1e+20
 24
1e+20
 34
1e+20
 15
-1e+20
 25
-1e+20
 35
-1e+20
146
0.0
 13
0.0
 23
0.0
 33
0.0
 16
1.0
 26
0.0
 36
0.0
 17
0.0
 27
1.0
 37
0.0
 76
1
330
1B
  0
MATERIAL
  5
1F
102
{ACAD_REACTORS
330
E
102
}
330
E
100
AcDbMaterial
  1
ByBlock
  2

 70
0
 40
1.0
 71
1
 41
1.0
 91
-1023410177
 42
1.0
 72
1
  3

 73
1
 74
1
 75
1
 44
0.5
 73
0
 45
1.0
 46
1.0
 77
1
  4

 78
1
 79
1
170
1
 48
1.0
171
1
  6

172
1
173
1
174
1
140
1.0
141
1.0
175
1
  7

176
1
177
1
178
1
143
1.0
179
1
  8

270
1
271
1
272
1
145
1.0
146
1.0
273
1
  9

274
1
275
1
276
1
 42
1.0
 72
1
  3

 73
1
 74
1
 75
1
 94
63
  0
MATERIAL
  5
20
102
{ACAD_REACTORS
330
E
102
}
330
E
100
AcDbMaterial
  1
ByLayer
  2

 70
0
 40
1.0
 71
1
 41
1.0
 91
-1023410177
 42
1.0
 72
1
  3

 73
1
 74
1
 75
1
 44
0.5
 73
0
 45
1.0
 46
1.0
 77
1
  4

 78
1
 79
1
170
1
 48
1.0
171
1
  6

172
1
173
1
174
1
140
1.0
141
1.0
175
1
  7

176
1
177
1
178
1
143
1.0
179
1
  8

270
1
271
1
272
1
145
1.0
146
1.0
273
1
  9

274
1
275
1
276
1
 42
1.0
 72
1
  3

 73
1
 74
1
 75
1
 94
63
  0
MATERIAL
  5
21
102
{ACAD_REACTORS
330
E
102
}
330
E
100
AcDbMaterial
  1
Global
  2

 70
0
 40
1.0
 71
1
 41
1.0
 91
-1023410177
 42
1.0
 72
1
  3

 73
1
 74
1
 75
1
 44
0.5
 73
0
 45
1.0
 46
1.0
 77
1
  4

 78
1
 79
1
170
1
 48
1.0
171
1
  6

172
1
173
1
174
1
140
1.0
141
1.0
175
1
  7

176
1
177
1
178
1
143
1.0
179
1
  8

270
1
271
1
272
1
145
1.0
146
1.0
273
1
  9

274
1
275
1
276
1
 42
1.0
 72
1
  3

 73
1
 74
1
 75
1
 94
63
  0
MLINESTYLE
  5
22
102
{ACAD_REACTORS
330
10
102
}
330
10
100
AcDbMlineStyle
  2
Standard
 70
0
  3

 62
256
 51
90.0
 52
90.0
 71
2
 49
0.5
 62
256
  6
BYLAYER
 49
-0.5
 62
256
  6
BYLAYER
  0
MLEADERSTYLE
  5
2C
102
{ACAD_REACTORS
330
F
102
}
330
F
100
AcDbMLeaderStyle
179
2
170
2
171
1
172
0
 90
2
 40
0.0
 41
0.0
173
1
 91
-1056964608
 92
-2
290
1
 42
2.0
291
1
 43
8.0
  3
Standard
 44
4.0
300

342
29
174
1
175
1
176
0
178
1
 93
-1056964608
 45
4.0
292
0
297
0
 46
4.0
 94
-1056964608
 47
1.0
 49
1.0
140
1.0
294
1
141
0.0
177
0
142
1.0
295
0
296
0
143
3.75
271
0
272
9
273
9
  0
DICTIONARY
  5
2D
330
A
100
AcDbDictionary
280
1
281
1
  3
CREATED_BY_EZDXF
350
2E
  3
WRITTEN_BY_EZDXF
350
B5B
  0
DICTIONARYVAR
  5
2E
330
2D
100
DictionaryVariables
280
0
  1
1.4.4 @ 2026-08-30T08:20:09.844867+00:00
  0
DICTIONARYVAR
  5
B5B
330
2D
100
DictionaryVariables
280
0
  1
1.4.4 @ 2026-08-30T08:20:09.869713+00:00
  0
ENDSEC
  0
EOF
