  0
SECTION
  2
HEADER
  9
$ACADVER
  1
AC1024
  9
$ACADMAINTVER
 70
6
  9
$DWGCODEPAGE
  3
ANSI_1252
  9
$LASTSAVEDBY
  1
ezdxf
  9
$INSBASE
 10
0.0
 20
0.0
 30
0.0
  9
$EXTMIN
 10
1e+20
 20
1e+20
 30
1e+20
  9
$EXTMAX
 10
-1e+20
 20
-1e+20
 30
-1e+20
  9
$LIMMIN
 10
0.0
 20
0.0
  9
$LIMMAX
 10
420.0
 20
297.0
  9
$ORTHOMODE
 70
0
  9
$REGENMODE
 70
1
  9
$FILLMODE
 70
1
  9
$QTEXTMODE
 70
0
  9
$MIRRTEXT
 70
1
  9
$LTSCALE
 40
1.0
  9
$ATTMODE
 70
1
  9
$TEXTSIZE
 40
2.5
  9
$TRACEWID
 40
1.0
  9
$TEXTSTYLE
  7
Standard
  9
$CLAYER
  8
0
  9
$CELTYPE
  6
ByLayer
  9
$CECOLOR
 62
256
  9
$CELTSCALE
 40
1.0
  9
$DISPSILH
 70
0
  9
$DIMSCALE
 40
1.0
  9
$DIMASZ
 40
2.5
  9
$DIMEXO
 40
0.625
  9
$DIMDLI
 40
3.75
  9
$DIMRND
 40
0.0
  9
$DIMDLE
 40
0.0
  9
$DIMEXE
 40
1.25
  9
$DIMTP
 40
0.0
  9
$DIMTM
 40
0.0
  9
$DIMTXT
 40
2.5
  9
$DIMCEN
 40
2.5
  9
$DIMTSZ
 40
0.0
  9
$DIMTOL
 70
0
  9
$DIMLIM
 70
0
  9
$DIMTIH
 70
0
  9
$DIMTOH
 70
0
  9
$DIMSE1
 70
0
  9
$DIMSE2
 70
0
  9
$DIMTAD
 70
1
  9
$DIMZIN
 70
8
  9
$DIMBLK
  1

  9
$DIMASO
 70
1
  9
$DIMSHO
 70
1
  9
$DIMPOST
  1

  9
$DIMAPOST
  1

  9
$DIMALT
 70
0
  9
$DIMALTD
 70
3
  9
$DIMALTF
 40
0.03937007874
  9
$DIMLFAC
 40
1.0
  9
$DIMTOFL
 70
1
  9
$DIMTVP
 40
0.0
  9
$DIMTIX
 70
0
  9
$DIMSOXD
 70
0
  9
$DIMSAH
 70
0
  9
$DIMBLK1
  1

  9
$DIMBLK2
  1

  9
$DIMSTYLE
  2
ISO-25
  9
$DIMCLRD
 70
0
  9
$DIMCLRE
 70
0
  9
$DIMCLRT
 70
0
  9
$DIMTFAC
 40
1.0
  9
$DIMGAP
 40
0.625
  9
$DIMJUST
 70
0
  9
$DIMSD1
 70
0
  9
$DIMSD2
 70
0
  9
$DIMTOLJ
 70
0
  9
$DIMTZIN
 70
8
  9
$DIMALTZ
 70
0
  9
$DIMALTTZ
 70
0
  9
$DIMUPT
 70
0
  9
$DIMDEC
 70
2
  9
$DIMTDEC
 70
2
  9
$DIMALTU
 70
2
  9
$DIMALTTD
 70
3
  9
$DIMTXSTY
  7
Standard
  9
$DIMAUNIT
 70
0
  9
$DIMADEC
 70
0
  9
$DIMALTRND
 40
0.0
  9
$DIMAZIN
 70
0
  9
$DIMDSEP
 70
44
  9
$DIMATFIT
 70
3
  9
$DIMFRAC
 70
0
  9
$DIMLDRBLK
  1

  9
$DIMLUNIT
 70
2
  9
$DIMLWD
 70
-2
  9
$DIMLWE
 70
-2
  9
$DIMTMOVE
 70
0
  9
$DIMFXL
 40
1.0
  9
$DIMFXLON
 70
0
  9
$DIMJOGANG
 40
0.785398163397
  9
$DIMTFILL
 70
0
  9
$DIMTFILLCLR
 70
0
  9
$DIMARCSYM
 70
0
  9
$DIMLTYPE
  6

  9
$DIMLTEX1
  6

  9
$DIMLTEX2
  6

  9
$DIMTXTDIRECTION
 70
0
  9
$LUNITS
 70
2
  9
$LUPREC
 70
4
  9
$SKETCHINC
 40
1.0
  9
$FILLETRAD
 40
10.0
  9
$AUNITS
 70
0
  9
$AUPREC
 70
2
  9
$MENU
  1
.
  9
$ELEVATION
 40
0.0
  9
$PELEVATION
 40
0.0
  9
$THICKNESS
 40
0.0
  9
$LIMCHECK
 70
0
  9
$CHAMFERA
 40
0.0
  9
$CHAMFERB
 40
0.0
  9
$CHAMFERC
 40
0.0
  9
$CHAMFERD
 40
0.0
  9
$SKPOLY
 70
0
  9
$TDCREATE
 40
2461283.4639814813
  9
$TDUCREATE
 40
2458532.153996898
  9
$TDUPDATE
 40
2461283.4639814813
  9
$TDUUPDATE
 40
2458532.1544311
  9
$TDINDWG
 40
0.0
  9
$TDUSRTIMER
 40
0.0
  9
$USRTIMER
 70
1
  9
$ANGBASE
 50
0.0
  9
$ANGDIR
 70
0
  9
$PDMODE
 70
0
  9
$PDSIZE
 40
0.0
  9
$PLINEWID
 40
0.0
  9
$SPLFRAME
 70
0
  9
$SPLINETYPE
 70
6
  9
$SPLINESEGS
 70
8
  9
$HANDSEED
  5
BFC
  9
$SURFTAB1
 70
6
  9
$SURFTAB2
 70
6
  9
$SURFTYPE
 70
6
  9
$SURFU
 70
6
  9
$SURFV
 70
6
  9
$UCSBASE
  2

  9
$UCSNAME
  2

  9
$UCSORG
 10
0.0
 20
0.0
 30
0.0
  9
$UCSXDIR
 10
1.0
 20
0.0
 30
0.0
  9
$UCSYDIR
 10
0.0
 20
1.0
 30
0.0
  9
$UCSORTHOREF
  2

  9
$UCSORTHOVIEW
 70
0
  9
$UCSORGTOP
 10
0.0
 20
0.0
 30
0.0
  9
$UCSORGBOTTOM
 10
0.0
 20
0.0
 30
0.0
  9
$UCSORGLEFT
 10
0.0
 20
0.0
 30
0.0
  9
$UCSORGRIGHT
 10
0.0
 20
0.0
 30
0.0
  9
$UCSORGFRONT
 10
0.0
 20
0.0
 30
0.0
  9
$UCSORGBACK
 10
0.0
 20
0.0
 30
0.0
  9
$PUCSBASE
  2

  9
$PUCSNAME
  2

  9
$PUCSORG
 10
0.0
 20
0.0
 30
0.0
  9
$PUCSXDIR
 10
1.0
 20
0.0
 30
0.0
  9
$PUCSYDIR
 10
0.0
 20
1.0
 30
0.0
  9
$PUCSORTHOREF
  2

  9
$PUCSORTHOVIEW
 70
0
  9
$PUCSORGTOP
 10
0.0
 20
0.0
 30
0.0
  9
$PUCSORGBOTTOM
 10
0.0
 20
0.0
 30
0.0
  9
$PUCSORGLEFT
 10
0.0
 20
0.0
 30
0.0
  9
$PUCSORGRIGHT
 10
0.0
 20
0.0
 30
0.0
  9
$PUCSORGFRONT
 10
0.0
 20
0.0
 30
0.0
  9
$PUCSORGBACK
 10
0.0
 20
0.0
 30
0.0
  9
$USERI1
 70
0
  9
$USERI2
 70
0
  9
$USERI3
 70
0
  9
$USERI4
 70
0
  9
$USERI5
 70
0
  9
$USERR1
 40
0.0
  9
$USERR2
 40
0.0
  9
$USERR3
 40
0.0
  9
$USERR4
 40
0.0
  9
$USERR5
 40
0.0
  9
$WORLDVIEW
 70
1
  9
$SHADEDGE
 70
3
  9
$SHADEDIF
 70
70
  9
$TILEMODE
 70
1
  9
$MAXACTVP
 70
64
  9
$PINSBASE
 10
0.0
 20
0.0
 30
0.0
  9
$PLIMCHECK
 70
0
  9
$PEXTMIN
 10
1e+20
 20
1e+20
 30
1e+20
  9
$PEXTMAX
 10
-1e+20
 20
-1e+20
 30
-1e+20
  9
$PLIMMIN
 10
0.0
 20
0.0
  9
$PLIMMAX
 10
420.0
 20
297.0
  9
$UNITMODE
 70
0
  9
$VISRETAIN
 70
1
  9
$PLINEGEN
 70
0
  9
$PSLTSCALE
 70
1
  9
$TREEDEPTH
 70
3020
  9
$CMLSTYLE
  2
Standard
  9
$CMLJUST
 70
0
  9
$CMLSCALE
 40
20.0
  9
$PROXYGRAPHICS
 70
1
  9
$MEASUREMENT
 70
1
  9
$CELWEIGHT
370
-1
  9
$ENDCAPS
280
0
  9
$JOINSTYLE
280
0
  9
$LWDISPLAY
290
0
  9
$INSUNITS
 70
6
  9
$HYPERLINKBASE
  1

  9
$STYLESHEET
  1

  9
$XEDIT
290
1
  9
$CEPSNTYPE
380
0
  9
$PSTYLEMODE
290
1
  9
$FINGERPRINTGUID
  2
{91BD220F-3812-404F-B434-14F1F88642EF}
  9
$VERSIONGUID
  2
{5AEA2E21-1FE1-486B-B14F-878AE7ECCD8E}
  9
$EXTNAMES
290
1
  9
$PSVPSCALE
 40
0.0
  9
$OLESTARTUP
290
0
  9
$SORTENTS
280
127
  9
$INDEXCTL
280
0
  9
$HIDETEXT
280
1
  9
$XCLIPFRAME
280
1
  9
$HALOGAP
280
0
  9
$OBSCOLOR
 70
257
  9
$OBSLTYPE
280
0
  9
$INTERSECTIONDISPLAY
280
0
  9
$INTERSECTIONCOLOR
 70
257
  9
$DIMASSOC
280
2
  9
$PROJECTNAME
  1

  9
$CAMERADISPLAY
290
0
  9
$LENSLENGTH
 40
50.0
  9
$CAMERAHEIGHT
 40
0.0
  9
$STEPSPERSEC
 40
24.0
  9
$STEPSIZE
 40
100.0
  9
$3DDWFPREC
 40
2.0
  9
$PSOLWIDTH
 40
0.005
  9
$PSOLHEIGHT
 40
0.08
  9
$LOFTANG1
 40
1.570796326795
  9
$LOFTANG2
 40
1.570796326795
  9
$LOFTMAG1
 40
0.0
  9
$LOFTMAG2
 40
0.0
  9
$LOFTPARAM
 70
7
  9
$LOFTNORMALS
280
1
  9
$LATITUDE
 40
37.795
  9
$LONGITUDE
 40
-122.394
  9
$NORTHDIRECTION
 40
0.0
  9
$TIMEZONE
 70
-8000
  9
$LIGHTGLYPHDISPLAY
280
1
  9
$TILEMODELIGHTSYNCH
280
1
  9
$CMATERIAL
347
20
  9
$SOLIDHIST
280
0
  9
$SHOWHIST
280
1
  9
$DWFFRAME
280
2
  9
$DGNFRAME
280
2
  9
$REALWORLDSCALE
290
1
  9
$INTERFERECOLOR
 62
256
  9
$CSHADOW
280
0
  9
$SHADOWPLANELOCATION
 40
0.0
  0
ENDSEC
  0
SECTION
  2
CLASSES
  0
CLASS
  1
ACDBDICTIONARYWDFLT
  2
AcDbDictionaryWithDefault
  3
ObjectDBX Classes
 90
0
 91
0
280
0
281
0
  0
CLASS
  1
SUN
  2
AcDbSun
  3
SCENEOE
 90
1153
 91
0
280
0
281
0
  0
CLASS
  1
VISUALSTYLE
  2
AcDbVisualStyle
  3
ObjectDBX Classes
 90
4095
 91
0
280
0
281
0
  0
CLASS
  1
MATERIAL
  2
AcDbMaterial
  3
ObjectDBX Classes
 90
1153
 91
0
280
0
281
0
  0
CLASS
  1
SCALE
  2
AcDbScale
  3
ObjectDBX Classes
 90
1153
 91
0
280
0
281
0
  0
CLASS
  1
TABLESTYLE
  2
AcDbTableStyle
  3
ObjectDBX Classes
 90
4095
 91
0
280
0
281
0
  0
CLASS
  1
MLEADERSTYLE
  2
AcDbMLeaderStyle
  3
ACDB_MLEADERSTYLE_CLASS
 90
4095
 91
0
280
0
281
0
  0
CLASS
  1
DICTIONARYVAR
  2
AcDbDictionaryVar
  3
ObjectDBX Classes
 90
0
 91
0
280
0
281
0
  0
CLASS
  1
CELLSTYLEMAP
  2
AcDbCellStyleMap
  3
ObjectDBX Classes
 90
1152
 91
0
280
0
281
0
  0
CLASS
  1
MENTALRAYRENDERSETTINGS
  2
AcDbMentalRayRenderSettings
  3
SCENEOE
 90
1024
 91
0
280
0
281
0
  0
CLASS
  1
ACDBDETAILVIEWSTYLE
  2
AcDbDetailViewStyle
  3
ObjectDBX Classes
 90
1025
 91
0
280
0
281
0
  0
CLASS
  1
ACDBSECTIONVIEWSTYLE
  2
AcDbSectionViewStyle
  3
ObjectDBX Classes
 90
1025
 91
0
280
0
281
0
  0
CLASS
  1
RASTERVARIABLES
  2
AcDbRasterVariables
  3
ISM
 90
0
 91
0
280
0
281
0
  0
CLASS
  1
LAYOUT
  2
AcDbLayout
  3
ObjectDBX Classes
 90
0
 91
0
280
0
281
0
  0
CLASS
  1
ACDBPLACEHOLDER
  2
AcDbPlaceHolder
  3
ObjectDBX Classes
 90
0
 91
0
280
0
281
0
  0
ENDSEC
  0
SECTION
  2
TABLES
  0
TABLE
  2
VPORT
  5
8
330
0
100
AcDbSymbolTable
 70
1
  0
VPORT
  5
23
330
8
100
AcDbSymbolTableRecord
100
AcDbViewportTableRecord
  2
*Active
 70
0
 10
0.0
 20
0.0
 11
1.0
 21
1.0
 12
0.0
 22
0.0
 13
0.0
 23
0.0
 14
0.5
 24
0.5
 15
0.5
 25
0.5
 16
0.0
 26
0.0
 36
1.0
 17
0.0
 27
0.0
 37
0.0
 40
1000.0
 41
1.34
 42
50.0
 43
0.0
 44
0.0
 50
0.0
 51
0.0
 71
0
 72
1000
 73
1
 74
3
 75
0
 76
0
 77
0
 78
0
281
0
 65
0
146
0.0
  0
ENDTAB
  0
TABLE
  2
LTYPE
  5
2
330
0
100
AcDbSymbolTable
 70
3
  0
LTYPE
  5
24
330
2
100
AcDbSymbolTableRecord
100
AcDbLinetypeTableRecord
  2
ByBlock
 70
0
  3

 72
65
 73
0
 40
0.0
  0
LTYPE
  5
25
330
2
100
AcDbSymbolTableRecord
100
AcDbLinetypeTableRecord
  2
ByLayer
 70
0
  3

 72
65
 73
0
 40
0.0
  0
LTYPE
  5
26
330
2
100
AcDbSymbolTableRecord
100
AcDbLinetypeTableRecord
  2
Continuous
 70
0
  3

 72
65
 73
0
 40
0.0
  0
ENDTAB
  0
TABLE
  2
LAYER
  5
1
330
0
100
AcDbSymbolTable
 70
13
  0
LAYER
  5
27
330
1
100
AcDbSymbolTableRecord
100
AcDbLayerTableRecord
  2
0
 70
0
 62
7
  6
Continuous
370
-3
390
13
347
21
  0
LAYER
  5
28
330
1
100
AcDbSymbolTableRecord
100
AcDbLayerTableRecord
  2
Defpoints
 70
0
 62
7
  6
Continuous
290
0
370
-3
390
13
347
21
  0
LAYER
  5
2F
330
1
100
AcDbSymbolTableRecord
100
AcDbLayerTableRecord
  2
CUT_REFERENCE
 70
0
 62
1
  6
Continuous
370
-3
390
13
347
21
  0
LAYER
  5
30
330
1
100
AcDbSymbolTableRecord
100
AcDbLayerTableRecord
  2
ENGRAVE_AWA
 70
0
 62
4
  6
Continuous
370
-3
390
13
347
21
  0
LAYER
  5
31
330
1
100
AcDbSymbolTableRecord
100
AcDbLayerTableRecord
  2
ENGRAVE_POLARS
 70
0
 62
5
  6
Continuous
370
-3
390
13
347
21
  0
LAYER
  5
32
330
1
100
AcDbSymbolTableRecord
100
AcDbLayerTableRecord
  2
ENGRAVE_VMG
 70
0
 62
3
  6
Continuous
370
-3
390
13
347
21
  0
LAYER
  5
33
330
1
100
AcDbSymbolTableRecord
100
AcDbLayerTableRecord
  2
ENGRAVE_COMPASS
 70
0
 62
7
  6
Continuous
370
-3
390
13
347
21
  0
LAYER
  5
34
330
1
100
AcDbSymbolTableRecord
100
AcDbLayerTableRecord
  2
ENGRAVE_LOG
 70
0
 62
7
  6
Continuous
370
-3
390
13
347
21
  0
LAYER
  5
35
330
1
100
AcDbSymbolTableRecord
100
AcDbLayerTableRecord
  2
ENGRAVE_TEXT
 70
0
 62
7
  6
Continuous
370
-3
390
13
347
21
  0
LAYER
  5
36
330
1
100
AcDbSymbolTableRecord
100
AcDbLayerTableRecord
  2
ENGRAVE_POLAR_JIB
 70
0
 62
8
  6
Continuous
370
-3
390
13
347
21
  0
LAYER
  5
37
330
1
100
AcDbSymbolTableRecord
100
AcDbLayerTableRecord
  2
ENGRAVE_POLAR_ASYM
 70
0
 62
30
  6
Continuous
370
-3
390
13
347
21
  0
LAYER
  5
38
330
1
100
AcDbSymbolTableRecord
100
AcDbLayerTableRecord
  2
ENGRAVE_POLAR_SYM
 70
0
 62
210
  6
Continuous
370
-3
390
13
347
21
  0
LAYER
  5
39
330
1
100
AcDbSymbolTableRecord
100
AcDbLayerTableRecord
  2
POINTER
 70
0
 62
1
  6
Continuous
370
-3
390
13
347
21
  0
ENDTAB
  0
TABLE
  2
STYLE
  5
5
330
0
100
AcDbSymbolTable
 70
1
  0
STYLE
  5
29
330
5
100
AcDbSymbolTableRecord
100
AcDbTextStyleTableRecord
  2
Standard
 70
0
 40
0.0
 41
1.0
 50
0.0
 71
0
 42
2.5
  3
txt
  4

  0
ENDTAB
  0
TABLE
  2
VIEW
  5
7
330
0
100
AcDbSymbolTable
 70
0
  0
ENDTAB
  0
TABLE
  2
UCS
  5
6
330
0
100
AcDbSymbolTable
 70
0
  0
ENDTAB
  0
TABLE
  2
APPID
  5
3
330
0
100
AcDbSymbolTable
 70
3
  0
APPID
  5
2A
330
3
100
AcDbSymbolTableRecord
100
AcDbRegAppTableRecord
  2
ACAD
 70
0
  0
APPID
  5
BF9
330
3
100
AcDbSymbolTableRecord
100
AcDbRegAppTableRecord
  2
HATCHBACKGROUNDCOLOR
 70
0
  0
APPID
  5
BFA
330
3
100
AcDbSymbolTableRecord
100
AcDbRegAppTableRecord
  2
EZDXF
 70
0
  0
ENDTAB
  0
TABLE
  2
DIMSTYLE
  5
4
330
0
100
AcDbSymbolTable
 70
1
100
AcDbDimStyleTable
  0
DIMSTYLE
105
2B
330
4
100
AcDbSymbolTableRecord
100
AcDbDimStyleTableRecord
  2
Standard
 70
0
 40
1.0
 41
2.5
 42
0.625
 43
3.75
 44
1.25
 45
0.0
 46
0.0
 47
0.0
 48
0.0
 49
2.5
140
2.5
141
2.5
142
0.0
143
0.03937007874
144
1.0
145
0.0
146
1.0
147
0.625
148
0.0
 69
0
 70
0
 71
0
 72
0
 73
0
 74
0
 75
0
 76
0
 77
1
 78
8
 79
3
170
0
171
3
172
1
173
0
174
0
175
0
176
0
177
0
178
0
179
2
271
2
272
2
273
2
274
3
275
0
276
0
277
2
278
44
279
0
280
0
281
0
282
0
283
0
284
8
285
0
286
0
288
0
289
3
290
0
371
-2
372
-2
  0
ENDTAB
  0
TABLE
  2
BLOCK_RECORD
  5
9
330
0
100
AcDbSymbolTable
 70
2
  0
BLOCK_RECORD
  5
17
330
9
100
AcDbSymbolTableRecord
100
AcDbBlockTableRecord
  2
*Model_Space
340
1A
 70
0
280
1
281
0
  0
BLOCK_RECORD
  5
1B
330
9
100
AcDbSymbolTableRecord
100
AcDbBlockTableRecord
  2
*Paper_Space
340
1E
 70
0
280
1
281
0
  0
ENDTAB
  0
ENDSEC
  0
SECTION
  2
BLOCKS
  0
BLOCK
  5
18
330
17
100
AcDbEntity
  8
0
100
AcDbBlockBegin
  2
*Model_Space
 70
0
 10
0.0
 20
0.0
 30
0.0
  3
*Model_Space
  1

  0
ENDBLK
  5
19
330
17
100
AcDbEntity
  8
0
100
AcDbBlockEnd
  0
BLOCK
  5
1C
330
1B
100
AcDbEntity
  8
0
100
AcDbBlockBegin
  2
*Paper_Space
 70
0
 10
0.0
 20
0.0
 30
0.0
  3
*Paper_Space
  1

  0
ENDBLK
  5
1D
330
1B
100
AcDbEntity
  8
0
100
AcDbBlockEnd
  0
ENDSEC
  0
SECTION
  2
ENTITIES
  0
CIRCLE
  5
3A
330
17
100
AcDbEntity
  8
CUT_REFERENCE
100
AcDbCircle
 10
0.0
 20
0.0
 30
0.0
 40
57.5
  0
CIRCLE
  5
3B
330
17
100
AcDbEntity
  8
CUT_REFERENCE
100
AcDbCircle
 10
0.0
 20
0.0
 30
0.0
 40
47.0
  0
CIRCLE
  5
3C
330
17
100
AcDbEntity
  8
CUT_REFERENCE
100
AcDbCircle
 10
0.0
 20
0.0
 30
0.0
 40
1.6
  0
CIRCLE
  5
3D
330
17
100
AcDbEntity
  8
ENGRAVE_AWA
100
AcDbCircle
 10
0.0
 20
0.0
 30
0.0
 40
7.791666666666668
  0
TEXT
  5
3E
330
17
100
AcDbEntity
  8
ENGRAVE_TEXT
100
AcDbText
 10
6.991666666666668
 20
0.0
 30
0.0
 40
3.8
  1
0.2
 72
1
 11
6.991666666666668
 21
0.0
 31
0.0
100
AcDbText
 73
3
  0
CIRCLE
  5
3F
330
17
100
AcDbEntity
  8
ENGRAVE_AWA
100
AcDbCircle
 10
0.0
 20
0.0
 30
0.0
 40
15.583333333333336
  0
TEXT
  5
40
330
17
100
AcDbEntity
  8
ENGRAVE_TEXT
100
AcDbText
 10
14.783333333333335
 20
0.0
 30
0.0
 40
3.8
  1
0.4
 72
1
 11
14.783333333333335
 21
0.0
 31
0.0
100
AcDbText
 73
3
  0
CIRCLE
  5
41
330
17
100
AcDbEntity
  8
ENGRAVE_AWA
100
AcDbCircle
 10
0.0
 20
0.0
 30
0.0
 40
23.375000000000004
  0
TEXT
  5
42
330
17
100
AcDbEntity
  8
ENGRAVE_TEXT
100
AcDbText
 10
22.575000000000003
 20
0.0
 30
0.0
 40
3.8
  1
0.6
 72
1
 11
22.575000000000003
 21
0.0
 31
0.0
100
AcDbText
 73
3
  0
CIRCLE
  5
43
330
17
100
AcDbEntity
  8
ENGRAVE_AWA
100
AcDbCircle
 10
0.0
 20
0.0
 30
0.0
 40
31.16666666666667
  0
TEXT
  5
44
330
17
100
AcDbEntity
  8
ENGRAVE_TEXT
100
AcDbText
 10
30.36666666666667
 20
0.0
 30
0.0
 40
3.8
  1
0.8
 72
1
 11
30.36666666666667
 21
0.0
 31
0.0
100
AcDbText
 73
3
  0
CIRCLE
  5
45
330
17
100
AcDbEntity
  8
ENGRAVE_AWA
100
AcDbCircle
 10
0.0
 20
0.0
 30
0.0
 40
38.95833333333334
  0
TEXT
  5
46
330
17
100
AcDbEntity
  8
ENGRAVE_TEXT
100
AcDbText
 10
38.158333333333346
 20
0.0
 30
0.0
 40
3.8
  1
1.0
 72
1
 11
38.158333333333346
 21
0.0
 31
0.0
100
AcDbText
 73
3
  0
LINE
  5
47
330
17
100
AcDbEntity
  8
ENGRAVE_AWA
100
AcDbLine
 10
0.0
 20
0.0
 30
0.0
 11
0.0
 21
45.0
 31
0.0
  0
LINE
  5
48
330
17
100
AcDbEntity
  8
ENGRAVE_AWA
100
AcDbLine
 10
0.0
 20
45.0
 30
0.0
 11
-1.2
 21
42.5
 31
0.0
  0
LINE
  5
49
330
17
100
AcDbEntity
  8
ENGRAVE_AWA
100
AcDbLine
 10
0.0
 20
45.0
 30
0.0
 11
1.2
 21
42.5
 31
0.0
  0
LINE
  5
4A
330
17
100
AcDbEntity
  8
ENGRAVE_AWA
100
AcDbLine
 10
0.0
 20
-38.958333333333336
 30
0.0
 11
25.386970356639424
 21
-38.958333333333336
 31
0.0
  0
LINE
  5
4B
330
17
100
AcDbEntity
  8
ENGRAVE_AWA
100
AcDbLine
 10
0.0
 20
-38.958333333333336
 30
0.0
 11
32.53600057831204
 21
-33.22135858703071
 31
0.0
  0
TEXT
  5
4C
330
17
100
AcDbEntity
  8
ENGRAVE_TEXT
100
AcDbText
 10
13.428264048885211
 20
-36.59056807743738
 30
0.0
 40
2.8
  1
10
 50
-10.0
 72
1
 11
13.428264048885211
 21
-36.59056807743738
 31
0.0
100
AcDbText
 73
2
  0
LINE
  5
4D
330
17
100
AcDbEntity
  8
ENGRAVE_AWA
100
AcDbLine
 10
0.0
 20
-38.958333333333336
 30
0.0
 11
39.463144006225306
 21
-24.59492356450663
 31
0.0
  0
TEXT
  5
4E
330
17
100
AcDbEntity
  8
ENGRAVE_TEXT
100
AcDbText
 10
12.813100423007855
 20
-34.29474617069479
 30
0.0
 40
2.8
  1
20
 50
-20.0
 72
1
 11
12.813100423007855
 21
-34.29474617069479
 31
0.0
100
AcDbText
 73
2
  0
LINE
  5
4F
330
17
100
AcDbEntity
  8
ENGRAVE_AWA
100
AcDbLine
 10
0.0
 20
-38.958333333333336
 30
0.0
 11
44.58140273827257
 21
-13.219248461540552
 31
0.0
  0
TEXT
  5
50
330
17
100
AcDbEntity
  8
ENGRAVE_TEXT
100
AcDbText
 10
11.808617224519065
 20
-32.140625
 30
0.0
 40
2.8
  1
30
 50
-30.0
 72
1
 11
11.808617224519065
 21
-32.140625
 31
0.0
100
AcDbText
 73
2
  0
LINE
  5
51
330
17
100
AcDbEntity
  8
ENGRAVE_AWA
100
AcDbLine
 10
0.0
 20
-38.958333333333336
 30
0.0
 11
46.49996158999976
 21
0.0597672865931429
 31
0.0
  0
TEXT
  5
52
330
17
100
AcDbEntity
  8
ENGRAVE_TEXT
100
AcDbText
 10
10.445335167111898
 20
-30.19365644708667
 30
0.0
 40
2.8
  1
40
 50
-40.0
 72
1
 11
10.445335167111898
 21
-30.19365644708667
 31
0.0
100
AcDbText
 73
2
  0
LINE
  5
53
330
17
100
AcDbEntity
  8
ENGRAVE_AWA
100
AcDbLine
 10
0.0
 20
-38.958333333333336
 30
0.0
 11
44.368302109429905
 21
13.917750102885023
 31
0.0
  0
TEXT
  5
54
330
17
100
AcDbEntity
  8
ENGRAVE_TEXT
100
AcDbText
 10
8.764676886246667
 20
-28.512998166221436
 30
0.0
 40
2.8
  1
50
 50
-50.0
 72
1
 11
8.764676886246667
 21
-28.512998166221436
 31
0.0
100
AcDbText
 73
2
  0
LINE
  5
55
330
17
100
AcDbEntity
  8
ENGRAVE_AWA
100
AcDbLine
 10
0.0
 20
-38.958333333333336
 30
0.0
 11
37.98113280062061
 21
26.826918406362346
 31
0.0
  0
TEXT
  5
56
330
17
100
AcDbEntity
  8
ENGRAVE_TEXT
100
AcDbText
 10
6.817708333333335
 20
-27.149716108814275
 30
0.0
 40
2.8
  1
60
 50
-60.0
 72
1
 11
6.817708333333335
 21
-27.149716108814275
 31
0.0
100
AcDbText
 73
2
  0
LINE
  5
57
330
17
100
AcDbEntity
  8
ENGRAVE_AWA
100
AcDbLine
 10
0.0
 20
-38.958333333333336
 30
0.0
 11
27.7579807705136
 21
37.30609204330839
 31
0.0
  0
TEXT
  5
58
330
17
100
AcDbEntity
  8
ENGRAVE_TEXT
100
AcDbText
 10
4.663587162638547
 20
-26.145232910325483
 30
0.0
 40
2.8
  1
70
 50
-70.0
 72
1
 11
4.663587162638547
 21
-26.145232910325483
 31
0.0
100
AcDbText
 73
2
  0
LINE
  5
59
330
17
100
AcDbEntity
  8
ENGRAVE_AWA
100
AcDbLine
 10
0.0
 20
-38.958333333333336
 30
0.0
 11
14.650997385669685
 21
44.131601779281716
 31
0.0
  0
TEXT
  5
5A
330
17
100
AcDbEntity
  8
ENGRAVE_TEXT
100
AcDbText
 10
2.367765255895957
 20
-25.530069284448125
 30
0.0
 40
2.8
  1
80
 50
-80.0
 72
1
 11
2.367765255895957
 21
-25.530069284448125
 31
0.0
100
AcDbText
 73
2
  0
LINE
  5
5B
330
17
100
AcDbEntity
  8
ENGRAVE_AWA
100
AcDbLine
 10
0.0
 20
-38.958333333333336
 30
0.0
 11
5.232813718856711e-15
 21
46.49999999999999
 31
0.0
  0
LINE
  5
5C
330
17
100
AcDbEntity
  8
ENGRAVE_AWA
100
AcDbLine
 10
0.0
 20
-38.958333333333336
 30
0.0
 11
-14.650997385669676
 21
44.131601779281716
 31
0.0
  0
LINE
  5
5D
330
17
100
AcDbEntity
  8
ENGRAVE_AWA
100
AcDbLine
 10
0.0
 20
-38.958333333333336
 30
0.0
 11
-27.757980770513594
 21
37.30609204330839
 31
0.0
  0
LINE
  5
5E
330
17
100
AcDbEntity
  8
ENGRAVE_AWA
100
AcDbLine
 10
0.0
 20
-38.958333333333336
 30
0.0
 11
-37.98113280062059
 21
26.82691840636236
 31
0.0
  0
LINE
  5
5F
330
17
100
AcDbEntity
  8
ENGRAVE_AWA
100
AcDbLine
 10
0.0
 20
-38.958333333333336
 30
0.0
 11
-44.368302109429905
 21
13.917750102885023
 31
0.0
  0
LINE
  5
60
330
17
100
AcDbEntity
  8
ENGRAVE_AWA
100
AcDbLine
 10
0.0
 20
-38.958333333333336
 30
0.0
 11
-46.499961589999764
 21
0.059767286593164215
 31
0.0
  0
LINE
  5
61
330
17
100
AcDbEntity
  8
ENGRAVE_AWA
100
AcDbLine
 10
0.0
 20
-38.958333333333336
 30
0.0
 11
-44.58140273827257
 21
-13.219248461540552
 31
0.0
  0
LINE
  5
62
330
17
100
AcDbEntity
  8
ENGRAVE_AWA
100
AcDbLine
 10
0.0
 20
-38.958333333333336
 30
0.0
 11
-39.46314400622531
 21
-24.594923564506622
 31
0.0
  0
LINE
  5
63
330
17
100
AcDbEntity
  8
ENGRAVE_AWA
100
AcDbLine
 10
0.0
 20
-38.958333333333336
 30
0.0
 11
-32.536000578312034
 21
-33.22135858703071
 31
0.0
  0
LINE
  5
64
330
17
100
AcDbEntity
  8
ENGRAVE_AWA
100
AcDbLine
 10
0.0
 20
-38.958333333333336
 30
0.0
 11
-25.386970356639427
 21
-38.958333333333336
 31
0.0
  0
LINE
  5
65
330
17
100
AcDbEntity
  8
ENGRAVE_AWA
100
AcDbLine
 10
0.0
 20
-38.958333333333336
 30
0.0
 11
-19.211465827916193
 21
-42.34583309775365
 31
0.0
  0
LINE
  5
66
330
17
100
AcDbEntity
  8
ENGRAVE_AWA
100
AcDbLine
 10
0.0
 20
-38.958333333333336
 30
0.0
 11
-14.421210045520546
 21
-44.20722453200356
 31
0.0
  0
LINE
  5
67
330
17
100
AcDbEntity
  8
ENGRAVE_AWA
100
AcDbLine
 10
0.0
 20
-38.958333333333336
 30
0.0
 11
-10.842496382503825
 21
-45.21825153845946
 31
0.0
  0
LINE
  5
68
330
17
100
AcDbEntity
  8
ENGRAVE_AWA
100
AcDbLine
 10
0.0
 20
-38.958333333333336
 30
0.0
 11
-8.133492878899155
 21
-45.783144208200646
 31
0.0
  0
LINE
  5
69
330
17
100
AcDbEntity
  8
ENGRAVE_AWA
100
AcDbLine
 10
0.0
 20
-38.958333333333336
 30
0.0
 11
-6.001833398329315
 21
-46.11103984794421
 31
0.0
  0
LINE
  5
6A
330
17
100
AcDbEntity
  8
ENGRAVE_AWA
100
AcDbLine
 10
0.0
 20
-38.958333333333336
 30
0.0
 11
-4.242226444851841
 21
-46.306085073029
 31
0.0
  0
LINE
  5
6B
330
17
100
AcDbEntity
  8
ENGRAVE_AWA
100
AcDbLine
 10
0.0
 20
-38.958333333333336
 30
0.0
 11
-2.7160468098088333
 21
-46.42061061346487
 31
0.0
  0
LINE
  5
6C
330
17
100
AcDbEntity
  8
ENGRAVE_AWA
100
AcDbLine
 10
0.0
 20
-38.958333333333336
 30
0.0
 11
-1.3264626352738336
 21
-46.481076761164026
 31
0.0
  0
LINE
  5
6D
330
17
100
AcDbEntity
  8
ENGRAVE_AWA
100
AcDbLine
 10
0.0
 20
-38.958333333333336
 30
0.0
 11
-1.3853816915354433e-15
 21
-46.5
 31
0.0
  0
LINE
  5
6E
330
17
100
AcDbEntity
  8
ENGRAVE_AWA
100
AcDbLine
 10
0.0
 20
-38.958333333333336
 30
0.0
 11
1.3264626352738311
 21
-46.481076761164026
 31
0.0
  0
TEXT
  5
6F
330
17
100
AcDbEntity
  8
ENGRAVE_TEXT
100
AcDbText
 10
2.3677652558959514
 20
-52.38659738221855
 30
0.0
 40
2.8
  1
80
 50
-280.0
 72
1
 11
2.3677652558959514
 21
-52.38659738221855
 31
0.0
100
AcDbText
 73
2
  0
LINE
  5
70
330
17
100
AcDbEntity
  8
ENGRAVE_AWA
100
AcDbLine
 10
0.0
 20
-38.958333333333336
 30
0.0
 11
2.7160468098088355
 21
-46.420610613464866
 31
0.0
  0
TEXT
  5
71
330
17
100
AcDbEntity
  8
ENGRAVE_TEXT
100
AcDbText
 10
4.6635871626385486
 20
-51.77143375634119
 30
0.0
 40
2.8
  1
70
 50
-290.0
 72
1
 11
4.6635871626385486
 21
-51.77143375634119
 31
0.0
100
AcDbText
 73
2
  0
LINE
  5
72
330
17
100
AcDbEntity
  8
ENGRAVE_AWA
100
AcDbLine
 10
0.0
 20
-38.958333333333336
 30
0.0
 11
4.2422264448518385
 21
-46.30608507302901
 31
0.0
  0
TEXT
  5
73
330
17
100
AcDbEntity
  8
ENGRAVE_TEXT
100
AcDbText
 10
6.817708333333335
 20
-50.7669505578524
 30
0.0
 40
2.8
  1
60
 50
-300.0
 72
1
 11
6.817708333333335
 21
-50.7669505578524
 31
0.0
100
AcDbText
 73
2
  0
LINE
  5
74
330
17
100
AcDbEntity
  8
ENGRAVE_AWA
100
AcDbLine
 10
0.0
 20
-38.958333333333336
 30
0.0
 11
6.001833398329313
 21
-46.11103984794421
 31
0.0
  0
TEXT
  5
75
330
17
100
AcDbEntity
  8
ENGRAVE_TEXT
100
AcDbText
 10
8.764676886246665
 20
-49.403668500445235
 30
0.0
 40
2.8
  1
50
 50
-310.0
 72
1
 11
8.764676886246665
 21
-49.403668500445235
 31
0.0
100
AcDbText
 73
2
  0
LINE
  5
76
330
17
100
AcDbEntity
  8
ENGRAVE_AWA
100
AcDbLine
 10
0.0
 20
-38.958333333333336
 30
0.0
 11
8.133492878899151
 21
-45.78314420820065
 31
0.0
  0
TEXT
  5
77
330
17
100
AcDbEntity
  8
ENGRAVE_TEXT
100
AcDbText
 10
10.445335167111894
 20
-47.723010219580004
 30
0.0
 40
2.8
  1
40
 50
-320.0
 72
1
 11
10.445335167111894
 21
-47.723010219580004
 31
0.0
100
AcDbText
 73
2
  0
LINE
  5
78
330
17
100
AcDbEntity
  8
ENGRAVE_AWA
100
AcDbLine
 10
0.0
 20
-38.958333333333336
 30
0.0
 11
10.842496382503812
 21
-45.21825153845946
 31
0.0
  0
TEXT
  5
79
330
17
100
AcDbEntity
  8
ENGRAVE_TEXT
100
AcDbText
 10
11.808617224519061
 20
-45.77604166666667
 30
0.0
 40
2.8
  1
30
 50
-330.0
 72
1
 11
11.808617224519061
 21
-45.77604166666667
 31
0.0
100
AcDbText
 73
2
  0
LINE
  5
7A
330
17
100
AcDbEntity
  8
ENGRAVE_AWA
100
AcDbLine
 10
0.0
 20
-38.958333333333336
 30
0.0
 11
14.421210045520548
 21
-44.20722453200356
 31
0.0
  0
TEXT
  5
7B
330
17
100
AcDbEntity
  8
ENGRAVE_TEXT
100
AcDbText
 10
12.813100423007855
 20
-43.62192049597188
 30
0.0
 40
2.8
  1
20
 50
-340.0
 72
1
 11
12.813100423007855
 21
-43.62192049597188
 31
0.0
100
AcDbText
 73
2
  0
LINE
  5
7C
330
17
100
AcDbEntity
  8
ENGRAVE_AWA
100
AcDbLine
 10
0.0
 20
-38.958333333333336
 30
0.0
 11
19.211465827916193
 21
-42.34583309775365
 31
0.0
  0
TEXT
  5
7D
330
17
100
AcDbEntity
  8
ENGRAVE_TEXT
100
AcDbText
 10
13.428264048885211
 20
-41.32609858922929
 30
0.0
 40
2.8
  1
10
 50
-350.0
 72
1
 11
13.428264048885211
 21
-41.32609858922929
 31
0.0
100
AcDbText
 73
2
  0
ARC
  5
7E
330
17
100
AcDbEntity
  8
ENGRAVE_AWA
100
AcDbCircle
 10
0.0
 20
-38.958333333333336
 30
0.0
 40
7.791666666666668
100
AcDbArc
 50
285.92946943394736
 51
254.0705305660526
  0
TEXT
  5
7F
330
17
100
AcDbEntity
  8
ENGRAVE_TEXT
100
AcDbText
 10
8.591666666666669
 20
-38.958333333333336
 30
0.0
 40
2.6
  1
0.2
 72
1
 11
8.591666666666669
 21
-38.958333333333336
 31
0.0
100
AcDbText
 73
1
  0
ARC
  5
80
330
17
100
AcDbEntity
  8
ENGRAVE_AWA
100
AcDbCircle
 10
0.0
 20
-38.958333333333336
 30
0.0
 40
15.583333333333336
100
AcDbArc
 50
340.68265224777025
 51
199.31734775222978
  0
TEXT
  5
81
330
17
100
AcDbEntity
  8
ENGRAVE_TEXT
100
AcDbText
 10
16.383333333333336
 20
-38.958333333333336
 30
0.0
 40
2.6
  1
0.4
 72
1
 11
16.383333333333336
 21
-38.958333333333336
 31
0.0
100
AcDbText
 73
1
  0
ARC
  5
82
330
17
100
AcDbEntity
  8
ENGRAVE_AWA
100
AcDbCircle
 10
0.0
 20
-38.958333333333336
 30
0.0
 40
23.375000000000004
100
AcDbArc
 50
356.9121675809565
 51
183.08783241904345
  0
TEXT
  5
83
330
17
100
AcDbEntity
  8
ENGRAVE_TEXT
100
AcDbText
 10
24.175000000000004
 20
-38.958333333333336
 30
0.0
 40
2.6
  1
0.6
 72
1
 11
24.175000000000004
 21
-38.958333333333336
 31
0.0
100
AcDbText
 73
1
  0
ARC
  5
84
330
17
100
AcDbEntity
  8
ENGRAVE_AWA
100
AcDbCircle
 10
0.0
 20
-38.958333333333336
 30
0.0
 40
31.16666666666667
100
AcDbArc
 50
7.735486501975511
 51
172.26451349802448
  0
TEXT
  5
85
330
17
100
AcDbEntity
  8
ENGRAVE_TEXT
100
AcDbText
 10
31.966666666666672
 20
-38.958333333333336
 30
0.0
 40
2.6
  1
0.8
 72
1
 11
31.966666666666672
 21
-38.958333333333336
 31
0.0
100
AcDbText
 73
1
  0
ARC
  5
86
330
17
100
AcDbEntity
  8
ENGRAVE_AWA
100
AcDbCircle
 10
0.0
 20
-38.958333333333336
 30
0.0
 40
38.95833333333334
100
AcDbArc
 50
16.719108586896688
 51
163.28089141310332
  0
TEXT
  5
87
330
17
100
AcDbEntity
  8
ENGRAVE_TEXT
100
AcDbText
 10
39.75833333333334
 20
-38.958333333333336
 30
0.0
 40
2.6
  1
1.0
 72
1
 11
39.75833333333334
 21
-38.958333333333336
 31
0.0
100
AcDbText
 73
1
  0
ARC
  5
88
330
17
100
AcDbEntity
  8
ENGRAVE_AWA
100
AcDbCircle
 10
0.0
 20
-38.958333333333336
 30
0.0
 40
46.75000000000001
100
AcDbArc
 50
25.02834804398752
 51
154.97165195601247
  0
TEXT
  5
89
330
17
100
AcDbEntity
  8
ENGRAVE_TEXT
100
AcDbText
 10
47.550000000000004
 20
-38.958333333333336
 30
0.0
 40
2.6
  1
1.2
 72
1
 11
47.550000000000004
 21
-38.958333333333336
 31
0.0
100
AcDbText
 73
1
  0
ARC
  5
8A
330
17
100
AcDbEntity
  8
ENGRAVE_AWA
100
AcDbCircle
 10
0.0
 20
-38.958333333333336
 30
0.0
 40
54.54166666666667
100
AcDbArc
 50
33.253397475259014
 51
146.74660252474098
  0
TEXT
  5
8B
330
17
100
AcDbEntity
  8
ENGRAVE_TEXT
100
AcDbText
 10
55.34166666666667
 20
-38.958333333333336
 30
0.0
 40
2.6
  1
1.4
 72
1
 11
55.34166666666667
 21
-38.958333333333336
 31
0.0
100
AcDbText
 73
1
  0
ARC
  5
8C
330
17
100
AcDbEntity
  8
ENGRAVE_AWA
100
AcDbCircle
 10
0.0
 20
-38.958333333333336
 30
0.0
 40
62.33333333333334
100
AcDbArc
 50
41.85901533392283
 51
138.14098466607717
  0
TEXT
  5
8D
330
17
100
AcDbEntity
  8
ENGRAVE_TEXT
100
AcDbText
 10
63.13333333333334
 20
-38.958333333333336
 30
0.0
 40
2.6
  1
1.6
 72
1
 11
63.13333333333334
 21
-38.958333333333336
 31
0.0
100
AcDbText
 73
1
  0
ARC
  5
8E
330
17
100
AcDbEntity
  8
ENGRAVE_AWA
100
AcDbCircle
 10
0.0
 20
-38.958333333333336
 30
0.0
 40
70.12500000000001
100
AcDbArc
 50
51.4481430212152
 51
128.5518569787848
  0
TEXT
  5
8F
330
17
100
AcDbEntity
  8
ENGRAVE_TEXT
100
AcDbText
 10
70.92500000000001
 20
-38.958333333333336
 30
0.0
 40
2.6
  1
1.8
 72
1
 11
70.92500000000001
 21
-38.958333333333336
 31
0.0
100
AcDbText
 73
1
  0
ARC
  5
90
330
17
100
AcDbEntity
  8
ENGRAVE_AWA
100
AcDbCircle
 10
0.0
 20
-38.958333333333336
 30
0.0
 40
77.91666666666669
100
AcDbArc
 50
63.35981451017795
 51
116.64018548982204
  0
TEXT
  5
91
330
17
100
AcDbEntity
  8
ENGRAVE_TEXT
100
AcDbText
 10
78.71666666666668
 20
-38.958333333333336
 30
0.0
 40
2.6
  1
2.0
 72
1
 11
78.71666666666668
 21
-38.958333333333336
 31
0.0
100
AcDbText
 73
1
  0
LINE
  5
92
330
17
100
AcDbEntity
  8
ENGRAVE_POLARS
100
AcDbLine
 10
23.127237643646694
 20
21.06631326796153
 30
0.0
 11
23.0518674110614
 21
21.383173205573396
 31
0.0
  0
LINE
  5
93
330
17
100
AcDbEntity
  8
ENGRAVE_POLARS
100
AcDbLine
 10
23.0518674110614
 20
21.383173205573396
 30
0.0
 11
22.964357689002835
 21
21.789683808550162
 31
0.0
  0
LINE
  5
94
330
17
100
AcDbEntity
  8
ENGRAVE_POLARS
100
AcDbLine
 10
22.964357689002835
 20
21.789683808550162
 30
0.0
 11
22.86490865382897
 21
22.2707958662922
 31
0.0
  0
LINE
  5
95
330
17
100
AcDbEntity
  8
ENGRAVE_POLARS
100
AcDbLine
 10
22.86490865382897
 20
22.2707958662922
 30
0.0
 11
22.75372048189778
 21
22.811460168199897
 31
0.0
  0
LINE
  5
96
330
17
100
AcDbEntity
  8
ENGRAVE_POLARS
100
AcDbLine
 10
22.75372048189778
 20
22.811460168199897
 30
0.0
 11
22.630993349567273
 21
23.39662750367363
 31
0.0
  0
LINE
  5
97
330
17
100
AcDbEntity
  8
ENGRAVE_POLARS
100
AcDbLine
 10
22.630993349567273
 20
23.39662750367363
 30
0.0
 11
22.496927433195417
 21
24.011248662113772
 31
0.0
  0
LINE
  5
98
330
17
100
AcDbEntity
  8
ENGRAVE_POLARS
100
AcDbLine
 10
22.496927433195417
 20
24.011248662113772
 30
0.0
 11
22.351722909140186
 21
24.640274432920712
 31
0.0
  0
LINE
  5
99
330
17
100
AcDbEntity
  8
ENGRAVE_POLARS
100
AcDbLine
 10
22.351722909140186
 20
24.640274432920712
 30
0.0
 11
22.195579953759573
 21
25.26865560549482
 31
0.0
  0
LINE
  5
9A
330
17
100
AcDbEntity
  8
ENGRAVE_POLARS
100
AcDbLine
 10
22.195579953759573
 20
25.26865560549482
 30
0.0
 11
22.02869874341156
 21
25.881342969236485
 31
0.0
  0
LINE
  5
9B
330
17
100
AcDbEntity
  8
ENGRAVE_POLARS
100
AcDbLine
 10
22.02869874341156
 20
25.881342969236485
 30
0.0
 11
21.85127945445413
 21
26.463287313546076
 31
0.0
  0
LINE
  5
9C
330
17
100
AcDbEntity
  8
ENGRAVE_POLARS
100
AcDbLine
 10
21.85127945445413
 20
26.463287313546076
 30
0.0
 11
21.66352226324525
 21
26.999439427823983
 31
0.0
  0
LINE
  5
9D
330
17
100
AcDbEntity
  8
ENGRAVE_POLARS
100
AcDbLine
 10
21.66352226324525
 20
26.999439427823983
 30
0.0
 11
21.465627346142934
 21
27.474750101470573
 31
0.0
  0
LINE
  5
9E
330
17
100
AcDbEntity
  8
ENGRAVE_POLARS
100
AcDbLine
 10
21.465627346142934
 20
27.474750101470573
 30
0.0
 11
21.259547463860752
 21
27.90136147671311
 31
0.0
  0
LINE
  5
9F
330
17
100
AcDbEntity
  8
ENGRAVE_POLARS
100
AcDbLine
 10
21.259547463860752
 20
27.90136147671311
 30
0.0
 11
21.046306908098668
 21
28.30341769198671
 31
0.0
  0
LINE
  5
A0
330
17
100
AcDbEntity
  8
ENGRAVE_POLARS
100
AcDbLine
 10
21.046306908098668
 20
28.30341769198671
 30
0.0
 11
20.824713151694162
 21
28.683872531003537
 31
0.0
  0
LINE
  5
A1
330
17
100
AcDbEntity
  8
ENGRAVE_POLARS
100
AcDbLine
 10
20.824713151694162
 20
28.683872531003537
 30
0.0
 11
20.593573667484765
 21
29.045679777475755
 31
0.0
  0
LINE
  5
A2
330
17
100
AcDbEntity
  8
ENGRAVE_POLARS
100
AcDbLine
 10
20.593573667484765
 20
29.045679777475755
 30
0.0
 11
20.351695928307958
 21
29.391793215115523
 31
0.0
  0
LINE
  5
A3
330
17
100
AcDbEntity
  8
ENGRAVE_POLARS
100
AcDbLine
 10
20.351695928307958
 20
29.391793215115523
 30
0.0
 11
20.097887407001256
 21
29.725166627635005
 31
0.0
  0
LINE
  5
A4
330
17
100
AcDbEntity
  8
ENGRAVE_POLARS
100
AcDbLine
 10
20.097887407001256
 20
29.725166627635005
 30
0.0
 11
19.830955576402154
 21
30.04875379874636
 31
0.0
  0
LINE
  5
A5
330
17
100
AcDbEntity
  8
ENGRAVE_POLARS
100
AcDbLine
 10
19.830955576402154
 20
30.04875379874636
 30
0.0
 11
19.549707909348164
 21
30.36550851216176
 31
0.0
  0
LINE
  5
A6
330
17
100
AcDbEntity
  8
ENGRAVE_POLARS
100
AcDbLine
 10
19.549707909348164
 20
30.36550851216176
 30
0.0
 11
19.252951878676782
 21
30.67838455159336
 31
0.0
  0
LINE
  5
A7
330
17
100
AcDbEntity
  8
ENGRAVE_POLARS
100
AcDbLine
 10
19.252951878676782
 20
30.67838455159336
 30
0.0
 11
18.93949495722552
 21
30.990335700753334
 31
0.0
  0
LINE
  5
A8
330
17
100
AcDbEntity
  8
ENGRAVE_POLARS
100
AcDbLine
 10
18.93949495722552
 20
30.990335700753334
 30
0.0
 11
18.608144617831865
 21
31.304315743353825
 31
0.0
  0
LINE
  5
A9
330
17
100
AcDbEntity
  8
ENGRAVE_POLARS
100
AcDbLine
 10
18.608144617831865
 20
31.304315743353825
 30
0.0
 11
18.257708333333337
 21
31.62327846310702
 31
0.0
  0
LINE
  5
AA
330
17
100
AcDbEntity
  8
ENGRAVE_POLARS
100
AcDbLine
 10
18.257708333333337
 20
31.62327846310702
 30
0.0
 11
17.874997969021702
 21
31.950011740405145
 31
0.0
  0
LINE
  5
AB
330
17
100
AcDbEntity
  8
ENGRAVE_POLARS
100
AcDbLine
 10
17.874997969021702
 20
31.950011740405145
 30
0.0
 11
17.452922014259926
 21
32.28306737144819
 31
0.0
  0
LINE
  5
AC
330
17
100
AcDbEntity
  8
ENGRAVE_POLARS
100
AcDbLine
 10
17.452922014259926
 20
32.28306737144819
 30
0.0
 11
16.999432877992245
 21
32.61904501365989
 31
0.0
  0
LINE
  5
AD
330
17
100
AcDbEntity
  8
ENGRAVE_POLARS
100
AcDbLine
 10
16.999432877992245
 20
32.61904501365989
 30
0.0
 11
16.522482969162922
 21
32.95454432446405
 31
0.0
  0
LINE
  5
AE
330
17
100
AcDbEntity
  8
ENGRAVE_POLARS
100
AcDbLine
 10
16.522482969162922
 20
32.95454432446405
 30
0.0
 11
16.03002469671621
 21
33.286164961284406
 31
0.0
  0
LINE
  5
AF
330
17
100
AcDbEntity
  8
ENGRAVE_POLARS
100
AcDbLine
 10
16.03002469671621
 20
33.286164961284406
 30
0.0
 11
15.530010469596363
 21
33.610506581544726
 31
0.0
  0
LINE
  5
B0
330
17
100
AcDbEntity
  8
ENGRAVE_POLARS
100
AcDbLine
 10
15.530010469596363
 20
33.610506581544726
 30
0.0
 11
15.030392696747631
 21
33.924168842668784
 31
0.0
  0
LINE
  5
B1
330
17
100
AcDbEntity
  8
ENGRAVE_POLARS
100
AcDbLine
 10
15.030392696747631
 20
33.924168842668784
 30
0.0
 11
14.539123787114276
 21
34.22375140208033
 31
0.0
  0
LINE
  5
B2
330
17
100
AcDbEntity
  8
ENGRAVE_POLARS
100
AcDbLine
 10
14.539123787114276
 20
34.22375140208033
 30
0.0
 11
14.06415614964055
 21
34.50585391720313
 31
0.0
  0
LINE
  5
B3
330
17
100
AcDbEntity
  8
ENGRAVE_POLARS
100
AcDbLine
 10
14.06415614964055
 20
34.50585391720313
 30
0.0
 11
13.6134421932707
 21
34.76707604546097
 31
0.0
  0
LINE
  5
B4
330
17
100
AcDbEntity
  8
ENGRAVE_POLARS
100
AcDbLine
 10
13.6134421932707
 20
34.76707604546097
 30
0.0
 11
13.194934326948985
 21
35.00401744427757
 31
0.0
  0
LINE
  5
B5
330
17
100
AcDbEntity
  8
ENGRAVE_POLARS
100
AcDbLine
 10
13.194934326948985
 20
35.00401744427757
 30
0.0
 11
12.816584959619663
 21
35.21327777107674
 31
0.0
  0
LINE
  5
B6
330
17
100
AcDbEntity
  8
ENGRAVE_POLARS
100
AcDbLine
 10
12.816584959619663
 20
35.21327777107674
 30
0.0
 11
12.47698478442078
 21
35.392311660014656
 31
0.0
  0
LINE
  5
B7
330
17
100
AcDbEntity
  8
ENGRAVE_POLARS
100
AcDbLine
 10
12.47698478442078
 20
35.392311660014656
 30
0.0
 11
12.166561614501003
 21
35.54320879745575
 31
0.0
  0
LINE
  5
B8
330
17
100
AcDbEntity
  8
ENGRAVE_POLARS
100
AcDbLine
 10
12.166561614501003
 20
35.54320879745575
 30
0.0
 11
11.881023538820507
 21
35.669521419136025
 31
0.0
  0
LINE
  5
B9
330
17
100
AcDbEntity
  8
ENGRAVE_POLARS
100
AcDbLine
 10
11.881023538820507
 20
35.669521419136025
 30
0.0
 11
11.616078646339464
 21
35.77480176079151
 31
0.0
  0
LINE
  5
BA
330
17
100
AcDbEntity
  8
ENGRAVE_POLARS
100
AcDbLine
 10
11.616078646339464
 20
35.77480176079151
 30
0.0
 11
11.36743502601805
 21
35.862602058158274
 31
0.0
  0
LINE
  5
BB
330
17
100
AcDbEntity
  8
ENGRAVE_POLARS
100
AcDbLine
 10
11.36743502601805
 20
35.862602058158274
 30
0.0
 11
11.130800766816431
 21
35.93647454697232
 31
0.0
  0
LINE
  5
BC
330
17
100
AcDbEntity
  8
ENGRAVE_POLARS
100
AcDbLine
 10
11.130800766816431
 20
35.93647454697232
 30
0.0
 11
10.90188395769479
 21
35.99997146296969
 31
0.0
  0
LINE
  5
BD
330
17
100
AcDbEntity
  8
ENGRAVE_POLARS
100
AcDbLine
 10
10.90188395769479
 20
35.99997146296969
 30
0.0
 11
10.676392687613294
 21
36.05664504188641
 31
0.0
  0
LINE
  5
BE
330
17
100
AcDbEntity
  8
ENGRAVE_POLARS
100
AcDbLine
 10
10.676392687613294
 20
36.05664504188641
 30
0.0
 11
10.45003504553212
 21
36.11004751945854
 31
0.0
  0
LINE
  5
BF
330
17
100
AcDbEntity
  8
ENGRAVE_POLARS
100
AcDbLine
 10
10.45003504553212
 20
36.11004751945854
 30
0.0
 11
10.21851912041144
 21
36.16373113142208
 31
0.0
  0
LINE
  5
C0
330
17
100
AcDbEntity
  8
ENGRAVE_POLARS
100
AcDbLine
 10
10.21851912041144
 20
36.16373113142208
 30
0.0
 11
9.977553001211422
 21
36.22124811351308
 31
0.0
  0
LINE
  5
C1
330
17
100
AcDbEntity
  8
ENGRAVE_POLARS
100
AcDbLine
 10
9.977553001211422
 20
36.22124811351308
 30
0.0
 11
9.72284477689225
 21
36.28615070146757
 31
0.0
  0
LINE
  5
C2
330
17
100
AcDbEntity
  8
ENGRAVE_POLARS
100
AcDbLine
 10
9.72284477689225
 20
36.28615070146757
 30
0.0
 11
9.469463022134446
 21
36.35058713842043
 31
0.0
  0
LINE
  5
C3
330
17
100
AcDbEntity
  8
ENGRAVE_POLARS
100
AcDbLine
 10
9.469463022134446
 20
36.35058713842043
 30
0.0
 11
9.231678914687254
 21
36.40568568556363
 31
0.0
  0
LINE
  5
C4
330
17
100
AcDbEntity
  8
ENGRAVE_POLARS
100
AcDbLine
 10
9.231678914687254
 20
36.40568568556363
 30
0.0
 11
9.004004448113909
 21
36.45346860571887
 31
0.0
  0
LINE
  5
C5
330
17
100
AcDbEntity
  8
ENGRAVE_POLARS
100
AcDbLine
 10
9.004004448113909
 20
36.45346860571887
 30
0.0
 11
8.780951615977648
 21
36.4959581617078
 31
0.0
  0
LINE
  5
C6
330
17
100
AcDbEntity
  8
ENGRAVE_POLARS
100
AcDbLine
 10
8.780951615977648
 20
36.4959581617078
 30
0.0
 11
8.557032411841705
 21
36.53517661635214
 31
0.0
  0
LINE
  5
C7
330
17
100
AcDbEntity
  8
ENGRAVE_POLARS
100
AcDbLine
 10
8.557032411841705
 20
36.53517661635214
 30
0.0
 11
8.32675882926932
 21
36.57314623247354
 31
0.0
  0
LINE
  5
C8
330
17
100
AcDbEntity
  8
ENGRAVE_POLARS
100
AcDbLine
 10
8.32675882926932
 20
36.57314623247354
 30
0.0
 11
8.084642861823728
 21
36.61188927289369
 31
0.0
  0
LINE
  5
C9
330
17
100
AcDbEntity
  8
ENGRAVE_POLARS
100
AcDbLine
 10
8.084642861823728
 20
36.61188927289369
 30
0.0
 11
7.825196503068167
 21
36.65342800043428
 31
0.0
  0
LINE
  5
CA
330
17
100
AcDbEntity
  8
ENGRAVE_POLARS
100
AcDbLine
 10
7.825196503068167
 20
36.65342800043428
 30
0.0
 11
7.542931746565872
 21
36.699784677917
 31
0.0
  0
LINE
  5
CB
330
17
100
AcDbEntity
  8
ENGRAVE_POLARS
100
AcDbLine
 10
7.542931746565872
 20
36.699784677917
 30
0.0
 11
7.2323605858800795
 21
36.752981568163506
 31
0.0
  0
LINE
  5
CC
330
17
100
AcDbEntity
  8
ENGRAVE_POLARS
100
AcDbLine
 10
7.2323605858800795
 20
36.752981568163506
 30
0.0
 11
6.8879950145740265
 21
36.8150409339955
 31
0.0
  0
LINE
  5
CD
330
17
100
AcDbEntity
  8
ENGRAVE_POLARS
100
AcDbLine
 10
6.8879950145740265
 20
36.8150409339955
 30
0.0
 11
6.504347026210949
 21
36.88798503823465
 31
0.0
  0
LINE
  5
CE
330
17
100
AcDbEntity
  8
ENGRAVE_POLARS
100
AcDbLine
 10
6.504347026210949
 20
36.88798503823465
 30
0.0
 11
6.099411320122069
 21
36.97985728421507
 31
0.0
  0
LINE
  5
CF
330
17
100
AcDbEntity
  8
ENGRAVE_POLARS
100
AcDbLine
 10
6.099411320122069
 20
36.97985728421507
 30
0.0
 11
5.690625984721905
 21
37.093570096434796
 31
0.0
  0
LINE
  5
D0
330
17
100
AcDbEntity
  8
ENGRAVE_POLARS
100
AcDbLine
 10
5.690625984721905
 20
37.093570096434796
 30
0.0
 11
5.27166809719864
 21
37.22344926946144
 31
0.0
  0
LINE
  5
D1
330
17
100
AcDbEntity
  8
ENGRAVE_POLARS
100
AcDbLine
 10
5.27166809719864
 20
37.22344926946144
 30
0.0
 11
4.836214734740458
 21
37.36382059786259
 31
0.0
  0
LINE
  5
D2
330
17
100
AcDbEntity
  8
ENGRAVE_POLARS
100
AcDbLine
 10
4.836214734740458
 20
37.36382059786259
 30
0.0
 11
4.377942974535541
 21
37.509009876205866
 31
0.0
  0
LINE
  5
D3
330
17
100
AcDbEntity
  8
ENGRAVE_POLARS
100
AcDbLine
 10
4.377942974535541
 20
37.509009876205866
 30
0.0
 11
3.890529893772076
 21
37.653342899058856
 31
0.0
  0
LINE
  5
D4
330
17
100
AcDbEntity
  8
ENGRAVE_POLARS
100
AcDbLine
 10
3.890529893772076
 20
37.653342899058856
 30
0.0
 11
3.367652569638243
 21
37.79114546098917
 31
0.0
  0
LINE
  5
D5
330
17
100
AcDbEntity
  8
ENGRAVE_POLARS
100
AcDbLine
 10
3.367652569638243
 20
37.79114546098917
 30
0.0
 11
2.8029880793222266
 21
37.91674335656441
 31
0.0
  0
LINE
  5
D6
330
17
100
AcDbEntity
  8
ENGRAVE_POLARS
100
AcDbLine
 10
2.8029880793222266
 20
37.91674335656441
 30
0.0
 11
2.190213500012212
 21
38.02446238035218
 31
0.0
  0
LINE
  5
D7
330
17
100
AcDbEntity
  8
ENGRAVE_POLARS
100
AcDbLine
 10
2.190213500012212
 20
38.02446238035218
 30
0.0
 11
1.5230059088963803
 21
38.108628326920076
 31
0.0
  0
LINE
  5
D8
330
17
100
AcDbEntity
  8
ENGRAVE_POLARS
100
AcDbLine
 10
1.5230059088963803
 20
38.108628326920076
 30
0.0
 11
0.7950423831629156
 21
38.163566990835704
 31
0.0
  0
LINE
  5
D9
330
17
100
AcDbEntity
  8
ENGRAVE_POLARS
100
AcDbLine
 10
0.7950423831629156
 20
38.163566990835704
 30
0.0
 11
2.338071431130894e-15
 21
38.18360416666667
 31
0.0
  0
LINE
  5
DA
330
17
100
AcDbEntity
  8
ENGRAVE_POLARS
100
AcDbLine
 10
2.338071431130894e-15
 20
38.18360416666667
 30
0.0
 11
-0.9010983373657644
 21
38.17455147709647
 31
0.0
  0
LINE
  5
DB
330
17
100
AcDbEntity
  8
ENGRAVE_POLARS
100
AcDbLine
 10
-0.9010983373657644
 20
38.17455147709647
 30
0.0
 11
-1.9261585019954777
 21
38.146297269759074
 31
0.0
  0
LINE
  5
DC
330
17
100
AcDbEntity
  8
ENGRAVE_POLARS
100
AcDbLine
 10
-1.9261585019954777
 20
38.146297269759074
 30
0.0
 11
-3.0498965811324887
 21
38.09928242664771
 31
0.0
  0
LINE
  5
DD
330
17
100
AcDbEntity
  8
ENGRAVE_POLARS
100
AcDbLine
 10
-3.0498965811324887
 20
38.09928242664771
 30
0.0
 11
-4.247028662020148
 21
38.03394782975561
 31
0.0
  0
LINE
  5
DE
330
17
100
AcDbEntity
  8
ENGRAVE_POLARS
100
AcDbLine
 10
-4.247028662020148
 20
38.03394782975561
 30
0.0
 11
-5.492270831901807
 21
37.95073436107606
 31
0.0
  0
LINE
  5
DF
330
17
100
AcDbEntity
  8
ENGRAVE_POLARS
100
AcDbLine
 10
-5.492270831901807
 20
37.95073436107606
 30
0.0
 11
-6.760339178020816
 21
37.85008290260227
 31
0.0
  0
LINE
  5
E0
330
17
100
AcDbEntity
  8
ENGRAVE_POLARS
100
AcDbLine
 10
-6.760339178020816
 20
37.85008290260227
 30
0.0
 11
-8.02594978762053
 21
37.7324343363275
 31
0.0
  0
LINE
  5
E1
330
17
100
AcDbEntity
  8
ENGRAVE_POLARS
100
AcDbLine
 10
-8.02594978762053
 20
37.7324343363275
 30
0.0
 11
-9.263818747944295
 21
37.598229544244994
 31
0.0
  0
LINE
  5
E2
330
17
100
AcDbEntity
  8
ENGRAVE_POLARS
100
AcDbLine
 10
-9.263818747944295
 20
37.598229544244994
 30
0.0
 11
-10.448662146235462
 21
37.44790940834801
 31
0.0
  0
LINE
  5
E3
330
17
100
AcDbEntity
  8
ENGRAVE_POLARS
100
AcDbLine
 10
-10.448662146235462
 20
37.44790940834801
 30
0.0
 11
-11.555196069737386
 21
37.28191481062978
 31
0.0
  0
LINE
  5
E4
330
17
100
AcDbEntity
  8
ENGRAVE_POLARS
100
AcDbLine
 10
-11.555196069737386
 20
37.28191481062978
 30
0.0
 11
-12.558136605693416
 21
37.100686633083555
 31
0.0
  0
LINE
  5
E5
330
17
100
AcDbEntity
  8
ENGRAVE_POLARS
100
AcDbLine
 10
-12.558136605693416
 20
37.100686633083555
 30
0.0
 11
-13.432199841346904
 21
36.90466575770258
 31
0.0
  0
LINE
  5
E6
330
17
100
AcDbEntity
  8
ENGRAVE_POLARS
100
AcDbLine
 10
-13.432199841346904
 20
36.90466575770258
 30
0.0
 11
-14.184927767235525
 21
36.70319598871492
 31
0.0
  0
LINE
  5
E7
330
17
100
AcDbEntity
  8
ENGRAVE_POLARS
100
AcDbLine
 10
-14.184927767235525
 20
36.70319598871492
 30
0.0
 11
-14.848702282163234
 21
36.501742421182136
 31
0.0
  0
LINE
  5
E8
330
17
100
AcDbEntity
  8
ENGRAVE_POLARS
100
AcDbLine
 10
-14.848702282163234
 20
36.501742421182136
 30
0.0
 11
-15.435499335772809
 21
36.294927873347795
 31
0.0
  0
LINE
  5
E9
330
17
100
AcDbEntity
  8
ENGRAVE_POLARS
100
AcDbLine
 10
-15.435499335772809
 20
36.294927873347795
 30
0.0
 11
-15.957294877707014
 21
36.077375163455415
 31
0.0
  0
LINE
  5
EA
330
17
100
AcDbEntity
  8
ENGRAVE_POLARS
100
AcDbLine
 10
-15.957294877707014
 20
36.077375163455415
 30
0.0
 11
-16.426064857608623
 21
35.84370710974855
 31
0.0
  0
LINE
  5
EB
330
17
100
AcDbEntity
  8
ENGRAVE_POLARS
100
AcDbLine
 10
-16.426064857608623
 20
35.84370710974855
 30
0.0
 11
-16.853785225120408
 21
35.588546530470744
 31
0.0
  0
LINE
  5
EC
330
17
100
AcDbEntity
  8
ENGRAVE_POLARS
100
AcDbLine
 10
-16.853785225120408
 20
35.588546530470744
 30
0.0
 11
-17.252431929885137
 21
35.306516243865524
 31
0.0
  0
LINE
  5
ED
330
17
100
AcDbEntity
  8
ENGRAVE_POLARS
100
AcDbLine
 10
-17.252431929885137
 20
35.306516243865524
 30
0.0
 11
-17.633980921545586
 21
34.992239068176445
 31
0.0
  0
LINE
  5
EE
330
17
100
AcDbEntity
  8
ENGRAVE_POLARS
100
AcDbLine
 10
-17.633980921545586
 20
34.992239068176445
 30
0.0
 11
-18.010408149744528
 21
34.640337821647044
 31
0.0
  0
LINE
  5
EF
330
17
100
AcDbEntity
  8
ENGRAVE_POLARS
100
AcDbLine
 10
-18.010408149744528
 20
34.640337821647044
 30
0.0
 11
-18.393689564124728
 21
34.24543532252086
 31
0.0
  0
LINE
  5
F0
330
17
100
AcDbEntity
  8
ENGRAVE_POLARS
100
AcDbLine
 10
-18.393689564124728
 20
34.24543532252086
 30
0.0
 11
-18.79580111432896
 21
33.80215438904144
 31
0.0
  0
LINE
  5
F1
330
17
100
AcDbEntity
  8
ENGRAVE_POLARS
100
AcDbLine
 10
-18.79580111432896
 20
33.80215438904144
 30
0.0
 11
-19.22871874999999
 21
33.305117839452315
 31
0.0
  0
LINE
  5
F2
330
17
100
AcDbEntity
  8
ENGRAVE_POLARS
100
AcDbLine
 10
-19.22871874999999
 20
33.305117839452315
 30
0.0
 11
-19.689287395698976
 21
32.729785636848355
 31
0.0
  0
LINE
  5
F3
330
17
100
AcDbEntity
  8
ENGRAVE_POLARS
100
AcDbLine
 10
-19.689287395698976
 20
32.729785636848355
 30
0.0
 11
-20.162434603809068
 21
32.0664074105697
 31
0.0
  0
LINE
  5
F4
330
17
100
AcDbEntity
  8
ENGRAVE_POLARS
100
AcDbLine
 10
-20.162434603809068
 20
32.0664074105697
 30
0.0
 11
-20.642260265706064
 21
31.33179047822781
 31
0.0
  0
LINE
  5
F5
330
17
100
AcDbEntity
  8
ENGRAVE_POLARS
100
AcDbLine
 10
-20.642260265706064
 20
31.33179047822781
 30
0.0
 11
-21.122864272765753
 21
30.542742157434137
 31
0.0
  0
LINE
  5
F6
330
17
100
AcDbEntity
  8
ENGRAVE_POLARS
100
AcDbLine
 10
-21.122864272765753
 20
30.542742157434137
 30
0.0
 11
-21.59834651636394
 21
29.716069765800142
 31
0.0
  0
LINE
  5
F7
330
17
100
AcDbEntity
  8
ENGRAVE_POLARS
100
AcDbLine
 10
-21.59834651636394
 20
29.716069765800142
 30
0.0
 11
-22.0628068878764
 21
28.868580620937283
 31
0.0
  0
LINE
  5
F8
330
17
100
AcDbEntity
  8
ENGRAVE_POLARS
100
AcDbLine
 10
-22.0628068878764
 20
28.868580620937283
 30
0.0
 11
-22.51034527867894
 21
28.01708204045701
 31
0.0
  0
LINE
  5
F9
330
17
100
AcDbEntity
  8
ENGRAVE_POLARS
100
AcDbLine
 10
-22.51034527867894
 20
28.01708204045701
 30
0.0
 11
-22.935061580147348
 21
27.17838134197079
 31
0.0
  0
LINE
  5
FA
330
17
100
AcDbEntity
  8
ENGRAVE_POLARS
100
AcDbLine
 10
-22.935061580147348
 20
27.17838134197079
 30
0.0
 11
-23.331055683657418
 21
26.369285843090076
 31
0.0
  0
LINE
  5
FB
330
17
100
AcDbEntity
  8
ENGRAVE_POLARS
100
AcDbLine
 10
-23.331055683657418
 20
26.369285843090076
 30
0.0
 11
-23.692427480584943
 21
25.606602861426325
 31
0.0
  0
LINE
  5
FC
330
17
100
AcDbEntity
  8
ENGRAVE_POLARS
100
AcDbLine
 10
-23.692427480584943
 20
25.606602861426325
 30
0.0
 11
-24.013276862305716
 21
24.90713971459099
 31
0.0
  0
LINE
  5
FD
330
17
100
AcDbEntity
  8
ENGRAVE_POLARS
100
AcDbLine
 10
-24.013276862305716
 20
24.90713971459099
 30
0.0
 11
-24.28770372019553
 21
24.287703720195534
 31
0.0
  0
LINE
  5
FE
330
17
100
AcDbEntity
  8
ENGRAVE_POLARS
100
AcDbLine
 10
-24.28770372019553
 20
24.287703720195534
 30
0.0
 11
-24.513778029607522
 21
23.743783487074197
 31
0.0
  0
LINE
  5
FF
330
17
100
AcDbEntity
  8
ENGRAVE_POLARS
100
AcDbLine
 10
-24.513778029607522
 20
23.743783487074197
 30
0.0
 11
-24.696708075174648
 21
23.25417287436354
 31
0.0
  0
LINE
  5
100
330
17
100
AcDbEntity
  8
ENGRAVE_POLARS
100
AcDbLine
 10
-24.696708075174648
 20
23.25417287436354
 30
0.0
 11
-24.841301212192406
 21
22.8106370751285
 31
0.0
  0
LINE
  5
101
330
17
100
AcDbEntity
  8
ENGRAVE_POLARS
100
AcDbLine
 10
-24.841301212192406
 20
22.8106370751285
 30
0.0
 11
-24.95236479595632
 21
22.404941282434027
 31
0.0
  0
LINE
  5
102
330
17
100
AcDbEntity
  8
ENGRAVE_POLARS
100
AcDbLine
 10
-24.95236479595632
 20
22.404941282434027
 30
0.0
 11
-25.034706181761894
 21
22.028850689345063
 31
0.0
  0
LINE
  5
103
330
17
100
AcDbEntity
  8
ENGRAVE_POLARS
100
AcDbLine
 10
-25.034706181761894
 20
22.028850689345063
 30
0.0
 11
-25.093132724904642
 21
21.67413048892654
 31
0.0
  0
LINE
  5
104
330
17
100
AcDbEntity
  8
ENGRAVE_POLARS
100
AcDbLine
 10
-25.093132724904642
 20
21.67413048892654
 30
0.0
 11
-25.132451780680068
 21
21.332545874243404
 31
0.0
  0
LINE
  5
105
330
17
100
AcDbEntity
  8
ENGRAVE_POLARS
100
AcDbLine
 10
-25.132451780680068
 20
21.332545874243404
 30
0.0
 11
-25.157470704383698
 21
20.995862038360606
 31
0.0
  0
LINE
  5
106
330
17
100
AcDbEntity
  8
ENGRAVE_POLARS
100
AcDbLine
 10
-25.157470704383698
 20
20.995862038360606
 30
0.0
 11
-25.17299685131103
 21
20.655844174343077
 31
0.0
  0
LINE
  5
107
330
17
100
AcDbEntity
  8
ENGRAVE_POLARS
100
AcDbLine
 10
-25.17299685131103
 20
20.655844174343077
 30
0.0
 11
-25.183837576757576
 21
20.30425747525576
 31
0.0
  0
LINE
  5
108
330
17
100
AcDbEntity
  8
ENGRAVE_POLARS
100
AcDbLine
 10
-25.183837576757576
 20
20.30425747525576
 30
0.0
 11
-25.194800236018853
 21
19.9328671341636
 31
0.0
  0
LINE
  5
109
330
17
100
AcDbEntity
  8
ENGRAVE_POLARS
100
AcDbLine
 10
-25.194800236018853
 20
19.9328671341636
 30
0.0
 11
-25.210692184390364
 21
19.533438344131536
 31
0.0
  0
LINE
  5
10A
330
17
100
AcDbEntity
  8
ENGRAVE_POLARS
100
AcDbLine
 10
-25.210692184390364
 20
19.533438344131536
 30
0.0
 11
-25.226411795462806
 21
19.1234601219276
 31
0.0
  0
LINE
  5
10B
330
17
100
AcDbEntity
  8
ENGRAVE_POLARS
100
AcDbLine
 10
-25.226411795462806
 20
19.1234601219276
 30
0.0
 11
-25.23346819210787
 21
18.723045267606064
 31
0.0
  0
LINE
  5
10C
330
17
100
AcDbEntity
  8
ENGRAVE_POLARS
100
AcDbLine
 10
-25.23346819210787
 20
18.723045267606064
 30
0.0
 11
-25.231584853542596
 21
18.32789464916121
 31
0.0
  0
LINE
  5
10D
330
17
100
AcDbEntity
  8
ENGRAVE_POLARS
100
AcDbLine
 10
-25.231584853542596
 20
18.32789464916121
 30
0.0
 11
-25.220485258983995
 21
17.933709134587335
 31
0.0
  0
LINE
  5
10E
330
17
100
AcDbEntity
  8
ENGRAVE_POLARS
100
AcDbLine
 10
-25.220485258983995
 20
17.933709134587335
 30
0.0
 11
-25.199892887649106
 21
17.53618959187874
 31
0.0
  0
LINE
  5
10F
330
17
100
AcDbEntity
  8
ENGRAVE_POLARS
100
AcDbLine
 10
-25.199892887649106
 20
17.53618959187874
 30
0.0
 11
-25.169531218754937
 21
17.131036889029705
 31
0.0
  0
LINE
  5
110
330
17
100
AcDbEntity
  8
ENGRAVE_POLARS
100
AcDbLine
 10
-25.169531218754937
 20
17.131036889029705
 30
0.0
 11
-25.129123731518533
 21
16.713951894034523
 31
0.0
  0
LINE
  5
111
330
17
100
AcDbEntity
  8
ENGRAVE_POLARS
100
AcDbLine
 10
-25.129123731518533
 20
16.713951894034523
 30
0.0
 11
-25.078393905156908
 21
16.28063547488749
 31
0.0
  0
LINE
  5
112
330
17
100
AcDbEntity
  8
ENGRAVE_POLARS
100
AcDbLine
 10
-25.078393905156908
 20
16.28063547488749
 30
0.0
 11
-25.017065218887097
 21
15.826788499582896
 31
0.0
  0
LINE
  5
113
330
17
100
AcDbEntity
  8
ENGRAVE_POLARS
100
AcDbLine
 10
-25.017065218887097
 20
15.826788499582896
 30
0.0
 11
-24.94486115192612
 21
15.348111836115033
 31
0.0
  0
LINE
  5
114
330
17
100
AcDbEntity
  8
ENGRAVE_POLARS
100
AcDbLine
 10
-24.94486115192612
 20
15.348111836115033
 30
0.0
 11
-24.861505183490998
 21
14.840306352478189
 31
0.0
  0
LINE
  5
115
330
17
100
AcDbEntity
  8
ENGRAVE_POLARS
100
AcDbLine
 10
-24.861505183490998
 20
14.840306352478189
 30
0.0
 11
-24.766720792798765
 21
14.299072916666665
 31
0.0
  0
LINE
  5
116
330
17
100
AcDbEntity
  8
ENGRAVE_POLARS
100
AcDbLine
 10
-24.766720792798765
 20
14.299072916666665
 30
0.0
 11
-24.65371610199033
 21
13.71338915022715
 31
0.0
  0
LINE
  5
117
330
17
100
AcDbEntity
  8
ENGRAVE_POLARS
100
AcDbLine
 10
-24.65371610199033
 20
13.71338915022715
 30
0.0
 11
-24.51847066600952
 21
13.080930774513778
 31
0.0
  0
LINE
  5
118
330
17
100
AcDbEntity
  8
ENGRAVE_POLARS
100
AcDbLine
 10
-24.51847066600952
 20
13.080930774513778
 30
0.0
 11
-24.36486511327773
 21
12.410445807231978
 31
0.0
  0
LINE
  5
119
330
17
100
AcDbEntity
  8
ENGRAVE_POLARS
100
AcDbLine
 10
-24.36486511327773
 20
12.410445807231978
 30
0.0
 11
-24.196780072216356
 21
11.710682266087183
 31
0.0
  0
LINE
  5
11A
330
17
100
AcDbEntity
  8
ENGRAVE_POLARS
100
AcDbLine
 10
-24.196780072216356
 20
11.710682266087183
 30
0.0
 11
-24.01809617124679
 21
10.990388168784827
 31
0.0
  0
LINE
  5
11B
330
17
100
AcDbEntity
  8
ENGRAVE_POLARS
100
AcDbLine
 10
-24.01809617124679
 20
10.990388168784827
 30
0.0
 11
-23.832694038790425
 21
10.258311533030344
 31
0.0
  0
LINE
  5
11C
330
17
100
AcDbEntity
  8
ENGRAVE_POLARS
100
AcDbLine
 10
-23.832694038790425
 20
10.258311533030344
 30
0.0
 11
-23.644454303268652
 21
9.52320037652916
 31
0.0
  0
LINE
  5
11D
330
17
100
AcDbEntity
  8
ENGRAVE_POLARS
100
AcDbLine
 10
-23.644454303268652
 20
9.52320037652916
 30
0.0
 11
-23.45725759310288
 21
8.793802716986722
 31
0.0
  0
LINE
  5
11E
330
17
100
AcDbEntity
  8
ENGRAVE_POLARS
100
AcDbLine
 10
-23.45725759310288
 20
8.793802716986722
 30
0.0
 11
-23.274984536714488
 21
8.078866572108454
 31
0.0
  0
LINE
  5
11F
330
17
100
AcDbEntity
  8
ENGRAVE_POLARS
100
AcDbLine
 10
-23.274984536714488
 20
8.078866572108454
 30
0.0
 11
-23.10151576252488
 21
7.387139959599788
 31
0.0
  0
LINE
  5
120
330
17
100
AcDbEntity
  8
ENGRAVE_POLARS
100
AcDbLine
 10
-23.10151576252488
 20
7.387139959599788
 30
0.0
 11
-22.940731898955445
 21
6.7273708971661605
 31
0.0
  0
LINE
  5
121
330
17
100
AcDbEntity
  8
ENGRAVE_POLARS
100
AcDbLine
 10
-22.940731898955445
 20
6.7273708971661605
 30
0.0
 11
-22.796513574427582
 21
6.108307402513004
 31
0.0
  0
LINE
  5
122
330
17
100
AcDbEntity
  8
ENGRAVE_POLARS
100
AcDbLine
 10
-22.796513574427582
 20
6.108307402513004
 30
0.0
 11
-22.66257582423342
 21
5.5069296985604845
 31
0.0
  0
LINE
  5
123
330
17
100
AcDbEntity
  8
ENGRAVE_POLARS
100
AcDbLine
 10
-22.66257582423342
 20
5.5069296985604845
 30
0.0
 11
-22.530685712553705
 21
4.899045544215509
 31
0.0
  0
LINE
  5
124
330
17
100
AcDbEntity
  8
ENGRAVE_POLARS
100
AcDbLine
 10
-22.530685712553705
 20
4.899045544215509
 30
0.0
 11
-22.401801911142755
 21
4.291644261163621
 31
0.0
  0
LINE
  5
125
330
17
100
AcDbEntity
  8
ENGRAVE_POLARS
100
AcDbLine
 10
-22.401801911142755
 20
4.291644261163621
 30
0.0
 11
-22.276883091754875
 21
3.6917151710903617
 31
0.0
  0
LINE
  5
126
330
17
100
AcDbEntity
  8
ENGRAVE_POLARS
100
AcDbLine
 10
-22.276883091754875
 20
3.6917151710903617
 30
0.0
 11
-22.15688792614439
 21
3.1062475956812747
 31
0.0
  0
LINE
  5
127
330
17
100
AcDbEntity
  8
ENGRAVE_POLARS
100
AcDbLine
 10
-22.15688792614439
 20
3.1062475956812747
 30
0.0
 11
-22.042775086065593
 21
2.5422308566218996
 31
0.0
  0
LINE
  5
128
330
17
100
AcDbEntity
  8
ENGRAVE_POLARS
100
AcDbLine
 10
-22.042775086065593
 20
2.5422308566218996
 30
0.0
 11
-21.935503243272805
 21
2.0066542755977803
 31
0.0
  0
LINE
  5
129
330
17
100
AcDbEntity
  8
ENGRAVE_POLARS
100
AcDbLine
 10
-21.935503243272805
 20
2.0066542755977803
 30
0.0
 11
-21.836031069520352
 21
1.506507174294459
 31
0.0
  0
LINE
  5
12A
330
17
100
AcDbEntity
  8
ENGRAVE_POLARS
100
AcDbLine
 10
-21.836031069520352
 20
1.506507174294459
 30
0.0
 11
-21.745317236562528
 21
1.0487788743974795
 31
0.0
  0
LINE
  5
12B
330
17
100
AcDbEntity
  8
ENGRAVE_POLARS
100
AcDbLine
 10
-21.745317236562528
 20
1.0487788743974795
 30
0.0
 11
-21.664320416153654
 21
0.6404586975923816
 31
0.0
  0
LINE
  5
12C
330
17
100
AcDbEntity
  8
ENGRAVE_POLARS
100
AcDbLine
 10
-21.664320416153654
 20
0.6404586975923816
 30
0.0
 11
-21.59399928004804
 21
0.2885359655647081
 31
0.0
  0
LINE
  5
12D
330
17
100
AcDbEntity
  8
ENGRAVE_POLARS
100
AcDbLine
 10
-21.59399928004804
 20
0.2885359655647081
 30
0.0
 11
-21.5353125
 21
2.6373151521762985e-15
 31
0.0
  0
LINE
  5
12E
330
17
100
AcDbEntity
  8
ENGRAVE_POLARS
100
AcDbLine
 10
23.127237643646694
 20
-21.06631326796153
 30
0.0
 11
23.0518674110614
 21
-21.383173205573396
 31
0.0
  0
LINE
  5
12F
330
17
100
AcDbEntity
  8
ENGRAVE_POLARS
100
AcDbLine
 10
23.0518674110614
 20
-21.383173205573396
 30
0.0
 11
22.964357689002835
 21
-21.789683808550162
 31
0.0
  0
LINE
  5
130
330
17
100
AcDbEntity
  8
ENGRAVE_POLARS
100
AcDbLine
 10
22.964357689002835
 20
-21.789683808550162
 30
0.0
 11
22.86490865382897
 21
-22.2707958662922
 31
0.0
  0
LINE
  5
131
330
17
100
AcDbEntity
  8
ENGRAVE_POLARS
100
AcDbLine
 10
22.86490865382897
 20
-22.2707958662922
 30
0.0
 11
22.75372048189778
 21
-22.811460168199897
 31
0.0
  0
LINE
  5
132
330
17
100
AcDbEntity
  8
ENGRAVE_POLARS
100
AcDbLine
 10
22.75372048189778
 20
-22.811460168199897
 30
0.0
 11
22.630993349567273
 21
-23.39662750367363
 31
0.0
  0
LINE
  5
133
330
17
100
AcDbEntity
  8
ENGRAVE_POLARS
100
AcDbLine
 10
22.630993349567273
 20
-23.39662750367363
 30
0.0
 11
22.496927433195417
 21
-24.011248662113772
 31
0.0
  0
LINE
  5
134
330
17
100
AcDbEntity
  8
ENGRAVE_POLARS
100
AcDbLine
 10
22.496927433195417
 20
-24.011248662113772
 30
0.0
 11
22.351722909140186
 21
-24.640274432920712
 31
0.0
  0
LINE
  5
135
330
17
100
AcDbEntity
  8
ENGRAVE_POLARS
100
AcDbLine
 10
22.351722909140186
 20
-24.640274432920712
 30
0.0
 11
22.195579953759573
 21
-25.26865560549482
 31
0.0
  0
LINE
  5
136
330
17
100
AcDbEntity
  8
ENGRAVE_POLARS
100
AcDbLine
 10
22.195579953759573
 20
-25.26865560549482
 30
0.0
 11
22.02869874341156
 21
-25.881342969236485
 31
0.0
  0
LINE
  5
137
330
17
100
AcDbEntity
  8
ENGRAVE_POLARS
100
AcDbLine
 10
22.02869874341156
 20
-25.881342969236485
 30
0.0
 11
21.85127945445413
 21
-26.463287313546076
 31
0.0
  0
LINE
  5
138
330
17
100
AcDbEntity
  8
ENGRAVE_POLARS
100
AcDbLine
 10
21.85127945445413
 20
-26.463287313546076
 30
0.0
 11
21.66352226324525
 21
-26.999439427823983
 31
0.0
  0
LINE
  5
139
330
17
100
AcDbEntity
  8
ENGRAVE_POLARS
100
AcDbLine
 10
21.66352226324525
 20
-26.999439427823983
 30
0.0
 11
21.465627346142934
 21
-27.474750101470573
 31
0.0
  0
LINE
  5
13A
330
17
100
AcDbEntity
  8
ENGRAVE_POLARS
100
AcDbLine
 10
21.465627346142934
 20
-27.474750101470573
 30
0.0
 11
21.259547463860752
 21
-27.90136147671311
 31
0.0
  0
LINE
  5
13B
330
17
100
AcDbEntity
  8
ENGRAVE_POLARS
100
AcDbLine
 10
21.259547463860752
 20
-27.90136147671311
 30
0.0
 11
21.046306908098668
 21
-28.30341769198671
 31
0.0
  0
LINE
  5
13C
330
17
100
AcDbEntity
  8
ENGRAVE_POLARS
100
AcDbLine
 10
21.046306908098668
 20
-28.30341769198671
 30
0.0
 11
20.824713151694162
 21
-28.683872531003537
 31
0.0
  0
LINE
  5
13D
330
17
100
AcDbEntity
  8
ENGRAVE_POLARS
100
AcDbLine
 10
20.824713151694162
 20
-28.683872531003537
 30
0.0
 11
20.593573667484765
 21
-29.045679777475755
 31
0.0
  0
LINE
  5
13E
330
17
100
AcDbEntity
  8
ENGRAVE_POLARS
100
AcDbLine
 10
20.593573667484765
 20
-29.045679777475755
 30
0.0
 11
20.351695928307958
 21
-29.391793215115523
 31
0.0
  0
LINE
  5
13F
330
17
100
AcDbEntity
  8
ENGRAVE_POLARS
100
AcDbLine
 10
20.351695928307958
 20
-29.391793215115523
 30
0.0
 11
20.097887407001256
 21
-29.725166627635005
 31
0.0
  0
LINE
  5
140
330
17
100
AcDbEntity
  8
ENGRAVE_POLARS
100
AcDbLine
 10
20.097887407001256
 20
-29.725166627635005
 30
0.0
 11
19.830955576402154
 21
-30.04875379874636
 31
0.0
  0
LINE
  5
141
330
17
100
AcDbEntity
  8
ENGRAVE_POLARS
100
AcDbLine
 10
19.830955576402154
 20
-30.04875379874636
 30
0.0
 11
19.549707909348164
 21
-30.36550851216176
 31
0.0
  0
LINE
  5
142
330
17
100
AcDbEntity
  8
ENGRAVE_POLARS
100
AcDbLine
 10
19.549707909348164
 20
-30.36550851216176
 30
0.0
 11
19.252951878676782
 21
-30.67838455159336
 31
0.0
  0
LINE
  5
143
330
17
100
AcDbEntity
  8
ENGRAVE_POLARS
100
AcDbLine
 10
19.252951878676782
 20
-30.67838455159336
 30
0.0
 11
18.93949495722552
 21
-30.990335700753334
 31
0.0
  0
LINE
  5
144
330
17
100
AcDbEntity
  8
ENGRAVE_POLARS
100
AcDbLine
 10
18.93949495722552
 20
-30.990335700753334
 30
0.0
 11
18.608144617831865
 21
-31.304315743353825
 31
0.0
  0
LINE
  5
145
330
17
100
AcDbEntity
  8
ENGRAVE_POLARS
100
AcDbLine
 10
18.608144617831865
 20
-31.304315743353825
 30
0.0
 11
18.257708333333337
 21
-31.62327846310702
 31
0.0
  0
LINE
  5
146
330
17
100
AcDbEntity
  8
ENGRAVE_POLARS
100
AcDbLine
 10
18.257708333333337
 20
-31.62327846310702
 30
0.0
 11
17.874997969021702
 21
-31.950011740405145
 31
0.0
  0
LINE
  5
147
330
17
100
AcDbEntity
  8
ENGRAVE_POLARS
100
AcDbLine
 10
17.874997969021702
 20
-31.950011740405145
 30
0.0
 11
17.452922014259926
 21
-32.28306737144819
 31
0.0
  0
LINE
  5
148
330
17
100
AcDbEntity
  8
ENGRAVE_POLARS
100
AcDbLine
 10
17.452922014259926
 20
-32.28306737144819
 30
0.0
 11
16.999432877992245
 21
-32.61904501365989
 31
0.0
  0
LINE
  5
149
330
17
100
AcDbEntity
  8
ENGRAVE_POLARS
100
AcDbLine
 10
16.999432877992245
 20
-32.61904501365989
 30
0.0
 11
16.522482969162922
 21
-32.95454432446405
 31
0.0
  0
LINE
  5
14A
330
17
100
AcDbEntity
  8
ENGRAVE_POLARS
100
AcDbLine
 10
16.522482969162922
 20
-32.95454432446405
 30
0.0
 11
16.03002469671621
 21
-33.286164961284406
 31
0.0
  0
LINE
  5
14B
330
17
100
AcDbEntity
  8
ENGRAVE_POLARS
100
AcDbLine
 10
16.03002469671621
 20
-33.286164961284406
 30
0.0
 11
15.530010469596363
 21
-33.610506581544726
 31
0.0
  0
LINE
  5
14C
330
17
100
AcDbEntity
  8
ENGRAVE_POLARS
100
AcDbLine
 10
15.530010469596363
 20
-33.610506581544726
 30
0.0
 11
15.030392696747631
 21
-33.924168842668784
 31
0.0
  0
LINE
  5
14D
330
17
100
AcDbEntity
  8
ENGRAVE_POLARS
100
AcDbLine
 10
15.030392696747631
 20
-33.924168842668784
 30
0.0
 11
14.539123787114276
 21
-34.22375140208033
 31
0.0
  0
LINE
  5
14E
330
17
100
AcDbEntity
  8
ENGRAVE_POLARS
100
AcDbLine
 10
14.539123787114276
 20
-34.22375140208033
 30
0.0
 11
14.06415614964055
 21
-34.50585391720313
 31
0.0
  0
LINE
  5
14F
330
17
100
AcDbEntity
  8
ENGRAVE_POLARS
100
AcDbLine
 10
14.06415614964055
 20
-34.50585391720313
 30
0.0
 11
13.6134421932707
 21
-34.76707604546097
 31
0.0
  0
LINE
  5
150
330
17
100
AcDbEntity
  8
ENGRAVE_POLARS
100
AcDbLine
 10
13.6134421932707
 20
-34.76707604546097
 30
0.0
 11
13.194934326948985
 21
-35.00401744427757
 31
0.0
  0
LINE
  5
151
330
17
100
AcDbEntity
  8
ENGRAVE_POLARS
100
AcDbLine
 10
13.194934326948985
 20
-35.00401744427757
 30
0.0
 11
12.816584959619663
 21
-35.21327777107674
 31
0.0
  0
LINE
  5
152
330
17
100
AcDbEntity
  8
ENGRAVE_POLARS
100
AcDbLine
 10
12.816584959619663
 20
-35.21327777107674
 30
0.0
 11
12.47698478442078
 21
-35.392311660014656
 31
0.0
  0
LINE
  5
153
330
17
100
AcDbEntity
  8
ENGRAVE_POLARS
100
AcDbLine
 10
12.47698478442078
 20
-35.392311660014656
 30
0.0
 11
12.166561614501003
 21
-35.54320879745575
 31
0.0
  0
LINE
  5
154
330
17
100
AcDbEntity
  8
ENGRAVE_POLARS
100
AcDbLine
 10
12.166561614501003
 20
-35.54320879745575
 30
0.0
 11
11.881023538820507
 21
-35.669521419136025
 31
0.0
  0
LINE
  5
155
330
17
100
AcDbEntity
  8
ENGRAVE_POLARS
100
AcDbLine
 10
11.881023538820507
 20
-35.669521419136025
 30
0.0
 11
11.616078646339464
 21
-35.77480176079151
 31
0.0
  0
LINE
  5
156
330
17
100
AcDbEntity
  8
ENGRAVE_POLARS
100
AcDbLine
 10
11.616078646339464
 20
-35.77480176079151
 30
0.0
 11
11.36743502601805
 21
-35.862602058158274
 31
0.0
  0
LINE
  5
157
330
17
100
AcDbEntity
  8
ENGRAVE_POLARS
100
AcDbLine
 10
11.36743502601805
 20
-35.862602058158274
 30
0.0
 11
11.130800766816431
 21
-35.93647454697232
 31
0.0
  0
LINE
  5
158
330
17
100
AcDbEntity
  8
ENGRAVE_POLARS
100
AcDbLine
 10
11.130800766816431
 20
-35.93647454697232
 30
0.0
 11
10.90188395769479
 21
-35.99997146296969
 31
0.0
  0
LINE
  5
159
330
17
100
AcDbEntity
  8
ENGRAVE_POLARS
100
AcDbLine
 10
10.90188395769479
 20
-35.99997146296969
 30
0.0
 11
10.676392687613294
 21
-36.05664504188641
 31
0.0
  0
LINE
  5
15A
330
17
100
AcDbEntity
  8
ENGRAVE_POLARS
100
AcDbLine
 10
10.676392687613294
 20
-36.05664504188641
 30
0.0
 11
10.45003504553212
 21
-36.11004751945854
 31
0.0
  0
LINE
  5
15B
330
17
100
AcDbEntity
  8
ENGRAVE_POLARS
100
AcDbLine
 10
10.45003504553212
 20
-36.11004751945854
 30
0.0
 11
10.21851912041144
 21
-36.16373113142208
 31
0.0
  0
LINE
  5
15C
330
17
100
AcDbEntity
  8
ENGRAVE_POLARS
100
AcDbLine
 10
10.21851912041144
 20
-36.16373113142208
 30
0.0
 11
9.977553001211422
 21
-36.22124811351308
 31
0.0
  0
LINE
  5
15D
330
17
100
AcDbEntity
  8
ENGRAVE_POLARS
100
AcDbLine
 10
9.977553001211422
 20
-36.22124811351308
 30
0.0
 11
9.72284477689225
 21
-36.28615070146757
 31
0.0
  0
LINE
  5
15E
330
17
100
AcDbEntity
  8
ENGRAVE_POLARS
100
AcDbLine
 10
9.72284477689225
 20
-36.28615070146757
 30
0.0
 11
9.469463022134446
 21
-36.35058713842043
 31
0.0
  0
LINE
  5
15F
330
17
100
AcDbEntity
  8
ENGRAVE_POLARS
100
AcDbLine
 10
9.469463022134446
 20
-36.35058713842043
 30
0.0
 11
9.231678914687254
 21
-36.40568568556363
 31
0.0
  0
LINE
  5
160
330
17
100
AcDbEntity
  8
ENGRAVE_POLARS
100
AcDbLine
 10
9.231678914687254
 20
-36.40568568556363
 30
0.0
 11
9.004004448113909
 21
-36.45346860571887
 31
0.0
  0
LINE
  5
161
330
17
100
AcDbEntity
  8
ENGRAVE_POLARS
100
AcDbLine
 10
9.004004448113909
 20
-36.45346860571887
 30
0.0
 11
8.780951615977648
 21
-36.4959581617078
 31
0.0
  0
LINE
  5
162
330
17
100
AcDbEntity
  8
ENGRAVE_POLARS
100
AcDbLine
 10
8.780951615977648
 20
-36.4959581617078
 30
0.0
 11
8.557032411841705
 21
-36.53517661635214
 31
0.0
  0
LINE
  5
163
330
17
100
AcDbEntity
  8
ENGRAVE_POLARS
100
AcDbLine
 10
8.557032411841705
 20
-36.53517661635214
 30
0.0
 11
8.32675882926932
 21
-36.57314623247354
 31
0.0
  0
LINE
  5
164
330
17
100
AcDbEntity
  8
ENGRAVE_POLARS
100
AcDbLine
 10
8.32675882926932
 20
-36.57314623247354
 30
0.0
 11
8.084642861823728
 21
-36.61188927289369
 31
0.0
  0
LINE
  5
165
330
17
100
AcDbEntity
  8
ENGRAVE_POLARS
100
AcDbLine
 10
8.084642861823728
 20
-36.61188927289369
 30
0.0
 11
7.825196503068167
 21
-36.65342800043428
 31
0.0
  0
LINE
  5
166
330
17
100
AcDbEntity
  8
ENGRAVE_POLARS
100
AcDbLine
 10
7.825196503068167
 20
-36.65342800043428
 30
0.0
 11
7.542931746565872
 21
-36.699784677917
 31
0.0
  0
LINE
  5
167
330
17
100
AcDbEntity
  8
ENGRAVE_POLARS
100
AcDbLine
 10
7.542931746565872
 20
-36.699784677917
 30
0.0
 11
7.2323605858800795
 21
-36.752981568163506
 31
0.0
  0
LINE
  5
168
330
17
100
AcDbEntity
  8
ENGRAVE_POLARS
100
AcDbLine
 10
7.2323605858800795
 20
-36.752981568163506
 30
0.0
 11
6.8879950145740265
 21
-36.8150409339955
 31
0.0
  0
LINE
  5
169
330
17
100
AcDbEntity
  8
ENGRAVE_POLARS
100
AcDbLine
 10
6.8879950145740265
 20
-36.8150409339955
 30
0.0
 11
6.504347026210949
 21
-36.88798503823465
 31
0.0
  0
LINE
  5
16A
330
17
100
AcDbEntity
  8
ENGRAVE_POLARS
100
AcDbLine
 10
6.504347026210949
 20
-36.88798503823465
 30
0.0
 11
6.099411320122069
 21
-36.97985728421507
 31
0.0
  0
LINE
  5
16B
330
17
100
AcDbEntity
  8
ENGRAVE_POLARS
100
AcDbLine
 10
6.099411320122069
 20
-36.97985728421507
 30
0.0
 11
5.690625984721905
 21
-37.093570096434796
 31
0.0
  0
LINE
  5
16C
330
17
100
AcDbEntity
  8
ENGRAVE_POLARS
100
AcDbLine
 10
5.690625984721905
 20
-37.093570096434796
 30
0.0
 11
5.27166809719864
 21
-37.22344926946144
 31
0.0
  0
LINE
  5
16D
330
17
100
AcDbEntity
  8
ENGRAVE_POLARS
100
AcDbLine
 10
5.27166809719864
 20
-37.22344926946144
 30
0.0
 11
4.836214734740458
 21
-37.36382059786259
 31
0.0
  0
LINE
  5
16E
330
17
100
AcDbEntity
  8
ENGRAVE_POLARS
100
AcDbLine
 10
4.836214734740458
 20
-37.36382059786259
 30
0.0
 11
4.377942974535541
 21
-37.509009876205866
 31
0.0
  0
LINE
  5
16F
330
17
100
AcDbEntity
  8
ENGRAVE_POLARS
100
AcDbLine
 10
4.377942974535541
 20
-37.509009876205866
 30
0.0
 11
3.890529893772076
 21
-37.653342899058856
 31
0.0
  0
LINE
  5
170
330
17
100
AcDbEntity
  8
ENGRAVE_POLARS
100
AcDbLine
 10
3.890529893772076
 20
-37.653342899058856
 30
0.0
 11
3.367652569638243
 21
-37.79114546098917
 31
0.0
  0
LINE
  5
171
330
17
100
AcDbEntity
  8
ENGRAVE_POLARS
100
AcDbLine
 10
3.367652569638243
 20
-37.79114546098917
 30
0.0
 11
2.8029880793222266
 21
-37.91674335656441
 31
0.0
  0
LINE
  5
172
330
17
100
AcDbEntity
  8
ENGRAVE_POLARS
100
AcDbLine
 10
2.8029880793222266
 20
-37.91674335656441
 30
0.0
 11
2.190213500012212
 21
-38.02446238035218
 31
0.0
  0
LINE
  5
173
330
17
100
AcDbEntity
  8
ENGRAVE_POLARS
100
AcDbLine
 10
2.190213500012212
 20
-38.02446238035218
 30
0.0
 11
1.5230059088963803
 21
-38.108628326920076
 31
0.0
  0
LINE
  5
174
330
17
100
AcDbEntity
  8
ENGRAVE_POLARS
100
AcDbLine
 10
1.5230059088963803
 20
-38.108628326920076
 30
0.0
 11
0.7950423831629156
 21
-38.163566990835704
 31
0.0
  0
LINE
  5
175
330
17
100
AcDbEntity
  8
ENGRAVE_POLARS
100
AcDbLine
 10
0.7950423831629156
 20
-38.163566990835704
 30
0.0
 11
2.338071431130894e-15
 21
-38.18360416666667
 31
0.0
  0
LINE
  5
176
330
17
100
AcDbEntity
  8
ENGRAVE_POLARS
100
AcDbLine
 10
2.338071431130894e-15
 20
-38.18360416666667
 30
0.0
 11
-0.9010983373657644
 21
-38.17455147709647
 31
0.0
  0
LINE
  5
177
330
17
100
AcDbEntity
  8
ENGRAVE_POLARS
100
AcDbLine
 10
-0.9010983373657644
 20
-38.17455147709647
 30
0.0
 11
-1.9261585019954777
 21
-38.146297269759074
 31
0.0
  0
LINE
  5
178
330
17
100
AcDbEntity
  8
ENGRAVE_POLARS
100
AcDbLine
 10
-1.9261585019954777
 20
-38.146297269759074
 30
0.0
 11
-3.0498965811324887
 21
-38.09928242664771
 31
0.0
  0
LINE
  5
179
330
17
100
AcDbEntity
  8
ENGRAVE_POLARS
100
AcDbLine
 10
-3.0498965811324887
 20
-38.09928242664771
 30
0.0
 11
-4.247028662020148
 21
-38.03394782975561
 31
0.0
  0
LINE
  5
17A
330
17
100
AcDbEntity
  8
ENGRAVE_POLARS
100
AcDbLine
 10
-4.247028662020148
 20
-38.03394782975561
 30
0.0
 11
-5.492270831901807
 21
-37.95073436107606
 31
0.0
  0
LINE
  5
17B
330
17
100
AcDbEntity
  8
ENGRAVE_POLARS
100
AcDbLine
 10
-5.492270831901807
 20
-37.95073436107606
 30
0.0
 11
-6.760339178020816
 21
-37.85008290260227
 31
0.0
  0
LINE
  5
17C
330
17
100
AcDbEntity
  8
ENGRAVE_POLARS
100
AcDbLine
 10
-6.760339178020816
 20
-37.85008290260227
 30
0.0
 11
-8.02594978762053
 21
-37.7324343363275
 31
0.0
  0
LINE
  5
17D
330
17
100
AcDbEntity
  8
ENGRAVE_POLARS
100
AcDbLine
 10
-8.02594978762053
 20
-37.7324343363275
 30
0.0
 11
-9.263818747944295
 21
-37.598229544244994
 31
0.0
  0
LINE
  5
17E
330
17
100
AcDbEntity
  8
ENGRAVE_POLARS
100
AcDbLine
 10
-9.263818747944295
 20
-37.598229544244994
 30
0.0
 11
-10.448662146235462
 21
-37.44790940834801
 31
0.0
  0
LINE
  5
17F
330
17
100
AcDbEntity
  8
ENGRAVE_POLARS
100
AcDbLine
 10
-10.448662146235462
 20
-37.44790940834801
 30
0.0
 11
-11.555196069737386
 21
-37.28191481062978
 31
0.0
  0
LINE
  5
180
330
17
100
AcDbEntity
  8
ENGRAVE_POLARS
100
AcDbLine
 10
-11.555196069737386
 20
-37.28191481062978
 30
0.0
 11
-12.558136605693416
 21
-37.100686633083555
 31
0.0
  0
LINE
  5
181
330
17
100
AcDbEntity
  8
ENGRAVE_POLARS
100
AcDbLine
 10
-12.558136605693416
 20
-37.100686633083555
 30
0.0
 11
-13.432199841346904
 21
-36.90466575770258
 31
0.0
  0
LINE
  5
182
330
17
100
AcDbEntity
  8
ENGRAVE_POLARS
100
AcDbLine
 10
-13.432199841346904
 20
-36.90466575770258
 30
0.0
 11
-14.184927767235525
 21
-36.70319598871492
 31
0.0
  0
LINE
  5
183
330
17
100
AcDbEntity
  8
ENGRAVE_POLARS
100
AcDbLine
 10
-14.184927767235525
 20
-36.70319598871492
 30
0.0
 11
-14.848702282163234
 21
-36.501742421182136
 31
0.0
  0
LINE
  5
184
330
17
100
AcDbEntity
  8
ENGRAVE_POLARS
100
AcDbLine
 10
-14.848702282163234
 20
-36.501742421182136
 30
0.0
 11
-15.435499335772809
 21
-36.294927873347795
 31
0.0
  0
LINE
  5
185
330
17
100
AcDbEntity
  8
ENGRAVE_POLARS
100
AcDbLine
 10
-15.435499335772809
 20
-36.294927873347795
 30
0.0
 11
-15.957294877707014
 21
-36.077375163455415
 31
0.0
  0
LINE
  5
186
330
17
100
AcDbEntity
  8
ENGRAVE_POLARS
100
AcDbLine
 10
-15.957294877707014
 20
-36.077375163455415
 30
0.0
 11
-16.426064857608623
 21
-35.84370710974855
 31
0.0
  0
LINE
  5
187
330
17
100
AcDbEntity
  8
ENGRAVE_POLARS
100
AcDbLine
 10
-16.426064857608623
 20
-35.84370710974855
 30
0.0
 11
-16.853785225120408
 21
-35.588546530470744
 31
0.0
  0
LINE
  5
188
330
17
100
AcDbEntity
  8
ENGRAVE_POLARS
100
AcDbLine
 10
-16.853785225120408
 20
-35.588546530470744
 30
0.0
 11
-17.252431929885137
 21
-35.306516243865524
 31
0.0
  0
LINE
  5
189
330
17
100
AcDbEntity
  8
ENGRAVE_POLARS
100
AcDbLine
 10
-17.252431929885137
 20
-35.306516243865524
 30
0.0
 11
-17.633980921545586
 21
-34.992239068176445
 31
0.0
  0
LINE
  5
18A
330
17
100
AcDbEntity
  8
ENGRAVE_POLARS
100
AcDbLine
 10
-17.633980921545586
 20
-34.992239068176445
 30
0.0
 11
-18.010408149744528
 21
-34.640337821647044
 31
0.0
  0
LINE
  5
18B
330
17
100
AcDbEntity
  8
ENGRAVE_POLARS
100
AcDbLine
 10
-18.010408149744528
 20
-34.640337821647044
 30
0.0
 11
-18.393689564124728
 21
-34.24543532252086
 31
0.0
  0
LINE
  5
18C
330
17
100
AcDbEntity
  8
ENGRAVE_POLARS
100
AcDbLine
 10
-18.393689564124728
 20
-34.24543532252086
 30
0.0
 11
-18.79580111432896
 21
-33.80215438904144
 31
0.0
  0
LINE
  5
18D
330
17
100
AcDbEntity
  8
ENGRAVE_POLARS
100
AcDbLine
 10
-18.79580111432896
 20
-33.80215438904144
 30
0.0
 11
-19.22871874999999
 21
-33.305117839452315
 31
0.0
  0
LINE
  5
18E
330
17
100
AcDbEntity
  8
ENGRAVE_POLARS
100
AcDbLine
 10
-19.22871874999999
 20
-33.305117839452315
 30
0.0
 11
-19.689287395698976
 21
-32.729785636848355
 31
0.0
  0
LINE
  5
18F
330
17
100
AcDbEntity
  8
ENGRAVE_POLARS
100
AcDbLine
 10
-19.689287395698976
 20
-32.729785636848355
 30
0.0
 11
-20.162434603809068
 21
-32.0664074105697
 31
0.0
  0
LINE
  5
190
330
17
100
AcDbEntity
  8
ENGRAVE_POLARS
100
AcDbLine
 10
-20.162434603809068
 20
-32.0664074105697
 30
0.0
 11
-20.642260265706064
 21
-31.33179047822781
 31
0.0
  0
LINE
  5
191
330
17
100
AcDbEntity
  8
ENGRAVE_POLARS
100
AcDbLine
 10
-20.642260265706064
 20
-31.33179047822781
 30
0.0
 11
-21.122864272765753
 21
-30.542742157434137
 31
0.0
  0
LINE
  5
192
330
17
100
AcDbEntity
  8
ENGRAVE_POLARS
100
AcDbLine
 10
-21.122864272765753
 20
-30.542742157434137
 30
0.0
 11
-21.59834651636394
 21
-29.716069765800142
 31
0.0
  0
LINE
  5
193
330
17
100
AcDbEntity
  8
ENGRAVE_POLARS
100
AcDbLine
 10
-21.59834651636394
 20
-29.716069765800142
 30
0.0
 11
-22.0628068878764
 21
-28.868580620937283
 31
0.0
  0
LINE
  5
194
330
17
100
AcDbEntity
  8
ENGRAVE_POLARS
100
AcDbLine
 10
-22.0628068878764
 20
-28.868580620937283
 30
0.0
 11
-22.51034527867894
 21
-28.01708204045701
 31
0.0
  0
LINE
  5
195
330
17
100
AcDbEntity
  8
ENGRAVE_POLARS
100
AcDbLine
 10
-22.51034527867894
 20
-28.01708204045701
 30
0.0
 11
-22.935061580147348
 21
-27.17838134197079
 31
0.0
  0
LINE
  5
196
330
17
100
AcDbEntity
  8
ENGRAVE_POLARS
100
AcDbLine
 10
-22.935061580147348
 20
-27.17838134197079
 30
0.0
 11
-23.331055683657418
 21
-26.369285843090076
 31
0.0
  0
LINE
  5
197
330
17
100
AcDbEntity
  8
ENGRAVE_POLARS
100
AcDbLine
 10
-23.331055683657418
 20
-26.369285843090076
 30
0.0
 11
-23.692427480584943
 21
-25.606602861426325
 31
0.0
  0
LINE
  5
198
330
17
100
AcDbEntity
  8
ENGRAVE_POLARS
100
AcDbLine
 10
-23.692427480584943
 20
-25.606602861426325
 30
0.0
 11
-24.013276862305716
 21
-24.90713971459099
 31
0.0
  0
LINE
  5
199
330
17
100
AcDbEntity
  8
ENGRAVE_POLARS
100
AcDbLine
 10
-24.013276862305716
 20
-24.90713971459099
 30
0.0
 11
-24.28770372019553
 21
-24.287703720195534
 31
0.0
  0
LINE
  5
19A
330
17
100
AcDbEntity
  8
ENGRAVE_POLARS
100
AcDbLine
 10
-24.28770372019553
 20
-24.287703720195534
 30
0.0
 11
-24.513778029607522
 21
-23.743783487074197
 31
0.0
  0
LINE
  5
19B
330
17
100
AcDbEntity
  8
ENGRAVE_POLARS
100
AcDbLine
 10
-24.513778029607522
 20
-23.743783487074197
 30
0.0
 11
-24.696708075174648
 21
-23.25417287436354
 31
0.0
  0
LINE
  5
19C
330
17
100
AcDbEntity
  8
ENGRAVE_POLARS
100
AcDbLine
 10
-24.696708075174648
 20
-23.25417287436354
 30
0.0
 11
-24.841301212192406
 21
-22.8106370751285
 31
0.0
  0
LINE
  5
19D
330
17
100
AcDbEntity
  8
ENGRAVE_POLARS
100
AcDbLine
 10
-24.841301212192406
 20
-22.8106370751285
 30
0.0
 11
-24.95236479595632
 21
-22.404941282434027
 31
0.0
  0
LINE
  5
19E
330
17
100
AcDbEntity
  8
ENGRAVE_POLARS
100
AcDbLine
 10
-24.95236479595632
 20
-22.404941282434027
 30
0.0
 11
-25.034706181761894
 21
-22.028850689345063
 31
0.0
  0
LINE
  5
19F
330
17
100
AcDbEntity
  8
ENGRAVE_POLARS
100
AcDbLine
 10
-25.034706181761894
 20
-22.028850689345063
 30
0.0
 11
-25.093132724904642
 21
-21.67413048892654
 31
0.0
  0
LINE
  5
1A0
330
17
100
AcDbEntity
  8
ENGRAVE_POLARS
100
AcDbLine
 10
-25.093132724904642
 20
-21.67413048892654
 30
0.0
 11
-25.132451780680068
 21
-21.332545874243404
 31
0.0
  0
LINE
  5
1A1
330
17
100
AcDbEntity
  8
ENGRAVE_POLARS
100
AcDbLine
 10
-25.132451780680068
 20
-21.332545874243404
 30
0.0
 11
-25.157470704383698
 21
-20.995862038360606
 31
0.0
  0
LINE
  5
1A2
330
17
100
AcDbEntity
  8
ENGRAVE_POLARS
100
AcDbLine
 10
-25.157470704383698
 20
-20.995862038360606
 30
0.0
 11
-25.17299685131103
 21
-20.655844174343077
 31
0.0
  0
LINE
  5
1A3
330
17
100
AcDbEntity
  8
ENGRAVE_POLARS
100
AcDbLine
 10
-25.17299685131103
 20
-20.655844174343077
 30
0.0
 11
-25.183837576757576
 21
-20.30425747525576
 31
0.0
  0
LINE
  5
1A4
330
17
100
AcDbEntity
  8
ENGRAVE_POLARS
100
AcDbLine
 10
-25.183837576757576
 20
-20.30425747525576
 30
0.0
 11
-25.194800236018853
 21
-19.9328671341636
 31
0.0
  0
LINE
  5
1A5
330
17
100
AcDbEntity
  8
ENGRAVE_POLARS
100
AcDbLine
 10
-25.194800236018853
 20
-19.9328671341636
 30
0.0
 11
-25.210692184390364
 21
-19.533438344131536
 31
0.0
  0
LINE
  5
1A6
330
17
100
AcDbEntity
  8
ENGRAVE_POLARS
100
AcDbLine
 10
-25.210692184390364
 20
-19.533438344131536
 30
0.0
 11
-25.226411795462806
 21
-19.1234601219276
 31
0.0
  0
LINE
  5
1A7
330
17
100
AcDbEntity
  8
ENGRAVE_POLARS
100
AcDbLine
 10
-25.226411795462806
 20
-19.1234601219276
 30
0.0
 11
-25.23346819210787
 21
-18.723045267606064
 31
0.0
  0
LINE
  5
1A8
330
17
100
AcDbEntity
  8
ENGRAVE_POLARS
100
AcDbLine
 10
-25.23346819210787
 20
-18.723045267606064
 30
0.0
 11
-25.231584853542596
 21
-18.32789464916121
 31
0.0
  0
LINE
  5
1A9
330
17
100
AcDbEntity
  8
ENGRAVE_POLARS
100
AcDbLine
 10
-25.231584853542596
 20
-18.32789464916121
 30
0.0
 11
-25.220485258983995
 21
-17.933709134587335
 31
0.0
  0
LINE
  5
1AA
330
17
100
AcDbEntity
  8
ENGRAVE_POLARS
100
AcDbLine
 10
-25.220485258983995
 20
-17.933709134587335
 30
0.0
 11
-25.199892887649106
 21
-17.53618959187874
 31
0.0
  0
LINE
  5
1AB
330
17
100
AcDbEntity
  8
ENGRAVE_POLARS
100
AcDbLine
 10
-25.199892887649106
 20
-17.53618959187874
 30
0.0
 11
-25.169531218754937
 21
-17.131036889029705
 31
0.0
  0
LINE
  5
1AC
330
17
100
AcDbEntity
  8
ENGRAVE_POLARS
100
AcDbLine
 10
-25.169531218754937
 20
-17.131036889029705
 30
0.0
 11
-25.129123731518533
 21
-16.713951894034523
 31
0.0
  0
LINE
  5
1AD
330
17
100
AcDbEntity
  8
ENGRAVE_POLARS
100
AcDbLine
 10
-25.129123731518533
 20
-16.713951894034523
 30
0.0
 11
-25.078393905156908
 21
-16.28063547488749
 31
0.0
  0
LINE
  5
1AE
330
17
100
AcDbEntity
  8
ENGRAVE_POLARS
100
AcDbLine
 10
-25.078393905156908
 20
-16.28063547488749
 30
0.0
 11
-25.017065218887097
 21
-15.826788499582896
 31
0.0
  0
LINE
  5
1AF
330
17
100
AcDbEntity
  8
ENGRAVE_POLARS
100
AcDbLine
 10
-25.017065218887097
 20
-15.826788499582896
 30
0.0
 11
-24.94486115192612
 21
-15.348111836115033
 31
0.0
  0
LINE
  5
1B0
330
17
100
AcDbEntity
  8
ENGRAVE_POLARS
100
AcDbLine
 10
-24.94486115192612
 20
-15.348111836115033
 30
0.0
 11
-24.861505183490998
 21
-14.840306352478189
 31
0.0
  0
LINE
  5
1B1
330
17
100
AcDbEntity
  8
ENGRAVE_POLARS
100
AcDbLine
 10
-24.861505183490998
 20
-14.840306352478189
 30
0.0
 11
-24.766720792798765
 21
-14.299072916666665
 31
0.0
  0
LINE
  5
1B2
330
17
100
AcDbEntity
  8
ENGRAVE_POLARS
100
AcDbLine
 10
-24.766720792798765
 20
-14.299072916666665
 30
0.0
 11
-24.65371610199033
 21
-13.71338915022715
 31
0.0
  0
LINE
  5
1B3
330
17
100
AcDbEntity
  8
ENGRAVE_POLARS
100
AcDbLine
 10
-24.65371610199033
 20
-13.71338915022715
 30
0.0
 11
-24.51847066600952
 21
-13.080930774513778
 31
0.0
  0
LINE
  5
1B4
330
17
100
AcDbEntity
  8
ENGRAVE_POLARS
100
AcDbLine
 10
-24.51847066600952
 20
-13.080930774513778
 30
0.0
 11
-24.36486511327773
 21
-12.410445807231978
 31
0.0
  0
LINE
  5
1B5
330
17
100
AcDbEntity
  8
ENGRAVE_POLARS
100
AcDbLine
 10
-24.36486511327773
 20
-12.410445807231978
 30
0.0
 11
-24.196780072216356
 21
-11.710682266087183
 31
0.0
  0
LINE
  5
1B6
330
17
100
AcDbEntity
  8
ENGRAVE_POLARS
100
AcDbLine
 10
-24.196780072216356
 20
-11.710682266087183
 30
0.0
 11
-24.01809617124679
 21
-10.990388168784827
 31
0.0
  0
LINE
  5
1B7
330
17
100
AcDbEntity
  8
ENGRAVE_POLARS
100
AcDbLine
 10
-24.01809617124679
 20
-10.990388168784827
 30
0.0
 11
-23.832694038790425
 21
-10.258311533030344
 31
0.0
  0
LINE
  5
1B8
330
17
100
AcDbEntity
  8
ENGRAVE_POLARS
100
AcDbLine
 10
-23.832694038790425
 20
-10.258311533030344
 30
0.0
 11
-23.644454303268652
 21
-9.52320037652916
 31
0.0
  0
LINE
  5
1B9
330
17
100
AcDbEntity
  8
ENGRAVE_POLARS
100
AcDbLine
 10
-23.644454303268652
 20
-9.52320037652916
 30
0.0
 11
-23.45725759310288
 21
-8.793802716986722
 31
0.0
  0
LINE
  5
1BA
330
17
100
AcDbEntity
  8
ENGRAVE_POLARS
100
AcDbLine
 10
-23.45725759310288
 20
-8.793802716986722
 30
0.0
 11
-23.274984536714488
 21
-8.078866572108454
 31
0.0
  0
LINE
  5
1BB
330
17
100
AcDbEntity
  8
ENGRAVE_POLARS
100
AcDbLine
 10
-23.274984536714488
 20
-8.078866572108454
 30
0.0
 11
-23.10151576252488
 21
-7.387139959599788
 31
0.0
  0
LINE
  5
1BC
330
17
100
AcDbEntity
  8
ENGRAVE_POLARS
100
AcDbLine
 10
-23.10151576252488
 20
-7.387139959599788
 30
0.0
 11
-22.940731898955445
 21
-6.7273708971661605
 31
0.0
  0
LINE
  5
1BD
330
17
100
AcDbEntity
  8
ENGRAVE_POLARS
100
AcDbLine
 10
-22.940731898955445
 20
-6.7273708971661605
 30
0.0
 11
-22.796513574427582
 21
-6.108307402513004
 31
0.0
  0
LINE
  5
1BE
330
17
100
AcDbEntity
  8
ENGRAVE_POLARS
100
AcDbLine
 10
-22.796513574427582
 20
-6.108307402513004
 30
0.0
 11
-22.66257582423342
 21
-5.5069296985604845
 31
0.0
  0
LINE
  5
1BF
330
17
100
AcDbEntity
  8
ENGRAVE_POLARS
100
AcDbLine
 10
-22.66257582423342
 20
-5.5069296985604845
 30
0.0
 11
-22.530685712553705
 21
-4.899045544215509
 31
0.0
  0
LINE
  5
1C0
330
17
100
AcDbEntity
  8
ENGRAVE_POLARS
100
AcDbLine
 10
-22.530685712553705
 20
-4.899045544215509
 30
0.0
 11
-22.401801911142755
 21
-4.291644261163621
 31
0.0
  0
LINE
  5
1C1
330
17
100
AcDbEntity
  8
ENGRAVE_POLARS
100
AcDbLine
 10
-22.401801911142755
 20
-4.291644261163621
 30
0.0
 11
-22.276883091754875
 21
-3.6917151710903617
 31
0.0
  0
LINE
  5
1C2
330
17
100
AcDbEntity
  8
ENGRAVE_POLARS
100
AcDbLine
 10
-22.276883091754875
 20
-3.6917151710903617
 30
0.0
 11
-22.15688792614439
 21
-3.1062475956812747
 31
0.0
  0
LINE
  5
1C3
330
17
100
AcDbEntity
  8
ENGRAVE_POLARS
100
AcDbLine
 10
-22.15688792614439
 20
-3.1062475956812747
 30
0.0
 11
-22.042775086065593
 21
-2.5422308566218996
 31
0.0
  0
LINE
  5
1C4
330
17
100
AcDbEntity
  8
ENGRAVE_POLARS
100
AcDbLine
 10
-22.042775086065593
 20
-2.5422308566218996
 30
0.0
 11
-21.935503243272805
 21
-2.0066542755977803
 31
0.0
  0
LINE
  5
1C5
330
17
100
AcDbEntity
  8
ENGRAVE_POLARS
100
AcDbLine
 10
-21.935503243272805
 20
-2.0066542755977803
 30
0.0
 11
-21.836031069520352
 21
-1.506507174294459
 31
0.0
  0
LINE
  5
1C6
330
17
100
AcDbEntity
  8
ENGRAVE_POLARS
100
AcDbLine
 10
-21.836031069520352
 20
-1.506507174294459
 30
0.0
 11
-21.745317236562528
 21
-1.0487788743974795
 31
0.0
  0
LINE
  5
1C7
330
17
100
AcDbEntity
  8
ENGRAVE_POLARS
100
AcDbLine
 10
-21.745317236562528
 20
-1.0487788743974795
 30
0.0
 11
-21.664320416153654
 21
-0.6404586975923816
 31
0.0
  0
LINE
  5
1C8
330
17
100
AcDbEntity
  8
ENGRAVE_POLARS
100
AcDbLine
 10
-21.664320416153654
 20
-0.6404586975923816
 30
0.0
 11
-21.59399928004804
 21
-0.2885359655647081
 31
0.0
  0
LINE
  5
1C9
330
17
100
AcDbEntity
  8
ENGRAVE_POLARS
100
AcDbLine
 10
-21.59399928004804
 20
-0.2885359655647081
 30
0.0
 11
-21.5353125
 21
-2.6373151521762985e-15
 31
0.0
  0
TEXT
  5
1CA
330
17
100
AcDbEntity
  8
ENGRAVE_TEXT
100
AcDbText
 10
24.540412583479746
 20
19.40172224216679
 30
0.0
 40
4.5
  1
6
 72
1
 11
24.540412583479746
 21
19.40172224216679
 31
0.0
100
AcDbText
 73
2
  0
TEXT
  5
1CB
330
17
100
AcDbEntity
  8
ENGRAVE_TEXT
100
AcDbText
 10
24.540412583479746
 20
-19.40172224216679
 30
0.0
 40
4.5
  1
6
 72
1
 11
24.540412583479746
 21
-19.40172224216679
 31
0.0
100
AcDbText
 73
2
  0
CIRCLE
  5
1CC
330
17
100
AcDbEntity
  8
ENGRAVE_VMG
100
AcDbCircle
 10
23.127237643646694
 20
21.06631326796153
 30
0.0
 40
0.6
  0
CIRCLE
  5
1CD
330
17
100
AcDbEntity
  8
ENGRAVE_VMG
100
AcDbCircle
 10
23.127237643646694
 20
-21.06631326796153
 30
0.0
 40
0.6
  0
CIRCLE
  5
1CE
330
17
100
AcDbEntity
  8
ENGRAVE_VMG
100
AcDbCircle
 10
-25.210692184390364
 20
19.533438344131536
 30
0.0
 40
0.6
  0
CIRCLE
  5
1CF
330
17
100
AcDbEntity
  8
ENGRAVE_VMG
100
AcDbCircle
 10
-25.210692184390364
 20
-19.533438344131536
 30
0.0
 40
0.6
  0
LINE
  5
1D0
330
17
100
AcDbEntity
  8
ENGRAVE_POLARS
100
AcDbLine
 10
21.12239918399999
 20
18.056114624933006
 30
0.0
 11
21.026730811561894
 21
18.37306908017363
 31
0.0
  0
LINE
  5
1D1
330
17
100
AcDbEntity
  8
ENGRAVE_POLARS
100
AcDbLine
 10
21.026730811561894
 20
18.37306908017363
 30
0.0
 11
20.91140018212991
 21
18.782993286210786
 31
0.0
  0
LINE
  5
1D2
330
17
100
AcDbEntity
  8
ENGRAVE_POLARS
100
AcDbLine
 10
20.91140018212991
 20
18.782993286210786
 30
0.0
 11
20.778226331441136
 21
19.269622209557472
 31
0.0
  0
LINE
  5
1D3
330
17
100
AcDbEntity
  8
ENGRAVE_POLARS
100
AcDbLine
 10
20.778226331441136
 20
19.269622209557472
 30
0.0
 11
20.629028295232683
 21
19.81669081672671
 31
0.0
  0
LINE
  5
1D4
330
17
100
AcDbEntity
  8
ENGRAVE_POLARS
100
AcDbLine
 10
20.629028295232683
 20
19.81669081672671
 30
0.0
 11
20.46562510924166
 21
20.407934074231513
 31
0.0
  0
LINE
  5
1D5
330
17
100
AcDbEntity
  8
ENGRAVE_POLARS
100
AcDbLine
 10
20.46562510924166
 20
20.407934074231513
 30
0.0
 11
20.28983580920517
 21
21.02708694858488
 31
0.0
  0
LINE
  5
1D6
330
17
100
AcDbEntity
  8
ENGRAVE_POLARS
100
AcDbLine
 10
20.28983580920517
 20
21.02708694858488
 30
0.0
 11
20.1034794308603
 21
21.65788440629984
 31
0.0
  0
LINE
  5
1D7
330
17
100
AcDbEntity
  8
ENGRAVE_POLARS
100
AcDbLine
 10
20.1034794308603
 20
21.65788440629984
 30
0.0
 11
19.908375009944184
 21
22.28406141388939
 31
0.0
  0
LINE
  5
1D8
330
17
100
AcDbEntity
  8
ENGRAVE_POLARS
100
AcDbLine
 10
19.908375009944184
 20
22.28406141388939
 30
0.0
 11
19.706341582193907
 21
22.88935293786656
 31
0.0
  0
LINE
  5
1D9
330
17
100
AcDbEntity
  8
ENGRAVE_POLARS
100
AcDbLine
 10
19.706341582193907
 20
22.88935293786656
 30
0.0
 11
19.49919818334658
 21
23.45749394474434
 31
0.0
  0
LINE
  5
1DA
330
17
100
AcDbEntity
  8
ENGRAVE_POLARS
100
AcDbLine
 10
19.49919818334658
 20
23.45749394474434
 30
0.0
 11
19.288763849139304
 21
23.97221940103575
 31
0.0
  0
LINE
  5
1DB
330
17
100
AcDbEntity
  8
ENGRAVE_POLARS
100
AcDbLine
 10
19.288763849139304
 20
23.97221940103575
 30
0.0
 11
19.076857615309194
 21
24.417264273253814
 31
0.0
  0
LINE
  5
1DC
330
17
100
AcDbEntity
  8
ENGRAVE_POLARS
100
AcDbLine
 10
19.076857615309194
 20
24.417264273253814
 30
0.0
 11
18.863966998092714
 21
24.80339517637279
 31
0.0
  0
LINE
  5
1DD
330
17
100
AcDbEntity
  8
ENGRAVE_POLARS
100
AcDbLine
 10
18.863966998092714
 20
24.80339517637279
 30
0.0
 11
18.6484178324726
 21
25.155207265543925
 31
0.0
  0
LINE
  5
1DE
330
17
100
AcDbEntity
  8
ENGRAVE_POLARS
100
AcDbLine
 10
18.6484178324726
 20
25.155207265543925
 30
0.0
 11
18.42878663230535
 21
25.47717831754571
 31
0.0
  0
LINE
  5
1DF
330
17
100
AcDbEntity
  8
ENGRAVE_POLARS
100
AcDbLine
 10
18.42878663230535
 20
25.47717831754571
 30
0.0
 11
18.203649911447446
 21
25.77378610915662
 31
0.0
  0
LINE
  5
1E0
330
17
100
AcDbEntity
  8
ENGRAVE_POLARS
100
AcDbLine
 10
18.203649911447446
 20
25.77378610915662
 30
0.0
 11
17.971584183755386
 21
26.049508417155142
 31
0.0
  0
LINE
  5
1E1
330
17
100
AcDbEntity
  8
ENGRAVE_POLARS
100
AcDbLine
 10
17.971584183755386
 20
26.049508417155142
 30
0.0
 11
17.73116596308567
 21
26.308823018319753
 31
0.0
  0
LINE
  5
1E2
330
17
100
AcDbEntity
  8
ENGRAVE_POLARS
100
AcDbLine
 10
17.73116596308567
 20
26.308823018319753
 30
0.0
 11
17.480971763294775
 21
26.55620768942893
 31
0.0
  0
LINE
  5
1E3
330
17
100
AcDbEntity
  8
ENGRAVE_POLARS
100
AcDbLine
 10
17.480971763294775
 20
26.55620768942893
 30
0.0
 11
17.219578098239204
 21
26.796140207261164
 31
0.0
  0
LINE
  5
1E4
330
17
100
AcDbEntity
  8
ENGRAVE_POLARS
100
AcDbLine
 10
17.219578098239204
 20
26.796140207261164
 30
0.0
 11
16.945561481775453
 21
27.033098348594933
 31
0.0
  0
LINE
  5
1E5
330
17
100
AcDbEntity
  8
ENGRAVE_POLARS
100
AcDbLine
 10
16.945561481775453
 20
27.033098348594933
 30
0.0
 11
16.657498427760007
 21
27.271559890208724
 31
0.0
  0
LINE
  5
1E6
330
17
100
AcDbEntity
  8
ENGRAVE_POLARS
100
AcDbLine
 10
16.657498427760007
 20
27.271559890208724
 30
0.0
 11
16.35396545004936
 21
27.516002608881003
 31
0.0
  0
LINE
  5
1E7
330
17
100
AcDbEntity
  8
ENGRAVE_POLARS
100
AcDbLine
 10
16.35396545004936
 20
27.516002608881003
 30
0.0
 11
16.033539062500004
 21
27.770904281390266
 31
0.0
  0
LINE
  5
1E8
330
17
100
AcDbEntity
  8
ENGRAVE_POLARS
100
AcDbLine
 10
16.033539062500004
 20
27.770904281390266
 30
0.0
 11
15.68520805224016
 21
28.036018259282237
 31
0.0
  0
LINE
  5
1E9
330
17
100
AcDbEntity
  8
ENGRAVE_POLARS
100
AcDbLine
 10
15.68520805224016
 20
28.036018259282237
 30
0.0
 11
15.303518177780695
 21
28.306302737054942
 31
0.0
  0
LINE
  5
1EA
330
17
100
AcDbEntity
  8
ENGRAVE_POLARS
100
AcDbLine
 10
15.303518177780695
 20
28.306302737054942
 30
0.0
 11
14.895381410052092
 21
28.579042755915317
 31
0.0
  0
LINE
  5
1EB
330
17
100
AcDbEntity
  8
ENGRAVE_POLARS
100
AcDbLine
 10
14.895381410052092
 20
28.579042755915317
 30
0.0
 11
14.467709719984823
 21
28.851523357070295
 31
0.0
  0
LINE
  5
1EC
330
17
100
AcDbEntity
  8
ENGRAVE_POLARS
100
AcDbLine
 10
14.467709719984823
 20
28.851523357070295
 30
0.0
 11
14.027415078509373
 21
29.121029581726813
 31
0.0
  0
LINE
  5
1ED
330
17
100
AcDbEntity
  8
ENGRAVE_POLARS
100
AcDbLine
 10
14.027415078509373
 20
29.121029581726813
 30
0.0
 11
13.581409456556214
 21
29.384846471091794
 31
0.0
  0
LINE
  5
1EE
330
17
100
AcDbEntity
  8
ENGRAVE_POLARS
100
AcDbLine
 10
13.581409456556214
 20
29.384846471091794
 30
0.0
 11
13.136604825055823
 21
29.640259066372167
 31
0.0
  0
LINE
  5
1EF
330
17
100
AcDbEntity
  8
ENGRAVE_POLARS
100
AcDbLine
 10
13.136604825055823
 20
29.640259066372167
 30
0.0
 11
12.69991315493868
 21
29.88455240877488
 31
0.0
  0
LINE
  5
1F0
330
17
100
AcDbEntity
  8
ENGRAVE_POLARS
100
AcDbLine
 10
12.69991315493868
 20
29.88455240877488
 30
0.0
 11
12.278246417135264
 21
30.115011539506856
 31
0.0
  0
LINE
  5
1F1
330
17
100
AcDbEntity
  8
ENGRAVE_POLARS
100
AcDbLine
 10
12.278246417135264
 20
30.115011539506856
 30
0.0
 11
11.878516582576047
 21
30.328921499775024
 31
0.0
  0
LINE
  5
1F2
330
17
100
AcDbEntity
  8
ENGRAVE_POLARS
100
AcDbLine
 10
11.878516582576047
 20
30.328921499775024
 30
0.0
 11
11.50763562219151
 21
30.523567330786314
 31
0.0
  0
LINE
  5
1F3
330
17
100
AcDbEntity
  8
ENGRAVE_POLARS
100
AcDbLine
 10
11.50763562219151
 20
30.523567330786314
 30
0.0
 11
11.172515506912129
 21
30.696234073747675
 31
0.0
  0
LINE
  5
1F4
330
17
100
AcDbEntity
  8
ENGRAVE_POLARS
100
AcDbLine
 10
11.172515506912129
 20
30.696234073747675
 30
0.0
 11
10.872290289754483
 21
30.844866209793587
 31
0.0
  0
LINE
  5
1F5
330
17
100
AcDbEntity
  8
ENGRAVE_POLARS
100
AcDbLine
 10
10.872290289754483
 20
30.844866209793587
 30
0.0
 11
10.598868581623144
 21
30.971117454693
 31
0.0
  0
LINE
  5
1F6
330
17
100
AcDbEntity
  8
ENGRAVE_POLARS
100
AcDbLine
 10
10.598868581623144
 20
30.971117454693
 30
0.0
 11
10.348324190280586
 21
31.077836701604497
 31
0.0
  0
LINE
  5
1F7
330
17
100
AcDbEntity
  8
ENGRAVE_POLARS
100
AcDbLine
 10
10.348324190280586
 20
31.077836701604497
 30
0.0
 11
10.11673092348928
 21
31.16787284368666
 31
0.0
  0
LINE
  5
1F8
330
17
100
AcDbEntity
  8
ENGRAVE_POLARS
100
AcDbLine
 10
10.11673092348928
 20
31.16787284368666
 30
0.0
 11
9.900162589011698
 21
31.2440747740981
 31
0.0
  0
LINE
  5
1F9
330
17
100
AcDbEntity
  8
ENGRAVE_POLARS
100
AcDbLine
 10
9.900162589011698
 20
31.2440747740981
 30
0.0
 11
9.694692994610312
 21
31.309291385997383
 31
0.0
  0
LINE
  5
1FA
330
17
100
AcDbEntity
  8
ENGRAVE_POLARS
100
AcDbLine
 10
9.694692994610312
 20
31.309291385997383
 30
0.0
 11
9.496395948047596
 21
31.36637157254311
 31
0.0
  0
LINE
  5
1FB
330
17
100
AcDbEntity
  8
ENGRAVE_POLARS
100
AcDbLine
 10
9.496395948047596
 20
31.36637157254311
 30
0.0
 11
9.301345257086021
 21
31.418164226893865
 31
0.0
  0
LINE
  5
1FC
330
17
100
AcDbEntity
  8
ENGRAVE_POLARS
100
AcDbLine
 10
9.301345257086021
 20
31.418164226893865
 30
0.0
 11
9.10561472948806
 21
31.467518242208246
 31
0.0
  0
LINE
  5
1FD
330
17
100
AcDbEntity
  8
ENGRAVE_POLARS
100
AcDbLine
 10
9.10561472948806
 20
31.467518242208246
 30
0.0
 11
8.905278173016184
 21
31.51728251164484
 31
0.0
  0
LINE
  5
1FE
330
17
100
AcDbEntity
  8
ENGRAVE_POLARS
100
AcDbLine
 10
8.905278173016184
 20
31.51728251164484
 30
0.0
 11
8.696409395432866
 21
31.570305928362227
 31
0.0
  0
LINE
  5
1FF
330
17
100
AcDbEntity
  8
ENGRAVE_POLARS
100
AcDbLine
 10
8.696409395432866
 20
31.570305928362227
 30
0.0
 11
8.475082204500579
 21
31.62943738551901
 31
0.0
  0
LINE
  5
200
330
17
100
AcDbEntity
  8
ENGRAVE_POLARS
100
AcDbLine
 10
8.475082204500579
 20
31.62943738551901
 30
0.0
 11
8.254746309421305
 21
31.68752012940667
 31
0.0
  0
LINE
  5
201
330
17
100
AcDbEntity
  8
ENGRAVE_POLARS
100
AcDbLine
 10
8.254746309421305
 20
31.68752012940667
 30
0.0
 11
8.048243734855427
 21
31.73689197876496
 31
0.0
  0
LINE
  5
202
330
17
100
AcDbEntity
  8
ENGRAVE_POLARS
100
AcDbLine
 10
8.048243734855427
 20
31.73689197876496
 30
0.0
 11
7.85073676175302
 21
31.779643685424873
 31
0.0
  0
LINE
  5
203
330
17
100
AcDbEntity
  8
ENGRAVE_POLARS
100
AcDbLine
 10
7.85073676175302
 20
31.779643685424873
 30
0.0
 11
7.6573876710641535
 21
31.817866001217418
 31
0.0
  0
LINE
  5
204
330
17
100
AcDbEntity
  8
ENGRAVE_POLARS
100
AcDbLine
 10
7.6573876710641535
 20
31.817866001217418
 30
0.0
 11
7.463358743738901
 21
31.853649677973586
 31
0.0
  0
LINE
  5
205
330
17
100
AcDbEntity
  8
ENGRAVE_POLARS
100
AcDbLine
 10
7.463358743738901
 20
31.853649677973586
 30
0.0
 11
7.263812260727333
 21
31.88908546752436
 31
0.0
  0
LINE
  5
206
330
17
100
AcDbEntity
  8
ENGRAVE_POLARS
100
AcDbLine
 10
7.263812260727333
 20
31.88908546752436
 30
0.0
 11
7.053910502979522
 21
31.92626412170076
 31
0.0
  0
LINE
  5
207
330
17
100
AcDbEntity
  8
ENGRAVE_POLARS
100
AcDbLine
 10
7.053910502979522
 20
31.92626412170076
 30
0.0
 11
6.828815751445543
 21
31.967276392333766
 31
0.0
  0
LINE
  5
208
330
17
100
AcDbEntity
  8
ENGRAVE_POLARS
100
AcDbLine
 10
6.828815751445543
 20
31.967276392333766
 30
0.0
 11
6.5836902870754646
 21
32.01421303125438
 31
0.0
  0
LINE
  5
209
330
17
100
AcDbEntity
  8
ENGRAVE_POLARS
100
AcDbLine
 10
6.5836902870754646
 20
32.01421303125438
 30
0.0
 11
6.31369639081936
 21
32.0691647902936
 31
0.0
  0
LINE
  5
20A
330
17
100
AcDbEntity
  8
ENGRAVE_POLARS
100
AcDbLine
 10
6.31369639081936
 20
32.0691647902936
 30
0.0
 11
6.0139963436273005
 21
32.13422242128241
 31
0.0
  0
LINE
  5
20B
330
17
100
AcDbEntity
  8
ENGRAVE_POLARS
100
AcDbLine
 10
6.0139963436273005
 20
32.13422242128241
 30
0.0
 11
5.679752426449361
 21
32.211476676051824
 31
0.0
  0
LINE
  5
20C
330
17
100
AcDbEntity
  8
ENGRAVE_POLARS
100
AcDbLine
 10
5.679752426449361
 20
32.211476676051824
 30
0.0
 11
5.327234436444
 21
32.30877774362395
 31
0.0
  0
LINE
  5
20D
330
17
100
AcDbEntity
  8
ENGRAVE_POLARS
100
AcDbLine
 10
5.327234436444
 20
32.30877774362395
 30
0.0
 11
4.972073392584709
 21
32.42884037865177
 31
0.0
  0
LINE
  5
20E
330
17
100
AcDbEntity
  8
ENGRAVE_POLARS
100
AcDbLine
 10
4.972073392584709
 20
32.42884037865177
 30
0.0
 11
4.6084734085440955
 21
32.566052181412594
 31
0.0
  0
LINE
  5
20F
330
17
100
AcDbEntity
  8
ENGRAVE_POLARS
100
AcDbLine
 10
4.6084734085440955
 20
32.566052181412594
 30
0.0
 11
4.230638597994772
 21
32.71480075218371
 31
0.0
  0
LINE
  5
210
330
17
100
AcDbEntity
  8
ENGRAVE_POLARS
100
AcDbLine
 10
4.230638597994772
 20
32.71480075218371
 30
0.0
 11
3.832773074609352
 21
32.86947369124244
 31
0.0
  0
LINE
  5
211
330
17
100
AcDbEntity
  8
ENGRAVE_POLARS
100
AcDbLine
 10
3.832773074609352
 20
32.86947369124244
 30
0.0
 11
3.409080952060444
 21
33.02445859886608
 31
0.0
  0
LINE
  5
212
330
17
100
AcDbEntity
  8
ENGRAVE_POLARS
100
AcDbLine
 10
3.409080952060444
 20
33.02445859886608
 30
0.0
 11
2.9537663440206603
 21
33.17414307533194
 31
0.0
  0
LINE
  5
213
330
17
100
AcDbEntity
  8
ENGRAVE_POLARS
100
AcDbLine
 10
2.9537663440206603
 20
33.17414307533194
 30
0.0
 11
2.4610333641626125
 21
33.312914720917306
 31
0.0
  0
LINE
  5
214
330
17
100
AcDbEntity
  8
ENGRAVE_POLARS
100
AcDbLine
 10
2.4610333641626125
 20
33.312914720917306
 30
0.0
 11
1.925086126158912
 21
33.4351611358995
 31
0.0
  0
LINE
  5
215
330
17
100
AcDbEntity
  8
ENGRAVE_POLARS
100
AcDbLine
 10
1.925086126158912
 20
33.4351611358995
 30
0.0
 11
1.3401287436821687
 21
33.53526992055581
 31
0.0
  0
LINE
  5
216
330
17
100
AcDbEntity
  8
ENGRAVE_POLARS
100
AcDbLine
 10
1.3401287436821687
 20
33.53526992055581
 30
0.0
 11
0.7003653304049949
 21
33.60762867516353
 31
0.0
  0
LINE
  5
217
330
17
100
AcDbEntity
  8
ENGRAVE_POLARS
100
AcDbLine
 10
0.7003653304049949
 20
33.60762867516353
 30
0.0
 11
2.0602615804180657e-15
 21
33.646625
 31
0.0
  0
LINE
  5
218
330
17
100
AcDbEntity
  8
ENGRAVE_POLARS
100
AcDbLine
 10
2.0602615804180657e-15
 20
33.646625
 30
0.0
 11
-0.7950665537337651
 21
33.65754524754895
 31
0.0
  0
LINE
  5
219
330
17
100
AcDbEntity
  8
ENGRAVE_POLARS
100
AcDbLine
 10
-0.7950665537337651
 20
33.65754524754895
 30
0.0
 11
-1.7002111042033987
 21
33.64987607817936
 31
0.0
  0
LINE
  5
21A
330
17
100
AcDbEntity
  8
ENGRAVE_POLARS
100
AcDbLine
 10
-1.7002111042033987
 20
33.64987607817936
 30
0.0
 11
-2.693145738545494
 21
33.62430555399636
 31
0.0
  0
LINE
  5
21B
330
17
100
AcDbEntity
  8
ENGRAVE_POLARS
100
AcDbLine
 10
-2.693145738545494
 20
33.62430555399636
 30
0.0
 11
-3.7515825438966477
 21
33.58152173710505
 31
0.0
  0
LINE
  5
21C
330
17
100
AcDbEntity
  8
ENGRAVE_POLARS
100
AcDbLine
 10
-3.7515825438966477
 20
33.58152173710505
 30
0.0
 11
-4.853233607393453
 21
33.52221268961056
 31
0.0
  0
LINE
  5
21D
330
17
100
AcDbEntity
  8
ENGRAVE_POLARS
100
AcDbLine
 10
-4.853233607393453
 20
33.52221268961056
 30
0.0
 11
-5.975811016172509
 21
33.44706647361801
 31
0.0
  0
LINE
  5
21E
330
17
100
AcDbEntity
  8
ENGRAVE_POLARS
100
AcDbLine
 10
-5.975811016172509
 20
33.44706647361801
 30
0.0
 11
-7.097026857370409
 21
33.35677115123251
 31
0.0
  0
LINE
  5
21F
330
17
100
AcDbEntity
  8
ENGRAVE_POLARS
100
AcDbLine
 10
-7.097026857370409
 20
33.35677115123251
 30
0.0
 11
-8.19459321812375
 21
33.25201478455919
 31
0.0
  0
LINE
  5
220
330
17
100
AcDbEntity
  8
ENGRAVE_POLARS
100
AcDbLine
 10
-8.19459321812375
 20
33.25201478455919
 30
0.0
 11
-9.246222185569122
 21
33.13348543570316
 31
0.0
  0
LINE
  5
221
330
17
100
AcDbEntity
  8
ENGRAVE_POLARS
100
AcDbLine
 10
-9.246222185569122
 20
33.13348543570316
 30
0.0
 11
-10.22962584684313
 21
33.00187116676954
 31
0.0
  0
LINE
  5
222
330
17
100
AcDbEntity
  8
ENGRAVE_POLARS
100
AcDbLine
 10
-10.22962584684313
 20
33.00187116676954
 30
0.0
 11
-11.122516289082364
 21
32.857860039863446
 31
0.0
  0
LINE
  5
223
330
17
100
AcDbEntity
  8
ENGRAVE_POLARS
100
AcDbLine
 10
-11.122516289082364
 20
32.857860039863446
 30
0.0
 11
-11.90260559942342
 21
32.70214011709
 31
0.0
  0
LINE
  5
224
330
17
100
AcDbEntity
  8
ENGRAVE_POLARS
100
AcDbLine
 10
-11.90260559942342
 20
32.70214011709
 30
0.0
 11
-12.574783733576297
 21
32.54144309017689
 31
0.0
  0
LINE
  5
225
330
17
100
AcDbEntity
  8
ENGRAVE_POLARS
100
AcDbLine
 10
-12.574783733576297
 20
32.54144309017689
 30
0.0
 11
-13.166476568298338
 21
32.37930214974524
 31
0.0
  0
LINE
  5
226
330
17
100
AcDbEntity
  8
ENGRAVE_POLARS
100
AcDbLine
 10
-13.166476568298338
 20
32.37930214974524
 30
0.0
 11
-13.689200072297169
 21
32.21160760624032
 31
0.0
  0
LINE
  5
227
330
17
100
AcDbEntity
  8
ENGRAVE_POLARS
100
AcDbLine
 10
-13.689200072297169
 20
32.21160760624032
 30
0.0
 11
-14.15447021428041
 21
32.034249770107415
 31
0.0
  0
LINE
  5
228
330
17
100
AcDbEntity
  8
ENGRAVE_POLARS
100
AcDbLine
 10
-14.15447021428041
 20
32.034249770107415
 30
0.0
 11
-14.57380296295569
 21
31.8431189517918
 31
0.0
  0
LINE
  5
229
330
17
100
AcDbEntity
  8
ENGRAVE_POLARS
100
AcDbLine
 10
-14.57380296295569
 20
31.8431189517918
 30
0.0
 11
-14.958714287030627
 21
31.63410546173876
 31
0.0
  0
LINE
  5
22A
330
17
100
AcDbEntity
  8
ENGRAVE_POLARS
100
AcDbLine
 10
-14.958714287030627
 20
31.63410546173876
 30
0.0
 11
-15.320720155212847
 21
31.403099610393568
 31
0.0
  0
LINE
  5
22B
330
17
100
AcDbEntity
  8
ENGRAVE_POLARS
100
AcDbLine
 10
-15.320720155212847
 20
31.403099610393568
 30
0.0
 11
-15.671336536209974
 21
31.145991708201503
 31
0.0
  0
LINE
  5
22C
330
17
100
AcDbEntity
  8
ENGRAVE_POLARS
100
AcDbLine
 10
-15.671336536209974
 20
31.145991708201503
 30
0.0
 11
-16.02207939872963
 21
30.858672065607845
 31
0.0
  0
LINE
  5
22D
330
17
100
AcDbEntity
  8
ENGRAVE_POLARS
100
AcDbLine
 10
-16.02207939872963
 20
30.858672065607845
 30
0.0
 11
-16.384464711479435
 21
30.537030993057876
 31
0.0
  0
LINE
  5
22E
330
17
100
AcDbEntity
  8
ENGRAVE_POLARS
100
AcDbLine
 10
-16.384464711479435
 20
30.537030993057876
 30
0.0
 11
-16.770008443167015
 21
30.17695880099686
 31
0.0
  0
LINE
  5
22F
330
17
100
AcDbEntity
  8
ENGRAVE_POLARS
100
AcDbLine
 10
-16.770008443167015
 20
30.17695880099686
 30
0.0
 11
-17.190226562499994
 21
29.774345799870094
 31
0.0
  0
LINE
  5
230
330
17
100
AcDbEntity
  8
ENGRAVE_POLARS
100
AcDbLine
 10
-17.190226562499994
 20
29.774345799870094
 30
0.0
 11
-17.644892564215155
 21
29.319040427701367
 31
0.0
  0
LINE
  5
231
330
17
100
AcDbEntity
  8
ENGRAVE_POLARS
100
AcDbLine
 10
-17.644892564215155
 20
29.319040427701367
 30
0.0
 11
-18.12129943364577
 21
28.809065897292793
 31
0.0
  0
LINE
  5
232
330
17
100
AcDbEntity
  8
ENGRAVE_POLARS
100
AcDbLine
 10
-18.12129943364577
 20
28.809065897292793
 30
0.0
 11
-18.612242375394203
 21
28.252574681257126
 31
0.0
  0
LINE
  5
233
330
17
100
AcDbEntity
  8
ENGRAVE_POLARS
100
AcDbLine
 10
-18.612242375394203
 20
28.252574681257126
 30
0.0
 11
-19.110516594062805
 21
27.657719252207112
 31
0.0
  0
LINE
  5
234
330
17
100
AcDbEntity
  8
ENGRAVE_POLARS
100
AcDbLine
 10
-19.110516594062805
 20
27.657719252207112
 30
0.0
 11
-19.60891729425394
 21
27.03265208275551
 31
0.0
  0
LINE
  5
235
330
17
100
AcDbEntity
  8
ENGRAVE_POLARS
100
AcDbLine
 10
-19.60891729425394
 20
27.03265208275551
 30
0.0
 11
-20.100239680569953
 21
26.38552564551506
 31
0.0
  0
LINE
  5
236
330
17
100
AcDbEntity
  8
ENGRAVE_POLARS
100
AcDbLine
 10
-20.100239680569953
 20
26.38552564551506
 30
0.0
 11
-20.577278957613213
 21
25.724492413098517
 31
0.0
  0
LINE
  5
237
330
17
100
AcDbEntity
  8
ENGRAVE_POLARS
100
AcDbLine
 10
-20.577278957613213
 20
25.724492413098517
 30
0.0
 11
-21.032830329986073
 21
25.057704858118633
 31
0.0
  0
LINE
  5
238
330
17
100
AcDbEntity
  8
ENGRAVE_POLARS
100
AcDbLine
 10
-21.032830329986073
 20
25.057704858118633
 30
0.0
 11
-21.45968900229089
 21
24.39331545318816
 31
0.0
  0
LINE
  5
239
330
17
100
AcDbEntity
  8
ENGRAVE_POLARS
100
AcDbLine
 10
-21.45968900229089
 20
24.39331545318816
 30
0.0
 11
-21.85065017913002
 21
23.739476670919835
 31
0.0
  0
LINE
  5
23A
330
17
100
AcDbEntity
  8
ENGRAVE_POLARS
100
AcDbLine
 10
-21.85065017913002
 20
23.739476670919835
 30
0.0
 11
-22.198509065105824
 21
23.104340983926416
 31
0.0
  0
LINE
  5
23B
330
17
100
AcDbEntity
  8
ENGRAVE_POLARS
100
AcDbLine
 10
-22.198509065105824
 20
23.104340983926416
 30
0.0
 11
-22.496060864820663
 21
22.496060864820667
 31
0.0
  0
LINE
  5
23C
330
17
100
AcDbEntity
  8
ENGRAVE_POLARS
100
AcDbLine
 10
-22.496060864820663
 20
22.496060864820667
 30
0.0
 11
-22.742497869899353
 21
21.89031171727433
 31
0.0
  0
LINE
  5
23D
330
17
100
AcDbEntity
  8
ENGRAVE_POLARS
100
AcDbLine
 10
-22.742497869899353
 20
21.89031171727433
 30
0.0
 11
-22.945165860900584
 21
21.262720646228267
 31
0.0
  0
LINE
  5
23E
330
17
100
AcDbEntity
  8
ENGRAVE_POLARS
100
AcDbLine
 10
-22.945165860900584
 20
21.262720646228267
 30
0.0
 11
-23.109090275827487
 21
20.621367676198847
 31
0.0
  0
LINE
  5
23F
330
17
100
AcDbEntity
  8
ENGRAVE_POLARS
100
AcDbLine
 10
-23.109090275827487
 20
20.621367676198847
 30
0.0
 11
-23.23929655268321
 21
19.974332831702455
 31
0.0
  0
LINE
  5
240
330
17
100
AcDbEntity
  8
ENGRAVE_POLARS
100
AcDbLine
 10
-23.23929655268321
 20
19.974332831702455
 30
0.0
 11
-23.340810129470896
 21
19.32969613725547
 31
0.0
  0
LINE
  5
241
330
17
100
AcDbEntity
  8
ENGRAVE_POLARS
100
AcDbLine
 10
-23.340810129470896
 20
19.32969613725547
 30
0.0
 11
-23.418656444193676
 21
18.695537617374278
 31
0.0
  0
LINE
  5
242
330
17
100
AcDbEntity
  8
ENGRAVE_POLARS
100
AcDbLine
 10
-23.418656444193676
 20
18.695537617374278
 30
0.0
 11
-23.47786093485469
 21
18.079937296575242
 31
0.0
  0
LINE
  5
243
330
17
100
AcDbEntity
  8
ENGRAVE_POLARS
100
AcDbLine
 10
-23.47786093485469
 20
18.079937296575242
 30
0.0
 11
-23.523449039457084
 21
17.490975199374752
 31
0.0
  0
LINE
  5
244
330
17
100
AcDbEntity
  8
ENGRAVE_POLARS
100
AcDbLine
 10
-23.523449039457084
 20
17.490975199374752
 30
0.0
 11
-23.560446196004
 21
16.936731350289193
 31
0.0
  0
LINE
  5
245
330
17
100
AcDbEntity
  8
ENGRAVE_POLARS
100
AcDbLine
 10
-23.560446196004
 20
16.936731350289193
 30
0.0
 11
-23.59387784249857
 21
16.425285773834933
 31
0.0
  0
LINE
  5
246
330
17
100
AcDbEntity
  8
ENGRAVE_POLARS
100
AcDbLine
 10
-23.59387784249857
 20
16.425285773834933
 30
0.0
 11
-23.628769416943932
 21
15.96471849452835
 31
0.0
  0
LINE
  5
247
330
17
100
AcDbEntity
  8
ENGRAVE_POLARS
100
AcDbLine
 10
-23.628769416943932
 20
15.96471849452835
 30
0.0
 11
-23.67014635734324
 21
15.563109536885834
 31
0.0
  0
LINE
  5
248
330
17
100
AcDbEntity
  8
ENGRAVE_POLARS
100
AcDbLine
 10
-23.67014635734324
 20
15.563109536885834
 30
0.0
 11
-23.711883261278025
 21
15.245076984834197
 31
0.0
  0
LINE
  5
249
330
17
100
AcDbEntity
  8
ENGRAVE_POLARS
100
AcDbLine
 10
-23.711883261278025
 20
15.245076984834197
 30
0.0
 11
-23.744599849387683
 21
15.017472319581731
 31
0.0
  0
LINE
  5
24A
330
17
100
AcDbEntity
  8
ENGRAVE_POLARS
100
AcDbLine
 10
-23.744599849387683
 20
15.017472319581731
 30
0.0
 11
-23.768439244262087
 21
14.861725661567018
 31
0.0
  0
LINE
  5
24B
330
17
100
AcDbEntity
  8
ENGRAVE_POLARS
100
AcDbLine
 10
-23.768439244262087
 20
14.861725661567018
 30
0.0
 11
-23.783544568491124
 21
14.759267131228643
 31
0.0
  0
LINE
  5
24C
330
17
100
AcDbEntity
  8
ENGRAVE_POLARS
100
AcDbLine
 10
-23.783544568491124
 20
14.759267131228643
 30
0.0
 11
-23.79005894466468
 21
14.691526849005196
 31
0.0
  0
LINE
  5
24D
330
17
100
AcDbEntity
  8
ENGRAVE_POLARS
100
AcDbLine
 10
-23.79005894466468
 20
14.691526849005196
 30
0.0
 11
-23.788125495372633
 21
14.639934935335253
 31
0.0
  0
LINE
  5
24E
330
17
100
AcDbEntity
  8
ENGRAVE_POLARS
100
AcDbLine
 10
-23.788125495372633
 20
14.639934935335253
 30
0.0
 11
-23.777887343204874
 21
14.585921510657405
 31
0.0
  0
LINE
  5
24F
330
17
100
AcDbEntity
  8
ENGRAVE_POLARS
100
AcDbLine
 10
-23.777887343204874
 20
14.585921510657405
 30
0.0
 11
-23.75948761075128
 21
14.510916695410232
 31
0.0
  0
LINE
  5
250
330
17
100
AcDbEntity
  8
ENGRAVE_POLARS
100
AcDbLine
 10
-23.75948761075128
 20
14.510916695410232
 30
0.0
 11
-23.733069420601748
 21
14.396350610032322
 31
0.0
  0
LINE
  5
251
330
17
100
AcDbEntity
  8
ENGRAVE_POLARS
100
AcDbLine
 10
-23.733069420601748
 20
14.396350610032322
 30
0.0
 11
-23.69877589534614
 21
14.223653374962256
 31
0.0
  0
LINE
  5
252
330
17
100
AcDbEntity
  8
ENGRAVE_POLARS
100
AcDbLine
 10
-23.69877589534614
 20
14.223653374962256
 30
0.0
 11
-23.65675015757436
 21
13.974255110638618
 31
0.0
  0
LINE
  5
253
330
17
100
AcDbEntity
  8
ENGRAVE_POLARS
100
AcDbLine
 10
-23.65675015757436
 20
13.974255110638618
 30
0.0
 11
-23.60713532987629
 21
13.629585937499998
 31
0.0
  0
LINE
  5
254
330
17
100
AcDbEntity
  8
ENGRAVE_POLARS
100
AcDbLine
 10
-23.60713532987629
 20
13.629585937499998
 30
0.0
 11
-23.545604470634675
 21
13.187986863896036
 31
0.0
  0
LINE
  5
255
330
17
100
AcDbEntity
  8
ENGRAVE_POLARS
100
AcDbLine
 10
-23.545604470634675
 20
13.187986863896036
 30
0.0
 11
-23.469247937813225
 21
12.668660218298047
 31
0.0
  0
LINE
  5
256
330
17
100
AcDbEntity
  8
ENGRAVE_POLARS
100
AcDbLine
 10
-23.469247937813225
 20
12.668660218298047
 30
0.0
 11
-23.38033480337324
 21
12.08432810132713
 31
0.0
  0
LINE
  5
257
330
17
100
AcDbEntity
  8
ENGRAVE_POLARS
100
AcDbLine
 10
-23.38033480337324
 20
12.08432810132713
 30
0.0
 11
-23.281134139276002
 21
11.447712613604377
 31
0.0
  0
LINE
  5
258
330
17
100
AcDbEntity
  8
ENGRAVE_POLARS
100
AcDbLine
 10
-23.281134139276002
 20
11.447712613604377
 30
0.0
 11
-23.173915017482827
 21
10.771535855750887
 31
0.0
  0
LINE
  5
259
330
17
100
AcDbEntity
  8
ENGRAVE_POLARS
100
AcDbLine
 10
-23.173915017482827
 20
10.771535855750887
 30
0.0
 11
-23.060946509955
 21
10.068519928387754
 31
0.0
  0
LINE
  5
25A
330
17
100
AcDbEntity
  8
ENGRAVE_POLARS
100
AcDbLine
 10
-23.060946509955
 20
10.068519928387754
 30
0.0
 11
-22.94449768865381
 21
9.351386932136071
 31
0.0
  0
LINE
  5
25B
330
17
100
AcDbEntity
  8
ENGRAVE_POLARS
100
AcDbLine
 10
-22.94449768865381
 20
9.351386932136071
 30
0.0
 11
-22.82683762554057
 21
8.632858967616935
 31
0.0
  0
LINE
  5
25C
330
17
100
AcDbEntity
  8
ENGRAVE_POLARS
100
AcDbLine
 10
-22.82683762554057
 20
8.632858967616935
 30
0.0
 11
-22.710235392576568
 21
7.925658135451444
 31
0.0
  0
LINE
  5
25D
330
17
100
AcDbEntity
  8
ENGRAVE_POLARS
100
AcDbLine
 10
-22.710235392576568
 20
7.925658135451444
 30
0.0
 11
-22.596960061723102
 21
7.242506536260688
 31
0.0
  0
LINE
  5
25E
330
17
100
AcDbEntity
  8
ENGRAVE_POLARS
100
AcDbLine
 10
-22.596960061723102
 20
7.242506536260688
 30
0.0
 11
-22.48928070494146
 21
6.5961262706657635
 31
0.0
  0
LINE
  5
25F
330
17
100
AcDbEntity
  8
ENGRAVE_POLARS
100
AcDbLine
 10
-22.48928070494146
 20
6.5961262706657635
 30
0.0
 11
-22.389466394192954
 21
5.999239439287769
 31
0.0
  0
LINE
  5
260
330
17
100
AcDbEntity
  8
ENGRAVE_POLARS
100
AcDbLine
 10
-22.389466394192954
 20
5.999239439287769
 30
0.0
 11
-22.291963874116558
 21
5.423100392274776
 31
0.0
  0
LINE
  5
261
330
17
100
AcDbEntity
  8
ENGRAVE_POLARS
100
AcDbLine
 10
-22.291963874116558
 20
5.423100392274776
 30
0.0
 11
-22.190763903706575
 21
4.835537788134367
 31
0.0
  0
LINE
  5
262
330
17
100
AcDbEntity
  8
ENGRAVE_POLARS
100
AcDbLine
 10
-22.190763903706575
 20
4.835537788134367
 30
0.0
 11
-22.087451576457276
 21
4.244135190026895
 31
0.0
  0
LINE
  5
263
330
17
100
AcDbEntity
  8
ENGRAVE_POLARS
100
AcDbLine
 10
-22.087451576457276
 20
4.244135190026895
 30
0.0
 11
-21.983611985862943
 21
3.6564761611127095
 31
0.0
  0
LINE
  5
264
330
17
100
AcDbEntity
  8
ENGRAVE_POLARS
100
AcDbLine
 10
-21.983611985862943
 20
3.6564761611127095
 30
0.0
 11
-21.880830225417853
 21
3.080144264552169
 31
0.0
  0
LINE
  5
265
330
17
100
AcDbEntity
  8
ENGRAVE_POLARS
100
AcDbLine
 10
-21.880830225417853
 20
3.080144264552169
 30
0.0
 11
-21.780691388616273
 21
2.5227230635056217
 31
0.0
  0
LINE
  5
266
330
17
100
AcDbEntity
  8
ENGRAVE_POLARS
100
AcDbLine
 10
-21.780691388616273
 20
2.5227230635056217
 30
0.0
 11
-21.684780568952476
 21
1.991796121133422
 31
0.0
  0
LINE
  5
267
330
17
100
AcDbEntity
  8
ENGRAVE_POLARS
100
AcDbLine
 10
-21.684780568952476
 20
1.991796121133422
 30
0.0
 11
-21.594682859920752
 21
1.4949470005959238
 31
0.0
  0
LINE
  5
268
330
17
100
AcDbEntity
  8
ENGRAVE_POLARS
100
AcDbLine
 10
-21.594682859920752
 20
1.4949470005959238
 30
0.0
 11
-21.511983355015367
 21
1.039759265053481
 31
0.0
  0
LINE
  5
269
330
17
100
AcDbEntity
  8
ENGRAVE_POLARS
100
AcDbLine
 10
-21.511983355015367
 20
1.039759265053481
 30
0.0
 11
-21.4382671477306
 21
0.633816477666444
 31
0.0
  0
LINE
  5
26A
330
17
100
AcDbEntity
  8
ENGRAVE_POLARS
100
AcDbLine
 10
-21.4382671477306
 20
0.633816477666444
 30
0.0
 11
-21.375119331560715
 21
0.2847022015951664
 31
0.0
  0
LINE
  5
26B
330
17
100
AcDbEntity
  8
ENGRAVE_POLARS
100
AcDbLine
 10
-21.375119331560715
 20
0.2847022015951664
 30
0.0
 11
-21.324125000000002
 21
2.6114521425868057e-15
 31
0.0
  0
LINE
  5
26C
330
17
100
AcDbEntity
  8
ENGRAVE_POLARS
100
AcDbLine
 10
21.12239918399999
 20
-18.056114624933006
 30
0.0
 11
21.026730811561894
 21
-18.37306908017363
 31
0.0
  0
LINE
  5
26D
330
17
100
AcDbEntity
  8
ENGRAVE_POLARS
100
AcDbLine
 10
21.026730811561894
 20
-18.37306908017363
 30
0.0
 11
20.91140018212991
 21
-18.782993286210786
 31
0.0
  0
LINE
  5
26E
330
17
100
AcDbEntity
  8
ENGRAVE_POLARS
100
AcDbLine
 10
20.91140018212991
 20
-18.782993286210786
 30
0.0
 11
20.778226331441136
 21
-19.269622209557472
 31
0.0
  0
LINE
  5
26F
330
17
100
AcDbEntity
  8
ENGRAVE_POLARS
100
AcDbLine
 10
20.778226331441136
 20
-19.269622209557472
 30
0.0
 11
20.629028295232683
 21
-19.81669081672671
 31
0.0
  0
LINE
  5
270
330
17
100
AcDbEntity
  8
ENGRAVE_POLARS
100
AcDbLine
 10
20.629028295232683
 20
-19.81669081672671
 30
0.0
 11
20.46562510924166
 21
-20.407934074231513
 31
0.0
  0
LINE
  5
271
330
17
100
AcDbEntity
  8
ENGRAVE_POLARS
100
AcDbLine
 10
20.46562510924166
 20
-20.407934074231513
 30
0.0
 11
20.28983580920517
 21
-21.02708694858488
 31
0.0
  0
LINE
  5
272
330
17
100
AcDbEntity
  8
ENGRAVE_POLARS
100
AcDbLine
 10
20.28983580920517
 20
-21.02708694858488
 30
0.0
 11
20.1034794308603
 21
-21.65788440629984
 31
0.0
  0
LINE
  5
273
330
17
100
AcDbEntity
  8
ENGRAVE_POLARS
100
AcDbLine
 10
20.1034794308603
 20
-21.65788440629984
 30
0.0
 11
19.908375009944184
 21
-22.28406141388939
 31
0.0
  0
LINE
  5
274
330
17
100
AcDbEntity
  8
ENGRAVE_POLARS
100
AcDbLine
 10
19.908375009944184
 20
-22.28406141388939
 30
0.0
 11
19.706341582193907
 21
-22.88935293786656
 31
0.0
  0
LINE
  5
275
330
17
100
AcDbEntity
  8
ENGRAVE_POLARS
100
AcDbLine
 10
19.706341582193907
 20
-22.88935293786656
 30
0.0
 11
19.49919818334658
 21
-23.45749394474434
 31
0.0
  0
LINE
  5
276
330
17
100
AcDbEntity
  8
ENGRAVE_POLARS
100
AcDbLine
 10
19.49919818334658
 20
-23.45749394474434
 30
0.0
 11
19.288763849139304
 21
-23.97221940103575
 31
0.0
  0
LINE
  5
277
330
17
100
AcDbEntity
  8
ENGRAVE_POLARS
100
AcDbLine
 10
19.288763849139304
 20
-23.97221940103575
 30
0.0
 11
19.076857615309194
 21
-24.417264273253814
 31
0.0
  0
LINE
  5
278
330
17
100
AcDbEntity
  8
ENGRAVE_POLARS
100
AcDbLine
 10
19.076857615309194
 20
-24.417264273253814
 30
0.0
 11
18.863966998092714
 21
-24.80339517637279
 31
0.0
  0
LINE
  5
279
330
17
100
AcDbEntity
  8
ENGRAVE_POLARS
100
AcDbLine
 10
18.863966998092714
 20
-24.80339517637279
 30
0.0
 11
18.6484178324726
 21
-25.155207265543925
 31
0.0
  0
LINE
  5
27A
330
17
100
AcDbEntity
  8
ENGRAVE_POLARS
100
AcDbLine
 10
18.6484178324726
 20
-25.155207265543925
 30
0.0
 11
18.42878663230535
 21
-25.47717831754571
 31
0.0
  0
LINE
  5
27B
330
17
100
AcDbEntity
  8
ENGRAVE_POLARS
100
AcDbLine
 10
18.42878663230535
 20
-25.47717831754571
 30
0.0
 11
18.203649911447446
 21
-25.77378610915662
 31
0.0
  0
LINE
  5
27C
330
17
100
AcDbEntity
  8
ENGRAVE_POLARS
100
AcDbLine
 10
18.203649911447446
 20
-25.77378610915662
 30
0.0
 11
17.971584183755386
 21
-26.049508417155142
 31
0.0
  0
LINE
  5
27D
330
17
100
AcDbEntity
  8
ENGRAVE_POLARS
100
AcDbLine
 10
17.971584183755386
 20
-26.049508417155142
 30
0.0
 11
17.73116596308567
 21
-26.308823018319753
 31
0.0
  0
LINE
  5
27E
330
17
100
AcDbEntity
  8
ENGRAVE_POLARS
100
AcDbLine
 10
17.73116596308567
 20
-26.308823018319753
 30
0.0
 11
17.480971763294775
 21
-26.55620768942893
 31
0.0
  0
LINE
  5
27F
330
17
100
AcDbEntity
  8
ENGRAVE_POLARS
100
AcDbLine
 10
17.480971763294775
 20
-26.55620768942893
 30
0.0
 11
17.219578098239204
 21
-26.796140207261164
 31
0.0
  0
LINE
  5
280
330
17
100
AcDbEntity
  8
ENGRAVE_POLARS
100
AcDbLine
 10
17.219578098239204
 20
-26.796140207261164
 30
0.0
 11
16.945561481775453
 21
-27.033098348594933
 31
0.0
  0
LINE
  5
281
330
17
100
AcDbEntity
  8
ENGRAVE_POLARS
100
AcDbLine
 10
16.945561481775453
 20
-27.033098348594933
 30
0.0
 11
16.657498427760007
 21
-27.271559890208724
 31
0.0
  0
LINE
  5
282
330
17
100
AcDbEntity
  8
ENGRAVE_POLARS
100
AcDbLine
 10
16.657498427760007
 20
-27.271559890208724
 30
0.0
 11
16.35396545004936
 21
-27.516002608881003
 31
0.0
  0
LINE
  5
283
330
17
100
AcDbEntity
  8
ENGRAVE_POLARS
100
AcDbLine
 10
16.35396545004936
 20
-27.516002608881003
 30
0.0
 11
16.033539062500004
 21
-27.770904281390266
 31
0.0
  0
LINE
  5
284
330
17
100
AcDbEntity
  8
ENGRAVE_POLARS
100
AcDbLine
 10
16.033539062500004
 20
-27.770904281390266
 30
0.0
 11
15.68520805224016
 21
-28.036018259282237
 31
0.0
  0
LINE
  5
285
330
17
100
AcDbEntity
  8
ENGRAVE_POLARS
100
AcDbLine
 10
15.68520805224016
 20
-28.036018259282237
 30
0.0
 11
15.303518177780695
 21
-28.306302737054942
 31
0.0
  0
LINE
  5
286
330
17
100
AcDbEntity
  8
ENGRAVE_POLARS
100
AcDbLine
 10
15.303518177780695
 20
-28.306302737054942
 30
0.0
 11
14.895381410052092
 21
-28.579042755915317
 31
0.0
  0
LINE
  5
287
330
17
100
AcDbEntity
  8
ENGRAVE_POLARS
100
AcDbLine
 10
14.895381410052092
 20
-28.579042755915317
 30
0.0
 11
14.467709719984823
 21
-28.851523357070295
 31
0.0
  0
LINE
  5
288
330
17
100
AcDbEntity
  8
ENGRAVE_POLARS
100
AcDbLine
 10
14.467709719984823
 20
-28.851523357070295
 30
0.0
 11
14.027415078509373
 21
-29.121029581726813
 31
0.0
  0
LINE
  5
289
330
17
100
AcDbEntity
  8
ENGRAVE_POLARS
100
AcDbLine
 10
14.027415078509373
 20
-29.121029581726813
 30
0.0
 11
13.581409456556214
 21
-29.384846471091794
 31
0.0
  0
LINE
  5
28A
330
17
100
AcDbEntity
  8
ENGRAVE_POLARS
100
AcDbLine
 10
13.581409456556214
 20
-29.384846471091794
 30
0.0
 11
13.136604825055823
 21
-29.640259066372167
 31
0.0
  0
LINE
  5
28B
330
17
100
AcDbEntity
  8
ENGRAVE_POLARS
100
AcDbLine
 10
13.136604825055823
 20
-29.640259066372167
 30
0.0
 11
12.69991315493868
 21
-29.88455240877488
 31
0.0
  0
LINE
  5
28C
330
17
100
AcDbEntity
  8
ENGRAVE_POLARS
100
AcDbLine
 10
12.69991315493868
 20
-29.88455240877488
 30
0.0
 11
12.278246417135264
 21
-30.115011539506856
 31
0.0
  0
LINE
  5
28D
330
17
100
AcDbEntity
  8
ENGRAVE_POLARS
100
AcDbLine
 10
12.278246417135264
 20
-30.115011539506856
 30
0.0
 11
11.878516582576047
 21
-30.328921499775024
 31
0.0
  0
LINE
  5
28E
330
17
100
AcDbEntity
  8
ENGRAVE_POLARS
100
AcDbLine
 10
11.878516582576047
 20
-30.328921499775024
 30
0.0
 11
11.50763562219151
 21
-30.523567330786314
 31
0.0
  0
LINE
  5
28F
330
17
100
AcDbEntity
  8
ENGRAVE_POLARS
100
AcDbLine
 10
11.50763562219151
 20
-30.523567330786314
 30
0.0
 11
11.172515506912129
 21
-30.696234073747675
 31
0.0
  0
LINE
  5
290
330
17
100
AcDbEntity
  8
ENGRAVE_POLARS
100
AcDbLine
 10
11.172515506912129
 20
-30.696234073747675
 30
0.0
 11
10.872290289754483
 21
-30.844866209793587
 31
0.0
  0
LINE
  5
291
330
17
100
AcDbEntity
  8
ENGRAVE_POLARS
100
AcDbLine
 10
10.872290289754483
 20
-30.844866209793587
 30
0.0
 11
10.598868581623144
 21
-30.971117454693
 31
0.0
  0
LINE
  5
292
330
17
100
AcDbEntity
  8
ENGRAVE_POLARS
100
AcDbLine
 10
10.598868581623144
 20
-30.971117454693
 30
0.0
 11
10.348324190280586
 21
-31.077836701604497
 31
0.0
  0
LINE
  5
293
330
17
100
AcDbEntity
  8
ENGRAVE_POLARS
100
AcDbLine
 10
10.348324190280586
 20
-31.077836701604497
 30
0.0
 11
10.11673092348928
 21
-31.16787284368666
 31
0.0
  0
LINE
  5
294
330
17
100
AcDbEntity
  8
ENGRAVE_POLARS
100
AcDbLine
 10
10.11673092348928
 20
-31.16787284368666
 30
0.0
 11
9.900162589011698
 21
-31.2440747740981
 31
0.0
  0
LINE
  5
295
330
17
100
AcDbEntity
  8
ENGRAVE_POLARS
100
AcDbLine
 10
9.900162589011698
 20
-31.2440747740981
 30
0.0
 11
9.694692994610312
 21
-31.309291385997383
 31
0.0
  0
LINE
  5
296
330
17
100
AcDbEntity
  8
ENGRAVE_POLARS
100
AcDbLine
 10
9.694692994610312
 20
-31.309291385997383
 30
0.0
 11
9.496395948047596
 21
-31.36637157254311
 31
0.0
  0
LINE
  5
297
330
17
100
AcDbEntity
  8
ENGRAVE_POLARS
100
AcDbLine
 10
9.496395948047596
 20
-31.36637157254311
 30
0.0
 11
9.301345257086021
 21
-31.418164226893865
 31
0.0
  0
LINE
  5
298
330
17
100
AcDbEntity
  8
ENGRAVE_POLARS
100
AcDbLine
 10
9.301345257086021
 20
-31.418164226893865
 30
0.0
 11
9.10561472948806
 21
-31.467518242208246
 31
0.0
  0
LINE
  5
299
330
17
100
AcDbEntity
  8
ENGRAVE_POLARS
100
AcDbLine
 10
9.10561472948806
 20
-31.467518242208246
 30
0.0
 11
8.905278173016184
 21
-31.51728251164484
 31
0.0
  0
LINE
  5
29A
330
17
100
AcDbEntity
  8
ENGRAVE_POLARS
100
AcDbLine
 10
8.905278173016184
 20
-31.51728251164484
 30
0.0
 11
8.696409395432866
 21
-31.570305928362227
 31
0.0
  0
LINE
  5
29B
330
17
100
AcDbEntity
  8
ENGRAVE_POLARS
100
AcDbLine
 10
8.696409395432866
 20
-31.570305928362227
 30
0.0
 11
8.475082204500579
 21
-31.62943738551901
 31
0.0
  0
LINE
  5
29C
330
17
100
AcDbEntity
  8
ENGRAVE_POLARS
100
AcDbLine
 10
8.475082204500579
 20
-31.62943738551901
 30
0.0
 11
8.254746309421305
 21
-31.68752012940667
 31
0.0
  0
LINE
  5
29D
330
17
100
AcDbEntity
  8
ENGRAVE_POLARS
100
AcDbLine
 10
8.254746309421305
 20
-31.68752012940667
 30
0.0
 11
8.048243734855427
 21
-31.73689197876496
 31
0.0
  0
LINE
  5
29E
330
17
100
AcDbEntity
  8
ENGRAVE_POLARS
100
AcDbLine
 10
8.048243734855427
 20
-31.73689197876496
 30
0.0
 11
7.85073676175302
 21
-31.779643685424873
 31
0.0
  0
LINE
  5
29F
330
17
100
AcDbEntity
  8
ENGRAVE_POLARS
100
AcDbLine
 10
7.85073676175302
 20
-31.779643685424873
 30
0.0
 11
7.6573876710641535
 21
-31.817866001217418
 31
0.0
  0
LINE
  5
2A0
330
17
100
AcDbEntity
  8
ENGRAVE_POLARS
100
AcDbLine
 10
7.6573876710641535
 20
-31.817866001217418
 30
0.0
 11
7.463358743738901
 21
-31.853649677973586
 31
0.0
  0
LINE
  5
2A1
330
17
100
AcDbEntity
  8
ENGRAVE_POLARS
100
AcDbLine
 10
7.463358743738901
 20
-31.853649677973586
 30
0.0
 11
7.263812260727333
 21
-31.88908546752436
 31
0.0
  0
LINE
  5
2A2
330
17
100
AcDbEntity
  8
ENGRAVE_POLARS
100
AcDbLine
 10
7.263812260727333
 20
-31.88908546752436
 30
0.0
 11
7.053910502979522
 21
-31.92626412170076
 31
0.0
  0
LINE
  5
2A3
330
17
100
AcDbEntity
  8
ENGRAVE_POLARS
100
AcDbLine
 10
7.053910502979522
 20
-31.92626412170076
 30
0.0
 11
6.828815751445543
 21
-31.967276392333766
 31
0.0
  0
LINE
  5
2A4
330
17
100
AcDbEntity
  8
ENGRAVE_POLARS
100
AcDbLine
 10
6.828815751445543
 20
-31.967276392333766
 30
0.0
 11
6.5836902870754646
 21
-32.01421303125438
 31
0.0
  0
LINE
  5
2A5
330
17
100
AcDbEntity
  8
ENGRAVE_POLARS
100
AcDbLine
 10
6.5836902870754646
 20
-32.01421303125438
 30
0.0
 11
6.31369639081936
 21
-32.0691647902936
 31
0.0
  0
LINE
  5
2A6
330
17
100
AcDbEntity
  8
ENGRAVE_POLARS
100
AcDbLine
 10
6.31369639081936
 20
-32.0691647902936
 30
0.0
 11
6.0139963436273005
 21
-32.13422242128241
 31
0.0
  0
LINE
  5
2A7
330
17
100
AcDbEntity
  8
ENGRAVE_POLARS
100
AcDbLine
 10
6.0139963436273005
 20
-32.13422242128241
 30
0.0
 11
5.679752426449361
 21
-32.211476676051824
 31
0.0
  0
LINE
  5
2A8
330
17
100
AcDbEntity
  8
ENGRAVE_POLARS
100
AcDbLine
 10
5.679752426449361
 20
-32.211476676051824
 30
0.0
 11
5.327234436444
 21
-32.30877774362395
 31
0.0
  0
LINE
  5
2A9
330
17
100
AcDbEntity
  8
ENGRAVE_POLARS
100
AcDbLine
 10
5.327234436444
 20
-32.30877774362395
 30
0.0
 11
4.972073392584709
 21
-32.42884037865177
 31
0.0
  0
LINE
  5
2AA
330
17
100
AcDbEntity
  8
ENGRAVE_POLARS
100
AcDbLine
 10
4.972073392584709
 20
-32.42884037865177
 30
0.0
 11
4.6084734085440955
 21
-32.566052181412594
 31
0.0
  0
LINE
  5
2AB
330
17
100
AcDbEntity
  8
ENGRAVE_POLARS
100
AcDbLine
 10
4.6084734085440955
 20
-32.566052181412594
 30
0.0
 11
4.230638597994772
 21
-32.71480075218371
 31
0.0
  0
LINE
  5
2AC
330
17
100
AcDbEntity
  8
ENGRAVE_POLARS
100
AcDbLine
 10
4.230638597994772
 20
-32.71480075218371
 30
0.0
 11
3.832773074609352
 21
-32.86947369124244
 31
0.0
  0
LINE
  5
2AD
330
17
100
AcDbEntity
  8
ENGRAVE_POLARS
100
AcDbLine
 10
3.832773074609352
 20
-32.86947369124244
 30
0.0
 11
3.409080952060444
 21
-33.02445859886608
 31
0.0
  0
LINE
  5
2AE
330
17
100
AcDbEntity
  8
ENGRAVE_POLARS
100
AcDbLine
 10
3.409080952060444
 20
-33.02445859886608
 30
0.0
 11
2.9537663440206603
 21
-33.17414307533194
 31
0.0
  0
LINE
  5
2AF
330
17
100
AcDbEntity
  8
ENGRAVE_POLARS
100
AcDbLine
 10
2.9537663440206603
 20
-33.17414307533194
 30
0.0
 11
2.4610333641626125
 21
-33.312914720917306
 31
0.0
  0
LINE
  5
2B0
330
17
100
AcDbEntity
  8
ENGRAVE_POLARS
100
AcDbLine
 10
2.4610333641626125
 20
-33.312914720917306
 30
0.0
 11
1.925086126158912
 21
-33.4351611358995
 31
0.0
  0
LINE
  5
2B1
330
17
100
AcDbEntity
  8
ENGRAVE_POLARS
100
AcDbLine
 10
1.925086126158912
 20
-33.4351611358995
 30
0.0
 11
1.3401287436821687
 21
-33.53526992055581
 31
0.0
  0
LINE
  5
2B2
330
17
100
AcDbEntity
  8
ENGRAVE_POLARS
100
AcDbLine
 10
1.3401287436821687
 20
-33.53526992055581
 30
0.0
 11
0.7003653304049949
 21
-33.60762867516353
 31
0.0
  0
LINE
  5
2B3
330
17
100
AcDbEntity
  8
ENGRAVE_POLARS
100
AcDbLine
 10
0.7003653304049949
 20
-33.60762867516353
 30
0.0
 11
2.0602615804180657e-15
 21
-33.646625
 31
0.0
  0
LINE
  5
2B4
330
17
100
AcDbEntity
  8
ENGRAVE_POLARS
100
AcDbLine
 10
2.0602615804180657e-15
 20
-33.646625
 30
0.0
 11
-0.7950665537337651
 21
-33.65754524754895
 31
0.0
  0
LINE
  5
2B5
330
17
100
AcDbEntity
  8
ENGRAVE_POLARS
100
AcDbLine
 10
-0.7950665537337651
 20
-33.65754524754895
 30
0.0
 11
-1.7002111042033987
 21
-33.64987607817936
 31
0.0
  0
LINE
  5
2B6
330
17
100
AcDbEntity
  8
ENGRAVE_POLARS
100
AcDbLine
 10
-1.7002111042033987
 20
-33.64987607817936
 30
0.0
 11
-2.693145738545494
 21
-33.62430555399636
 31
0.0
  0
LINE
  5
2B7
330
17
100
AcDbEntity
  8
ENGRAVE_POLARS
100
AcDbLine
 10
-2.693145738545494
 20
-33.62430555399636
 30
0.0
 11
-3.7515825438966477
 21
-33.58152173710505
 31
0.0
  0
LINE
  5
2B8
330
17
100
AcDbEntity
  8
ENGRAVE_POLARS
100
AcDbLine
 10
-3.7515825438966477
 20
-33.58152173710505
 30
0.0
 11
-4.853233607393453
 21
-33.52221268961056
 31
0.0
  0
LINE
  5
2B9
330
17
100
AcDbEntity
  8
ENGRAVE_POLARS
100
AcDbLine
 10
-4.853233607393453
 20
-33.52221268961056
 30
0.0
 11
-5.975811016172509
 21
-33.44706647361801
 31
0.0
  0
LINE
  5
2BA
330
17
100
AcDbEntity
  8
ENGRAVE_POLARS
100
AcDbLine
 10
-5.975811016172509
 20
-33.44706647361801
 30
0.0
 11
-7.097026857370409
 21
-33.35677115123251
 31
0.0
  0
LINE
  5
2BB
330
17
100
AcDbEntity
  8
ENGRAVE_POLARS
100
AcDbLine
 10
-7.097026857370409
 20
-33.35677115123251
 30
0.0
 11
-8.19459321812375
 21
-33.25201478455919
 31
0.0
  0
LINE
  5
2BC
330
17
100
AcDbEntity
  8
ENGRAVE_POLARS
100
AcDbLine
 10
-8.19459321812375
 20
-33.25201478455919
 30
0.0
 11
-9.246222185569122
 21
-33.13348543570316
 31
0.0
  0
LINE
  5
2BD
330
17
100
AcDbEntity
  8
ENGRAVE_POLARS
100
AcDbLine
 10
-9.246222185569122
 20
-33.13348543570316
 30
0.0
 11
-10.22962584684313
 21
-33.00187116676954
 31
0.0
  0
LINE
  5
2BE
330
17
100
AcDbEntity
  8
ENGRAVE_POLARS
100
AcDbLine
 10
-10.22962584684313
 20
-33.00187116676954
 30
0.0
 11
-11.122516289082364
 21
-32.857860039863446
 31
0.0
  0
LINE
  5
2BF
330
17
100
AcDbEntity
  8
ENGRAVE_POLARS
100
AcDbLine
 10
-11.122516289082364
 20
-32.857860039863446
 30
0.0
 11
-11.90260559942342
 21
-32.70214011709
 31
0.0
  0
LINE
  5
2C0
330
17
100
AcDbEntity
  8
ENGRAVE_POLARS
100
AcDbLine
 10
-11.90260559942342
 20
-32.70214011709
 30
0.0
 11
-12.574783733576297
 21
-32.54144309017689
 31
0.0
  0
LINE
  5
2C1
330
17
100
AcDbEntity
  8
ENGRAVE_POLARS
100
AcDbLine
 10
-12.574783733576297
 20
-32.54144309017689
 30
0.0
 11
-13.166476568298338
 21
-32.37930214974524
 31
0.0
  0
LINE
  5
2C2
330
17
100
AcDbEntity
  8
ENGRAVE_POLARS
100
AcDbLine
 10
-13.166476568298338
 20
-32.37930214974524
 30
0.0
 11
-13.689200072297169
 21
-32.21160760624032
 31
0.0
  0
LINE
  5
2C3
330
17
100
AcDbEntity
  8
ENGRAVE_POLARS
100
AcDbLine
 10
-13.689200072297169
 20
-32.21160760624032
 30
0.0
 11
-14.15447021428041
 21
-32.034249770107415
 31
0.0
  0
LINE
  5
2C4
330
17
100
AcDbEntity
  8
ENGRAVE_POLARS
100
AcDbLine
 10
-14.15447021428041
 20
-32.034249770107415
 30
0.0
 11
-14.57380296295569
 21
-31.8431189517918
 31
0.0
  0
LINE
  5
2C5
330
17
100
AcDbEntity
  8
ENGRAVE_POLARS
100
AcDbLine
 10
-14.57380296295569
 20
-31.8431189517918
 30
0.0
 11
-14.958714287030627
 21
-31.63410546173876
 31
0.0
  0
LINE
  5
2C6
330
17
100
AcDbEntity
  8
ENGRAVE_POLARS
100
AcDbLine
 10
-14.958714287030627
 20
-31.63410546173876
 30
0.0
 11
-15.320720155212847
 21
-31.403099610393568
 31
0.0
  0
LINE
  5
2C7
330
17
100
AcDbEntity
  8
ENGRAVE_POLARS
100
AcDbLine
 10
-15.320720155212847
 20
-31.403099610393568
 30
0.0
 11
-15.671336536209974
 21
-31.145991708201503
 31
0.0
  0
LINE
  5
2C8
330
17
100
AcDbEntity
  8
ENGRAVE_POLARS
100
AcDbLine
 10
-15.671336536209974
 20
-31.145991708201503
 30
0.0
 11
-16.02207939872963
 21
-30.858672065607845
 31
0.0
  0
LINE
  5
2C9
330
17
100
AcDbEntity
  8
ENGRAVE_POLARS
100
AcDbLine
 10
-16.02207939872963
 20
-30.858672065607845
 30
0.0
 11
-16.384464711479435
 21
-30.537030993057876
 31
0.0
  0
LINE
  5
2CA
330
17
100
AcDbEntity
  8
ENGRAVE_POLARS
100
AcDbLine
 10
-16.384464711479435
 20
-30.537030993057876
 30
0.0
 11
-16.770008443167015
 21
-30.17695880099686
 31
0.0
  0
LINE
  5
2CB
330
17
100
AcDbEntity
  8
ENGRAVE_POLARS
100
AcDbLine
 10
-16.770008443167015
 20
-30.17695880099686
 30
0.0
 11
-17.190226562499994
 21
-29.774345799870094
 31
0.0
  0
LINE
  5
2CC
330
17
100
AcDbEntity
  8
ENGRAVE_POLARS
100
AcDbLine
 10
-17.190226562499994
 20
-29.774345799870094
 30
0.0
 11
-17.644892564215155
 21
-29.319040427701367
 31
0.0
  0
LINE
  5
2CD
330
17
100
AcDbEntity
  8
ENGRAVE_POLARS
100
AcDbLine
 10
-17.644892564215155
 20
-29.319040427701367
 30
0.0
 11
-18.12129943364577
 21
-28.809065897292793
 31
0.0
  0
LINE
  5
2CE
330
17
100
AcDbEntity
  8
ENGRAVE_POLARS
100
AcDbLine
 10
-18.12129943364577
 20
-28.809065897292793
 30
0.0
 11
-18.612242375394203
 21
-28.252574681257126
 31
0.0
  0
LINE
  5
2CF
330
17
100
AcDbEntity
  8
ENGRAVE_POLARS
100
AcDbLine
 10
-18.612242375394203
 20
-28.252574681257126
 30
0.0
 11
-19.110516594062805
 21
-27.657719252207112
 31
0.0
  0
LINE
  5
2D0
330
17
100
AcDbEntity
  8
ENGRAVE_POLARS
100
AcDbLine
 10
-19.110516594062805
 20
-27.657719252207112
 30
0.0
 11
-19.60891729425394
 21
-27.03265208275551
 31
0.0
  0
LINE
  5
2D1
330
17
100
AcDbEntity
  8
ENGRAVE_POLARS
100
AcDbLine
 10
-19.60891729425394
 20
-27.03265208275551
 30
0.0
 11
-20.100239680569953
 21
-26.38552564551506
 31
0.0
  0
LINE
  5
2D2
330
17
100
AcDbEntity
  8
ENGRAVE_POLARS
100
AcDbLine
 10
-20.100239680569953
 20
-26.38552564551506
 30
0.0
 11
-20.577278957613213
 21
-25.724492413098517
 31
0.0
  0
LINE
  5
2D3
330
17
100
AcDbEntity
  8
ENGRAVE_POLARS
100
AcDbLine
 10
-20.577278957613213
 20
-25.724492413098517
 30
0.0
 11
-21.032830329986073
 21
-25.057704858118633
 31
0.0
  0
LINE
  5
2D4
330
17
100
AcDbEntity
  8
ENGRAVE_POLARS
100
AcDbLine
 10
-21.032830329986073
 20
-25.057704858118633
 30
0.0
 11
-21.45968900229089
 21
-24.39331545318816
 31
0.0
  0
LINE
  5
2D5
330
17
100
AcDbEntity
  8
ENGRAVE_POLARS
100
AcDbLine
 10
-21.45968900229089
 20
-24.39331545318816
 30
0.0
 11
-21.85065017913002
 21
-23.739476670919835
 31
0.0
  0
LINE
  5
2D6
330
17
100
AcDbEntity
  8
ENGRAVE_POLARS
100
AcDbLine
 10
-21.85065017913002
 20
-23.739476670919835
 30
0.0
 11
-22.198509065105824
 21
-23.104340983926416
 31
0.0
  0
LINE
  5
2D7
330
17
100
AcDbEntity
  8
ENGRAVE_POLARS
100
AcDbLine
 10
-22.198509065105824
 20
-23.104340983926416
 30
0.0
 11
-22.496060864820663
 21
-22.496060864820667
 31
0.0
  0
LINE
  5
2D8
330
17
100
AcDbEntity
  8
ENGRAVE_POLARS
100
AcDbLine
 10
-22.496060864820663
 20
-22.496060864820667
 30
0.0
 11
-22.742497869899353
 21
-21.89031171727433
 31
0.0
  0
LINE
  5
2D9
330
17
100
AcDbEntity
  8
ENGRAVE_POLARS
100
AcDbLine
 10
-22.742497869899353
 20
-21.89031171727433
 30
0.0
 11
-22.945165860900584
 21
-21.262720646228267
 31
0.0
  0
LINE
  5
2DA
330
17
100
AcDbEntity
  8
ENGRAVE_POLARS
100
AcDbLine
 10
-22.945165860900584
 20
-21.262720646228267
 30
0.0
 11
-23.109090275827487
 21
-20.621367676198847
 31
0.0
  0
LINE
  5
2DB
330
17
100
AcDbEntity
  8
ENGRAVE_POLARS
100
AcDbLine
 10
-23.109090275827487
 20
-20.621367676198847
 30
0.0
 11
-23.23929655268321
 21
-19.974332831702455
 31
0.0
  0
LINE
  5
2DC
330
17
100
AcDbEntity
  8
ENGRAVE_POLARS
100
AcDbLine
 10
-23.23929655268321
 20
-19.974332831702455
 30
0.0
 11
-23.340810129470896
 21
-19.32969613725547
 31
0.0
  0
LINE
  5
2DD
330
17
100
AcDbEntity
  8
ENGRAVE_POLARS
100
AcDbLine
 10
-23.340810129470896
 20
-19.32969613725547
 30
0.0
 11
-23.418656444193676
 21
-18.695537617374278
 31
0.0
  0
LINE
  5
2DE
330
17
100
AcDbEntity
  8
ENGRAVE_POLARS
100
AcDbLine
 10
-23.418656444193676
 20
-18.695537617374278
 30
0.0
 11
-23.47786093485469
 21
-18.079937296575242
 31
0.0
  0
LINE
  5
2DF
330
17
100
AcDbEntity
  8
ENGRAVE_POLARS
100
AcDbLine
 10
-23.47786093485469
 20
-18.079937296575242
 30
0.0
 11
-23.523449039457084
 21
-17.490975199374752
 31
0.0
  0
LINE
  5
2E0
330
17
100
AcDbEntity
  8
ENGRAVE_POLARS
100
AcDbLine
 10
-23.523449039457084
 20
-17.490975199374752
 30
0.0
 11
-23.560446196004
 21
-16.936731350289193
 31
0.0
  0
LINE
  5
2E1
330
17
100
AcDbEntity
  8
ENGRAVE_POLARS
100
AcDbLine
 10
-23.560446196004
 20
-16.936731350289193
 30
0.0
 11
-23.59387784249857
 21
-16.425285773834933
 31
0.0
  0
LINE
  5
2E2
330
17
100
AcDbEntity
  8
ENGRAVE_POLARS
100
AcDbLine
 10
-23.59387784249857
 20
-16.425285773834933
 30
0.0
 11
-23.628769416943932
 21
-15.96471849452835
 31
0.0
  0
LINE
  5
2E3
330
17
100
AcDbEntity
  8
ENGRAVE_POLARS
100
AcDbLine
 10
-23.628769416943932
 20
-15.96471849452835
 30
0.0
 11
-23.67014635734324
 21
-15.563109536885834
 31
0.0
  0
LINE
  5
2E4
330
17
100
AcDbEntity
  8
ENGRAVE_POLARS
100
AcDbLine
 10
-23.67014635734324
 20
-15.563109536885834
 30
0.0
 11
-23.711883261278025
 21
-15.245076984834197
 31
0.0
  0
LINE
  5
2E5
330
17
100
AcDbEntity
  8
ENGRAVE_POLARS
100
AcDbLine
 10
-23.711883261278025
 20
-15.245076984834197
 30
0.0
 11
-23.744599849387683
 21
-15.017472319581731
 31
0.0
  0
LINE
  5
2E6
330
17
100
AcDbEntity
  8
ENGRAVE_POLARS
100
AcDbLine
 10
-23.744599849387683
 20
-15.017472319581731
 30
0.0
 11
-23.768439244262087
 21
-14.861725661567018
 31
0.0
  0
LINE
  5
2E7
330
17
100
AcDbEntity
  8
ENGRAVE_POLARS
100
AcDbLine
 10
-23.768439244262087
 20
-14.861725661567018
 30
0.0
 11
-23.783544568491124
 21
-14.759267131228643
 31
0.0
  0
LINE
  5
2E8
330
17
100
AcDbEntity
  8
ENGRAVE_POLARS
100
AcDbLine
 10
-23.783544568491124
 20
-14.759267131228643
 30
0.0
 11
-23.79005894466468
 21
-14.691526849005196
 31
0.0
  0
LINE
  5
2E9
330
17
100
AcDbEntity
  8
ENGRAVE_POLARS
100
AcDbLine
 10
-23.79005894466468
 20
-14.691526849005196
 30
0.0
 11
-23.788125495372633
 21
-14.639934935335253
 31
0.0
  0
LINE
  5
2EA
330
17
100
AcDbEntity
  8
ENGRAVE_POLARS
100
AcDbLine
 10
-23.788125495372633
 20
-14.639934935335253
 30
0.0
 11
-23.777887343204874
 21
-14.585921510657405
 31
0.0
  0
LINE
  5
2EB
330
17
100
AcDbEntity
  8
ENGRAVE_POLARS
100
AcDbLine
 10
-23.777887343204874
 20
-14.585921510657405
 30
0.0
 11
-23.75948761075128
 21
-14.510916695410232
 31
0.0
  0
LINE
  5
2EC
330
17
100
AcDbEntity
  8
ENGRAVE_POLARS
100
AcDbLine
 10
-23.75948761075128
 20
-14.510916695410232
 30
0.0
 11
-23.733069420601748
 21
-14.396350610032322
 31
0.0
  0
LINE
  5
2ED
330
17
100
AcDbEntity
  8
ENGRAVE_POLARS
100
AcDbLine
 10
-23.733069420601748
 20
-14.396350610032322
 30
0.0
 11
-23.69877589534614
 21
-14.223653374962256
 31
0.0
  0
LINE
  5
2EE
330
17
100
AcDbEntity
  8
ENGRAVE_POLARS
100
AcDbLine
 10
-23.69877589534614
 20
-14.223653374962256
 30
0.0
 11
-23.65675015757436
 21
-13.974255110638618
 31
0.0
  0
LINE
  5
2EF
330
17
100
AcDbEntity
  8
ENGRAVE_POLARS
100
AcDbLine
 10
-23.65675015757436
 20
-13.974255110638618
 30
0.0
 11
-23.60713532987629
 21
-13.629585937499998
 31
0.0
  0
LINE
  5
2F0
330
17
100
AcDbEntity
  8
ENGRAVE_POLARS
100
AcDbLine
 10
-23.60713532987629
 20
-13.629585937499998
 30
0.0
 11
-23.545604470634675
 21
-13.187986863896036
 31
0.0
  0
LINE
  5
2F1
330
17
100
AcDbEntity
  8
ENGRAVE_POLARS
100
AcDbLine
 10
-23.545604470634675
 20
-13.187986863896036
 30
0.0
 11
-23.469247937813225
 21
-12.668660218298047
 31
0.0
  0
LINE
  5
2F2
330
17
100
AcDbEntity
  8
ENGRAVE_POLARS
100
AcDbLine
 10
-23.469247937813225
 20
-12.668660218298047
 30
0.0
 11
-23.38033480337324
 21
-12.08432810132713
 31
0.0
  0
LINE
  5
2F3
330
17
100
AcDbEntity
  8
ENGRAVE_POLARS
100
AcDbLine
 10
-23.38033480337324
 20
-12.08432810132713
 30
0.0
 11
-23.281134139276002
 21
-11.447712613604377
 31
0.0
  0
LINE
  5
2F4
330
17
100
AcDbEntity
  8
ENGRAVE_POLARS
100
AcDbLine
 10
-23.281134139276002
 20
-11.447712613604377
 30
0.0
 11
-23.173915017482827
 21
-10.771535855750887
 31
0.0
  0
LINE
  5
2F5
330
17
100
AcDbEntity
  8
ENGRAVE_POLARS
100
AcDbLine
 10
-23.173915017482827
 20
-10.771535855750887
 30
0.0
 11
-23.060946509955
 21
-10.068519928387754
 31
0.0
  0
LINE
  5
2F6
330
17
100
AcDbEntity
  8
ENGRAVE_POLARS
100
AcDbLine
 10
-23.060946509955
 20
-10.068519928387754
 30
0.0
 11
-22.94449768865381
 21
-9.351386932136071
 31
0.0
  0
LINE
  5
2F7
330
17
100
AcDbEntity
  8
ENGRAVE_POLARS
100
AcDbLine
 10
-22.94449768865381
 20
-9.351386932136071
 30
0.0
 11
-22.82683762554057
 21
-8.632858967616935
 31
0.0
  0
LINE
  5
2F8
330
17
100
AcDbEntity
  8
ENGRAVE_POLARS
100
AcDbLine
 10
-22.82683762554057
 20
-8.632858967616935
 30
0.0
 11
-22.710235392576568
 21
-7.925658135451444
 31
0.0
  0
LINE
  5
2F9
330
17
100
AcDbEntity
  8
ENGRAVE_POLARS
100
AcDbLine
 10
-22.710235392576568
 20
-7.925658135451444
 30
0.0
 11
-22.596960061723102
 21
-7.242506536260688
 31
0.0
  0
LINE
  5
2FA
330
17
100
AcDbEntity
  8
ENGRAVE_POLARS
100
AcDbLine
 10
-22.596960061723102
 20
-7.242506536260688
 30
0.0
 11
-22.48928070494146
 21
-6.5961262706657635
 31
0.0
  0
LINE
  5
2FB
330
17
100
AcDbEntity
  8
ENGRAVE_POLARS
100
AcDbLine
 10
-22.48928070494146
 20
-6.5961262706657635
 30
0.0
 11
-22.389466394192954
 21
-5.999239439287769
 31
0.0
  0
LINE
  5
2FC
330
17
100
AcDbEntity
  8
ENGRAVE_POLARS
100
AcDbLine
 10
-22.389466394192954
 20
-5.999239439287769
 30
0.0
 11
-22.291963874116558
 21
-5.423100392274776
 31
0.0
  0
LINE
  5
2FD
330
17
100
AcDbEntity
  8
ENGRAVE_POLARS
100
AcDbLine
 10
-22.291963874116558
 20
-5.423100392274776
 30
0.0
 11
-22.190763903706575
 21
-4.835537788134367
 31
0.0
  0
LINE
  5
2FE
330
17
100
AcDbEntity
  8
ENGRAVE_POLARS
100
AcDbLine
 10
-22.190763903706575
 20
-4.835537788134367
 30
0.0
 11
-22.087451576457276
 21
-4.244135190026895
 31
0.0
  0
LINE
  5
2FF
330
17
100
AcDbEntity
  8
ENGRAVE_POLARS
100
AcDbLine
 10
-22.087451576457276
 20
-4.244135190026895
 30
0.0
 11
-21.983611985862943
 21
-3.6564761611127095
 31
0.0
  0
LINE
  5
300
330
17
100
AcDbEntity
  8
ENGRAVE_POLARS
100
AcDbLine
 10
-21.983611985862943
 20
-3.6564761611127095
 30
0.0
 11
-21.880830225417853
 21
-3.080144264552169
 31
0.0
  0
LINE
  5
301
330
17
100
AcDbEntity
  8
ENGRAVE_POLARS
100
AcDbLine
 10
-21.880830225417853
 20
-3.080144264552169
 30
0.0
 11
-21.780691388616273
 21
-2.5227230635056217
 31
0.0
  0
LINE
  5
302
330
17
100
AcDbEntity
  8
ENGRAVE_POLARS
100
AcDbLine
 10
-21.780691388616273
 20
-2.5227230635056217
 30
0.0
 11
-21.684780568952476
 21
-1.991796121133422
 31
0.0
  0
LINE
  5
303
330
17
100
AcDbEntity
  8
ENGRAVE_POLARS
100
AcDbLine
 10
-21.684780568952476
 20
-1.991796121133422
 30
0.0
 11
-21.594682859920752
 21
-1.4949470005959238
 31
0.0
  0
LINE
  5
304
330
17
100
AcDbEntity
  8
ENGRAVE_POLARS
100
AcDbLine
 10
-21.594682859920752
 20
-1.4949470005959238
 30
0.0
 11
-21.511983355015367
 21
-1.039759265053481
 31
0.0
  0
LINE
  5
305
330
17
100
AcDbEntity
  8
ENGRAVE_POLARS
100
AcDbLine
 10
-21.511983355015367
 20
-1.039759265053481
 30
0.0
 11
-21.4382671477306
 21
-0.633816477666444
 31
0.0
  0
LINE
  5
306
330
17
100
AcDbEntity
  8
ENGRAVE_POLARS
100
AcDbLine
 10
-21.4382671477306
 20
-0.633816477666444
 30
0.0
 11
-21.375119331560715
 21
-0.2847022015951664
 31
0.0
  0
LINE
  5
307
330
17
100
AcDbEntity
  8
ENGRAVE_POLARS
100
AcDbLine
 10
-21.375119331560715
 20
-0.2847022015951664
 30
0.0
 11
-21.324125000000002
 21
-2.6114521425868057e-15
 31
0.0
  0
TEXT
  5
308
330
17
100
AcDbEntity
  8
ENGRAVE_TEXT
100
AcDbText
 10
22.33047696695089
 20
16.538706753112187
 30
0.0
 40
4.5
  1
8
 72
1
 11
22.33047696695089
 21
16.538706753112187
 31
0.0
100
AcDbText
 73
2
  0
TEXT
  5
309
330
17
100
AcDbEntity
  8
ENGRAVE_TEXT
100
AcDbText
 10
22.33047696695089
 20
-16.538706753112187
 30
0.0
 40
4.5
  1
8
 72
1
 11
22.33047696695089
 21
-16.538706753112187
 31
0.0
100
AcDbText
 73
2
  0
CIRCLE
  5
30A
330
17
100
AcDbEntity
  8
ENGRAVE_VMG
100
AcDbCircle
 10
21.12239918399999
 20
18.056114624933006
 30
0.0
 40
0.6
  0
CIRCLE
  5
30B
330
17
100
AcDbEntity
  8
ENGRAVE_VMG
100
AcDbCircle
 10
21.12239918399999
 20
-18.056114624933006
 30
0.0
 40
0.6
  0
CIRCLE
  5
30C
330
17
100
AcDbEntity
  8
ENGRAVE_VMG
100
AcDbCircle
 10
-23.67014635734324
 20
15.563109536885834
 30
0.0
 40
0.6
  0
CIRCLE
  5
30D
330
17
100
AcDbEntity
  8
ENGRAVE_VMG
100
AcDbCircle
 10
-23.67014635734324
 20
-15.563109536885834
 30
0.0
 40
0.6
  0
LINE
  5
30E
330
17
100
AcDbEntity
  8
ENGRAVE_POLARS
100
AcDbLine
 10
18.804404849727252
 20
15.239683156736248
 30
0.0
 11
18.702365968010962
 21
15.543781887783739
 31
0.0
  0
LINE
  5
30F
330
17
100
AcDbEntity
  8
ENGRAVE_POLARS
100
AcDbLine
 10
18.702365968010962
 20
15.543781887783739
 30
0.0
 11
18.57725690219833
 21
15.938863557081651
 31
0.0
  0
LINE
  5
310
330
17
100
AcDbEntity
  8
ENGRAVE_POLARS
100
AcDbLine
 10
18.57725690219833
 20
15.938863557081651
 30
0.0
 11
18.431789953133304
 21
16.40866644571034
 31
0.0
  0
LINE
  5
311
330
17
100
AcDbEntity
  8
ENGRAVE_POLARS
100
AcDbLine
 10
18.431789953133304
 20
16.40866644571034
 30
0.0
 11
18.268677421659852
 21
16.93692883475018
 31
0.0
  0
LINE
  5
312
330
17
100
AcDbEntity
  8
ENGRAVE_POLARS
100
AcDbLine
 10
18.268677421659852
 20
16.93692883475018
 30
0.0
 11
18.090631608621937
 21
17.50738900528153
 31
0.0
  0
LINE
  5
313
330
17
100
AcDbEntity
  8
ENGRAVE_POLARS
100
AcDbLine
 10
18.090631608621937
 20
17.50738900528153
 30
0.0
 11
17.900364814863522
 21
18.10378523838476
 31
0.0
  0
LINE
  5
314
330
17
100
AcDbEntity
  8
ENGRAVE_POLARS
100
AcDbLine
 10
17.900364814863522
 20
18.10378523838476
 30
0.0
 11
17.700589341228554
 21
18.709855815140227
 31
0.0
  0
LINE
  5
315
330
17
100
AcDbEntity
  8
ENGRAVE_POLARS
100
AcDbLine
 10
17.700589341228554
 20
18.709855815140227
 30
0.0
 11
17.494017488561013
 21
19.309339016628304
 31
0.0
  0
LINE
  5
316
330
17
100
AcDbEntity
  8
ENGRAVE_POLARS
100
AcDbLine
 10
17.494017488561013
 20
19.309339016628304
 30
0.0
 11
17.28336155770485
 21
19.885973123929354
 31
0.0
  0
LINE
  5
317
330
17
100
AcDbEntity
  8
ENGRAVE_POLARS
100
AcDbLine
 10
17.28336155770485
 20
19.885973123929354
 30
0.0
 11
17.07133384950403
 21
20.423496418123744
 31
0.0
  0
LINE
  5
318
330
17
100
AcDbEntity
  8
ENGRAVE_POLARS
100
AcDbLine
 10
17.07133384950403
 20
20.423496418123744
 30
0.0
 11
16.86064666480251
 21
20.905647180291833
 31
0.0
  0
LINE
  5
319
330
17
100
AcDbEntity
  8
ENGRAVE_POLARS
100
AcDbLine
 10
16.86064666480251
 20
20.905647180291833
 30
0.0
 11
16.654012304444255
 21
21.316163691513996
 31
0.0
  0
LINE
  5
31A
330
17
100
AcDbEntity
  8
ENGRAVE_POLARS
100
AcDbLine
 10
16.654012304444255
 20
21.316163691513996
 30
0.0
 11
16.451194999201697
 21
21.66457600751774
 31
0.0
  0
LINE
  5
31B
330
17
100
AcDbEntity
  8
ENGRAVE_POLARS
100
AcDbLine
 10
16.451194999201697
 20
21.66457600751774
 30
0.0
 11
16.24908584046387
 21
21.974688766223824
 31
0.0
  0
LINE
  5
31C
330
17
100
AcDbEntity
  8
ENGRAVE_POLARS
100
AcDbLine
 10
16.24908584046387
 20
21.974688766223824
 30
0.0
 11
16.046087419999665
 21
22.25165212200245
 31
0.0
  0
LINE
  5
31D
330
17
100
AcDbEntity
  8
ENGRAVE_POLARS
100
AcDbLine
 10
16.046087419999665
 20
22.25165212200245
 30
0.0
 11
15.840602329577953
 21
22.500616229223844
 31
0.0
  0
LINE
  5
31E
330
17
100
AcDbEntity
  8
ENGRAVE_POLARS
100
AcDbLine
 10
15.840602329577953
 20
22.500616229223844
 30
0.0
 11
15.631033160967629
 21
22.726731242258207
 31
0.0
  0
LINE
  5
31F
330
17
100
AcDbEntity
  8
ENGRAVE_POLARS
100
AcDbLine
 10
15.631033160967629
 20
22.726731242258207
 30
0.0
 11
15.415782505937562
 21
22.935147315475753
 31
0.0
  0
LINE
  5
320
330
17
100
AcDbEntity
  8
ENGRAVE_POLARS
100
AcDbLine
 10
15.415782505937562
 20
22.935147315475753
 30
0.0
 11
15.193252956256636
 21
23.131014603246697
 31
0.0
  0
LINE
  5
321
330
17
100
AcDbEntity
  8
ENGRAVE_POLARS
100
AcDbLine
 10
15.193252956256636
 20
23.131014603246697
 30
0.0
 11
14.961847103693737
 21
23.319483259941254
 31
0.0
  0
LINE
  5
322
330
17
100
AcDbEntity
  8
ENGRAVE_POLARS
100
AcDbLine
 10
14.961847103693737
 20
23.319483259941254
 30
0.0
 11
14.719967540017745
 21
23.50570343992963
 31
0.0
  0
LINE
  5
323
330
17
100
AcDbEntity
  8
ENGRAVE_POLARS
100
AcDbLine
 10
14.719967540017745
 20
23.50570343992963
 30
0.0
 11
14.466016856997536
 21
23.69482529758204
 31
0.0
  0
LINE
  5
324
330
17
100
AcDbEntity
  8
ENGRAVE_POLARS
100
AcDbLine
 10
14.466016856997536
 20
23.69482529758204
 30
0.0
 11
14.198397646401995
 21
23.89199898726869
 31
0.0
  0
LINE
  5
325
330
17
100
AcDbEntity
  8
ENGRAVE_POLARS
100
AcDbLine
 10
14.198397646401995
 20
23.89199898726869
 30
0.0
 11
13.915512500000004
 21
24.102374663359804
 31
0.0
  0
LINE
  5
326
330
17
100
AcDbEntity
  8
ENGRAVE_POLARS
100
AcDbLine
 10
13.915512500000004
 20
24.102374663359804
 30
0.0
 11
13.608328437719278
 21
24.324145011796606
 31
0.0
  0
LINE
  5
327
330
17
100
AcDbEntity
  8
ENGRAVE_POLARS
100
AcDbLine
 10
13.608328437719278
 20
24.324145011796606
 30
0.0
 11
13.272839826675046
 21
24.55054157341057
 31
0.0
  0
LINE
  5
328
330
17
100
AcDbEntity
  8
ENGRAVE_POLARS
100
AcDbLine
 10
13.272839826675046
 20
24.55054157341057
 30
0.0
 11
12.914990279417443
 21
24.77927278490724
 31
0.0
  0
LINE
  5
329
330
17
100
AcDbEntity
  8
ENGRAVE_POLARS
100
AcDbLine
 10
12.914990279417443
 20
24.77927278490724
 30
0.0
 11
12.540723408496605
 21
25.008047082992174
 31
0.0
  0
LINE
  5
32A
330
17
100
AcDbEntity
  8
ENGRAVE_POLARS
100
AcDbLine
 10
12.540723408496605
 20
25.008047082992174
 30
0.0
 11
12.155982826462674
 21
25.23457290437094
 31
0.0
  0
LINE
  5
32B
330
17
100
AcDbEntity
  8
ENGRAVE_POLARS
100
AcDbLine
 10
12.155982826462674
 20
25.23457290437094
 30
0.0
 11
11.766712145865785
 21
25.45655868574907
 31
0.0
  0
LINE
  5
32C
330
17
100
AcDbEntity
  8
ENGRAVE_POLARS
100
AcDbLine
 10
11.766712145865785
 20
25.45655868574907
 30
0.0
 11
11.378854979256076
 21
25.671712863832134
 31
0.0
  0
LINE
  5
32D
330
17
100
AcDbEntity
  8
ENGRAVE_POLARS
100
AcDbLine
 10
11.378854979256076
 20
25.671712863832134
 30
0.0
 11
10.998354939183688
 21
25.877743875325688
 31
0.0
  0
LINE
  5
32E
330
17
100
AcDbEntity
  8
ENGRAVE_POLARS
100
AcDbLine
 10
10.998354939183688
 20
25.877743875325688
 30
0.0
 11
10.631155638198756
 21
26.07236015693529
 31
0.0
  0
LINE
  5
32F
330
17
100
AcDbEntity
  8
ENGRAVE_POLARS
100
AcDbLine
 10
10.631155638198756
 20
26.07236015693529
 30
0.0
 11
10.283200688851418
 21
26.253270145366475
 31
0.0
  0
LINE
  5
330
330
17
100
AcDbEntity
  8
ENGRAVE_POLARS
100
AcDbLine
 10
10.283200688851418
 20
26.253270145366475
 30
0.0
 11
9.96043370369181
 21
26.418182277324817
 31
0.0
  0
LINE
  5
331
330
17
100
AcDbEntity
  8
ENGRAVE_POLARS
100
AcDbLine
 10
9.96043370369181
 20
26.418182277324817
 30
0.0
 11
9.668798295270078
 21
26.56480498951587
 31
0.0
  0
LINE
  5
332
330
17
100
AcDbEntity
  8
ENGRAVE_POLARS
100
AcDbLine
 10
9.668798295270078
 20
26.56480498951587
 30
0.0
 11
9.407717630003798
 21
26.69146266377752
 31
0.0
  0
LINE
  5
333
330
17
100
AcDbEntity
  8
ENGRAVE_POLARS
100
AcDbLine
 10
9.407717630003798
 20
26.69146266377752
 30
0.0
 11
9.170340691013111
 21
26.799588884873295
 31
0.0
  0
LINE
  5
334
330
17
100
AcDbEntity
  8
ENGRAVE_POLARS
100
AcDbLine
 10
9.170340691013111
 20
26.799588884873295
 30
0.0
 11
8.953199815901964
 21
26.89155589389715
 31
0.0
  0
LINE
  5
335
330
17
100
AcDbEntity
  8
ENGRAVE_POLARS
100
AcDbLine
 10
8.953199815901964
 20
26.89155589389715
 30
0.0
 11
8.752827342274319
 21
26.969735931943074
 31
0.0
  0
LINE
  5
336
330
17
100
AcDbEntity
  8
ENGRAVE_POLARS
100
AcDbLine
 10
8.752827342274319
 20
26.969735931943074
 30
0.0
 11
8.565755607734133
 21
27.036501240105036
 31
0.0
  0
LINE
  5
337
330
17
100
AcDbEntity
  8
ENGRAVE_POLARS
100
AcDbLine
 10
8.565755607734133
 20
27.036501240105036
 30
0.0
 11
8.388516949885359
 21
27.094224059477018
 31
0.0
  0
LINE
  5
338
330
17
100
AcDbEntity
  8
ENGRAVE_POLARS
100
AcDbLine
 10
8.388516949885359
 20
27.094224059477018
 30
0.0
 11
8.217643706331952
 21
27.14527663115299
 31
0.0
  0
LINE
  5
339
330
17
100
AcDbEntity
  8
ENGRAVE_POLARS
100
AcDbLine
 10
8.217643706331952
 20
27.14527663115299
 30
0.0
 11
8.049668214677869
 21
27.192031196226935
 31
0.0
  0
LINE
  5
33A
330
17
100
AcDbEntity
  8
ENGRAVE_POLARS
100
AcDbLine
 10
8.049668214677869
 20
27.192031196226935
 30
0.0
 11
7.881122812527069
 21
27.236859995792834
 31
0.0
  0
LINE
  5
33B
330
17
100
AcDbEntity
  8
ENGRAVE_POLARS
100
AcDbLine
 10
7.881122812527069
 20
27.236859995792834
 30
0.0
 11
7.708539837483505
 21
27.282135270944643
 31
0.0
  0
LINE
  5
33C
330
17
100
AcDbEntity
  8
ENGRAVE_POLARS
100
AcDbLine
 10
7.708539837483505
 20
27.282135270944643
 30
0.0
 11
7.528451627151133
 21
27.330229262776353
 31
0.0
  0
LINE
  5
33D
330
17
100
AcDbEntity
  8
ENGRAVE_POLARS
100
AcDbLine
 10
7.528451627151133
 20
27.330229262776353
 30
0.0
 11
7.337390519133912
 21
27.383514212381943
 31
0.0
  0
LINE
  5
33E
330
17
100
AcDbEntity
  8
ENGRAVE_POLARS
100
AcDbLine
 10
7.337390519133912
 20
27.383514212381943
 30
0.0
 11
7.147131318042925
 21
27.438125813613855
 31
0.0
  0
LINE
  5
33F
330
17
100
AcDbEntity
  8
ENGRAVE_POLARS
100
AcDbLine
 10
7.147131318042925
 20
27.438125813613855
 30
0.0
 11
6.9689499857900055
 21
27.489017063184768
 31
0.0
  0
LINE
  5
340
330
17
100
AcDbEntity
  8
ENGRAVE_POLARS
100
AcDbLine
 10
6.9689499857900055
 20
27.489017063184768
 30
0.0
 11
6.798630595930224
 21
27.536786156479007
 31
0.0
  0
LINE
  5
341
330
17
100
AcDbEntity
  8
ENGRAVE_POLARS
100
AcDbLine
 10
6.798630595930224
 20
27.536786156479007
 30
0.0
 11
6.631957222018652
 21
27.582031288880863
 31
0.0
  0
LINE
  5
342
330
17
100
AcDbEntity
  8
ENGRAVE_POLARS
100
AcDbLine
 10
6.631957222018652
 20
27.582031288880863
 30
0.0
 11
6.464713937610361
 21
27.625350655774675
 31
0.0
  0
LINE
  5
343
330
17
100
AcDbEntity
  8
ENGRAVE_POLARS
100
AcDbLine
 10
6.464713937610361
 20
27.625350655774675
 30
0.0
 11
6.292684816260421
 21
27.66734245254475
 31
0.0
  0
LINE
  5
344
330
17
100
AcDbEntity
  8
ENGRAVE_POLARS
100
AcDbLine
 10
6.292684816260421
 20
27.66734245254475
 30
0.0
 11
6.111653931523905
 21
27.708604874575393
 31
0.0
  0
LINE
  5
345
330
17
100
AcDbEntity
  8
ENGRAVE_POLARS
100
AcDbLine
 10
6.111653931523905
 20
27.708604874575393
 30
0.0
 11
5.917405356955884
 21
27.749736117250933
 31
0.0
  0
LINE
  5
346
330
17
100
AcDbEntity
  8
ENGRAVE_POLARS
100
AcDbLine
 10
5.917405356955884
 20
27.749736117250933
 30
0.0
 11
5.70572316611143
 21
27.791334375955675
 31
0.0
  0
LINE
  5
347
330
17
100
AcDbEntity
  8
ENGRAVE_POLARS
100
AcDbLine
 10
5.70572316611143
 20
27.791334375955675
 30
0.0
 11
5.472391432545613
 21
27.833997846073935
 31
0.0
  0
LINE
  5
348
330
17
100
AcDbEntity
  8
ENGRAVE_POLARS
100
AcDbLine
 10
5.472391432545613
 20
27.833997846073935
 30
0.0
 11
5.213194229813505
 21
27.878324722990026
 31
0.0
  0
LINE
  5
349
330
17
100
AcDbEntity
  8
ENGRAVE_POLARS
100
AcDbLine
 10
5.213194229813505
 20
27.878324722990026
 30
0.0
 11
4.923915631470178
 21
27.924913202088266
 31
0.0
  0
LINE
  5
34A
330
17
100
AcDbEntity
  8
ENGRAVE_POLARS
100
AcDbLine
 10
4.923915631470178
 20
27.924913202088266
 30
0.0
 11
4.618564984114151
 21
27.976046207676973
 31
0.0
  0
LINE
  5
34B
330
17
100
AcDbEntity
  8
ENGRAVE_POLARS
100
AcDbLine
 10
4.618564984114151
 20
27.976046207676973
 30
0.0
 11
4.310656518975312
 21
28.03252393298765
 31
0.0
  0
LINE
  5
34C
330
17
100
AcDbEntity
  8
ENGRAVE_POLARS
100
AcDbLine
 10
4.310656518975312
 20
28.03252393298765
 30
0.0
 11
3.995231636555789
 21
28.092720476789363
 31
0.0
  0
LINE
  5
34D
330
17
100
AcDbEntity
  8
ENGRAVE_POLARS
100
AcDbLine
 10
3.995231636555789
 20
28.092720476789363
 30
0.0
 11
3.667331737357704
 21
28.155009937851204
 31
0.0
  0
LINE
  5
34E
330
17
100
AcDbEntity
  8
ENGRAVE_POLARS
100
AcDbLine
 10
3.667331737357704
 20
28.155009937851204
 30
0.0
 11
3.321998221883188
 21
28.217766414942254
 31
0.0
  0
LINE
  5
34F
330
17
100
AcDbEntity
  8
ENGRAVE_POLARS
100
AcDbLine
 10
3.321998221883188
 20
28.217766414942254
 30
0.0
 11
2.954272490634363
 21
28.279364006831578
 31
0.0
  0
LINE
  5
350
330
17
100
AcDbEntity
  8
ENGRAVE_POLARS
100
AcDbLine
 10
2.954272490634363
 20
28.279364006831578
 30
0.0
 11
2.5591959441133554
 21
28.338176812288268
 31
0.0
  0
LINE
  5
351
330
17
100
AcDbEntity
  8
ENGRAVE_POLARS
100
AcDbLine
 10
2.5591959441133554
 20
28.338176812288268
 30
0.0
 11
2.131809982822293
 21
28.39257893008141
 31
0.0
  0
LINE
  5
352
330
17
100
AcDbEntity
  8
ENGRAVE_POLARS
100
AcDbLine
 10
2.131809982822293
 20
28.39257893008141
 30
0.0
 11
1.667156007263301
 21
28.44094445898007
 31
0.0
  0
LINE
  5
353
330
17
100
AcDbEntity
  8
ENGRAVE_POLARS
100
AcDbLine
 10
1.667156007263301
 20
28.44094445898007
 30
0.0
 11
1.1602754179385038
 21
28.48164749775334
 31
0.0
  0
LINE
  5
354
330
17
100
AcDbEntity
  8
ENGRAVE_POLARS
100
AcDbLine
 10
1.1602754179385038
 20
28.48164749775334
 30
0.0
 11
0.6062096153500287
 21
28.513062145170288
 31
0.0
  0
LINE
  5
355
330
17
100
AcDbEntity
  8
ENGRAVE_POLARS
100
AcDbLine
 10
0.6062096153500287
 20
28.513062145170288
 30
0.0
 11
1.7471767991947976e-15
 21
28.533562500000002
 31
0.0
  0
LINE
  5
356
330
17
100
AcDbEntity
  8
ENGRAVE_POLARS
100
AcDbLine
 10
1.7471767991947976e-15
 20
28.533562500000002
 30
0.0
 11
-0.6874769667452929
 21
28.548855269312316
 31
0.0
  0
LINE
  5
357
330
17
100
AcDbEntity
  8
ENGRAVE_POLARS
100
AcDbLine
 10
-0.6874769667452929
 20
28.548855269312316
 30
0.0
 11
-1.4693450645641746
 21
28.564345704403586
 31
0.0
  0
LINE
  5
358
330
17
100
AcDbEntity
  8
ENGRAVE_POLARS
100
AcDbLine
 10
-1.4693450645641746
 20
28.564345704403586
 30
0.0
 11
-2.3265632545214245
 21
28.57795572038266
 31
0.0
  0
LINE
  5
359
330
17
100
AcDbEntity
  8
ENGRAVE_POLARS
100
AcDbLine
 10
-2.3265632545214245
 20
28.57795572038266
 30
0.0
 11
-3.2400904976818232
 21
28.5876072323584
 31
0.0
  0
LINE
  5
35A
330
17
100
AcDbEntity
  8
ENGRAVE_POLARS
100
AcDbLine
 10
-3.2400904976818232
 20
28.5876072323584
 30
0.0
 11
-4.190885755110151
 21
28.591222155439674
 31
0.0
  0
LINE
  5
35B
330
17
100
AcDbEntity
  8
ENGRAVE_POLARS
100
AcDbLine
 10
-4.190885755110151
 20
28.591222155439674
 30
0.0
 11
-5.1599079878711915
 21
28.586722404735326
 31
0.0
  0
LINE
  5
35C
330
17
100
AcDbEntity
  8
ENGRAVE_POLARS
100
AcDbLine
 10
-5.1599079878711915
 20
28.586722404735326
 30
0.0
 11
-6.128116157029723
 21
28.57202989535421
 31
0.0
  0
LINE
  5
35D
330
17
100
AcDbEntity
  8
ENGRAVE_POLARS
100
AcDbLine
 10
-6.128116157029723
 20
28.57202989535421
 30
0.0
 11
-7.076469223650529
 21
28.54506654240519
 31
0.0
  0
LINE
  5
35E
330
17
100
AcDbEntity
  8
ENGRAVE_POLARS
100
AcDbLine
 10
-7.076469223650529
 20
28.54506654240519
 30
0.0
 11
-7.985926148798386
 21
28.50375426099713
 31
0.0
  0
LINE
  5
35F
330
17
100
AcDbEntity
  8
ENGRAVE_POLARS
100
AcDbLine
 10
-7.985926148798386
 20
28.50375426099713
 30
0.0
 11
-8.83744589353808
 21
28.446014966238874
 31
0.0
  0
LINE
  5
360
330
17
100
AcDbEntity
  8
ENGRAVE_POLARS
100
AcDbLine
 10
-8.83744589353808
 20
28.446014966238874
 30
0.0
 11
-9.61198741893439
 21
28.369770573239283
 31
0.0
  0
LINE
  5
361
330
17
100
AcDbEntity
  8
ENGRAVE_POLARS
100
AcDbLine
 10
-9.61198741893439
 20
28.369770573239283
 30
0.0
 11
-10.290509686052099
 21
28.272942997107222
 31
0.0
  0
LINE
  5
362
330
17
100
AcDbEntity
  8
ENGRAVE_POLARS
100
AcDbLine
 10
-10.290509686052099
 20
28.272942997107222
 30
0.0
 11
-10.875624437231055
 21
28.16217628625925
 31
0.0
  0
LINE
  5
363
330
17
100
AcDbEntity
  8
ENGRAVE_POLARS
100
AcDbLine
 10
-10.875624437231055
 20
28.16217628625925
 30
0.0
 11
-11.389765732798677
 21
28.04396547320536
 31
0.0
  0
LINE
  5
364
330
17
100
AcDbEntity
  8
ENGRAVE_POLARS
100
AcDbLine
 10
-11.389765732798677
 20
28.04396547320536
 30
0.0
 11
-11.843626010801094
 21
27.9160089491945
 31
0.0
  0
LINE
  5
365
330
17
100
AcDbEntity
  8
ENGRAVE_POLARS
100
AcDbLine
 10
-11.843626010801094
 20
27.9160089491945
 30
0.0
 11
-12.247897709284437
 21
27.77600510547562
 31
0.0
  0
LINE
  5
366
330
17
100
AcDbEntity
  8
ENGRAVE_POLARS
100
AcDbLine
 10
-12.247897709284437
 20
27.77600510547562
 30
0.0
 11
-12.613273266294835
 21
27.621652333297703
 31
0.0
  0
LINE
  5
367
330
17
100
AcDbEntity
  8
ENGRAVE_POLARS
100
AcDbLine
 10
-12.613273266294835
 20
27.621652333297703
 30
0.0
 11
-12.950445119878415
 21
27.450649023909698
 31
0.0
  0
LINE
  5
368
330
17
100
AcDbEntity
  8
ENGRAVE_POLARS
100
AcDbLine
 10
-12.950445119878415
 20
27.450649023909698
 30
0.0
 11
-13.270105708081307
 21
27.260693568560562
 31
0.0
  0
LINE
  5
369
330
17
100
AcDbEntity
  8
ENGRAVE_POLARS
100
AcDbLine
 10
-13.270105708081307
 20
27.260693568560562
 30
0.0
 11
-13.582947468949643
 21
27.049484358499257
 31
0.0
  0
LINE
  5
36A
330
17
100
AcDbEntity
  8
ENGRAVE_POLARS
100
AcDbLine
 10
-13.582947468949643
 20
27.049484358499257
 30
0.0
 11
-13.89966284052955
 21
26.814719784974756
 31
0.0
  0
LINE
  5
36B
330
17
100
AcDbEntity
  8
ENGRAVE_POLARS
100
AcDbLine
 10
-13.89966284052955
 20
26.814719784974756
 30
0.0
 11
-14.230944260867158
 21
26.554098239236005
 31
0.0
  0
LINE
  5
36C
330
17
100
AcDbEntity
  8
ENGRAVE_POLARS
100
AcDbLine
 10
-14.230944260867158
 20
26.554098239236005
 30
0.0
 11
-14.587484168008595
 21
26.265318112531958
 31
0.0
  0
LINE
  5
36D
330
17
100
AcDbEntity
  8
ENGRAVE_POLARS
100
AcDbLine
 10
-14.587484168008595
 20
26.265318112531958
 30
0.0
 11
-14.979974999999994
 21
25.946077796111595
 31
0.0
  0
LINE
  5
36E
330
17
100
AcDbEntity
  8
ENGRAVE_POLARS
100
AcDbLine
 10
-14.979974999999994
 20
25.946077796111595
 30
0.0
 11
-15.408025183729343
 21
25.5932942366639
 31
0.0
  0
LINE
  5
36F
330
17
100
AcDbEntity
  8
ENGRAVE_POLARS
100
AcDbLine
 10
-15.408025183729343
 20
25.5932942366639
 30
0.0
 11
-15.859721058438677
 21
25.207516337083018
 31
0.0
  0
LINE
  5
370
330
17
100
AcDbEntity
  8
ENGRAVE_POLARS
100
AcDbLine
 10
-15.859721058438677
 20
25.207516337083018
 30
0.0
 11
-16.32847193070519
 21
24.7918904229256
 31
0.0
  0
LINE
  5
371
330
17
100
AcDbEntity
  8
ENGRAVE_POLARS
100
AcDbLine
 10
-16.32847193070519
 20
24.7918904229256
 30
0.0
 11
-16.807687107106084
 21
24.349562819748318
 31
0.0
  0
LINE
  5
372
330
17
100
AcDbEntity
  8
ENGRAVE_POLARS
100
AcDbLine
 10
-16.807687107106084
 20
24.349562819748318
 30
0.0
 11
-17.290775894218548
 21
23.88367985310783
 31
0.0
  0
LINE
  5
373
330
17
100
AcDbEntity
  8
ENGRAVE_POLARS
100
AcDbLine
 10
-17.290775894218548
 20
23.88367985310783
 30
0.0
 11
-17.771147598619777
 21
23.397387848560793
 31
0.0
  0
LINE
  5
374
330
17
100
AcDbEntity
  8
ENGRAVE_POLARS
100
AcDbLine
 10
-17.771147598619777
 20
23.397387848560793
 30
0.0
 11
-18.242211526886965
 21
22.89383313166387
 31
0.0
  0
LINE
  5
375
330
17
100
AcDbEntity
  8
ENGRAVE_POLARS
100
AcDbLine
 10
-18.242211526886965
 20
22.89383313166387
 30
0.0
 11
-18.69737698559732
 21
22.37616202797373
 31
0.0
  0
LINE
  5
376
330
17
100
AcDbEntity
  8
ENGRAVE_POLARS
100
AcDbLine
 10
-18.69737698559732
 20
22.37616202797373
 30
0.0
 11
-19.13005328132802
 21
21.847520863047034
 31
0.0
  0
LINE
  5
377
330
17
100
AcDbEntity
  8
ENGRAVE_POLARS
100
AcDbLine
 10
-19.13005328132802
 20
21.847520863047034
 30
0.0
 11
-19.533649720656275
 21
21.311055962440438
 31
0.0
  0
LINE
  5
378
330
17
100
AcDbEntity
  8
ENGRAVE_POLARS
100
AcDbLine
 10
-19.533649720656275
 20
21.311055962440438
 30
0.0
 11
-19.901575610159263
 21
20.769913651710603
 31
0.0
  0
LINE
  5
379
330
17
100
AcDbEntity
  8
ENGRAVE_POLARS
100
AcDbLine
 10
-19.901575610159263
 20
20.769913651710603
 30
0.0
 11
-20.2272402564142
 21
20.2272402564142
 31
0.0
  0
LINE
  5
37A
330
17
100
AcDbEntity
  8
ENGRAVE_POLARS
100
AcDbLine
 10
-20.2272402564142
 20
20.2272402564142
 30
0.0
 11
-20.514416578457496
 21
19.651394133772463
 31
0.0
  0
LINE
  5
37B
330
17
100
AcDbEntity
  8
ENGRAVE_POLARS
100
AcDbLine
 10
-20.514416578457496
 20
19.651394133772463
 30
0.0
 11
-20.772695372137207
 21
19.01880733777347
 31
0.0
  0
LINE
  5
37C
330
17
100
AcDbEntity
  8
ENGRAVE_POLARS
100
AcDbLine
 10
-20.772695372137207
 20
19.01880733777347
 30
0.0
 11
-21.004212759247988
 21
18.344736739124116
 31
0.0
  0
LINE
  5
37D
330
17
100
AcDbEntity
  8
ENGRAVE_POLARS
100
AcDbLine
 10
-21.004212759247988
 20
18.344736739124116
 30
0.0
 11
-21.211104861584474
 21
17.644439208531303
 31
0.0
  0
LINE
  5
37E
330
17
100
AcDbEntity
  8
ENGRAVE_POLARS
100
AcDbLine
 10
-21.211104861584474
 20
17.644439208531303
 30
0.0
 11
-21.395507800941314
 21
16.93317161670193
 31
0.0
  0
LINE
  5
37F
330
17
100
AcDbEntity
  8
ENGRAVE_POLARS
100
AcDbLine
 10
-21.395507800941314
 20
16.93317161670193
 30
0.0
 11
-21.559557699113153
 21
16.2261908343429
 31
0.0
  0
LINE
  5
380
330
17
100
AcDbEntity
  8
ENGRAVE_POLARS
100
AcDbLine
 10
-21.559557699113153
 20
16.2261908343429
 30
0.0
 11
-21.70539067789463
 21
15.538753732161108
 31
0.0
  0
LINE
  5
381
330
17
100
AcDbEntity
  8
ENGRAVE_POLARS
100
AcDbLine
 10
-21.70539067789463
 20
15.538753732161108
 30
0.0
 11
-21.8351428590804
 21
14.886117180863456
 31
0.0
  0
LINE
  5
382
330
17
100
AcDbEntity
  8
ENGRAVE_POLARS
100
AcDbLine
 10
-21.8351428590804
 20
14.886117180863456
 30
0.0
 11
-21.950950364465093
 21
14.28353805115685
 31
0.0
  0
LINE
  5
383
330
17
100
AcDbEntity
  8
ENGRAVE_POLARS
100
AcDbLine
 10
-21.950950364465093
 20
14.28353805115685
 30
0.0
 11
-22.054949315843366
 21
13.746273213748177
 31
0.0
  0
LINE
  5
384
330
17
100
AcDbEntity
  8
ENGRAVE_POLARS
100
AcDbLine
 10
-22.054949315843366
 20
13.746273213748177
 30
0.0
 11
-22.149275835009856
 21
13.289579539344341
 31
0.0
  0
LINE
  5
385
330
17
100
AcDbEntity
  8
ENGRAVE_POLARS
100
AcDbLine
 10
-22.149275835009856
 20
13.289579539344341
 30
0.0
 11
-22.23606604375921
 21
12.928713898652248
 31
0.0
  0
LINE
  5
386
330
17
100
AcDbEntity
  8
ENGRAVE_POLARS
100
AcDbLine
 10
-22.23606604375921
 20
12.928713898652248
 30
0.0
 11
-22.308242434520455
 21
12.690914032928267
 31
0.0
  0
LINE
  5
387
330
17
100
AcDbEntity
  8
ENGRAVE_POLARS
100
AcDbLine
 10
-22.308242434520455
 20
12.690914032928267
 30
0.0
 11
-22.35897082415428
 21
12.576869191291662
 31
0.0
  0
LINE
  5
388
330
17
100
AcDbEntity
  8
ENGRAVE_POLARS
100
AcDbLine
 10
-22.35897082415428
 20
12.576869191291662
 30
0.0
 11
-22.390752321102795
 21
12.562013506243648
 31
0.0
  0
LINE
  5
389
330
17
100
AcDbEntity
  8
ENGRAVE_POLARS
100
AcDbLine
 10
-22.390752321102795
 20
12.562013506243648
 30
0.0
 11
-22.406088033808125
 21
12.621781110285452
 31
0.0
  0
LINE
  5
38A
330
17
100
AcDbEntity
  8
ENGRAVE_POLARS
100
AcDbLine
 10
-22.406088033808125
 20
12.621781110285452
 30
0.0
 11
-22.407479070712387
 21
12.731606135918298
 31
0.0
  0
LINE
  5
38B
330
17
100
AcDbEntity
  8
ENGRAVE_POLARS
100
AcDbLine
 10
-22.407479070712387
 20
12.731606135918298
 30
0.0
 11
-22.397426540257698
 21
12.866922715643407
 31
0.0
  0
LINE
  5
38C
330
17
100
AcDbEntity
  8
ENGRAVE_POLARS
100
AcDbLine
 10
-22.397426540257698
 20
12.866922715643407
 30
0.0
 11
-22.37843155088617
 21
13.003164981961996
 31
0.0
  0
LINE
  5
38D
330
17
100
AcDbEntity
  8
ENGRAVE_POLARS
100
AcDbLine
 10
-22.37843155088617
 20
13.003164981961996
 30
0.0
 11
-22.352995211039932
 21
13.115767067375291
 31
0.0
  0
LINE
  5
38E
330
17
100
AcDbEntity
  8
ENGRAVE_POLARS
100
AcDbLine
 10
-22.352995211039932
 20
13.115767067375291
 30
0.0
 11
-22.323618629161096
 21
13.180163104384519
 31
0.0
  0
LINE
  5
38F
330
17
100
AcDbEntity
  8
ENGRAVE_POLARS
100
AcDbLine
 10
-22.323618629161096
 20
13.180163104384519
 30
0.0
 11
-22.292802913691784
 21
13.171787225490897
 31
0.0
  0
LINE
  5
390
330
17
100
AcDbEntity
  8
ENGRAVE_POLARS
100
AcDbLine
 10
-22.292802913691784
 20
13.171787225490897
 30
0.0
 11
-22.263049173074112
 21
13.066073563195648
 31
0.0
  0
LINE
  5
391
330
17
100
AcDbEntity
  8
ENGRAVE_POLARS
100
AcDbLine
 10
-22.263049173074112
 20
13.066073563195648
 30
0.0
 11
-22.2368585157502
 21
12.838456249999997
 31
0.0
  0
LINE
  5
392
330
17
100
AcDbEntity
  8
ENGRAVE_POLARS
100
AcDbLine
 10
-22.2368585157502
 20
12.838456249999997
 30
0.0
 11
-22.210335908785883
 21
12.49160073330515
 31
0.0
  0
LINE
  5
393
330
17
100
AcDbEntity
  8
ENGRAVE_POLARS
100
AcDbLine
 10
-22.210335908785883
 20
12.49160073330515
 30
0.0
 11
-22.17827421292257
 21
12.05400233509236
 31
0.0
  0
LINE
  5
394
330
17
100
AcDbEntity
  8
ENGRAVE_POLARS
100
AcDbLine
 10
-22.17827421292257
 20
12.05400233509236
 30
0.0
 11
-22.141206377115722
 21
11.53983999973292
 31
0.0
  0
LINE
  5
395
330
17
100
AcDbEntity
  8
ENGRAVE_POLARS
100
AcDbLine
 10
-22.141206377115722
 20
11.53983999973292
 30
0.0
 11
-22.099665350320812
 21
10.963292671598117
 31
0.0
  0
LINE
  5
396
330
17
100
AcDbEntity
  8
ENGRAVE_POLARS
100
AcDbLine
 10
-22.099665350320812
 20
10.963292671598117
 30
0.0
 11
-22.05418408149331
 21
10.338539295059245
 31
0.0
  0
LINE
  5
397
330
17
100
AcDbEntity
  8
ENGRAVE_POLARS
100
AcDbLine
 10
-22.05418408149331
 20
10.338539295059245
 30
0.0
 11
-22.005295519588678
 21
9.679758814487592
 31
0.0
  0
LINE
  5
398
330
17
100
AcDbEntity
  8
ENGRAVE_POLARS
100
AcDbLine
 10
-22.005295519588678
 20
9.679758814487592
 30
0.0
 11
-21.953532613562377
 21
9.001130174254447
 31
0.0
  0
LINE
  5
399
330
17
100
AcDbEntity
  8
ENGRAVE_POLARS
100
AcDbLine
 10
-21.953532613562377
 20
9.001130174254447
 30
0.0
 11
-21.899428312369892
 21
8.316832318731102
 31
0.0
  0
LINE
  5
39A
330
17
100
AcDbEntity
  8
ENGRAVE_POLARS
100
AcDbLine
 10
-21.899428312369892
 20
8.316832318731102
 30
0.0
 11
-21.843515564966676
 21
7.64104419228885
 31
0.0
  0
LINE
  5
39B
330
17
100
AcDbEntity
  8
ENGRAVE_POLARS
100
AcDbLine
 10
-21.843515564966676
 20
7.64104419228885
 30
0.0
 11
-21.786327320308207
 21
6.9879447392989755
 31
0.0
  0
LINE
  5
39C
330
17
100
AcDbEntity
  8
ENGRAVE_POLARS
100
AcDbLine
 10
-21.786327320308207
 20
6.9879447392989755
 30
0.0
 11
-21.72839652734994
 21
6.371712904132771
 31
0.0
  0
LINE
  5
39D
330
17
100
AcDbEntity
  8
ENGRAVE_POLARS
100
AcDbLine
 10
-21.72839652734994
 20
6.371712904132771
 30
0.0
 11
-21.670256135047357
 21
5.806527631161528
 31
0.0
  0
LINE
  5
39E
330
17
100
AcDbEntity
  8
ENGRAVE_POLARS
100
AcDbLine
 10
-21.670256135047357
 20
5.806527631161528
 30
0.0
 11
-21.607823205329915
 21
5.261265686362278
 31
0.0
  0
LINE
  5
39F
330
17
100
AcDbEntity
  8
ENGRAVE_POLARS
100
AcDbLine
 10
-21.607823205329915
 20
5.261265686362278
 30
0.0
 11
-21.537918106019504
 21
4.700653436042637
 31
0.0
  0
LINE
  5
3A0
330
17
100
AcDbEntity
  8
ENGRAVE_POLARS
100
AcDbLine
 10
-21.537918106019504
 20
4.700653436042637
 30
0.0
 11
-21.462428744910195
 21
4.132644225069764
 31
0.0
  0
LINE
  5
3A1
330
17
100
AcDbEntity
  8
ENGRAVE_POLARS
100
AcDbLine
 10
-21.462428744910195
 20
4.132644225069764
 30
0.0
 11
-21.383243029796077
 21
3.5651913983108185
 31
0.0
  0
LINE
  5
3A2
330
17
100
AcDbEntity
  8
ENGRAVE_POLARS
100
AcDbLine
 10
-21.383243029796077
 20
3.5651913983108185
 30
0.0
 11
-21.302248868471235
 21
3.0062483006329654
 31
0.0
  0
LINE
  5
3A3
330
17
100
AcDbEntity
  8
ENGRAVE_POLARS
100
AcDbLine
 10
-21.302248868471235
 20
3.0062483006329654
 30
0.0
 11
-21.22133416872975
 21
2.463768276903361
 31
0.0
  0
LINE
  5
3A4
330
17
100
AcDbEntity
  8
ENGRAVE_POLARS
100
AcDbLine
 10
-21.22133416872975
 20
2.463768276903361
 30
0.0
 11
-21.142386838365706
 21
1.9457046719891682
 31
0.0
  0
LINE
  5
3A5
330
17
100
AcDbEntity
  8
ENGRAVE_POLARS
100
AcDbLine
 10
-21.142386838365706
 20
1.9457046719891682
 30
0.0
 11
-21.067294785173186
 21
1.4600108307575472
 31
0.0
  0
LINE
  5
3A6
330
17
100
AcDbEntity
  8
ENGRAVE_POLARS
100
AcDbLine
 10
-21.067294785173186
 20
1.4600108307575472
 30
0.0
 11
-20.99794591694627
 21
1.014640098075661
 31
0.0
  0
LINE
  5
3A7
330
17
100
AcDbEntity
  8
ENGRAVE_POLARS
100
AcDbLine
 10
-20.99794591694627
 20
1.014640098075661
 30
0.0
 11
-20.93622814147905
 21
0.6175458188106668
 31
0.0
  0
LINE
  5
3A8
330
17
100
AcDbEntity
  8
ENGRAVE_POLARS
100
AcDbLine
 10
-20.93622814147905
 20
0.6175458188106668
 30
0.0
 11
-20.884029366565592
 21
0.27668133782972676
 31
0.0
  0
LINE
  5
3A9
330
17
100
AcDbEntity
  8
ENGRAVE_POLARS
100
AcDbLine
 10
-20.884029366565592
 20
0.27668133782972676
 30
0.0
 11
-20.8432375
 21
2.5525604088243083e-15
 31
0.0
  0
LINE
  5
3AA
330
17
100
AcDbEntity
  8
ENGRAVE_POLARS
100
AcDbLine
 10
18.804404849727252
 20
-15.239683156736248
 30
0.0
 11
18.702365968010962
 21
-15.543781887783739
 31
0.0
  0
LINE
  5
3AB
330
17
100
AcDbEntity
  8
ENGRAVE_POLARS
100
AcDbLine
 10
18.702365968010962
 20
-15.543781887783739
 30
0.0
 11
18.57725690219833
 21
-15.938863557081651
 31
0.0
  0
LINE
  5
3AC
330
17
100
AcDbEntity
  8
ENGRAVE_POLARS
100
AcDbLine
 10
18.57725690219833
 20
-15.938863557081651
 30
0.0
 11
18.431789953133304
 21
-16.40866644571034
 31
0.0
  0
LINE
  5
3AD
330
17
100
AcDbEntity
  8
ENGRAVE_POLARS
100
AcDbLine
 10
18.431789953133304
 20
-16.40866644571034
 30
0.0
 11
18.268677421659852
 21
-16.93692883475018
 31
0.0
  0
LINE
  5
3AE
330
17
100
AcDbEntity
  8
ENGRAVE_POLARS
100
AcDbLine
 10
18.268677421659852
 20
-16.93692883475018
 30
0.0
 11
18.090631608621937
 21
-17.50738900528153
 31
0.0
  0
LINE
  5
3AF
330
17
100
AcDbEntity
  8
ENGRAVE_POLARS
100
AcDbLine
 10
18.090631608621937
 20
-17.50738900528153
 30
0.0
 11
17.900364814863522
 21
-18.10378523838476
 31
0.0
  0
LINE
  5
3B0
330
17
100
AcDbEntity
  8
ENGRAVE_POLARS
100
AcDbLine
 10
17.900364814863522
 20
-18.10378523838476
 30
0.0
 11
17.700589341228554
 21
-18.709855815140227
 31
0.0
  0
LINE
  5
3B1
330
17
100
AcDbEntity
  8
ENGRAVE_POLARS
100
AcDbLine
 10
17.700589341228554
 20
-18.709855815140227
 30
0.0
 11
17.494017488561013
 21
-19.309339016628304
 31
0.0
  0
LINE
  5
3B2
330
17
100
AcDbEntity
  8
ENGRAVE_POLARS
100
AcDbLine
 10
17.494017488561013
 20
-19.309339016628304
 30
0.0
 11
17.28336155770485
 21
-19.885973123929354
 31
0.0
  0
LINE
  5
3B3
330
17
100
AcDbEntity
  8
ENGRAVE_POLARS
100
AcDbLine
 10
17.28336155770485
 20
-19.885973123929354
 30
0.0
 11
17.07133384950403
 21
-20.423496418123744
 31
0.0
  0
LINE
  5
3B4
330
17
100
AcDbEntity
  8
ENGRAVE_POLARS
100
AcDbLine
 10
17.07133384950403
 20
-20.423496418123744
 30
0.0
 11
16.86064666480251
 21
-20.905647180291833
 31
0.0
  0
LINE
  5
3B5
330
17
100
AcDbEntity
  8
ENGRAVE_POLARS
100
AcDbLine
 10
16.86064666480251
 20
-20.905647180291833
 30
0.0
 11
16.654012304444255
 21
-21.316163691513996
 31
0.0
  0
LINE
  5
3B6
330
17
100
AcDbEntity
  8
ENGRAVE_POLARS
100
AcDbLine
 10
16.654012304444255
 20
-21.316163691513996
 30
0.0
 11
16.451194999201697
 21
-21.66457600751774
 31
0.0
  0
LINE
  5
3B7
330
17
100
AcDbEntity
  8
ENGRAVE_POLARS
100
AcDbLine
 10
16.451194999201697
 20
-21.66457600751774
 30
0.0
 11
16.24908584046387
 21
-21.974688766223824
 31
0.0
  0
LINE
  5
3B8
330
17
100
AcDbEntity
  8
ENGRAVE_POLARS
100
AcDbLine
 10
16.24908584046387
 20
-21.974688766223824
 30
0.0
 11
16.046087419999665
 21
-22.25165212200245
 31
0.0
  0
LINE
  5
3B9
330
17
100
AcDbEntity
  8
ENGRAVE_POLARS
100
AcDbLine
 10
16.046087419999665
 20
-22.25165212200245
 30
0.0
 11
15.840602329577953
 21
-22.500616229223844
 31
0.0
  0
LINE
  5
3BA
330
17
100
AcDbEntity
  8
ENGRAVE_POLARS
100
AcDbLine
 10
15.840602329577953
 20
-22.500616229223844
 30
0.0
 11
15.631033160967629
 21
-22.726731242258207
 31
0.0
  0
LINE
  5
3BB
330
17
100
AcDbEntity
  8
ENGRAVE_POLARS
100
AcDbLine
 10
15.631033160967629
 20
-22.726731242258207
 30
0.0
 11
15.415782505937562
 21
-22.935147315475753
 31
0.0
  0
LINE
  5
3BC
330
17
100
AcDbEntity
  8
ENGRAVE_POLARS
100
AcDbLine
 10
15.415782505937562
 20
-22.935147315475753
 30
0.0
 11
15.193252956256636
 21
-23.131014603246697
 31
0.0
  0
LINE
  5
3BD
330
17
100
AcDbEntity
  8
ENGRAVE_POLARS
100
AcDbLine
 10
15.193252956256636
 20
-23.131014603246697
 30
0.0
 11
14.961847103693737
 21
-23.319483259941254
 31
0.0
  0
LINE
  5
3BE
330
17
100
AcDbEntity
  8
ENGRAVE_POLARS
100
AcDbLine
 10
14.961847103693737
 20
-23.319483259941254
 30
0.0
 11
14.719967540017745
 21
-23.50570343992963
 31
0.0
  0
LINE
  5
3BF
330
17
100
AcDbEntity
  8
ENGRAVE_POLARS
100
AcDbLine
 10
14.719967540017745
 20
-23.50570343992963
 30
0.0
 11
14.466016856997536
 21
-23.69482529758204
 31
0.0
  0
LINE
  5
3C0
330
17
100
AcDbEntity
  8
ENGRAVE_POLARS
100
AcDbLine
 10
14.466016856997536
 20
-23.69482529758204
 30
0.0
 11
14.198397646401995
 21
-23.89199898726869
 31
0.0
  0
LINE
  5
3C1
330
17
100
AcDbEntity
  8
ENGRAVE_POLARS
100
AcDbLine
 10
14.198397646401995
 20
-23.89199898726869
 30
0.0
 11
13.915512500000004
 21
-24.102374663359804
 31
0.0
  0
LINE
  5
3C2
330
17
100
AcDbEntity
  8
ENGRAVE_POLARS
100
AcDbLine
 10
13.915512500000004
 20
-24.102374663359804
 30
0.0
 11
13.608328437719278
 21
-24.324145011796606
 31
0.0
  0
LINE
  5
3C3
330
17
100
AcDbEntity
  8
ENGRAVE_POLARS
100
AcDbLine
 10
13.608328437719278
 20
-24.324145011796606
 30
0.0
 11
13.272839826675046
 21
-24.55054157341057
 31
0.0
  0
LINE
  5
3C4
330
17
100
AcDbEntity
  8
ENGRAVE_POLARS
100
AcDbLine
 10
13.272839826675046
 20
-24.55054157341057
 30
0.0
 11
12.914990279417443
 21
-24.77927278490724
 31
0.0
  0
LINE
  5
3C5
330
17
100
AcDbEntity
  8
ENGRAVE_POLARS
100
AcDbLine
 10
12.914990279417443
 20
-24.77927278490724
 30
0.0
 11
12.540723408496605
 21
-25.008047082992174
 31
0.0
  0
LINE
  5
3C6
330
17
100
AcDbEntity
  8
ENGRAVE_POLARS
100
AcDbLine
 10
12.540723408496605
 20
-25.008047082992174
 30
0.0
 11
12.155982826462674
 21
-25.23457290437094
 31
0.0
  0
LINE
  5
3C7
330
17
100
AcDbEntity
  8
ENGRAVE_POLARS
100
AcDbLine
 10
12.155982826462674
 20
-25.23457290437094
 30
0.0
 11
11.766712145865785
 21
-25.45655868574907
 31
0.0
  0
LINE
  5
3C8
330
17
100
AcDbEntity
  8
ENGRAVE_POLARS
100
AcDbLine
 10
11.766712145865785
 20
-25.45655868574907
 30
0.0
 11
11.378854979256076
 21
-25.671712863832134
 31
0.0
  0
LINE
  5
3C9
330
17
100
AcDbEntity
  8
ENGRAVE_POLARS
100
AcDbLine
 10
11.378854979256076
 20
-25.671712863832134
 30
0.0
 11
10.998354939183688
 21
-25.877743875325688
 31
0.0
  0
LINE
  5
3CA
330
17
100
AcDbEntity
  8
ENGRAVE_POLARS
100
AcDbLine
 10
10.998354939183688
 20
-25.877743875325688
 30
0.0
 11
10.631155638198756
 21
-26.07236015693529
 31
0.0
  0
LINE
  5
3CB
330
17
100
AcDbEntity
  8
ENGRAVE_POLARS
100
AcDbLine
 10
10.631155638198756
 20
-26.07236015693529
 30
0.0
 11
10.283200688851418
 21
-26.253270145366475
 31
0.0
  0
LINE
  5
3CC
330
17
100
AcDbEntity
  8
ENGRAVE_POLARS
100
AcDbLine
 10
10.283200688851418
 20
-26.253270145366475
 30
0.0
 11
9.96043370369181
 21
-26.418182277324817
 31
0.0
  0
LINE
  5
3CD
330
17
100
AcDbEntity
  8
ENGRAVE_POLARS
100
AcDbLine
 10
9.96043370369181
 20
-26.418182277324817
 30
0.0
 11
9.668798295270078
 21
-26.56480498951587
 31
0.0
  0
LINE
  5
3CE
330
17
100
AcDbEntity
  8
ENGRAVE_POLARS
100
AcDbLine
 10
9.668798295270078
 20
-26.56480498951587
 30
0.0
 11
9.407717630003798
 21
-26.69146266377752
 31
0.0
  0
LINE
  5
3CF
330
17
100
AcDbEntity
  8
ENGRAVE_POLARS
100
AcDbLine
 10
9.407717630003798
 20
-26.69146266377752
 30
0.0
 11
9.170340691013111
 21
-26.799588884873295
 31
0.0
  0
LINE
  5
3D0
330
17
100
AcDbEntity
  8
ENGRAVE_POLARS
100
AcDbLine
 10
9.170340691013111
 20
-26.799588884873295
 30
0.0
 11
8.953199815901964
 21
-26.89155589389715
 31
0.0
  0
LINE
  5
3D1
330
17
100
AcDbEntity
  8
ENGRAVE_POLARS
100
AcDbLine
 10
8.953199815901964
 20
-26.89155589389715
 30
0.0
 11
8.752827342274319
 21
-26.969735931943074
 31
0.0
  0
LINE
  5
3D2
330
17
100
AcDbEntity
  8
ENGRAVE_POLARS
100
AcDbLine
 10
8.752827342274319
 20
-26.969735931943074
 30
0.0
 11
8.565755607734133
 21
-27.036501240105036
 31
0.0
  0
LINE
  5
3D3
330
17
100
AcDbEntity
  8
ENGRAVE_POLARS
100
AcDbLine
 10
8.565755607734133
 20
-27.036501240105036
 30
0.0
 11
8.388516949885359
 21
-27.094224059477018
 31
0.0
  0
LINE
  5
3D4
330
17
100
AcDbEntity
  8
ENGRAVE_POLARS
100
AcDbLine
 10
8.388516949885359
 20
-27.094224059477018
 30
0.0
 11
8.217643706331952
 21
-27.14527663115299
 31
0.0
  0
LINE
  5
3D5
330
17
100
AcDbEntity
  8
ENGRAVE_POLARS
100
AcDbLine
 10
8.217643706331952
 20
-27.14527663115299
 30
0.0
 11
8.049668214677869
 21
-27.192031196226935
 31
0.0
  0
LINE
  5
3D6
330
17
100
AcDbEntity
  8
ENGRAVE_POLARS
100
AcDbLine
 10
8.049668214677869
 20
-27.192031196226935
 30
0.0
 11
7.881122812527069
 21
-27.236859995792834
 31
0.0
  0
LINE
  5
3D7
330
17
100
AcDbEntity
  8
ENGRAVE_POLARS
100
AcDbLine
 10
7.881122812527069
 20
-27.236859995792834
 30
0.0
 11
7.708539837483505
 21
-27.282135270944643
 31
0.0
  0
LINE
  5
3D8
330
17
100
AcDbEntity
  8
ENGRAVE_POLARS
100
AcDbLine
 10
7.708539837483505
 20
-27.282135270944643
 30
0.0
 11
7.528451627151133
 21
-27.330229262776353
 31
0.0
  0
LINE
  5
3D9
330
17
100
AcDbEntity
  8
ENGRAVE_POLARS
100
AcDbLine
 10
7.528451627151133
 20
-27.330229262776353
 30
0.0
 11
7.337390519133912
 21
-27.383514212381943
 31
0.0
  0
LINE
  5
3DA
330
17
100
AcDbEntity
  8
ENGRAVE_POLARS
100
AcDbLine
 10
7.337390519133912
 20
-27.383514212381943
 30
0.0
 11
7.147131318042925
 21
-27.438125813613855
 31
0.0
  0
LINE
  5
3DB
330
17
100
AcDbEntity
  8
ENGRAVE_POLARS
100
AcDbLine
 10
7.147131318042925
 20
-27.438125813613855
 30
0.0
 11
6.9689499857900055
 21
-27.489017063184768
 31
0.0
  0
LINE
  5
3DC
330
17
100
AcDbEntity
  8
ENGRAVE_POLARS
100
AcDbLine
 10
6.9689499857900055
 20
-27.489017063184768
 30
0.0
 11
6.798630595930224
 21
-27.536786156479007
 31
0.0
  0
LINE
  5
3DD
330
17
100
AcDbEntity
  8
ENGRAVE_POLARS
100
AcDbLine
 10
6.798630595930224
 20
-27.536786156479007
 30
0.0
 11
6.631957222018652
 21
-27.582031288880863
 31
0.0
  0
LINE
  5
3DE
330
17
100
AcDbEntity
  8
ENGRAVE_POLARS
100
AcDbLine
 10
6.631957222018652
 20
-27.582031288880863
 30
0.0
 11
6.464713937610361
 21
-27.625350655774675
 31
0.0
  0
LINE
  5
3DF
330
17
100
AcDbEntity
  8
ENGRAVE_POLARS
100
AcDbLine
 10
6.464713937610361
 20
-27.625350655774675
 30
0.0
 11
6.292684816260421
 21
-27.66734245254475
 31
0.0
  0
LINE
  5
3E0
330
17
100
AcDbEntity
  8
ENGRAVE_POLARS
100
AcDbLine
 10
6.292684816260421
 20
-27.66734245254475
 30
0.0
 11
6.111653931523905
 21
-27.708604874575393
 31
0.0
  0
LINE
  5
3E1
330
17
100
AcDbEntity
  8
ENGRAVE_POLARS
100
AcDbLine
 10
6.111653931523905
 20
-27.708604874575393
 30
0.0
 11
5.917405356955884
 21
-27.749736117250933
 31
0.0
  0
LINE
  5
3E2
330
17
100
AcDbEntity
  8
ENGRAVE_POLARS
100
AcDbLine
 10
5.917405356955884
 20
-27.749736117250933
 30
0.0
 11
5.70572316611143
 21
-27.791334375955675
 31
0.0
  0
LINE
  5
3E3
330
17
100
AcDbEntity
  8
ENGRAVE_POLARS
100
AcDbLine
 10
5.70572316611143
 20
-27.791334375955675
 30
0.0
 11
5.472391432545613
 21
-27.833997846073935
 31
0.0
  0
LINE
  5
3E4
330
17
100
AcDbEntity
  8
ENGRAVE_POLARS
100
AcDbLine
 10
5.472391432545613
 20
-27.833997846073935
 30
0.0
 11
5.213194229813505
 21
-27.878324722990026
 31
0.0
  0
LINE
  5
3E5
330
17
100
AcDbEntity
  8
ENGRAVE_POLARS
100
AcDbLine
 10
5.213194229813505
 20
-27.878324722990026
 30
0.0
 11
4.923915631470178
 21
-27.924913202088266
 31
0.0
  0
LINE
  5
3E6
330
17
100
AcDbEntity
  8
ENGRAVE_POLARS
100
AcDbLine
 10
4.923915631470178
 20
-27.924913202088266
 30
0.0
 11
4.618564984114151
 21
-27.976046207676973
 31
0.0
  0
LINE
  5
3E7
330
17
100
AcDbEntity
  8
ENGRAVE_POLARS
100
AcDbLine
 10
4.618564984114151
 20
-27.976046207676973
 30
0.0
 11
4.310656518975312
 21
-28.03252393298765
 31
0.0
  0
LINE
  5
3E8
330
17
100
AcDbEntity
  8
ENGRAVE_POLARS
100
AcDbLine
 10
4.310656518975312
 20
-28.03252393298765
 30
0.0
 11
3.995231636555789
 21
-28.092720476789363
 31
0.0
  0
LINE
  5
3E9
330
17
100
AcDbEntity
  8
ENGRAVE_POLARS
100
AcDbLine
 10
3.995231636555789
 20
-28.092720476789363
 30
0.0
 11
3.667331737357704
 21
-28.155009937851204
 31
0.0
  0
LINE
  5
3EA
330
17
100
AcDbEntity
  8
ENGRAVE_POLARS
100
AcDbLine
 10
3.667331737357704
 20
-28.155009937851204
 30
0.0
 11
3.321998221883188
 21
-28.217766414942254
 31
0.0
  0
LINE
  5
3EB
330
17
100
AcDbEntity
  8
ENGRAVE_POLARS
100
AcDbLine
 10
3.321998221883188
 20
-28.217766414942254
 30
0.0
 11
2.954272490634363
 21
-28.279364006831578
 31
0.0
  0
LINE
  5
3EC
330
17
100
AcDbEntity
  8
ENGRAVE_POLARS
100
AcDbLine
 10
2.954272490634363
 20
-28.279364006831578
 30
0.0
 11
2.5591959441133554
 21
-28.338176812288268
 31
0.0
  0
LINE
  5
3ED
330
17
100
AcDbEntity
  8
ENGRAVE_POLARS
100
AcDbLine
 10
2.5591959441133554
 20
-28.338176812288268
 30
0.0
 11
2.131809982822293
 21
-28.39257893008141
 31
0.0
  0
LINE
  5
3EE
330
17
100
AcDbEntity
  8
ENGRAVE_POLARS
100
AcDbLine
 10
2.131809982822293
 20
-28.39257893008141
 30
0.0
 11
1.667156007263301
 21
-28.44094445898007
 31
0.0
  0
LINE
  5
3EF
330
17
100
AcDbEntity
  8
ENGRAVE_POLARS
100
AcDbLine
 10
1.667156007263301
 20
-28.44094445898007
 30
0.0
 11
1.1602754179385038
 21
-28.48164749775334
 31
0.0
  0
LINE
  5
3F0
330
17
100
AcDbEntity
  8
ENGRAVE_POLARS
100
AcDbLine
 10
1.1602754179385038
 20
-28.48164749775334
 30
0.0
 11
0.6062096153500287
 21
-28.513062145170288
 31
0.0
  0
LINE
  5
3F1
330
17
100
AcDbEntity
  8
ENGRAVE_POLARS
100
AcDbLine
 10
0.6062096153500287
 20
-28.513062145170288
 30
0.0
 11
1.7471767991947976e-15
 21
-28.533562500000002
 31
0.0
  0
LINE
  5
3F2
330
17
100
AcDbEntity
  8
ENGRAVE_POLARS
100
AcDbLine
 10
1.7471767991947976e-15
 20
-28.533562500000002
 30
0.0
 11
-0.6874769667452929
 21
-28.548855269312316
 31
0.0
  0
LINE
  5
3F3
330
17
100
AcDbEntity
  8
ENGRAVE_POLARS
100
AcDbLine
 10
-0.6874769667452929
 20
-28.548855269312316
 30
0.0
 11
-1.4693450645641746
 21
-28.564345704403586
 31
0.0
  0
LINE
  5
3F4
330
17
100
AcDbEntity
  8
ENGRAVE_POLARS
100
AcDbLine
 10
-1.4693450645641746
 20
-28.564345704403586
 30
0.0
 11
-2.3265632545214245
 21
-28.57795572038266
 31
0.0
  0
LINE
  5
3F5
330
17
100
AcDbEntity
  8
ENGRAVE_POLARS
100
AcDbLine
 10
-2.3265632545214245
 20
-28.57795572038266
 30
0.0
 11
-3.2400904976818232
 21
-28.5876072323584
 31
0.0
  0
LINE
  5
3F6
330
17
100
AcDbEntity
  8
ENGRAVE_POLARS
100
AcDbLine
 10
-3.2400904976818232
 20
-28.5876072323584
 30
0.0
 11
-4.190885755110151
 21
-28.591222155439674
 31
0.0
  0
LINE
  5
3F7
330
17
100
AcDbEntity
  8
ENGRAVE_POLARS
100
AcDbLine
 10
-4.190885755110151
 20
-28.591222155439674
 30
0.0
 11
-5.1599079878711915
 21
-28.586722404735326
 31
0.0
  0
LINE
  5
3F8
330
17
100
AcDbEntity
  8
ENGRAVE_POLARS
100
AcDbLine
 10
-5.1599079878711915
 20
-28.586722404735326
 30
0.0
 11
-6.128116157029723
 21
-28.57202989535421
 31
0.0
  0
LINE
  5
3F9
330
17
100
AcDbEntity
  8
ENGRAVE_POLARS
100
AcDbLine
 10
-6.128116157029723
 20
-28.57202989535421
 30
0.0
 11
-7.076469223650529
 21
-28.54506654240519
 31
0.0
  0
LINE
  5
3FA
330
17
100
AcDbEntity
  8
ENGRAVE_POLARS
100
AcDbLine
 10
-7.076469223650529
 20
-28.54506654240519
 30
0.0
 11
-7.985926148798386
 21
-28.50375426099713
 31
0.0
  0
LINE
  5
3FB
330
17
100
AcDbEntity
  8
ENGRAVE_POLARS
100
AcDbLine
 10
-7.985926148798386
 20
-28.50375426099713
 30
0.0
 11
-8.83744589353808
 21
-28.446014966238874
 31
0.0
  0
LINE
  5
3FC
330
17
100
AcDbEntity
  8
ENGRAVE_POLARS
100
AcDbLine
 10
-8.83744589353808
 20
-28.446014966238874
 30
0.0
 11
-9.61198741893439
 21
-28.369770573239283
 31
0.0
  0
LINE
  5
3FD
330
17
100
AcDbEntity
  8
ENGRAVE_POLARS
100
AcDbLine
 10
-9.61198741893439
 20
-28.369770573239283
 30
0.0
 11
-10.290509686052099
 21
-28.272942997107222
 31
0.0
  0
LINE
  5
3FE
330
17
100
AcDbEntity
  8
ENGRAVE_POLARS
100
AcDbLine
 10
-10.290509686052099
 20
-28.272942997107222
 30
0.0
 11
-10.875624437231055
 21
-28.16217628625925
 31
0.0
  0
LINE
  5
3FF
330
17
100
AcDbEntity
  8
ENGRAVE_POLARS
100
AcDbLine
 10
-10.875624437231055
 20
-28.16217628625925
 30
0.0
 11
-11.389765732798677
 21
-28.04396547320536
 31
0.0
  0
LINE
  5
400
330
17
100
AcDbEntity
  8
ENGRAVE_POLARS
100
AcDbLine
 10
-11.389765732798677
 20
-28.04396547320536
 30
0.0
 11
-11.843626010801094
 21
-27.9160089491945
 31
0.0
  0
LINE
  5
401
330
17
100
AcDbEntity
  8
ENGRAVE_POLARS
100
AcDbLine
 10
-11.843626010801094
 20
-27.9160089491945
 30
0.0
 11
-12.247897709284437
 21
-27.77600510547562
 31
0.0
  0
LINE
  5
402
330
17
100
AcDbEntity
  8
ENGRAVE_POLARS
100
AcDbLine
 10
-12.247897709284437
 20
-27.77600510547562
 30
0.0
 11
-12.613273266294835
 21
-27.621652333297703
 31
0.0
  0
LINE
  5
403
330
17
100
AcDbEntity
  8
ENGRAVE_POLARS
100
AcDbLine
 10
-12.613273266294835
 20
-27.621652333297703
 30
0.0
 11
-12.950445119878415
 21
-27.450649023909698
 31
0.0
  0
LINE
  5
404
330
17
100
AcDbEntity
  8
ENGRAVE_POLARS
100
AcDbLine
 10
-12.950445119878415
 20
-27.450649023909698
 30
0.0
 11
-13.270105708081307
 21
-27.260693568560562
 31
0.0
  0
LINE
  5
405
330
17
100
AcDbEntity
  8
ENGRAVE_POLARS
100
AcDbLine
 10
-13.270105708081307
 20
-27.260693568560562
 30
0.0
 11
-13.582947468949643
 21
-27.049484358499257
 31
0.0
  0
LINE
  5
406
330
17
100
AcDbEntity
  8
ENGRAVE_POLARS
100
AcDbLine
 10
-13.582947468949643
 20
-27.049484358499257
 30
0.0
 11
-13.89966284052955
 21
-26.814719784974756
 31
0.0
  0
LINE
  5
407
330
17
100
AcDbEntity
  8
ENGRAVE_POLARS
100
AcDbLine
 10
-13.89966284052955
 20
-26.814719784974756
 30
0.0
 11
-14.230944260867158
 21
-26.554098239236005
 31
0.0
  0
LINE
  5
408
330
17
100
AcDbEntity
  8
ENGRAVE_POLARS
100
AcDbLine
 10
-14.230944260867158
 20
-26.554098239236005
 30
0.0
 11
-14.587484168008595
 21
-26.265318112531958
 31
0.0
  0
LINE
  5
409
330
17
100
AcDbEntity
  8
ENGRAVE_POLARS
100
AcDbLine
 10
-14.587484168008595
 20
-26.265318112531958
 30
0.0
 11
-14.979974999999994
 21
-25.946077796111595
 31
0.0
  0
LINE
  5
40A
330
17
100
AcDbEntity
  8
ENGRAVE_POLARS
100
AcDbLine
 10
-14.979974999999994
 20
-25.946077796111595
 30
0.0
 11
-15.408025183729343
 21
-25.5932942366639
 31
0.0
  0
LINE
  5
40B
330
17
100
AcDbEntity
  8
ENGRAVE_POLARS
100
AcDbLine
 10
-15.408025183729343
 20
-25.5932942366639
 30
0.0
 11
-15.859721058438677
 21
-25.207516337083018
 31
0.0
  0
LINE
  5
40C
330
17
100
AcDbEntity
  8
ENGRAVE_POLARS
100
AcDbLine
 10
-15.859721058438677
 20
-25.207516337083018
 30
0.0
 11
-16.32847193070519
 21
-24.7918904229256
 31
0.0
  0
LINE
  5
40D
330
17
100
AcDbEntity
  8
ENGRAVE_POLARS
100
AcDbLine
 10
-16.32847193070519
 20
-24.7918904229256
 30
0.0
 11
-16.807687107106084
 21
-24.349562819748318
 31
0.0
  0
LINE
  5
40E
330
17
100
AcDbEntity
  8
ENGRAVE_POLARS
100
AcDbLine
 10
-16.807687107106084
 20
-24.349562819748318
 30
0.0
 11
-17.290775894218548
 21
-23.88367985310783
 31
0.0
  0
LINE
  5
40F
330
17
100
AcDbEntity
  8
ENGRAVE_POLARS
100
AcDbLine
 10
-17.290775894218548
 20
-23.88367985310783
 30
0.0
 11
-17.771147598619777
 21
-23.397387848560793
 31
0.0
  0
LINE
  5
410
330
17
100
AcDbEntity
  8
ENGRAVE_POLARS
100
AcDbLine
 10
-17.771147598619777
 20
-23.397387848560793
 30
0.0
 11
-18.242211526886965
 21
-22.89383313166387
 31
0.0
  0
LINE
  5
411
330
17
100
AcDbEntity
  8
ENGRAVE_POLARS
100
AcDbLine
 10
-18.242211526886965
 20
-22.89383313166387
 30
0.0
 11
-18.69737698559732
 21
-22.37616202797373
 31
0.0
  0
LINE
  5
412
330
17
100
AcDbEntity
  8
ENGRAVE_POLARS
100
AcDbLine
 10
-18.69737698559732
 20
-22.37616202797373
 30
0.0
 11
-19.13005328132802
 21
-21.847520863047034
 31
0.0
  0
LINE
  5
413
330
17
100
AcDbEntity
  8
ENGRAVE_POLARS
100
AcDbLine
 10
-19.13005328132802
 20
-21.847520863047034
 30
0.0
 11
-19.533649720656275
 21
-21.311055962440438
 31
0.0
  0
LINE
  5
414
330
17
100
AcDbEntity
  8
ENGRAVE_POLARS
100
AcDbLine
 10
-19.533649720656275
 20
-21.311055962440438
 30
0.0
 11
-19.901575610159263
 21
-20.769913651710603
 31
0.0
  0
LINE
  5
415
330
17
100
AcDbEntity
  8
ENGRAVE_POLARS
100
AcDbLine
 10
-19.901575610159263
 20
-20.769913651710603
 30
0.0
 11
-20.2272402564142
 21
-20.2272402564142
 31
0.0
  0
LINE
  5
416
330
17
100
AcDbEntity
  8
ENGRAVE_POLARS
100
AcDbLine
 10
-20.2272402564142
 20
-20.2272402564142
 30
0.0
 11
-20.514416578457496
 21
-19.651394133772463
 31
0.0
  0
LINE
  5
417
330
17
100
AcDbEntity
  8
ENGRAVE_POLARS
100
AcDbLine
 10
-20.514416578457496
 20
-19.651394133772463
 30
0.0
 11
-20.772695372137207
 21
-19.01880733777347
 31
0.0
  0
LINE
  5
418
330
17
100
AcDbEntity
  8
ENGRAVE_POLARS
100
AcDbLine
 10
-20.772695372137207
 20
-19.01880733777347
 30
0.0
 11
-21.004212759247988
 21
-18.344736739124116
 31
0.0
  0
LINE
  5
419
330
17
100
AcDbEntity
  8
ENGRAVE_POLARS
100
AcDbLine
 10
-21.004212759247988
 20
-18.344736739124116
 30
0.0
 11
-21.211104861584474
 21
-17.644439208531303
 31
0.0
  0
LINE
  5
41A
330
17
100
AcDbEntity
  8
ENGRAVE_POLARS
100
AcDbLine
 10
-21.211104861584474
 20
-17.644439208531303
 30
0.0
 11
-21.395507800941314
 21
-16.93317161670193
 31
0.0
  0
LINE
  5
41B
330
17
100
AcDbEntity
  8
ENGRAVE_POLARS
100
AcDbLine
 10
-21.395507800941314
 20
-16.93317161670193
 30
0.0
 11
-21.559557699113153
 21
-16.2261908343429
 31
0.0
  0
LINE
  5
41C
330
17
100
AcDbEntity
  8
ENGRAVE_POLARS
100
AcDbLine
 10
-21.559557699113153
 20
-16.2261908343429
 30
0.0
 11
-21.70539067789463
 21
-15.538753732161108
 31
0.0
  0
LINE
  5
41D
330
17
100
AcDbEntity
  8
ENGRAVE_POLARS
100
AcDbLine
 10
-21.70539067789463
 20
-15.538753732161108
 30
0.0
 11
-21.8351428590804
 21
-14.886117180863456
 31
0.0
  0
LINE
  5
41E
330
17
100
AcDbEntity
  8
ENGRAVE_POLARS
100
AcDbLine
 10
-21.8351428590804
 20
-14.886117180863456
 30
0.0
 11
-21.950950364465093
 21
-14.28353805115685
 31
0.0
  0
LINE
  5
41F
330
17
100
AcDbEntity
  8
ENGRAVE_POLARS
100
AcDbLine
 10
-21.950950364465093
 20
-14.28353805115685
 30
0.0
 11
-22.054949315843366
 21
-13.746273213748177
 31
0.0
  0
LINE
  5
420
330
17
100
AcDbEntity
  8
ENGRAVE_POLARS
100
AcDbLine
 10
-22.054949315843366
 20
-13.746273213748177
 30
0.0
 11
-22.149275835009856
 21
-13.289579539344341
 31
0.0
  0
LINE
  5
421
330
17
100
AcDbEntity
  8
ENGRAVE_POLARS
100
AcDbLine
 10
-22.149275835009856
 20
-13.289579539344341
 30
0.0
 11
-22.23606604375921
 21
-12.928713898652248
 31
0.0
  0
LINE
  5
422
330
17
100
AcDbEntity
  8
ENGRAVE_POLARS
100
AcDbLine
 10
-22.23606604375921
 20
-12.928713898652248
 30
0.0
 11
-22.308242434520455
 21
-12.690914032928267
 31
0.0
  0
LINE
  5
423
330
17
100
AcDbEntity
  8
ENGRAVE_POLARS
100
AcDbLine
 10
-22.308242434520455
 20
-12.690914032928267
 30
0.0
 11
-22.35897082415428
 21
-12.576869191291662
 31
0.0
  0
LINE
  5
424
330
17
100
AcDbEntity
  8
ENGRAVE_POLARS
100
AcDbLine
 10
-22.35897082415428
 20
-12.576869191291662
 30
0.0
 11
-22.390752321102795
 21
-12.562013506243648
 31
0.0
  0
LINE
  5
425
330
17
100
AcDbEntity
  8
ENGRAVE_POLARS
100
AcDbLine
 10
-22.390752321102795
 20
-12.562013506243648
 30
0.0
 11
-22.406088033808125
 21
-12.621781110285452
 31
0.0
  0
LINE
  5
426
330
17
100
AcDbEntity
  8
ENGRAVE_POLARS
100
AcDbLine
 10
-22.406088033808125
 20
-12.621781110285452
 30
0.0
 11
-22.407479070712387
 21
-12.731606135918298
 31
0.0
  0
LINE
  5
427
330
17
100
AcDbEntity
  8
ENGRAVE_POLARS
100
AcDbLine
 10
-22.407479070712387
 20
-12.731606135918298
 30
0.0
 11
-22.397426540257698
 21
-12.866922715643407
 31
0.0
  0
LINE
  5
428
330
17
100
AcDbEntity
  8
ENGRAVE_POLARS
100
AcDbLine
 10
-22.397426540257698
 20
-12.866922715643407
 30
0.0
 11
-22.37843155088617
 21
-13.003164981961996
 31
0.0
  0
LINE
  5
429
330
17
100
AcDbEntity
  8
ENGRAVE_POLARS
100
AcDbLine
 10
-22.37843155088617
 20
-13.003164981961996
 30
0.0
 11
-22.352995211039932
 21
-13.115767067375291
 31
0.0
  0
LINE
  5
42A
330
17
100
AcDbEntity
  8
ENGRAVE_POLARS
100
AcDbLine
 10
-22.352995211039932
 20
-13.115767067375291
 30
0.0
 11
-22.323618629161096
 21
-13.180163104384519
 31
0.0
  0
LINE
  5
42B
330
17
100
AcDbEntity
  8
ENGRAVE_POLARS
100
AcDbLine
 10
-22.323618629161096
 20
-13.180163104384519
 30
0.0
 11
-22.292802913691784
 21
-13.171787225490897
 31
0.0
  0
LINE
  5
42C
330
17
100
AcDbEntity
  8
ENGRAVE_POLARS
100
AcDbLine
 10
-22.292802913691784
 20
-13.171787225490897
 30
0.0
 11
-22.263049173074112
 21
-13.066073563195648
 31
0.0
  0
LINE
  5
42D
330
17
100
AcDbEntity
  8
ENGRAVE_POLARS
100
AcDbLine
 10
-22.263049173074112
 20
-13.066073563195648
 30
0.0
 11
-22.2368585157502
 21
-12.838456249999997
 31
0.0
  0
LINE
  5
42E
330
17
100
AcDbEntity
  8
ENGRAVE_POLARS
100
AcDbLine
 10
-22.2368585157502
 20
-12.838456249999997
 30
0.0
 11
-22.210335908785883
 21
-12.49160073330515
 31
0.0
  0
LINE
  5
42F
330
17
100
AcDbEntity
  8
ENGRAVE_POLARS
100
AcDbLine
 10
-22.210335908785883
 20
-12.49160073330515
 30
0.0
 11
-22.17827421292257
 21
-12.05400233509236
 31
0.0
  0
LINE
  5
430
330
17
100
AcDbEntity
  8
ENGRAVE_POLARS
100
AcDbLine
 10
-22.17827421292257
 20
-12.05400233509236
 30
0.0
 11
-22.141206377115722
 21
-11.53983999973292
 31
0.0
  0
LINE
  5
431
330
17
100
AcDbEntity
  8
ENGRAVE_POLARS
100
AcDbLine
 10
-22.141206377115722
 20
-11.53983999973292
 30
0.0
 11
-22.099665350320812
 21
-10.963292671598117
 31
0.0
  0
LINE
  5
432
330
17
100
AcDbEntity
  8
ENGRAVE_POLARS
100
AcDbLine
 10
-22.099665350320812
 20
-10.963292671598117
 30
0.0
 11
-22.05418408149331
 21
-10.338539295059245
 31
0.0
  0
LINE
  5
433
330
17
100
AcDbEntity
  8
ENGRAVE_POLARS
100
AcDbLine
 10
-22.05418408149331
 20
-10.338539295059245
 30
0.0
 11
-22.005295519588678
 21
-9.679758814487592
 31
0.0
  0
LINE
  5
434
330
17
100
AcDbEntity
  8
ENGRAVE_POLARS
100
AcDbLine
 10
-22.005295519588678
 20
-9.679758814487592
 30
0.0
 11
-21.953532613562377
 21
-9.001130174254447
 31
0.0
  0
LINE
  5
435
330
17
100
AcDbEntity
  8
ENGRAVE_POLARS
100
AcDbLine
 10
-21.953532613562377
 20
-9.001130174254447
 30
0.0
 11
-21.899428312369892
 21
-8.316832318731102
 31
0.0
  0
LINE
  5
436
330
17
100
AcDbEntity
  8
ENGRAVE_POLARS
100
AcDbLine
 10
-21.899428312369892
 20
-8.316832318731102
 30
0.0
 11
-21.843515564966676
 21
-7.64104419228885
 31
0.0
  0
LINE
  5
437
330
17
100
AcDbEntity
  8
ENGRAVE_POLARS
100
AcDbLine
 10
-21.843515564966676
 20
-7.64104419228885
 30
0.0
 11
-21.786327320308207
 21
-6.9879447392989755
 31
0.0
  0
LINE
  5
438
330
17
100
AcDbEntity
  8
ENGRAVE_POLARS
100
AcDbLine
 10
-21.786327320308207
 20
-6.9879447392989755
 30
0.0
 11
-21.72839652734994
 21
-6.371712904132771
 31
0.0
  0
LINE
  5
439
330
17
100
AcDbEntity
  8
ENGRAVE_POLARS
100
AcDbLine
 10
-21.72839652734994
 20
-6.371712904132771
 30
0.0
 11
-21.670256135047357
 21
-5.806527631161528
 31
0.0
  0
LINE
  5
43A
330
17
100
AcDbEntity
  8
ENGRAVE_POLARS
100
AcDbLine
 10
-21.670256135047357
 20
-5.806527631161528
 30
0.0
 11
-21.607823205329915
 21
-5.261265686362278
 31
0.0
  0
LINE
  5
43B
330
17
100
AcDbEntity
  8
ENGRAVE_POLARS
100
AcDbLine
 10
-21.607823205329915
 20
-5.261265686362278
 30
0.0
 11
-21.537918106019504
 21
-4.700653436042637
 31
0.0
  0
LINE
  5
43C
330
17
100
AcDbEntity
  8
ENGRAVE_POLARS
100
AcDbLine
 10
-21.537918106019504
 20
-4.700653436042637
 30
0.0
 11
-21.462428744910195
 21
-4.132644225069764
 31
0.0
  0
LINE
  5
43D
330
17
100
AcDbEntity
  8
ENGRAVE_POLARS
100
AcDbLine
 10
-21.462428744910195
 20
-4.132644225069764
 30
0.0
 11
-21.383243029796077
 21
-3.5651913983108185
 31
0.0
  0
LINE
  5
43E
330
17
100
AcDbEntity
  8
ENGRAVE_POLARS
100
AcDbLine
 10
-21.383243029796077
 20
-3.5651913983108185
 30
0.0
 11
-21.302248868471235
 21
-3.0062483006329654
 31
0.0
  0
LINE
  5
43F
330
17
100
AcDbEntity
  8
ENGRAVE_POLARS
100
AcDbLine
 10
-21.302248868471235
 20
-3.0062483006329654
 30
0.0
 11
-21.22133416872975
 21
-2.463768276903361
 31
0.0
  0
LINE
  5
440
330
17
100
AcDbEntity
  8
ENGRAVE_POLARS
100
AcDbLine
 10
-21.22133416872975
 20
-2.463768276903361
 30
0.0
 11
-21.142386838365706
 21
-1.9457046719891682
 31
0.0
  0
LINE
  5
441
330
17
100
AcDbEntity
  8
ENGRAVE_POLARS
100
AcDbLine
 10
-21.142386838365706
 20
-1.9457046719891682
 30
0.0
 11
-21.067294785173186
 21
-1.4600108307575472
 31
0.0
  0
LINE
  5
442
330
17
100
AcDbEntity
  8
ENGRAVE_POLARS
100
AcDbLine
 10
-21.067294785173186
 20
-1.4600108307575472
 30
0.0
 11
-20.99794591694627
 21
-1.014640098075661
 31
0.0
  0
LINE
  5
443
330
17
100
AcDbEntity
  8
ENGRAVE_POLARS
100
AcDbLine
 10
-20.99794591694627
 20
-1.014640098075661
 30
0.0
 11
-20.93622814147905
 21
-0.6175458188106668
 31
0.0
  0
LINE
  5
444
330
17
100
AcDbEntity
  8
ENGRAVE_POLARS
100
AcDbLine
 10
-20.93622814147905
 20
-0.6175458188106668
 30
0.0
 11
-20.884029366565592
 21
-0.27668133782972676
 31
0.0
  0
LINE
  5
445
330
17
100
AcDbEntity
  8
ENGRAVE_POLARS
100
AcDbLine
 10
-20.884029366565592
 20
-0.27668133782972676
 30
0.0
 11
-20.8432375
 21
-2.5525604088243083e-15
 31
0.0
  0
TEXT
  5
446
330
17
100
AcDbEntity
  8
ENGRAVE_TEXT
100
AcDbText
 10
19.821664822611062
 20
13.890831081336332
 30
0.0
 40
4.5
  1
10
 72
1
 11
19.821664822611062
 21
13.890831081336332
 31
0.0
100
AcDbText
 73
2
  0
TEXT
  5
447
330
17
100
AcDbEntity
  8
ENGRAVE_TEXT
100
AcDbText
 10
19.821664822611062
 20
-13.890831081336332
 30
0.0
 40
4.5
  1
10
 72
1
 11
19.821664822611062
 21
-13.890831081336332
 31
0.0
100
AcDbText
 73
2
  0
CIRCLE
  5
448
330
17
100
AcDbEntity
  8
ENGRAVE_VMG
100
AcDbCircle
 10
18.804404849727252
 20
15.239683156736248
 30
0.0
 40
0.6
  0
CIRCLE
  5
449
330
17
100
AcDbEntity
  8
ENGRAVE_VMG
100
AcDbCircle
 10
18.804404849727252
 20
-15.239683156736248
 30
0.0
 40
0.6
  0
CIRCLE
  5
44A
330
17
100
AcDbEntity
  8
ENGRAVE_VMG
100
AcDbCircle
 10
-22.2368585157502
 20
12.838456249999997
 30
0.0
 40
0.6
  0
CIRCLE
  5
44B
330
17
100
AcDbEntity
  8
ENGRAVE_VMG
100
AcDbCircle
 10
-22.2368585157502
 20
-12.838456249999997
 30
0.0
 40
0.6
  0
LINE
  5
44C
330
17
100
AcDbEntity
  8
ENGRAVE_POLARS
100
AcDbLine
 10
16.343843673092877
 20
12.877464668284079
 30
0.0
 11
16.249041877625455
 21
13.153022006062832
 31
0.0
  0
LINE
  5
44D
330
17
100
AcDbEntity
  8
ENGRAVE_POLARS
100
AcDbLine
 10
16.249041877625455
 20
13.153022006062832
 30
0.0
 11
16.13198322291743
 21
13.511417334297121
 31
0.0
  0
LINE
  5
44E
330
17
100
AcDbEntity
  8
ENGRAVE_POLARS
100
AcDbLine
 10
16.13198322291743
 20
13.511417334297121
 30
0.0
 11
15.9954904140403
 21
13.937770109580404
 31
0.0
  0
LINE
  5
44F
330
17
100
AcDbEntity
  8
ENGRAVE_POLARS
100
AcDbLine
 10
15.9954904140403
 20
13.937770109580404
 30
0.0
 11
15.842386156065567
 21
14.417199788506135
 31
0.0
  0
LINE
  5
450
330
17
100
AcDbEntity
  8
ENGRAVE_POLARS
100
AcDbLine
 10
15.842386156065567
 20
14.417199788506135
 30
0.0
 11
15.675493154064734
 21
14.934825827667783
 31
0.0
  0
LINE
  5
451
330
17
100
AcDbEntity
  8
ENGRAVE_POLARS
100
AcDbLine
 10
15.675493154064734
 20
14.934825827667783
 30
0.0
 11
15.49763411310929
 21
15.475767683658802
 31
0.0
  0
LINE
  5
452
330
17
100
AcDbEntity
  8
ENGRAVE_POLARS
100
AcDbLine
 10
15.49763411310929
 20
15.475767683658802
 30
0.0
 11
15.311631738270748
 21
16.02514481307265
 31
0.0
  0
LINE
  5
453
330
17
100
AcDbEntity
  8
ENGRAVE_POLARS
100
AcDbLine
 10
15.311631738270748
 20
16.02514481307265
 30
0.0
 11
15.1203087346206
 21
16.568076672502794
 31
0.0
  0
LINE
  5
454
330
17
100
AcDbEntity
  8
ENGRAVE_POLARS
100
AcDbLine
 10
15.1203087346206
 20
16.568076672502794
 30
0.0
 11
14.926487807230348
 21
17.089682718542687
 31
0.0
  0
LINE
  5
455
330
17
100
AcDbEntity
  8
ENGRAVE_POLARS
100
AcDbLine
 10
14.926487807230348
 20
17.089682718542687
 30
0.0
 11
14.732991661171493
 21
17.57508240778579
 31
0.0
  0
LINE
  5
456
330
17
100
AcDbEntity
  8
ENGRAVE_POLARS
100
AcDbLine
 10
14.732991661171493
 20
17.57508240778579
 30
0.0
 11
14.542643001515529
 21
18.00939519682556
 31
0.0
  0
LINE
  5
457
330
17
100
AcDbEntity
  8
ENGRAVE_POLARS
100
AcDbLine
 10
14.542643001515529
 20
18.00939519682556
 30
0.0
 11
14.358264533333964
 21
18.37774054225547
 31
0.0
  0
LINE
  5
458
330
17
100
AcDbEntity
  8
ENGRAVE_POLARS
100
AcDbLine
 10
14.358264533333964
 20
18.37774054225547
 30
0.0
 11
14.179483613974478
 21
18.68829019847909
 31
0.0
  0
LINE
  5
459
330
17
100
AcDbEntity
  8
ENGRAVE_POLARS
100
AcDbLine
 10
14.179483613974478
 20
18.68829019847909
 30
0.0
 11
14.002983792580334
 21
18.962477692924033
 31
0.0
  0
LINE
  5
45A
330
17
100
AcDbEntity
  8
ENGRAVE_POLARS
100
AcDbLine
 10
14.002983792580334
 20
18.962477692924033
 30
0.0
 11
13.827172061916382
 21
19.205315141719765
 31
0.0
  0
LINE
  5
45B
330
17
100
AcDbEntity
  8
ENGRAVE_POLARS
100
AcDbLine
 10
13.827172061916382
 20
19.205315141719765
 30
0.0
 11
13.650455414747476
 21
19.421814660995775
 31
0.0
  0
LINE
  5
45C
330
17
100
AcDbEntity
  8
ENGRAVE_POLARS
100
AcDbLine
 10
13.650455414747476
 20
19.421814660995775
 30
0.0
 11
13.471240843838464
 21
19.616988366881536
 31
0.0
  0
LINE
  5
45D
330
17
100
AcDbEntity
  8
ENGRAVE_POLARS
100
AcDbLine
 10
13.471240843838464
 20
19.616988366881536
 30
0.0
 11
13.287935341954197
 21
19.79584837550652
 31
0.0
  0
LINE
  5
45E
330
17
100
AcDbEntity
  8
ENGRAVE_POLARS
100
AcDbLine
 10
13.287935341954197
 20
19.79584837550652
 30
0.0
 11
13.098945901859532
 21
19.963406803000215
 31
0.0
  0
LINE
  5
45F
330
17
100
AcDbEntity
  8
ENGRAVE_POLARS
100
AcDbLine
 10
13.098945901859532
 20
19.963406803000215
 30
0.0
 11
12.902679516319315
 21
20.1246757654921
 31
0.0
  0
LINE
  5
460
330
17
100
AcDbEntity
  8
ENGRAVE_POLARS
100
AcDbLine
 10
12.902679516319315
 20
20.1246757654921
 30
0.0
 11
12.697543178098401
 21
20.284667379111642
 31
0.0
  0
LINE
  5
461
330
17
100
AcDbEntity
  8
ENGRAVE_POLARS
100
AcDbLine
 10
12.697543178098401
 20
20.284667379111642
 30
0.0
 11
12.481943879961644
 21
20.44839375998833
 31
0.0
  0
LINE
  5
462
330
17
100
AcDbEntity
  8
ENGRAVE_POLARS
100
AcDbLine
 10
12.481943879961644
 20
20.44839375998833
 30
0.0
 11
12.254288614673895
 21
20.620867024251638
 31
0.0
  0
LINE
  5
463
330
17
100
AcDbEntity
  8
ENGRAVE_POLARS
100
AcDbLine
 10
12.254288614673895
 20
20.620867024251638
 30
0.0
 11
12.012984375000002
 21
20.80709928803105
 31
0.0
  0
LINE
  5
464
330
17
100
AcDbEntity
  8
ENGRAVE_POLARS
100
AcDbLine
 10
12.012984375000002
 20
20.80709928803105
 30
0.0
 11
11.750662454881882
 21
21.005277649170992
 31
0.0
  0
LINE
  5
465
330
17
100
AcDbEntity
  8
ENGRAVE_POLARS
100
AcDbLine
 10
11.750662454881882
 20
21.005277649170992
 30
0.0
 11
11.464371503811826
 21
21.20878067961305
 31
0.0
  0
LINE
  5
466
330
17
100
AcDbEntity
  8
ENGRAVE_POLARS
100
AcDbLine
 10
11.464371503811826
 20
21.20878067961305
 30
0.0
 11
11.159144547880242
 21
21.415407706632397
 31
0.0
  0
LINE
  5
467
330
17
100
AcDbEntity
  8
ENGRAVE_POLARS
100
AcDbLine
 10
11.159144547880242
 20
21.415407706632397
 30
0.0
 11
10.840014613177551
 21
21.622958057504228
 31
0.0
  0
LINE
  5
468
330
17
100
AcDbEntity
  8
ENGRAVE_POLARS
100
AcDbLine
 10
10.840014613177551
 20
21.622958057504228
 30
0.0
 11
10.512014725794161
 21
21.829231059503723
 31
0.0
  0
LINE
  5
469
330
17
100
AcDbEntity
  8
ENGRAVE_POLARS
100
AcDbLine
 10
10.512014725794161
 20
21.829231059503723
 30
0.0
 11
10.18017791182049
 21
22.032026039906064
 31
0.0
  0
LINE
  5
46A
330
17
100
AcDbEntity
  8
ENGRAVE_POLARS
100
AcDbLine
 10
10.18017791182049
 20
22.032026039906064
 30
0.0
 11
9.849537197346946
 21
22.22914232598644
 31
0.0
  0
LINE
  5
46B
330
17
100
AcDbEntity
  8
ENGRAVE_POLARS
100
AcDbLine
 10
9.849537197346946
 20
22.22914232598644
 30
0.0
 11
9.525125608463945
 21
22.418379245020038
 31
0.0
  0
LINE
  5
46C
330
17
100
AcDbEntity
  8
ENGRAVE_POLARS
100
AcDbLine
 10
9.525125608463945
 20
22.418379245020038
 30
0.0
 11
9.211976171261904
 21
22.597536124282037
 31
0.0
  0
LINE
  5
46D
330
17
100
AcDbEntity
  8
ENGRAVE_POLARS
100
AcDbLine
 10
9.211976171261904
 20
22.597536124282037
 30
0.0
 11
8.915121911831232
 21
22.764412291047623
 31
0.0
  0
LINE
  5
46E
330
17
100
AcDbEntity
  8
ENGRAVE_POLARS
100
AcDbLine
 10
8.915121911831232
 20
22.764412291047623
 30
0.0
 11
8.639595856262344
 21
22.916807072591986
 31
0.0
  0
LINE
  5
46F
330
17
100
AcDbEntity
  8
ENGRAVE_POLARS
100
AcDbLine
 10
8.639595856262344
 20
22.916807072591986
 30
0.0
 11
8.390431030645654
 21
23.052519796190303
 31
0.0
  0
LINE
  5
470
330
17
100
AcDbEntity
  8
ENGRAVE_POLARS
100
AcDbLine
 10
8.390431030645654
 20
23.052519796190303
 30
0.0
 11
8.16719627435851
 21
23.170283968947057
 31
0.0
  0
LINE
  5
471
330
17
100
AcDbEntity
  8
ENGRAVE_POLARS
100
AcDbLine
 10
8.16719627435851
 20
23.170283968947057
 30
0.0
 11
7.964126638542412
 21
23.271694374719424
 31
0.0
  0
LINE
  5
472
330
17
100
AcDbEntity
  8
ENGRAVE_POLARS
100
AcDbLine
 10
7.964126638542412
 20
23.271694374719424
 30
0.0
 11
7.778254466933994
 21
23.358842255911675
 31
0.0
  0
LINE
  5
473
330
17
100
AcDbEntity
  8
ENGRAVE_POLARS
100
AcDbLine
 10
7.778254466933994
 20
23.358842255911675
 30
0.0
 11
7.606612103269897
 21
23.433818854928074
 31
0.0
  0
LINE
  5
474
330
17
100
AcDbEntity
  8
ENGRAVE_POLARS
100
AcDbLine
 10
7.606612103269897
 20
23.433818854928074
 30
0.0
 11
7.4462318912867556
 21
23.498715414172878
 31
0.0
  0
LINE
  5
475
330
17
100
AcDbEntity
  8
ENGRAVE_POLARS
100
AcDbLine
 10
7.4462318912867556
 20
23.498715414172878
 30
0.0
 11
7.2941461747212095
 21
23.55562317605034
 31
0.0
  0
LINE
  5
476
330
17
100
AcDbEntity
  8
ENGRAVE_POLARS
100
AcDbLine
 10
7.2941461747212095
 20
23.55562317605034
 30
0.0
 11
7.147387297309895
 21
23.606633382964723
 31
0.0
  0
LINE
  5
477
330
17
100
AcDbEntity
  8
ENGRAVE_POLARS
100
AcDbLine
 10
7.147387297309895
 20
23.606633382964723
 30
0.0
 11
7.0029876027894495
 21
23.6538372773203
 31
0.0
  0
LINE
  5
478
330
17
100
AcDbEntity
  8
ENGRAVE_POLARS
100
AcDbLine
 10
7.0029876027894495
 20
23.6538372773203
 30
0.0
 11
6.857979434896514
 21
23.69932610152132
 31
0.0
  0
LINE
  5
479
330
17
100
AcDbEntity
  8
ENGRAVE_POLARS
100
AcDbLine
 10
6.857979434896514
 20
23.69932610152132
 30
0.0
 11
6.7093951373677205
 21
23.745191097972047
 31
0.0
  0
LINE
  5
47A
330
17
100
AcDbEntity
  8
ENGRAVE_POLARS
100
AcDbLine
 10
6.7093951373677205
 20
23.745191097972047
 30
0.0
 11
6.554267053939709
 21
23.793523509076742
 31
0.0
  0
LINE
  5
47B
330
17
100
AcDbEntity
  8
ENGRAVE_POLARS
100
AcDbLine
 10
6.554267053939709
 20
23.793523509076742
 30
0.0
 11
6.389627528349119
 21
23.84641457723966
 31
0.0
  0
LINE
  5
47C
330
17
100
AcDbEntity
  8
ENGRAVE_POLARS
100
AcDbLine
 10
6.389627528349119
 20
23.84641457723966
 30
0.0
 11
6.2257029351182585
 21
23.901237002436975
 31
0.0
  0
LINE
  5
47D
330
17
100
AcDbEntity
  8
ENGRAVE_POLARS
100
AcDbLine
 10
6.2257029351182585
 20
23.901237002436975
 30
0.0
 11
6.07223841032136
 21
23.954037511121594
 31
0.0
  0
LINE
  5
47E
330
17
100
AcDbEntity
  8
ENGRAVE_POLARS
100
AcDbLine
 10
6.07223841032136
 20
23.954037511121594
 30
0.0
 11
5.925544440022938
 21
24.004918385412907
 31
0.0
  0
LINE
  5
47F
330
17
100
AcDbEntity
  8
ENGRAVE_POLARS
100
AcDbLine
 10
5.925544440022938
 20
24.004918385412907
 30
0.0
 11
5.781931510287507
 21
24.053981907430284
 31
0.0
  0
LINE
  5
480
330
17
100
AcDbEntity
  8
ENGRAVE_POLARS
100
AcDbLine
 10
5.781931510287507
 20
24.053981907430284
 30
0.0
 11
5.637710107179583
 21
24.101330359293108
 31
0.0
  0
LINE
  5
481
330
17
100
AcDbEntity
  8
ENGRAVE_POLARS
100
AcDbLine
 10
5.637710107179583
 20
24.101330359293108
 30
0.0
 11
5.48919071676368
 21
24.147066023120757
 31
0.0
  0
LINE
  5
482
330
17
100
AcDbEntity
  8
ENGRAVE_POLARS
100
AcDbLine
 10
5.48919071676368
 20
24.147066023120757
 30
0.0
 11
5.332683825104317
 21
24.19129118103261
 31
0.0
  0
LINE
  5
483
330
17
100
AcDbEntity
  8
ENGRAVE_POLARS
100
AcDbLine
 10
5.332683825104317
 20
24.19129118103261
 30
0.0
 11
5.1644999182660065
 21
24.234108115148043
 31
0.0
  0
LINE
  5
484
330
17
100
AcDbEntity
  8
ENGRAVE_POLARS
100
AcDbLine
 10
5.1644999182660065
 20
24.234108115148043
 30
0.0
 11
4.980949482313266
 21
24.275619107586444
 31
0.0
  0
LINE
  5
485
330
17
100
AcDbEntity
  8
ENGRAVE_POLARS
100
AcDbLine
 10
4.980949482313266
 20
24.275619107586444
 30
0.0
 11
4.778343003310609
 21
24.31592644046718
 31
0.0
  0
LINE
  5
486
330
17
100
AcDbEntity
  8
ENGRAVE_POLARS
100
AcDbLine
 10
4.778343003310609
 20
24.31592644046718
 30
0.0
 11
4.55299096732255
 21
24.35513239590964
 31
0.0
  0
LINE
  5
487
330
17
100
AcDbEntity
  8
ENGRAVE_POLARS
100
AcDbLine
 10
4.55299096732255
 20
24.35513239590964
 30
0.0
 11
4.301203860413609
 21
24.3933392560332
 31
0.0
  0
LINE
  5
488
330
17
100
AcDbEntity
  8
ENGRAVE_POLARS
100
AcDbLine
 10
4.301203860413609
 20
24.3933392560332
 30
0.0
 11
4.035099911635028
 21
24.431322303224185
 31
0.0
  0
LINE
  5
489
330
17
100
AcDbEntity
  8
ENGRAVE_POLARS
100
AcDbLine
 10
4.035099911635028
 20
24.431322303224185
 30
0.0
 11
3.7664156455854028
 21
24.469463318507295
 31
0.0
  0
LINE
  5
48A
330
17
100
AcDbEntity
  8
ENGRAVE_POLARS
100
AcDbLine
 10
3.7664156455854028
 20
24.469463318507295
 30
0.0
 11
3.4908889916502717
 21
24.507274331959472
 31
0.0
  0
LINE
  5
48B
330
17
100
AcDbEntity
  8
ENGRAVE_POLARS
100
AcDbLine
 10
3.4908889916502717
 20
24.507274331959472
 30
0.0
 11
3.2042578792151706
 21
24.54426737365766
 31
0.0
  0
LINE
  5
48C
330
17
100
AcDbEntity
  8
ENGRAVE_POLARS
100
AcDbLine
 10
3.2042578792151706
 20
24.54426737365766
 30
0.0
 11
2.9022602376656397
 21
24.579954473678825
 31
0.0
  0
LINE
  5
48D
330
17
100
AcDbEntity
  8
ENGRAVE_POLARS
100
AcDbLine
 10
2.9022602376656397
 20
24.579954473678825
 30
0.0
 11
2.580633996387215
 21
24.61384766209989
 31
0.0
  0
LINE
  5
48E
330
17
100
AcDbEntity
  8
ENGRAVE_POLARS
100
AcDbLine
 10
2.580633996387215
 20
24.61384766209989
 30
0.0
 11
2.2351170847654336
 21
24.645458968997808
 31
0.0
  0
LINE
  5
48F
330
17
100
AcDbEntity
  8
ENGRAVE_POLARS
100
AcDbLine
 10
2.2351170847654336
 20
24.645458968997808
 30
0.0
 11
1.8614474321858334
 21
24.67430042444953
 31
0.0
  0
LINE
  5
490
330
17
100
AcDbEntity
  8
ENGRAVE_POLARS
100
AcDbLine
 10
1.8614474321858334
 20
24.67430042444953
 30
0.0
 11
1.4553629680339535
 21
24.699884058532
 31
0.0
  0
LINE
  5
491
330
17
100
AcDbEntity
  8
ENGRAVE_POLARS
100
AcDbLine
 10
1.4553629680339535
 20
24.699884058532
 30
0.0
 11
1.012601621695329
 21
24.721721901322155
 31
0.0
  0
LINE
  5
492
330
17
100
AcDbEntity
  8
ENGRAVE_POLARS
100
AcDbLine
 10
1.012601621695329
 20
24.721721901322155
 30
0.0
 11
0.5289013225554993
 21
24.739325982896954
 31
0.0
  0
LINE
  5
493
330
17
100
AcDbEntity
  8
ENGRAVE_POLARS
100
AcDbLine
 10
0.5289013225554993
 20
24.739325982896954
 30
0.0
 11
1.5156356353622553e-15
 21
24.752208333333332
 31
0.0
  0
LINE
  5
494
330
17
100
AcDbEntity
  8
ENGRAVE_POLARS
100
AcDbLine
 10
1.5156356353622553e-15
 20
24.752208333333332
 30
0.0
 11
-0.5988128059715696
 21
24.76431624010116
 31
0.0
  0
LINE
  5
495
330
17
100
AcDbEntity
  8
ENGRAVE_POLARS
100
AcDbLine
 10
-0.5988128059715696
 20
24.76431624010116
 30
0.0
 11
-1.2786124019618763
 21
24.778693944233673
 31
0.0
  0
LINE
  5
496
330
17
100
AcDbEntity
  8
ENGRAVE_POLARS
100
AcDbLine
 10
-1.2786124019618763
 20
24.778693944233673
 30
0.0
 11
-2.023208128488767
 21
24.793498906152895
 31
0.0
  0
LINE
  5
497
330
17
100
AcDbEntity
  8
ENGRAVE_POLARS
100
AcDbLine
 10
-2.023208128488767
 20
24.793498906152895
 30
0.0
 11
-2.81640932607009
 21
24.806888586280845
 31
0.0
  0
LINE
  5
498
330
17
100
AcDbEntity
  8
ENGRAVE_POLARS
100
AcDbLine
 10
-2.81640932607009
 20
24.806888586280845
 30
0.0
 11
-3.6420253352236944
 21
24.817020445039546
 31
0.0
  0
LINE
  5
499
330
17
100
AcDbEntity
  8
ENGRAVE_POLARS
100
AcDbLine
 10
-3.6420253352236944
 20
24.817020445039546
 30
0.0
 11
-4.483865496467427
 21
24.822051942851004
 31
0.0
  0
LINE
  5
49A
330
17
100
AcDbEntity
  8
ENGRAVE_POLARS
100
AcDbLine
 10
-4.483865496467427
 20
24.822051942851004
 30
0.0
 11
-5.325739150319139
 21
24.820140540137245
 31
0.0
  0
LINE
  5
49B
330
17
100
AcDbEntity
  8
ENGRAVE_POLARS
100
AcDbLine
 10
-5.325739150319139
 20
24.820140540137245
 30
0.0
 11
-6.151455637296678
 21
24.809443697320294
 31
0.0
  0
LINE
  5
49C
330
17
100
AcDbEntity
  8
ENGRAVE_POLARS
100
AcDbLine
 10
-6.151455637296678
 20
24.809443697320294
 30
0.0
 11
-6.94482429791789
 21
24.788118874822164
 31
0.0
  0
LINE
  5
49D
330
17
100
AcDbEntity
  8
ENGRAVE_POLARS
100
AcDbLine
 10
-6.94482429791789
 20
24.788118874822164
 30
0.0
 11
-7.689654472700627
 21
24.75432353306487
 31
0.0
  0
LINE
  5
49E
330
17
100
AcDbEntity
  8
ENGRAVE_POLARS
100
AcDbLine
 10
-7.689654472700627
 20
24.75432353306487
 30
0.0
 11
-8.369755502162736
 21
24.706215132470426
 31
0.0
  0
LINE
  5
49F
330
17
100
AcDbEntity
  8
ENGRAVE_POLARS
100
AcDbLine
 10
-8.369755502162736
 20
24.706215132470426
 30
0.0
 11
-8.968936726822063
 21
24.641951133460868
 31
0.0
  0
LINE
  5
4A0
330
17
100
AcDbEntity
  8
ENGRAVE_POLARS
100
AcDbLine
 10
-8.968936726822063
 20
24.641951133460868
 30
0.0
 11
-9.489648609042183
 21
24.569196692853573
 31
0.0
  0
LINE
  5
4A1
330
17
100
AcDbEntity
  8
ENGRAVE_POLARS
100
AcDbLine
 10
-9.489648609042183
 20
24.569196692853573
 30
0.0
 11
-9.951113071580439
 21
24.494839680890156
 31
0.0
  0
LINE
  5
4A2
330
17
100
AcDbEntity
  8
ENGRAVE_POLARS
100
AcDbLine
 10
-9.951113071580439
 20
24.494839680890156
 30
0.0
 11
-10.362296645545344
 21
24.41587162812892
 31
0.0
  0
LINE
  5
4A3
330
17
100
AcDbEntity
  8
ENGRAVE_POLARS
100
AcDbLine
 10
-10.362296645545344
 20
24.41587162812892
 30
0.0
 11
-10.732165862045411
 21
24.329284065128178
 31
0.0
  0
LINE
  5
4A4
330
17
100
AcDbEntity
  8
ENGRAVE_POLARS
100
AcDbLine
 10
-10.732165862045411
 20
24.329284065128178
 30
0.0
 11
-11.069687252189153
 21
24.23206852244626
 31
0.0
  0
LINE
  5
4A5
330
17
100
AcDbEntity
  8
ENGRAVE_POLARS
100
AcDbLine
 10
-11.069687252189153
 20
24.23206852244626
 30
0.0
 11
-11.383827347085084
 21
24.121216530641487
 31
0.0
  0
LINE
  5
4A6
330
17
100
AcDbEntity
  8
ENGRAVE_POLARS
100
AcDbLine
 10
-11.383827347085084
 20
24.121216530641487
 30
0.0
 11
-11.683552677841714
 21
23.99371962027216
 31
0.0
  0
LINE
  5
4A7
330
17
100
AcDbEntity
  8
ENGRAVE_POLARS
100
AcDbLine
 10
-11.683552677841714
 20
23.99371962027216
 30
0.0
 11
-11.977829775567558
 21
23.84656932189661
 31
0.0
  0
LINE
  5
4A8
330
17
100
AcDbEntity
  8
ENGRAVE_POLARS
100
AcDbLine
 10
-11.977829775567558
 20
23.84656932189661
 30
0.0
 11
-12.275625171371129
 21
23.676757166073152
 31
0.0
  0
LINE
  5
4A9
330
17
100
AcDbEntity
  8
ENGRAVE_POLARS
100
AcDbLine
 10
-12.275625171371129
 20
23.676757166073152
 30
0.0
 11
-12.58590539636094
 21
23.4812746833601
 31
0.0
  0
LINE
  5
4AA
330
17
100
AcDbEntity
  8
ENGRAVE_POLARS
100
AcDbLine
 10
-12.58590539636094
 20
23.4812746833601
 30
0.0
 11
-12.9176369816455
 21
23.25711340431577
 31
0.0
  0
LINE
  5
4AB
330
17
100
AcDbEntity
  8
ENGRAVE_POLARS
100
AcDbLine
 10
-12.9176369816455
 20
23.25711340431577
 30
0.0
 11
-13.279786458333326
 21
23.00126485949849
 31
0.0
  0
LINE
  5
4AC
330
17
100
AcDbEntity
  8
ENGRAVE_POLARS
100
AcDbLine
 10
-13.279786458333326
 20
23.00126485949849
 30
0.0
 11
-13.67100601537728
 21
22.711066336692408
 31
0.0
  0
LINE
  5
4AD
330
17
100
AcDbEntity
  8
ENGRAVE_POLARS
100
AcDbLine
 10
-13.67100601537728
 20
22.711066336692408
 30
0.0
 11
-14.080656284538083
 21
22.388105349332914
 31
0.0
  0
LINE
  5
4AE
330
17
100
AcDbEntity
  8
ENGRAVE_POLARS
100
AcDbLine
 10
-14.080656284538083
 20
22.388105349332914
 30
0.0
 11
-14.50376646113602
 21
22.03574876645518
 31
0.0
  0
LINE
  5
4AF
330
17
100
AcDbEntity
  8
ENGRAVE_POLARS
100
AcDbLine
 10
-14.50376646113602
 20
22.03574876645518
 30
0.0
 11
-14.935365740491394
 21
21.657363457094363
 31
0.0
  0
LINE
  5
4B0
330
17
100
AcDbEntity
  8
ENGRAVE_POLARS
100
AcDbLine
 10
-14.935365740491394
 20
21.657363457094363
 30
0.0
 11
-15.37048331792449
 21
21.25631629028564
 31
0.0
  0
LINE
  5
4B1
330
17
100
AcDbEntity
  8
ENGRAVE_POLARS
100
AcDbLine
 10
-15.37048331792449
 20
21.25631629028564
 30
0.0
 11
-15.80414838875561
 21
20.835974135064173
 31
0.0
  0
LINE
  5
4B2
330
17
100
AcDbEntity
  8
ENGRAVE_POLARS
100
AcDbLine
 10
-15.80414838875561
 20
20.835974135064173
 30
0.0
 11
-16.231390148305042
 21
20.399703860465127
 31
0.0
  0
LINE
  5
4B3
330
17
100
AcDbEntity
  8
ENGRAVE_POLARS
100
AcDbLine
 10
-16.231390148305042
 20
20.399703860465127
 30
0.0
 11
-16.64723779189308
 21
19.95087233552368
 31
0.0
  0
LINE
  5
4B4
330
17
100
AcDbEntity
  8
ENGRAVE_POLARS
100
AcDbLine
 10
-16.64723779189308
 20
19.95087233552368
 30
0.0
 11
-17.04672051484002
 21
19.492846429274994
 31
0.0
  0
LINE
  5
4B5
330
17
100
AcDbEntity
  8
ENGRAVE_POLARS
100
AcDbLine
 10
-17.04672051484002
 20
19.492846429274994
 30
0.0
 11
-17.42486751246615
 21
19.028993010754235
 31
0.0
  0
LINE
  5
4B6
330
17
100
AcDbEntity
  8
ENGRAVE_POLARS
100
AcDbLine
 10
-17.42486751246615
 20
19.028993010754235
 30
0.0
 11
-17.776707980091764
 21
18.56267894899657
 31
0.0
  0
LINE
  5
4B7
330
17
100
AcDbEntity
  8
ENGRAVE_POLARS
100
AcDbLine
 10
-17.776707980091764
 20
18.56267894899657
 30
0.0
 11
-18.097271113037166
 21
18.09727111303717
 31
0.0
  0
LINE
  5
4B8
330
17
100
AcDbEntity
  8
ENGRAVE_POLARS
100
AcDbLine
 10
-18.097271113037166
 20
18.09727111303717
 30
0.0
 11
-18.391402267362306
 21
17.615422786356227
 31
0.0
  0
LINE
  5
4B9
330
17
100
AcDbEntity
  8
ENGRAVE_POLARS
100
AcDbLine
 10
-18.391402267362306
 20
17.615422786356227
 30
0.0
 11
-18.667607547483225
 21
17.10242220131187
 31
0.0
  0
LINE
  5
4BA
330
17
100
AcDbEntity
  8
ENGRAVE_POLARS
100
AcDbLine
 10
-18.667607547483225
 20
17.10242220131187
 30
0.0
 11
-18.926407271254277
 21
16.565588650256153
 31
0.0
  0
LINE
  5
4BB
330
17
100
AcDbEntity
  8
ENGRAVE_POLARS
100
AcDbLine
 10
-18.926407271254277
 20
16.565588650256153
 30
0.0
 11
-19.168321756529856
 21
16.01224142554114
 31
0.0
  0
LINE
  5
4BC
330
17
100
AcDbEntity
  8
ENGRAVE_POLARS
100
AcDbLine
 10
-19.168321756529856
 20
16.01224142554114
 30
0.0
 11
-19.393871321164333
 21
15.449699819518887
 31
0.0
  0
LINE
  5
4BD
330
17
100
AcDbEntity
  8
ENGRAVE_POLARS
100
AcDbLine
 10
-19.393871321164333
 20
15.449699819518887
 30
0.0
 11
-19.603576283012092
 21
14.885283124541454
 31
0.0
  0
LINE
  5
4BE
330
17
100
AcDbEntity
  8
ENGRAVE_POLARS
100
AcDbLine
 10
-19.603576283012092
 20
14.885283124541454
 30
0.0
 11
-19.797956959927504
 21
14.326310632960894
 31
0.0
  0
LINE
  5
4BF
330
17
100
AcDbEntity
  8
ENGRAVE_POLARS
100
AcDbLine
 10
-19.797956959927504
 20
14.326310632960894
 30
0.0
 11
-19.977533669764945
 21
13.780101637129272
 31
0.0
  0
LINE
  5
4C0
330
17
100
AcDbEntity
  8
ENGRAVE_POLARS
100
AcDbLine
 10
-19.977533669764945
 20
13.780101637129272
 30
0.0
 11
-20.1428267303788
 21
13.25397542939865
 31
0.0
  0
LINE
  5
4C1
330
17
100
AcDbEntity
  8
ENGRAVE_POLARS
100
AcDbLine
 10
-20.1428267303788
 20
13.25397542939865
 30
0.0
 11
-20.294356459623437
 21
12.755251302121078
 31
0.0
  0
LINE
  5
4C2
330
17
100
AcDbEntity
  8
ENGRAVE_POLARS
100
AcDbLine
 10
-20.294356459623437
 20
12.755251302121078
 30
0.0
 11
-20.432643175353242
 21
12.29124854764862
 31
0.0
  0
LINE
  5
4C3
330
17
100
AcDbEntity
  8
ENGRAVE_POLARS
100
AcDbLine
 10
-20.432643175353242
 20
12.29124854764862
 30
0.0
 11
-20.55820719542259
 21
11.869286458333331
 31
0.0
  0
LINE
  5
4C4
330
17
100
AcDbEntity
  8
ENGRAVE_POLARS
100
AcDbLine
 10
-20.55820719542259
 20
11.869286458333331
 30
0.0
 11
-20.665664932204006
 21
11.488824388929315
 31
0.0
  0
LINE
  5
4C5
330
17
100
AcDbEntity
  8
ENGRAVE_POLARS
100
AcDbLine
 10
-20.665664932204006
 20
11.488824388929315
 30
0.0
 11
-20.751022846820693
 21
11.141533609896022
 31
0.0
  0
LINE
  5
4C6
330
17
100
AcDbEntity
  8
ENGRAVE_POLARS
100
AcDbLine
 10
-20.751022846820693
 20
11.141533609896022
 30
0.0
 11
-20.816886330253023
 21
10.823051287143546
 31
0.0
  0
LINE
  5
4C7
330
17
100
AcDbEntity
  8
ENGRAVE_POLARS
100
AcDbLine
 10
-20.816886330253023
 20
10.823051287143546
 30
0.0
 11
-20.865860773481383
 21
10.529014586581978
 31
0.0
  0
LINE
  5
4C8
330
17
100
AcDbEntity
  8
ENGRAVE_POLARS
100
AcDbLine
 10
-20.865860773481383
 20
10.529014586581978
 30
0.0
 11
-20.900551567486154
 21
10.255060674121404
 31
0.0
  0
LINE
  5
4C9
330
17
100
AcDbEntity
  8
ENGRAVE_POLARS
100
AcDbLine
 10
-20.900551567486154
 20
10.255060674121404
 30
0.0
 11
-20.923564103247713
 21
9.996826715671913
 31
0.0
  0
LINE
  5
4CA
330
17
100
AcDbEntity
  8
ENGRAVE_POLARS
100
AcDbLine
 10
-20.923564103247713
 20
9.996826715671913
 30
0.0
 11
-20.937503771746442
 21
9.749949877143596
 31
0.0
  0
LINE
  5
4CB
330
17
100
AcDbEntity
  8
ENGRAVE_POLARS
100
AcDbLine
 10
-20.937503771746442
 20
9.749949877143596
 30
0.0
 11
-20.94497596396273
 21
9.510067324446544
 31
0.0
  0
LINE
  5
4CC
330
17
100
AcDbEntity
  8
ENGRAVE_POLARS
100
AcDbLine
 10
-20.94497596396273
 20
9.510067324446544
 30
0.0
 11
-20.94858607087695
 21
9.272816223490848
 31
0.0
  0
LINE
  5
4CD
330
17
100
AcDbEntity
  8
ENGRAVE_POLARS
100
AcDbLine
 10
-20.94858607087695
 20
9.272816223490848
 30
0.0
 11
-20.95093948346948
 21
9.033833740186594
 31
0.0
  0
LINE
  5
4CE
330
17
100
AcDbEntity
  8
ENGRAVE_POLARS
100
AcDbLine
 10
-20.95093948346948
 20
9.033833740186594
 30
0.0
 11
-20.954641592720705
 21
8.788757040443873
 31
0.0
  0
LINE
  5
4CF
330
17
100
AcDbEntity
  8
ENGRAVE_POLARS
100
AcDbLine
 10
-20.954641592720705
 20
8.788757040443873
 30
0.0
 11
-20.96229778961101
 21
8.533223290172776
 31
0.0
  0
LINE
  5
4D0
330
17
100
AcDbEntity
  8
ENGRAVE_POLARS
100
AcDbLine
 10
-20.96229778961101
 20
8.533223290172776
 30
0.0
 11
-20.970473297318307
 21
8.28186433897336
 31
0.0
  0
LINE
  5
4D1
330
17
100
AcDbEntity
  8
ENGRAVE_POLARS
100
AcDbLine
 10
-20.970473297318307
 20
8.28186433897336
 30
0.0
 11
-20.97414010406813
 21
8.048750819234655
 31
0.0
  0
LINE
  5
4D2
330
17
100
AcDbEntity
  8
ENGRAVE_POLARS
100
AcDbLine
 10
-20.97414010406813
 20
8.048750819234655
 30
0.0
 11
-20.97351374841228
 21
7.8286780710502075
 31
0.0
  0
LINE
  5
4D3
330
17
100
AcDbEntity
  8
ENGRAVE_POLARS
100
AcDbLine
 10
-20.97351374841228
 20
7.8286780710502075
 30
0.0
 11
-20.968809768902563
 21
7.6164414345135665
 31
0.0
  0
LINE
  5
4D4
330
17
100
AcDbEntity
  8
ENGRAVE_POLARS
100
AcDbLine
 10
-20.968809768902563
 20
7.6164414345135665
 30
0.0
 11
-20.960243704090775
 21
7.406836249718281
 31
0.0
  0
LINE
  5
4D5
330
17
100
AcDbEntity
  8
ENGRAVE_POLARS
100
AcDbLine
 10
-20.960243704090775
 20
7.406836249718281
 30
0.0
 11
-20.948031092528726
 21
7.194657856757895
 31
0.0
  0
LINE
  5
4D6
330
17
100
AcDbEntity
  8
ENGRAVE_POLARS
100
AcDbLine
 10
-20.948031092528726
 20
7.194657856757895
 30
0.0
 11
-20.932387472768216
 21
6.97470159572596
 31
0.0
  0
LINE
  5
4D7
330
17
100
AcDbEntity
  8
ENGRAVE_POLARS
100
AcDbLine
 10
-20.932387472768216
 20
6.97470159572596
 30
0.0
 11
-20.913528383361047
 21
6.74176280671602
 31
0.0
  0
LINE
  5
4D8
330
17
100
AcDbEntity
  8
ENGRAVE_POLARS
100
AcDbLine
 10
-20.913528383361047
 20
6.74176280671602
 30
0.0
 11
-20.891669362859023
 21
6.490636829821627
 31
0.0
  0
LINE
  5
4D9
330
17
100
AcDbEntity
  8
ENGRAVE_POLARS
100
AcDbLine
 10
-20.891669362859023
 20
6.490636829821627
 30
0.0
 11
-20.867025949813943
 21
6.216119005136325
 31
0.0
  0
LINE
  5
4DA
330
17
100
AcDbEntity
  8
ENGRAVE_POLARS
100
AcDbLine
 10
-20.867025949813943
 20
6.216119005136325
 30
0.0
 11
-20.839813682777606
 21
5.913004672753662
 31
0.0
  0
LINE
  5
4DB
330
17
100
AcDbEntity
  8
ENGRAVE_POLARS
100
AcDbLine
 10
-20.839813682777606
 20
5.913004672753662
 30
0.0
 11
-20.81024810030183
 21
5.576089172767187
 31
0.0
  0
LINE
  5
4DC
330
17
100
AcDbEntity
  8
ENGRAVE_POLARS
100
AcDbLine
 10
-20.81024810030183
 20
5.576089172767187
 30
0.0
 11
-20.774843849454957
 21
5.185360844943507
 31
0.0
  0
LINE
  5
4DD
330
17
100
AcDbEntity
  8
ENGRAVE_POLARS
100
AcDbLine
 10
-20.774843849454957
 20
5.185360844943507
 30
0.0
 11
-20.731147845405786
 21
4.733762807213869
 31
0.0
  0
LINE
  5
4DE
330
17
100
AcDbEntity
  8
ENGRAVE_POLARS
100
AcDbLine
 10
-20.731147845405786
 20
4.733762807213869
 30
0.0
 11
-20.680924028856804
 21
4.235522566918772
 31
0.0
  0
LINE
  5
4DF
330
17
100
AcDbEntity
  8
ENGRAVE_POLARS
100
AcDbLine
 10
-20.680924028856804
 20
4.235522566918772
 30
0.0
 11
-20.625936340510485
 21
3.704867631398718
 31
0.0
  0
LINE
  5
4E0
330
17
100
AcDbEntity
  8
ENGRAVE_POLARS
100
AcDbLine
 10
-20.625936340510485
 20
3.704867631398718
 30
0.0
 11
-20.56794872106931
 21
3.1560255079942086
 31
0.0
  0
LINE
  5
4E1
330
17
100
AcDbEntity
  8
ENGRAVE_POLARS
100
AcDbLine
 10
-20.56794872106931
 20
3.1560255079942086
 30
0.0
 11
-20.508725111235762
 21
2.603223704045745
 31
0.0
  0
LINE
  5
4E2
330
17
100
AcDbEntity
  8
ENGRAVE_POLARS
100
AcDbLine
 10
-20.508725111235762
 20
2.603223704045745
 30
0.0
 11
-20.450029451712307
 21
2.0606897268938287
 31
0.0
  0
LINE
  5
4E3
330
17
100
AcDbEntity
  8
ENGRAVE_POLARS
100
AcDbLine
 10
-20.450029451712307
 20
2.0606897268938287
 30
0.0
 11
-20.39362568320144
 21
1.5426510838789602
 31
0.0
  0
LINE
  5
4E4
330
17
100
AcDbEntity
  8
ENGRAVE_POLARS
100
AcDbLine
 10
-20.39362568320144
 20
1.5426510838789602
 30
0.0
 11
-20.341277746405627
 21
1.0633352823416435
 31
0.0
  0
LINE
  5
4E5
330
17
100
AcDbEntity
  8
ENGRAVE_POLARS
100
AcDbLine
 10
-20.341277746405627
 20
1.0633352823416435
 30
0.0
 11
-20.294749582027354
 21
0.6369698296223766
 31
0.0
  0
LINE
  5
4E6
330
17
100
AcDbEntity
  8
ENGRAVE_POLARS
100
AcDbLine
 10
-20.294749582027354
 20
0.6369698296223766
 30
0.0
 11
-20.255805130769094
 21
0.2777822330616623
 31
0.0
  0
LINE
  5
4E7
330
17
100
AcDbEntity
  8
ENGRAVE_POLARS
100
AcDbLine
 10
-20.255805130769094
 20
0.2777822330616623
 30
0.0
 11
-20.226208333333336
 21
2.4769961294304193e-15
 31
0.0
  0
LINE
  5
4E8
330
17
100
AcDbEntity
  8
ENGRAVE_POLARS
100
AcDbLine
 10
16.343843673092877
 20
-12.877464668284079
 30
0.0
 11
16.249041877625455
 21
-13.153022006062832
 31
0.0
  0
LINE
  5
4E9
330
17
100
AcDbEntity
  8
ENGRAVE_POLARS
100
AcDbLine
 10
16.249041877625455
 20
-13.153022006062832
 30
0.0
 11
16.13198322291743
 21
-13.511417334297121
 31
0.0
  0
LINE
  5
4EA
330
17
100
AcDbEntity
  8
ENGRAVE_POLARS
100
AcDbLine
 10
16.13198322291743
 20
-13.511417334297121
 30
0.0
 11
15.9954904140403
 21
-13.937770109580404
 31
0.0
  0
LINE
  5
4EB
330
17
100
AcDbEntity
  8
ENGRAVE_POLARS
100
AcDbLine
 10
15.9954904140403
 20
-13.937770109580404
 30
0.0
 11
15.842386156065567
 21
-14.417199788506135
 31
0.0
  0
LINE
  5
4EC
330
17
100
AcDbEntity
  8
ENGRAVE_POLARS
100
AcDbLine
 10
15.842386156065567
 20
-14.417199788506135
 30
0.0
 11
15.675493154064734
 21
-14.934825827667783
 31
0.0
  0
LINE
  5
4ED
330
17
100
AcDbEntity
  8
ENGRAVE_POLARS
100
AcDbLine
 10
15.675493154064734
 20
-14.934825827667783
 30
0.0
 11
15.49763411310929
 21
-15.475767683658802
 31
0.0
  0
LINE
  5
4EE
330
17
100
AcDbEntity
  8
ENGRAVE_POLARS
100
AcDbLine
 10
15.49763411310929
 20
-15.475767683658802
 30
0.0
 11
15.311631738270748
 21
-16.02514481307265
 31
0.0
  0
LINE
  5
4EF
330
17
100
AcDbEntity
  8
ENGRAVE_POLARS
100
AcDbLine
 10
15.311631738270748
 20
-16.02514481307265
 30
0.0
 11
15.1203087346206
 21
-16.568076672502794
 31
0.0
  0
LINE
  5
4F0
330
17
100
AcDbEntity
  8
ENGRAVE_POLARS
100
AcDbLine
 10
15.1203087346206
 20
-16.568076672502794
 30
0.0
 11
14.926487807230348
 21
-17.089682718542687
 31
0.0
  0
LINE
  5
4F1
330
17
100
AcDbEntity
  8
ENGRAVE_POLARS
100
AcDbLine
 10
14.926487807230348
 20
-17.089682718542687
 30
0.0
 11
14.732991661171493
 21
-17.57508240778579
 31
0.0
  0
LINE
  5
4F2
330
17
100
AcDbEntity
  8
ENGRAVE_POLARS
100
AcDbLine
 10
14.732991661171493
 20
-17.57508240778579
 30
0.0
 11
14.542643001515529
 21
-18.00939519682556
 31
0.0
  0
LINE
  5
4F3
330
17
100
AcDbEntity
  8
ENGRAVE_POLARS
100
AcDbLine
 10
14.542643001515529
 20
-18.00939519682556
 30
0.0
 11
14.358264533333964
 21
-18.37774054225547
 31
0.0
  0
LINE
  5
4F4
330
17
100
AcDbEntity
  8
ENGRAVE_POLARS
100
AcDbLine
 10
14.358264533333964
 20
-18.37774054225547
 30
0.0
 11
14.179483613974478
 21
-18.68829019847909
 31
0.0
  0
LINE
  5
4F5
330
17
100
AcDbEntity
  8
ENGRAVE_POLARS
100
AcDbLine
 10
14.179483613974478
 20
-18.68829019847909
 30
0.0
 11
14.002983792580334
 21
-18.962477692924033
 31
0.0
  0
LINE
  5
4F6
330
17
100
AcDbEntity
  8
ENGRAVE_POLARS
100
AcDbLine
 10
14.002983792580334
 20
-18.962477692924033
 30
0.0
 11
13.827172061916382
 21
-19.205315141719765
 31
0.0
  0
LINE
  5
4F7
330
17
100
AcDbEntity
  8
ENGRAVE_POLARS
100
AcDbLine
 10
13.827172061916382
 20
-19.205315141719765
 30
0.0
 11
13.650455414747476
 21
-19.421814660995775
 31
0.0
  0
LINE
  5
4F8
330
17
100
AcDbEntity
  8
ENGRAVE_POLARS
100
AcDbLine
 10
13.650455414747476
 20
-19.421814660995775
 30
0.0
 11
13.471240843838464
 21
-19.616988366881536
 31
0.0
  0
LINE
  5
4F9
330
17
100
AcDbEntity
  8
ENGRAVE_POLARS
100
AcDbLine
 10
13.471240843838464
 20
-19.616988366881536
 30
0.0
 11
13.287935341954197
 21
-19.79584837550652
 31
0.0
  0
LINE
  5
4FA
330
17
100
AcDbEntity
  8
ENGRAVE_POLARS
100
AcDbLine
 10
13.287935341954197
 20
-19.79584837550652
 30
0.0
 11
13.098945901859532
 21
-19.963406803000215
 31
0.0
  0
LINE
  5
4FB
330
17
100
AcDbEntity
  8
ENGRAVE_POLARS
100
AcDbLine
 10
13.098945901859532
 20
-19.963406803000215
 30
0.0
 11
12.902679516319315
 21
-20.1246757654921
 31
0.0
  0
LINE
  5
4FC
330
17
100
AcDbEntity
  8
ENGRAVE_POLARS
100
AcDbLine
 10
12.902679516319315
 20
-20.1246757654921
 30
0.0
 11
12.697543178098401
 21
-20.284667379111642
 31
0.0
  0
LINE
  5
4FD
330
17
100
AcDbEntity
  8
ENGRAVE_POLARS
100
AcDbLine
 10
12.697543178098401
 20
-20.284667379111642
 30
0.0
 11
12.481943879961644
 21
-20.44839375998833
 31
0.0
  0
LINE
  5
4FE
330
17
100
AcDbEntity
  8
ENGRAVE_POLARS
100
AcDbLine
 10
12.481943879961644
 20
-20.44839375998833
 30
0.0
 11
12.254288614673895
 21
-20.620867024251638
 31
0.0
  0
LINE
  5
4FF
330
17
100
AcDbEntity
  8
ENGRAVE_POLARS
100
AcDbLine
 10
12.254288614673895
 20
-20.620867024251638
 30
0.0
 11
12.012984375000002
 21
-20.80709928803105
 31
0.0
  0
LINE
  5
500
330
17
100
AcDbEntity
  8
ENGRAVE_POLARS
100
AcDbLine
 10
12.012984375000002
 20
-20.80709928803105
 30
0.0
 11
11.750662454881882
 21
-21.005277649170992
 31
0.0
  0
LINE
  5
501
330
17
100
AcDbEntity
  8
ENGRAVE_POLARS
100
AcDbLine
 10
11.750662454881882
 20
-21.005277649170992
 30
0.0
 11
11.464371503811826
 21
-21.20878067961305
 31
0.0
  0
LINE
  5
502
330
17
100
AcDbEntity
  8
ENGRAVE_POLARS
100
AcDbLine
 10
11.464371503811826
 20
-21.20878067961305
 30
0.0
 11
11.159144547880242
 21
-21.415407706632397
 31
0.0
  0
LINE
  5
503
330
17
100
AcDbEntity
  8
ENGRAVE_POLARS
100
AcDbLine
 10
11.159144547880242
 20
-21.415407706632397
 30
0.0
 11
10.840014613177551
 21
-21.622958057504228
 31
0.0
  0
LINE
  5
504
330
17
100
AcDbEntity
  8
ENGRAVE_POLARS
100
AcDbLine
 10
10.840014613177551
 20
-21.622958057504228
 30
0.0
 11
10.512014725794161
 21
-21.829231059503723
 31
0.0
  0
LINE
  5
505
330
17
100
AcDbEntity
  8
ENGRAVE_POLARS
100
AcDbLine
 10
10.512014725794161
 20
-21.829231059503723
 30
0.0
 11
10.18017791182049
 21
-22.032026039906064
 31
0.0
  0
LINE
  5
506
330
17
100
AcDbEntity
  8
ENGRAVE_POLARS
100
AcDbLine
 10
10.18017791182049
 20
-22.032026039906064
 30
0.0
 11
9.849537197346946
 21
-22.22914232598644
 31
0.0
  0
LINE
  5
507
330
17
100
AcDbEntity
  8
ENGRAVE_POLARS
100
AcDbLine
 10
9.849537197346946
 20
-22.22914232598644
 30
0.0
 11
9.525125608463945
 21
-22.418379245020038
 31
0.0
  0
LINE
  5
508
330
17
100
AcDbEntity
  8
ENGRAVE_POLARS
100
AcDbLine
 10
9.525125608463945
 20
-22.418379245020038
 30
0.0
 11
9.211976171261904
 21
-22.597536124282037
 31
0.0
  0
LINE
  5
509
330
17
100
AcDbEntity
  8
ENGRAVE_POLARS
100
AcDbLine
 10
9.211976171261904
 20
-22.597536124282037
 30
0.0
 11
8.915121911831232
 21
-22.764412291047623
 31
0.0
  0
LINE
  5
50A
330
17
100
AcDbEntity
  8
ENGRAVE_POLARS
100
AcDbLine
 10
8.915121911831232
 20
-22.764412291047623
 30
0.0
 11
8.639595856262344
 21
-22.916807072591986
 31
0.0
  0
LINE
  5
50B
330
17
100
AcDbEntity
  8
ENGRAVE_POLARS
100
AcDbLine
 10
8.639595856262344
 20
-22.916807072591986
 30
0.0
 11
8.390431030645654
 21
-23.052519796190303
 31
0.0
  0
LINE
  5
50C
330
17
100
AcDbEntity
  8
ENGRAVE_POLARS
100
AcDbLine
 10
8.390431030645654
 20
-23.052519796190303
 30
0.0
 11
8.16719627435851
 21
-23.170283968947057
 31
0.0
  0
LINE
  5
50D
330
17
100
AcDbEntity
  8
ENGRAVE_POLARS
100
AcDbLine
 10
8.16719627435851
 20
-23.170283968947057
 30
0.0
 11
7.964126638542412
 21
-23.271694374719424
 31
0.0
  0
LINE
  5
50E
330
17
100
AcDbEntity
  8
ENGRAVE_POLARS
100
AcDbLine
 10
7.964126638542412
 20
-23.271694374719424
 30
0.0
 11
7.778254466933994
 21
-23.358842255911675
 31
0.0
  0
LINE
  5
50F
330
17
100
AcDbEntity
  8
ENGRAVE_POLARS
100
AcDbLine
 10
7.778254466933994
 20
-23.358842255911675
 30
0.0
 11
7.606612103269897
 21
-23.433818854928074
 31
0.0
  0
LINE
  5
510
330
17
100
AcDbEntity
  8
ENGRAVE_POLARS
100
AcDbLine
 10
7.606612103269897
 20
-23.433818854928074
 30
0.0
 11
7.4462318912867556
 21
-23.498715414172878
 31
0.0
  0
LINE
  5
511
330
17
100
AcDbEntity
  8
ENGRAVE_POLARS
100
AcDbLine
 10
7.4462318912867556
 20
-23.498715414172878
 30
0.0
 11
7.2941461747212095
 21
-23.55562317605034
 31
0.0
  0
LINE
  5
512
330
17
100
AcDbEntity
  8
ENGRAVE_POLARS
100
AcDbLine
 10
7.2941461747212095
 20
-23.55562317605034
 30
0.0
 11
7.147387297309895
 21
-23.606633382964723
 31
0.0
  0
LINE
  5
513
330
17
100
AcDbEntity
  8
ENGRAVE_POLARS
100
AcDbLine
 10
7.147387297309895
 20
-23.606633382964723
 30
0.0
 11
7.0029876027894495
 21
-23.6538372773203
 31
0.0
  0
LINE
  5
514
330
17
100
AcDbEntity
  8
ENGRAVE_POLARS
100
AcDbLine
 10
7.0029876027894495
 20
-23.6538372773203
 30
0.0
 11
6.857979434896514
 21
-23.69932610152132
 31
0.0
  0
LINE
  5
515
330
17
100
AcDbEntity
  8
ENGRAVE_POLARS
100
AcDbLine
 10
6.857979434896514
 20
-23.69932610152132
 30
0.0
 11
6.7093951373677205
 21
-23.745191097972047
 31
0.0
  0
LINE
  5
516
330
17
100
AcDbEntity
  8
ENGRAVE_POLARS
100
AcDbLine
 10
6.7093951373677205
 20
-23.745191097972047
 30
0.0
 11
6.554267053939709
 21
-23.793523509076742
 31
0.0
  0
LINE
  5
517
330
17
100
AcDbEntity
  8
ENGRAVE_POLARS
100
AcDbLine
 10
6.554267053939709
 20
-23.793523509076742
 30
0.0
 11
6.389627528349119
 21
-23.84641457723966
 31
0.0
  0
LINE
  5
518
330
17
100
AcDbEntity
  8
ENGRAVE_POLARS
100
AcDbLine
 10
6.389627528349119
 20
-23.84641457723966
 30
0.0
 11
6.2257029351182585
 21
-23.901237002436975
 31
0.0
  0
LINE
  5
519
330
17
100
AcDbEntity
  8
ENGRAVE_POLARS
100
AcDbLine
 10
6.2257029351182585
 20
-23.901237002436975
 30
0.0
 11
6.07223841032136
 21
-23.954037511121594
 31
0.0
  0
LINE
  5
51A
330
17
100
AcDbEntity
  8
ENGRAVE_POLARS
100
AcDbLine
 10
6.07223841032136
 20
-23.954037511121594
 30
0.0
 11
5.925544440022938
 21
-24.004918385412907
 31
0.0
  0
LINE
  5
51B
330
17
100
AcDbEntity
  8
ENGRAVE_POLARS
100
AcDbLine
 10
5.925544440022938
 20
-24.004918385412907
 30
0.0
 11
5.781931510287507
 21
-24.053981907430284
 31
0.0
  0
LINE
  5
51C
330
17
100
AcDbEntity
  8
ENGRAVE_POLARS
100
AcDbLine
 10
5.781931510287507
 20
-24.053981907430284
 30
0.0
 11
5.637710107179583
 21
-24.101330359293108
 31
0.0
  0
LINE
  5
51D
330
17
100
AcDbEntity
  8
ENGRAVE_POLARS
100
AcDbLine
 10
5.637710107179583
 20
-24.101330359293108
 30
0.0
 11
5.48919071676368
 21
-24.147066023120757
 31
0.0
  0
LINE
  5
51E
330
17
100
AcDbEntity
  8
ENGRAVE_POLARS
100
AcDbLine
 10
5.48919071676368
 20
-24.147066023120757
 30
0.0
 11
5.332683825104317
 21
-24.19129118103261
 31
0.0
  0
LINE
  5
51F
330
17
100
AcDbEntity
  8
ENGRAVE_POLARS
100
AcDbLine
 10
5.332683825104317
 20
-24.19129118103261
 30
0.0
 11
5.1644999182660065
 21
-24.234108115148043
 31
0.0
  0
LINE
  5
520
330
17
100
AcDbEntity
  8
ENGRAVE_POLARS
100
AcDbLine
 10
5.1644999182660065
 20
-24.234108115148043
 30
0.0
 11
4.980949482313266
 21
-24.275619107586444
 31
0.0
  0
LINE
  5
521
330
17
100
AcDbEntity
  8
ENGRAVE_POLARS
100
AcDbLine
 10
4.980949482313266
 20
-24.275619107586444
 30
0.0
 11
4.778343003310609
 21
-24.31592644046718
 31
0.0
  0
LINE
  5
522
330
17
100
AcDbEntity
  8
ENGRAVE_POLARS
100
AcDbLine
 10
4.778343003310609
 20
-24.31592644046718
 30
0.0
 11
4.55299096732255
 21
-24.35513239590964
 31
0.0
  0
LINE
  5
523
330
17
100
AcDbEntity
  8
ENGRAVE_POLARS
100
AcDbLine
 10
4.55299096732255
 20
-24.35513239590964
 30
0.0
 11
4.301203860413609
 21
-24.3933392560332
 31
0.0
  0
LINE
  5
524
330
17
100
AcDbEntity
  8
ENGRAVE_POLARS
100
AcDbLine
 10
4.301203860413609
 20
-24.3933392560332
 30
0.0
 11
4.035099911635028
 21
-24.431322303224185
 31
0.0
  0
LINE
  5
525
330
17
100
AcDbEntity
  8
ENGRAVE_POLARS
100
AcDbLine
 10
4.035099911635028
 20
-24.431322303224185
 30
0.0
 11
3.7664156455854028
 21
-24.469463318507295
 31
0.0
  0
LINE
  5
526
330
17
100
AcDbEntity
  8
ENGRAVE_POLARS
100
AcDbLine
 10
3.7664156455854028
 20
-24.469463318507295
 30
0.0
 11
3.4908889916502717
 21
-24.507274331959472
 31
0.0
  0
LINE
  5
527
330
17
100
AcDbEntity
  8
ENGRAVE_POLARS
100
AcDbLine
 10
3.4908889916502717
 20
-24.507274331959472
 30
0.0
 11
3.2042578792151706
 21
-24.54426737365766
 31
0.0
  0
LINE
  5
528
330
17
100
AcDbEntity
  8
ENGRAVE_POLARS
100
AcDbLine
 10
3.2042578792151706
 20
-24.54426737365766
 30
0.0
 11
2.9022602376656397
 21
-24.579954473678825
 31
0.0
  0
LINE
  5
529
330
17
100
AcDbEntity
  8
ENGRAVE_POLARS
100
AcDbLine
 10
2.9022602376656397
 20
-24.579954473678825
 30
0.0
 11
2.580633996387215
 21
-24.61384766209989
 31
0.0
  0
LINE
  5
52A
330
17
100
AcDbEntity
  8
ENGRAVE_POLARS
100
AcDbLine
 10
2.580633996387215
 20
-24.61384766209989
 30
0.0
 11
2.2351170847654336
 21
-24.645458968997808
 31
0.0
  0
LINE
  5
52B
330
17
100
AcDbEntity
  8
ENGRAVE_POLARS
100
AcDbLine
 10
2.2351170847654336
 20
-24.645458968997808
 30
0.0
 11
1.8614474321858334
 21
-24.67430042444953
 31
0.0
  0
LINE
  5
52C
330
17
100
AcDbEntity
  8
ENGRAVE_POLARS
100
AcDbLine
 10
1.8614474321858334
 20
-24.67430042444953
 30
0.0
 11
1.4553629680339535
 21
-24.699884058532
 31
0.0
  0
LINE
  5
52D
330
17
100
AcDbEntity
  8
ENGRAVE_POLARS
100
AcDbLine
 10
1.4553629680339535
 20
-24.699884058532
 30
0.0
 11
1.012601621695329
 21
-24.721721901322155
 31
0.0
  0
LINE
  5
52E
330
17
100
AcDbEntity
  8
ENGRAVE_POLARS
100
AcDbLine
 10
1.012601621695329
 20
-24.721721901322155
 30
0.0
 11
0.5289013225554993
 21
-24.739325982896954
 31
0.0
  0
LINE
  5
52F
330
17
100
AcDbEntity
  8
ENGRAVE_POLARS
100
AcDbLine
 10
0.5289013225554993
 20
-24.739325982896954
 30
0.0
 11
1.5156356353622553e-15
 21
-24.752208333333332
 31
0.0
  0
LINE
  5
530
330
17
100
AcDbEntity
  8
ENGRAVE_POLARS
100
AcDbLine
 10
1.5156356353622553e-15
 20
-24.752208333333332
 30
0.0
 11
-0.5988128059715696
 21
-24.76431624010116
 31
0.0
  0
LINE
  5
531
330
17
100
AcDbEntity
  8
ENGRAVE_POLARS
100
AcDbLine
 10
-0.5988128059715696
 20
-24.76431624010116
 30
0.0
 11
-1.2786124019618763
 21
-24.778693944233673
 31
0.0
  0
LINE
  5
532
330
17
100
AcDbEntity
  8
ENGRAVE_POLARS
100
AcDbLine
 10
-1.2786124019618763
 20
-24.778693944233673
 30
0.0
 11
-2.023208128488767
 21
-24.793498906152895
 31
0.0
  0
LINE
  5
533
330
17
100
AcDbEntity
  8
ENGRAVE_POLARS
100
AcDbLine
 10
-2.023208128488767
 20
-24.793498906152895
 30
0.0
 11
-2.81640932607009
 21
-24.806888586280845
 31
0.0
  0
LINE
  5
534
330
17
100
AcDbEntity
  8
ENGRAVE_POLARS
100
AcDbLine
 10
-2.81640932607009
 20
-24.806888586280845
 30
0.0
 11
-3.6420253352236944
 21
-24.817020445039546
 31
0.0
  0
LINE
  5
535
330
17
100
AcDbEntity
  8
ENGRAVE_POLARS
100
AcDbLine
 10
-3.6420253352236944
 20
-24.817020445039546
 30
0.0
 11
-4.483865496467427
 21
-24.822051942851004
 31
0.0
  0
LINE
  5
536
330
17
100
AcDbEntity
  8
ENGRAVE_POLARS
100
AcDbLine
 10
-4.483865496467427
 20
-24.822051942851004
 30
0.0
 11
-5.325739150319139
 21
-24.820140540137245
 31
0.0
  0
LINE
  5
537
330
17
100
AcDbEntity
  8
ENGRAVE_POLARS
100
AcDbLine
 10
-5.325739150319139
 20
-24.820140540137245
 30
0.0
 11
-6.151455637296678
 21
-24.809443697320294
 31
0.0
  0
LINE
  5
538
330
17
100
AcDbEntity
  8
ENGRAVE_POLARS
100
AcDbLine
 10
-6.151455637296678
 20
-24.809443697320294
 30
0.0
 11
-6.94482429791789
 21
-24.788118874822164
 31
0.0
  0
LINE
  5
539
330
17
100
AcDbEntity
  8
ENGRAVE_POLARS
100
AcDbLine
 10
-6.94482429791789
 20
-24.788118874822164
 30
0.0
 11
-7.689654472700627
 21
-24.75432353306487
 31
0.0
  0
LINE
  5
53A
330
17
100
AcDbEntity
  8
ENGRAVE_POLARS
100
AcDbLine
 10
-7.689654472700627
 20
-24.75432353306487
 30
0.0
 11
-8.369755502162736
 21
-24.706215132470426
 31
0.0
  0
LINE
  5
53B
330
17
100
AcDbEntity
  8
ENGRAVE_POLARS
100
AcDbLine
 10
-8.369755502162736
 20
-24.706215132470426
 30
0.0
 11
-8.968936726822063
 21
-24.641951133460868
 31
0.0
  0
LINE
  5
53C
330
17
100
AcDbEntity
  8
ENGRAVE_POLARS
100
AcDbLine
 10
-8.968936726822063
 20
-24.641951133460868
 30
0.0
 11
-9.489648609042183
 21
-24.569196692853573
 31
0.0
  0
LINE
  5
53D
330
17
100
AcDbEntity
  8
ENGRAVE_POLARS
100
AcDbLine
 10
-9.489648609042183
 20
-24.569196692853573
 30
0.0
 11
-9.951113071580439
 21
-24.494839680890156
 31
0.0
  0
LINE
  5
53E
330
17
100
AcDbEntity
  8
ENGRAVE_POLARS
100
AcDbLine
 10
-9.951113071580439
 20
-24.494839680890156
 30
0.0
 11
-10.362296645545344
 21
-24.41587162812892
 31
0.0
  0
LINE
  5
53F
330
17
100
AcDbEntity
  8
ENGRAVE_POLARS
100
AcDbLine
 10
-10.362296645545344
 20
-24.41587162812892
 30
0.0
 11
-10.732165862045411
 21
-24.329284065128178
 31
0.0
  0
LINE
  5
540
330
17
100
AcDbEntity
  8
ENGRAVE_POLARS
100
AcDbLine
 10
-10.732165862045411
 20
-24.329284065128178
 30
0.0
 11
-11.069687252189153
 21
-24.23206852244626
 31
0.0
  0
LINE
  5
541
330
17
100
AcDbEntity
  8
ENGRAVE_POLARS
100
AcDbLine
 10
-11.069687252189153
 20
-24.23206852244626
 30
0.0
 11
-11.383827347085084
 21
-24.121216530641487
 31
0.0
  0
LINE
  5
542
330
17
100
AcDbEntity
  8
ENGRAVE_POLARS
100
AcDbLine
 10
-11.383827347085084
 20
-24.121216530641487
 30
0.0
 11
-11.683552677841714
 21
-23.99371962027216
 31
0.0
  0
LINE
  5
543
330
17
100
AcDbEntity
  8
ENGRAVE_POLARS
100
AcDbLine
 10
-11.683552677841714
 20
-23.99371962027216
 30
0.0
 11
-11.977829775567558
 21
-23.84656932189661
 31
0.0
  0
LINE
  5
544
330
17
100
AcDbEntity
  8
ENGRAVE_POLARS
100
AcDbLine
 10
-11.977829775567558
 20
-23.84656932189661
 30
0.0
 11
-12.275625171371129
 21
-23.676757166073152
 31
0.0
  0
LINE
  5
545
330
17
100
AcDbEntity
  8
ENGRAVE_POLARS
100
AcDbLine
 10
-12.275625171371129
 20
-23.676757166073152
 30
0.0
 11
-12.58590539636094
 21
-23.4812746833601
 31
0.0
  0
LINE
  5
546
330
17
100
AcDbEntity
  8
ENGRAVE_POLARS
100
AcDbLine
 10
-12.58590539636094
 20
-23.4812746833601
 30
0.0
 11
-12.9176369816455
 21
-23.25711340431577
 31
0.0
  0
LINE
  5
547
330
17
100
AcDbEntity
  8
ENGRAVE_POLARS
100
AcDbLine
 10
-12.9176369816455
 20
-23.25711340431577
 30
0.0
 11
-13.279786458333326
 21
-23.00126485949849
 31
0.0
  0
LINE
  5
548
330
17
100
AcDbEntity
  8
ENGRAVE_POLARS
100
AcDbLine
 10
-13.279786458333326
 20
-23.00126485949849
 30
0.0
 11
-13.67100601537728
 21
-22.711066336692408
 31
0.0
  0
LINE
  5
549
330
17
100
AcDbEntity
  8
ENGRAVE_POLARS
100
AcDbLine
 10
-13.67100601537728
 20
-22.711066336692408
 30
0.0
 11
-14.080656284538083
 21
-22.388105349332914
 31
0.0
  0
LINE
  5
54A
330
17
100
AcDbEntity
  8
ENGRAVE_POLARS
100
AcDbLine
 10
-14.080656284538083
 20
-22.388105349332914
 30
0.0
 11
-14.50376646113602
 21
-22.03574876645518
 31
0.0
  0
LINE
  5
54B
330
17
100
AcDbEntity
  8
ENGRAVE_POLARS
100
AcDbLine
 10
-14.50376646113602
 20
-22.03574876645518
 30
0.0
 11
-14.935365740491394
 21
-21.657363457094363
 31
0.0
  0
LINE
  5
54C
330
17
100
AcDbEntity
  8
ENGRAVE_POLARS
100
AcDbLine
 10
-14.935365740491394
 20
-21.657363457094363
 30
0.0
 11
-15.37048331792449
 21
-21.25631629028564
 31
0.0
  0
LINE
  5
54D
330
17
100
AcDbEntity
  8
ENGRAVE_POLARS
100
AcDbLine
 10
-15.37048331792449
 20
-21.25631629028564
 30
0.0
 11
-15.80414838875561
 21
-20.835974135064173
 31
0.0
  0
LINE
  5
54E
330
17
100
AcDbEntity
  8
ENGRAVE_POLARS
100
AcDbLine
 10
-15.80414838875561
 20
-20.835974135064173
 30
0.0
 11
-16.231390148305042
 21
-20.399703860465127
 31
0.0
  0
LINE
  5
54F
330
17
100
AcDbEntity
  8
ENGRAVE_POLARS
100
AcDbLine
 10
-16.231390148305042
 20
-20.399703860465127
 30
0.0
 11
-16.64723779189308
 21
-19.95087233552368
 31
0.0
  0
LINE
  5
550
330
17
100
AcDbEntity
  8
ENGRAVE_POLARS
100
AcDbLine
 10
-16.64723779189308
 20
-19.95087233552368
 30
0.0
 11
-17.04672051484002
 21
-19.492846429274994
 31
0.0
  0
LINE
  5
551
330
17
100
AcDbEntity
  8
ENGRAVE_POLARS
100
AcDbLine
 10
-17.04672051484002
 20
-19.492846429274994
 30
0.0
 11
-17.42486751246615
 21
-19.028993010754235
 31
0.0
  0
LINE
  5
552
330
17
100
AcDbEntity
  8
ENGRAVE_POLARS
100
AcDbLine
 10
-17.42486751246615
 20
-19.028993010754235
 30
0.0
 11
-17.776707980091764
 21
-18.56267894899657
 31
0.0
  0
LINE
  5
553
330
17
100
AcDbEntity
  8
ENGRAVE_POLARS
100
AcDbLine
 10
-17.776707980091764
 20
-18.56267894899657
 30
0.0
 11
-18.097271113037166
 21
-18.09727111303717
 31
0.0
  0
LINE
  5
554
330
17
100
AcDbEntity
  8
ENGRAVE_POLARS
100
AcDbLine
 10
-18.097271113037166
 20
-18.09727111303717
 30
0.0
 11
-18.391402267362306
 21
-17.615422786356227
 31
0.0
  0
LINE
  5
555
330
17
100
AcDbEntity
  8
ENGRAVE_POLARS
100
AcDbLine
 10
-18.391402267362306
 20
-17.615422786356227
 30
0.0
 11
-18.667607547483225
 21
-17.10242220131187
 31
0.0
  0
LINE
  5
556
330
17
100
AcDbEntity
  8
ENGRAVE_POLARS
100
AcDbLine
 10
-18.667607547483225
 20
-17.10242220131187
 30
0.0
 11
-18.926407271254277
 21
-16.565588650256153
 31
0.0
  0
LINE
  5
557
330
17
100
AcDbEntity
  8
ENGRAVE_POLARS
100
AcDbLine
 10
-18.926407271254277
 20
-16.565588650256153
 30
0.0
 11
-19.168321756529856
 21
-16.01224142554114
 31
0.0
  0
LINE
  5
558
330
17
100
AcDbEntity
  8
ENGRAVE_POLARS
100
AcDbLine
 10
-19.168321756529856
 20
-16.01224142554114
 30
0.0
 11
-19.393871321164333
 21
-15.449699819518887
 31
0.0
  0
LINE
  5
559
330
17
100
AcDbEntity
  8
ENGRAVE_POLARS
100
AcDbLine
 10
-19.393871321164333
 20
-15.449699819518887
 30
0.0
 11
-19.603576283012092
 21
-14.885283124541454
 31
0.0
  0
LINE
  5
55A
330
17
100
AcDbEntity
  8
ENGRAVE_POLARS
100
AcDbLine
 10
-19.603576283012092
 20
-14.885283124541454
 30
0.0
 11
-19.797956959927504
 21
-14.326310632960894
 31
0.0
  0
LINE
  5
55B
330
17
100
AcDbEntity
  8
ENGRAVE_POLARS
100
AcDbLine
 10
-19.797956959927504
 20
-14.326310632960894
 30
0.0
 11
-19.977533669764945
 21
-13.780101637129272
 31
0.0
  0
LINE
  5
55C
330
17
100
AcDbEntity
  8
ENGRAVE_POLARS
100
AcDbLine
 10
-19.977533669764945
 20
-13.780101637129272
 30
0.0
 11
-20.1428267303788
 21
-13.25397542939865
 31
0.0
  0
LINE
  5
55D
330
17
100
AcDbEntity
  8
ENGRAVE_POLARS
100
AcDbLine
 10
-20.1428267303788
 20
-13.25397542939865
 30
0.0
 11
-20.294356459623437
 21
-12.755251302121078
 31
0.0
  0
LINE
  5
55E
330
17
100
AcDbEntity
  8
ENGRAVE_POLARS
100
AcDbLine
 10
-20.294356459623437
 20
-12.755251302121078
 30
0.0
 11
-20.432643175353242
 21
-12.29124854764862
 31
0.0
  0
LINE
  5
55F
330
17
100
AcDbEntity
  8
ENGRAVE_POLARS
100
AcDbLine
 10
-20.432643175353242
 20
-12.29124854764862
 30
0.0
 11
-20.55820719542259
 21
-11.869286458333331
 31
0.0
  0
LINE
  5
560
330
17
100
AcDbEntity
  8
ENGRAVE_POLARS
100
AcDbLine
 10
-20.55820719542259
 20
-11.869286458333331
 30
0.0
 11
-20.665664932204006
 21
-11.488824388929315
 31
0.0
  0
LINE
  5
561
330
17
100
AcDbEntity
  8
ENGRAVE_POLARS
100
AcDbLine
 10
-20.665664932204006
 20
-11.488824388929315
 30
0.0
 11
-20.751022846820693
 21
-11.141533609896022
 31
0.0
  0
LINE
  5
562
330
17
100
AcDbEntity
  8
ENGRAVE_POLARS
100
AcDbLine
 10
-20.751022846820693
 20
-11.141533609896022
 30
0.0
 11
-20.816886330253023
 21
-10.823051287143546
 31
0.0
  0
LINE
  5
563
330
17
100
AcDbEntity
  8
ENGRAVE_POLARS
100
AcDbLine
 10
-20.816886330253023
 20
-10.823051287143546
 30
0.0
 11
-20.865860773481383
 21
-10.529014586581978
 31
0.0
  0
LINE
  5
564
330
17
100
AcDbEntity
  8
ENGRAVE_POLARS
100
AcDbLine
 10
-20.865860773481383
 20
-10.529014586581978
 30
0.0
 11
-20.900551567486154
 21
-10.255060674121404
 31
0.0
  0
LINE
  5
565
330
17
100
AcDbEntity
  8
ENGRAVE_POLARS
100
AcDbLine
 10
-20.900551567486154
 20
-10.255060674121404
 30
0.0
 11
-20.923564103247713
 21
-9.996826715671913
 31
0.0
  0
LINE
  5
566
330
17
100
AcDbEntity
  8
ENGRAVE_POLARS
100
AcDbLine
 10
-20.923564103247713
 20
-9.996826715671913
 30
0.0
 11
-20.937503771746442
 21
-9.749949877143596
 31
0.0
  0
LINE
  5
567
330
17
100
AcDbEntity
  8
ENGRAVE_POLARS
100
AcDbLine
 10
-20.937503771746442
 20
-9.749949877143596
 30
0.0
 11
-20.94497596396273
 21
-9.510067324446544
 31
0.0
  0
LINE
  5
568
330
17
100
AcDbEntity
  8
ENGRAVE_POLARS
100
AcDbLine
 10
-20.94497596396273
 20
-9.510067324446544
 30
0.0
 11
-20.94858607087695
 21
-9.272816223490848
 31
0.0
  0
LINE
  5
569
330
17
100
AcDbEntity
  8
ENGRAVE_POLARS
100
AcDbLine
 10
-20.94858607087695
 20
-9.272816223490848
 30
0.0
 11
-20.95093948346948
 21
-9.033833740186594
 31
0.0
  0
LINE
  5
56A
330
17
100
AcDbEntity
  8
ENGRAVE_POLARS
100
AcDbLine
 10
-20.95093948346948
 20
-9.033833740186594
 30
0.0
 11
-20.954641592720705
 21
-8.788757040443873
 31
0.0
  0
LINE
  5
56B
330
17
100
AcDbEntity
  8
ENGRAVE_POLARS
100
AcDbLine
 10
-20.954641592720705
 20
-8.788757040443873
 30
0.0
 11
-20.96229778961101
 21
-8.533223290172776
 31
0.0
  0
LINE
  5
56C
330
17
100
AcDbEntity
  8
ENGRAVE_POLARS
100
AcDbLine
 10
-20.96229778961101
 20
-8.533223290172776
 30
0.0
 11
-20.970473297318307
 21
-8.28186433897336
 31
0.0
  0
LINE
  5
56D
330
17
100
AcDbEntity
  8
ENGRAVE_POLARS
100
AcDbLine
 10
-20.970473297318307
 20
-8.28186433897336
 30
0.0
 11
-20.97414010406813
 21
-8.048750819234655
 31
0.0
  0
LINE
  5
56E
330
17
100
AcDbEntity
  8
ENGRAVE_POLARS
100
AcDbLine
 10
-20.97414010406813
 20
-8.048750819234655
 30
0.0
 11
-20.97351374841228
 21
-7.8286780710502075
 31
0.0
  0
LINE
  5
56F
330
17
100
AcDbEntity
  8
ENGRAVE_POLARS
100
AcDbLine
 10
-20.97351374841228
 20
-7.8286780710502075
 30
0.0
 11
-20.968809768902563
 21
-7.6164414345135665
 31
0.0
  0
LINE
  5
570
330
17
100
AcDbEntity
  8
ENGRAVE_POLARS
100
AcDbLine
 10
-20.968809768902563
 20
-7.6164414345135665
 30
0.0
 11
-20.960243704090775
 21
-7.406836249718281
 31
0.0
  0
LINE
  5
571
330
17
100
AcDbEntity
  8
ENGRAVE_POLARS
100
AcDbLine
 10
-20.960243704090775
 20
-7.406836249718281
 30
0.0
 11
-20.948031092528726
 21
-7.194657856757895
 31
0.0
  0
LINE
  5
572
330
17
100
AcDbEntity
  8
ENGRAVE_POLARS
100
AcDbLine
 10
-20.948031092528726
 20
-7.194657856757895
 30
0.0
 11
-20.932387472768216
 21
-6.97470159572596
 31
0.0
  0
LINE
  5
573
330
17
100
AcDbEntity
  8
ENGRAVE_POLARS
100
AcDbLine
 10
-20.932387472768216
 20
-6.97470159572596
 30
0.0
 11
-20.913528383361047
 21
-6.74176280671602
 31
0.0
  0
LINE
  5
574
330
17
100
AcDbEntity
  8
ENGRAVE_POLARS
100
AcDbLine
 10
-20.913528383361047
 20
-6.74176280671602
 30
0.0
 11
-20.891669362859023
 21
-6.490636829821627
 31
0.0
  0
LINE
  5
575
330
17
100
AcDbEntity
  8
ENGRAVE_POLARS
100
AcDbLine
 10
-20.891669362859023
 20
-6.490636829821627
 30
0.0
 11
-20.867025949813943
 21
-6.216119005136325
 31
0.0
  0
LINE
  5
576
330
17
100
AcDbEntity
  8
ENGRAVE_POLARS
100
AcDbLine
 10
-20.867025949813943
 20
-6.216119005136325
 30
0.0
 11
-20.839813682777606
 21
-5.913004672753662
 31
0.0
  0
LINE
  5
577
330
17
100
AcDbEntity
  8
ENGRAVE_POLARS
100
AcDbLine
 10
-20.839813682777606
 20
-5.913004672753662
 30
0.0
 11
-20.81024810030183
 21
-5.576089172767187
 31
0.0
  0
LINE
  5
578
330
17
100
AcDbEntity
  8
ENGRAVE_POLARS
100
AcDbLine
 10
-20.81024810030183
 20
-5.576089172767187
 30
0.0
 11
-20.774843849454957
 21
-5.185360844943507
 31
0.0
  0
LINE
  5
579
330
17
100
AcDbEntity
  8
ENGRAVE_POLARS
100
AcDbLine
 10
-20.774843849454957
 20
-5.185360844943507
 30
0.0
 11
-20.731147845405786
 21
-4.733762807213869
 31
0.0
  0
LINE
  5
57A
330
17
100
AcDbEntity
  8
ENGRAVE_POLARS
100
AcDbLine
 10
-20.731147845405786
 20
-4.733762807213869
 30
0.0
 11
-20.680924028856804
 21
-4.235522566918772
 31
0.0
  0
LINE
  5
57B
330
17
100
AcDbEntity
  8
ENGRAVE_POLARS
100
AcDbLine
 10
-20.680924028856804
 20
-4.235522566918772
 30
0.0
 11
-20.625936340510485
 21
-3.704867631398718
 31
0.0
  0
LINE
  5
57C
330
17
100
AcDbEntity
  8
ENGRAVE_POLARS
100
AcDbLine
 10
-20.625936340510485
 20
-3.704867631398718
 30
0.0
 11
-20.56794872106931
 21
-3.1560255079942086
 31
0.0
  0
LINE
  5
57D
330
17
100
AcDbEntity
  8
ENGRAVE_POLARS
100
AcDbLine
 10
-20.56794872106931
 20
-3.1560255079942086
 30
0.0
 11
-20.508725111235762
 21
-2.603223704045745
 31
0.0
  0
LINE
  5
57E
330
17
100
AcDbEntity
  8
ENGRAVE_POLARS
100
AcDbLine
 10
-20.508725111235762
 20
-2.603223704045745
 30
0.0
 11
-20.450029451712307
 21
-2.0606897268938287
 31
0.0
  0
LINE
  5
57F
330
17
100
AcDbEntity
  8
ENGRAVE_POLARS
100
AcDbLine
 10
-20.450029451712307
 20
-2.0606897268938287
 30
0.0
 11
-20.39362568320144
 21
-1.5426510838789602
 31
0.0
  0
LINE
  5
580
330
17
100
AcDbEntity
  8
ENGRAVE_POLARS
100
AcDbLine
 10
-20.39362568320144
 20
-1.5426510838789602
 30
0.0
 11
-20.341277746405627
 21
-1.0633352823416435
 31
0.0
  0
LINE
  5
581
330
17
100
AcDbEntity
  8
ENGRAVE_POLARS
100
AcDbLine
 10
-20.341277746405627
 20
-1.0633352823416435
 30
0.0
 11
-20.294749582027354
 21
-0.6369698296223766
 31
0.0
  0
LINE
  5
582
330
17
100
AcDbEntity
  8
ENGRAVE_POLARS
100
AcDbLine
 10
-20.294749582027354
 20
-0.6369698296223766
 30
0.0
 11
-20.255805130769094
 21
-0.2777822330616623
 31
0.0
  0
LINE
  5
583
330
17
100
AcDbEntity
  8
ENGRAVE_POLARS
100
AcDbLine
 10
-20.255805130769094
 20
-0.2777822330616623
 30
0.0
 11
-20.226208333333336
 21
-2.4769961294304193e-15
 31
0.0
  0
TEXT
  5
584
330
17
100
AcDbEntity
  8
ENGRAVE_TEXT
100
AcDbText
 10
17.202317417367993
 20
11.706006909511059
 30
0.0
 40
4.5
  1
12
 72
1
 11
17.202317417367993
 21
11.706006909511059
 31
0.0
100
AcDbText
 73
2
  0
TEXT
  5
585
330
17
100
AcDbEntity
  8
ENGRAVE_TEXT
100
AcDbText
 10
17.202317417367993
 20
-11.706006909511059
 30
0.0
 40
4.5
  1
12
 72
1
 11
17.202317417367993
 21
-11.706006909511059
 31
0.0
100
AcDbText
 73
2
  0
CIRCLE
  5
586
330
17
100
AcDbEntity
  8
ENGRAVE_VMG
100
AcDbCircle
 10
16.343843673092877
 20
12.877464668284079
 30
0.0
 40
0.6
  0
CIRCLE
  5
587
330
17
100
AcDbEntity
  8
ENGRAVE_VMG
100
AcDbCircle
 10
16.343843673092877
 20
-12.877464668284079
 30
0.0
 40
0.6
  0
CIRCLE
  5
588
330
17
100
AcDbEntity
  8
ENGRAVE_VMG
100
AcDbCircle
 10
-20.96229778961101
 20
8.533223290172776
 30
0.0
 40
0.6
  0
CIRCLE
  5
589
330
17
100
AcDbEntity
  8
ENGRAVE_VMG
100
AcDbCircle
 10
-20.96229778961101
 20
-8.533223290172776
 30
0.0
 40
0.6
  0
LINE
  5
58A
330
17
100
AcDbEntity
  8
ENGRAVE_POLARS
100
AcDbLine
 10
14.294337653845517
 20
11.167398082624866
 30
0.0
 11
14.208312282802797
 21
11.4093953747581
 31
0.0
  0
LINE
  5
58B
330
17
100
AcDbEntity
  8
ENGRAVE_POLARS
100
AcDbLine
 10
14.208312282802797
 20
11.4093953747581
 30
0.0
 11
14.10173167287114
 21
11.724219779747939
 31
0.0
  0
LINE
  5
58C
330
17
100
AcDbEntity
  8
ENGRAVE_POLARS
100
AcDbLine
 10
14.10173167287114
 20
11.724219779747939
 30
0.0
 11
13.977289239997827
 21
12.098774376381092
 31
0.0
  0
LINE
  5
58D
330
17
100
AcDbEntity
  8
ENGRAVE_POLARS
100
AcDbLine
 10
13.977289239997827
 20
12.098774376381092
 30
0.0
 11
13.837678400130146
 21
12.519962243444278
 31
0.0
  0
LINE
  5
58E
330
17
100
AcDbEntity
  8
ENGRAVE_POLARS
100
AcDbLine
 10
13.837678400130146
 20
12.519962243444278
 30
0.0
 11
13.685592569215387
 21
12.974686459724218
 31
0.0
  0
LINE
  5
58F
330
17
100
AcDbEntity
  8
ENGRAVE_POLARS
100
AcDbLine
 10
13.685592569215387
 20
12.974686459724218
 30
0.0
 11
13.52372516320083
 21
13.449850104007623
 31
0.0
  0
LINE
  5
590
330
17
100
AcDbEntity
  8
ENGRAVE_POLARS
100
AcDbLine
 10
13.52372516320083
 20
13.449850104007623
 30
0.0
 11
13.354769598033762
 21
13.932356255081219
 31
0.0
  0
LINE
  5
591
330
17
100
AcDbEntity
  8
ENGRAVE_POLARS
100
AcDbLine
 10
13.354769598033762
 20
13.932356255081219
 30
0.0
 11
13.181419289661472
 21
14.409107991731714
 31
0.0
  0
LINE
  5
592
330
17
100
AcDbEntity
  8
ENGRAVE_POLARS
100
AcDbLine
 10
13.181419289661472
 20
14.409107991731714
 30
0.0
 11
13.006367654031243
 21
14.867008392745827
 31
0.0
  0
LINE
  5
593
330
17
100
AcDbEntity
  8
ENGRAVE_POLARS
100
AcDbLine
 10
13.006367654031243
 20
14.867008392745827
 30
0.0
 11
12.83230810709036
 21
15.29296053691028
 31
0.0
  0
LINE
  5
594
330
17
100
AcDbEntity
  8
ENGRAVE_POLARS
100
AcDbLine
 10
12.83230810709036
 20
15.29296053691028
 30
0.0
 11
12.66193406478611
 21
15.673867503011781
 31
0.0
  0
LINE
  5
595
330
17
100
AcDbEntity
  8
ENGRAVE_POLARS
100
AcDbLine
 10
12.66193406478611
 20
15.673867503011781
 30
0.0
 11
12.497938943065778
 21
15.996632369837055
 31
0.0
  0
LINE
  5
596
330
17
100
AcDbEntity
  8
ENGRAVE_POLARS
100
AcDbLine
 10
12.497938943065778
 20
15.996632369837055
 30
0.0
 11
12.339775591859777
 21
16.26795430674912
 31
0.0
  0
LINE
  5
597
330
17
100
AcDbEntity
  8
ENGRAVE_POLARS
100
AcDbLine
 10
12.339775591859777
 20
16.26795430674912
 30
0.0
 11
12.184157552817693
 21
16.506383971938945
 31
0.0
  0
LINE
  5
598
330
17
100
AcDbEntity
  8
ENGRAVE_POLARS
100
AcDbLine
 10
12.184157552817693
 20
16.506383971938945
 30
0.0
 11
12.029669279465578
 21
16.716601677435143
 31
0.0
  0
LINE
  5
599
330
17
100
AcDbEntity
  8
ENGRAVE_POLARS
100
AcDbLine
 10
12.029669279465578
 20
16.716601677435143
 30
0.0
 11
11.87489522532947
 21
16.90328773526634
 31
0.0
  0
LINE
  5
59A
330
17
100
AcDbEntity
  8
ENGRAVE_POLARS
100
AcDbLine
 10
11.87489522532947
 20
16.90328773526634
 30
0.0
 11
11.718419843935429
 21
17.071122457461154
 31
0.0
  0
LINE
  5
59B
330
17
100
AcDbEntity
  8
ENGRAVE_POLARS
100
AcDbLine
 10
11.718419843935429
 20
17.071122457461154
 30
0.0
 11
11.558827588809494
 21
17.22478615604821
 31
0.0
  0
LINE
  5
59C
330
17
100
AcDbEntity
  8
ENGRAVE_POLARS
100
AcDbLine
 10
11.558827588809494
 20
17.22478615604821
 30
0.0
 11
11.394702913477715
 21
17.368959143056124
 31
0.0
  0
LINE
  5
59D
330
17
100
AcDbEntity
  8
ENGRAVE_POLARS
100
AcDbLine
 10
11.394702913477715
 20
17.368959143056124
 30
0.0
 11
11.224630271466141
 21
17.50832173051353
 31
0.0
  0
LINE
  5
59E
330
17
100
AcDbEntity
  8
ENGRAVE_POLARS
100
AcDbLine
 10
11.224630271466141
 20
17.50832173051353
 30
0.0
 11
11.047194116300824
 21
17.647554230449035
 31
0.0
  0
LINE
  5
59F
330
17
100
AcDbEntity
  8
ENGRAVE_POLARS
100
AcDbLine
 10
11.047194116300824
 20
17.647554230449035
 30
0.0
 11
10.860978901507805
 21
17.79133695489127
 31
0.0
  0
LINE
  5
5A0
330
17
100
AcDbEntity
  8
ENGRAVE_POLARS
100
AcDbLine
 10
10.860978901507805
 20
17.79133695489127
 30
0.0
 11
10.664569080613132
 21
17.94435021586885
 31
0.0
  0
LINE
  5
5A1
330
17
100
AcDbEntity
  8
ENGRAVE_POLARS
100
AcDbLine
 10
10.664569080613132
 20
17.94435021586885
 30
0.0
 11
10.456549107142857
 21
18.111274325410406
 31
0.0
  0
LINE
  5
5A2
330
17
100
AcDbEntity
  8
ENGRAVE_POLARS
100
AcDbLine
 10
10.456549107142857
 20
18.111274325410406
 30
0.0
 11
10.230829409695051
 21
18.290761895136793
 31
0.0
  0
LINE
  5
5A3
330
17
100
AcDbEntity
  8
ENGRAVE_POLARS
100
AcDbLine
 10
10.230829409695051
 20
18.290761895136793
 30
0.0
 11
9.985079038985527
 21
18.476849701139166
 31
0.0
  0
LINE
  5
5A4
330
17
100
AcDbEntity
  8
ENGRAVE_POLARS
100
AcDbLine
 10
9.985079038985527
 20
18.476849701139166
 30
0.0
 11
9.72352038171694
 21
18.667294302151554
 31
0.0
  0
LINE
  5
5A5
330
17
100
AcDbEntity
  8
ENGRAVE_POLARS
100
AcDbLine
 10
9.72352038171694
 20
18.667294302151554
 30
0.0
 11
9.45037582459195
 21
18.85985225690801
 31
0.0
  0
LINE
  5
5A6
330
17
100
AcDbEntity
  8
ENGRAVE_POLARS
100
AcDbLine
 10
9.45037582459195
 20
18.85985225690801
 30
0.0
 11
9.169867754313213
 21
19.05228012414257
 31
0.0
  0
LINE
  5
5A7
330
17
100
AcDbEntity
  8
ENGRAVE_POLARS
100
AcDbLine
 10
9.169867754313213
 20
19.05228012414257
 30
0.0
 11
8.886218557583385
 21
19.24233446258928
 31
0.0
  0
LINE
  5
5A8
330
17
100
AcDbEntity
  8
ENGRAVE_POLARS
100
AcDbLine
 10
8.886218557583385
 20
19.24233446258928
 30
0.0
 11
8.603650621105121
 21
19.42777183098217
 31
0.0
  0
LINE
  5
5A9
330
17
100
AcDbEntity
  8
ENGRAVE_POLARS
100
AcDbLine
 10
8.603650621105121
 20
19.42777183098217
 30
0.0
 11
8.326386331581084
 21
19.606348788055296
 31
0.0
  0
LINE
  5
5AA
330
17
100
AcDbEntity
  8
ENGRAVE_POLARS
100
AcDbLine
 10
8.326386331581084
 20
19.606348788055296
 30
0.0
 11
8.058648075713926
 21
19.77582189254269
 31
0.0
  0
LINE
  5
5AB
330
17
100
AcDbEntity
  8
ENGRAVE_POLARS
100
AcDbLine
 10
8.058648075713926
 20
19.77582189254269
 30
0.0
 11
7.804658240206304
 21
19.933947703178397
 31
0.0
  0
LINE
  5
5AC
330
17
100
AcDbEntity
  8
ENGRAVE_POLARS
100
AcDbLine
 10
7.804658240206304
 20
19.933947703178397
 30
0.0
 11
7.5686392117608765
 21
20.07848277869646
 31
0.0
  0
LINE
  5
5AD
330
17
100
AcDbEntity
  8
ENGRAVE_POLARS
100
AcDbLine
 10
7.5686392117608765
 20
20.07848277869646
 30
0.0
 11
7.354813377080301
 21
20.207183677830916
 31
0.0
  0
LINE
  5
5AE
330
17
100
AcDbEntity
  8
ENGRAVE_POLARS
100
AcDbLine
 10
7.354813377080301
 20
20.207183677830916
 30
0.0
 11
7.162912076602638
 21
20.319155620985153
 31
0.0
  0
LINE
  5
5AF
330
17
100
AcDbEntity
  8
ENGRAVE_POLARS
100
AcDbLine
 10
7.162912076602638
 20
20.319155620985153
 30
0.0
 11
6.988158105112847
 21
20.416276593433285
 31
0.0
  0
LINE
  5
5B0
330
17
100
AcDbEntity
  8
ENGRAVE_POLARS
100
AcDbLine
 10
6.988158105112847
 20
20.416276593433285
 30
0.0
 11
6.828011030833932
 21
20.500462301215443
 31
0.0
  0
LINE
  5
5B1
330
17
100
AcDbEntity
  8
ENGRAVE_POLARS
100
AcDbLine
 10
6.828011030833932
 20
20.500462301215443
 30
0.0
 11
6.679930421988892
 21
20.57362845037174
 31
0.0
  0
LINE
  5
5B2
330
17
100
AcDbEntity
  8
ENGRAVE_POLARS
100
AcDbLine
 10
6.679930421988892
 20
20.57362845037174
 30
0.0
 11
6.541375846800735
 21
20.63769074694231
 31
0.0
  0
LINE
  5
5B3
330
17
100
AcDbEntity
  8
ENGRAVE_POLARS
100
AcDbLine
 10
6.541375846800735
 20
20.63769074694231
 30
0.0
 11
6.40980687349246
 21
20.694564896967282
 31
0.0
  0
LINE
  5
5B4
330
17
100
AcDbEntity
  8
ENGRAVE_POLARS
100
AcDbLine
 10
6.40980687349246
 20
20.694564896967282
 30
0.0
 11
6.282683070287069
 21
20.746166606486764
 31
0.0
  0
LINE
  5
5B5
330
17
100
AcDbEntity
  8
ENGRAVE_POLARS
100
AcDbLine
 10
6.282683070287069
 20
20.746166606486764
 30
0.0
 11
6.157464005407568
 21
20.7944115815409
 31
0.0
  0
LINE
  5
5B6
330
17
100
AcDbEntity
  8
ENGRAVE_POLARS
100
AcDbLine
 10
6.157464005407568
 20
20.7944115815409
 30
0.0
 11
6.031609247076958
 21
20.841215528169805
 31
0.0
  0
LINE
  5
5B7
330
17
100
AcDbEntity
  8
ENGRAVE_POLARS
100
AcDbLine
 10
6.031609247076958
 20
20.841215528169805
 30
0.0
 11
5.90257836351824
 21
20.888494152413607
 31
0.0
  0
LINE
  5
5B8
330
17
100
AcDbEntity
  8
ENGRAVE_POLARS
100
AcDbLine
 10
5.90257836351824
 20
20.888494152413607
 30
0.0
 11
5.767830922954417
 21
20.938163160312428
 31
0.0
  0
LINE
  5
5B9
330
17
100
AcDbEntity
  8
ENGRAVE_POLARS
100
AcDbLine
 10
5.767830922954417
 20
20.938163160312428
 30
0.0
 11
5.624826493608494
 21
20.992138257906397
 31
0.0
  0
LINE
  5
5BA
330
17
100
AcDbEntity
  8
ENGRAVE_POLARS
100
AcDbLine
 10
5.624826493608494
 20
20.992138257906397
 30
0.0
 11
5.482545279658274
 21
21.047780417598666
 31
0.0
  0
LINE
  5
5BB
330
17
100
AcDbEntity
  8
ENGRAVE_POLARS
100
AcDbLine
 10
5.482545279658274
 20
21.047780417598666
 30
0.0
 11
5.3494733366099965
 21
21.101320397056565
 31
0.0
  0
LINE
  5
5BC
330
17
100
AcDbEntity
  8
ENGRAVE_POLARS
100
AcDbLine
 10
5.3494733366099965
 20
21.101320397056565
 30
0.0
 11
5.222329009679309
 21
21.15297858021647
 31
0.0
  0
LINE
  5
5BD
330
17
100
AcDbEntity
  8
ENGRAVE_POLARS
100
AcDbLine
 10
5.222329009679309
 20
21.15297858021647
 30
0.0
 11
5.097830644081862
 21
21.20297535101476
 31
0.0
  0
LINE
  5
5BE
330
17
100
AcDbEntity
  8
ENGRAVE_POLARS
100
AcDbLine
 10
5.097830644081862
 20
21.20297535101476
 30
0.0
 11
4.972696585033306
 21
21.251531093387825
 31
0.0
  0
LINE
  5
5BF
330
17
100
AcDbEntity
  8
ENGRAVE_POLARS
100
AcDbLine
 10
4.972696585033306
 20
21.251531093387825
 30
0.0
 11
4.843645177749291
 21
21.298866191272044
 31
0.0
  0
LINE
  5
5C0
330
17
100
AcDbEntity
  8
ENGRAVE_POLARS
100
AcDbLine
 10
4.843645177749291
 20
21.298866191272044
 30
0.0
 11
4.707394767445466
 21
21.345201028603793
 31
0.0
  0
LINE
  5
5C1
330
17
100
AcDbEntity
  8
ENGRAVE_POLARS
100
AcDbLine
 10
4.707394767445466
 20
21.345201028603793
 30
0.0
 11
4.560663699337481
 21
21.390755989319462
 31
0.0
  0
LINE
  5
5C2
330
17
100
AcDbEntity
  8
ENGRAVE_POLARS
100
AcDbLine
 10
4.560663699337481
 20
21.390755989319462
 30
0.0
 11
4.400170318640988
 21
21.43575145735543
 31
0.0
  0
LINE
  5
5C3
330
17
100
AcDbEntity
  8
ENGRAVE_POLARS
100
AcDbLine
 10
4.400170318640988
 20
21.43575145735543
 30
0.0
 11
4.222632970571634
 21
21.48040781664808
 31
0.0
  0
LINE
  5
5C4
330
17
100
AcDbEntity
  8
ENGRAVE_POLARS
100
AcDbLine
 10
4.222632970571634
 20
21.48040781664808
 30
0.0
 11
4.02477000034507
 21
21.524945451133778
 31
0.0
  0
LINE
  5
5C5
330
17
100
AcDbEntity
  8
ENGRAVE_POLARS
100
AcDbLine
 10
4.02477000034507
 20
21.524945451133778
 30
0.0
 11
3.803299753176946
 21
21.569584744748926
 31
0.0
  0
LINE
  5
5C6
330
17
100
AcDbEntity
  8
ENGRAVE_POLARS
100
AcDbLine
 10
3.803299753176946
 20
21.569584744748926
 30
0.0
 11
3.5688875119039576
 21
21.61625503070431
 31
0.0
  0
LINE
  5
5C7
330
17
100
AcDbEntity
  8
ENGRAVE_POLARS
100
AcDbLine
 10
3.5688875119039576
 20
21.61625503070431
 30
0.0
 11
3.331900261732383
 21
21.665943647658015
 31
0.0
  0
LINE
  5
5C8
330
17
100
AcDbEntity
  8
ENGRAVE_POLARS
100
AcDbLine
 10
3.331900261732383
 20
21.665943647658015
 30
0.0
 11
3.0886089014322478
 21
21.717457987717363
 31
0.0
  0
LINE
  5
5C9
330
17
100
AcDbEntity
  8
ENGRAVE_POLARS
100
AcDbLine
 10
3.0886089014322478
 20
21.717457987717363
 30
0.0
 11
2.835284329773577
 21
21.769605442989686
 31
0.0
  0
LINE
  5
5CA
330
17
100
AcDbEntity
  8
ENGRAVE_POLARS
100
AcDbLine
 10
2.835284329773577
 20
21.769605442989686
 30
0.0
 11
2.5681974455263976
 21
21.82119340558231
 31
0.0
  0
LINE
  5
5CB
330
17
100
AcDbEntity
  8
ENGRAVE_POLARS
100
AcDbLine
 10
2.5681974455263976
 20
21.82119340558231
 30
0.0
 11
2.2836191474607332
 21
21.87102926760255
 31
0.0
  0
LINE
  5
5CC
330
17
100
AcDbEntity
  8
ENGRAVE_POLARS
100
AcDbLine
 10
2.2836191474607332
 20
21.87102926760255
 30
0.0
 11
1.9778203343466099
 21
21.91792042115774
 31
0.0
  0
LINE
  5
5CD
330
17
100
AcDbEntity
  8
ENGRAVE_POLARS
100
AcDbLine
 10
1.9778203343466099
 20
21.91792042115774
 30
0.0
 11
1.647071904954053
 21
21.9606742583552
 31
0.0
  0
LINE
  5
5CE
330
17
100
AcDbEntity
  8
ENGRAVE_POLARS
100
AcDbLine
 10
1.647071904954053
 20
21.9606742583552
 30
0.0
 11
1.287644758053089
 21
21.998098171302267
 31
0.0
  0
LINE
  5
5CF
330
17
100
AcDbEntity
  8
ENGRAVE_POLARS
100
AcDbLine
 10
1.287644758053089
 20
21.998098171302267
 30
0.0
 11
0.8958097924137416
 21
22.02899955210625
 31
0.0
  0
LINE
  5
5D0
330
17
100
AcDbEntity
  8
ENGRAVE_POLARS
100
AcDbLine
 10
0.8958097924137416
 20
22.02899955210625
 30
0.0
 11
0.46783790680603726
 21
22.05218579287448
 31
0.0
  0
LINE
  5
5D1
330
17
100
AcDbEntity
  8
ENGRAVE_POLARS
100
AcDbLine
 10
0.46783790680603726
 20
22.05218579287448
 30
0.0
 11
1.3511812427999693e-15
 21
22.066464285714286
 31
0.0
  0
LINE
  5
5D2
330
17
100
AcDbEntity
  8
ENGRAVE_POLARS
100
AcDbLine
 10
1.3511812427999693e-15
 20
22.066464285714286
 30
0.0
 11
-0.5288512336456583
 21
22.073224421845648
 31
0.0
  0
LINE
  5
5D3
330
17
100
AcDbEntity
  8
ENGRAVE_POLARS
100
AcDbLine
 10
-0.5288512336456583
 20
22.073224421845648
 30
0.0
 11
-1.1281050600154279
 21
22.074651386109657
 31
0.0
  0
LINE
  5
5D4
330
17
100
AcDbEntity
  8
ENGRAVE_POLARS
100
AcDbLine
 10
-1.1281050600154279
 20
22.074651386109657
 30
0.0
 11
-1.7838535207040733
 21
22.070746261045294
 31
0.0
  0
LINE
  5
5D5
330
17
100
AcDbEntity
  8
ENGRAVE_POLARS
100
AcDbLine
 10
-1.7838535207040733
 20
22.070746261045294
 30
0.0
 11
-2.482188657306361
 21
22.061510129191547
 31
0.0
  0
LINE
  5
5D6
330
17
100
AcDbEntity
  8
ENGRAVE_POLARS
100
AcDbLine
 10
-2.482188657306361
 20
22.061510129191547
 30
0.0
 11
-3.209202511417056
 21
22.0469440730874
 31
0.0
  0
LINE
  5
5D7
330
17
100
AcDbEntity
  8
ENGRAVE_POLARS
100
AcDbLine
 10
-3.209202511417056
 20
22.0469440730874
 30
0.0
 11
-3.9509871246309247
 21
22.027049175271827
 31
0.0
  0
LINE
  5
5D8
330
17
100
AcDbEntity
  8
ENGRAVE_POLARS
100
AcDbLine
 10
-3.9509871246309247
 20
22.027049175271827
 30
0.0
 11
-4.693634538542735
 21
22.00182651828382
 31
0.0
  0
LINE
  5
5D9
330
17
100
AcDbEntity
  8
ENGRAVE_POLARS
100
AcDbLine
 10
-4.693634538542735
 20
22.00182651828382
 30
0.0
 11
-5.423236794747251
 21
21.97127718466237
 31
0.0
  0
LINE
  5
5DA
330
17
100
AcDbEntity
  8
ENGRAVE_POLARS
100
AcDbLine
 10
-5.423236794747251
 20
21.97127718466237
 30
0.0
 11
-6.125885934839239
 21
21.93540225694645
 31
0.0
  0
LINE
  5
5DB
330
17
100
AcDbEntity
  8
ENGRAVE_POLARS
100
AcDbLine
 10
-6.125885934839239
 20
21.93540225694645
 30
0.0
 11
-6.787674000413466
 21
21.894202817675044
 31
0.0
  0
LINE
  5
5DC
330
17
100
AcDbEntity
  8
ENGRAVE_POLARS
100
AcDbLine
 10
-6.787674000413466
 20
21.894202817675044
 30
0.0
 11
-7.394693033064696
 21
21.847679949387143
 31
0.0
  0
LINE
  5
5DD
330
17
100
AcDbEntity
  8
ENGRAVE_POLARS
100
AcDbLine
 10
-7.394693033064696
 20
21.847679949387143
 30
0.0
 11
-7.933035074387699
 21
21.795834734621724
 31
0.0
  0
LINE
  5
5DE
330
17
100
AcDbEntity
  8
ENGRAVE_POLARS
100
AcDbLine
 10
-7.933035074387699
 20
21.795834734621724
 30
0.0
 11
-8.404985751754687
 21
21.746364521250065
 31
0.0
  0
LINE
  5
5DF
330
17
100
AcDbEntity
  8
ENGRAVE_POLARS
100
AcDbLine
 10
-8.404985751754687
 20
21.746364521250065
 30
0.0
 11
-8.82717187357187
 21
21.704166440602265
 31
0.0
  0
LINE
  5
5E0
330
17
100
AcDbEntity
  8
ENGRAVE_POLARS
100
AcDbLine
 10
-8.82717187357187
 20
21.704166440602265
 30
0.0
 11
-9.207197252985011
 21
21.66504125040555
 31
0.0
  0
LINE
  5
5E1
330
17
100
AcDbEntity
  8
ENGRAVE_POLARS
100
AcDbLine
 10
-9.207197252985011
 20
21.66504125040555
 30
0.0
 11
-9.552665703139866
 21
21.624789708387144
 31
0.0
  0
LINE
  5
5E2
330
17
100
AcDbEntity
  8
ENGRAVE_POLARS
100
AcDbLine
 10
-9.552665703139866
 20
21.624789708387144
 30
0.0
 11
-9.871181037182192
 21
21.579212572274272
 31
0.0
  0
LINE
  5
5E3
330
17
100
AcDbEntity
  8
ENGRAVE_POLARS
100
AcDbLine
 10
-9.871181037182192
 20
21.579212572274272
 30
0.0
 11
-10.170347068257747
 21
21.524110599794156
 31
0.0
  0
LINE
  5
5E4
330
17
100
AcDbEntity
  8
ENGRAVE_POLARS
100
AcDbLine
 10
-10.170347068257747
 20
21.524110599794156
 30
0.0
 11
-10.457767609512294
 21
21.45528454867402
 31
0.0
  0
LINE
  5
5E5
330
17
100
AcDbEntity
  8
ENGRAVE_POLARS
100
AcDbLine
 10
-10.457767609512294
 20
21.45528454867402
 30
0.0
 11
-10.74104647409159
 21
21.36853517664109
 31
0.0
  0
LINE
  5
5E6
330
17
100
AcDbEntity
  8
ENGRAVE_POLARS
100
AcDbLine
 10
-10.74104647409159
 20
21.36853517664109
 30
0.0
 11
-11.027787475141391
 21
21.259663241422594
 31
0.0
  0
LINE
  5
5E7
330
17
100
AcDbEntity
  8
ENGRAVE_POLARS
100
AcDbLine
 10
-11.027787475141391
 20
21.259663241422594
 30
0.0
 11
-11.32559442580746
 21
21.124469500745754
 31
0.0
  0
LINE
  5
5E8
330
17
100
AcDbEntity
  8
ENGRAVE_POLARS
100
AcDbLine
 10
-11.32559442580746
 20
21.124469500745754
 30
0.0
 11
-11.642071139235549
 21
20.958754712337786
 31
0.0
  0
LINE
  5
5E9
330
17
100
AcDbEntity
  8
ENGRAVE_POLARS
100
AcDbLine
 10
-11.642071139235549
 20
20.958754712337786
 30
0.0
 11
-11.984821428571422
 21
20.75831963392593
 31
0.0
  0
LINE
  5
5EA
330
17
100
AcDbEntity
  8
ENGRAVE_POLARS
100
AcDbLine
 10
-11.984821428571422
 20
20.75831963392593
 30
0.0
 11
-12.353705890434055
 21
20.522489104647374
 31
0.0
  0
LINE
  5
5EB
330
17
100
AcDbEntity
  8
ENGRAVE_POLARS
100
AcDbLine
 10
-12.353705890434055
 20
20.522489104647374
 30
0.0
 11
-12.740340744694697
 21
20.255414468250645
 31
0.0
  0
LINE
  5
5EC
330
17
100
AcDbEntity
  8
ENGRAVE_POLARS
100
AcDbLine
 10
-12.740340744694697
 20
20.255414468250645
 30
0.0
 11
-13.139963239377511
 21
19.96013623937994
 31
0.0
  0
LINE
  5
5ED
330
17
100
AcDbEntity
  8
ENGRAVE_POLARS
100
AcDbLine
 10
-13.139963239377511
 20
19.96013623937994
 30
0.0
 11
-13.547810622506665
 21
19.639694932679465
 31
0.0
  0
LINE
  5
5EE
330
17
100
AcDbEntity
  8
ENGRAVE_POLARS
100
AcDbLine
 10
-13.547810622506665
 20
19.639694932679465
 30
0.0
 11
-13.959120142106329
 21
19.297131062793422
 31
0.0
  0
LINE
  5
5EF
330
17
100
AcDbEntity
  8
ENGRAVE_POLARS
100
AcDbLine
 10
-13.959120142106329
 20
19.297131062793422
 30
0.0
 11
-14.369129046200662
 21
18.93548514436601
 31
0.0
  0
LINE
  5
5F0
330
17
100
AcDbEntity
  8
ENGRAVE_POLARS
100
AcDbLine
 10
-14.369129046200662
 20
18.93548514436601
 30
0.0
 11
-14.773074582813837
 21
18.557797692041426
 31
0.0
  0
LINE
  5
5F1
330
17
100
AcDbEntity
  8
ENGRAVE_POLARS
100
AcDbLine
 10
-14.773074582813837
 20
18.557797692041426
 30
0.0
 11
-15.166193999970018
 21
18.16710922046389
 31
0.0
  0
LINE
  5
5F2
330
17
100
AcDbEntity
  8
ENGRAVE_POLARS
100
AcDbLine
 10
-15.166193999970018
 20
18.16710922046389
 30
0.0
 11
-15.543724545693369
 21
17.766460244277585
 31
0.0
  0
LINE
  5
5F3
330
17
100
AcDbEntity
  8
ENGRAVE_POLARS
100
AcDbLine
 10
-15.543724545693369
 20
17.766460244277585
 30
0.0
 11
-15.900903468008057
 21
17.358891278126723
 31
0.0
  0
LINE
  5
5F4
330
17
100
AcDbEntity
  8
ENGRAVE_POLARS
100
AcDbLine
 10
-15.900903468008057
 20
17.358891278126723
 30
0.0
 11
-16.23296801493825
 21
16.947442836655497
 31
0.0
  0
LINE
  5
5F5
330
17
100
AcDbEntity
  8
ENGRAVE_POLARS
100
AcDbLine
 10
-16.23296801493825
 20
16.947442836655497
 30
0.0
 11
-16.535155434508116
 21
16.53515543450812
 31
0.0
  0
LINE
  5
5F6
330
17
100
AcDbEntity
  8
ENGRAVE_POLARS
100
AcDbLine
 10
-16.535155434508116
 20
16.53515543450812
 30
0.0
 11
-16.810808425228107
 21
16.113614202945747
 31
0.0
  0
LINE
  5
5F7
330
17
100
AcDbEntity
  8
ENGRAVE_POLARS
100
AcDbLine
 10
-16.810808425228107
 20
16.113614202945747
 30
0.0
 11
-17.067249888305795
 21
15.674147300431816
 31
0.0
  0
LINE
  5
5F8
330
17
100
AcDbEntity
  8
ENGRAVE_POLARS
100
AcDbLine
 10
-17.067249888305795
 20
15.674147300431816
 30
0.0
 11
-17.305687375810997
 21
15.219409782413917
 31
0.0
  0
LINE
  5
5F9
330
17
100
AcDbEntity
  8
ENGRAVE_POLARS
100
AcDbLine
 10
-17.305687375810997
 20
15.219409782413917
 30
0.0
 11
-17.527328439813544
 21
14.752056704339656
 31
0.0
  0
LINE
  5
5FA
330
17
100
AcDbEntity
  8
ENGRAVE_POLARS
100
AcDbLine
 10
-17.527328439813544
 20
14.752056704339656
 30
0.0
 11
-17.733380632383266
 21
14.274743121656636
 31
0.0
  0
LINE
  5
5FB
330
17
100
AcDbEntity
  8
ENGRAVE_POLARS
100
AcDbLine
 10
-17.733380632383266
 20
14.274743121656636
 30
0.0
 11
-17.925051505589984
 21
13.790124089812451
 31
0.0
  0
LINE
  5
5FC
330
17
100
AcDbEntity
  8
ENGRAVE_POLARS
100
AcDbLine
 10
-17.925051505589984
 20
13.790124089812451
 30
0.0
 11
-18.103548611503527
 21
13.300854664254706
 31
0.0
  0
LINE
  5
5FD
330
17
100
AcDbEntity
  8
ENGRAVE_POLARS
100
AcDbLine
 10
-18.103548611503527
 20
13.300854664254706
 30
0.0
 11
-18.270079502193717
 21
12.809589900431
 31
0.0
  0
LINE
  5
5FE
330
17
100
AcDbEntity
  8
ENGRAVE_POLARS
100
AcDbLine
 10
-18.270079502193717
 20
12.809589900431
 30
0.0
 11
-18.42585172973039
 21
12.318984853788933
 31
0.0
  0
LINE
  5
5FF
330
17
100
AcDbEntity
  8
ENGRAVE_POLARS
100
AcDbLine
 10
-18.42585172973039
 20
12.318984853788933
 30
0.0
 11
-18.572072846183367
 21
11.831694579776107
 31
0.0
  0
LINE
  5
600
330
17
100
AcDbEntity
  8
ENGRAVE_POLARS
100
AcDbLine
 10
-18.572072846183367
 20
11.831694579776107
 30
0.0
 11
-18.70995040362247
 21
11.350374133840118
 31
0.0
  0
LINE
  5
601
330
17
100
AcDbEntity
  8
ENGRAVE_POLARS
100
AcDbLine
 10
-18.70995040362247
 20
11.350374133840118
 30
0.0
 11
-18.840691954117535
 21
10.877678571428572
 31
0.0
  0
LINE
  5
602
330
17
100
AcDbEntity
  8
ENGRAVE_POLARS
100
AcDbLine
 10
-18.840691954117535
 20
10.877678571428572
 30
0.0
 11
-18.96036788316958
 21
10.39331323707305
 31
0.0
  0
LINE
  5
603
330
17
100
AcDbEntity
  8
ENGRAVE_POLARS
100
AcDbLine
 10
-18.96036788316958
 20
10.39331323707305
 30
0.0
 11
-19.06516019747582
 21
9.881466925896275
 31
0.0
  0
LINE
  5
604
330
17
100
AcDbEntity
  8
ENGRAVE_POLARS
100
AcDbLine
 10
-19.06516019747582
 20
9.881466925896275
 30
0.0
 11
-19.15644388090034
 21
9.35151986923254
 31
0.0
  0
LINE
  5
605
330
17
100
AcDbEntity
  8
ENGRAVE_POLARS
100
AcDbLine
 10
-19.15644388090034
 20
9.35151986923254
 30
0.0
 11
-19.23559391730724
 21
8.812852298416146
 31
0.0
  0
LINE
  5
606
330
17
100
AcDbEntity
  8
ENGRAVE_POLARS
100
AcDbLine
 10
-19.23559391730724
 20
8.812852298416146
 30
0.0
 11
-19.30398529056063
 21
8.274844444781396
 31
0.0
  0
LINE
  5
607
330
17
100
AcDbEntity
  8
ENGRAVE_POLARS
100
AcDbLine
 10
-19.30398529056063
 20
8.274844444781396
 30
0.0
 11
-19.362992984524585
 21
7.746876539662578
 31
0.0
  0
LINE
  5
608
330
17
100
AcDbEntity
  8
ENGRAVE_POLARS
100
AcDbLine
 10
-19.362992984524585
 20
7.746876539662578
 30
0.0
 11
-19.413991983063205
 21
7.238328814393999
 31
0.0
  0
LINE
  5
609
330
17
100
AcDbEntity
  8
ENGRAVE_POLARS
100
AcDbLine
 10
-19.413991983063205
 20
7.238328814393999
 30
0.0
 11
-19.458357270040597
 21
6.758581500309952
 31
0.0
  0
LINE
  5
60A
330
17
100
AcDbEntity
  8
ENGRAVE_POLARS
100
AcDbLine
 10
-19.458357270040597
 20
6.758581500309952
 30
0.0
 11
-19.497463829320843
 21
6.317014828744742
 31
0.0
  0
LINE
  5
60B
330
17
100
AcDbEntity
  8
ENGRAVE_POLARS
100
AcDbLine
 10
-19.497463829320843
 20
6.317014828744742
 30
0.0
 11
-19.532686644768052
 21
5.923009031032658
 31
0.0
  0
LINE
  5
60C
330
17
100
AcDbEntity
  8
ENGRAVE_POLARS
100
AcDbLine
 10
-19.532686644768052
 20
5.923009031032658
 30
0.0
 11
-19.56540070024631
 21
5.5859443385080025
 31
0.0
  0
LINE
  5
60D
330
17
100
AcDbEntity
  8
ENGRAVE_POLARS
100
AcDbLine
 10
-19.56540070024631
 20
5.5859443385080025
 30
0.0
 11
-19.59698097961972
 21
5.315200982505077
 31
0.0
  0
LINE
  5
60E
330
17
100
AcDbEntity
  8
ENGRAVE_POLARS
100
AcDbLine
 10
-19.59698097961972
 20
5.315200982505077
 30
0.0
 11
-19.62410729419615
 21
5.133842048776435
 31
0.0
  0
LINE
  5
60F
330
17
100
AcDbEntity
  8
ENGRAVE_POLARS
100
AcDbLine
 10
-19.62410729419615
 20
5.133842048776435
 30
0.0
 11
-19.64316681422888
 21
5.046311066799927
 31
0.0
  0
LINE
  5
610
330
17
100
AcDbEntity
  8
ENGRAVE_POLARS
100
AcDbLine
 10
-19.64316681422888
 20
5.046311066799927
 30
0.0
 11
-19.655095562000096
 21
5.034058933497784
 31
0.0
  0
LINE
  5
611
330
17
100
AcDbEntity
  8
ENGRAVE_POLARS
100
AcDbLine
 10
-19.655095562000096
 20
5.034058933497784
 30
0.0
 11
-19.660829559791985
 21
5.0785365457922405
 31
0.0
  0
LINE
  5
612
330
17
100
AcDbEntity
  8
ENGRAVE_POLARS
100
AcDbLine
 10
-19.660829559791985
 20
5.0785365457922405
 30
0.0
 11
-19.661304829886735
 21
5.161194800605529
 31
0.0
  0
LINE
  5
613
330
17
100
AcDbEntity
  8
ENGRAVE_POLARS
100
AcDbLine
 10
-19.661304829886735
 20
5.161194800605529
 30
0.0
 11
-19.65745739456653
 21
5.263484594859882
 31
0.0
  0
LINE
  5
614
330
17
100
AcDbEntity
  8
ENGRAVE_POLARS
100
AcDbLine
 10
-19.65745739456653
 20
5.263484594859882
 30
0.0
 11
-19.65022327611356
 21
5.3668568254775355
 31
0.0
  0
LINE
  5
615
330
17
100
AcDbEntity
  8
ENGRAVE_POLARS
100
AcDbLine
 10
-19.65022327611356
 20
5.3668568254775355
 30
0.0
 11
-19.640538496810024
 21
5.452762389380721
 31
0.0
  0
LINE
  5
616
330
17
100
AcDbEntity
  8
ENGRAVE_POLARS
100
AcDbLine
 10
-19.640538496810024
 20
5.452762389380721
 30
0.0
 11
-19.62933907893809
 21
5.502652183491671
 31
0.0
  0
LINE
  5
617
330
17
100
AcDbEntity
  8
ENGRAVE_POLARS
100
AcDbLine
 10
-19.62933907893809
 20
5.502652183491671
 30
0.0
 11
-19.617561044779958
 21
5.49797710473262
 31
0.0
  0
LINE
  5
618
330
17
100
AcDbEntity
  8
ENGRAVE_POLARS
100
AcDbLine
 10
-19.617561044779958
 20
5.49797710473262
 30
0.0
 11
-19.60614041661781
 21
5.420188050025799
 31
0.0
  0
LINE
  5
619
330
17
100
AcDbEntity
  8
ENGRAVE_POLARS
100
AcDbLine
 10
-19.60614041661781
 20
5.420188050025799
 30
0.0
 11
-19.59601321673384
 21
5.250735916293445
 31
0.0
  0
LINE
  5
61A
330
17
100
AcDbEntity
  8
ENGRAVE_POLARS
100
AcDbLine
 10
-19.59601321673384
 20
5.250735916293445
 30
0.0
 11
-19.58469592018065
 21
4.978041684200898
 31
0.0
  0
LINE
  5
61B
330
17
100
AcDbEntity
  8
ENGRAVE_POLARS
100
AcDbLine
 10
-19.58469592018065
 20
4.978041684200898
 30
0.0
 11
-19.569586986774794
 21
4.61497227207458
 31
0.0
  0
LINE
  5
61C
330
17
100
AcDbEntity
  8
ENGRAVE_POLARS
100
AcDbLine
 10
-19.569586986774794
 20
4.61497227207458
 30
0.0
 11
-19.551445415944364
 21
4.179647483328335
 31
0.0
  0
LINE
  5
61D
330
17
100
AcDbEntity
  8
ENGRAVE_POLARS
100
AcDbLine
 10
-19.551445415944364
 20
4.179647483328335
 30
0.0
 11
-19.531030207117453
 21
3.6901871213760074
 31
0.0
  0
LINE
  5
61E
330
17
100
AcDbEntity
  8
ENGRAVE_POLARS
100
AcDbLine
 10
-19.531030207117453
 20
3.6901871213760074
 30
0.0
 11
-19.50910035972215
 21
3.1647109896314465
 31
0.0
  0
LINE
  5
61F
330
17
100
AcDbEntity
  8
ENGRAVE_POLARS
100
AcDbLine
 10
-19.50910035972215
 20
3.1647109896314465
 30
0.0
 11
-19.48641487318655
 21
2.621338891508497
 31
0.0
  0
LINE
  5
620
330
17
100
AcDbEntity
  8
ENGRAVE_POLARS
100
AcDbLine
 10
-19.48641487318655
 20
2.621338891508497
 30
0.0
 11
-19.46373274693875
 21
2.078190630421003
 31
0.0
  0
LINE
  5
621
330
17
100
AcDbEntity
  8
ENGRAVE_POLARS
100
AcDbLine
 10
-19.46373274693875
 20
2.078190630421003
 30
0.0
 11
-19.441812980406844
 21
1.553386009782813
 31
0.0
  0
LINE
  5
622
330
17
100
AcDbEntity
  8
ENGRAVE_POLARS
100
AcDbLine
 10
-19.441812980406844
 20
1.553386009782813
 30
0.0
 11
-19.42141457301892
 21
1.0650448330077729
 31
0.0
  0
LINE
  5
623
330
17
100
AcDbEntity
  8
ENGRAVE_POLARS
100
AcDbLine
 10
-19.42141457301892
 20
1.0650448330077729
 30
0.0
 11
-19.403296524203082
 21
0.6312869035097265
 31
0.0
  0
LINE
  5
624
330
17
100
AcDbEntity
  8
ENGRAVE_POLARS
100
AcDbLine
 10
-19.403296524203082
 20
0.6312869035097265
 30
0.0
 11
-19.388217833387404
 21
0.270232024702521
 31
0.0
  0
LINE
  5
625
330
17
100
AcDbEntity
  8
ENGRAVE_POLARS
100
AcDbLine
 10
-19.388217833387404
 20
0.270232024702521
 30
0.0
 11
-19.3769375
 21
2.3729904486653316e-15
 31
0.0
  0
LINE
  5
626
330
17
100
AcDbEntity
  8
ENGRAVE_POLARS
100
AcDbLine
 10
14.294337653845517
 20
-11.167398082624866
 30
0.0
 11
14.208312282802797
 21
-11.4093953747581
 31
0.0
  0
LINE
  5
627
330
17
100
AcDbEntity
  8
ENGRAVE_POLARS
100
AcDbLine
 10
14.208312282802797
 20
-11.4093953747581
 30
0.0
 11
14.10173167287114
 21
-11.724219779747939
 31
0.0
  0
LINE
  5
628
330
17
100
AcDbEntity
  8
ENGRAVE_POLARS
100
AcDbLine
 10
14.10173167287114
 20
-11.724219779747939
 30
0.0
 11
13.977289239997827
 21
-12.098774376381092
 31
0.0
  0
LINE
  5
629
330
17
100
AcDbEntity
  8
ENGRAVE_POLARS
100
AcDbLine
 10
13.977289239997827
 20
-12.098774376381092
 30
0.0
 11
13.837678400130146
 21
-12.519962243444278
 31
0.0
  0
LINE
  5
62A
330
17
100
AcDbEntity
  8
ENGRAVE_POLARS
100
AcDbLine
 10
13.837678400130146
 20
-12.519962243444278
 30
0.0
 11
13.685592569215387
 21
-12.974686459724218
 31
0.0
  0
LINE
  5
62B
330
17
100
AcDbEntity
  8
ENGRAVE_POLARS
100
AcDbLine
 10
13.685592569215387
 20
-12.974686459724218
 30
0.0
 11
13.52372516320083
 21
-13.449850104007623
 31
0.0
  0
LINE
  5
62C
330
17
100
AcDbEntity
  8
ENGRAVE_POLARS
100
AcDbLine
 10
13.52372516320083
 20
-13.449850104007623
 30
0.0
 11
13.354769598033762
 21
-13.932356255081219
 31
0.0
  0
LINE
  5
62D
330
17
100
AcDbEntity
  8
ENGRAVE_POLARS
100
AcDbLine
 10
13.354769598033762
 20
-13.932356255081219
 30
0.0
 11
13.181419289661472
 21
-14.409107991731714
 31
0.0
  0
LINE
  5
62E
330
17
100
AcDbEntity
  8
ENGRAVE_POLARS
100
AcDbLine
 10
13.181419289661472
 20
-14.409107991731714
 30
0.0
 11
13.006367654031243
 21
-14.867008392745827
 31
0.0
  0
LINE
  5
62F
330
17
100
AcDbEntity
  8
ENGRAVE_POLARS
100
AcDbLine
 10
13.006367654031243
 20
-14.867008392745827
 30
0.0
 11
12.83230810709036
 21
-15.29296053691028
 31
0.0
  0
LINE
  5
630
330
17
100
AcDbEntity
  8
ENGRAVE_POLARS
100
AcDbLine
 10
12.83230810709036
 20
-15.29296053691028
 30
0.0
 11
12.66193406478611
 21
-15.673867503011781
 31
0.0
  0
LINE
  5
631
330
17
100
AcDbEntity
  8
ENGRAVE_POLARS
100
AcDbLine
 10
12.66193406478611
 20
-15.673867503011781
 30
0.0
 11
12.497938943065778
 21
-15.996632369837055
 31
0.0
  0
LINE
  5
632
330
17
100
AcDbEntity
  8
ENGRAVE_POLARS
100
AcDbLine
 10
12.497938943065778
 20
-15.996632369837055
 30
0.0
 11
12.339775591859777
 21
-16.26795430674912
 31
0.0
  0
LINE
  5
633
330
17
100
AcDbEntity
  8
ENGRAVE_POLARS
100
AcDbLine
 10
12.339775591859777
 20
-16.26795430674912
 30
0.0
 11
12.184157552817693
 21
-16.506383971938945
 31
0.0
  0
LINE
  5
634
330
17
100
AcDbEntity
  8
ENGRAVE_POLARS
100
AcDbLine
 10
12.184157552817693
 20
-16.506383971938945
 30
0.0
 11
12.029669279465578
 21
-16.716601677435143
 31
0.0
  0
LINE
  5
635
330
17
100
AcDbEntity
  8
ENGRAVE_POLARS
100
AcDbLine
 10
12.029669279465578
 20
-16.716601677435143
 30
0.0
 11
11.87489522532947
 21
-16.90328773526634
 31
0.0
  0
LINE
  5
636
330
17
100
AcDbEntity
  8
ENGRAVE_POLARS
100
AcDbLine
 10
11.87489522532947
 20
-16.90328773526634
 30
0.0
 11
11.718419843935429
 21
-17.071122457461154
 31
0.0
  0
LINE
  5
637
330
17
100
AcDbEntity
  8
ENGRAVE_POLARS
100
AcDbLine
 10
11.718419843935429
 20
-17.071122457461154
 30
0.0
 11
11.558827588809494
 21
-17.22478615604821
 31
0.0
  0
LINE
  5
638
330
17
100
AcDbEntity
  8
ENGRAVE_POLARS
100
AcDbLine
 10
11.558827588809494
 20
-17.22478615604821
 30
0.0
 11
11.394702913477715
 21
-17.368959143056124
 31
0.0
  0
LINE
  5
639
330
17
100
AcDbEntity
  8
ENGRAVE_POLARS
100
AcDbLine
 10
11.394702913477715
 20
-17.368959143056124
 30
0.0
 11
11.224630271466141
 21
-17.50832173051353
 31
0.0
  0
LINE
  5
63A
330
17
100
AcDbEntity
  8
ENGRAVE_POLARS
100
AcDbLine
 10
11.224630271466141
 20
-17.50832173051353
 30
0.0
 11
11.047194116300824
 21
-17.647554230449035
 31
0.0
  0
LINE
  5
63B
330
17
100
AcDbEntity
  8
ENGRAVE_POLARS
100
AcDbLine
 10
11.047194116300824
 20
-17.647554230449035
 30
0.0
 11
10.860978901507805
 21
-17.79133695489127
 31
0.0
  0
LINE
  5
63C
330
17
100
AcDbEntity
  8
ENGRAVE_POLARS
100
AcDbLine
 10
10.860978901507805
 20
-17.79133695489127
 30
0.0
 11
10.664569080613132
 21
-17.94435021586885
 31
0.0
  0
LINE
  5
63D
330
17
100
AcDbEntity
  8
ENGRAVE_POLARS
100
AcDbLine
 10
10.664569080613132
 20
-17.94435021586885
 30
0.0
 11
10.456549107142857
 21
-18.111274325410406
 31
0.0
  0
LINE
  5
63E
330
17
100
AcDbEntity
  8
ENGRAVE_POLARS
100
AcDbLine
 10
10.456549107142857
 20
-18.111274325410406
 30
0.0
 11
10.230829409695051
 21
-18.290761895136793
 31
0.0
  0
LINE
  5
63F
330
17
100
AcDbEntity
  8
ENGRAVE_POLARS
100
AcDbLine
 10
10.230829409695051
 20
-18.290761895136793
 30
0.0
 11
9.985079038985527
 21
-18.476849701139166
 31
0.0
  0
LINE
  5
640
330
17
100
AcDbEntity
  8
ENGRAVE_POLARS
100
AcDbLine
 10
9.985079038985527
 20
-18.476849701139166
 30
0.0
 11
9.72352038171694
 21
-18.667294302151554
 31
0.0
  0
LINE
  5
641
330
17
100
AcDbEntity
  8
ENGRAVE_POLARS
100
AcDbLine
 10
9.72352038171694
 20
-18.667294302151554
 30
0.0
 11
9.45037582459195
 21
-18.85985225690801
 31
0.0
  0
LINE
  5
642
330
17
100
AcDbEntity
  8
ENGRAVE_POLARS
100
AcDbLine
 10
9.45037582459195
 20
-18.85985225690801
 30
0.0
 11
9.169867754313213
 21
-19.05228012414257
 31
0.0
  0
LINE
  5
643
330
17
100
AcDbEntity
  8
ENGRAVE_POLARS
100
AcDbLine
 10
9.169867754313213
 20
-19.05228012414257
 30
0.0
 11
8.886218557583385
 21
-19.24233446258928
 31
0.0
  0
LINE
  5
644
330
17
100
AcDbEntity
  8
ENGRAVE_POLARS
100
AcDbLine
 10
8.886218557583385
 20
-19.24233446258928
 30
0.0
 11
8.603650621105121
 21
-19.42777183098217
 31
0.0
  0
LINE
  5
645
330
17
100
AcDbEntity
  8
ENGRAVE_POLARS
100
AcDbLine
 10
8.603650621105121
 20
-19.42777183098217
 30
0.0
 11
8.326386331581084
 21
-19.606348788055296
 31
0.0
  0
LINE
  5
646
330
17
100
AcDbEntity
  8
ENGRAVE_POLARS
100
AcDbLine
 10
8.326386331581084
 20
-19.606348788055296
 30
0.0
 11
8.058648075713926
 21
-19.77582189254269
 31
0.0
  0
LINE
  5
647
330
17
100
AcDbEntity
  8
ENGRAVE_POLARS
100
AcDbLine
 10
8.058648075713926
 20
-19.77582189254269
 30
0.0
 11
7.804658240206304
 21
-19.933947703178397
 31
0.0
  0
LINE
  5
648
330
17
100
AcDbEntity
  8
ENGRAVE_POLARS
100
AcDbLine
 10
7.804658240206304
 20
-19.933947703178397
 30
0.0
 11
7.5686392117608765
 21
-20.07848277869646
 31
0.0
  0
LINE
  5
649
330
17
100
AcDbEntity
  8
ENGRAVE_POLARS
100
AcDbLine
 10
7.5686392117608765
 20
-20.07848277869646
 30
0.0
 11
7.354813377080301
 21
-20.207183677830916
 31
0.0
  0
LINE
  5
64A
330
17
100
AcDbEntity
  8
ENGRAVE_POLARS
100
AcDbLine
 10
7.354813377080301
 20
-20.207183677830916
 30
0.0
 11
7.162912076602638
 21
-20.319155620985153
 31
0.0
  0
LINE
  5
64B
330
17
100
AcDbEntity
  8
ENGRAVE_POLARS
100
AcDbLine
 10
7.162912076602638
 20
-20.319155620985153
 30
0.0
 11
6.988158105112847
 21
-20.416276593433285
 31
0.0
  0
LINE
  5
64C
330
17
100
AcDbEntity
  8
ENGRAVE_POLARS
100
AcDbLine
 10
6.988158105112847
 20
-20.416276593433285
 30
0.0
 11
6.828011030833932
 21
-20.500462301215443
 31
0.0
  0
LINE
  5
64D
330
17
100
AcDbEntity
  8
ENGRAVE_POLARS
100
AcDbLine
 10
6.828011030833932
 20
-20.500462301215443
 30
0.0
 11
6.679930421988892
 21
-20.57362845037174
 31
0.0
  0
LINE
  5
64E
330
17
100
AcDbEntity
  8
ENGRAVE_POLARS
100
AcDbLine
 10
6.679930421988892
 20
-20.57362845037174
 30
0.0
 11
6.541375846800735
 21
-20.63769074694231
 31
0.0
  0
LINE
  5
64F
330
17
100
AcDbEntity
  8
ENGRAVE_POLARS
100
AcDbLine
 10
6.541375846800735
 20
-20.63769074694231
 30
0.0
 11
6.40980687349246
 21
-20.694564896967282
 31
0.0
  0
LINE
  5
650
330
17
100
AcDbEntity
  8
ENGRAVE_POLARS
100
AcDbLine
 10
6.40980687349246
 20
-20.694564896967282
 30
0.0
 11
6.282683070287069
 21
-20.746166606486764
 31
0.0
  0
LINE
  5
651
330
17
100
AcDbEntity
  8
ENGRAVE_POLARS
100
AcDbLine
 10
6.282683070287069
 20
-20.746166606486764
 30
0.0
 11
6.157464005407568
 21
-20.7944115815409
 31
0.0
  0
LINE
  5
652
330
17
100
AcDbEntity
  8
ENGRAVE_POLARS
100
AcDbLine
 10
6.157464005407568
 20
-20.7944115815409
 30
0.0
 11
6.031609247076958
 21
-20.841215528169805
 31
0.0
  0
LINE
  5
653
330
17
100
AcDbEntity
  8
ENGRAVE_POLARS
100
AcDbLine
 10
6.031609247076958
 20
-20.841215528169805
 30
0.0
 11
5.90257836351824
 21
-20.888494152413607
 31
0.0
  0
LINE
  5
654
330
17
100
AcDbEntity
  8
ENGRAVE_POLARS
100
AcDbLine
 10
5.90257836351824
 20
-20.888494152413607
 30
0.0
 11
5.767830922954417
 21
-20.938163160312428
 31
0.0
  0
LINE
  5
655
330
17
100
AcDbEntity
  8
ENGRAVE_POLARS
100
AcDbLine
 10
5.767830922954417
 20
-20.938163160312428
 30
0.0
 11
5.624826493608494
 21
-20.992138257906397
 31
0.0
  0
LINE
  5
656
330
17
100
AcDbEntity
  8
ENGRAVE_POLARS
100
AcDbLine
 10
5.624826493608494
 20
-20.992138257906397
 30
0.0
 11
5.482545279658274
 21
-21.047780417598666
 31
0.0
  0
LINE
  5
657
330
17
100
AcDbEntity
  8
ENGRAVE_POLARS
100
AcDbLine
 10
5.482545279658274
 20
-21.047780417598666
 30
0.0
 11
5.3494733366099965
 21
-21.101320397056565
 31
0.0
  0
LINE
  5
658
330
17
100
AcDbEntity
  8
ENGRAVE_POLARS
100
AcDbLine
 10
5.3494733366099965
 20
-21.101320397056565
 30
0.0
 11
5.222329009679309
 21
-21.15297858021647
 31
0.0
  0
LINE
  5
659
330
17
100
AcDbEntity
  8
ENGRAVE_POLARS
100
AcDbLine
 10
5.222329009679309
 20
-21.15297858021647
 30
0.0
 11
5.097830644081862
 21
-21.20297535101476
 31
0.0
  0
LINE
  5
65A
330
17
100
AcDbEntity
  8
ENGRAVE_POLARS
100
AcDbLine
 10
5.097830644081862
 20
-21.20297535101476
 30
0.0
 11
4.972696585033306
 21
-21.251531093387825
 31
0.0
  0
LINE
  5
65B
330
17
100
AcDbEntity
  8
ENGRAVE_POLARS
100
AcDbLine
 10
4.972696585033306
 20
-21.251531093387825
 30
0.0
 11
4.843645177749291
 21
-21.298866191272044
 31
0.0
  0
LINE
  5
65C
330
17
100
AcDbEntity
  8
ENGRAVE_POLARS
100
AcDbLine
 10
4.843645177749291
 20
-21.298866191272044
 30
0.0
 11
4.707394767445466
 21
-21.345201028603793
 31
0.0
  0
LINE
  5
65D
330
17
100
AcDbEntity
  8
ENGRAVE_POLARS
100
AcDbLine
 10
4.707394767445466
 20
-21.345201028603793
 30
0.0
 11
4.560663699337481
 21
-21.390755989319462
 31
0.0
  0
LINE
  5
65E
330
17
100
AcDbEntity
  8
ENGRAVE_POLARS
100
AcDbLine
 10
4.560663699337481
 20
-21.390755989319462
 30
0.0
 11
4.400170318640988
 21
-21.43575145735543
 31
0.0
  0
LINE
  5
65F
330
17
100
AcDbEntity
  8
ENGRAVE_POLARS
100
AcDbLine
 10
4.400170318640988
 20
-21.43575145735543
 30
0.0
 11
4.222632970571634
 21
-21.48040781664808
 31
0.0
  0
LINE
  5
660
330
17
100
AcDbEntity
  8
ENGRAVE_POLARS
100
AcDbLine
 10
4.222632970571634
 20
-21.48040781664808
 30
0.0
 11
4.02477000034507
 21
-21.524945451133778
 31
0.0
  0
LINE
  5
661
330
17
100
AcDbEntity
  8
ENGRAVE_POLARS
100
AcDbLine
 10
4.02477000034507
 20
-21.524945451133778
 30
0.0
 11
3.803299753176946
 21
-21.569584744748926
 31
0.0
  0
LINE
  5
662
330
17
100
AcDbEntity
  8
ENGRAVE_POLARS
100
AcDbLine
 10
3.803299753176946
 20
-21.569584744748926
 30
0.0
 11
3.5688875119039576
 21
-21.61625503070431
 31
0.0
  0
LINE
  5
663
330
17
100
AcDbEntity
  8
ENGRAVE_POLARS
100
AcDbLine
 10
3.5688875119039576
 20
-21.61625503070431
 30
0.0
 11
3.331900261732383
 21
-21.665943647658015
 31
0.0
  0
LINE
  5
664
330
17
100
AcDbEntity
  8
ENGRAVE_POLARS
100
AcDbLine
 10
3.331900261732383
 20
-21.665943647658015
 30
0.0
 11
3.0886089014322478
 21
-21.717457987717363
 31
0.0
  0
LINE
  5
665
330
17
100
AcDbEntity
  8
ENGRAVE_POLARS
100
AcDbLine
 10
3.0886089014322478
 20
-21.717457987717363
 30
0.0
 11
2.835284329773577
 21
-21.769605442989686
 31
0.0
  0
LINE
  5
666
330
17
100
AcDbEntity
  8
ENGRAVE_POLARS
100
AcDbLine
 10
2.835284329773577
 20
-21.769605442989686
 30
0.0
 11
2.5681974455263976
 21
-21.82119340558231
 31
0.0
  0
LINE
  5
667
330
17
100
AcDbEntity
  8
ENGRAVE_POLARS
100
AcDbLine
 10
2.5681974455263976
 20
-21.82119340558231
 30
0.0
 11
2.2836191474607332
 21
-21.87102926760255
 31
0.0
  0
LINE
  5
668
330
17
100
AcDbEntity
  8
ENGRAVE_POLARS
100
AcDbLine
 10
2.2836191474607332
 20
-21.87102926760255
 30
0.0
 11
1.9778203343466099
 21
-21.91792042115774
 31
0.0
  0
LINE
  5
669
330
17
100
AcDbEntity
  8
ENGRAVE_POLARS
100
AcDbLine
 10
1.9778203343466099
 20
-21.91792042115774
 30
0.0
 11
1.647071904954053
 21
-21.9606742583552
 31
0.0
  0
LINE
  5
66A
330
17
100
AcDbEntity
  8
ENGRAVE_POLARS
100
AcDbLine
 10
1.647071904954053
 20
-21.9606742583552
 30
0.0
 11
1.287644758053089
 21
-21.998098171302267
 31
0.0
  0
LINE
  5
66B
330
17
100
AcDbEntity
  8
ENGRAVE_POLARS
100
AcDbLine
 10
1.287644758053089
 20
-21.998098171302267
 30
0.0
 11
0.8958097924137416
 21
-22.02899955210625
 31
0.0
  0
LINE
  5
66C
330
17
100
AcDbEntity
  8
ENGRAVE_POLARS
100
AcDbLine
 10
0.8958097924137416
 20
-22.02899955210625
 30
0.0
 11
0.46783790680603726
 21
-22.05218579287448
 31
0.0
  0
LINE
  5
66D
330
17
100
AcDbEntity
  8
ENGRAVE_POLARS
100
AcDbLine
 10
0.46783790680603726
 20
-22.05218579287448
 30
0.0
 11
1.3511812427999693e-15
 21
-22.066464285714286
 31
0.0
  0
LINE
  5
66E
330
17
100
AcDbEntity
  8
ENGRAVE_POLARS
100
AcDbLine
 10
1.3511812427999693e-15
 20
-22.066464285714286
 30
0.0
 11
-0.5288512336456583
 21
-22.073224421845648
 31
0.0
  0
LINE
  5
66F
330
17
100
AcDbEntity
  8
ENGRAVE_POLARS
100
AcDbLine
 10
-0.5288512336456583
 20
-22.073224421845648
 30
0.0
 11
-1.1281050600154279
 21
-22.074651386109657
 31
0.0
  0
LINE
  5
670
330
17
100
AcDbEntity
  8
ENGRAVE_POLARS
100
AcDbLine
 10
-1.1281050600154279
 20
-22.074651386109657
 30
0.0
 11
-1.7838535207040733
 21
-22.070746261045294
 31
0.0
  0
LINE
  5
671
330
17
100
AcDbEntity
  8
ENGRAVE_POLARS
100
AcDbLine
 10
-1.7838535207040733
 20
-22.070746261045294
 30
0.0
 11
-2.482188657306361
 21
-22.061510129191547
 31
0.0
  0
LINE
  5
672
330
17
100
AcDbEntity
  8
ENGRAVE_POLARS
100
AcDbLine
 10
-2.482188657306361
 20
-22.061510129191547
 30
0.0
 11
-3.209202511417056
 21
-22.0469440730874
 31
0.0
  0
LINE
  5
673
330
17
100
AcDbEntity
  8
ENGRAVE_POLARS
100
AcDbLine
 10
-3.209202511417056
 20
-22.0469440730874
 30
0.0
 11
-3.9509871246309247
 21
-22.027049175271827
 31
0.0
  0
LINE
  5
674
330
17
100
AcDbEntity
  8
ENGRAVE_POLARS
100
AcDbLine
 10
-3.9509871246309247
 20
-22.027049175271827
 30
0.0
 11
-4.693634538542735
 21
-22.00182651828382
 31
0.0
  0
LINE
  5
675
330
17
100
AcDbEntity
  8
ENGRAVE_POLARS
100
AcDbLine
 10
-4.693634538542735
 20
-22.00182651828382
 30
0.0
 11
-5.423236794747251
 21
-21.97127718466237
 31
0.0
  0
LINE
  5
676
330
17
100
AcDbEntity
  8
ENGRAVE_POLARS
100
AcDbLine
 10
-5.423236794747251
 20
-21.97127718466237
 30
0.0
 11
-6.125885934839239
 21
-21.93540225694645
 31
0.0
  0
LINE
  5
677
330
17
100
AcDbEntity
  8
ENGRAVE_POLARS
100
AcDbLine
 10
-6.125885934839239
 20
-21.93540225694645
 30
0.0
 11
-6.787674000413466
 21
-21.894202817675044
 31
0.0
  0
LINE
  5
678
330
17
100
AcDbEntity
  8
ENGRAVE_POLARS
100
AcDbLine
 10
-6.787674000413466
 20
-21.894202817675044
 30
0.0
 11
-7.394693033064696
 21
-21.847679949387143
 31
0.0
  0
LINE
  5
679
330
17
100
AcDbEntity
  8
ENGRAVE_POLARS
100
AcDbLine
 10
-7.394693033064696
 20
-21.847679949387143
 30
0.0
 11
-7.933035074387699
 21
-21.795834734621724
 31
0.0
  0
LINE
  5
67A
330
17
100
AcDbEntity
  8
ENGRAVE_POLARS
100
AcDbLine
 10
-7.933035074387699
 20
-21.795834734621724
 30
0.0
 11
-8.404985751754687
 21
-21.746364521250065
 31
0.0
  0
LINE
  5
67B
330
17
100
AcDbEntity
  8
ENGRAVE_POLARS
100
AcDbLine
 10
-8.404985751754687
 20
-21.746364521250065
 30
0.0
 11
-8.82717187357187
 21
-21.704166440602265
 31
0.0
  0
LINE
  5
67C
330
17
100
AcDbEntity
  8
ENGRAVE_POLARS
100
AcDbLine
 10
-8.82717187357187
 20
-21.704166440602265
 30
0.0
 11
-9.207197252985011
 21
-21.66504125040555
 31
0.0
  0
LINE
  5
67D
330
17
100
AcDbEntity
  8
ENGRAVE_POLARS
100
AcDbLine
 10
-9.207197252985011
 20
-21.66504125040555
 30
0.0
 11
-9.552665703139866
 21
-21.624789708387144
 31
0.0
  0
LINE
  5
67E
330
17
100
AcDbEntity
  8
ENGRAVE_POLARS
100
AcDbLine
 10
-9.552665703139866
 20
-21.624789708387144
 30
0.0
 11
-9.871181037182192
 21
-21.579212572274272
 31
0.0
  0
LINE
  5
67F
330
17
100
AcDbEntity
  8
ENGRAVE_POLARS
100
AcDbLine
 10
-9.871181037182192
 20
-21.579212572274272
 30
0.0
 11
-10.170347068257747
 21
-21.524110599794156
 31
0.0
  0
LINE
  5
680
330
17
100
AcDbEntity
  8
ENGRAVE_POLARS
100
AcDbLine
 10
-10.170347068257747
 20
-21.524110599794156
 30
0.0
 11
-10.457767609512294
 21
-21.45528454867402
 31
0.0
  0
LINE
  5
681
330
17
100
AcDbEntity
  8
ENGRAVE_POLARS
100
AcDbLine
 10
-10.457767609512294
 20
-21.45528454867402
 30
0.0
 11
-10.74104647409159
 21
-21.36853517664109
 31
0.0
  0
LINE
  5
682
330
17
100
AcDbEntity
  8
ENGRAVE_POLARS
100
AcDbLine
 10
-10.74104647409159
 20
-21.36853517664109
 30
0.0
 11
-11.027787475141391
 21
-21.259663241422594
 31
0.0
  0
LINE
  5
683
330
17
100
AcDbEntity
  8
ENGRAVE_POLARS
100
AcDbLine
 10
-11.027787475141391
 20
-21.259663241422594
 30
0.0
 11
-11.32559442580746
 21
-21.124469500745754
 31
0.0
  0
LINE
  5
684
330
17
100
AcDbEntity
  8
ENGRAVE_POLARS
100
AcDbLine
 10
-11.32559442580746
 20
-21.124469500745754
 30
0.0
 11
-11.642071139235549
 21
-20.958754712337786
 31
0.0
  0
LINE
  5
685
330
17
100
AcDbEntity
  8
ENGRAVE_POLARS
100
AcDbLine
 10
-11.642071139235549
 20
-20.958754712337786
 30
0.0
 11
-11.984821428571422
 21
-20.75831963392593
 31
0.0
  0
LINE
  5
686
330
17
100
AcDbEntity
  8
ENGRAVE_POLARS
100
AcDbLine
 10
-11.984821428571422
 20
-20.75831963392593
 30
0.0
 11
-12.353705890434055
 21
-20.522489104647374
 31
0.0
  0
LINE
  5
687
330
17
100
AcDbEntity
  8
ENGRAVE_POLARS
100
AcDbLine
 10
-12.353705890434055
 20
-20.522489104647374
 30
0.0
 11
-12.740340744694697
 21
-20.255414468250645
 31
0.0
  0
LINE
  5
688
330
17
100
AcDbEntity
  8
ENGRAVE_POLARS
100
AcDbLine
 10
-12.740340744694697
 20
-20.255414468250645
 30
0.0
 11
-13.139963239377511
 21
-19.96013623937994
 31
0.0
  0
LINE
  5
689
330
17
100
AcDbEntity
  8
ENGRAVE_POLARS
100
AcDbLine
 10
-13.139963239377511
 20
-19.96013623937994
 30
0.0
 11
-13.547810622506665
 21
-19.639694932679465
 31
0.0
  0
LINE
  5
68A
330
17
100
AcDbEntity
  8
ENGRAVE_POLARS
100
AcDbLine
 10
-13.547810622506665
 20
-19.639694932679465
 30
0.0
 11
-13.959120142106329
 21
-19.297131062793422
 31
0.0
  0
LINE
  5
68B
330
17
100
AcDbEntity
  8
ENGRAVE_POLARS
100
AcDbLine
 10
-13.959120142106329
 20
-19.297131062793422
 30
0.0
 11
-14.369129046200662
 21
-18.93548514436601
 31
0.0
  0
LINE
  5
68C
330
17
100
AcDbEntity
  8
ENGRAVE_POLARS
100
AcDbLine
 10
-14.369129046200662
 20
-18.93548514436601
 30
0.0
 11
-14.773074582813837
 21
-18.557797692041426
 31
0.0
  0
LINE
  5
68D
330
17
100
AcDbEntity
  8
ENGRAVE_POLARS
100
AcDbLine
 10
-14.773074582813837
 20
-18.557797692041426
 30
0.0
 11
-15.166193999970018
 21
-18.16710922046389
 31
0.0
  0
LINE
  5
68E
330
17
100
AcDbEntity
  8
ENGRAVE_POLARS
100
AcDbLine
 10
-15.166193999970018
 20
-18.16710922046389
 30
0.0
 11
-15.543724545693369
 21
-17.766460244277585
 31
0.0
  0
LINE
  5
68F
330
17
100
AcDbEntity
  8
ENGRAVE_POLARS
100
AcDbLine
 10
-15.543724545693369
 20
-17.766460244277585
 30
0.0
 11
-15.900903468008057
 21
-17.358891278126723
 31
0.0
  0
LINE
  5
690
330
17
100
AcDbEntity
  8
ENGRAVE_POLARS
100
AcDbLine
 10
-15.900903468008057
 20
-17.358891278126723
 30
0.0
 11
-16.23296801493825
 21
-16.947442836655497
 31
0.0
  0
LINE
  5
691
330
17
100
AcDbEntity
  8
ENGRAVE_POLARS
100
AcDbLine
 10
-16.23296801493825
 20
-16.947442836655497
 30
0.0
 11
-16.535155434508116
 21
-16.53515543450812
 31
0.0
  0
LINE
  5
692
330
17
100
AcDbEntity
  8
ENGRAVE_POLARS
100
AcDbLine
 10
-16.535155434508116
 20
-16.53515543450812
 30
0.0
 11
-16.810808425228107
 21
-16.113614202945747
 31
0.0
  0
LINE
  5
693
330
17
100
AcDbEntity
  8
ENGRAVE_POLARS
100
AcDbLine
 10
-16.810808425228107
 20
-16.113614202945747
 30
0.0
 11
-17.067249888305795
 21
-15.674147300431816
 31
0.0
  0
LINE
  5
694
330
17
100
AcDbEntity
  8
ENGRAVE_POLARS
100
AcDbLine
 10
-17.067249888305795
 20
-15.674147300431816
 30
0.0
 11
-17.305687375810997
 21
-15.219409782413917
 31
0.0
  0
LINE
  5
695
330
17
100
AcDbEntity
  8
ENGRAVE_POLARS
100
AcDbLine
 10
-17.305687375810997
 20
-15.219409782413917
 30
0.0
 11
-17.527328439813544
 21
-14.752056704339656
 31
0.0
  0
LINE
  5
696
330
17
100
AcDbEntity
  8
ENGRAVE_POLARS
100
AcDbLine
 10
-17.527328439813544
 20
-14.752056704339656
 30
0.0
 11
-17.733380632383266
 21
-14.274743121656636
 31
0.0
  0
LINE
  5
697
330
17
100
AcDbEntity
  8
ENGRAVE_POLARS
100
AcDbLine
 10
-17.733380632383266
 20
-14.274743121656636
 30
0.0
 11
-17.925051505589984
 21
-13.790124089812451
 31
0.0
  0
LINE
  5
698
330
17
100
AcDbEntity
  8
ENGRAVE_POLARS
100
AcDbLine
 10
-17.925051505589984
 20
-13.790124089812451
 30
0.0
 11
-18.103548611503527
 21
-13.300854664254706
 31
0.0
  0
LINE
  5
699
330
17
100
AcDbEntity
  8
ENGRAVE_POLARS
100
AcDbLine
 10
-18.103548611503527
 20
-13.300854664254706
 30
0.0
 11
-18.270079502193717
 21
-12.809589900431
 31
0.0
  0
LINE
  5
69A
330
17
100
AcDbEntity
  8
ENGRAVE_POLARS
100
AcDbLine
 10
-18.270079502193717
 20
-12.809589900431
 30
0.0
 11
-18.42585172973039
 21
-12.318984853788933
 31
0.0
  0
LINE
  5
69B
330
17
100
AcDbEntity
  8
ENGRAVE_POLARS
100
AcDbLine
 10
-18.42585172973039
 20
-12.318984853788933
 30
0.0
 11
-18.572072846183367
 21
-11.831694579776107
 31
0.0
  0
LINE
  5
69C
330
17
100
AcDbEntity
  8
ENGRAVE_POLARS
100
AcDbLine
 10
-18.572072846183367
 20
-11.831694579776107
 30
0.0
 11
-18.70995040362247
 21
-11.350374133840118
 31
0.0
  0
LINE
  5
69D
330
17
100
AcDbEntity
  8
ENGRAVE_POLARS
100
AcDbLine
 10
-18.70995040362247
 20
-11.350374133840118
 30
0.0
 11
-18.840691954117535
 21
-10.877678571428572
 31
0.0
  0
LINE
  5
69E
330
17
100
AcDbEntity
  8
ENGRAVE_POLARS
100
AcDbLine
 10
-18.840691954117535
 20
-10.877678571428572
 30
0.0
 11
-18.96036788316958
 21
-10.39331323707305
 31
0.0
  0
LINE
  5
69F
330
17
100
AcDbEntity
  8
ENGRAVE_POLARS
100
AcDbLine
 10
-18.96036788316958
 20
-10.39331323707305
 30
0.0
 11
-19.06516019747582
 21
-9.881466925896275
 31
0.0
  0
LINE
  5
6A0
330
17
100
AcDbEntity
  8
ENGRAVE_POLARS
100
AcDbLine
 10
-19.06516019747582
 20
-9.881466925896275
 30
0.0
 11
-19.15644388090034
 21
-9.35151986923254
 31
0.0
  0
LINE
  5
6A1
330
17
100
AcDbEntity
  8
ENGRAVE_POLARS
100
AcDbLine
 10
-19.15644388090034
 20
-9.35151986923254
 30
0.0
 11
-19.23559391730724
 21
-8.812852298416146
 31
0.0
  0
LINE
  5
6A2
330
17
100
AcDbEntity
  8
ENGRAVE_POLARS
100
AcDbLine
 10
-19.23559391730724
 20
-8.812852298416146
 30
0.0
 11
-19.30398529056063
 21
-8.274844444781396
 31
0.0
  0
LINE
  5
6A3
330
17
100
AcDbEntity
  8
ENGRAVE_POLARS
100
AcDbLine
 10
-19.30398529056063
 20
-8.274844444781396
 30
0.0
 11
-19.362992984524585
 21
-7.746876539662578
 31
0.0
  0
LINE
  5
6A4
330
17
100
AcDbEntity
  8
ENGRAVE_POLARS
100
AcDbLine
 10
-19.362992984524585
 20
-7.746876539662578
 30
0.0
 11
-19.413991983063205
 21
-7.238328814393999
 31
0.0
  0
LINE
  5
6A5
330
17
100
AcDbEntity
  8
ENGRAVE_POLARS
100
AcDbLine
 10
-19.413991983063205
 20
-7.238328814393999
 30
0.0
 11
-19.458357270040597
 21
-6.758581500309952
 31
0.0
  0
LINE
  5
6A6
330
17
100
AcDbEntity
  8
ENGRAVE_POLARS
100
AcDbLine
 10
-19.458357270040597
 20
-6.758581500309952
 30
0.0
 11
-19.497463829320843
 21
-6.317014828744742
 31
0.0
  0
LINE
  5
6A7
330
17
100
AcDbEntity
  8
ENGRAVE_POLARS
100
AcDbLine
 10
-19.497463829320843
 20
-6.317014828744742
 30
0.0
 11
-19.532686644768052
 21
-5.923009031032658
 31
0.0
  0
LINE
  5
6A8
330
17
100
AcDbEntity
  8
ENGRAVE_POLARS
100
AcDbLine
 10
-19.532686644768052
 20
-5.923009031032658
 30
0.0
 11
-19.56540070024631
 21
-5.5859443385080025
 31
0.0
  0
LINE
  5
6A9
330
17
100
AcDbEntity
  8
ENGRAVE_POLARS
100
AcDbLine
 10
-19.56540070024631
 20
-5.5859443385080025
 30
0.0
 11
-19.59698097961972
 21
-5.315200982505077
 31
0.0
  0
LINE
  5
6AA
330
17
100
AcDbEntity
  8
ENGRAVE_POLARS
100
AcDbLine
 10
-19.59698097961972
 20
-5.315200982505077
 30
0.0
 11
-19.62410729419615
 21
-5.133842048776435
 31
0.0
  0
LINE
  5
6AB
330
17
100
AcDbEntity
  8
ENGRAVE_POLARS
100
AcDbLine
 10
-19.62410729419615
 20
-5.133842048776435
 30
0.0
 11
-19.64316681422888
 21
-5.046311066799927
 31
0.0
  0
LINE
  5
6AC
330
17
100
AcDbEntity
  8
ENGRAVE_POLARS
100
AcDbLine
 10
-19.64316681422888
 20
-5.046311066799927
 30
0.0
 11
-19.655095562000096
 21
-5.034058933497784
 31
0.0
  0
LINE
  5
6AD
330
17
100
AcDbEntity
  8
ENGRAVE_POLARS
100
AcDbLine
 10
-19.655095562000096
 20
-5.034058933497784
 30
0.0
 11
-19.660829559791985
 21
-5.0785365457922405
 31
0.0
  0
LINE
  5
6AE
330
17
100
AcDbEntity
  8
ENGRAVE_POLARS
100
AcDbLine
 10
-19.660829559791985
 20
-5.0785365457922405
 30
0.0
 11
-19.661304829886735
 21
-5.161194800605529
 31
0.0
  0
LINE
  5
6AF
330
17
100
AcDbEntity
  8
ENGRAVE_POLARS
100
AcDbLine
 10
-19.661304829886735
 20
-5.161194800605529
 30
0.0
 11
-19.65745739456653
 21
-5.263484594859882
 31
0.0
  0
LINE
  5
6B0
330
17
100
AcDbEntity
  8
ENGRAVE_POLARS
100
AcDbLine
 10
-19.65745739456653
 20
-5.263484594859882
 30
0.0
 11
-19.65022327611356
 21
-5.3668568254775355
 31
0.0
  0
LINE
  5
6B1
330
17
100
AcDbEntity
  8
ENGRAVE_POLARS
100
AcDbLine
 10
-19.65022327611356
 20
-5.3668568254775355
 30
0.0
 11
-19.640538496810024
 21
-5.452762389380721
 31
0.0
  0
LINE
  5
6B2
330
17
100
AcDbEntity
  8
ENGRAVE_POLARS
100
AcDbLine
 10
-19.640538496810024
 20
-5.452762389380721
 30
0.0
 11
-19.62933907893809
 21
-5.502652183491671
 31
0.0
  0
LINE
  5
6B3
330
17
100
AcDbEntity
  8
ENGRAVE_POLARS
100
AcDbLine
 10
-19.62933907893809
 20
-5.502652183491671
 30
0.0
 11
-19.617561044779958
 21
-5.49797710473262
 31
0.0
  0
LINE
  5
6B4
330
17
100
AcDbEntity
  8
ENGRAVE_POLARS
100
AcDbLine
 10
-19.617561044779958
 20
-5.49797710473262
 30
0.0
 11
-19.60614041661781
 21
-5.420188050025799
 31
0.0
  0
LINE
  5
6B5
330
17
100
AcDbEntity
  8
ENGRAVE_POLARS
100
AcDbLine
 10
-19.60614041661781
 20
-5.420188050025799
 30
0.0
 11
-19.59601321673384
 21
-5.250735916293445
 31
0.0
  0
LINE
  5
6B6
330
17
100
AcDbEntity
  8
ENGRAVE_POLARS
100
AcDbLine
 10
-19.59601321673384
 20
-5.250735916293445
 30
0.0
 11
-19.58469592018065
 21
-4.978041684200898
 31
0.0
  0
LINE
  5
6B7
330
17
100
AcDbEntity
  8
ENGRAVE_POLARS
100
AcDbLine
 10
-19.58469592018065
 20
-4.978041684200898
 30
0.0
 11
-19.569586986774794
 21
-4.61497227207458
 31
0.0
  0
LINE
  5
6B8
330
17
100
AcDbEntity
  8
ENGRAVE_POLARS
100
AcDbLine
 10
-19.569586986774794
 20
-4.61497227207458
 30
0.0
 11
-19.551445415944364
 21
-4.179647483328335
 31
0.0
  0
LINE
  5
6B9
330
17
100
AcDbEntity
  8
ENGRAVE_POLARS
100
AcDbLine
 10
-19.551445415944364
 20
-4.179647483328335
 30
0.0
 11
-19.531030207117453
 21
-3.6901871213760074
 31
0.0
  0
LINE
  5
6BA
330
17
100
AcDbEntity
  8
ENGRAVE_POLARS
100
AcDbLine
 10
-19.531030207117453
 20
-3.6901871213760074
 30
0.0
 11
-19.50910035972215
 21
-3.1647109896314465
 31
0.0
  0
LINE
  5
6BB
330
17
100
AcDbEntity
  8
ENGRAVE_POLARS
100
AcDbLine
 10
-19.50910035972215
 20
-3.1647109896314465
 30
0.0
 11
-19.48641487318655
 21
-2.621338891508497
 31
0.0
  0
LINE
  5
6BC
330
17
100
AcDbEntity
  8
ENGRAVE_POLARS
100
AcDbLine
 10
-19.48641487318655
 20
-2.621338891508497
 30
0.0
 11
-19.46373274693875
 21
-2.078190630421003
 31
0.0
  0
LINE
  5
6BD
330
17
100
AcDbEntity
  8
ENGRAVE_POLARS
100
AcDbLine
 10
-19.46373274693875
 20
-2.078190630421003
 30
0.0
 11
-19.441812980406844
 21
-1.553386009782813
 31
0.0
  0
LINE
  5
6BE
330
17
100
AcDbEntity
  8
ENGRAVE_POLARS
100
AcDbLine
 10
-19.441812980406844
 20
-1.553386009782813
 30
0.0
 11
-19.42141457301892
 21
-1.0650448330077729
 31
0.0
  0
LINE
  5
6BF
330
17
100
AcDbEntity
  8
ENGRAVE_POLARS
100
AcDbLine
 10
-19.42141457301892
 20
-1.0650448330077729
 30
0.0
 11
-19.403296524203082
 21
-0.6312869035097265
 31
0.0
  0
LINE
  5
6C0
330
17
100
AcDbEntity
  8
ENGRAVE_POLARS
100
AcDbLine
 10
-19.403296524203082
 20
-0.6312869035097265
 30
0.0
 11
-19.388217833387404
 21
-0.270232024702521
 31
0.0
  0
LINE
  5
6C1
330
17
100
AcDbEntity
  8
ENGRAVE_POLARS
100
AcDbLine
 10
-19.388217833387404
 20
-0.270232024702521
 30
0.0
 11
-19.3769375
 21
-2.3729904486653316e-15
 31
0.0
  0
TEXT
  5
6C2
330
17
100
AcDbEntity
  8
ENGRAVE_TEXT
100
AcDbText
 10
15.038515676892466
 20
10.14307227292692
 30
0.0
 40
4.5
  1
14
 72
1
 11
15.038515676892466
 21
10.14307227292692
 31
0.0
100
AcDbText
 73
2
  0
TEXT
  5
6C3
330
17
100
AcDbEntity
  8
ENGRAVE_TEXT
100
AcDbText
 10
15.038515676892466
 20
-10.14307227292692
 30
0.0
 40
4.5
  1
14
 72
1
 11
15.038515676892466
 21
-10.14307227292692
 31
0.0
100
AcDbText
 73
2
  0
CIRCLE
  5
6C4
330
17
100
AcDbEntity
  8
ENGRAVE_VMG
100
AcDbCircle
 10
14.294337653845517
 20
11.167398082624866
 30
0.0
 40
0.6
  0
CIRCLE
  5
6C5
330
17
100
AcDbEntity
  8
ENGRAVE_VMG
100
AcDbCircle
 10
14.294337653845517
 20
-11.167398082624866
 30
0.0
 40
0.6
  0
CIRCLE
  5
6C6
330
17
100
AcDbEntity
  8
ENGRAVE_VMG
100
AcDbCircle
 10
-19.59698097961972
 20
5.315200982505077
 30
0.0
 40
0.6
  0
CIRCLE
  5
6C7
330
17
100
AcDbEntity
  8
ENGRAVE_VMG
100
AcDbCircle
 10
-19.59698097961972
 20
-5.315200982505077
 30
0.0
 40
0.6
  0
LINE
  5
6C8
330
17
100
AcDbEntity
  8
ENGRAVE_POLARS
100
AcDbLine
 10
12.639384441374956
 20
10.015159102269097
 30
0.0
 11
12.562416558119216
 21
10.220746802847694
 31
0.0
  0
LINE
  5
6C9
330
17
100
AcDbEntity
  8
ENGRAVE_POLARS
100
AcDbLine
 10
12.562416558119216
 20
10.220746802847694
 30
0.0
 11
12.466925151308669
 21
10.487856549818215
 31
0.0
  0
LINE
  5
6CA
330
17
100
AcDbEntity
  8
ENGRAVE_POLARS
100
AcDbLine
 10
12.466925151308669
 20
10.487856549818215
 30
0.0
 11
12.355368806972582
 21
10.805489912937134
 31
0.0
  0
LINE
  5
6CB
330
17
100
AcDbEntity
  8
ENGRAVE_POLARS
100
AcDbLine
 10
12.355368806972582
 20
10.805489912937134
 30
0.0
 11
12.230206111140237
 21
11.162648461960927
 31
0.0
  0
LINE
  5
6CC
330
17
100
AcDbEntity
  8
ENGRAVE_POLARS
100
AcDbLine
 10
12.230206111140237
 20
11.162648461960927
 30
0.0
 11
12.09389564984091
 21
11.548333766646081
 31
0.0
  0
LINE
  5
6CD
330
17
100
AcDbEntity
  8
ENGRAVE_POLARS
100
AcDbLine
 10
12.09389564984091
 20
11.548333766646081
 30
0.0
 11
11.948896009103871
 21
11.951547396749064
 31
0.0
  0
LINE
  5
6CE
330
17
100
AcDbEntity
  8
ENGRAVE_POLARS
100
AcDbLine
 10
11.948896009103871
 20
11.951547396749064
 30
0.0
 11
11.797665774958395
 21
12.361290922026358
 31
0.0
  0
LINE
  5
6CF
330
17
100
AcDbEntity
  8
ENGRAVE_POLARS
100
AcDbLine
 10
11.797665774958395
 20
12.361290922026358
 30
0.0
 11
11.642663533433762
 21
12.766565912234444
 31
0.0
  0
LINE
  5
6D0
330
17
100
AcDbEntity
  8
ENGRAVE_POLARS
100
AcDbLine
 10
11.642663533433762
 20
12.766565912234444
 30
0.0
 11
11.486347870559246
 21
13.156373937129798
 31
0.0
  0
LINE
  5
6D1
330
17
100
AcDbEntity
  8
ENGRAVE_POLARS
100
AcDbLine
 10
11.486347870559246
 20
13.156373937129798
 30
0.0
 11
11.33117737236412
 21
13.5197165664689
 31
0.0
  0
LINE
  5
6D2
330
17
100
AcDbEntity
  8
ENGRAVE_POLARS
100
AcDbLine
 10
11.33117737236412
 20
13.5197165664689
 30
0.0
 11
11.179610624877661
 21
13.84559537000822
 31
0.0
  0
LINE
  5
6D3
330
17
100
AcDbEntity
  8
ENGRAVE_POLARS
100
AcDbLine
 10
11.179610624877661
 20
13.84559537000822
 30
0.0
 11
11.034106214129142
 21
14.123011917504249
 31
0.0
  0
LINE
  5
6D4
330
17
100
AcDbEntity
  8
ENGRAVE_POLARS
100
AcDbLine
 10
11.034106214129142
 20
14.123011917504249
 30
0.0
 11
10.894150093250996
 21
14.357646207981576
 31
0.0
  0
LINE
  5
6D5
330
17
100
AcDbEntity
  8
ENGRAVE_POLARS
100
AcDbLine
 10
10.894150093250996
 20
14.357646207981576
 30
0.0
 11
10.756733047659202
 21
14.565111073812426
 31
0.0
  0
LINE
  5
6D6
330
17
100
AcDbEntity
  8
ENGRAVE_POLARS
100
AcDbLine
 10
10.756733047659202
 20
14.565111073812426
 30
0.0
 11
10.620570911808342
 21
14.749307334774711
 31
0.0
  0
LINE
  5
6D7
330
17
100
AcDbEntity
  8
ENGRAVE_POLARS
100
AcDbLine
 10
10.620570911808342
 20
14.749307334774711
 30
0.0
 11
10.484379520153011
 21
14.914135810646352
 31
0.0
  0
LINE
  5
6D8
330
17
100
AcDbEntity
  8
ENGRAVE_POLARS
100
AcDbLine
 10
10.484379520153011
 20
14.914135810646352
 30
0.0
 11
10.346874707147794
 21
15.063497321205258
 31
0.0
  0
LINE
  5
6D9
330
17
100
AcDbEntity
  8
ENGRAVE_POLARS
100
AcDbLine
 10
10.346874707147794
 20
15.063497321205258
 30
0.0
 11
10.206772307247284
 21
15.201292686229348
 31
0.0
  0
LINE
  5
6DA
330
17
100
AcDbEntity
  8
ENGRAVE_POLARS
100
AcDbLine
 10
10.206772307247284
 20
15.201292686229348
 30
0.0
 11
10.062788154906064
 21
15.331422725496537
 31
0.0
  0
LINE
  5
6DB
330
17
100
AcDbEntity
  8
ENGRAVE_POLARS
100
AcDbLine
 10
10.062788154906064
 20
15.331422725496537
 30
0.0
 11
9.913638084578732
 21
15.45778825878474
 31
0.0
  0
LINE
  5
6DC
330
17
100
AcDbEntity
  8
ENGRAVE_POLARS
100
AcDbLine
 10
9.913638084578732
 20
15.45778825878474
 30
0.0
 11
9.758037930719869
 21
15.584290105871872
 31
0.0
  0
LINE
  5
6DD
330
17
100
AcDbEntity
  8
ENGRAVE_POLARS
100
AcDbLine
 10
9.758037930719869
 20
15.584290105871872
 30
0.0
 11
9.594703527784068
 21
15.714829086535849
 31
0.0
  0
LINE
  5
6DE
330
17
100
AcDbEntity
  8
ENGRAVE_POLARS
100
AcDbLine
 10
9.594703527784068
 20
15.714829086535849
 30
0.0
 11
9.422350710225913
 21
15.853306020554584
 31
0.0
  0
LINE
  5
6DF
330
17
100
AcDbEntity
  8
ENGRAVE_POLARS
100
AcDbLine
 10
9.422350710225913
 20
15.853306020554584
 30
0.0
 11
9.239695312500002
 21
16.003621727705994
 31
0.0
  0
LINE
  5
6E0
330
17
100
AcDbEntity
  8
ENGRAVE_POLARS
100
AcDbLine
 10
9.239695312500002
 20
16.003621727705994
 30
0.0
 11
9.041436468986138
 21
16.16492157464695
 31
0.0
  0
LINE
  5
6E1
330
17
100
AcDbEntity
  8
ENGRAVE_POLARS
100
AcDbLine
 10
9.041436468986138
 20
16.16492157464695
 30
0.0
 11
8.825601809430102
 21
16.33240626403773
 31
0.0
  0
LINE
  5
6E2
330
17
100
AcDbEntity
  8
ENGRAVE_POLARS
100
AcDbLine
 10
8.825601809430102
 20
16.33240626403773
 30
0.0
 11
8.595899911335449
 21
16.50405961966137
 31
0.0
  0
LINE
  5
6E3
330
17
100
AcDbEntity
  8
ENGRAVE_POLARS
100
AcDbLine
 10
8.595899911335449
 20
16.50405961966137
 30
0.0
 11
8.356039352205716
 21
16.677865465300908
 31
0.0
  0
LINE
  5
6E4
330
17
100
AcDbEntity
  8
ENGRAVE_POLARS
100
AcDbLine
 10
8.356039352205716
 20
16.677865465300908
 30
0.0
 11
8.109728709544457
 21
16.851807624739376
 31
0.0
  0
LINE
  5
6E5
330
17
100
AcDbEntity
  8
ENGRAVE_POLARS
100
AcDbLine
 10
8.109728709544457
 20
16.851807624739376
 30
0.0
 11
7.860676560855217
 21
17.0238699217598
 31
0.0
  0
LINE
  5
6E6
330
17
100
AcDbEntity
  8
ENGRAVE_POLARS
100
AcDbLine
 10
7.860676560855217
 20
17.0238699217598
 30
0.0
 11
7.612591483641542
 21
17.192036180145227
 31
0.0
  0
LINE
  5
6E7
330
17
100
AcDbEntity
  8
ENGRAVE_POLARS
100
AcDbLine
 10
7.612591483641542
 20
17.192036180145227
 30
0.0
 11
7.369182055406978
 21
17.35429022367868
 31
0.0
  0
LINE
  5
6E8
330
17
100
AcDbEntity
  8
ENGRAVE_POLARS
100
AcDbLine
 10
7.369182055406978
 20
17.35429022367868
 30
0.0
 11
7.134156853655077
 21
17.50861587614321
 31
0.0
  0
LINE
  5
6E9
330
17
100
AcDbEntity
  8
ENGRAVE_POLARS
100
AcDbLine
 10
7.134156853655077
 20
17.50861587614321
 30
0.0
 11
6.911224455889379
 21
17.65299696132183
 31
0.0
  0
LINE
  5
6EA
330
17
100
AcDbEntity
  8
ENGRAVE_POLARS
100
AcDbLine
 10
6.911224455889379
 20
17.65299696132183
 30
0.0
 11
6.704093439613436
 21
17.785417302997587
 31
0.0
  0
LINE
  5
6EB
330
17
100
AcDbEntity
  8
ENGRAVE_POLARS
100
AcDbLine
 10
6.704093439613436
 20
17.785417302997587
 30
0.0
 11
6.516472382330792
 21
17.903860724953514
 31
0.0
  0
LINE
  5
6EC
330
17
100
AcDbEntity
  8
ENGRAVE_POLARS
100
AcDbLine
 10
6.516472382330792
 20
17.903860724953514
 30
0.0
 11
6.348150225345769
 21
18.007505501147747
 31
0.0
  0
LINE
  5
6ED
330
17
100
AcDbEntity
  8
ENGRAVE_POLARS
100
AcDbLine
 10
6.348150225345769
 20
18.007505501147747
 30
0.0
 11
6.194946937666336
 21
18.098028179972165
 31
0.0
  0
LINE
  5
6EE
330
17
100
AcDbEntity
  8
ENGRAVE_POLARS
100
AcDbLine
 10
6.194946937666336
 20
18.098028179972165
 30
0.0
 11
6.054617638351518
 21
18.17715999686039
 31
0.0
  0
LINE
  5
6EF
330
17
100
AcDbEntity
  8
ENGRAVE_POLARS
100
AcDbLine
 10
6.054617638351518
 20
18.17715999686039
 30
0.0
 11
5.924917446460335
 21
18.246632187246053
 31
0.0
  0
LINE
  5
6F0
330
17
100
AcDbEntity
  8
ENGRAVE_POLARS
100
AcDbLine
 10
5.924917446460335
 20
18.246632187246053
 30
0.0
 11
5.803601481051812
 21
18.308175986562784
 31
0.0
  0
LINE
  5
6F1
330
17
100
AcDbEntity
  8
ENGRAVE_POLARS
100
AcDbLine
 10
5.803601481051812
 20
18.308175986562784
 30
0.0
 11
5.688424861184971
 21
18.363522630244205
 31
0.0
  0
LINE
  5
6F2
330
17
100
AcDbEntity
  8
ENGRAVE_POLARS
100
AcDbLine
 10
5.688424861184971
 20
18.363522630244205
 30
0.0
 11
5.577142705918835
 21
18.414403353723948
 31
0.0
  0
LINE
  5
6F3
330
17
100
AcDbEntity
  8
ENGRAVE_POLARS
100
AcDbLine
 10
5.577142705918835
 20
18.414403353723948
 30
0.0
 11
5.467510134312426
 21
18.462549392435644
 31
0.0
  0
LINE
  5
6F4
330
17
100
AcDbEntity
  8
ENGRAVE_POLARS
100
AcDbLine
 10
5.467510134312426
 20
18.462549392435644
 30
0.0
 11
5.35728226542477
 21
18.509691981812924
 31
0.0
  0
LINE
  5
6F5
330
17
100
AcDbEntity
  8
ENGRAVE_POLARS
100
AcDbLine
 10
5.35728226542477
 20
18.509691981812924
 30
0.0
 11
5.244214218314885
 21
18.55756235728941
 31
0.0
  0
LINE
  5
6F6
330
17
100
AcDbEntity
  8
ENGRAVE_POLARS
100
AcDbLine
 10
5.244214218314885
 20
18.55756235728941
 30
0.0
 11
5.126061112041797
 21
18.60789175429873
 31
0.0
  0
LINE
  5
6F7
330
17
100
AcDbEntity
  8
ENGRAVE_POLARS
100
AcDbLine
 10
5.126061112041797
 20
18.60789175429873
 30
0.0
 11
5.000578065664528
 21
18.662411408274515
 31
0.0
  0
LINE
  5
6F8
330
17
100
AcDbEntity
  8
ENGRAVE_POLARS
100
AcDbLine
 10
5.000578065664528
 20
18.662411408274515
 30
0.0
 11
4.875831974735501
 21
18.718555754407316
 31
0.0
  0
LINE
  5
6F9
330
17
100
AcDbEntity
  8
ENGRAVE_POLARS
100
AcDbLine
 10
4.875831974735501
 20
18.718555754407316
 30
0.0
 11
4.759405279269143
 21
18.772803540072598
 31
0.0
  0
LINE
  5
6FA
330
17
100
AcDbEntity
  8
ENGRAVE_POLARS
100
AcDbLine
 10
4.759405279269143
 20
18.772803540072598
 30
0.0
 11
4.648326415017482
 21
18.825452468981407
 31
0.0
  0
LINE
  5
6FB
330
17
100
AcDbEntity
  8
ENGRAVE_POLARS
100
AcDbLine
 10
4.648326415017482
 20
18.825452468981407
 30
0.0
 11
4.539623817732542
 21
18.876800244844762
 31
0.0
  0
LINE
  5
6FC
330
17
100
AcDbEntity
  8
ENGRAVE_POLARS
100
AcDbLine
 10
4.539623817732542
 20
18.876800244844762
 30
0.0
 11
4.430325923166354
 21
18.927144571373702
 31
0.0
  0
LINE
  5
6FD
330
17
100
AcDbEntity
  8
ENGRAVE_POLARS
100
AcDbLine
 10
4.430325923166354
 20
18.927144571373702
 30
0.0
 11
4.3174611670709435
 21
18.976783152279246
 31
0.0
  0
LINE
  5
6FE
330
17
100
AcDbEntity
  8
ENGRAVE_POLARS
100
AcDbLine
 10
4.3174611670709435
 20
18.976783152279246
 30
0.0
 11
4.1980579851983375
 21
19.02601369127243
 31
0.0
  0
LINE
  5
6FF
330
17
100
AcDbEntity
  8
ENGRAVE_POLARS
100
AcDbLine
 10
4.1980579851983375
 20
19.02601369127243
 30
0.0
 11
4.069144813300564
 21
19.075133892064287
 31
0.0
  0
LINE
  5
700
330
17
100
AcDbEntity
  8
ENGRAVE_POLARS
100
AcDbLine
 10
4.069144813300564
 20
19.075133892064287
 30
0.0
 11
3.9277500871296525
 21
19.124441458365837
 31
0.0
  0
LINE
  5
701
330
17
100
AcDbEntity
  8
ENGRAVE_POLARS
100
AcDbLine
 10
3.9277500871296525
 20
19.124441458365837
 30
0.0
 11
3.770902242437627
 21
19.17423409388812
 31
0.0
  0
LINE
  5
702
330
17
100
AcDbEntity
  8
ENGRAVE_POLARS
100
AcDbLine
 10
3.770902242437627
 20
19.17423409388812
 30
0.0
 11
3.5956297149765155
 21
19.224809502342154
 31
0.0
  0
LINE
  5
703
330
17
100
AcDbEntity
  8
ENGRAVE_POLARS
100
AcDbLine
 10
3.5956297149765155
 20
19.224809502342154
 30
0.0
 11
3.3989609404983474
 21
19.276465387438982
 31
0.0
  0
LINE
  5
704
330
17
100
AcDbEntity
  8
ENGRAVE_POLARS
100
AcDbLine
 10
3.3989609404983474
 20
19.276465387438982
 30
0.0
 11
3.190531734502667
 21
19.331985311655153
 31
0.0
  0
LINE
  5
705
330
17
100
AcDbEntity
  8
ENGRAVE_POLARS
100
AcDbLine
 10
3.190531734502667
 20
19.331985311655153
 30
0.0
 11
2.9797156860324296
 21
19.392815865245534
 31
0.0
  0
LINE
  5
706
330
17
100
AcDbEntity
  8
ENGRAVE_POLARS
100
AcDbLine
 10
2.9797156860324296
 20
19.392815865245534
 30
0.0
 11
2.7631478911547744
 21
19.457249293588625
 31
0.0
  0
LINE
  5
707
330
17
100
AcDbEntity
  8
ENGRAVE_POLARS
100
AcDbLine
 10
2.7631478911547744
 20
19.457249293588625
 30
0.0
 11
2.5374634459368393
 21
19.52357784206292
 31
0.0
  0
LINE
  5
708
330
17
100
AcDbEntity
  8
ENGRAVE_POLARS
100
AcDbLine
 10
2.5374634459368393
 20
19.52357784206292
 30
0.0
 11
2.299297446445765
 21
19.59009375604692
 31
0.0
  0
LINE
  5
709
330
17
100
AcDbEntity
  8
ENGRAVE_POLARS
100
AcDbLine
 10
2.299297446445765
 20
19.59009375604692
 30
0.0
 11
2.0452849887486897
 21
19.655089280919103
 31
0.0
  0
LINE
  5
70A
330
17
100
AcDbEntity
  8
ENGRAVE_POLARS
100
AcDbLine
 10
2.0452849887486897
 20
19.655089280919103
 30
0.0
 11
1.7720611689127517
 21
19.716856662057978
 31
0.0
  0
LINE
  5
70B
330
17
100
AcDbEntity
  8
ENGRAVE_POLARS
100
AcDbLine
 10
1.7720611689127517
 20
19.716856662057978
 30
0.0
 11
1.4762610830050913
 21
19.773688144842037
 31
0.0
  0
LINE
  5
70C
330
17
100
AcDbEntity
  8
ENGRAVE_POLARS
100
AcDbLine
 10
1.4762610830050913
 20
19.773688144842037
 30
0.0
 11
1.1545198270928472
 21
19.823875974649773
 31
0.0
  0
LINE
  5
70D
330
17
100
AcDbEntity
  8
ENGRAVE_POLARS
100
AcDbLine
 10
1.1545198270928472
 20
19.823875974649773
 30
0.0
 11
0.8034724972431577
 21
19.86571239685968
 31
0.0
  0
LINE
  5
70E
330
17
100
AcDbEntity
  8
ENGRAVE_POLARS
100
AcDbLine
 10
0.8034724972431577
 20
19.86571239685968
 30
0.0
 11
0.4197541895231628
 21
19.89748965685026
 31
0.0
  0
LINE
  5
70F
330
17
100
AcDbEntity
  8
ENGRAVE_POLARS
100
AcDbLine
 10
0.4197541895231628
 20
19.89748965685026
 30
0.0
 11
1.2195951311008704e-15
 21
19.9175
 31
0.0
  0
LINE
  5
710
330
17
100
AcDbEntity
  8
ENGRAVE_POLARS
100
AcDbLine
 10
1.2195951311008704e-15
 20
19.9175
 30
0.0
 11
-0.47459112463628134
 21
19.92618326694101
 31
0.0
  0
LINE
  5
711
330
17
100
AcDbEntity
  8
ENGRAVE_POLARS
100
AcDbLine
 10
-0.47459112463628134
 20
19.92618326694101
 30
0.0
 11
-1.0123126867470795
 21
19.925682361298996
 31
0.0
  0
LINE
  5
712
330
17
100
AcDbEntity
  8
ENGRAVE_POLARS
100
AcDbLine
 10
-1.0123126867470795
 20
19.925682361298996
 30
0.0
 11
-1.6007682638424163
 21
19.916844122942862
 31
0.0
  0
LINE
  5
713
330
17
100
AcDbEntity
  8
ENGRAVE_POLARS
100
AcDbLine
 10
-1.6007682638424163
 20
19.916844122942862
 30
0.0
 11
-2.2275614334323146
 21
19.9005153917415
 31
0.0
  0
LINE
  5
714
330
17
100
AcDbEntity
  8
ENGRAVE_POLARS
100
AcDbLine
 10
-2.2275614334323146
 20
19.9005153917415
 30
0.0
 11
-2.8802957730267966
 21
19.87754300756382
 31
0.0
  0
LINE
  5
715
330
17
100
AcDbEntity
  8
ENGRAVE_POLARS
100
AcDbLine
 10
-2.8802957730267966
 20
19.87754300756382
 30
0.0
 11
-3.546574860135885
 21
19.84877381027872
 31
0.0
  0
LINE
  5
716
330
17
100
AcDbEntity
  8
ENGRAVE_POLARS
100
AcDbLine
 10
-3.546574860135885
 20
19.84877381027872
 30
0.0
 11
-4.214002272269603
 21
19.815054639755093
 31
0.0
  0
LINE
  5
717
330
17
100
AcDbEntity
  8
ENGRAVE_POLARS
100
AcDbLine
 10
-4.214002272269603
 20
19.815054639755093
 30
0.0
 11
-4.870181586937973
 21
19.77723233586185
 31
0.0
  0
LINE
  5
718
330
17
100
AcDbEntity
  8
ENGRAVE_POLARS
100
AcDbLine
 10
-4.870181586937973
 20
19.77723233586185
 30
0.0
 11
-5.502716381651017
 21
19.736153738467884
 31
0.0
  0
LINE
  5
719
330
17
100
AcDbEntity
  8
ENGRAVE_POLARS
100
AcDbLine
 10
-5.502716381651017
 20
19.736153738467884
 30
0.0
 11
-6.099210233918758
 21
19.692665687442094
 31
0.0
  0
LINE
  5
71A
330
17
100
AcDbEntity
  8
ENGRAVE_POLARS
100
AcDbLine
 10
-6.099210233918758
 20
19.692665687442094
 30
0.0
 11
-6.64726672125122
 21
19.64761502265338
 31
0.0
  0
LINE
  5
71B
330
17
100
AcDbEntity
  8
ENGRAVE_POLARS
100
AcDbLine
 10
-6.64726672125122
 20
19.64761502265338
 30
0.0
 11
-7.134489421158424
 21
19.60184858397065
 31
0.0
  0
LINE
  5
71C
330
17
100
AcDbEntity
  8
ENGRAVE_POLARS
100
AcDbLine
 10
-7.134489421158424
 20
19.60184858397065
 30
0.0
 11
-7.561907749142021
 21
19.56123544854314
 31
0.0
  0
LINE
  5
71D
330
17
100
AcDbEntity
  8
ENGRAVE_POLARS
100
AcDbLine
 10
-7.561907749142021
 20
19.56123544854314
 30
0.0
 11
-7.94370015778304
 21
19.528586658336124
 31
0.0
  0
LINE
  5
71E
330
17
100
AcDbEntity
  8
ENGRAVE_POLARS
100
AcDbLine
 10
-7.94370015778304
 20
19.528586658336124
 30
0.0
 11
-8.28719378021056
 21
19.500162000442522
 31
0.0
  0
LINE
  5
71F
330
17
100
AcDbEntity
  8
ENGRAVE_POLARS
100
AcDbLine
 10
-8.28719378021056
 20
19.500162000442522
 30
0.0
 11
-8.599715749553672
 21
19.472221261955266
 31
0.0
  0
LINE
  5
720
330
17
100
AcDbEntity
  8
ENGRAVE_POLARS
100
AcDbLine
 10
-8.599715749553672
 20
19.472221261955266
 30
0.0
 11
-8.888593198941457
 21
19.441024229967294
 31
0.0
  0
LINE
  5
721
330
17
100
AcDbEntity
  8
ENGRAVE_POLARS
100
AcDbLine
 10
-8.888593198941457
 20
19.441024229967294
 30
0.0
 11
-9.161153261503003
 21
19.40283069157153
 31
0.0
  0
LINE
  5
722
330
17
100
AcDbEntity
  8
ENGRAVE_POLARS
100
AcDbLine
 10
-9.161153261503003
 20
19.40283069157153
 30
0.0
 11
-9.424723070367392
 21
19.353900433860897
 31
0.0
  0
LINE
  5
723
330
17
100
AcDbEntity
  8
ENGRAVE_POLARS
100
AcDbLine
 10
-9.424723070367392
 20
19.353900433860897
 30
0.0
 11
-9.686629758663711
 21
19.29049324392834
 31
0.0
  0
LINE
  5
724
330
17
100
AcDbEntity
  8
ENGRAVE_POLARS
100
AcDbLine
 10
-9.686629758663711
 20
19.29049324392834
 30
0.0
 11
-9.954200459521047
 21
19.208868908866776
 31
0.0
  0
LINE
  5
725
330
17
100
AcDbEntity
  8
ENGRAVE_POLARS
100
AcDbLine
 10
-9.954200459521047
 20
19.208868908866776
 30
0.0
 11
-10.234762306068482
 21
19.10528721576914
 31
0.0
  0
LINE
  5
726
330
17
100
AcDbEntity
  8
ENGRAVE_POLARS
100
AcDbLine
 10
-10.234762306068482
 20
19.10528721576914
 30
0.0
 11
-10.535642431435102
 21
18.97600795172836
 31
0.0
  0
LINE
  5
727
330
17
100
AcDbEntity
  8
ENGRAVE_POLARS
100
AcDbLine
 10
-10.535642431435102
 20
18.97600795172836
 30
0.0
 11
-10.864167968749994
 21
18.817290903837367
 31
0.0
  0
LINE
  5
728
330
17
100
AcDbEntity
  8
ENGRAVE_POLARS
100
AcDbLine
 10
-10.864167968749994
 20
18.817290903837367
 30
0.0
 11
-11.22213865413722
 21
18.63115594753527
 31
0.0
  0
LINE
  5
729
330
17
100
AcDbEntity
  8
ENGRAVE_POLARS
100
AcDbLine
 10
-11.22213865413722
 20
18.63115594753527
 30
0.0
 11
-11.602706538080367
 21
18.422968690363767
 31
0.0
  0
LINE
  5
72A
330
17
100
AcDbEntity
  8
ENGRAVE_POLARS
100
AcDbLine
 10
-11.602706538080367
 20
18.422968690363767
 30
0.0
 11
-12.000227225247803
 21
18.194007517569656
 31
0.0
  0
LINE
  5
72B
330
17
100
AcDbEntity
  8
ENGRAVE_POLARS
100
AcDbLine
 10
-12.000227225247803
 20
18.194007517569656
 30
0.0
 11
-12.409056320307887
 21
17.945550814399738
 31
0.0
  0
LINE
  5
72C
330
17
100
AcDbEntity
  8
ENGRAVE_POLARS
100
AcDbLine
 10
-12.409056320307887
 20
17.945550814399738
 30
0.0
 11
-12.82354942792899
 21
17.67887696610082
 31
0.0
  0
LINE
  5
72D
330
17
100
AcDbEntity
  8
ENGRAVE_POLARS
100
AcDbLine
 10
-12.82354942792899
 20
17.67887696610082
 30
0.0
 11
-13.238062152779467
 21
17.395264357919697
 31
0.0
  0
LINE
  5
72E
330
17
100
AcDbEntity
  8
ENGRAVE_POLARS
100
AcDbLine
 10
-13.238062152779467
 20
17.395264357919697
 30
0.0
 11
-13.64695009952769
 21
17.095991375103182
 31
0.0
  0
LINE
  5
72F
330
17
100
AcDbEntity
  8
ENGRAVE_POLARS
100
AcDbLine
 10
-13.64695009952769
 20
17.095991375103182
 30
0.0
 11
-14.04456887284202
 21
16.782336402898064
 31
0.0
  0
LINE
  5
730
330
17
100
AcDbEntity
  8
ENGRAVE_POLARS
100
AcDbLine
 10
-14.04456887284202
 20
16.782336402898064
 30
0.0
 11
-14.425274077390828
 21
16.455577826551167
 31
0.0
  0
LINE
  5
731
330
17
100
AcDbEntity
  8
ENGRAVE_POLARS
100
AcDbLine
 10
-14.425274077390828
 20
16.455577826551167
 30
0.0
 11
-14.78342131784247
 21
16.116994031309275
 31
0.0
  0
LINE
  5
732
330
17
100
AcDbEntity
  8
ENGRAVE_POLARS
100
AcDbLine
 10
-14.78342131784247
 20
16.116994031309275
 30
0.0
 11
-15.113366198865313
 21
15.767863402419191
 31
0.0
  0
LINE
  5
733
330
17
100
AcDbEntity
  8
ENGRAVE_POLARS
100
AcDbLine
 10
-15.113366198865313
 20
15.767863402419191
 30
0.0
 11
-15.409464325127724
 21
15.409464325127725
 31
0.0
  0
LINE
  5
734
330
17
100
AcDbEntity
  8
ENGRAVE_POLARS
100
AcDbLine
 10
-15.409464325127724
 20
15.409464325127725
 30
0.0
 11
-15.674862637527692
 21
15.03405627678797
 31
0.0
  0
LINE
  5
735
330
17
100
AcDbEntity
  8
ENGRAVE_POLARS
100
AcDbLine
 10
-15.674862637527692
 20
15.03405627678797
 30
0.0
 11
-15.917721256998455
 21
14.635318868173563
 31
0.0
  0
LINE
  5
736
330
17
100
AcDbEntity
  8
ENGRAVE_POLARS
100
AcDbLine
 10
-15.917721256998455
 20
14.635318868173563
 30
0.0
 11
-16.139915558261237
 21
14.216660684662122
 31
0.0
  0
LINE
  5
737
330
17
100
AcDbEntity
  8
ENGRAVE_POLARS
100
AcDbLine
 10
-16.139915558261237
 20
14.216660684662122
 30
0.0
 11
-16.343320916037264
 21
13.781490311631268
 31
0.0
  0
LINE
  5
738
330
17
100
AcDbEntity
  8
ENGRAVE_POLARS
100
AcDbLine
 10
-16.343320916037264
 20
13.781490311631268
 30
0.0
 11
-16.529812705047767
 21
13.333216334458628
 31
0.0
  0
LINE
  5
739
330
17
100
AcDbEntity
  8
ENGRAVE_POLARS
100
AcDbLine
 10
-16.529812705047767
 20
13.333216334458628
 30
0.0
 11
-16.701266300013966
 21
12.87524733852181
 31
0.0
  0
LINE
  5
73A
330
17
100
AcDbEntity
  8
ENGRAVE_POLARS
100
AcDbLine
 10
-16.701266300013966
 20
12.87524733852181
 30
0.0
 11
-16.859557075657094
 21
12.410991909198438
 31
0.0
  0
LINE
  5
73B
330
17
100
AcDbEntity
  8
ENGRAVE_POLARS
100
AcDbLine
 10
-16.859557075657094
 20
12.410991909198438
 30
0.0
 11
-17.006560406698377
 21
11.943858631866135
 31
0.0
  0
LINE
  5
73C
330
17
100
AcDbEntity
  8
ENGRAVE_POLARS
100
AcDbLine
 10
-17.006560406698377
 20
11.943858631866135
 30
0.0
 11
-17.144151667859038
 21
11.477256091902523
 31
0.0
  0
LINE
  5
73D
330
17
100
AcDbEntity
  8
ENGRAVE_POLARS
100
AcDbLine
 10
-17.144151667859038
 20
11.477256091902523
 30
0.0
 11
-17.274206233860305
 21
11.014592874685214
 31
0.0
  0
LINE
  5
73E
330
17
100
AcDbEntity
  8
ENGRAVE_POLARS
100
AcDbLine
 10
-17.274206233860305
 20
11.014592874685214
 30
0.0
 11
-17.398599479423403
 21
10.559277565591833
 31
0.0
  0
LINE
  5
73F
330
17
100
AcDbEntity
  8
ENGRAVE_POLARS
100
AcDbLine
 10
-17.398599479423403
 20
10.559277565591833
 30
0.0
 11
-17.519206779269567
 21
10.114718749999998
 31
0.0
  0
LINE
  5
740
330
17
100
AcDbEntity
  8
ENGRAVE_POLARS
100
AcDbLine
 10
-17.519206779269567
 20
10.114718749999998
 30
0.0
 11
-17.631842431690462
 21
9.663989810942153
 31
0.0
  0
LINE
  5
741
330
17
100
AcDbEntity
  8
ENGRAVE_POLARS
100
AcDbLine
 10
-17.631842431690462
 20
9.663989810942153
 30
0.0
 11
-17.731796944993995
 21
9.19260080811791
 31
0.0
  0
LINE
  5
742
330
17
100
AcDbEntity
  8
ENGRAVE_POLARS
100
AcDbLine
 10
-17.731796944993995
 20
9.19260080811791
 30
0.0
 11
-17.82016000892575
 21
8.707615341905626
 31
0.0
  0
LINE
  5
743
330
17
100
AcDbEntity
  8
ENGRAVE_POLARS
100
AcDbLine
 10
-17.82016000892575
 20
8.707615341905626
 30
0.0
 11
-17.898021313231304
 21
8.216097012683669
 31
0.0
  0
LINE
  5
744
330
17
100
AcDbEntity
  8
ENGRAVE_POLARS
100
AcDbLine
 10
-17.898021313231304
 20
8.216097012683669
 30
0.0
 11
-17.966470547656243
 21
7.725109420830399
 31
0.0
  0
LINE
  5
745
330
17
100
AcDbEntity
  8
ENGRAVE_POLARS
100
AcDbLine
 10
-17.966470547656243
 20
7.725109420830399
 30
0.0
 11
-18.026597401946137
 21
7.241716166724175
 31
0.0
  0
LINE
  5
746
330
17
100
AcDbEntity
  8
ENGRAVE_POLARS
100
AcDbLine
 10
-18.026597401946137
 20
7.241716166724175
 30
0.0
 11
-18.079491565846574
 21
6.772980850743364
 31
0.0
  0
LINE
  5
747
330
17
100
AcDbEntity
  8
ENGRAVE_POLARS
100
AcDbLine
 10
-18.079491565846574
 20
6.772980850743364
 30
0.0
 11
-18.12624272910313
 21
6.325967073266329
 31
0.0
  0
LINE
  5
748
330
17
100
AcDbEntity
  8
ENGRAVE_POLARS
100
AcDbLine
 10
-18.12624272910313
 20
6.325967073266329
 30
0.0
 11
-18.167940581461384
 21
5.907738434671433
 31
0.0
  0
LINE
  5
749
330
17
100
AcDbEntity
  8
ENGRAVE_POLARS
100
AcDbLine
 10
-18.167940581461384
 20
5.907738434671433
 30
0.0
 11
-18.205674812666913
 21
5.525358535337035
 31
0.0
  0
LINE
  5
74A
330
17
100
AcDbEntity
  8
ENGRAVE_POLARS
100
AcDbLine
 10
-18.205674812666913
 20
5.525358535337035
 30
0.0
 11
-18.240535112465302
 21
5.185890975641499
 31
0.0
  0
LINE
  5
74B
330
17
100
AcDbEntity
  8
ENGRAVE_POLARS
100
AcDbLine
 10
-18.240535112465302
 20
5.185890975641499
 30
0.0
 11
-18.27361117060213
 21
4.896399355963188
 31
0.0
  0
LINE
  5
74C
330
17
100
AcDbEntity
  8
ENGRAVE_POLARS
100
AcDbLine
 10
-18.27361117060213
 20
4.896399355963188
 30
0.0
 11
-18.301540707485536
 21
4.6705885112237295
 31
0.0
  0
LINE
  5
74D
330
17
100
AcDbEntity
  8
ENGRAVE_POLARS
100
AcDbLine
 10
-18.301540707485536
 20
4.6705885112237295
 30
0.0
 11
-18.32099533819825
 21
4.50947395414231
 31
0.0
  0
LINE
  5
74E
330
17
100
AcDbEntity
  8
ENGRAVE_POLARS
100
AcDbLine
 10
-18.32099533819825
 20
4.50947395414231
 30
0.0
 11
-18.333115594497745
 21
4.401085301793627
 31
0.0
  0
LINE
  5
74F
330
17
100
AcDbEntity
  8
ENGRAVE_POLARS
100
AcDbLine
 10
-18.333115594497745
 20
4.401085301793627
 30
0.0
 11
-18.339042008141465
 21
4.33345217125238
 31
0.0
  0
LINE
  5
750
330
17
100
AcDbEntity
  8
ENGRAVE_POLARS
100
AcDbLine
 10
-18.339042008141465
 20
4.33345217125238
 30
0.0
 11
-18.33991511088689
 21
4.2946041795932715
 31
0.0
  0
LINE
  5
751
330
17
100
AcDbEntity
  8
ENGRAVE_POLARS
100
AcDbLine
 10
-18.33991511088689
 20
4.2946041795932715
 30
0.0
 11
-18.336875434491475
 21
4.272570943891
 31
0.0
  0
LINE
  5
752
330
17
100
AcDbEntity
  8
ENGRAVE_POLARS
100
AcDbLine
 10
-18.336875434491475
 20
4.272570943891
 30
0.0
 11
-18.331063510712685
 21
4.255382081220265
 31
0.0
  0
LINE
  5
753
330
17
100
AcDbEntity
  8
ENGRAVE_POLARS
100
AcDbLine
 10
-18.331063510712685
 20
4.255382081220265
 30
0.0
 11
-18.323619871307983
 21
4.231067208655768
 31
0.0
  0
LINE
  5
754
330
17
100
AcDbEntity
  8
ENGRAVE_POLARS
100
AcDbLine
 10
-18.323619871307983
 20
4.231067208655768
 30
0.0
 11
-18.31568504803484
 21
4.1876559432722065
 31
0.0
  0
LINE
  5
755
330
17
100
AcDbEntity
  8
ENGRAVE_POLARS
100
AcDbLine
 10
-18.31568504803484
 20
4.1876559432722065
 30
0.0
 11
-18.308399572650703
 21
4.113177902144283
 31
0.0
  0
LINE
  5
756
330
17
100
AcDbEntity
  8
ENGRAVE_POLARS
100
AcDbLine
 10
-18.308399572650703
 20
4.113177902144283
 30
0.0
 11
-18.302903976913047
 21
3.995662702346695
 31
0.0
  0
LINE
  5
757
330
17
100
AcDbEntity
  8
ENGRAVE_POLARS
100
AcDbLine
 10
-18.302903976913047
 20
3.995662702346695
 30
0.0
 11
-18.300338792579335
 21
3.8231399609541445
 31
0.0
  0
LINE
  5
758
330
17
100
AcDbEntity
  8
ENGRAVE_POLARS
100
AcDbLine
 10
-18.300338792579335
 20
3.8231399609541445
 30
0.0
 11
-18.299008217942504
 21
3.5886540524339092
 31
0.0
  0
LINE
  5
759
330
17
100
AcDbEntity
  8
ENGRAVE_POLARS
100
AcDbLine
 10
-18.299008217942504
 20
3.5886540524339092
 30
0.0
 11
-18.296588889999022
 21
3.3008372691836785
 31
0.0
  0
LINE
  5
75A
330
17
100
AcDbEntity
  8
ENGRAVE_POLARS
100
AcDbLine
 10
-18.296588889999022
 20
3.3008372691836785
 30
0.0
 11
-18.29327999856162
 21
2.971101105173761
 31
0.0
  0
LINE
  5
75B
330
17
100
AcDbEntity
  8
ENGRAVE_POLARS
100
AcDbLine
 10
-18.29327999856162
 20
2.971101105173761
 30
0.0
 11
-18.28928073344303
 21
2.6108570543744696
 31
0.0
  0
LINE
  5
75C
330
17
100
AcDbEntity
  8
ENGRAVE_POLARS
100
AcDbLine
 10
-18.28928073344303
 20
2.6108570543744696
 30
0.0
 11
-18.284790284455994
 21
2.231516610756115
 31
0.0
  0
LINE
  5
75D
330
17
100
AcDbEntity
  8
ENGRAVE_POLARS
100
AcDbLine
 10
-18.284790284455994
 20
2.231516610756115
 30
0.0
 11
-18.280007841413244
 21
1.8444912682890082
 31
0.0
  0
LINE
  5
75E
330
17
100
AcDbEntity
  8
ENGRAVE_POLARS
100
AcDbLine
 10
-18.280007841413244
 20
1.8444912682890082
 30
0.0
 11
-18.27513259412752
 21
1.4611925209434602
 31
0.0
  0
LINE
  5
75F
330
17
100
AcDbEntity
  8
ENGRAVE_POLARS
100
AcDbLine
 10
-18.27513259412752
 20
1.4611925209434602
 30
0.0
 11
-18.27036373241155
 21
1.0930318626897828
 31
0.0
  0
LINE
  5
760
330
17
100
AcDbEntity
  8
ENGRAVE_POLARS
100
AcDbLine
 10
-18.27036373241155
 20
1.0930318626897828
 30
0.0
 11
-18.26590044607808
 21
0.7514207874982879
 31
0.0
  0
LINE
  5
761
330
17
100
AcDbEntity
  8
ENGRAVE_POLARS
100
AcDbLine
 10
-18.26590044607808
 20
0.7514207874982879
 30
0.0
 11
-18.26194192493984
 21
0.447770789339285
 31
0.0
  0
LINE
  5
762
330
17
100
AcDbEntity
  8
ENGRAVE_POLARS
100
AcDbLine
 10
-18.26194192493984
 20
0.447770789339285
 30
0.0
 11
-18.25868735880957
 21
0.19349336218308594
 31
0.0
  0
LINE
  5
763
330
17
100
AcDbEntity
  8
ENGRAVE_POLARS
100
AcDbLine
 10
-18.25868735880957
 20
0.19349336218308594
 30
0.0
 11
-18.2563359375
 21
2.235756337001817e-15
 31
0.0
  0
LINE
  5
764
330
17
100
AcDbEntity
  8
ENGRAVE_POLARS
100
AcDbLine
 10
12.639384441374956
 20
-10.015159102269097
 30
0.0
 11
12.562416558119216
 21
-10.220746802847694
 31
0.0
  0
LINE
  5
765
330
17
100
AcDbEntity
  8
ENGRAVE_POLARS
100
AcDbLine
 10
12.562416558119216
 20
-10.220746802847694
 30
0.0
 11
12.466925151308669
 21
-10.487856549818215
 31
0.0
  0
LINE
  5
766
330
17
100
AcDbEntity
  8
ENGRAVE_POLARS
100
AcDbLine
 10
12.466925151308669
 20
-10.487856549818215
 30
0.0
 11
12.355368806972582
 21
-10.805489912937134
 31
0.0
  0
LINE
  5
767
330
17
100
AcDbEntity
  8
ENGRAVE_POLARS
100
AcDbLine
 10
12.355368806972582
 20
-10.805489912937134
 30
0.0
 11
12.230206111140237
 21
-11.162648461960927
 31
0.0
  0
LINE
  5
768
330
17
100
AcDbEntity
  8
ENGRAVE_POLARS
100
AcDbLine
 10
12.230206111140237
 20
-11.162648461960927
 30
0.0
 11
12.09389564984091
 21
-11.548333766646081
 31
0.0
  0
LINE
  5
769
330
17
100
AcDbEntity
  8
ENGRAVE_POLARS
100
AcDbLine
 10
12.09389564984091
 20
-11.548333766646081
 30
0.0
 11
11.948896009103871
 21
-11.951547396749064
 31
0.0
  0
LINE
  5
76A
330
17
100
AcDbEntity
  8
ENGRAVE_POLARS
100
AcDbLine
 10
11.948896009103871
 20
-11.951547396749064
 30
0.0
 11
11.797665774958395
 21
-12.361290922026358
 31
0.0
  0
LINE
  5
76B
330
17
100
AcDbEntity
  8
ENGRAVE_POLARS
100
AcDbLine
 10
11.797665774958395
 20
-12.361290922026358
 30
0.0
 11
11.642663533433762
 21
-12.766565912234444
 31
0.0
  0
LINE
  5
76C
330
17
100
AcDbEntity
  8
ENGRAVE_POLARS
100
AcDbLine
 10
11.642663533433762
 20
-12.766565912234444
 30
0.0
 11
11.486347870559246
 21
-13.156373937129798
 31
0.0
  0
LINE
  5
76D
330
17
100
AcDbEntity
  8
ENGRAVE_POLARS
100
AcDbLine
 10
11.486347870559246
 20
-13.156373937129798
 30
0.0
 11
11.33117737236412
 21
-13.5197165664689
 31
0.0
  0
LINE
  5
76E
330
17
100
AcDbEntity
  8
ENGRAVE_POLARS
100
AcDbLine
 10
11.33117737236412
 20
-13.5197165664689
 30
0.0
 11
11.179610624877661
 21
-13.84559537000822
 31
0.0
  0
LINE
  5
76F
330
17
100
AcDbEntity
  8
ENGRAVE_POLARS
100
AcDbLine
 10
11.179610624877661
 20
-13.84559537000822
 30
0.0
 11
11.034106214129142
 21
-14.123011917504249
 31
0.0
  0
LINE
  5
770
330
17
100
AcDbEntity
  8
ENGRAVE_POLARS
100
AcDbLine
 10
11.034106214129142
 20
-14.123011917504249
 30
0.0
 11
10.894150093250996
 21
-14.357646207981576
 31
0.0
  0
LINE
  5
771
330
17
100
AcDbEntity
  8
ENGRAVE_POLARS
100
AcDbLine
 10
10.894150093250996
 20
-14.357646207981576
 30
0.0
 11
10.756733047659202
 21
-14.565111073812426
 31
0.0
  0
LINE
  5
772
330
17
100
AcDbEntity
  8
ENGRAVE_POLARS
100
AcDbLine
 10
10.756733047659202
 20
-14.565111073812426
 30
0.0
 11
10.620570911808342
 21
-14.749307334774711
 31
0.0
  0
LINE
  5
773
330
17
100
AcDbEntity
  8
ENGRAVE_POLARS
100
AcDbLine
 10
10.620570911808342
 20
-14.749307334774711
 30
0.0
 11
10.484379520153011
 21
-14.914135810646352
 31
0.0
  0
LINE
  5
774
330
17
100
AcDbEntity
  8
ENGRAVE_POLARS
100
AcDbLine
 10
10.484379520153011
 20
-14.914135810646352
 30
0.0
 11
10.346874707147794
 21
-15.063497321205258
 31
0.0
  0
LINE
  5
775
330
17
100
AcDbEntity
  8
ENGRAVE_POLARS
100
AcDbLine
 10
10.346874707147794
 20
-15.063497321205258
 30
0.0
 11
10.206772307247284
 21
-15.201292686229348
 31
0.0
  0
LINE
  5
776
330
17
100
AcDbEntity
  8
ENGRAVE_POLARS
100
AcDbLine
 10
10.206772307247284
 20
-15.201292686229348
 30
0.0
 11
10.062788154906064
 21
-15.331422725496537
 31
0.0
  0
LINE
  5
777
330
17
100
AcDbEntity
  8
ENGRAVE_POLARS
100
AcDbLine
 10
10.062788154906064
 20
-15.331422725496537
 30
0.0
 11
9.913638084578732
 21
-15.45778825878474
 31
0.0
  0
LINE
  5
778
330
17
100
AcDbEntity
  8
ENGRAVE_POLARS
100
AcDbLine
 10
9.913638084578732
 20
-15.45778825878474
 30
0.0
 11
9.758037930719869
 21
-15.584290105871872
 31
0.0
  0
LINE
  5
779
330
17
100
AcDbEntity
  8
ENGRAVE_POLARS
100
AcDbLine
 10
9.758037930719869
 20
-15.584290105871872
 30
0.0
 11
9.594703527784068
 21
-15.714829086535849
 31
0.0
  0
LINE
  5
77A
330
17
100
AcDbEntity
  8
ENGRAVE_POLARS
100
AcDbLine
 10
9.594703527784068
 20
-15.714829086535849
 30
0.0
 11
9.422350710225913
 21
-15.853306020554584
 31
0.0
  0
LINE
  5
77B
330
17
100
AcDbEntity
  8
ENGRAVE_POLARS
100
AcDbLine
 10
9.422350710225913
 20
-15.853306020554584
 30
0.0
 11
9.239695312500002
 21
-16.003621727705994
 31
0.0
  0
LINE
  5
77C
330
17
100
AcDbEntity
  8
ENGRAVE_POLARS
100
AcDbLine
 10
9.239695312500002
 20
-16.003621727705994
 30
0.0
 11
9.041436468986138
 21
-16.16492157464695
 31
0.0
  0
LINE
  5
77D
330
17
100
AcDbEntity
  8
ENGRAVE_POLARS
100
AcDbLine
 10
9.041436468986138
 20
-16.16492157464695
 30
0.0
 11
8.825601809430102
 21
-16.33240626403773
 31
0.0
  0
LINE
  5
77E
330
17
100
AcDbEntity
  8
ENGRAVE_POLARS
100
AcDbLine
 10
8.825601809430102
 20
-16.33240626403773
 30
0.0
 11
8.595899911335449
 21
-16.50405961966137
 31
0.0
  0
LINE
  5
77F
330
17
100
AcDbEntity
  8
ENGRAVE_POLARS
100
AcDbLine
 10
8.595899911335449
 20
-16.50405961966137
 30
0.0
 11
8.356039352205716
 21
-16.677865465300908
 31
0.0
  0
LINE
  5
780
330
17
100
AcDbEntity
  8
ENGRAVE_POLARS
100
AcDbLine
 10
8.356039352205716
 20
-16.677865465300908
 30
0.0
 11
8.109728709544457
 21
-16.851807624739376
 31
0.0
  0
LINE
  5
781
330
17
100
AcDbEntity
  8
ENGRAVE_POLARS
100
AcDbLine
 10
8.109728709544457
 20
-16.851807624739376
 30
0.0
 11
7.860676560855217
 21
-17.0238699217598
 31
0.0
  0
LINE
  5
782
330
17
100
AcDbEntity
  8
ENGRAVE_POLARS
100
AcDbLine
 10
7.860676560855217
 20
-17.0238699217598
 30
0.0
 11
7.612591483641542
 21
-17.192036180145227
 31
0.0
  0
LINE
  5
783
330
17
100
AcDbEntity
  8
ENGRAVE_POLARS
100
AcDbLine
 10
7.612591483641542
 20
-17.192036180145227
 30
0.0
 11
7.369182055406978
 21
-17.35429022367868
 31
0.0
  0
LINE
  5
784
330
17
100
AcDbEntity
  8
ENGRAVE_POLARS
100
AcDbLine
 10
7.369182055406978
 20
-17.35429022367868
 30
0.0
 11
7.134156853655077
 21
-17.50861587614321
 31
0.0
  0
LINE
  5
785
330
17
100
AcDbEntity
  8
ENGRAVE_POLARS
100
AcDbLine
 10
7.134156853655077
 20
-17.50861587614321
 30
0.0
 11
6.911224455889379
 21
-17.65299696132183
 31
0.0
  0
LINE
  5
786
330
17
100
AcDbEntity
  8
ENGRAVE_POLARS
100
AcDbLine
 10
6.911224455889379
 20
-17.65299696132183
 30
0.0
 11
6.704093439613436
 21
-17.785417302997587
 31
0.0
  0
LINE
  5
787
330
17
100
AcDbEntity
  8
ENGRAVE_POLARS
100
AcDbLine
 10
6.704093439613436
 20
-17.785417302997587
 30
0.0
 11
6.516472382330792
 21
-17.903860724953514
 31
0.0
  0
LINE
  5
788
330
17
100
AcDbEntity
  8
ENGRAVE_POLARS
100
AcDbLine
 10
6.516472382330792
 20
-17.903860724953514
 30
0.0
 11
6.348150225345769
 21
-18.007505501147747
 31
0.0
  0
LINE
  5
789
330
17
100
AcDbEntity
  8
ENGRAVE_POLARS
100
AcDbLine
 10
6.348150225345769
 20
-18.007505501147747
 30
0.0
 11
6.194946937666336
 21
-18.098028179972165
 31
0.0
  0
LINE
  5
78A
330
17
100
AcDbEntity
  8
ENGRAVE_POLARS
100
AcDbLine
 10
6.194946937666336
 20
-18.098028179972165
 30
0.0
 11
6.054617638351518
 21
-18.17715999686039
 31
0.0
  0
LINE
  5
78B
330
17
100
AcDbEntity
  8
ENGRAVE_POLARS
100
AcDbLine
 10
6.054617638351518
 20
-18.17715999686039
 30
0.0
 11
5.924917446460335
 21
-18.246632187246053
 31
0.0
  0
LINE
  5
78C
330
17
100
AcDbEntity
  8
ENGRAVE_POLARS
100
AcDbLine
 10
5.924917446460335
 20
-18.246632187246053
 30
0.0
 11
5.803601481051812
 21
-18.308175986562784
 31
0.0
  0
LINE
  5
78D
330
17
100
AcDbEntity
  8
ENGRAVE_POLARS
100
AcDbLine
 10
5.803601481051812
 20
-18.308175986562784
 30
0.0
 11
5.688424861184971
 21
-18.363522630244205
 31
0.0
  0
LINE
  5
78E
330
17
100
AcDbEntity
  8
ENGRAVE_POLARS
100
AcDbLine
 10
5.688424861184971
 20
-18.363522630244205
 30
0.0
 11
5.577142705918835
 21
-18.414403353723948
 31
0.0
  0
LINE
  5
78F
330
17
100
AcDbEntity
  8
ENGRAVE_POLARS
100
AcDbLine
 10
5.577142705918835
 20
-18.414403353723948
 30
0.0
 11
5.467510134312426
 21
-18.462549392435644
 31
0.0
  0
LINE
  5
790
330
17
100
AcDbEntity
  8
ENGRAVE_POLARS
100
AcDbLine
 10
5.467510134312426
 20
-18.462549392435644
 30
0.0
 11
5.35728226542477
 21
-18.509691981812924
 31
0.0
  0
LINE
  5
791
330
17
100
AcDbEntity
  8
ENGRAVE_POLARS
100
AcDbLine
 10
5.35728226542477
 20
-18.509691981812924
 30
0.0
 11
5.244214218314885
 21
-18.55756235728941
 31
0.0
  0
LINE
  5
792
330
17
100
AcDbEntity
  8
ENGRAVE_POLARS
100
AcDbLine
 10
5.244214218314885
 20
-18.55756235728941
 30
0.0
 11
5.126061112041797
 21
-18.60789175429873
 31
0.0
  0
LINE
  5
793
330
17
100
AcDbEntity
  8
ENGRAVE_POLARS
100
AcDbLine
 10
5.126061112041797
 20
-18.60789175429873
 30
0.0
 11
5.000578065664528
 21
-18.662411408274515
 31
0.0
  0
LINE
  5
794
330
17
100
AcDbEntity
  8
ENGRAVE_POLARS
100
AcDbLine
 10
5.000578065664528
 20
-18.662411408274515
 30
0.0
 11
4.875831974735501
 21
-18.718555754407316
 31
0.0
  0
LINE
  5
795
330
17
100
AcDbEntity
  8
ENGRAVE_POLARS
100
AcDbLine
 10
4.875831974735501
 20
-18.718555754407316
 30
0.0
 11
4.759405279269143
 21
-18.772803540072598
 31
0.0
  0
LINE
  5
796
330
17
100
AcDbEntity
  8
ENGRAVE_POLARS
100
AcDbLine
 10
4.759405279269143
 20
-18.772803540072598
 30
0.0
 11
4.648326415017482
 21
-18.825452468981407
 31
0.0
  0
LINE
  5
797
330
17
100
AcDbEntity
  8
ENGRAVE_POLARS
100
AcDbLine
 10
4.648326415017482
 20
-18.825452468981407
 30
0.0
 11
4.539623817732542
 21
-18.876800244844762
 31
0.0
  0
LINE
  5
798
330
17
100
AcDbEntity
  8
ENGRAVE_POLARS
100
AcDbLine
 10
4.539623817732542
 20
-18.876800244844762
 30
0.0
 11
4.430325923166354
 21
-18.927144571373702
 31
0.0
  0
LINE
  5
799
330
17
100
AcDbEntity
  8
ENGRAVE_POLARS
100
AcDbLine
 10
4.430325923166354
 20
-18.927144571373702
 30
0.0
 11
4.3174611670709435
 21
-18.976783152279246
 31
0.0
  0
LINE
  5
79A
330
17
100
AcDbEntity
  8
ENGRAVE_POLARS
100
AcDbLine
 10
4.3174611670709435
 20
-18.976783152279246
 30
0.0
 11
4.1980579851983375
 21
-19.02601369127243
 31
0.0
  0
LINE
  5
79B
330
17
100
AcDbEntity
  8
ENGRAVE_POLARS
100
AcDbLine
 10
4.1980579851983375
 20
-19.02601369127243
 30
0.0
 11
4.069144813300564
 21
-19.075133892064287
 31
0.0
  0
LINE
  5
79C
330
17
100
AcDbEntity
  8
ENGRAVE_POLARS
100
AcDbLine
 10
4.069144813300564
 20
-19.075133892064287
 30
0.0
 11
3.9277500871296525
 21
-19.124441458365837
 31
0.0
  0
LINE
  5
79D
330
17
100
AcDbEntity
  8
ENGRAVE_POLARS
100
AcDbLine
 10
3.9277500871296525
 20
-19.124441458365837
 30
0.0
 11
3.770902242437627
 21
-19.17423409388812
 31
0.0
  0
LINE
  5
79E
330
17
100
AcDbEntity
  8
ENGRAVE_POLARS
100
AcDbLine
 10
3.770902242437627
 20
-19.17423409388812
 30
0.0
 11
3.5956297149765155
 21
-19.224809502342154
 31
0.0
  0
LINE
  5
79F
330
17
100
AcDbEntity
  8
ENGRAVE_POLARS
100
AcDbLine
 10
3.5956297149765155
 20
-19.224809502342154
 30
0.0
 11
3.3989609404983474
 21
-19.276465387438982
 31
0.0
  0
LINE
  5
7A0
330
17
100
AcDbEntity
  8
ENGRAVE_POLARS
100
AcDbLine
 10
3.3989609404983474
 20
-19.276465387438982
 30
0.0
 11
3.190531734502667
 21
-19.331985311655153
 31
0.0
  0
LINE
  5
7A1
330
17
100
AcDbEntity
  8
ENGRAVE_POLARS
100
AcDbLine
 10
3.190531734502667
 20
-19.331985311655153
 30
0.0
 11
2.9797156860324296
 21
-19.392815865245534
 31
0.0
  0
LINE
  5
7A2
330
17
100
AcDbEntity
  8
ENGRAVE_POLARS
100
AcDbLine
 10
2.9797156860324296
 20
-19.392815865245534
 30
0.0
 11
2.7631478911547744
 21
-19.457249293588625
 31
0.0
  0
LINE
  5
7A3
330
17
100
AcDbEntity
  8
ENGRAVE_POLARS
100
AcDbLine
 10
2.7631478911547744
 20
-19.457249293588625
 30
0.0
 11
2.5374634459368393
 21
-19.52357784206292
 31
0.0
  0
LINE
  5
7A4
330
17
100
AcDbEntity
  8
ENGRAVE_POLARS
100
AcDbLine
 10
2.5374634459368393
 20
-19.52357784206292
 30
0.0
 11
2.299297446445765
 21
-19.59009375604692
 31
0.0
  0
LINE
  5
7A5
330
17
100
AcDbEntity
  8
ENGRAVE_POLARS
100
AcDbLine
 10
2.299297446445765
 20
-19.59009375604692
 30
0.0
 11
2.0452849887486897
 21
-19.655089280919103
 31
0.0
  0
LINE
  5
7A6
330
17
100
AcDbEntity
  8
ENGRAVE_POLARS
100
AcDbLine
 10
2.0452849887486897
 20
-19.655089280919103
 30
0.0
 11
1.7720611689127517
 21
-19.716856662057978
 31
0.0
  0
LINE
  5
7A7
330
17
100
AcDbEntity
  8
ENGRAVE_POLARS
100
AcDbLine
 10
1.7720611689127517
 20
-19.716856662057978
 30
0.0
 11
1.4762610830050913
 21
-19.773688144842037
 31
0.0
  0
LINE
  5
7A8
330
17
100
AcDbEntity
  8
ENGRAVE_POLARS
100
AcDbLine
 10
1.4762610830050913
 20
-19.773688144842037
 30
0.0
 11
1.1545198270928472
 21
-19.823875974649773
 31
0.0
  0
LINE
  5
7A9
330
17
100
AcDbEntity
  8
ENGRAVE_POLARS
100
AcDbLine
 10
1.1545198270928472
 20
-19.823875974649773
 30
0.0
 11
0.8034724972431577
 21
-19.86571239685968
 31
0.0
  0
LINE
  5
7AA
330
17
100
AcDbEntity
  8
ENGRAVE_POLARS
100
AcDbLine
 10
0.8034724972431577
 20
-19.86571239685968
 30
0.0
 11
0.4197541895231628
 21
-19.89748965685026
 31
0.0
  0
LINE
  5
7AB
330
17
100
AcDbEntity
  8
ENGRAVE_POLARS
100
AcDbLine
 10
0.4197541895231628
 20
-19.89748965685026
 30
0.0
 11
1.2195951311008704e-15
 21
-19.9175
 31
0.0
  0
LINE
  5
7AC
330
17
100
AcDbEntity
  8
ENGRAVE_POLARS
100
AcDbLine
 10
1.2195951311008704e-15
 20
-19.9175
 30
0.0
 11
-0.47459112463628134
 21
-19.92618326694101
 31
0.0
  0
LINE
  5
7AD
330
17
100
AcDbEntity
  8
ENGRAVE_POLARS
100
AcDbLine
 10
-0.47459112463628134
 20
-19.92618326694101
 30
0.0
 11
-1.0123126867470795
 21
-19.925682361298996
 31
0.0
  0
LINE
  5
7AE
330
17
100
AcDbEntity
  8
ENGRAVE_POLARS
100
AcDbLine
 10
-1.0123126867470795
 20
-19.925682361298996
 30
0.0
 11
-1.6007682638424163
 21
-19.916844122942862
 31
0.0
  0
LINE
  5
7AF
330
17
100
AcDbEntity
  8
ENGRAVE_POLARS
100
AcDbLine
 10
-1.6007682638424163
 20
-19.916844122942862
 30
0.0
 11
-2.2275614334323146
 21
-19.9005153917415
 31
0.0
  0
LINE
  5
7B0
330
17
100
AcDbEntity
  8
ENGRAVE_POLARS
100
AcDbLine
 10
-2.2275614334323146
 20
-19.9005153917415
 30
0.0
 11
-2.8802957730267966
 21
-19.87754300756382
 31
0.0
  0
LINE
  5
7B1
330
17
100
AcDbEntity
  8
ENGRAVE_POLARS
100
AcDbLine
 10
-2.8802957730267966
 20
-19.87754300756382
 30
0.0
 11
-3.546574860135885
 21
-19.84877381027872
 31
0.0
  0
LINE
  5
7B2
330
17
100
AcDbEntity
  8
ENGRAVE_POLARS
100
AcDbLine
 10
-3.546574860135885
 20
-19.84877381027872
 30
0.0
 11
-4.214002272269603
 21
-19.815054639755093
 31
0.0
  0
LINE
  5
7B3
330
17
100
AcDbEntity
  8
ENGRAVE_POLARS
100
AcDbLine
 10
-4.214002272269603
 20
-19.815054639755093
 30
0.0
 11
-4.870181586937973
 21
-19.77723233586185
 31
0.0
  0
LINE
  5
7B4
330
17
100
AcDbEntity
  8
ENGRAVE_POLARS
100
AcDbLine
 10
-4.870181586937973
 20
-19.77723233586185
 30
0.0
 11
-5.502716381651017
 21
-19.736153738467884
 31
0.0
  0
LINE
  5
7B5
330
17
100
AcDbEntity
  8
ENGRAVE_POLARS
100
AcDbLine
 10
-5.502716381651017
 20
-19.736153738467884
 30
0.0
 11
-6.099210233918758
 21
-19.692665687442094
 31
0.0
  0
LINE
  5
7B6
330
17
100
AcDbEntity
  8
ENGRAVE_POLARS
100
AcDbLine
 10
-6.099210233918758
 20
-19.692665687442094
 30
0.0
 11
-6.64726672125122
 21
-19.64761502265338
 31
0.0
  0
LINE
  5
7B7
330
17
100
AcDbEntity
  8
ENGRAVE_POLARS
100
AcDbLine
 10
-6.64726672125122
 20
-19.64761502265338
 30
0.0
 11
-7.134489421158424
 21
-19.60184858397065
 31
0.0
  0
LINE
  5
7B8
330
17
100
AcDbEntity
  8
ENGRAVE_POLARS
100
AcDbLine
 10
-7.134489421158424
 20
-19.60184858397065
 30
0.0
 11
-7.561907749142021
 21
-19.56123544854314
 31
0.0
  0
LINE
  5
7B9
330
17
100
AcDbEntity
  8
ENGRAVE_POLARS
100
AcDbLine
 10
-7.561907749142021
 20
-19.56123544854314
 30
0.0
 11
-7.94370015778304
 21
-19.528586658336124
 31
0.0
  0
LINE
  5
7BA
330
17
100
AcDbEntity
  8
ENGRAVE_POLARS
100
AcDbLine
 10
-7.94370015778304
 20
-19.528586658336124
 30
0.0
 11
-8.28719378021056
 21
-19.500162000442522
 31
0.0
  0
LINE
  5
7BB
330
17
100
AcDbEntity
  8
ENGRAVE_POLARS
100
AcDbLine
 10
-8.28719378021056
 20
-19.500162000442522
 30
0.0
 11
-8.599715749553672
 21
-19.472221261955266
 31
0.0
  0
LINE
  5
7BC
330
17
100
AcDbEntity
  8
ENGRAVE_POLARS
100
AcDbLine
 10
-8.599715749553672
 20
-19.472221261955266
 30
0.0
 11
-8.888593198941457
 21
-19.441024229967294
 31
0.0
  0
LINE
  5
7BD
330
17
100
AcDbEntity
  8
ENGRAVE_POLARS
100
AcDbLine
 10
-8.888593198941457
 20
-19.441024229967294
 30
0.0
 11
-9.161153261503003
 21
-19.40283069157153
 31
0.0
  0
LINE
  5
7BE
330
17
100
AcDbEntity
  8
ENGRAVE_POLARS
100
AcDbLine
 10
-9.161153261503003
 20
-19.40283069157153
 30
0.0
 11
-9.424723070367392
 21
-19.353900433860897
 31
0.0
  0
LINE
  5
7BF
330
17
100
AcDbEntity
  8
ENGRAVE_POLARS
100
AcDbLine
 10
-9.424723070367392
 20
-19.353900433860897
 30
0.0
 11
-9.686629758663711
 21
-19.29049324392834
 31
0.0
  0
LINE
  5
7C0
330
17
100
AcDbEntity
  8
ENGRAVE_POLARS
100
AcDbLine
 10
-9.686629758663711
 20
-19.29049324392834
 30
0.0
 11
-9.954200459521047
 21
-19.208868908866776
 31
0.0
  0
LINE
  5
7C1
330
17
100
AcDbEntity
  8
ENGRAVE_POLARS
100
AcDbLine
 10
-9.954200459521047
 20
-19.208868908866776
 30
0.0
 11
-10.234762306068482
 21
-19.10528721576914
 31
0.0
  0
LINE
  5
7C2
330
17
100
AcDbEntity
  8
ENGRAVE_POLARS
100
AcDbLine
 10
-10.234762306068482
 20
-19.10528721576914
 30
0.0
 11
-10.535642431435102
 21
-18.97600795172836
 31
0.0
  0
LINE
  5
7C3
330
17
100
AcDbEntity
  8
ENGRAVE_POLARS
100
AcDbLine
 10
-10.535642431435102
 20
-18.97600795172836
 30
0.0
 11
-10.864167968749994
 21
-18.817290903837367
 31
0.0
  0
LINE
  5
7C4
330
17
100
AcDbEntity
  8
ENGRAVE_POLARS
100
AcDbLine
 10
-10.864167968749994
 20
-18.817290903837367
 30
0.0
 11
-11.22213865413722
 21
-18.63115594753527
 31
0.0
  0
LINE
  5
7C5
330
17
100
AcDbEntity
  8
ENGRAVE_POLARS
100
AcDbLine
 10
-11.22213865413722
 20
-18.63115594753527
 30
0.0
 11
-11.602706538080367
 21
-18.422968690363767
 31
0.0
  0
LINE
  5
7C6
330
17
100
AcDbEntity
  8
ENGRAVE_POLARS
100
AcDbLine
 10
-11.602706538080367
 20
-18.422968690363767
 30
0.0
 11
-12.000227225247803
 21
-18.194007517569656
 31
0.0
  0
LINE
  5
7C7
330
17
100
AcDbEntity
  8
ENGRAVE_POLARS
100
AcDbLine
 10
-12.000227225247803
 20
-18.194007517569656
 30
0.0
 11
-12.409056320307887
 21
-17.945550814399738
 31
0.0
  0
LINE
  5
7C8
330
17
100
AcDbEntity
  8
ENGRAVE_POLARS
100
AcDbLine
 10
-12.409056320307887
 20
-17.945550814399738
 30
0.0
 11
-12.82354942792899
 21
-17.67887696610082
 31
0.0
  0
LINE
  5
7C9
330
17
100
AcDbEntity
  8
ENGRAVE_POLARS
100
AcDbLine
 10
-12.82354942792899
 20
-17.67887696610082
 30
0.0
 11
-13.238062152779467
 21
-17.395264357919697
 31
0.0
  0
LINE
  5
7CA
330
17
100
AcDbEntity
  8
ENGRAVE_POLARS
100
AcDbLine
 10
-13.238062152779467
 20
-17.395264357919697
 30
0.0
 11
-13.64695009952769
 21
-17.095991375103182
 31
0.0
  0
LINE
  5
7CB
330
17
100
AcDbEntity
  8
ENGRAVE_POLARS
100
AcDbLine
 10
-13.64695009952769
 20
-17.095991375103182
 30
0.0
 11
-14.04456887284202
 21
-16.782336402898064
 31
0.0
  0
LINE
  5
7CC
330
17
100
AcDbEntity
  8
ENGRAVE_POLARS
100
AcDbLine
 10
-14.04456887284202
 20
-16.782336402898064
 30
0.0
 11
-14.425274077390828
 21
-16.455577826551167
 31
0.0
  0
LINE
  5
7CD
330
17
100
AcDbEntity
  8
ENGRAVE_POLARS
100
AcDbLine
 10
-14.425274077390828
 20
-16.455577826551167
 30
0.0
 11
-14.78342131784247
 21
-16.116994031309275
 31
0.0
  0
LINE
  5
7CE
330
17
100
AcDbEntity
  8
ENGRAVE_POLARS
100
AcDbLine
 10
-14.78342131784247
 20
-16.116994031309275
 30
0.0
 11
-15.113366198865313
 21
-15.767863402419191
 31
0.0
  0
LINE
  5
7CF
330
17
100
AcDbEntity
  8
ENGRAVE_POLARS
100
AcDbLine
 10
-15.113366198865313
 20
-15.767863402419191
 30
0.0
 11
-15.409464325127724
 21
-15.409464325127725
 31
0.0
  0
LINE
  5
7D0
330
17
100
AcDbEntity
  8
ENGRAVE_POLARS
100
AcDbLine
 10
-15.409464325127724
 20
-15.409464325127725
 30
0.0
 11
-15.674862637527692
 21
-15.03405627678797
 31
0.0
  0
LINE
  5
7D1
330
17
100
AcDbEntity
  8
ENGRAVE_POLARS
100
AcDbLine
 10
-15.674862637527692
 20
-15.03405627678797
 30
0.0
 11
-15.917721256998455
 21
-14.635318868173563
 31
0.0
  0
LINE
  5
7D2
330
17
100
AcDbEntity
  8
ENGRAVE_POLARS
100
AcDbLine
 10
-15.917721256998455
 20
-14.635318868173563
 30
0.0
 11
-16.139915558261237
 21
-14.216660684662122
 31
0.0
  0
LINE
  5
7D3
330
17
100
AcDbEntity
  8
ENGRAVE_POLARS
100
AcDbLine
 10
-16.139915558261237
 20
-14.216660684662122
 30
0.0
 11
-16.343320916037264
 21
-13.781490311631268
 31
0.0
  0
LINE
  5
7D4
330
17
100
AcDbEntity
  8
ENGRAVE_POLARS
100
AcDbLine
 10
-16.343320916037264
 20
-13.781490311631268
 30
0.0
 11
-16.529812705047767
 21
-13.333216334458628
 31
0.0
  0
LINE
  5
7D5
330
17
100
AcDbEntity
  8
ENGRAVE_POLARS
100
AcDbLine
 10
-16.529812705047767
 20
-13.333216334458628
 30
0.0
 11
-16.701266300013966
 21
-12.87524733852181
 31
0.0
  0
LINE
  5
7D6
330
17
100
AcDbEntity
  8
ENGRAVE_POLARS
100
AcDbLine
 10
-16.701266300013966
 20
-12.87524733852181
 30
0.0
 11
-16.859557075657094
 21
-12.410991909198438
 31
0.0
  0
LINE
  5
7D7
330
17
100
AcDbEntity
  8
ENGRAVE_POLARS
100
AcDbLine
 10
-16.859557075657094
 20
-12.410991909198438
 30
0.0
 11
-17.006560406698377
 21
-11.943858631866135
 31
0.0
  0
LINE
  5
7D8
330
17
100
AcDbEntity
  8
ENGRAVE_POLARS
100
AcDbLine
 10
-17.006560406698377
 20
-11.943858631866135
 30
0.0
 11
-17.144151667859038
 21
-11.477256091902523
 31
0.0
  0
LINE
  5
7D9
330
17
100
AcDbEntity
  8
ENGRAVE_POLARS
100
AcDbLine
 10
-17.144151667859038
 20
-11.477256091902523
 30
0.0
 11
-17.274206233860305
 21
-11.014592874685214
 31
0.0
  0
LINE
  5
7DA
330
17
100
AcDbEntity
  8
ENGRAVE_POLARS
100
AcDbLine
 10
-17.274206233860305
 20
-11.014592874685214
 30
0.0
 11
-17.398599479423403
 21
-10.559277565591833
 31
0.0
  0
LINE
  5
7DB
330
17
100
AcDbEntity
  8
ENGRAVE_POLARS
100
AcDbLine
 10
-17.398599479423403
 20
-10.559277565591833
 30
0.0
 11
-17.519206779269567
 21
-10.114718749999998
 31
0.0
  0
LINE
  5
7DC
330
17
100
AcDbEntity
  8
ENGRAVE_POLARS
100
AcDbLine
 10
-17.519206779269567
 20
-10.114718749999998
 30
0.0
 11
-17.631842431690462
 21
-9.663989810942153
 31
0.0
  0
LINE
  5
7DD
330
17
100
AcDbEntity
  8
ENGRAVE_POLARS
100
AcDbLine
 10
-17.631842431690462
 20
-9.663989810942153
 30
0.0
 11
-17.731796944993995
 21
-9.19260080811791
 31
0.0
  0
LINE
  5
7DE
330
17
100
AcDbEntity
  8
ENGRAVE_POLARS
100
AcDbLine
 10
-17.731796944993995
 20
-9.19260080811791
 30
0.0
 11
-17.82016000892575
 21
-8.707615341905626
 31
0.0
  0
LINE
  5
7DF
330
17
100
AcDbEntity
  8
ENGRAVE_POLARS
100
AcDbLine
 10
-17.82016000892575
 20
-8.707615341905626
 30
0.0
 11
-17.898021313231304
 21
-8.216097012683669
 31
0.0
  0
LINE
  5
7E0
330
17
100
AcDbEntity
  8
ENGRAVE_POLARS
100
AcDbLine
 10
-17.898021313231304
 20
-8.216097012683669
 30
0.0
 11
-17.966470547656243
 21
-7.725109420830399
 31
0.0
  0
LINE
  5
7E1
330
17
100
AcDbEntity
  8
ENGRAVE_POLARS
100
AcDbLine
 10
-17.966470547656243
 20
-7.725109420830399
 30
0.0
 11
-18.026597401946137
 21
-7.241716166724175
 31
0.0
  0
LINE
  5
7E2
330
17
100
AcDbEntity
  8
ENGRAVE_POLARS
100
AcDbLine
 10
-18.026597401946137
 20
-7.241716166724175
 30
0.0
 11
-18.079491565846574
 21
-6.772980850743364
 31
0.0
  0
LINE
  5
7E3
330
17
100
AcDbEntity
  8
ENGRAVE_POLARS
100
AcDbLine
 10
-18.079491565846574
 20
-6.772980850743364
 30
0.0
 11
-18.12624272910313
 21
-6.325967073266329
 31
0.0
  0
LINE
  5
7E4
330
17
100
AcDbEntity
  8
ENGRAVE_POLARS
100
AcDbLine
 10
-18.12624272910313
 20
-6.325967073266329
 30
0.0
 11
-18.167940581461384
 21
-5.907738434671433
 31
0.0
  0
LINE
  5
7E5
330
17
100
AcDbEntity
  8
ENGRAVE_POLARS
100
AcDbLine
 10
-18.167940581461384
 20
-5.907738434671433
 30
0.0
 11
-18.205674812666913
 21
-5.525358535337035
 31
0.0
  0
LINE
  5
7E6
330
17
100
AcDbEntity
  8
ENGRAVE_POLARS
100
AcDbLine
 10
-18.205674812666913
 20
-5.525358535337035
 30
0.0
 11
-18.240535112465302
 21
-5.185890975641499
 31
0.0
  0
LINE
  5
7E7
330
17
100
AcDbEntity
  8
ENGRAVE_POLARS
100
AcDbLine
 10
-18.240535112465302
 20
-5.185890975641499
 30
0.0
 11
-18.27361117060213
 21
-4.896399355963188
 31
0.0
  0
LINE
  5
7E8
330
17
100
AcDbEntity
  8
ENGRAVE_POLARS
100
AcDbLine
 10
-18.27361117060213
 20
-4.896399355963188
 30
0.0
 11
-18.301540707485536
 21
-4.6705885112237295
 31
0.0
  0
LINE
  5
7E9
330
17
100
AcDbEntity
  8
ENGRAVE_POLARS
100
AcDbLine
 10
-18.301540707485536
 20
-4.6705885112237295
 30
0.0
 11
-18.32099533819825
 21
-4.50947395414231
 31
0.0
  0
LINE
  5
7EA
330
17
100
AcDbEntity
  8
ENGRAVE_POLARS
100
AcDbLine
 10
-18.32099533819825
 20
-4.50947395414231
 30
0.0
 11
-18.333115594497745
 21
-4.401085301793627
 31
0.0
  0
LINE
  5
7EB
330
17
100
AcDbEntity
  8
ENGRAVE_POLARS
100
AcDbLine
 10
-18.333115594497745
 20
-4.401085301793627
 30
0.0
 11
-18.339042008141465
 21
-4.33345217125238
 31
0.0
  0
LINE
  5
7EC
330
17
100
AcDbEntity
  8
ENGRAVE_POLARS
100
AcDbLine
 10
-18.339042008141465
 20
-4.33345217125238
 30
0.0
 11
-18.33991511088689
 21
-4.2946041795932715
 31
0.0
  0
LINE
  5
7ED
330
17
100
AcDbEntity
  8
ENGRAVE_POLARS
100
AcDbLine
 10
-18.33991511088689
 20
-4.2946041795932715
 30
0.0
 11
-18.336875434491475
 21
-4.272570943891
 31
0.0
  0
LINE
  5
7EE
330
17
100
AcDbEntity
  8
ENGRAVE_POLARS
100
AcDbLine
 10
-18.336875434491475
 20
-4.272570943891
 30
0.0
 11
-18.331063510712685
 21
-4.255382081220265
 31
0.0
  0
LINE
  5
7EF
330
17
100
AcDbEntity
  8
ENGRAVE_POLARS
100
AcDbLine
 10
-18.331063510712685
 20
-4.255382081220265
 30
0.0
 11
-18.323619871307983
 21
-4.231067208655768
 31
0.0
  0
LINE
  5
7F0
330
17
100
AcDbEntity
  8
ENGRAVE_POLARS
100
AcDbLine
 10
-18.323619871307983
 20
-4.231067208655768
 30
0.0
 11
-18.31568504803484
 21
-4.1876559432722065
 31
0.0
  0
LINE
  5
7F1
330
17
100
AcDbEntity
  8
ENGRAVE_POLARS
100
AcDbLine
 10
-18.31568504803484
 20
-4.1876559432722065
 30
0.0
 11
-18.308399572650703
 21
-4.113177902144283
 31
0.0
  0
LINE
  5
7F2
330
17
100
AcDbEntity
  8
ENGRAVE_POLARS
100
AcDbLine
 10
-18.308399572650703
 20
-4.113177902144283
 30
0.0
 11
-18.302903976913047
 21
-3.995662702346695
 31
0.0
  0
LINE
  5
7F3
330
17
100
AcDbEntity
  8
ENGRAVE_POLARS
100
AcDbLine
 10
-18.302903976913047
 20
-3.995662702346695
 30
0.0
 11
-18.300338792579335
 21
-3.8231399609541445
 31
0.0
  0
LINE
  5
7F4
330
17
100
AcDbEntity
  8
ENGRAVE_POLARS
100
AcDbLine
 10
-18.300338792579335
 20
-3.8231399609541445
 30
0.0
 11
-18.299008217942504
 21
-3.5886540524339092
 31
0.0
  0
LINE
  5
7F5
330
17
100
AcDbEntity
  8
ENGRAVE_POLARS
100
AcDbLine
 10
-18.299008217942504
 20
-3.5886540524339092
 30
0.0
 11
-18.296588889999022
 21
-3.3008372691836785
 31
0.0
  0
LINE
  5
7F6
330
17
100
AcDbEntity
  8
ENGRAVE_POLARS
100
AcDbLine
 10
-18.296588889999022
 20
-3.3008372691836785
 30
0.0
 11
-18.29327999856162
 21
-2.971101105173761
 31
0.0
  0
LINE
  5
7F7
330
17
100
AcDbEntity
  8
ENGRAVE_POLARS
100
AcDbLine
 10
-18.29327999856162
 20
-2.971101105173761
 30
0.0
 11
-18.28928073344303
 21
-2.6108570543744696
 31
0.0
  0
LINE
  5
7F8
330
17
100
AcDbEntity
  8
ENGRAVE_POLARS
100
AcDbLine
 10
-18.28928073344303
 20
-2.6108570543744696
 30
0.0
 11
-18.284790284455994
 21
-2.231516610756115
 31
0.0
  0
LINE
  5
7F9
330
17
100
AcDbEntity
  8
ENGRAVE_POLARS
100
AcDbLine
 10
-18.284790284455994
 20
-2.231516610756115
 30
0.0
 11
-18.280007841413244
 21
-1.8444912682890082
 31
0.0
  0
LINE
  5
7FA
330
17
100
AcDbEntity
  8
ENGRAVE_POLARS
100
AcDbLine
 10
-18.280007841413244
 20
-1.8444912682890082
 30
0.0
 11
-18.27513259412752
 21
-1.4611925209434602
 31
0.0
  0
LINE
  5
7FB
330
17
100
AcDbEntity
  8
ENGRAVE_POLARS
100
AcDbLine
 10
-18.27513259412752
 20
-1.4611925209434602
 30
0.0
 11
-18.27036373241155
 21
-1.0930318626897828
 31
0.0
  0
LINE
  5
7FC
330
17
100
AcDbEntity
  8
ENGRAVE_POLARS
100
AcDbLine
 10
-18.27036373241155
 20
-1.0930318626897828
 30
0.0
 11
-18.26590044607808
 21
-0.7514207874982879
 31
0.0
  0
LINE
  5
7FD
330
17
100
AcDbEntity
  8
ENGRAVE_POLARS
100
AcDbLine
 10
-18.26590044607808
 20
-0.7514207874982879
 30
0.0
 11
-18.26194192493984
 21
-0.447770789339285
 31
0.0
  0
LINE
  5
7FE
330
17
100
AcDbEntity
  8
ENGRAVE_POLARS
100
AcDbLine
 10
-18.26194192493984
 20
-0.447770789339285
 30
0.0
 11
-18.25868735880957
 21
-0.19349336218308594
 31
0.0
  0
LINE
  5
7FF
330
17
100
AcDbEntity
  8
ENGRAVE_POLARS
100
AcDbLine
 10
-18.25868735880957
 20
-0.19349336218308594
 30
0.0
 11
-18.2563359375
 21
-2.235756337001817e-15
 31
0.0
  0
TEXT
  5
800
330
17
100
AcDbEntity
  8
ENGRAVE_TEXT
100
AcDbText
 10
13.307217719089678
 20
9.109083789129427
 30
0.0
 40
4.5
  1
16
 72
1
 11
13.307217719089678
 21
9.109083789129427
 31
0.0
100
AcDbText
 73
2
  0
TEXT
  5
801
330
17
100
AcDbEntity
  8
ENGRAVE_TEXT
100
AcDbText
 10
13.307217719089678
 20
-9.109083789129427
 30
0.0
 40
4.5
  1
16
 72
1
 11
13.307217719089678
 21
-9.109083789129427
 31
0.0
100
AcDbText
 73
2
  0
CIRCLE
  5
802
330
17
100
AcDbEntity
  8
ENGRAVE_VMG
100
AcDbCircle
 10
12.639384441374956
 20
10.015159102269097
 30
0.0
 40
0.6
  0
CIRCLE
  5
803
330
17
100
AcDbEntity
  8
ENGRAVE_VMG
100
AcDbCircle
 10
12.639384441374956
 20
-10.015159102269097
 30
0.0
 40
0.6
  0
CIRCLE
  5
804
330
17
100
AcDbEntity
  8
ENGRAVE_VMG
100
AcDbCircle
 10
-18.300338792579335
 20
3.8231399609541445
 30
0.0
 40
0.6
  0
CIRCLE
  5
805
330
17
100
AcDbEntity
  8
ENGRAVE_VMG
100
AcDbCircle
 10
-18.300338792579335
 20
-3.8231399609541445
 30
0.0
 40
0.6
  0
LINE
  5
806
330
17
100
AcDbEntity
  8
ENGRAVE_POLARS
100
AcDbLine
 10
10.166600778211802
 20
8.170155245690854
 30
0.0
 11
10.105728522256282
 21
8.330909383741023
 31
0.0
  0
LINE
  5
807
330
17
100
AcDbEntity
  8
ENGRAVE_POLARS
100
AcDbLine
 10
10.105728522256282
 20
8.330909383741023
 30
0.0
 11
10.030251232629329
 21
8.53945983993607
 31
0.0
  0
LINE
  5
808
330
17
100
AcDbEntity
  8
ENGRAVE_POLARS
100
AcDbLine
 10
10.030251232629329
 20
8.53945983993607
 30
0.0
 11
9.942096860061618
 21
8.787320467301003
 31
0.0
  0
LINE
  5
809
330
17
100
AcDbEntity
  8
ENGRAVE_POLARS
100
AcDbLine
 10
9.942096860061618
 20
8.787320467301003
 30
0.0
 11
9.84319335528385
 21
9.066005118860827
 31
0.0
  0
LINE
  5
80A
330
17
100
AcDbEntity
  8
ENGRAVE_POLARS
100
AcDbLine
 10
9.84319335528385
 20
9.066005118860827
 30
0.0
 11
9.735468669026707
 21
9.367027647640551
 31
0.0
  0
LINE
  5
80B
330
17
100
AcDbEntity
  8
ENGRAVE_POLARS
100
AcDbLine
 10
9.735468669026707
 20
9.367027647640551
 30
0.0
 11
9.620850752020884
 21
9.681901906665184
 31
0.0
  0
LINE
  5
80C
330
17
100
AcDbEntity
  8
ENGRAVE_POLARS
100
AcDbLine
 10
9.620850752020884
 20
9.681901906665184
 30
0.0
 11
9.501267554997064
 21
10.00214174895973
 31
0.0
  0
LINE
  5
80D
330
17
100
AcDbEntity
  8
ENGRAVE_POLARS
100
AcDbLine
 10
9.501267554997064
 20
10.00214174895973
 30
0.0
 11
9.37864702868594
 21
10.3192610275492
 31
0.0
  0
LINE
  5
80E
330
17
100
AcDbEntity
  8
ENGRAVE_POLARS
100
AcDbLine
 10
9.37864702868594
 20
10.3192610275492
 30
0.0
 11
9.254917123818203
 21
10.624773595458596
 31
0.0
  0
LINE
  5
80F
330
17
100
AcDbEntity
  8
ENGRAVE_POLARS
100
AcDbLine
 10
9.254917123818203
 20
10.624773595458596
 30
0.0
 11
9.132005791124538
 21
10.910193305712934
 31
0.0
  0
LINE
  5
810
330
17
100
AcDbEntity
  8
ENGRAVE_POLARS
100
AcDbLine
 10
9.132005791124538
 20
10.910193305712934
 30
0.0
 11
9.011840981335638
 21
11.167034011337213
 31
0.0
  0
LINE
  5
811
330
17
100
AcDbEntity
  8
ENGRAVE_POLARS
100
AcDbLine
 10
9.011840981335638
 20
11.167034011337213
 30
0.0
 11
8.89635064518219
 21
11.386809565356444
 31
0.0
  0
LINE
  5
812
330
17
100
AcDbEntity
  8
ENGRAVE_POLARS
100
AcDbLine
 10
8.89635064518219
 20
11.386809565356444
 30
0.0
 11
8.785130701016334
 21
11.573859940598233
 31
0.0
  0
LINE
  5
813
330
17
100
AcDbEntity
  8
ENGRAVE_POLARS
100
AcDbLine
 10
8.785130701016334
 20
11.573859940598233
 30
0.0
 11
8.675820786992317
 21
11.74020455283469
 31
0.0
  0
LINE
  5
814
330
17
100
AcDbEntity
  8
ENGRAVE_POLARS
100
AcDbLine
 10
8.675820786992317
 20
11.74020455283469
 30
0.0
 11
8.567414433543984
 21
11.888876419507564
 31
0.0
  0
LINE
  5
815
330
17
100
AcDbEntity
  8
ENGRAVE_POLARS
100
AcDbLine
 10
8.567414433543984
 20
11.888876419507564
 30
0.0
 11
8.458905171105188
 21
12.022908558058612
 31
0.0
  0
LINE
  5
816
330
17
100
AcDbEntity
  8
ENGRAVE_POLARS
100
AcDbLine
 10
8.458905171105188
 20
12.022908558058612
 30
0.0
 11
8.349286530109778
 21
12.145333985929595
 31
0.0
  0
LINE
  5
817
330
17
100
AcDbEntity
  8
ENGRAVE_POLARS
100
AcDbLine
 10
8.349286530109778
 20
12.145333985929595
 30
0.0
 11
8.2375520409916
 21
12.259185720562257
 31
0.0
  0
LINE
  5
818
330
17
100
AcDbEntity
  8
ENGRAVE_POLARS
100
AcDbLine
 10
8.2375520409916
 20
12.259185720562257
 30
0.0
 11
8.122695234184507
 21
12.367496779398358
 31
0.0
  0
LINE
  5
819
330
17
100
AcDbEntity
  8
ENGRAVE_POLARS
100
AcDbLine
 10
8.122695234184507
 20
12.367496779398358
 30
0.0
 11
8.003709640122345
 21
12.473300179879656
 31
0.0
  0
LINE
  5
81A
330
17
100
AcDbEntity
  8
ENGRAVE_POLARS
100
AcDbLine
 10
8.003709640122345
 20
12.473300179879656
 30
0.0
 11
7.879588789238964
 21
12.579628939447904
 31
0.0
  0
LINE
  5
81B
330
17
100
AcDbEntity
  8
ENGRAVE_POLARS
100
AcDbLine
 10
7.879588789238964
 20
12.579628939447904
 30
0.0
 11
7.749326211968214
 21
12.689516075544855
 31
0.0
  0
LINE
  5
81C
330
17
100
AcDbEntity
  8
ENGRAVE_POLARS
100
AcDbLine
 10
7.749326211968214
 20
12.689516075544855
 30
0.0
 11
7.611915438743944
 21
12.805994605612263
 31
0.0
  0
LINE
  5
81D
330
17
100
AcDbEntity
  8
ENGRAVE_POLARS
100
AcDbLine
 10
7.611915438743944
 20
12.805994605612263
 30
0.0
 11
7.466350000000002
 21
12.932097547091887
 31
0.0
  0
LINE
  5
81E
330
17
100
AcDbEntity
  8
ENGRAVE_POLARS
100
AcDbLine
 10
7.466350000000002
 20
12.932097547091887
 30
0.0
 11
7.308416534618568
 21
13.067534934263408
 31
0.0
  0
LINE
  5
81F
330
17
100
AcDbEntity
  8
ENGRAVE_POLARS
100
AcDbLine
 10
7.308416534618568
 20
13.067534934263408
 30
0.0
 11
7.136531779596831
 21
13.208813497186531
 31
0.0
  0
LINE
  5
820
330
17
100
AcDbEntity
  8
ENGRAVE_POLARS
100
AcDbLine
 10
7.136531779596831
 20
13.208813497186531
 30
0.0
 11
6.953634412541153
 21
13.354161296973038
 31
0.0
  0
LINE
  5
821
330
17
100
AcDbEntity
  8
ENGRAVE_POLARS
100
AcDbLine
 10
6.953634412541153
 20
13.354161296973038
 30
0.0
 11
6.7626631110578925
 21
13.501806394734711
 31
0.0
  0
LINE
  5
822
330
17
100
AcDbEntity
  8
ENGRAVE_POLARS
100
AcDbLine
 10
6.7626631110578925
 20
13.501806394734711
 30
0.0
 11
6.566556552753415
 21
13.649976851583334
 31
0.0
  0
LINE
  5
823
330
17
100
AcDbEntity
  8
ENGRAVE_POLARS
100
AcDbLine
 10
6.566556552753415
 20
13.649976851583334
 30
0.0
 11
6.36825341523408
 21
13.796900728630687
 31
0.0
  0
LINE
  5
824
330
17
100
AcDbEntity
  8
ENGRAVE_POLARS
100
AcDbLine
 10
6.36825341523408
 20
13.796900728630687
 30
0.0
 11
6.170692376106249
 21
13.940806086988555
 31
0.0
  0
LINE
  5
825
330
17
100
AcDbEntity
  8
ENGRAVE_POLARS
100
AcDbLine
 10
6.170692376106249
 20
13.940806086988555
 30
0.0
 11
5.976812112976285
 21
14.079920987768721
 31
0.0
  0
LINE
  5
826
330
17
100
AcDbEntity
  8
ENGRAVE_POLARS
100
AcDbLine
 10
5.976812112976285
 20
14.079920987768721
 30
0.0
 11
5.789551303450549
 21
14.212473492082966
 31
0.0
  0
LINE
  5
827
330
17
100
AcDbEntity
  8
ENGRAVE_POLARS
100
AcDbLine
 10
5.789551303450549
 20
14.212473492082966
 30
0.0
 11
5.611848625135401
 21
14.336691661043071
 31
0.0
  0
LINE
  5
828
330
17
100
AcDbEntity
  8
ENGRAVE_POLARS
100
AcDbLine
 10
5.611848625135401
 20
14.336691661043071
 30
0.0
 11
5.446642755637204
 21
14.450803555760823
 31
0.0
  0
LINE
  5
829
330
17
100
AcDbEntity
  8
ENGRAVE_POLARS
100
AcDbLine
 10
5.446642755637204
 20
14.450803555760823
 30
0.0
 11
5.29687237256232
 21
14.553037237348
 31
0.0
  0
LINE
  5
82A
330
17
100
AcDbEntity
  8
ENGRAVE_POLARS
100
AcDbLine
 10
5.29687237256232
 20
14.553037237348
 30
0.0
 11
5.162393544880352
 21
14.642793158521803
 31
0.0
  0
LINE
  5
82B
330
17
100
AcDbEntity
  8
ENGRAVE_POLARS
100
AcDbLine
 10
5.162393544880352
 20
14.642793158521803
 30
0.0
 11
5.039908850001382
 21
14.721622813434866
 31
0.0
  0
LINE
  5
82C
330
17
100
AcDbEntity
  8
ENGRAVE_POLARS
100
AcDbLine
 10
5.039908850001382
 20
14.721622813434866
 30
0.0
 11
4.927626728192484
 21
14.79098082535213
 31
0.0
  0
LINE
  5
82D
330
17
100
AcDbEntity
  8
ENGRAVE_POLARS
100
AcDbLine
 10
4.927626728192484
 20
14.79098082535213
 30
0.0
 11
4.823755619720737
 21
14.852321817538536
 31
0.0
  0
LINE
  5
82E
330
17
100
AcDbEntity
  8
ENGRAVE_POLARS
100
AcDbLine
 10
4.823755619720737
 20
14.852321817538536
 30
0.0
 11
4.72650396485322
 21
14.907100413259018
 31
0.0
  0
LINE
  5
82F
330
17
100
AcDbEntity
  8
ENGRAVE_POLARS
100
AcDbLine
 10
4.72650396485322
 20
14.907100413259018
 30
0.0
 11
4.634080203857006
 21
14.956771235778522
 31
0.0
  0
LINE
  5
830
330
17
100
AcDbEntity
  8
ENGRAVE_POLARS
100
AcDbLine
 10
4.634080203857006
 20
14.956771235778522
 30
0.0
 11
4.544692776999173
 21
15.002788908361978
 31
0.0
  0
LINE
  5
831
330
17
100
AcDbEntity
  8
ENGRAVE_POLARS
100
AcDbLine
 10
4.544692776999173
 20
15.002788908361978
 30
0.0
 11
4.456550124546799
 21
15.046608054274337
 31
0.0
  0
LINE
  5
832
330
17
100
AcDbEntity
  8
ENGRAVE_POLARS
100
AcDbLine
 10
4.456550124546799
 20
15.046608054274337
 30
0.0
 11
4.367860686766961
 21
15.089683296780532
 31
0.0
  0
LINE
  5
833
330
17
100
AcDbEntity
  8
ENGRAVE_POLARS
100
AcDbLine
 10
4.367860686766961
 20
15.089683296780532
 30
0.0
 11
4.276832903926734
 21
15.133469259145507
 31
0.0
  0
LINE
  5
834
330
17
100
AcDbEntity
  8
ENGRAVE_POLARS
100
AcDbLine
 10
4.276832903926734
 20
15.133469259145507
 30
0.0
 11
4.181675216293196
 21
15.17942056463419
 31
0.0
  0
LINE
  5
835
330
17
100
AcDbEntity
  8
ENGRAVE_POLARS
100
AcDbLine
 10
4.181675216293196
 20
15.17942056463419
 30
0.0
 11
4.080596064133426
 21
15.228991836511536
 31
0.0
  0
LINE
  5
836
330
17
100
AcDbEntity
  8
ENGRAVE_POLARS
100
AcDbLine
 10
4.080596064133426
 20
15.228991836511536
 30
0.0
 11
3.980179279301317
 21
15.279411249732078
 31
0.0
  0
LINE
  5
837
330
17
100
AcDbEntity
  8
ENGRAVE_POLARS
100
AcDbLine
 10
3.980179279301317
 20
15.279411249732078
 30
0.0
 11
3.886569001776175
 21
15.327328053886959
 31
0.0
  0
LINE
  5
838
330
17
100
AcDbEntity
  8
ENGRAVE_POLARS
100
AcDbLine
 10
3.886569001776175
 20
15.327328053886959
 30
0.0
 11
3.7973141340131895
 21
15.37332848419601
 31
0.0
  0
LINE
  5
839
330
17
100
AcDbEntity
  8
ENGRAVE_POLARS
100
AcDbLine
 10
3.7973141340131895
 20
15.37332848419601
 30
0.0
 11
3.7099635784675495
 21
15.417998775879067
 31
0.0
  0
LINE
  5
83A
330
17
100
AcDbEntity
  8
ENGRAVE_POLARS
100
AcDbLine
 10
3.7099635784675495
 20
15.417998775879067
 30
0.0
 11
3.6220662375944457
 21
15.461925164155964
 31
0.0
  0
LINE
  5
83B
330
17
100
AcDbEntity
  8
ENGRAVE_POLARS
100
AcDbLine
 10
3.6220662375944457
 20
15.461925164155964
 30
0.0
 11
3.5311710138490664
 21
15.505693884246526
 31
0.0
  0
LINE
  5
83C
330
17
100
AcDbEntity
  8
ENGRAVE_POLARS
100
AcDbLine
 10
3.5311710138490664
 20
15.505693884246526
 30
0.0
 11
3.4348268096866006
 21
15.549891171370591
 31
0.0
  0
LINE
  5
83D
330
17
100
AcDbEntity
  8
ENGRAVE_POLARS
100
AcDbLine
 10
3.4348268096866006
 20
15.549891171370591
 30
0.0
 11
3.330582527562239
 21
15.595103260747994
 31
0.0
  0
LINE
  5
83E
330
17
100
AcDbEntity
  8
ENGRAVE_POLARS
100
AcDbLine
 10
3.330582527562239
 20
15.595103260747994
 30
0.0
 11
3.215987069931171
 21
15.641916387598567
 31
0.0
  0
LINE
  5
83F
330
17
100
AcDbEntity
  8
ENGRAVE_POLARS
100
AcDbLine
 10
3.215987069931171
 20
15.641916387598567
 30
0.0
 11
3.0885893392485846
 21
15.690916787142138
 31
0.0
  0
LINE
  5
840
330
17
100
AcDbEntity
  8
ENGRAVE_POLARS
100
AcDbLine
 10
3.0885893392485846
 20
15.690916787142138
 30
0.0
 11
2.9459382379696697
 21
15.742690694598544
 31
0.0
  0
LINE
  5
841
330
17
100
AcDbEntity
  8
ENGRAVE_POLARS
100
AcDbLine
 10
2.9459382379696697
 20
15.742690694598544
 30
0.0
 11
2.785582668549617
 21
15.79782434518762
 31
0.0
  0
LINE
  5
842
330
17
100
AcDbEntity
  8
ENGRAVE_POLARS
100
AcDbLine
 10
2.785582668549617
 20
15.79782434518762
 30
0.0
 11
2.615813849468475
 21
15.859421111252624
 31
0.0
  0
LINE
  5
843
330
17
100
AcDbEntity
  8
ENGRAVE_POLARS
100
AcDbLine
 10
2.615813849468475
 20
15.859421111252624
 30
0.0
 11
2.4445819352624323
 21
15.928816336772186
 31
0.0
  0
LINE
  5
844
330
17
100
AcDbEntity
  8
ENGRAVE_POLARS
100
AcDbLine
 10
2.4445819352624323
 20
15.928816336772186
 30
0.0
 11
2.2689242324708876
 21
16.003944214419178
 31
0.0
  0
LINE
  5
845
330
17
100
AcDbEntity
  8
ENGRAVE_POLARS
100
AcDbLine
 10
2.2689242324708876
 20
16.003944214419178
 30
0.0
 11
2.0858780476332375
 21
16.08273893686646
 31
0.0
  0
LINE
  5
846
330
17
100
AcDbEntity
  8
ENGRAVE_POLARS
100
AcDbLine
 10
2.0858780476332375
 20
16.08273893686646
 30
0.0
 11
1.8924806872888809
 21
16.163134696786916
 31
0.0
  0
LINE
  5
847
330
17
100
AcDbEntity
  8
ENGRAVE_POLARS
100
AcDbLine
 10
1.8924806872888809
 20
16.163134696786916
 30
0.0
 11
1.685769457977215
 21
16.24306568685341
 31
0.0
  0
LINE
  5
848
330
17
100
AcDbEntity
  8
ENGRAVE_POLARS
100
AcDbLine
 10
1.685769457977215
 20
16.24306568685341
 30
0.0
 11
1.4627816662376374
 21
16.320466099738812
 31
0.0
  0
LINE
  5
849
330
17
100
AcDbEntity
  8
ENGRAVE_POLARS
100
AcDbLine
 10
1.4627816662376374
 20
16.320466099738812
 30
0.0
 11
1.2205546186095462
 21
16.393270128116
 31
0.0
  0
LINE
  5
84A
330
17
100
AcDbEntity
  8
ENGRAVE_POLARS
100
AcDbLine
 10
1.2205546186095462
 20
16.393270128116
 30
0.0
 11
0.9561256216323395
 21
16.459411964657843
 31
0.0
  0
LINE
  5
84B
330
17
100
AcDbEntity
  8
ENGRAVE_POLARS
100
AcDbLine
 10
0.9561256216323395
 20
16.459411964657843
 30
0.0
 11
0.6665319818454143
 21
16.51682580203721
 31
0.0
  0
LINE
  5
84C
330
17
100
AcDbEntity
  8
ENGRAVE_POLARS
100
AcDbLine
 10
0.6665319818454143
 20
16.51682580203721
 30
0.0
 11
0.3488110057881688
 21
16.563445832926973
 31
0.0
  0
LINE
  5
84D
330
17
100
AcDbEntity
  8
ENGRAVE_POLARS
100
AcDbLine
 10
0.3488110057881688
 20
16.563445832926973
 30
0.0
 11
1.0162857754425472e-15
 21
16.59720625
 31
0.0
  0
LINE
  5
84E
330
17
100
AcDbEntity
  8
ENGRAVE_POLARS
100
AcDbLine
 10
1.0162857754425472e-15
 20
16.59720625
 30
0.0
 11
-0.3952530796400219
 21
16.618260641056537
 31
0.0
  0
LINE
  5
84F
330
17
100
AcDbEntity
  8
ENGRAVE_POLARS
100
AcDbLine
 10
-0.3952530796400219
 20
16.618260641056537
 30
0.0
 11
-0.8434856865245632
 21
16.628960351780872
 31
0.0
  0
LINE
  5
850
330
17
100
AcDbEntity
  8
ENGRAVE_POLARS
100
AcDbLine
 10
-0.8434856865245632
 20
16.628960351780872
 30
0.0
 11
-1.3344386280218223
 21
16.63053621167196
 31
0.0
  0
LINE
  5
851
330
17
100
AcDbEntity
  8
ENGRAVE_POLARS
100
AcDbLine
 10
-1.3344386280218223
 20
16.63053621167196
 30
0.0
 11
-1.8578527114999983
 21
16.62421905022875
 31
0.0
  0
LINE
  5
852
330
17
100
AcDbEntity
  8
ENGRAVE_POLARS
100
AcDbLine
 10
-1.8578527114999983
 20
16.62421905022875
 30
0.0
 11
-2.4034687443272897
 21
16.611239696950197
 31
0.0
  0
LINE
  5
853
330
17
100
AcDbEntity
  8
ENGRAVE_POLARS
100
AcDbLine
 10
-2.4034687443272897
 20
16.611239696950197
 30
0.0
 11
-2.9610275338718965
 21
16.592828981335245
 31
0.0
  0
LINE
  5
854
330
17
100
AcDbEntity
  8
ENGRAVE_POLARS
100
AcDbLine
 10
-2.9610275338718965
 20
16.592828981335245
 30
0.0
 11
-3.520269887502018
 21
16.57021773288285
 31
0.0
  0
LINE
  5
855
330
17
100
AcDbEntity
  8
ENGRAVE_POLARS
100
AcDbLine
 10
-3.520269887502018
 20
16.57021773288285
 30
0.0
 11
-4.070936612585852
 21
16.544636781091956
 31
0.0
  0
LINE
  5
856
330
17
100
AcDbEntity
  8
ENGRAVE_POLARS
100
AcDbLine
 10
-4.070936612585852
 20
16.544636781091956
 30
0.0
 11
-4.602768516491598
 21
16.517316955461524
 31
0.0
  0
LINE
  5
857
330
17
100
AcDbEntity
  8
ENGRAVE_POLARS
100
AcDbLine
 10
-4.602768516491598
 20
16.517316955461524
 30
0.0
 11
-5.105506406587456
 21
16.489489085490497
 31
0.0
  0
LINE
  5
858
330
17
100
AcDbEntity
  8
ENGRAVE_POLARS
100
AcDbLine
 10
-5.105506406587456
 20
16.489489085490497
 30
0.0
 11
-5.568891090241625
 21
16.46238400067783
 31
0.0
  0
LINE
  5
859
330
17
100
AcDbEntity
  8
ENGRAVE_POLARS
100
AcDbLine
 10
-5.568891090241625
 20
16.46238400067783
 30
0.0
 11
-5.9826633748223035
 21
16.43723253052247
 31
0.0
  0
LINE
  5
85A
330
17
100
AcDbEntity
  8
ENGRAVE_POLARS
100
AcDbLine
 10
-5.9826633748223035
 20
16.43723253052247
 30
0.0
 11
-6.3445338998250955
 21
16.416020319485206
 31
0.0
  0
LINE
  5
85B
330
17
100
AcDbEntity
  8
ENGRAVE_POLARS
100
AcDbLine
 10
-6.3445338998250955
 20
16.416020319485206
 30
0.0
 11
-6.664237645981898
 21
16.39866823640587
 31
0.0
  0
LINE
  5
85C
330
17
100
AcDbEntity
  8
ENGRAVE_POLARS
100
AcDbLine
 10
-6.664237645981898
 20
16.39866823640587
 30
0.0
 11
-6.949551932515344
 21
16.383309947351968
 31
0.0
  0
LINE
  5
85D
330
17
100
AcDbEntity
  8
ENGRAVE_POLARS
100
AcDbLine
 10
-6.949551932515344
 20
16.383309947351968
 30
0.0
 11
-7.208254078648067
 21
16.368079118391016
 31
0.0
  0
LINE
  5
85E
330
17
100
AcDbEntity
  8
ENGRAVE_POLARS
100
AcDbLine
 10
-7.208254078648067
 20
16.368079118391016
 30
0.0
 11
-7.448121403602703
 21
16.351109415590518
 31
0.0
  0
LINE
  5
85F
330
17
100
AcDbEntity
  8
ENGRAVE_POLARS
100
AcDbLine
 10
-7.448121403602703
 20
16.351109415590518
 30
0.0
 11
-7.676931226601886
 21
16.330534505017987
 31
0.0
  0
LINE
  5
860
330
17
100
AcDbEntity
  8
ENGRAVE_POLARS
100
AcDbLine
 10
-7.676931226601886
 20
16.330534505017987
 30
0.0
 11
-7.9024608668682506
 21
16.304488052740933
 31
0.0
  0
LINE
  5
861
330
17
100
AcDbEntity
  8
ENGRAVE_POLARS
100
AcDbLine
 10
-7.9024608668682506
 20
16.304488052740933
 30
0.0
 11
-8.132487643624431
 21
16.271103724826865
 31
0.0
  0
LINE
  5
862
330
17
100
AcDbEntity
  8
ENGRAVE_POLARS
100
AcDbLine
 10
-8.132487643624431
 20
16.271103724826865
 30
0.0
 11
-8.37478887609306
 21
16.228515187343294
 31
0.0
  0
LINE
  5
863
330
17
100
AcDbEntity
  8
ENGRAVE_POLARS
100
AcDbLine
 10
-8.37478887609306
 20
16.228515187343294
 30
0.0
 11
-8.637141883496778
 21
16.174856106357737
 31
0.0
  0
LINE
  5
864
330
17
100
AcDbEntity
  8
ENGRAVE_POLARS
100
AcDbLine
 10
-8.637141883496778
 20
16.174856106357737
 30
0.0
 11
-8.927323985058209
 21
16.10826014793769
 31
0.0
  0
LINE
  5
865
330
17
100
AcDbEntity
  8
ENGRAVE_POLARS
100
AcDbLine
 10
-8.927323985058209
 20
16.10826014793769
 30
0.0
 11
-9.253112499999997
 21
16.026860978150676
 31
0.0
  0
LINE
  5
866
330
17
100
AcDbEntity
  8
ENGRAVE_POLARS
100
AcDbLine
 10
-9.253112499999997
 20
16.026860978150676
 30
0.0
 11
-9.62201393887292
 21
15.939384073855486
 31
0.0
  0
LINE
  5
867
330
17
100
AcDbEntity
  8
ENGRAVE_POLARS
100
AcDbLine
 10
-9.62201393887292
 20
15.939384073855486
 30
0.0
 11
-10.030320823784601
 21
15.853418011888616
 31
0.0
  0
LINE
  5
868
330
17
100
AcDbEntity
  8
ENGRAVE_POLARS
100
AcDbLine
 10
-10.030320823784601
 20
15.853418011888616
 30
0.0
 11
-10.468989491292938
 21
15.765391108284124
 31
0.0
  0
LINE
  5
869
330
17
100
AcDbEntity
  8
ENGRAVE_POLARS
100
AcDbLine
 10
-10.468989491292938
 20
15.765391108284124
 30
0.0
 11
-10.928976277955828
 21
15.671731679076071
 31
0.0
  0
LINE
  5
86A
330
17
100
AcDbEntity
  8
ENGRAVE_POLARS
100
AcDbLine
 10
-10.928976277955828
 20
15.671731679076071
 30
0.0
 11
-11.40123752033117
 21
15.568868040298518
 31
0.0
  0
LINE
  5
86B
330
17
100
AcDbEntity
  8
ENGRAVE_POLARS
100
AcDbLine
 10
-11.40123752033117
 20
15.568868040298518
 30
0.0
 11
-11.876729554976857
 21
15.453228507985516
 31
0.0
  0
LINE
  5
86C
330
17
100
AcDbEntity
  8
ENGRAVE_POLARS
100
AcDbLine
 10
-11.876729554976857
 20
15.453228507985516
 30
0.0
 11
-12.346408718450787
 21
15.321241398171132
 31
0.0
  0
LINE
  5
86D
330
17
100
AcDbEntity
  8
ENGRAVE_POLARS
100
AcDbLine
 10
-12.346408718450787
 20
15.321241398171132
 30
0.0
 11
-12.80123134731086
 21
15.169335026889424
 31
0.0
  0
LINE
  5
86E
330
17
100
AcDbEntity
  8
ENGRAVE_POLARS
100
AcDbLine
 10
-12.80123134731086
 20
15.169335026889424
 30
0.0
 11
-13.232153778114974
 21
14.993937710174452
 31
0.0
  0
LINE
  5
86F
330
17
100
AcDbEntity
  8
ENGRAVE_POLARS
100
AcDbLine
 10
-13.232153778114974
 20
14.993937710174452
 30
0.0
 11
-13.630132347421023
 21
14.791477764060268
 31
0.0
  0
LINE
  5
870
330
17
100
AcDbEntity
  8
ENGRAVE_POLARS
100
AcDbLine
 10
-13.630132347421023
 20
14.791477764060268
 30
0.0
 11
-13.986123391786904
 21
14.558383504580936
 31
0.0
  0
LINE
  5
871
330
17
100
AcDbEntity
  8
ENGRAVE_POLARS
100
AcDbLine
 10
-13.986123391786904
 20
14.558383504580936
 30
0.0
 11
-14.291083247770516
 21
14.291083247770517
 31
0.0
  0
LINE
  5
872
330
17
100
AcDbEntity
  8
ENGRAVE_POLARS
100
AcDbLine
 10
-14.291083247770516
 20
14.291083247770517
 30
0.0
 11
-14.54820112214491
 21
13.981932688110103
 31
0.0
  0
LINE
  5
873
330
17
100
AcDbEntity
  8
ENGRAVE_POLARS
100
AcDbLine
 10
-14.54820112214491
 20
13.981932688110103
 30
0.0
 11
-14.769372324793409
 21
13.629963650050502
 31
0.0
  0
LINE
  5
874
330
17
100
AcDbEntity
  8
ENGRAVE_POLARS
100
AcDbLine
 10
-14.769372324793409
 20
13.629963650050502
 30
0.0
 11
-14.958612346939328
 21
13.241618644580363
 31
0.0
  0
LINE
  5
875
330
17
100
AcDbEntity
  8
ENGRAVE_POLARS
100
AcDbLine
 10
-14.958612346939328
 20
13.241618644580363
 30
0.0
 11
-15.119936679805976
 21
12.823340182688316
 31
0.0
  0
LINE
  5
876
330
17
100
AcDbEntity
  8
ENGRAVE_POLARS
100
AcDbLine
 10
-15.119936679805976
 20
12.823340182688316
 30
0.0
 11
-15.257360814616662
 21
12.381570775363006
 31
0.0
  0
LINE
  5
877
330
17
100
AcDbEntity
  8
ENGRAVE_POLARS
100
AcDbLine
 10
-15.257360814616662
 20
12.381570775363006
 30
0.0
 11
-15.3749002425947
 21
11.922752933593063
 31
0.0
  0
LINE
  5
878
330
17
100
AcDbEntity
  8
ENGRAVE_POLARS
100
AcDbLine
 10
-15.3749002425947
 20
11.922752933593063
 30
0.0
 11
-15.476570454963392
 21
11.453329168367135
 31
0.0
  0
LINE
  5
879
330
17
100
AcDbEntity
  8
ENGRAVE_POLARS
100
AcDbLine
 10
-15.476570454963392
 20
11.453329168367135
 30
0.0
 11
-15.566386942946057
 21
10.979741990673856
 31
0.0
  0
LINE
  5
87A
330
17
100
AcDbEntity
  8
ENGRAVE_POLARS
100
AcDbLine
 10
-15.566386942946057
 20
10.979741990673856
 30
0.0
 11
-15.648365197766001
 21
10.508433911501864
 31
0.0
  0
LINE
  5
87B
330
17
100
AcDbEntity
  8
ENGRAVE_POLARS
100
AcDbLine
 10
-15.648365197766001
 20
10.508433911501864
 30
0.0
 11
-15.726520710646533
 21
10.045847441839797
 31
0.0
  0
LINE
  5
87C
330
17
100
AcDbEntity
  8
ENGRAVE_POLARS
100
AcDbLine
 10
-15.726520710646533
 20
10.045847441839797
 30
0.0
 11
-15.804868972810963
 21
9.598425092676296
 31
0.0
  0
LINE
  5
87D
330
17
100
AcDbEntity
  8
ENGRAVE_POLARS
100
AcDbLine
 10
-15.804868972810963
 20
9.598425092676296
 30
0.0
 11
-15.887425475482607
 21
9.172609374999999
 31
0.0
  0
LINE
  5
87E
330
17
100
AcDbEntity
  8
ENGRAVE_POLARS
100
AcDbLine
 10
-15.887425475482607
 20
9.172609374999999
 30
0.0
 11
-15.967367226913991
 21
8.748891102292035
 31
0.0
  0
LINE
  5
87F
330
17
100
AcDbEntity
  8
ENGRAVE_POLARS
100
AcDbLine
 10
-15.967367226913991
 20
8.748891102292035
 30
0.0
 11
-16.035971787385844
 21
8.307827143870965
 31
0.0
  0
LINE
  5
880
330
17
100
AcDbEntity
  8
ENGRAVE_POLARS
100
AcDbLine
 10
-16.035971787385844
 20
8.307827143870965
 30
0.0
 11
-16.09440547616377
 21
7.855959094481594
 31
0.0
  0
LINE
  5
881
330
17
100
AcDbEntity
  8
ENGRAVE_POLARS
100
AcDbLine
 10
-16.09440547616377
 20
7.855959094481594
 30
0.0
 11
-16.14383461251337
 21
7.3998285488687126
 31
0.0
  0
LINE
  5
882
330
17
100
AcDbEntity
  8
ENGRAVE_POLARS
100
AcDbLine
 10
-16.14383461251337
 20
7.3998285488687126
 30
0.0
 11
-16.185425515700253
 21
6.945977101777119
 31
0.0
  0
LINE
  5
883
330
17
100
AcDbEntity
  8
ENGRAVE_POLARS
100
AcDbLine
 10
-16.185425515700253
 20
6.945977101777119
 30
0.0
 11
-16.220344504990013
 21
6.5009463479516105
 31
0.0
  0
LINE
  5
884
330
17
100
AcDbEntity
  8
ENGRAVE_POLARS
100
AcDbLine
 10
-16.220344504990013
 20
6.5009463479516105
 30
0.0
 11
-16.249757899648262
 21
6.0712778821369815
 31
0.0
  0
LINE
  5
885
330
17
100
AcDbEntity
  8
ENGRAVE_POLARS
100
AcDbLine
 10
-16.249757899648262
 20
6.0712778821369815
 30
0.0
 11
-16.2748320189406
 21
5.66351329907803
 31
0.0
  0
LINE
  5
886
330
17
100
AcDbEntity
  8
ENGRAVE_POLARS
100
AcDbLine
 10
-16.2748320189406
 20
5.66351329907803
 30
0.0
 11
-16.29673318213263
 21
5.284194193519553
 31
0.0
  0
LINE
  5
887
330
17
100
AcDbEntity
  8
ENGRAVE_POLARS
100
AcDbLine
 10
-16.29673318213263
 20
5.284194193519553
 30
0.0
 11
-16.31662770848996
 21
4.939862160206343
 31
0.0
  0
LINE
  5
888
330
17
100
AcDbEntity
  8
ENGRAVE_POLARS
100
AcDbLine
 10
-16.31662770848996
 20
4.939862160206343
 30
0.0
 11
-16.335681917278187
 21
4.637058793883199
 31
0.0
  0
LINE
  5
889
330
17
100
AcDbEntity
  8
ENGRAVE_POLARS
100
AcDbLine
 10
-16.335681917278187
 20
4.637058793883199
 30
0.0
 11
-16.355062127762917
 21
4.382325689294918
 31
0.0
  0
LINE
  5
88A
330
17
100
AcDbEntity
  8
ENGRAVE_POLARS
100
AcDbLine
 10
-16.355062127762917
 20
4.382325689294918
 30
0.0
 11
-16.372093962944145
 21
4.190598188041024
 31
0.0
  0
LINE
  5
88B
330
17
100
AcDbEntity
  8
ENGRAVE_POLARS
100
AcDbLine
 10
-16.372093962944145
 20
4.190598188041024
 30
0.0
 11
-16.383803198259393
 21
4.064244313235984
 31
0.0
  0
LINE
  5
88C
330
17
100
AcDbEntity
  8
ENGRAVE_POLARS
100
AcDbLine
 10
-16.383803198259393
 20
4.064244313235984
 30
0.0
 11
-16.39090638163055
 21
3.990954681897004
 31
0.0
  0
LINE
  5
88D
330
17
100
AcDbEntity
  8
ENGRAVE_POLARS
100
AcDbLine
 10
-16.39090638163055
 20
3.990954681897004
 30
0.0
 11
-16.39412006097951
 21
3.9584199110412905
 31
0.0
  0
LINE
  5
88E
330
17
100
AcDbEntity
  8
ENGRAVE_POLARS
100
AcDbLine
 10
-16.39412006097951
 20
3.9584199110412905
 30
0.0
 11
-16.394160784228166
 21
3.9543306176860513
 31
0.0
  0
LINE
  5
88F
330
17
100
AcDbEntity
  8
ENGRAVE_POLARS
100
AcDbLine
 10
-16.394160784228166
 20
3.9543306176860513
 30
0.0
 11
-16.3917450992984
 21
3.9663774188484897
 31
0.0
  0
LINE
  5
890
330
17
100
AcDbEntity
  8
ENGRAVE_POLARS
100
AcDbLine
 10
-16.3917450992984
 20
3.9663774188484897
 30
0.0
 11
-16.387589554112115
 21
3.9822509315458148
 31
0.0
  0
LINE
  5
891
330
17
100
AcDbEntity
  8
ENGRAVE_POLARS
100
AcDbLine
 10
-16.387589554112115
 20
3.9822509315458148
 30
0.0
 11
-16.382410696591187
 21
3.989641772795232
 31
0.0
  0
LINE
  5
892
330
17
100
AcDbEntity
  8
ENGRAVE_POLARS
100
AcDbLine
 10
-16.382410696591187
 20
3.989641772795232
 30
0.0
 11
-16.376925074657528
 21
3.9762405596139487
 31
0.0
  0
LINE
  5
893
330
17
100
AcDbEntity
  8
ENGRAVE_POLARS
100
AcDbLine
 10
-16.376925074657528
 20
3.9762405596139487
 30
0.0
 11
-16.37184923623301
 21
3.9297379090191695
 31
0.0
  0
LINE
  5
894
330
17
100
AcDbEntity
  8
ENGRAVE_POLARS
100
AcDbLine
 10
-16.37184923623301
 20
3.9297379090191695
 30
0.0
 11
-16.36789972923953
 21
3.8378244380281017
 31
0.0
  0
LINE
  5
895
330
17
100
AcDbEntity
  8
ENGRAVE_POLARS
100
AcDbLine
 10
-16.36789972923953
 20
3.8378244380281017
 30
0.0
 11
-16.365793101598978
 21
3.688190763657953
 31
0.0
  0
LINE
  5
896
330
17
100
AcDbEntity
  8
ENGRAVE_POLARS
100
AcDbLine
 10
-16.365793101598978
 20
3.688190763657953
 30
0.0
 11
-16.364446335322803
 21
3.4739291080059886
 31
0.0
  0
LINE
  5
897
330
17
100
AcDbEntity
  8
ENGRAVE_POLARS
100
AcDbLine
 10
-16.364446335322803
 20
3.4739291080059886
 30
0.0
 11
-16.362388548503503
 21
3.204072030206246
 31
0.0
  0
LINE
  5
898
330
17
100
AcDbEntity
  8
ENGRAVE_POLARS
100
AcDbLine
 10
-16.362388548503503
 20
3.204072030206246
 30
0.0
 11
-16.359754493184536
 21
2.8902206528310828
 31
0.0
  0
LINE
  5
899
330
17
100
AcDbEntity
  8
ENGRAVE_POLARS
100
AcDbLine
 10
-16.359754493184536
 20
2.8902206528310828
 30
0.0
 11
-16.356678921409358
 21
2.543976098452859
 31
0.0
  0
LINE
  5
89A
330
17
100
AcDbEntity
  8
ENGRAVE_POLARS
100
AcDbLine
 10
-16.356678921409358
 20
2.543976098452859
 30
0.0
 11
-16.353296585221447
 21
2.1769394896439342
 31
0.0
  0
LINE
  5
89B
330
17
100
AcDbEntity
  8
ENGRAVE_POLARS
100
AcDbLine
 10
-16.353296585221447
 20
2.1769394896439342
 30
0.0
 11
-16.34974223666424
 21
1.8007119489766672
 31
0.0
  0
LINE
  5
89C
330
17
100
AcDbEntity
  8
ENGRAVE_POLARS
100
AcDbLine
 10
-16.34974223666424
 20
1.8007119489766672
 30
0.0
 11
-16.34615062778122
 21
1.4268945990234168
 31
0.0
  0
LINE
  5
89D
330
17
100
AcDbEntity
  8
ENGRAVE_POLARS
100
AcDbLine
 10
-16.34615062778122
 20
1.4268945990234168
 30
0.0
 11
-16.342656510615846
 21
1.0670885623565436
 31
0.0
  0
LINE
  5
89E
330
17
100
AcDbEntity
  8
ENGRAVE_POLARS
100
AcDbLine
 10
-16.342656510615846
 20
1.0670885623565436
 30
0.0
 11
-16.339394637211576
 21
0.732894961548407
 31
0.0
  0
LINE
  5
89F
330
17
100
AcDbEntity
  8
ENGRAVE_POLARS
100
AcDbLine
 10
-16.339394637211576
 20
0.732894961548407
 30
0.0
 11
-16.33649975961187
 21
0.4359149191713645
 31
0.0
  0
LINE
  5
8A0
330
17
100
AcDbEntity
  8
ENGRAVE_POLARS
100
AcDbLine
 10
-16.33649975961187
 20
0.4359149191713645
 30
0.0
 11
-16.334106629860187
 21
0.18774955779777633
 31
0.0
  0
LINE
  5
8A1
330
17
100
AcDbEntity
  8
ENGRAVE_POLARS
100
AcDbLine
 10
-16.334106629860187
 20
0.18774955779777633
 30
0.0
 11
-16.33235
 21
2.0001360150054275e-15
 31
0.0
  0
LINE
  5
8A2
330
17
100
AcDbEntity
  8
ENGRAVE_POLARS
100
AcDbLine
 10
10.166600778211802
 20
-8.170155245690854
 30
0.0
 11
10.105728522256282
 21
-8.330909383741023
 31
0.0
  0
LINE
  5
8A3
330
17
100
AcDbEntity
  8
ENGRAVE_POLARS
100
AcDbLine
 10
10.105728522256282
 20
-8.330909383741023
 30
0.0
 11
10.030251232629329
 21
-8.53945983993607
 31
0.0
  0
LINE
  5
8A4
330
17
100
AcDbEntity
  8
ENGRAVE_POLARS
100
AcDbLine
 10
10.030251232629329
 20
-8.53945983993607
 30
0.0
 11
9.942096860061618
 21
-8.787320467301003
 31
0.0
  0
LINE
  5
8A5
330
17
100
AcDbEntity
  8
ENGRAVE_POLARS
100
AcDbLine
 10
9.942096860061618
 20
-8.787320467301003
 30
0.0
 11
9.84319335528385
 21
-9.066005118860827
 31
0.0
  0
LINE
  5
8A6
330
17
100
AcDbEntity
  8
ENGRAVE_POLARS
100
AcDbLine
 10
9.84319335528385
 20
-9.066005118860827
 30
0.0
 11
9.735468669026707
 21
-9.367027647640551
 31
0.0
  0
LINE
  5
8A7
330
17
100
AcDbEntity
  8
ENGRAVE_POLARS
100
AcDbLine
 10
9.735468669026707
 20
-9.367027647640551
 30
0.0
 11
9.620850752020884
 21
-9.681901906665184
 31
0.0
  0
LINE
  5
8A8
330
17
100
AcDbEntity
  8
ENGRAVE_POLARS
100
AcDbLine
 10
9.620850752020884
 20
-9.681901906665184
 30
0.0
 11
9.501267554997064
 21
-10.00214174895973
 31
0.0
  0
LINE
  5
8A9
330
17
100
AcDbEntity
  8
ENGRAVE_POLARS
100
AcDbLine
 10
9.501267554997064
 20
-10.00214174895973
 30
0.0
 11
9.37864702868594
 21
-10.3192610275492
 31
0.0
  0
LINE
  5
8AA
330
17
100
AcDbEntity
  8
ENGRAVE_POLARS
100
AcDbLine
 10
9.37864702868594
 20
-10.3192610275492
 30
0.0
 11
9.254917123818203
 21
-10.624773595458596
 31
0.0
  0
LINE
  5
8AB
330
17
100
AcDbEntity
  8
ENGRAVE_POLARS
100
AcDbLine
 10
9.254917123818203
 20
-10.624773595458596
 30
0.0
 11
9.132005791124538
 21
-10.910193305712934
 31
0.0
  0
LINE
  5
8AC
330
17
100
AcDbEntity
  8
ENGRAVE_POLARS
100
AcDbLine
 10
9.132005791124538
 20
-10.910193305712934
 30
0.0
 11
9.011840981335638
 21
-11.167034011337213
 31
0.0
  0
LINE
  5
8AD
330
17
100
AcDbEntity
  8
ENGRAVE_POLARS
100
AcDbLine
 10
9.011840981335638
 20
-11.167034011337213
 30
0.0
 11
8.89635064518219
 21
-11.386809565356444
 31
0.0
  0
LINE
  5
8AE
330
17
100
AcDbEntity
  8
ENGRAVE_POLARS
100
AcDbLine
 10
8.89635064518219
 20
-11.386809565356444
 30
0.0
 11
8.785130701016334
 21
-11.573859940598233
 31
0.0
  0
LINE
  5
8AF
330
17
100
AcDbEntity
  8
ENGRAVE_POLARS
100
AcDbLine
 10
8.785130701016334
 20
-11.573859940598233
 30
0.0
 11
8.675820786992317
 21
-11.74020455283469
 31
0.0
  0
LINE
  5
8B0
330
17
100
AcDbEntity
  8
ENGRAVE_POLARS
100
AcDbLine
 10
8.675820786992317
 20
-11.74020455283469
 30
0.0
 11
8.567414433543984
 21
-11.888876419507564
 31
0.0
  0
LINE
  5
8B1
330
17
100
AcDbEntity
  8
ENGRAVE_POLARS
100
AcDbLine
 10
8.567414433543984
 20
-11.888876419507564
 30
0.0
 11
8.458905171105188
 21
-12.022908558058612
 31
0.0
  0
LINE
  5
8B2
330
17
100
AcDbEntity
  8
ENGRAVE_POLARS
100
AcDbLine
 10
8.458905171105188
 20
-12.022908558058612
 30
0.0
 11
8.349286530109778
 21
-12.145333985929595
 31
0.0
  0
LINE
  5
8B3
330
17
100
AcDbEntity
  8
ENGRAVE_POLARS
100
AcDbLine
 10
8.349286530109778
 20
-12.145333985929595
 30
0.0
 11
8.2375520409916
 21
-12.259185720562257
 31
0.0
  0
LINE
  5
8B4
330
17
100
AcDbEntity
  8
ENGRAVE_POLARS
100
AcDbLine
 10
8.2375520409916
 20
-12.259185720562257
 30
0.0
 11
8.122695234184507
 21
-12.367496779398358
 31
0.0
  0
LINE
  5
8B5
330
17
100
AcDbEntity
  8
ENGRAVE_POLARS
100
AcDbLine
 10
8.122695234184507
 20
-12.367496779398358
 30
0.0
 11
8.003709640122345
 21
-12.473300179879656
 31
0.0
  0
LINE
  5
8B6
330
17
100
AcDbEntity
  8
ENGRAVE_POLARS
100
AcDbLine
 10
8.003709640122345
 20
-12.473300179879656
 30
0.0
 11
7.879588789238964
 21
-12.579628939447904
 31
0.0
  0
LINE
  5
8B7
330
17
100
AcDbEntity
  8
ENGRAVE_POLARS
100
AcDbLine
 10
7.879588789238964
 20
-12.579628939447904
 30
0.0
 11
7.749326211968214
 21
-12.689516075544855
 31
0.0
  0
LINE
  5
8B8
330
17
100
AcDbEntity
  8
ENGRAVE_POLARS
100
AcDbLine
 10
7.749326211968214
 20
-12.689516075544855
 30
0.0
 11
7.611915438743944
 21
-12.805994605612263
 31
0.0
  0
LINE
  5
8B9
330
17
100
AcDbEntity
  8
ENGRAVE_POLARS
100
AcDbLine
 10
7.611915438743944
 20
-12.805994605612263
 30
0.0
 11
7.466350000000002
 21
-12.932097547091887
 31
0.0
  0
LINE
  5
8BA
330
17
100
AcDbEntity
  8
ENGRAVE_POLARS
100
AcDbLine
 10
7.466350000000002
 20
-12.932097547091887
 30
0.0
 11
7.308416534618568
 21
-13.067534934263408
 31
0.0
  0
LINE
  5
8BB
330
17
100
AcDbEntity
  8
ENGRAVE_POLARS
100
AcDbLine
 10
7.308416534618568
 20
-13.067534934263408
 30
0.0
 11
7.136531779596831
 21
-13.208813497186531
 31
0.0
  0
LINE
  5
8BC
330
17
100
AcDbEntity
  8
ENGRAVE_POLARS
100
AcDbLine
 10
7.136531779596831
 20
-13.208813497186531
 30
0.0
 11
6.953634412541153
 21
-13.354161296973038
 31
0.0
  0
LINE
  5
8BD
330
17
100
AcDbEntity
  8
ENGRAVE_POLARS
100
AcDbLine
 10
6.953634412541153
 20
-13.354161296973038
 30
0.0
 11
6.7626631110578925
 21
-13.501806394734711
 31
0.0
  0
LINE
  5
8BE
330
17
100
AcDbEntity
  8
ENGRAVE_POLARS
100
AcDbLine
 10
6.7626631110578925
 20
-13.501806394734711
 30
0.0
 11
6.566556552753415
 21
-13.649976851583334
 31
0.0
  0
LINE
  5
8BF
330
17
100
AcDbEntity
  8
ENGRAVE_POLARS
100
AcDbLine
 10
6.566556552753415
 20
-13.649976851583334
 30
0.0
 11
6.36825341523408
 21
-13.796900728630687
 31
0.0
  0
LINE
  5
8C0
330
17
100
AcDbEntity
  8
ENGRAVE_POLARS
100
AcDbLine
 10
6.36825341523408
 20
-13.796900728630687
 30
0.0
 11
6.170692376106249
 21
-13.940806086988555
 31
0.0
  0
LINE
  5
8C1
330
17
100
AcDbEntity
  8
ENGRAVE_POLARS
100
AcDbLine
 10
6.170692376106249
 20
-13.940806086988555
 30
0.0
 11
5.976812112976285
 21
-14.079920987768721
 31
0.0
  0
LINE
  5
8C2
330
17
100
AcDbEntity
  8
ENGRAVE_POLARS
100
AcDbLine
 10
5.976812112976285
 20
-14.079920987768721
 30
0.0
 11
5.789551303450549
 21
-14.212473492082966
 31
0.0
  0
LINE
  5
8C3
330
17
100
AcDbEntity
  8
ENGRAVE_POLARS
100
AcDbLine
 10
5.789551303450549
 20
-14.212473492082966
 30
0.0
 11
5.611848625135401
 21
-14.336691661043071
 31
0.0
  0
LINE
  5
8C4
330
17
100
AcDbEntity
  8
ENGRAVE_POLARS
100
AcDbLine
 10
5.611848625135401
 20
-14.336691661043071
 30
0.0
 11
5.446642755637204
 21
-14.450803555760823
 31
0.0
  0
LINE
  5
8C5
330
17
100
AcDbEntity
  8
ENGRAVE_POLARS
100
AcDbLine
 10
5.446642755637204
 20
-14.450803555760823
 30
0.0
 11
5.29687237256232
 21
-14.553037237348
 31
0.0
  0
LINE
  5
8C6
330
17
100
AcDbEntity
  8
ENGRAVE_POLARS
100
AcDbLine
 10
5.29687237256232
 20
-14.553037237348
 30
0.0
 11
5.162393544880352
 21
-14.642793158521803
 31
0.0
  0
LINE
  5
8C7
330
17
100
AcDbEntity
  8
ENGRAVE_POLARS
100
AcDbLine
 10
5.162393544880352
 20
-14.642793158521803
 30
0.0
 11
5.039908850001382
 21
-14.721622813434866
 31
0.0
  0
LINE
  5
8C8
330
17
100
AcDbEntity
  8
ENGRAVE_POLARS
100
AcDbLine
 10
5.039908850001382
 20
-14.721622813434866
 30
0.0
 11
4.927626728192484
 21
-14.79098082535213
 31
0.0
  0
LINE
  5
8C9
330
17
100
AcDbEntity
  8
ENGRAVE_POLARS
100
AcDbLine
 10
4.927626728192484
 20
-14.79098082535213
 30
0.0
 11
4.823755619720737
 21
-14.852321817538536
 31
0.0
  0
LINE
  5
8CA
330
17
100
AcDbEntity
  8
ENGRAVE_POLARS
100
AcDbLine
 10
4.823755619720737
 20
-14.852321817538536
 30
0.0
 11
4.72650396485322
 21
-14.907100413259018
 31
0.0
  0
LINE
  5
8CB
330
17
100
AcDbEntity
  8
ENGRAVE_POLARS
100
AcDbLine
 10
4.72650396485322
 20
-14.907100413259018
 30
0.0
 11
4.634080203857006
 21
-14.956771235778522
 31
0.0
  0
LINE
  5
8CC
330
17
100
AcDbEntity
  8
ENGRAVE_POLARS
100
AcDbLine
 10
4.634080203857006
 20
-14.956771235778522
 30
0.0
 11
4.544692776999173
 21
-15.002788908361978
 31
0.0
  0
LINE
  5
8CD
330
17
100
AcDbEntity
  8
ENGRAVE_POLARS
100
AcDbLine
 10
4.544692776999173
 20
-15.002788908361978
 30
0.0
 11
4.456550124546799
 21
-15.046608054274337
 31
0.0
  0
LINE
  5
8CE
330
17
100
AcDbEntity
  8
ENGRAVE_POLARS
100
AcDbLine
 10
4.456550124546799
 20
-15.046608054274337
 30
0.0
 11
4.367860686766961
 21
-15.089683296780532
 31
0.0
  0
LINE
  5
8CF
330
17
100
AcDbEntity
  8
ENGRAVE_POLARS
100
AcDbLine
 10
4.367860686766961
 20
-15.089683296780532
 30
0.0
 11
4.276832903926734
 21
-15.133469259145507
 31
0.0
  0
LINE
  5
8D0
330
17
100
AcDbEntity
  8
ENGRAVE_POLARS
100
AcDbLine
 10
4.276832903926734
 20
-15.133469259145507
 30
0.0
 11
4.181675216293196
 21
-15.17942056463419
 31
0.0
  0
LINE
  5
8D1
330
17
100
AcDbEntity
  8
ENGRAVE_POLARS
100
AcDbLine
 10
4.181675216293196
 20
-15.17942056463419
 30
0.0
 11
4.080596064133426
 21
-15.228991836511536
 31
0.0
  0
LINE
  5
8D2
330
17
100
AcDbEntity
  8
ENGRAVE_POLARS
100
AcDbLine
 10
4.080596064133426
 20
-15.228991836511536
 30
0.0
 11
3.980179279301317
 21
-15.279411249732078
 31
0.0
  0
LINE
  5
8D3
330
17
100
AcDbEntity
  8
ENGRAVE_POLARS
100
AcDbLine
 10
3.980179279301317
 20
-15.279411249732078
 30
0.0
 11
3.886569001776175
 21
-15.327328053886959
 31
0.0
  0
LINE
  5
8D4
330
17
100
AcDbEntity
  8
ENGRAVE_POLARS
100
AcDbLine
 10
3.886569001776175
 20
-15.327328053886959
 30
0.0
 11
3.7973141340131895
 21
-15.37332848419601
 31
0.0
  0
LINE
  5
8D5
330
17
100
AcDbEntity
  8
ENGRAVE_POLARS
100
AcDbLine
 10
3.7973141340131895
 20
-15.37332848419601
 30
0.0
 11
3.7099635784675495
 21
-15.417998775879067
 31
0.0
  0
LINE
  5
8D6
330
17
100
AcDbEntity
  8
ENGRAVE_POLARS
100
AcDbLine
 10
3.7099635784675495
 20
-15.417998775879067
 30
0.0
 11
3.6220662375944457
 21
-15.461925164155964
 31
0.0
  0
LINE
  5
8D7
330
17
100
AcDbEntity
  8
ENGRAVE_POLARS
100
AcDbLine
 10
3.6220662375944457
 20
-15.461925164155964
 30
0.0
 11
3.5311710138490664
 21
-15.505693884246526
 31
0.0
  0
LINE
  5
8D8
330
17
100
AcDbEntity
  8
ENGRAVE_POLARS
100
AcDbLine
 10
3.5311710138490664
 20
-15.505693884246526
 30
0.0
 11
3.4348268096866006
 21
-15.549891171370591
 31
0.0
  0
LINE
  5
8D9
330
17
100
AcDbEntity
  8
ENGRAVE_POLARS
100
AcDbLine
 10
3.4348268096866006
 20
-15.549891171370591
 30
0.0
 11
3.330582527562239
 21
-15.595103260747994
 31
0.0
  0
LINE
  5
8DA
330
17
100
AcDbEntity
  8
ENGRAVE_POLARS
100
AcDbLine
 10
3.330582527562239
 20
-15.595103260747994
 30
0.0
 11
3.215987069931171
 21
-15.641916387598567
 31
0.0
  0
LINE
  5
8DB
330
17
100
AcDbEntity
  8
ENGRAVE_POLARS
100
AcDbLine
 10
3.215987069931171
 20
-15.641916387598567
 30
0.0
 11
3.0885893392485846
 21
-15.690916787142138
 31
0.0
  0
LINE
  5
8DC
330
17
100
AcDbEntity
  8
ENGRAVE_POLARS
100
AcDbLine
 10
3.0885893392485846
 20
-15.690916787142138
 30
0.0
 11
2.9459382379696697
 21
-15.742690694598544
 31
0.0
  0
LINE
  5
8DD
330
17
100
AcDbEntity
  8
ENGRAVE_POLARS
100
AcDbLine
 10
2.9459382379696697
 20
-15.742690694598544
 30
0.0
 11
2.785582668549617
 21
-15.79782434518762
 31
0.0
  0
LINE
  5
8DE
330
17
100
AcDbEntity
  8
ENGRAVE_POLARS
100
AcDbLine
 10
2.785582668549617
 20
-15.79782434518762
 30
0.0
 11
2.615813849468475
 21
-15.859421111252624
 31
0.0
  0
LINE
  5
8DF
330
17
100
AcDbEntity
  8
ENGRAVE_POLARS
100
AcDbLine
 10
2.615813849468475
 20
-15.859421111252624
 30
0.0
 11
2.4445819352624323
 21
-15.928816336772186
 31
0.0
  0
LINE
  5
8E0
330
17
100
AcDbEntity
  8
ENGRAVE_POLARS
100
AcDbLine
 10
2.4445819352624323
 20
-15.928816336772186
 30
0.0
 11
2.2689242324708876
 21
-16.003944214419178
 31
0.0
  0
LINE
  5
8E1
330
17
100
AcDbEntity
  8
ENGRAVE_POLARS
100
AcDbLine
 10
2.2689242324708876
 20
-16.003944214419178
 30
0.0
 11
2.0858780476332375
 21
-16.08273893686646
 31
0.0
  0
LINE
  5
8E2
330
17
100
AcDbEntity
  8
ENGRAVE_POLARS
100
AcDbLine
 10
2.0858780476332375
 20
-16.08273893686646
 30
0.0
 11
1.8924806872888809
 21
-16.163134696786916
 31
0.0
  0
LINE
  5
8E3
330
17
100
AcDbEntity
  8
ENGRAVE_POLARS
100
AcDbLine
 10
1.8924806872888809
 20
-16.163134696786916
 30
0.0
 11
1.685769457977215
 21
-16.24306568685341
 31
0.0
  0
LINE
  5
8E4
330
17
100
AcDbEntity
  8
ENGRAVE_POLARS
100
AcDbLine
 10
1.685769457977215
 20
-16.24306568685341
 30
0.0
 11
1.4627816662376374
 21
-16.320466099738812
 31
0.0
  0
LINE
  5
8E5
330
17
100
AcDbEntity
  8
ENGRAVE_POLARS
100
AcDbLine
 10
1.4627816662376374
 20
-16.320466099738812
 30
0.0
 11
1.2205546186095462
 21
-16.393270128116
 31
0.0
  0
LINE
  5
8E6
330
17
100
AcDbEntity
  8
ENGRAVE_POLARS
100
AcDbLine
 10
1.2205546186095462
 20
-16.393270128116
 30
0.0
 11
0.9561256216323395
 21
-16.459411964657843
 31
0.0
  0
LINE
  5
8E7
330
17
100
AcDbEntity
  8
ENGRAVE_POLARS
100
AcDbLine
 10
0.9561256216323395
 20
-16.459411964657843
 30
0.0
 11
0.6665319818454143
 21
-16.51682580203721
 31
0.0
  0
LINE
  5
8E8
330
17
100
AcDbEntity
  8
ENGRAVE_POLARS
100
AcDbLine
 10
0.6665319818454143
 20
-16.51682580203721
 30
0.0
 11
0.3488110057881688
 21
-16.563445832926973
 31
0.0
  0
LINE
  5
8E9
330
17
100
AcDbEntity
  8
ENGRAVE_POLARS
100
AcDbLine
 10
0.3488110057881688
 20
-16.563445832926973
 30
0.0
 11
1.0162857754425472e-15
 21
-16.59720625
 31
0.0
  0
LINE
  5
8EA
330
17
100
AcDbEntity
  8
ENGRAVE_POLARS
100
AcDbLine
 10
1.0162857754425472e-15
 20
-16.59720625
 30
0.0
 11
-0.3952530796400219
 21
-16.618260641056537
 31
0.0
  0
LINE
  5
8EB
330
17
100
AcDbEntity
  8
ENGRAVE_POLARS
100
AcDbLine
 10
-0.3952530796400219
 20
-16.618260641056537
 30
0.0
 11
-0.8434856865245632
 21
-16.628960351780872
 31
0.0
  0
LINE
  5
8EC
330
17
100
AcDbEntity
  8
ENGRAVE_POLARS
100
AcDbLine
 10
-0.8434856865245632
 20
-16.628960351780872
 30
0.0
 11
-1.3344386280218223
 21
-16.63053621167196
 31
0.0
  0
LINE
  5
8ED
330
17
100
AcDbEntity
  8
ENGRAVE_POLARS
100
AcDbLine
 10
-1.3344386280218223
 20
-16.63053621167196
 30
0.0
 11
-1.8578527114999983
 21
-16.62421905022875
 31
0.0
  0
LINE
  5
8EE
330
17
100
AcDbEntity
  8
ENGRAVE_POLARS
100
AcDbLine
 10
-1.8578527114999983
 20
-16.62421905022875
 30
0.0
 11
-2.4034687443272897
 21
-16.611239696950197
 31
0.0
  0
LINE
  5
8EF
330
17
100
AcDbEntity
  8
ENGRAVE_POLARS
100
AcDbLine
 10
-2.4034687443272897
 20
-16.611239696950197
 30
0.0
 11
-2.9610275338718965
 21
-16.592828981335245
 31
0.0
  0
LINE
  5
8F0
330
17
100
AcDbEntity
  8
ENGRAVE_POLARS
100
AcDbLine
 10
-2.9610275338718965
 20
-16.592828981335245
 30
0.0
 11
-3.520269887502018
 21
-16.57021773288285
 31
0.0
  0
LINE
  5
8F1
330
17
100
AcDbEntity
  8
ENGRAVE_POLARS
100
AcDbLine
 10
-3.520269887502018
 20
-16.57021773288285
 30
0.0
 11
-4.070936612585852
 21
-16.544636781091956
 31
0.0
  0
LINE
  5
8F2
330
17
100
AcDbEntity
  8
ENGRAVE_POLARS
100
AcDbLine
 10
-4.070936612585852
 20
-16.544636781091956
 30
0.0
 11
-4.602768516491598
 21
-16.517316955461524
 31
0.0
  0
LINE
  5
8F3
330
17
100
AcDbEntity
  8
ENGRAVE_POLARS
100
AcDbLine
 10
-4.602768516491598
 20
-16.517316955461524
 30
0.0
 11
-5.105506406587456
 21
-16.489489085490497
 31
0.0
  0
LINE
  5
8F4
330
17
100
AcDbEntity
  8
ENGRAVE_POLARS
100
AcDbLine
 10
-5.105506406587456
 20
-16.489489085490497
 30
0.0
 11
-5.568891090241625
 21
-16.46238400067783
 31
0.0
  0
LINE
  5
8F5
330
17
100
AcDbEntity
  8
ENGRAVE_POLARS
100
AcDbLine
 10
-5.568891090241625
 20
-16.46238400067783
 30
0.0
 11
-5.9826633748223035
 21
-16.43723253052247
 31
0.0
  0
LINE
  5
8F6
330
17
100
AcDbEntity
  8
ENGRAVE_POLARS
100
AcDbLine
 10
-5.9826633748223035
 20
-16.43723253052247
 30
0.0
 11
-6.3445338998250955
 21
-16.416020319485206
 31
0.0
  0
LINE
  5
8F7
330
17
100
AcDbEntity
  8
ENGRAVE_POLARS
100
AcDbLine
 10
-6.3445338998250955
 20
-16.416020319485206
 30
0.0
 11
-6.664237645981898
 21
-16.39866823640587
 31
0.0
  0
LINE
  5
8F8
330
17
100
AcDbEntity
  8
ENGRAVE_POLARS
100
AcDbLine
 10
-6.664237645981898
 20
-16.39866823640587
 30
0.0
 11
-6.949551932515344
 21
-16.383309947351968
 31
0.0
  0
LINE
  5
8F9
330
17
100
AcDbEntity
  8
ENGRAVE_POLARS
100
AcDbLine
 10
-6.949551932515344
 20
-16.383309947351968
 30
0.0
 11
-7.208254078648067
 21
-16.368079118391016
 31
0.0
  0
LINE
  5
8FA
330
17
100
AcDbEntity
  8
ENGRAVE_POLARS
100
AcDbLine
 10
-7.208254078648067
 20
-16.368079118391016
 30
0.0
 11
-7.448121403602703
 21
-16.351109415590518
 31
0.0
  0
LINE
  5
8FB
330
17
100
AcDbEntity
  8
ENGRAVE_POLARS
100
AcDbLine
 10
-7.448121403602703
 20
-16.351109415590518
 30
0.0
 11
-7.676931226601886
 21
-16.330534505017987
 31
0.0
  0
LINE
  5
8FC
330
17
100
AcDbEntity
  8
ENGRAVE_POLARS
100
AcDbLine
 10
-7.676931226601886
 20
-16.330534505017987
 30
0.0
 11
-7.9024608668682506
 21
-16.304488052740933
 31
0.0
  0
LINE
  5
8FD
330
17
100
AcDbEntity
  8
ENGRAVE_POLARS
100
AcDbLine
 10
-7.9024608668682506
 20
-16.304488052740933
 30
0.0
 11
-8.132487643624431
 21
-16.271103724826865
 31
0.0
  0
LINE
  5
8FE
330
17
100
AcDbEntity
  8
ENGRAVE_POLARS
100
AcDbLine
 10
-8.132487643624431
 20
-16.271103724826865
 30
0.0
 11
-8.37478887609306
 21
-16.228515187343294
 31
0.0
  0
LINE
  5
8FF
330
17
100
AcDbEntity
  8
ENGRAVE_POLARS
100
AcDbLine
 10
-8.37478887609306
 20
-16.228515187343294
 30
0.0
 11
-8.637141883496778
 21
-16.174856106357737
 31
0.0
  0
LINE
  5
900
330
17
100
AcDbEntity
  8
ENGRAVE_POLARS
100
AcDbLine
 10
-8.637141883496778
 20
-16.174856106357737
 30
0.0
 11
-8.927323985058209
 21
-16.10826014793769
 31
0.0
  0
LINE
  5
901
330
17
100
AcDbEntity
  8
ENGRAVE_POLARS
100
AcDbLine
 10
-8.927323985058209
 20
-16.10826014793769
 30
0.0
 11
-9.253112499999997
 21
-16.026860978150676
 31
0.0
  0
LINE
  5
902
330
17
100
AcDbEntity
  8
ENGRAVE_POLARS
100
AcDbLine
 10
-9.253112499999997
 20
-16.026860978150676
 30
0.0
 11
-9.62201393887292
 21
-15.939384073855486
 31
0.0
  0
LINE
  5
903
330
17
100
AcDbEntity
  8
ENGRAVE_POLARS
100
AcDbLine
 10
-9.62201393887292
 20
-15.939384073855486
 30
0.0
 11
-10.030320823784601
 21
-15.853418011888616
 31
0.0
  0
LINE
  5
904
330
17
100
AcDbEntity
  8
ENGRAVE_POLARS
100
AcDbLine
 10
-10.030320823784601
 20
-15.853418011888616
 30
0.0
 11
-10.468989491292938
 21
-15.765391108284124
 31
0.0
  0
LINE
  5
905
330
17
100
AcDbEntity
  8
ENGRAVE_POLARS
100
AcDbLine
 10
-10.468989491292938
 20
-15.765391108284124
 30
0.0
 11
-10.928976277955828
 21
-15.671731679076071
 31
0.0
  0
LINE
  5
906
330
17
100
AcDbEntity
  8
ENGRAVE_POLARS
100
AcDbLine
 10
-10.928976277955828
 20
-15.671731679076071
 30
0.0
 11
-11.40123752033117
 21
-15.568868040298518
 31
0.0
  0
LINE
  5
907
330
17
100
AcDbEntity
  8
ENGRAVE_POLARS
100
AcDbLine
 10
-11.40123752033117
 20
-15.568868040298518
 30
0.0
 11
-11.876729554976857
 21
-15.453228507985516
 31
0.0
  0
LINE
  5
908
330
17
100
AcDbEntity
  8
ENGRAVE_POLARS
100
AcDbLine
 10
-11.876729554976857
 20
-15.453228507985516
 30
0.0
 11
-12.346408718450787
 21
-15.321241398171132
 31
0.0
  0
LINE
  5
909
330
17
100
AcDbEntity
  8
ENGRAVE_POLARS
100
AcDbLine
 10
-12.346408718450787
 20
-15.321241398171132
 30
0.0
 11
-12.80123134731086
 21
-15.169335026889424
 31
0.0
  0
LINE
  5
90A
330
17
100
AcDbEntity
  8
ENGRAVE_POLARS
100
AcDbLine
 10
-12.80123134731086
 20
-15.169335026889424
 30
0.0
 11
-13.232153778114974
 21
-14.993937710174452
 31
0.0
  0
LINE
  5
90B
330
17
100
AcDbEntity
  8
ENGRAVE_POLARS
100
AcDbLine
 10
-13.232153778114974
 20
-14.993937710174452
 30
0.0
 11
-13.630132347421023
 21
-14.791477764060268
 31
0.0
  0
LINE
  5
90C
330
17
100
AcDbEntity
  8
ENGRAVE_POLARS
100
AcDbLine
 10
-13.630132347421023
 20
-14.791477764060268
 30
0.0
 11
-13.986123391786904
 21
-14.558383504580936
 31
0.0
  0
LINE
  5
90D
330
17
100
AcDbEntity
  8
ENGRAVE_POLARS
100
AcDbLine
 10
-13.986123391786904
 20
-14.558383504580936
 30
0.0
 11
-14.291083247770516
 21
-14.291083247770517
 31
0.0
  0
LINE
  5
90E
330
17
100
AcDbEntity
  8
ENGRAVE_POLARS
100
AcDbLine
 10
-14.291083247770516
 20
-14.291083247770517
 30
0.0
 11
-14.54820112214491
 21
-13.981932688110103
 31
0.0
  0
LINE
  5
90F
330
17
100
AcDbEntity
  8
ENGRAVE_POLARS
100
AcDbLine
 10
-14.54820112214491
 20
-13.981932688110103
 30
0.0
 11
-14.769372324793409
 21
-13.629963650050502
 31
0.0
  0
LINE
  5
910
330
17
100
AcDbEntity
  8
ENGRAVE_POLARS
100
AcDbLine
 10
-14.769372324793409
 20
-13.629963650050502
 30
0.0
 11
-14.958612346939328
 21
-13.241618644580363
 31
0.0
  0
LINE
  5
911
330
17
100
AcDbEntity
  8
ENGRAVE_POLARS
100
AcDbLine
 10
-14.958612346939328
 20
-13.241618644580363
 30
0.0
 11
-15.119936679805976
 21
-12.823340182688316
 31
0.0
  0
LINE
  5
912
330
17
100
AcDbEntity
  8
ENGRAVE_POLARS
100
AcDbLine
 10
-15.119936679805976
 20
-12.823340182688316
 30
0.0
 11
-15.257360814616662
 21
-12.381570775363006
 31
0.0
  0
LINE
  5
913
330
17
100
AcDbEntity
  8
ENGRAVE_POLARS
100
AcDbLine
 10
-15.257360814616662
 20
-12.381570775363006
 30
0.0
 11
-15.3749002425947
 21
-11.922752933593063
 31
0.0
  0
LINE
  5
914
330
17
100
AcDbEntity
  8
ENGRAVE_POLARS
100
AcDbLine
 10
-15.3749002425947
 20
-11.922752933593063
 30
0.0
 11
-15.476570454963392
 21
-11.453329168367135
 31
0.0
  0
LINE
  5
915
330
17
100
AcDbEntity
  8
ENGRAVE_POLARS
100
AcDbLine
 10
-15.476570454963392
 20
-11.453329168367135
 30
0.0
 11
-15.566386942946057
 21
-10.979741990673856
 31
0.0
  0
LINE
  5
916
330
17
100
AcDbEntity
  8
ENGRAVE_POLARS
100
AcDbLine
 10
-15.566386942946057
 20
-10.979741990673856
 30
0.0
 11
-15.648365197766001
 21
-10.508433911501864
 31
0.0
  0
LINE
  5
917
330
17
100
AcDbEntity
  8
ENGRAVE_POLARS
100
AcDbLine
 10
-15.648365197766001
 20
-10.508433911501864
 30
0.0
 11
-15.726520710646533
 21
-10.045847441839797
 31
0.0
  0
LINE
  5
918
330
17
100
AcDbEntity
  8
ENGRAVE_POLARS
100
AcDbLine
 10
-15.726520710646533
 20
-10.045847441839797
 30
0.0
 11
-15.804868972810963
 21
-9.598425092676296
 31
0.0
  0
LINE
  5
919
330
17
100
AcDbEntity
  8
ENGRAVE_POLARS
100
AcDbLine
 10
-15.804868972810963
 20
-9.598425092676296
 30
0.0
 11
-15.887425475482607
 21
-9.172609374999999
 31
0.0
  0
LINE
  5
91A
330
17
100
AcDbEntity
  8
ENGRAVE_POLARS
100
AcDbLine
 10
-15.887425475482607
 20
-9.172609374999999
 30
0.0
 11
-15.967367226913991
 21
-8.748891102292035
 31
0.0
  0
LINE
  5
91B
330
17
100
AcDbEntity
  8
ENGRAVE_POLARS
100
AcDbLine
 10
-15.967367226913991
 20
-8.748891102292035
 30
0.0
 11
-16.035971787385844
 21
-8.307827143870965
 31
0.0
  0
LINE
  5
91C
330
17
100
AcDbEntity
  8
ENGRAVE_POLARS
100
AcDbLine
 10
-16.035971787385844
 20
-8.307827143870965
 30
0.0
 11
-16.09440547616377
 21
-7.855959094481594
 31
0.0
  0
LINE
  5
91D
330
17
100
AcDbEntity
  8
ENGRAVE_POLARS
100
AcDbLine
 10
-16.09440547616377
 20
-7.855959094481594
 30
0.0
 11
-16.14383461251337
 21
-7.3998285488687126
 31
0.0
  0
LINE
  5
91E
330
17
100
AcDbEntity
  8
ENGRAVE_POLARS
100
AcDbLine
 10
-16.14383461251337
 20
-7.3998285488687126
 30
0.0
 11
-16.185425515700253
 21
-6.945977101777119
 31
0.0
  0
LINE
  5
91F
330
17
100
AcDbEntity
  8
ENGRAVE_POLARS
100
AcDbLine
 10
-16.185425515700253
 20
-6.945977101777119
 30
0.0
 11
-16.220344504990013
 21
-6.5009463479516105
 31
0.0
  0
LINE
  5
920
330
17
100
AcDbEntity
  8
ENGRAVE_POLARS
100
AcDbLine
 10
-16.220344504990013
 20
-6.5009463479516105
 30
0.0
 11
-16.249757899648262
 21
-6.0712778821369815
 31
0.0
  0
LINE
  5
921
330
17
100
AcDbEntity
  8
ENGRAVE_POLARS
100
AcDbLine
 10
-16.249757899648262
 20
-6.0712778821369815
 30
0.0
 11
-16.2748320189406
 21
-5.66351329907803
 31
0.0
  0
LINE
  5
922
330
17
100
AcDbEntity
  8
ENGRAVE_POLARS
100
AcDbLine
 10
-16.2748320189406
 20
-5.66351329907803
 30
0.0
 11
-16.29673318213263
 21
-5.284194193519553
 31
0.0
  0
LINE
  5
923
330
17
100
AcDbEntity
  8
ENGRAVE_POLARS
100
AcDbLine
 10
-16.29673318213263
 20
-5.284194193519553
 30
0.0
 11
-16.31662770848996
 21
-4.939862160206343
 31
0.0
  0
LINE
  5
924
330
17
100
AcDbEntity
  8
ENGRAVE_POLARS
100
AcDbLine
 10
-16.31662770848996
 20
-4.939862160206343
 30
0.0
 11
-16.335681917278187
 21
-4.637058793883199
 31
0.0
  0
LINE
  5
925
330
17
100
AcDbEntity
  8
ENGRAVE_POLARS
100
AcDbLine
 10
-16.335681917278187
 20
-4.637058793883199
 30
0.0
 11
-16.355062127762917
 21
-4.382325689294918
 31
0.0
  0
LINE
  5
926
330
17
100
AcDbEntity
  8
ENGRAVE_POLARS
100
AcDbLine
 10
-16.355062127762917
 20
-4.382325689294918
 30
0.0
 11
-16.372093962944145
 21
-4.190598188041024
 31
0.0
  0
LINE
  5
927
330
17
100
AcDbEntity
  8
ENGRAVE_POLARS
100
AcDbLine
 10
-16.372093962944145
 20
-4.190598188041024
 30
0.0
 11
-16.383803198259393
 21
-4.064244313235984
 31
0.0
  0
LINE
  5
928
330
17
100
AcDbEntity
  8
ENGRAVE_POLARS
100
AcDbLine
 10
-16.383803198259393
 20
-4.064244313235984
 30
0.0
 11
-16.39090638163055
 21
-3.990954681897004
 31
0.0
  0
LINE
  5
929
330
17
100
AcDbEntity
  8
ENGRAVE_POLARS
100
AcDbLine
 10
-16.39090638163055
 20
-3.990954681897004
 30
0.0
 11
-16.39412006097951
 21
-3.9584199110412905
 31
0.0
  0
LINE
  5
92A
330
17
100
AcDbEntity
  8
ENGRAVE_POLARS
100
AcDbLine
 10
-16.39412006097951
 20
-3.9584199110412905
 30
0.0
 11
-16.394160784228166
 21
-3.9543306176860513
 31
0.0
  0
LINE
  5
92B
330
17
100
AcDbEntity
  8
ENGRAVE_POLARS
100
AcDbLine
 10
-16.394160784228166
 20
-3.9543306176860513
 30
0.0
 11
-16.3917450992984
 21
-3.9663774188484897
 31
0.0
  0
LINE
  5
92C
330
17
100
AcDbEntity
  8
ENGRAVE_POLARS
100
AcDbLine
 10
-16.3917450992984
 20
-3.9663774188484897
 30
0.0
 11
-16.387589554112115
 21
-3.9822509315458148
 31
0.0
  0
LINE
  5
92D
330
17
100
AcDbEntity
  8
ENGRAVE_POLARS
100
AcDbLine
 10
-16.387589554112115
 20
-3.9822509315458148
 30
0.0
 11
-16.382410696591187
 21
-3.989641772795232
 31
0.0
  0
LINE
  5
92E
330
17
100
AcDbEntity
  8
ENGRAVE_POLARS
100
AcDbLine
 10
-16.382410696591187
 20
-3.989641772795232
 30
0.0
 11
-16.376925074657528
 21
-3.9762405596139487
 31
0.0
  0
LINE
  5
92F
330
17
100
AcDbEntity
  8
ENGRAVE_POLARS
100
AcDbLine
 10
-16.376925074657528
 20
-3.9762405596139487
 30
0.0
 11
-16.37184923623301
 21
-3.9297379090191695
 31
0.0
  0
LINE
  5
930
330
17
100
AcDbEntity
  8
ENGRAVE_POLARS
100
AcDbLine
 10
-16.37184923623301
 20
-3.9297379090191695
 30
0.0
 11
-16.36789972923953
 21
-3.8378244380281017
 31
0.0
  0
LINE
  5
931
330
17
100
AcDbEntity
  8
ENGRAVE_POLARS
100
AcDbLine
 10
-16.36789972923953
 20
-3.8378244380281017
 30
0.0
 11
-16.365793101598978
 21
-3.688190763657953
 31
0.0
  0
LINE
  5
932
330
17
100
AcDbEntity
  8
ENGRAVE_POLARS
100
AcDbLine
 10
-16.365793101598978
 20
-3.688190763657953
 30
0.0
 11
-16.364446335322803
 21
-3.4739291080059886
 31
0.0
  0
LINE
  5
933
330
17
100
AcDbEntity
  8
ENGRAVE_POLARS
100
AcDbLine
 10
-16.364446335322803
 20
-3.4739291080059886
 30
0.0
 11
-16.362388548503503
 21
-3.204072030206246
 31
0.0
  0
LINE
  5
934
330
17
100
AcDbEntity
  8
ENGRAVE_POLARS
100
AcDbLine
 10
-16.362388548503503
 20
-3.204072030206246
 30
0.0
 11
-16.359754493184536
 21
-2.8902206528310828
 31
0.0
  0
LINE
  5
935
330
17
100
AcDbEntity
  8
ENGRAVE_POLARS
100
AcDbLine
 10
-16.359754493184536
 20
-2.8902206528310828
 30
0.0
 11
-16.356678921409358
 21
-2.543976098452859
 31
0.0
  0
LINE
  5
936
330
17
100
AcDbEntity
  8
ENGRAVE_POLARS
100
AcDbLine
 10
-16.356678921409358
 20
-2.543976098452859
 30
0.0
 11
-16.353296585221447
 21
-2.1769394896439342
 31
0.0
  0
LINE
  5
937
330
17
100
AcDbEntity
  8
ENGRAVE_POLARS
100
AcDbLine
 10
-16.353296585221447
 20
-2.1769394896439342
 30
0.0
 11
-16.34974223666424
 21
-1.8007119489766672
 31
0.0
  0
LINE
  5
938
330
17
100
AcDbEntity
  8
ENGRAVE_POLARS
100
AcDbLine
 10
-16.34974223666424
 20
-1.8007119489766672
 30
0.0
 11
-16.34615062778122
 21
-1.4268945990234168
 31
0.0
  0
LINE
  5
939
330
17
100
AcDbEntity
  8
ENGRAVE_POLARS
100
AcDbLine
 10
-16.34615062778122
 20
-1.4268945990234168
 30
0.0
 11
-16.342656510615846
 21
-1.0670885623565436
 31
0.0
  0
LINE
  5
93A
330
17
100
AcDbEntity
  8
ENGRAVE_POLARS
100
AcDbLine
 10
-16.342656510615846
 20
-1.0670885623565436
 30
0.0
 11
-16.339394637211576
 21
-0.732894961548407
 31
0.0
  0
LINE
  5
93B
330
17
100
AcDbEntity
  8
ENGRAVE_POLARS
100
AcDbLine
 10
-16.339394637211576
 20
-0.732894961548407
 30
0.0
 11
-16.33649975961187
 21
-0.4359149191713645
 31
0.0
  0
LINE
  5
93C
330
17
100
AcDbEntity
  8
ENGRAVE_POLARS
100
AcDbLine
 10
-16.33649975961187
 20
-0.4359149191713645
 30
0.0
 11
-16.334106629860187
 21
-0.18774955779777633
 31
0.0
  0
LINE
  5
93D
330
17
100
AcDbEntity
  8
ENGRAVE_POLARS
100
AcDbLine
 10
-16.334106629860187
 20
-0.18774955779777633
 30
0.0
 11
-16.33235
 21
-2.0001360150054275e-15
 31
0.0
  0
TEXT
  5
93E
330
17
100
AcDbEntity
  8
ENGRAVE_TEXT
100
AcDbText
 10
10.711756669569107
 20
7.441066937890582
 30
0.0
 40
4.5
  1
20
 72
1
 11
10.711756669569107
 21
7.441066937890582
 31
0.0
100
AcDbText
 73
2
  0
TEXT
  5
93F
330
17
100
AcDbEntity
  8
ENGRAVE_TEXT
100
AcDbText
 10
10.711756669569107
 20
-7.441066937890582
 30
0.0
 40
4.5
  1
20
 72
1
 11
10.711756669569107
 21
-7.441066937890582
 31
0.0
100
AcDbText
 73
2
  0
CIRCLE
  5
940
330
17
100
AcDbEntity
  8
ENGRAVE_VMG
100
AcDbCircle
 10
10.166600778211802
 20
8.170155245690854
 30
0.0
 40
0.6
  0
CIRCLE
  5
941
330
17
100
AcDbEntity
  8
ENGRAVE_VMG
100
AcDbCircle
 10
10.166600778211802
 20
-8.170155245690854
 30
0.0
 40
0.6
  0
CIRCLE
  5
942
330
17
100
AcDbEntity
  8
ENGRAVE_VMG
100
AcDbCircle
 10
-16.365793101598978
 20
3.688190763657953
 30
0.0
 40
0.6
  0
CIRCLE
  5
943
330
17
100
AcDbEntity
  8
ENGRAVE_VMG
100
AcDbCircle
 10
-16.365793101598978
 20
-3.688190763657953
 30
0.0
 40
0.6
  0
LINE
  5
944
330
17
100
AcDbEntity
  8
ENGRAVE_POLARS
100
AcDbLine
 10
8.202968843254078
 20
7.0497649723513405
 30
0.0
 11
8.162962377012269
 21
7.167329137653059
 31
0.0
  0
LINE
  5
945
330
17
100
AcDbEntity
  8
ENGRAVE_POLARS
100
AcDbLine
 10
8.162962377012269
 20
7.167329137653059
 30
0.0
 11
8.11431086055546
 21
7.319155885336907
 31
0.0
  0
LINE
  5
946
330
17
100
AcDbEntity
  8
ENGRAVE_POLARS
100
AcDbLine
 10
8.11431086055546
 20
7.319155885336907
 30
0.0
 11
8.057930502949066
 21
7.499293746335969
 31
0.0
  0
LINE
  5
947
330
17
100
AcDbEntity
  8
ENGRAVE_POLARS
100
AcDbLine
 10
8.057930502949066
 20
7.499293746335969
 30
0.0
 11
7.994737513258506
 21
7.701791251583334
 31
0.0
  0
LINE
  5
948
330
17
100
AcDbEntity
  8
ENGRAVE_POLARS
100
AcDbLine
 10
7.994737513258506
 20
7.701791251583334
 30
0.0
 11
7.925648100549196
 21
7.920696932012093
 31
0.0
  0
LINE
  5
949
330
17
100
AcDbEntity
  8
ENGRAVE_POLARS
100
AcDbLine
 10
7.925648100549196
 20
7.920696932012093
 30
0.0
 11
7.851578473886551
 21
8.15005931855533
 31
0.0
  0
LINE
  5
94A
330
17
100
AcDbEntity
  8
ENGRAVE_POLARS
100
AcDbLine
 10
7.851578473886551
 20
8.15005931855533
 30
0.0
 11
7.773444842335987
 21
8.383926942146136
 31
0.0
  0
LINE
  5
94B
330
17
100
AcDbEntity
  8
ENGRAVE_POLARS
100
AcDbLine
 10
7.773444842335987
 20
8.383926942146136
 30
0.0
 11
7.692163414962921
 21
8.6163483337176
 31
0.0
  0
LINE
  5
94C
330
17
100
AcDbEntity
  8
ENGRAVE_POLARS
100
AcDbLine
 10
7.692163414962921
 20
8.6163483337176
 30
0.0
 11
7.608650400832768
 21
8.841372024202808
 31
0.0
  0
LINE
  5
94D
330
17
100
AcDbEntity
  8
ENGRAVE_POLARS
100
AcDbLine
 10
7.608650400832768
 20
8.841372024202808
 30
0.0
 11
7.523822009010944
 21
9.053046544534853
 31
0.0
  0
LINE
  5
94E
330
17
100
AcDbEntity
  8
ENGRAVE_POLARS
100
AcDbLine
 10
7.523822009010944
 20
9.053046544534853
 30
0.0
 11
7.438594448562865
 21
9.245420425646817
 31
0.0
  0
LINE
  5
94F
330
17
100
AcDbEntity
  8
ENGRAVE_POLARS
100
AcDbLine
 10
7.438594448562865
 20
9.245420425646817
 30
0.0
 11
7.353883928553948
 21
9.412542198471792
 31
0.0
  0
LINE
  5
950
330
17
100
AcDbEntity
  8
ENGRAVE_POLARS
100
AcDbLine
 10
7.353883928553948
 20
9.412542198471792
 30
0.0
 11
7.2694731405367055
 21
9.557494884907978
 31
0.0
  0
LINE
  5
951
330
17
100
AcDbEntity
  8
ENGRAVE_POLARS
100
AcDbLine
 10
7.2694731405367055
 20
9.557494884907978
 30
0.0
 11
7.184224296518644
 21
9.688732919690866
 31
0.0
  0
LINE
  5
952
330
17
100
AcDbEntity
  8
ENGRAVE_POLARS
100
AcDbLine
 10
7.184224296518644
 20
9.688732919690866
 30
0.0
 11
7.097672886247675
 21
9.808361953009461
 31
0.0
  0
LINE
  5
953
330
17
100
AcDbEntity
  8
ENGRAVE_POLARS
100
AcDbLine
 10
7.097672886247675
 20
9.808361953009461
 30
0.0
 11
7.00935439947171
 21
9.91848763505279
 31
0.0
  0
LINE
  5
954
330
17
100
AcDbEntity
  8
ENGRAVE_POLARS
100
AcDbLine
 10
7.00935439947171
 20
9.91848763505279
 30
0.0
 11
6.918804325938658
 21
10.021215616009865
 31
0.0
  0
LINE
  5
955
330
17
100
AcDbEntity
  8
ENGRAVE_POLARS
100
AcDbLine
 10
6.918804325938658
 20
10.021215616009865
 30
0.0
 11
6.825558155396429
 21
10.1186515460697
 31
0.0
  0
LINE
  5
956
330
17
100
AcDbEntity
  8
ENGRAVE_POLARS
100
AcDbLine
 10
6.825558155396429
 20
10.1186515460697
 30
0.0
 11
6.729151377592933
 21
10.21290107542131
 31
0.0
  0
LINE
  5
957
330
17
100
AcDbEntity
  8
ENGRAVE_POLARS
100
AcDbLine
 10
6.729151377592933
 20
10.21290107542131
 30
0.0
 11
6.629119482276083
 21
10.306069854253714
 31
0.0
  0
LINE
  5
958
330
17
100
AcDbEntity
  8
ENGRAVE_POLARS
100
AcDbLine
 10
6.629119482276083
 20
10.306069854253714
 30
0.0
 11
6.524997959193788
 21
10.400263532755929
 31
0.0
  0
LINE
  5
959
330
17
100
AcDbEntity
  8
ENGRAVE_POLARS
100
AcDbLine
 10
6.524997959193788
 20
10.400263532755929
 30
0.0
 11
6.4163222980939585
 21
10.497587761116963
 31
0.0
  0
LINE
  5
95A
330
17
100
AcDbEntity
  8
ENGRAVE_POLARS
100
AcDbLine
 10
6.4163222980939585
 20
10.497587761116963
 30
0.0
 11
6.302627988724504
 21
10.60014818952584
 31
0.0
  0
LINE
  5
95B
330
17
100
AcDbEntity
  8
ENGRAVE_POLARS
100
AcDbLine
 10
6.302627988724504
 20
10.60014818952584
 30
0.0
 11
6.183450520833335
 21
10.71005046817157
 31
0.0
  0
LINE
  5
95C
330
17
100
AcDbEntity
  8
ENGRAVE_POLARS
100
AcDbLine
 10
6.183450520833335
 20
10.71005046817157
 30
0.0
 11
6.0550458615772245
 21
10.827941685175496
 31
0.0
  0
LINE
  5
95D
330
17
100
AcDbEntity
  8
ENGRAVE_POLARS
100
AcDbLine
 10
6.0550458615772245
 20
10.827941685175496
 30
0.0
 11
5.915538183058211
 21
10.95193655095409
 31
0.0
  0
LINE
  5
95E
330
17
100
AcDbEntity
  8
ENGRAVE_POLARS
100
AcDbLine
 10
5.915538183058211
 20
10.95193655095409
 30
0.0
 11
5.767265282442117
 21
11.080342149139065
 31
0.0
  0
LINE
  5
95F
330
17
100
AcDbEntity
  8
ENGRAVE_POLARS
100
AcDbLine
 10
5.767265282442117
 20
11.080342149139065
 30
0.0
 11
5.612564956894759
 21
11.211465563362129
 31
0.0
  0
LINE
  5
960
330
17
100
AcDbEntity
  8
ENGRAVE_POLARS
100
AcDbLine
 10
5.612564956894759
 20
11.211465563362129
 30
0.0
 11
5.453775003581956
 21
11.34361387725501
 31
0.0
  0
LINE
  5
961
330
17
100
AcDbEntity
  8
ENGRAVE_POLARS
100
AcDbLine
 10
5.453775003581956
 20
11.34361387725501
 30
0.0
 11
5.293233219669526
 21
11.475094174449406
 31
0.0
  0
LINE
  5
962
330
17
100
AcDbEntity
  8
ENGRAVE_POLARS
100
AcDbLine
 10
5.293233219669526
 20
11.475094174449406
 30
0.0
 11
5.133277402323288
 21
11.60421353857704
 31
0.0
  0
LINE
  5
963
330
17
100
AcDbEntity
  8
ENGRAVE_POLARS
100
AcDbLine
 10
5.133277402323288
 20
11.60421353857704
 30
0.0
 11
4.976245348709059
 21
11.729279053269623
 31
0.0
  0
LINE
  5
964
330
17
100
AcDbEntity
  8
ENGRAVE_POLARS
100
AcDbLine
 10
4.976245348709059
 20
11.729279053269623
 30
0.0
 11
4.824474855992661
 21
11.848597802158869
 31
0.0
  0
LINE
  5
965
330
17
100
AcDbEntity
  8
ENGRAVE_POLARS
100
AcDbLine
 10
4.824474855992661
 20
11.848597802158869
 30
0.0
 11
4.680303721339909
 21
11.96047686887649
 31
0.0
  0
LINE
  5
966
330
17
100
AcDbEntity
  8
ENGRAVE_POLARS
100
AcDbLine
 10
4.680303721339909
 20
11.96047686887649
 30
0.0
 11
4.546069741916622
 21
12.063223337054206
 31
0.0
  0
LINE
  5
967
330
17
100
AcDbEntity
  8
ENGRAVE_POLARS
100
AcDbLine
 10
4.546069741916622
 20
12.063223337054206
 30
0.0
 11
4.424110714888618
 21
12.15514429032372
 31
0.0
  0
LINE
  5
968
330
17
100
AcDbEntity
  8
ENGRAVE_POLARS
100
AcDbLine
 10
4.424110714888618
 20
12.15514429032372
 30
0.0
 11
4.314344634823751
 21
12.23582967080226
 31
0.0
  0
LINE
  5
969
330
17
100
AcDbEntity
  8
ENGRAVE_POLARS
100
AcDbLine
 10
4.314344634823751
 20
12.23582967080226
 30
0.0
 11
4.214168992266121
 21
12.306865350420729
 31
0.0
  0
LINE
  5
96A
330
17
100
AcDbEntity
  8
ENGRAVE_POLARS
100
AcDbLine
 10
4.214168992266121
 20
12.306865350420729
 30
0.0
 11
4.122140828345925
 21
12.369552307531372
 31
0.0
  0
LINE
  5
96B
330
17
100
AcDbEntity
  8
ENGRAVE_POLARS
100
AcDbLine
 10
4.122140828345925
 20
12.369552307531372
 30
0.0
 11
4.036817184193361
 21
12.425191520486434
 31
0.0
  0
LINE
  5
96C
330
17
100
AcDbEntity
  8
ENGRAVE_POLARS
100
AcDbLine
 10
4.036817184193361
 20
12.425191520486434
 30
0.0
 11
3.956755100938627
 21
12.475083967638158
 31
0.0
  0
LINE
  5
96D
330
17
100
AcDbEntity
  8
ENGRAVE_POLARS
100
AcDbLine
 10
3.956755100938627
 20
12.475083967638158
 30
0.0
 11
3.8805116197119176
 21
12.52053062733879
 31
0.0
  0
LINE
  5
96E
330
17
100
AcDbEntity
  8
ENGRAVE_POLARS
100
AcDbLine
 10
3.8805116197119176
 20
12.52053062733879
 30
0.0
 11
3.8066437816434298
 21
12.562832477940573
 31
0.0
  0
LINE
  5
96F
330
17
100
AcDbEntity
  8
ENGRAVE_POLARS
100
AcDbLine
 10
3.8066437816434298
 20
12.562832477940573
 30
0.0
 11
3.7337086278633613
 21
12.603290497795753
 31
0.0
  0
LINE
  5
970
330
17
100
AcDbEntity
  8
ENGRAVE_POLARS
100
AcDbLine
 10
3.7337086278633613
 20
12.603290497795753
 30
0.0
 11
3.660263199501908
 21
12.643205665256572
 31
0.0
  0
LINE
  5
971
330
17
100
AcDbEntity
  8
ENGRAVE_POLARS
100
AcDbLine
 10
3.660263199501908
 20
12.643205665256572
 30
0.0
 11
3.584864537689266
 21
12.683878958675276
 31
0.0
  0
LINE
  5
972
330
17
100
AcDbEntity
  8
ENGRAVE_POLARS
100
AcDbLine
 10
3.584864537689266
 20
12.683878958675276
 30
0.0
 11
3.5060696835556335
 21
12.726611356404106
 31
0.0
  0
LINE
  5
973
330
17
100
AcDbEntity
  8
ENGRAVE_POLARS
100
AcDbLine
 10
3.5060696835556335
 20
12.726611356404106
 30
0.0
 11
3.4224356782312064
 21
12.772703836795314
 31
0.0
  0
LINE
  5
974
330
17
100
AcDbEntity
  8
ENGRAVE_POLARS
100
AcDbLine
 10
3.4224356782312064
 20
12.772703836795314
 30
0.0
 11
3.3394611117062585
 21
12.819491393343167
 31
0.0
  0
LINE
  5
975
330
17
100
AcDbEntity
  8
ENGRAVE_POLARS
100
AcDbLine
 10
3.3394611117062585
 20
12.819491393343167
 30
0.0
 11
3.2622192236507503
 21
12.863858863705211
 31
0.0
  0
LINE
  5
976
330
17
100
AcDbEntity
  8
ENGRAVE_POLARS
100
AcDbLine
 10
3.2622192236507503
 20
12.863858863705211
 30
0.0
 11
3.1886290297144066
 21
12.906431992478595
 31
0.0
  0
LINE
  5
977
330
17
100
AcDbEntity
  8
ENGRAVE_POLARS
100
AcDbLine
 10
3.1886290297144066
 20
12.906431992478595
 30
0.0
 11
3.116609545546953
 21
12.947836524260468
 31
0.0
  0
LINE
  5
978
330
17
100
AcDbEntity
  8
ENGRAVE_POLARS
100
AcDbLine
 10
3.116609545546953
 20
12.947836524260468
 30
0.0
 11
3.0440797867981146
 21
12.988698203647985
 31
0.0
  0
LINE
  5
979
330
17
100
AcDbEntity
  8
ENGRAVE_POLARS
100
AcDbLine
 10
3.0440797867981146
 20
12.988698203647985
 30
0.0
 11
2.9689587691176174
 21
13.029642775238292
 31
0.0
  0
LINE
  5
97A
330
17
100
AcDbEntity
  8
ENGRAVE_POLARS
100
AcDbLine
 10
2.9689587691176174
 20
13.029642775238292
 30
0.0
 11
2.889165508155185
 21
13.071295983628536
 31
0.0
  0
LINE
  5
97B
330
17
100
AcDbEntity
  8
ENGRAVE_POLARS
100
AcDbLine
 10
2.889165508155185
 20
13.071295983628536
 30
0.0
 11
2.8026190195605447
 21
13.114283573415868
 31
0.0
  0
LINE
  5
97C
330
17
100
AcDbEntity
  8
ENGRAVE_POLARS
100
AcDbLine
 10
2.8026190195605447
 20
13.114283573415868
 30
0.0
 11
2.7072383189834213
 21
13.159231289197445
 31
0.0
  0
LINE
  5
97D
330
17
100
AcDbEntity
  8
ENGRAVE_POLARS
100
AcDbLine
 10
2.7072383189834213
 20
13.159231289197445
 30
0.0
 11
2.6009424220735395
 21
13.206764875570407
 31
0.0
  0
LINE
  5
97E
330
17
100
AcDbEntity
  8
ENGRAVE_POLARS
100
AcDbLine
 10
2.6009424220735395
 20
13.206764875570407
 30
0.0
 11
2.481650344480625
 21
13.257510077131908
 31
0.0
  0
LINE
  5
97F
330
17
100
AcDbEntity
  8
ENGRAVE_POLARS
100
AcDbLine
 10
2.481650344480625
 20
13.257510077131908
 30
0.0
 11
2.3472811018544038
 21
13.312092638479099
 31
0.0
  0
LINE
  5
980
330
17
100
AcDbEntity
  8
ENGRAVE_POLARS
100
AcDbLine
 10
2.3472811018544038
 20
13.312092638479099
 30
0.0
 11
2.205034891979244
 21
13.373518729088573
 31
0.0
  0
LINE
  5
981
330
17
100
AcDbEntity
  8
ENGRAVE_POLARS
100
AcDbLine
 10
2.205034891979244
 20
13.373518729088573
 30
0.0
 11
2.0617638236455007
 21
13.443018735430362
 31
0.0
  0
LINE
  5
982
330
17
100
AcDbEntity
  8
ENGRAVE_POLARS
100
AcDbLine
 10
2.0617638236455007
 20
13.443018735430362
 30
0.0
 11
1.9148647790118736
 21
13.518554727591777
 31
0.0
  0
LINE
  5
983
330
17
100
AcDbEntity
  8
ENGRAVE_POLARS
100
AcDbLine
 10
1.9148647790118736
 20
13.518554727591777
 30
0.0
 11
1.7617346402370624
 21
13.598088775660125
 31
0.0
  0
LINE
  5
984
330
17
100
AcDbEntity
  8
ENGRAVE_POLARS
100
AcDbLine
 10
1.7617346402370624
 20
13.598088775660125
 30
0.0
 11
1.599770289479768
 21
13.679582949722711
 31
0.0
  0
LINE
  5
985
330
17
100
AcDbEntity
  8
ENGRAVE_POLARS
100
AcDbLine
 10
1.599770289479768
 20
13.679582949722711
 30
0.0
 11
1.4263686088986907
 21
13.760999319866844
 31
0.0
  0
LINE
  5
986
330
17
100
AcDbEntity
  8
ENGRAVE_POLARS
100
AcDbLine
 10
1.4263686088986907
 20
13.760999319866844
 30
0.0
 11
1.2389264806525304
 21
13.840299956179827
 31
0.0
  0
LINE
  5
987
330
17
100
AcDbEntity
  8
ENGRAVE_POLARS
100
AcDbLine
 10
1.2389264806525304
 20
13.840299956179827
 30
0.0
 11
1.034840786899988
 21
13.915446928748977
 31
0.0
  0
LINE
  5
988
330
17
100
AcDbEntity
  8
ENGRAVE_POLARS
100
AcDbLine
 10
1.034840786899988
 20
13.915446928748977
 30
0.0
 11
0.8115084097997638
 21
13.984402307661595
 31
0.0
  0
LINE
  5
989
330
17
100
AcDbEntity
  8
ENGRAVE_POLARS
100
AcDbLine
 10
0.8115084097997638
 20
13.984402307661595
 30
0.0
 11
0.5663262315105573
 21
14.04512816300499
 31
0.0
  0
LINE
  5
98A
330
17
100
AcDbEntity
  8
ENGRAVE_POLARS
100
AcDbLine
 10
0.5663262315105573
 20
14.04512816300499
 30
0.0
 11
0.29669113419106957
 21
14.095586564866466
 31
0.0
  0
LINE
  5
98B
330
17
100
AcDbEntity
  8
ENGRAVE_POLARS
100
AcDbLine
 10
0.29669113419106957
 20
14.095586564866466
 30
0.0
 11
8.654419470355706e-16
 21
14.133739583333334
 31
0.0
  0
LINE
  5
98C
330
17
100
AcDbEntity
  8
ENGRAVE_POLARS
100
AcDbLine
 10
8.654419470355706e-16
 20
14.133739583333334
 30
0.0
 11
-0.33607669799586526
 21
14.158565228231947
 31
0.0
  0
LINE
  5
98D
330
17
100
AcDbEntity
  8
ENGRAVE_POLARS
100
AcDbLine
 10
-0.33607669799586526
 20
14.158565228231947
 30
0.0
 11
-0.7165452574726119
 21
14.171636338447462
 31
0.0
  0
LINE
  5
98E
330
17
100
AcDbEntity
  8
ENGRAVE_POLARS
100
AcDbLine
 10
-0.7165452574726119
 20
14.171636338447462
 30
0.0
 11
-1.1330239523858399
 21
14.174807227655405
 31
0.0
  0
LINE
  5
98F
330
17
100
AcDbEntity
  8
ENGRAVE_POLARS
100
AcDbLine
 10
-1.1330239523858399
 20
14.174807227655405
 30
0.0
 11
-1.5771310566911496
 21
14.169932209531291
 31
0.0
  0
LINE
  5
990
330
17
100
AcDbEntity
  8
ENGRAVE_POLARS
100
AcDbLine
 10
-1.5771310566911496
 20
14.169932209531291
 30
0.0
 11
-2.0404848443441406
 21
14.15886559775065
 31
0.0
  0
LINE
  5
991
330
17
100
AcDbEntity
  8
ENGRAVE_POLARS
100
AcDbLine
 10
-2.0404848443441406
 20
14.15886559775065
 30
0.0
 11
-2.5147035893004146
 21
14.143461705989
 31
0.0
  0
LINE
  5
992
330
17
100
AcDbEntity
  8
ENGRAVE_POLARS
100
AcDbLine
 10
-2.5147035893004146
 20
14.143461705989
 30
0.0
 11
-2.991405565515572
 21
14.12557484792186
 31
0.0
  0
LINE
  5
993
330
17
100
AcDbEntity
  8
ENGRAVE_POLARS
100
AcDbLine
 10
-2.991405565515572
 20
14.12557484792186
 30
0.0
 11
-3.4622090469452127
 21
14.107059337224753
 31
0.0
  0
LINE
  5
994
330
17
100
AcDbEntity
  8
ENGRAVE_POLARS
100
AcDbLine
 10
-3.4622090469452127
 20
14.107059337224753
 30
0.0
 11
-3.9187323075449365
 21
14.089769487573205
 31
0.0
  0
LINE
  5
995
330
17
100
AcDbEntity
  8
ENGRAVE_POLARS
100
AcDbLine
 10
-3.9187323075449365
 20
14.089769487573205
 30
0.0
 11
-4.352593621270346
 21
14.075559612642731
 31
0.0
  0
LINE
  5
996
330
17
100
AcDbEntity
  8
ENGRAVE_POLARS
100
AcDbLine
 10
-4.352593621270346
 20
14.075559612642731
 30
0.0
 11
-4.75541126207704
 21
14.066284026108855
 31
0.0
  0
LINE
  5
997
330
17
100
AcDbEntity
  8
ENGRAVE_POLARS
100
AcDbLine
 10
-4.75541126207704
 20
14.066284026108855
 30
0.0
 11
-5.118803503920619
 21
14.063797041647101
 31
0.0
  0
LINE
  5
998
330
17
100
AcDbEntity
  8
ENGRAVE_POLARS
100
AcDbLine
 10
-5.118803503920619
 20
14.063797041647101
 30
0.0
 11
-5.4376605215461495
 21
14.067807918039904
 31
0.0
  0
LINE
  5
999
330
17
100
AcDbEntity
  8
ENGRAVE_POLARS
100
AcDbLine
 10
-5.4376605215461495
 20
14.067807918039904
 30
0.0
 11
-5.7178743091125614
 21
14.076108750502792
 31
0.0
  0
LINE
  5
99A
330
17
100
AcDbEntity
  8
ENGRAVE_POLARS
100
AcDbLine
 10
-5.7178743091125614
 20
14.076108750502792
 30
0.0
 11
-5.967565869696258
 21
14.087678107360924
 31
0.0
  0
LINE
  5
99B
330
17
100
AcDbEntity
  8
ENGRAVE_POLARS
100
AcDbLine
 10
-5.967565869696258
 20
14.087678107360924
 30
0.0
 11
-6.194856206373637
 21
14.101494556939452
 31
0.0
  0
LINE
  5
99C
330
17
100
AcDbEntity
  8
ENGRAVE_POLARS
100
AcDbLine
 10
-6.194856206373637
 20
14.101494556939452
 30
0.0
 11
-6.407866322221102
 21
14.116536667563537
 31
0.0
  0
LINE
  5
99D
330
17
100
AcDbEntity
  8
ENGRAVE_POLARS
100
AcDbLine
 10
-6.407866322221102
 20
14.116536667563537
 30
0.0
 11
-6.614717220315049
 21
14.131783007558333
 31
0.0
  0
LINE
  5
99E
330
17
100
AcDbEntity
  8
ENGRAVE_POLARS
100
AcDbLine
 10
-6.614717220315049
 20
14.131783007558333
 30
0.0
 11
-6.823529903731881
 21
14.146212145248997
 31
0.0
  0
LINE
  5
99F
330
17
100
AcDbEntity
  8
ENGRAVE_POLARS
100
AcDbLine
 10
-6.823529903731881
 20
14.146212145248997
 30
0.0
 11
-7.0424253755479995
 21
14.158802648960688
 31
0.0
  0
LINE
  5
9A0
330
17
100
AcDbEntity
  8
ENGRAVE_POLARS
100
AcDbLine
 10
-7.0424253755479995
 20
14.158802648960688
 30
0.0
 11
-7.279524638839803
 21
14.16853308701856
 31
0.0
  0
LINE
  5
9A1
330
17
100
AcDbEntity
  8
ENGRAVE_POLARS
100
AcDbLine
 10
-7.279524638839803
 20
14.16853308701856
 30
0.0
 11
-7.542948696683692
 21
14.174382027747772
 31
0.0
  0
LINE
  5
9A2
330
17
100
AcDbEntity
  8
ENGRAVE_POLARS
100
AcDbLine
 10
-7.542948696683692
 20
14.174382027747772
 30
0.0
 11
-7.840818552156067
 21
14.175328039473476
 31
0.0
  0
LINE
  5
9A3
330
17
100
AcDbEntity
  8
ENGRAVE_POLARS
100
AcDbLine
 10
-7.840818552156067
 20
14.175328039473476
 30
0.0
 11
-8.18125520833333
 21
14.170349690520833
 31
0.0
  0
LINE
  5
9A4
330
17
100
AcDbEntity
  8
ENGRAVE_POLARS
100
AcDbLine
 10
-8.18125520833333
 20
14.170349690520833
 30
0.0
 11
-8.573235187715774
 21
14.162272038070903
 31
0.0
  0
LINE
  5
9A5
330
17
100
AcDbEntity
  8
ENGRAVE_POLARS
100
AcDbLine
 10
-8.573235187715774
 20
14.162272038070903
 30
0.0
 11
-9.013611546720252
 21
14.154007134884184
 31
0.0
  0
LINE
  5
9A6
330
17
100
AcDbEntity
  8
ENGRAVE_POLARS
100
AcDbLine
 10
-9.013611546720252
 20
14.154007134884184
 30
0.0
 11
-9.492320089297975
 21
14.144664042655005
 31
0.0
  0
LINE
  5
9A7
330
17
100
AcDbEntity
  8
ENGRAVE_POLARS
100
AcDbLine
 10
-9.492320089297975
 20
14.144664042655005
 30
0.0
 11
-9.999296619400166
 21
14.133351823077684
 31
0.0
  0
LINE
  5
9A8
330
17
100
AcDbEntity
  8
ENGRAVE_POLARS
100
AcDbLine
 10
-9.999296619400166
 20
14.133351823077684
 30
0.0
 11
-10.524476940978042
 21
14.119179537846543
 31
0.0
  0
LINE
  5
9A9
330
17
100
AcDbEntity
  8
ENGRAVE_POLARS
100
AcDbLine
 10
-10.524476940978042
 20
14.119179537846543
 30
0.0
 11
-11.057796857982822
 21
14.101256248655911
 31
0.0
  0
LINE
  5
9AA
330
17
100
AcDbEntity
  8
ENGRAVE_POLARS
100
AcDbLine
 10
-11.057796857982822
 20
14.101256248655911
 30
0.0
 11
-11.589192174365724
 21
14.0786910172001
 31
0.0
  0
LINE
  5
9AB
330
17
100
AcDbEntity
  8
ENGRAVE_POLARS
100
AcDbLine
 10
-11.589192174365724
 20
14.0786910172001
 30
0.0
 11
-12.108598694077969
 21
14.050592905173442
 31
0.0
  0
LINE
  5
9AC
330
17
100
AcDbEntity
  8
ENGRAVE_POLARS
100
AcDbLine
 10
-12.108598694077969
 20
14.050592905173442
 30
0.0
 11
-12.605952221070774
 21
14.016070974270255
 31
0.0
  0
LINE
  5
9AD
330
17
100
AcDbEntity
  8
ENGRAVE_POLARS
100
AcDbLine
 10
-12.605952221070774
 20
14.016070974270255
 30
0.0
 11
-13.071188559295361
 21
13.974234286184863
 31
0.0
  0
LINE
  5
9AE
330
17
100
AcDbEntity
  8
ENGRAVE_POLARS
100
AcDbLine
 10
-13.071188559295361
 20
13.974234286184863
 30
0.0
 11
-13.494243512702944
 21
13.924191902611586
 31
0.0
  0
LINE
  5
9AF
330
17
100
AcDbEntity
  8
ENGRAVE_POLARS
100
AcDbLine
 10
-13.494243512702944
 20
13.924191902611586
 30
0.0
 11
-13.865052885244747
 21
13.865052885244749
 31
0.0
  0
LINE
  5
9B0
330
17
100
AcDbEntity
  8
ENGRAVE_POLARS
100
AcDbLine
 10
-13.865052885244747
 20
13.865052885244749
 30
0.0
 11
-14.19497182372609
 21
13.802126655908138
 31
0.0
  0
LINE
  5
9B1
330
17
100
AcDbEntity
  8
ENGRAVE_POLARS
100
AcDbLine
 10
-14.19497182372609
 20
13.802126655908138
 30
0.0
 11
-14.502205453621759
 21
13.739763870277635
 31
0.0
  0
LINE
  5
9B2
330
17
100
AcDbEntity
  8
ENGRAVE_POLARS
100
AcDbLine
 10
-14.502205453621759
 20
13.739763870277635
 30
0.0
 11
-14.786964546887168
 21
13.675635440825692
 31
0.0
  0
LINE
  5
9B3
330
17
100
AcDbEntity
  8
ENGRAVE_POLARS
100
AcDbLine
 10
-14.786964546887168
 20
13.675635440825692
 30
0.0
 11
-15.049459875477725
 21
13.607412280024764
 31
0.0
  0
LINE
  5
9B4
330
17
100
AcDbEntity
  8
ENGRAVE_POLARS
100
AcDbLine
 10
-15.049459875477725
 20
13.607412280024764
 30
0.0
 11
-15.289902211348842
 21
13.532765300347306
 31
0.0
  0
LINE
  5
9B5
330
17
100
AcDbEntity
  8
ENGRAVE_POLARS
100
AcDbLine
 10
-15.289902211348842
 20
13.532765300347306
 30
0.0
 11
-15.50850232645593
 21
13.44936541426578
 31
0.0
  0
LINE
  5
9B6
330
17
100
AcDbEntity
  8
ENGRAVE_POLARS
100
AcDbLine
 10
-15.50850232645593
 20
13.44936541426578
 30
0.0
 11
-15.705470992754401
 21
13.35488353425263
 31
0.0
  0
LINE
  5
9B7
330
17
100
AcDbEntity
  8
ENGRAVE_POLARS
100
AcDbLine
 10
-15.705470992754401
 20
13.35488353425263
 30
0.0
 11
-15.881018982199675
 21
13.246990572780323
 31
0.0
  0
LINE
  5
9B8
330
17
100
AcDbEntity
  8
ENGRAVE_POLARS
100
AcDbLine
 10
-15.881018982199675
 20
13.246990572780323
 30
0.0
 11
-16.035357066747153
 21
13.123357442321309
 31
0.0
  0
LINE
  5
9B9
330
17
100
AcDbEntity
  8
ENGRAVE_POLARS
100
AcDbLine
 10
-16.035357066747153
 20
13.123357442321309
 30
0.0
 11
-16.168696018352247
 21
12.981655055348043
 31
0.0
  0
LINE
  5
9BA
330
17
100
AcDbEntity
  8
ENGRAVE_POLARS
100
AcDbLine
 10
-16.168696018352247
 20
12.981655055348043
 30
0.0
 11
-16.281246608970374
 21
12.819554324332982
 31
0.0
  0
LINE
  5
9BB
330
17
100
AcDbEntity
  8
ENGRAVE_POLARS
100
AcDbLine
 10
-16.281246608970374
 20
12.819554324332982
 30
0.0
 11
-16.37321961055694
 21
12.63472616174858
 31
0.0
  0
LINE
  5
9BC
330
17
100
AcDbEntity
  8
ENGRAVE_POLARS
100
AcDbLine
 10
-16.37321961055694
 20
12.63472616174858
 30
0.0
 11
-16.434196162368902
 21
12.427474362556806
 31
0.0
  0
LINE
  5
9BD
330
17
100
AcDbEntity
  8
ENGRAVE_POLARS
100
AcDbLine
 10
-16.434196162368902
 20
12.427474362556806
 30
0.0
 11
-16.457316147254776
 21
12.200533073581688
 31
0.0
  0
LINE
  5
9BE
330
17
100
AcDbEntity
  8
ENGRAVE_POLARS
100
AcDbLine
 10
-16.457316147254776
 20
12.200533073581688
 30
0.0
 11
-16.448128452557324
 21
11.955218735088774
 31
0.0
  0
LINE
  5
9BF
330
17
100
AcDbEntity
  8
ENGRAVE_POLARS
100
AcDbLine
 10
-16.448128452557324
 20
11.955218735088774
 30
0.0
 11
-16.412181965619315
 21
11.692847787343606
 31
0.0
  0
LINE
  5
9C0
330
17
100
AcDbEntity
  8
ENGRAVE_POLARS
100
AcDbLine
 10
-16.412181965619315
 20
11.692847787343606
 30
0.0
 11
-16.355025573783514
 21
11.414736670611733
 31
0.0
  0
LINE
  5
9C1
330
17
100
AcDbEntity
  8
ENGRAVE_POLARS
100
AcDbLine
 10
-16.355025573783514
 20
11.414736670611733
 30
0.0
 11
-16.28220816439268
 21
11.122201825158697
 31
0.0
  0
LINE
  5
9C2
330
17
100
AcDbEntity
  8
ENGRAVE_POLARS
100
AcDbLine
 10
-16.28220816439268
 20
11.122201825158697
 30
0.0
 11
-16.199278624789592
 21
10.816559691250047
 31
0.0
  0
LINE
  5
9C3
330
17
100
AcDbEntity
  8
ENGRAVE_POLARS
100
AcDbLine
 10
-16.199278624789592
 20
10.816559691250047
 30
0.0
 11
-16.111785842317
 21
10.499126709151327
 31
0.0
  0
LINE
  5
9C4
330
17
100
AcDbEntity
  8
ENGRAVE_POLARS
100
AcDbLine
 10
-16.111785842317
 20
10.499126709151327
 30
0.0
 11
-16.02527870431768
 21
10.171219319128085
 31
0.0
  0
LINE
  5
9C5
330
17
100
AcDbEntity
  8
ENGRAVE_POLARS
100
AcDbLine
 10
-16.02527870431768
 20
10.171219319128085
 30
0.0
 11
-15.945306098134392
 21
9.834153961445862
 31
0.0
  0
LINE
  5
9C6
330
17
100
AcDbEntity
  8
ENGRAVE_POLARS
100
AcDbLine
 10
-15.945306098134392
 20
9.834153961445862
 30
0.0
 11
-15.877416911109894
 21
9.489247076370207
 31
0.0
  0
LINE
  5
9C7
330
17
100
AcDbEntity
  8
ENGRAVE_POLARS
100
AcDbLine
 10
-15.877416911109894
 20
9.489247076370207
 30
0.0
 11
-15.827160030586963
 21
9.137815104166666
 31
0.0
  0
LINE
  5
9C8
330
17
100
AcDbEntity
  8
ENGRAVE_POLARS
100
AcDbLine
 10
-15.827160030586963
 20
9.137815104166666
 30
0.0
 11
-15.78788774353455
 21
8.770743938721525
 31
0.0
  0
LINE
  5
9C9
330
17
100
AcDbEntity
  8
ENGRAVE_POLARS
100
AcDbLine
 10
-15.78788774353455
 20
8.770743938721525
 30
0.0
 11
-15.749316355468075
 21
8.38079757767274
 31
0.0
  0
LINE
  5
9CA
330
17
100
AcDbEntity
  8
ENGRAVE_POLARS
100
AcDbLine
 10
-15.749316355468075
 20
8.38079757767274
 30
0.0
 11
-15.711540781549974
 21
7.972109616913345
 31
0.0
  0
LINE
  5
9CB
330
17
100
AcDbEntity
  8
ENGRAVE_POLARS
100
AcDbLine
 10
-15.711540781549974
 20
7.972109616913345
 30
0.0
 11
-15.674655936942692
 21
7.548813652336387
 31
0.0
  0
LINE
  5
9CC
330
17
100
AcDbEntity
  8
ENGRAVE_POLARS
100
AcDbLine
 10
-15.674655936942692
 20
7.548813652336387
 30
0.0
 11
-15.63875673680868
 21
7.1150432798349055
 31
0.0
  0
LINE
  5
9CD
330
17
100
AcDbEntity
  8
ENGRAVE_POLARS
100
AcDbLine
 10
-15.63875673680868
 20
7.1150432798349055
 30
0.0
 11
-15.603938096310378
 21
6.674932095301941
 31
0.0
  0
LINE
  5
9CE
330
17
100
AcDbEntity
  8
ENGRAVE_POLARS
100
AcDbLine
 10
-15.603938096310378
 20
6.674932095301941
 30
0.0
 11
-15.570294930610235
 21
6.2326136946305315
 31
0.0
  0
LINE
  5
9CF
330
17
100
AcDbEntity
  8
ENGRAVE_POLARS
100
AcDbLine
 10
-15.570294930610235
 20
6.2326136946305315
 30
0.0
 11
-15.53792215487069
 21
5.792221673713723
 31
0.0
  0
LINE
  5
9D0
330
17
100
AcDbEntity
  8
ENGRAVE_POLARS
100
AcDbLine
 10
-15.53792215487069
 20
5.792221673713723
 30
0.0
 11
-15.5069146842542
 21
5.357889628444554
 31
0.0
  0
LINE
  5
9D1
330
17
100
AcDbEntity
  8
ENGRAVE_POLARS
100
AcDbLine
 10
-15.5069146842542
 20
5.357889628444554
 30
0.0
 11
-15.477367433923195
 21
4.933751154716065
 31
0.0
  0
LINE
  5
9D2
330
17
100
AcDbEntity
  8
ENGRAVE_POLARS
100
AcDbLine
 10
-15.477367433923195
 20
4.933751154716065
 30
0.0
 11
-15.44937531904013
 21
4.523939848421296
 31
0.0
  0
LINE
  5
9D3
330
17
100
AcDbEntity
  8
ENGRAVE_POLARS
100
AcDbLine
 10
-15.44937531904013
 20
4.523939848421296
 30
0.0
 11
-15.423033254767445
 21
4.132589305453291
 31
0.0
  0
LINE
  5
9D4
330
17
100
AcDbEntity
  8
ENGRAVE_POLARS
100
AcDbLine
 10
-15.423033254767445
 20
4.132589305453291
 30
0.0
 11
-15.398195753304453
 21
3.7445009900554314
 31
0.0
  0
LINE
  5
9D5
330
17
100
AcDbEntity
  8
ENGRAVE_POLARS
100
AcDbLine
 10
-15.398195753304453
 20
3.7445009900554314
 30
0.0
 11
-15.374666687691684
 21
3.3454937294083718
 31
0.0
  0
LINE
  5
9D6
330
17
100
AcDbEntity
  8
ENGRAVE_POLARS
100
AcDbLine
 10
-15.374666687691684
 20
3.3454937294083718
 30
0.0
 11
-15.352465014353415
 21
2.941227163811058
 31
0.0
  0
LINE
  5
9D7
330
17
100
AcDbEntity
  8
ENGRAVE_POLARS
100
AcDbLine
 10
-15.352465014353415
 20
2.941227163811058
 30
0.0
 11
-15.331609689713915
 21
2.5373609335624367
 31
0.0
  0
LINE
  5
9D8
330
17
100
AcDbEntity
  8
ENGRAVE_POLARS
100
AcDbLine
 10
-15.331609689713915
 20
2.5373609335624367
 30
0.0
 11
-15.312119670197468
 21
2.1395546789614563
 31
0.0
  0
LINE
  5
9D9
330
17
100
AcDbEntity
  8
ENGRAVE_POLARS
100
AcDbLine
 10
-15.312119670197468
 20
2.1395546789614563
 30
0.0
 11
-15.294013912228335
 21
1.7534680403070608
 31
0.0
  0
LINE
  5
9DA
330
17
100
AcDbEntity
  8
ENGRAVE_POLARS
100
AcDbLine
 10
-15.294013912228335
 20
1.7534680403070608
 30
0.0
 11
-15.277311372230802
 21
1.3847606578981975
 31
0.0
  0
LINE
  5
9DB
330
17
100
AcDbEntity
  8
ENGRAVE_POLARS
100
AcDbLine
 10
-15.277311372230802
 20
1.3847606578981975
 30
0.0
 11
-15.262031006629135
 21
1.0390921720338138
 31
0.0
  0
LINE
  5
9DC
330
17
100
AcDbEntity
  8
ENGRAVE_POLARS
100
AcDbLine
 10
-15.262031006629135
 20
1.0390921720338138
 30
0.0
 11
-15.248191771847617
 21
0.7221222230128567
 31
0.0
  0
LINE
  5
9DD
330
17
100
AcDbEntity
  8
ENGRAVE_POLARS
100
AcDbLine
 10
-15.248191771847617
 20
0.7221222230128567
 30
0.0
 11
-15.235812624310515
 21
0.4395104511342707
 31
0.0
  0
LINE
  5
9DE
330
17
100
AcDbEntity
  8
ENGRAVE_POLARS
100
AcDbLine
 10
-15.235812624310515
 20
0.4395104511342707
 30
0.0
 11
-15.224912520442107
 21
0.19691649669700342
 31
0.0
  0
LINE
  5
9DF
330
17
100
AcDbEntity
  8
ENGRAVE_POLARS
100
AcDbLine
 10
-15.224912520442107
 20
0.19691649669700342
 30
0.0
 11
-15.215510416666667
 21
1.8633626129164045e-15
 31
0.0
  0
LINE
  5
9E0
330
17
100
AcDbEntity
  8
ENGRAVE_POLARS
100
AcDbLine
 10
8.202968843254078
 20
-7.0497649723513405
 30
0.0
 11
8.162962377012269
 21
-7.167329137653059
 31
0.0
  0
LINE
  5
9E1
330
17
100
AcDbEntity
  8
ENGRAVE_POLARS
100
AcDbLine
 10
8.162962377012269
 20
-7.167329137653059
 30
0.0
 11
8.11431086055546
 21
-7.319155885336907
 31
0.0
  0
LINE
  5
9E2
330
17
100
AcDbEntity
  8
ENGRAVE_POLARS
100
AcDbLine
 10
8.11431086055546
 20
-7.319155885336907
 30
0.0
 11
8.057930502949066
 21
-7.499293746335969
 31
0.0
  0
LINE
  5
9E3
330
17
100
AcDbEntity
  8
ENGRAVE_POLARS
100
AcDbLine
 10
8.057930502949066
 20
-7.499293746335969
 30
0.0
 11
7.994737513258506
 21
-7.701791251583334
 31
0.0
  0
LINE
  5
9E4
330
17
100
AcDbEntity
  8
ENGRAVE_POLARS
100
AcDbLine
 10
7.994737513258506
 20
-7.701791251583334
 30
0.0
 11
7.925648100549196
 21
-7.920696932012093
 31
0.0
  0
LINE
  5
9E5
330
17
100
AcDbEntity
  8
ENGRAVE_POLARS
100
AcDbLine
 10
7.925648100549196
 20
-7.920696932012093
 30
0.0
 11
7.851578473886551
 21
-8.15005931855533
 31
0.0
  0
LINE
  5
9E6
330
17
100
AcDbEntity
  8
ENGRAVE_POLARS
100
AcDbLine
 10
7.851578473886551
 20
-8.15005931855533
 30
0.0
 11
7.773444842335987
 21
-8.383926942146136
 31
0.0
  0
LINE
  5
9E7
330
17
100
AcDbEntity
  8
ENGRAVE_POLARS
100
AcDbLine
 10
7.773444842335987
 20
-8.383926942146136
 30
0.0
 11
7.692163414962921
 21
-8.6163483337176
 31
0.0
  0
LINE
  5
9E8
330
17
100
AcDbEntity
  8
ENGRAVE_POLARS
100
AcDbLine
 10
7.692163414962921
 20
-8.6163483337176
 30
0.0
 11
7.608650400832768
 21
-8.841372024202808
 31
0.0
  0
LINE
  5
9E9
330
17
100
AcDbEntity
  8
ENGRAVE_POLARS
100
AcDbLine
 10
7.608650400832768
 20
-8.841372024202808
 30
0.0
 11
7.523822009010944
 21
-9.053046544534853
 31
0.0
  0
LINE
  5
9EA
330
17
100
AcDbEntity
  8
ENGRAVE_POLARS
100
AcDbLine
 10
7.523822009010944
 20
-9.053046544534853
 30
0.0
 11
7.438594448562865
 21
-9.245420425646817
 31
0.0
  0
LINE
  5
9EB
330
17
100
AcDbEntity
  8
ENGRAVE_POLARS
100
AcDbLine
 10
7.438594448562865
 20
-9.245420425646817
 30
0.0
 11
7.353883928553948
 21
-9.412542198471792
 31
0.0
  0
LINE
  5
9EC
330
17
100
AcDbEntity
  8
ENGRAVE_POLARS
100
AcDbLine
 10
7.353883928553948
 20
-9.412542198471792
 30
0.0
 11
7.2694731405367055
 21
-9.557494884907978
 31
0.0
  0
LINE
  5
9ED
330
17
100
AcDbEntity
  8
ENGRAVE_POLARS
100
AcDbLine
 10
7.2694731405367055
 20
-9.557494884907978
 30
0.0
 11
7.184224296518644
 21
-9.688732919690866
 31
0.0
  0
LINE
  5
9EE
330
17
100
AcDbEntity
  8
ENGRAVE_POLARS
100
AcDbLine
 10
7.184224296518644
 20
-9.688732919690866
 30
0.0
 11
7.097672886247675
 21
-9.808361953009461
 31
0.0
  0
LINE
  5
9EF
330
17
100
AcDbEntity
  8
ENGRAVE_POLARS
100
AcDbLine
 10
7.097672886247675
 20
-9.808361953009461
 30
0.0
 11
7.00935439947171
 21
-9.91848763505279
 31
0.0
  0
LINE
  5
9F0
330
17
100
AcDbEntity
  8
ENGRAVE_POLARS
100
AcDbLine
 10
7.00935439947171
 20
-9.91848763505279
 30
0.0
 11
6.918804325938658
 21
-10.021215616009865
 31
0.0
  0
LINE
  5
9F1
330
17
100
AcDbEntity
  8
ENGRAVE_POLARS
100
AcDbLine
 10
6.918804325938658
 20
-10.021215616009865
 30
0.0
 11
6.825558155396429
 21
-10.1186515460697
 31
0.0
  0
LINE
  5
9F2
330
17
100
AcDbEntity
  8
ENGRAVE_POLARS
100
AcDbLine
 10
6.825558155396429
 20
-10.1186515460697
 30
0.0
 11
6.729151377592933
 21
-10.21290107542131
 31
0.0
  0
LINE
  5
9F3
330
17
100
AcDbEntity
  8
ENGRAVE_POLARS
100
AcDbLine
 10
6.729151377592933
 20
-10.21290107542131
 30
0.0
 11
6.629119482276083
 21
-10.306069854253714
 31
0.0
  0
LINE
  5
9F4
330
17
100
AcDbEntity
  8
ENGRAVE_POLARS
100
AcDbLine
 10
6.629119482276083
 20
-10.306069854253714
 30
0.0
 11
6.524997959193788
 21
-10.400263532755929
 31
0.0
  0
LINE
  5
9F5
330
17
100
AcDbEntity
  8
ENGRAVE_POLARS
100
AcDbLine
 10
6.524997959193788
 20
-10.400263532755929
 30
0.0
 11
6.4163222980939585
 21
-10.497587761116963
 31
0.0
  0
LINE
  5
9F6
330
17
100
AcDbEntity
  8
ENGRAVE_POLARS
100
AcDbLine
 10
6.4163222980939585
 20
-10.497587761116963
 30
0.0
 11
6.302627988724504
 21
-10.60014818952584
 31
0.0
  0
LINE
  5
9F7
330
17
100
AcDbEntity
  8
ENGRAVE_POLARS
100
AcDbLine
 10
6.302627988724504
 20
-10.60014818952584
 30
0.0
 11
6.183450520833335
 21
-10.71005046817157
 31
0.0
  0
LINE
  5
9F8
330
17
100
AcDbEntity
  8
ENGRAVE_POLARS
100
AcDbLine
 10
6.183450520833335
 20
-10.71005046817157
 30
0.0
 11
6.0550458615772245
 21
-10.827941685175496
 31
0.0
  0
LINE
  5
9F9
330
17
100
AcDbEntity
  8
ENGRAVE_POLARS
100
AcDbLine
 10
6.0550458615772245
 20
-10.827941685175496
 30
0.0
 11
5.915538183058211
 21
-10.95193655095409
 31
0.0
  0
LINE
  5
9FA
330
17
100
AcDbEntity
  8
ENGRAVE_POLARS
100
AcDbLine
 10
5.915538183058211
 20
-10.95193655095409
 30
0.0
 11
5.767265282442117
 21
-11.080342149139065
 31
0.0
  0
LINE
  5
9FB
330
17
100
AcDbEntity
  8
ENGRAVE_POLARS
100
AcDbLine
 10
5.767265282442117
 20
-11.080342149139065
 30
0.0
 11
5.612564956894759
 21
-11.211465563362129
 31
0.0
  0
LINE
  5
9FC
330
17
100
AcDbEntity
  8
ENGRAVE_POLARS
100
AcDbLine
 10
5.612564956894759
 20
-11.211465563362129
 30
0.0
 11
5.453775003581956
 21
-11.34361387725501
 31
0.0
  0
LINE
  5
9FD
330
17
100
AcDbEntity
  8
ENGRAVE_POLARS
100
AcDbLine
 10
5.453775003581956
 20
-11.34361387725501
 30
0.0
 11
5.293233219669526
 21
-11.475094174449406
 31
0.0
  0
LINE
  5
9FE
330
17
100
AcDbEntity
  8
ENGRAVE_POLARS
100
AcDbLine
 10
5.293233219669526
 20
-11.475094174449406
 30
0.0
 11
5.133277402323288
 21
-11.60421353857704
 31
0.0
  0
LINE
  5
9FF
330
17
100
AcDbEntity
  8
ENGRAVE_POLARS
100
AcDbLine
 10
5.133277402323288
 20
-11.60421353857704
 30
0.0
 11
4.976245348709059
 21
-11.729279053269623
 31
0.0
  0
LINE
  5
A00
330
17
100
AcDbEntity
  8
ENGRAVE_POLARS
100
AcDbLine
 10
4.976245348709059
 20
-11.729279053269623
 30
0.0
 11
4.824474855992661
 21
-11.848597802158869
 31
0.0
  0
LINE
  5
A01
330
17
100
AcDbEntity
  8
ENGRAVE_POLARS
100
AcDbLine
 10
4.824474855992661
 20
-11.848597802158869
 30
0.0
 11
4.680303721339909
 21
-11.96047686887649
 31
0.0
  0
LINE
  5
A02
330
17
100
AcDbEntity
  8
ENGRAVE_POLARS
100
AcDbLine
 10
4.680303721339909
 20
-11.96047686887649
 30
0.0
 11
4.546069741916622
 21
-12.063223337054206
 31
0.0
  0
LINE
  5
A03
330
17
100
AcDbEntity
  8
ENGRAVE_POLARS
100
AcDbLine
 10
4.546069741916622
 20
-12.063223337054206
 30
0.0
 11
4.424110714888618
 21
-12.15514429032372
 31
0.0
  0
LINE
  5
A04
330
17
100
AcDbEntity
  8
ENGRAVE_POLARS
100
AcDbLine
 10
4.424110714888618
 20
-12.15514429032372
 30
0.0
 11
4.314344634823751
 21
-12.23582967080226
 31
0.0
  0
LINE
  5
A05
330
17
100
AcDbEntity
  8
ENGRAVE_POLARS
100
AcDbLine
 10
4.314344634823751
 20
-12.23582967080226
 30
0.0
 11
4.214168992266121
 21
-12.306865350420729
 31
0.0
  0
LINE
  5
A06
330
17
100
AcDbEntity
  8
ENGRAVE_POLARS
100
AcDbLine
 10
4.214168992266121
 20
-12.306865350420729
 30
0.0
 11
4.122140828345925
 21
-12.369552307531372
 31
0.0
  0
LINE
  5
A07
330
17
100
AcDbEntity
  8
ENGRAVE_POLARS
100
AcDbLine
 10
4.122140828345925
 20
-12.369552307531372
 30
0.0
 11
4.036817184193361
 21
-12.425191520486434
 31
0.0
  0
LINE
  5
A08
330
17
100
AcDbEntity
  8
ENGRAVE_POLARS
100
AcDbLine
 10
4.036817184193361
 20
-12.425191520486434
 30
0.0
 11
3.956755100938627
 21
-12.475083967638158
 31
0.0
  0
LINE
  5
A09
330
17
100
AcDbEntity
  8
ENGRAVE_POLARS
100
AcDbLine
 10
3.956755100938627
 20
-12.475083967638158
 30
0.0
 11
3.8805116197119176
 21
-12.52053062733879
 31
0.0
  0
LINE
  5
A0A
330
17
100
AcDbEntity
  8
ENGRAVE_POLARS
100
AcDbLine
 10
3.8805116197119176
 20
-12.52053062733879
 30
0.0
 11
3.8066437816434298
 21
-12.562832477940573
 31
0.0
  0
LINE
  5
A0B
330
17
100
AcDbEntity
  8
ENGRAVE_POLARS
100
AcDbLine
 10
3.8066437816434298
 20
-12.562832477940573
 30
0.0
 11
3.7337086278633613
 21
-12.603290497795753
 31
0.0
  0
LINE
  5
A0C
330
17
100
AcDbEntity
  8
ENGRAVE_POLARS
100
AcDbLine
 10
3.7337086278633613
 20
-12.603290497795753
 30
0.0
 11
3.660263199501908
 21
-12.643205665256572
 31
0.0
  0
LINE
  5
A0D
330
17
100
AcDbEntity
  8
ENGRAVE_POLARS
100
AcDbLine
 10
3.660263199501908
 20
-12.643205665256572
 30
0.0
 11
3.584864537689266
 21
-12.683878958675276
 31
0.0
  0
LINE
  5
A0E
330
17
100
AcDbEntity
  8
ENGRAVE_POLARS
100
AcDbLine
 10
3.584864537689266
 20
-12.683878958675276
 30
0.0
 11
3.5060696835556335
 21
-12.726611356404106
 31
0.0
  0
LINE
  5
A0F
330
17
100
AcDbEntity
  8
ENGRAVE_POLARS
100
AcDbLine
 10
3.5060696835556335
 20
-12.726611356404106
 30
0.0
 11
3.4224356782312064
 21
-12.772703836795314
 31
0.0
  0
LINE
  5
A10
330
17
100
AcDbEntity
  8
ENGRAVE_POLARS
100
AcDbLine
 10
3.4224356782312064
 20
-12.772703836795314
 30
0.0
 11
3.3394611117062585
 21
-12.819491393343167
 31
0.0
  0
LINE
  5
A11
330
17
100
AcDbEntity
  8
ENGRAVE_POLARS
100
AcDbLine
 10
3.3394611117062585
 20
-12.819491393343167
 30
0.0
 11
3.2622192236507503
 21
-12.863858863705211
 31
0.0
  0
LINE
  5
A12
330
17
100
AcDbEntity
  8
ENGRAVE_POLARS
100
AcDbLine
 10
3.2622192236507503
 20
-12.863858863705211
 30
0.0
 11
3.1886290297144066
 21
-12.906431992478595
 31
0.0
  0
LINE
  5
A13
330
17
100
AcDbEntity
  8
ENGRAVE_POLARS
100
AcDbLine
 10
3.1886290297144066
 20
-12.906431992478595
 30
0.0
 11
3.116609545546953
 21
-12.947836524260468
 31
0.0
  0
LINE
  5
A14
330
17
100
AcDbEntity
  8
ENGRAVE_POLARS
100
AcDbLine
 10
3.116609545546953
 20
-12.947836524260468
 30
0.0
 11
3.0440797867981146
 21
-12.988698203647985
 31
0.0
  0
LINE
  5
A15
330
17
100
AcDbEntity
  8
ENGRAVE_POLARS
100
AcDbLine
 10
3.0440797867981146
 20
-12.988698203647985
 30
0.0
 11
2.9689587691176174
 21
-13.029642775238292
 31
0.0
  0
LINE
  5
A16
330
17
100
AcDbEntity
  8
ENGRAVE_POLARS
100
AcDbLine
 10
2.9689587691176174
 20
-13.029642775238292
 30
0.0
 11
2.889165508155185
 21
-13.071295983628536
 31
0.0
  0
LINE
  5
A17
330
17
100
AcDbEntity
  8
ENGRAVE_POLARS
100
AcDbLine
 10
2.889165508155185
 20
-13.071295983628536
 30
0.0
 11
2.8026190195605447
 21
-13.114283573415868
 31
0.0
  0
LINE
  5
A18
330
17
100
AcDbEntity
  8
ENGRAVE_POLARS
100
AcDbLine
 10
2.8026190195605447
 20
-13.114283573415868
 30
0.0
 11
2.7072383189834213
 21
-13.159231289197445
 31
0.0
  0
LINE
  5
A19
330
17
100
AcDbEntity
  8
ENGRAVE_POLARS
100
AcDbLine
 10
2.7072383189834213
 20
-13.159231289197445
 30
0.0
 11
2.6009424220735395
 21
-13.206764875570407
 31
0.0
  0
LINE
  5
A1A
330
17
100
AcDbEntity
  8
ENGRAVE_POLARS
100
AcDbLine
 10
2.6009424220735395
 20
-13.206764875570407
 30
0.0
 11
2.481650344480625
 21
-13.257510077131908
 31
0.0
  0
LINE
  5
A1B
330
17
100
AcDbEntity
  8
ENGRAVE_POLARS
100
AcDbLine
 10
2.481650344480625
 20
-13.257510077131908
 30
0.0
 11
2.3472811018544038
 21
-13.312092638479099
 31
0.0
  0
LINE
  5
A1C
330
17
100
AcDbEntity
  8
ENGRAVE_POLARS
100
AcDbLine
 10
2.3472811018544038
 20
-13.312092638479099
 30
0.0
 11
2.205034891979244
 21
-13.373518729088573
 31
0.0
  0
LINE
  5
A1D
330
17
100
AcDbEntity
  8
ENGRAVE_POLARS
100
AcDbLine
 10
2.205034891979244
 20
-13.373518729088573
 30
0.0
 11
2.0617638236455007
 21
-13.443018735430362
 31
0.0
  0
LINE
  5
A1E
330
17
100
AcDbEntity
  8
ENGRAVE_POLARS
100
AcDbLine
 10
2.0617638236455007
 20
-13.443018735430362
 30
0.0
 11
1.9148647790118736
 21
-13.518554727591777
 31
0.0
  0
LINE
  5
A1F
330
17
100
AcDbEntity
  8
ENGRAVE_POLARS
100
AcDbLine
 10
1.9148647790118736
 20
-13.518554727591777
 30
0.0
 11
1.7617346402370624
 21
-13.598088775660125
 31
0.0
  0
LINE
  5
A20
330
17
100
AcDbEntity
  8
ENGRAVE_POLARS
100
AcDbLine
 10
1.7617346402370624
 20
-13.598088775660125
 30
0.0
 11
1.599770289479768
 21
-13.679582949722711
 31
0.0
  0
LINE
  5
A21
330
17
100
AcDbEntity
  8
ENGRAVE_POLARS
100
AcDbLine
 10
1.599770289479768
 20
-13.679582949722711
 30
0.0
 11
1.4263686088986907
 21
-13.760999319866844
 31
0.0
  0
LINE
  5
A22
330
17
100
AcDbEntity
  8
ENGRAVE_POLARS
100
AcDbLine
 10
1.4263686088986907
 20
-13.760999319866844
 30
0.0
 11
1.2389264806525304
 21
-13.840299956179827
 31
0.0
  0
LINE
  5
A23
330
17
100
AcDbEntity
  8
ENGRAVE_POLARS
100
AcDbLine
 10
1.2389264806525304
 20
-13.840299956179827
 30
0.0
 11
1.034840786899988
 21
-13.915446928748977
 31
0.0
  0
LINE
  5
A24
330
17
100
AcDbEntity
  8
ENGRAVE_POLARS
100
AcDbLine
 10
1.034840786899988
 20
-13.915446928748977
 30
0.0
 11
0.8115084097997638
 21
-13.984402307661595
 31
0.0
  0
LINE
  5
A25
330
17
100
AcDbEntity
  8
ENGRAVE_POLARS
100
AcDbLine
 10
0.8115084097997638
 20
-13.984402307661595
 30
0.0
 11
0.5663262315105573
 21
-14.04512816300499
 31
0.0
  0
LINE
  5
A26
330
17
100
AcDbEntity
  8
ENGRAVE_POLARS
100
AcDbLine
 10
0.5663262315105573
 20
-14.04512816300499
 30
0.0
 11
0.29669113419106957
 21
-14.095586564866466
 31
0.0
  0
LINE
  5
A27
330
17
100
AcDbEntity
  8
ENGRAVE_POLARS
100
AcDbLine
 10
0.29669113419106957
 20
-14.095586564866466
 30
0.0
 11
8.654419470355706e-16
 21
-14.133739583333334
 31
0.0
  0
LINE
  5
A28
330
17
100
AcDbEntity
  8
ENGRAVE_POLARS
100
AcDbLine
 10
8.654419470355706e-16
 20
-14.133739583333334
 30
0.0
 11
-0.33607669799586526
 21
-14.158565228231947
 31
0.0
  0
LINE
  5
A29
330
17
100
AcDbEntity
  8
ENGRAVE_POLARS
100
AcDbLine
 10
-0.33607669799586526
 20
-14.158565228231947
 30
0.0
 11
-0.7165452574726119
 21
-14.171636338447462
 31
0.0
  0
LINE
  5
A2A
330
17
100
AcDbEntity
  8
ENGRAVE_POLARS
100
AcDbLine
 10
-0.7165452574726119
 20
-14.171636338447462
 30
0.0
 11
-1.1330239523858399
 21
-14.174807227655405
 31
0.0
  0
LINE
  5
A2B
330
17
100
AcDbEntity
  8
ENGRAVE_POLARS
100
AcDbLine
 10
-1.1330239523858399
 20
-14.174807227655405
 30
0.0
 11
-1.5771310566911496
 21
-14.169932209531291
 31
0.0
  0
LINE
  5
A2C
330
17
100
AcDbEntity
  8
ENGRAVE_POLARS
100
AcDbLine
 10
-1.5771310566911496
 20
-14.169932209531291
 30
0.0
 11
-2.0404848443441406
 21
-14.15886559775065
 31
0.0
  0
LINE
  5
A2D
330
17
100
AcDbEntity
  8
ENGRAVE_POLARS
100
AcDbLine
 10
-2.0404848443441406
 20
-14.15886559775065
 30
0.0
 11
-2.5147035893004146
 21
-14.143461705989
 31
0.0
  0
LINE
  5
A2E
330
17
100
AcDbEntity
  8
ENGRAVE_POLARS
100
AcDbLine
 10
-2.5147035893004146
 20
-14.143461705989
 30
0.0
 11
-2.991405565515572
 21
-14.12557484792186
 31
0.0
  0
LINE
  5
A2F
330
17
100
AcDbEntity
  8
ENGRAVE_POLARS
100
AcDbLine
 10
-2.991405565515572
 20
-14.12557484792186
 30
0.0
 11
-3.4622090469452127
 21
-14.107059337224753
 31
0.0
  0
LINE
  5
A30
330
17
100
AcDbEntity
  8
ENGRAVE_POLARS
100
AcDbLine
 10
-3.4622090469452127
 20
-14.107059337224753
 30
0.0
 11
-3.9187323075449365
 21
-14.089769487573205
 31
0.0
  0
LINE
  5
A31
330
17
100
AcDbEntity
  8
ENGRAVE_POLARS
100
AcDbLine
 10
-3.9187323075449365
 20
-14.089769487573205
 30
0.0
 11
-4.352593621270346
 21
-14.075559612642731
 31
0.0
  0
LINE
  5
A32
330
17
100
AcDbEntity
  8
ENGRAVE_POLARS
100
AcDbLine
 10
-4.352593621270346
 20
-14.075559612642731
 30
0.0
 11
-4.75541126207704
 21
-14.066284026108855
 31
0.0
  0
LINE
  5
A33
330
17
100
AcDbEntity
  8
ENGRAVE_POLARS
100
AcDbLine
 10
-4.75541126207704
 20
-14.066284026108855
 30
0.0
 11
-5.118803503920619
 21
-14.063797041647101
 31
0.0
  0
LINE
  5
A34
330
17
100
AcDbEntity
  8
ENGRAVE_POLARS
100
AcDbLine
 10
-5.118803503920619
 20
-14.063797041647101
 30
0.0
 11
-5.4376605215461495
 21
-14.067807918039904
 31
0.0
  0
LINE
  5
A35
330
17
100
AcDbEntity
  8
ENGRAVE_POLARS
100
AcDbLine
 10
-5.4376605215461495
 20
-14.067807918039904
 30
0.0
 11
-5.7178743091125614
 21
-14.076108750502792
 31
0.0
  0
LINE
  5
A36
330
17
100
AcDbEntity
  8
ENGRAVE_POLARS
100
AcDbLine
 10
-5.7178743091125614
 20
-14.076108750502792
 30
0.0
 11
-5.967565869696258
 21
-14.087678107360924
 31
0.0
  0
LINE
  5
A37
330
17
100
AcDbEntity
  8
ENGRAVE_POLARS
100
AcDbLine
 10
-5.967565869696258
 20
-14.087678107360924
 30
0.0
 11
-6.194856206373637
 21
-14.101494556939452
 31
0.0
  0
LINE
  5
A38
330
17
100
AcDbEntity
  8
ENGRAVE_POLARS
100
AcDbLine
 10
-6.194856206373637
 20
-14.101494556939452
 30
0.0
 11
-6.407866322221102
 21
-14.116536667563537
 31
0.0
  0
LINE
  5
A39
330
17
100
AcDbEntity
  8
ENGRAVE_POLARS
100
AcDbLine
 10
-6.407866322221102
 20
-14.116536667563537
 30
0.0
 11
-6.614717220315049
 21
-14.131783007558333
 31
0.0
  0
LINE
  5
A3A
330
17
100
AcDbEntity
  8
ENGRAVE_POLARS
100
AcDbLine
 10
-6.614717220315049
 20
-14.131783007558333
 30
0.0
 11
-6.823529903731881
 21
-14.146212145248997
 31
0.0
  0
LINE
  5
A3B
330
17
100
AcDbEntity
  8
ENGRAVE_POLARS
100
AcDbLine
 10
-6.823529903731881
 20
-14.146212145248997
 30
0.0
 11
-7.0424253755479995
 21
-14.158802648960688
 31
0.0
  0
LINE
  5
A3C
330
17
100
AcDbEntity
  8
ENGRAVE_POLARS
100
AcDbLine
 10
-7.0424253755479995
 20
-14.158802648960688
 30
0.0
 11
-7.279524638839803
 21
-14.16853308701856
 31
0.0
  0
LINE
  5
A3D
330
17
100
AcDbEntity
  8
ENGRAVE_POLARS
100
AcDbLine
 10
-7.279524638839803
 20
-14.16853308701856
 30
0.0
 11
-7.542948696683692
 21
-14.174382027747772
 31
0.0
  0
LINE
  5
A3E
330
17
100
AcDbEntity
  8
ENGRAVE_POLARS
100
AcDbLine
 10
-7.542948696683692
 20
-14.174382027747772
 30
0.0
 11
-7.840818552156067
 21
-14.175328039473476
 31
0.0
  0
LINE
  5
A3F
330
17
100
AcDbEntity
  8
ENGRAVE_POLARS
100
AcDbLine
 10
-7.840818552156067
 20
-14.175328039473476
 30
0.0
 11
-8.18125520833333
 21
-14.170349690520833
 31
0.0
  0
LINE
  5
A40
330
17
100
AcDbEntity
  8
ENGRAVE_POLARS
100
AcDbLine
 10
-8.18125520833333
 20
-14.170349690520833
 30
0.0
 11
-8.573235187715774
 21
-14.162272038070903
 31
0.0
  0
LINE
  5
A41
330
17
100
AcDbEntity
  8
ENGRAVE_POLARS
100
AcDbLine
 10
-8.573235187715774
 20
-14.162272038070903
 30
0.0
 11
-9.013611546720252
 21
-14.154007134884184
 31
0.0
  0
LINE
  5
A42
330
17
100
AcDbEntity
  8
ENGRAVE_POLARS
100
AcDbLine
 10
-9.013611546720252
 20
-14.154007134884184
 30
0.0
 11
-9.492320089297975
 21
-14.144664042655005
 31
0.0
  0
LINE
  5
A43
330
17
100
AcDbEntity
  8
ENGRAVE_POLARS
100
AcDbLine
 10
-9.492320089297975
 20
-14.144664042655005
 30
0.0
 11
-9.999296619400166
 21
-14.133351823077684
 31
0.0
  0
LINE
  5
A44
330
17
100
AcDbEntity
  8
ENGRAVE_POLARS
100
AcDbLine
 10
-9.999296619400166
 20
-14.133351823077684
 30
0.0
 11
-10.524476940978042
 21
-14.119179537846543
 31
0.0
  0
LINE
  5
A45
330
17
100
AcDbEntity
  8
ENGRAVE_POLARS
100
AcDbLine
 10
-10.524476940978042
 20
-14.119179537846543
 30
0.0
 11
-11.057796857982822
 21
-14.101256248655911
 31
0.0
  0
LINE
  5
A46
330
17
100
AcDbEntity
  8
ENGRAVE_POLARS
100
AcDbLine
 10
-11.057796857982822
 20
-14.101256248655911
 30
0.0
 11
-11.589192174365724
 21
-14.0786910172001
 31
0.0
  0
LINE
  5
A47
330
17
100
AcDbEntity
  8
ENGRAVE_POLARS
100
AcDbLine
 10
-11.589192174365724
 20
-14.0786910172001
 30
0.0
 11
-12.108598694077969
 21
-14.050592905173442
 31
0.0
  0
LINE
  5
A48
330
17
100
AcDbEntity
  8
ENGRAVE_POLARS
100
AcDbLine
 10
-12.108598694077969
 20
-14.050592905173442
 30
0.0
 11
-12.605952221070774
 21
-14.016070974270255
 31
0.0
  0
LINE
  5
A49
330
17
100
AcDbEntity
  8
ENGRAVE_POLARS
100
AcDbLine
 10
-12.605952221070774
 20
-14.016070974270255
 30
0.0
 11
-13.071188559295361
 21
-13.974234286184863
 31
0.0
  0
LINE
  5
A4A
330
17
100
AcDbEntity
  8
ENGRAVE_POLARS
100
AcDbLine
 10
-13.071188559295361
 20
-13.974234286184863
 30
0.0
 11
-13.494243512702944
 21
-13.924191902611586
 31
0.0
  0
LINE
  5
A4B
330
17
100
AcDbEntity
  8
ENGRAVE_POLARS
100
AcDbLine
 10
-13.494243512702944
 20
-13.924191902611586
 30
0.0
 11
-13.865052885244747
 21
-13.865052885244749
 31
0.0
  0
LINE
  5
A4C
330
17
100
AcDbEntity
  8
ENGRAVE_POLARS
100
AcDbLine
 10
-13.865052885244747
 20
-13.865052885244749
 30
0.0
 11
-14.19497182372609
 21
-13.802126655908138
 31
0.0
  0
LINE
  5
A4D
330
17
100
AcDbEntity
  8
ENGRAVE_POLARS
100
AcDbLine
 10
-14.19497182372609
 20
-13.802126655908138
 30
0.0
 11
-14.502205453621759
 21
-13.739763870277635
 31
0.0
  0
LINE
  5
A4E
330
17
100
AcDbEntity
  8
ENGRAVE_POLARS
100
AcDbLine
 10
-14.502205453621759
 20
-13.739763870277635
 30
0.0
 11
-14.786964546887168
 21
-13.675635440825692
 31
0.0
  0
LINE
  5
A4F
330
17
100
AcDbEntity
  8
ENGRAVE_POLARS
100
AcDbLine
 10
-14.786964546887168
 20
-13.675635440825692
 30
0.0
 11
-15.049459875477725
 21
-13.607412280024764
 31
0.0
  0
LINE
  5
A50
330
17
100
AcDbEntity
  8
ENGRAVE_POLARS
100
AcDbLine
 10
-15.049459875477725
 20
-13.607412280024764
 30
0.0
 11
-15.289902211348842
 21
-13.532765300347306
 31
0.0
  0
LINE
  5
A51
330
17
100
AcDbEntity
  8
ENGRAVE_POLARS
100
AcDbLine
 10
-15.289902211348842
 20
-13.532765300347306
 30
0.0
 11
-15.50850232645593
 21
-13.44936541426578
 31
0.0
  0
LINE
  5
A52
330
17
100
AcDbEntity
  8
ENGRAVE_POLARS
100
AcDbLine
 10
-15.50850232645593
 20
-13.44936541426578
 30
0.0
 11
-15.705470992754401
 21
-13.35488353425263
 31
0.0
  0
LINE
  5
A53
330
17
100
AcDbEntity
  8
ENGRAVE_POLARS
100
AcDbLine
 10
-15.705470992754401
 20
-13.35488353425263
 30
0.0
 11
-15.881018982199675
 21
-13.246990572780323
 31
0.0
  0
LINE
  5
A54
330
17
100
AcDbEntity
  8
ENGRAVE_POLARS
100
AcDbLine
 10
-15.881018982199675
 20
-13.246990572780323
 30
0.0
 11
-16.035357066747153
 21
-13.123357442321309
 31
0.0
  0
LINE
  5
A55
330
17
100
AcDbEntity
  8
ENGRAVE_POLARS
100
AcDbLine
 10
-16.035357066747153
 20
-13.123357442321309
 30
0.0
 11
-16.168696018352247
 21
-12.981655055348043
 31
0.0
  0
LINE
  5
A56
330
17
100
AcDbEntity
  8
ENGRAVE_POLARS
100
AcDbLine
 10
-16.168696018352247
 20
-12.981655055348043
 30
0.0
 11
-16.281246608970374
 21
-12.819554324332982
 31
0.0
  0
LINE
  5
A57
330
17
100
AcDbEntity
  8
ENGRAVE_POLARS
100
AcDbLine
 10
-16.281246608970374
 20
-12.819554324332982
 30
0.0
 11
-16.37321961055694
 21
-12.63472616174858
 31
0.0
  0
LINE
  5
A58
330
17
100
AcDbEntity
  8
ENGRAVE_POLARS
100
AcDbLine
 10
-16.37321961055694
 20
-12.63472616174858
 30
0.0
 11
-16.434196162368902
 21
-12.427474362556806
 31
0.0
  0
LINE
  5
A59
330
17
100
AcDbEntity
  8
ENGRAVE_POLARS
100
AcDbLine
 10
-16.434196162368902
 20
-12.427474362556806
 30
0.0
 11
-16.457316147254776
 21
-12.200533073581688
 31
0.0
  0
LINE
  5
A5A
330
17
100
AcDbEntity
  8
ENGRAVE_POLARS
100
AcDbLine
 10
-16.457316147254776
 20
-12.200533073581688
 30
0.0
 11
-16.448128452557324
 21
-11.955218735088774
 31
0.0
  0
LINE
  5
A5B
330
17
100
AcDbEntity
  8
ENGRAVE_POLARS
100
AcDbLine
 10
-16.448128452557324
 20
-11.955218735088774
 30
0.0
 11
-16.412181965619315
 21
-11.692847787343606
 31
0.0
  0
LINE
  5
A5C
330
17
100
AcDbEntity
  8
ENGRAVE_POLARS
100
AcDbLine
 10
-16.412181965619315
 20
-11.692847787343606
 30
0.0
 11
-16.355025573783514
 21
-11.414736670611733
 31
0.0
  0
LINE
  5
A5D
330
17
100
AcDbEntity
  8
ENGRAVE_POLARS
100
AcDbLine
 10
-16.355025573783514
 20
-11.414736670611733
 30
0.0
 11
-16.28220816439268
 21
-11.122201825158697
 31
0.0
  0
LINE
  5
A5E
330
17
100
AcDbEntity
  8
ENGRAVE_POLARS
100
AcDbLine
 10
-16.28220816439268
 20
-11.122201825158697
 30
0.0
 11
-16.199278624789592
 21
-10.816559691250047
 31
0.0
  0
LINE
  5
A5F
330
17
100
AcDbEntity
  8
ENGRAVE_POLARS
100
AcDbLine
 10
-16.199278624789592
 20
-10.816559691250047
 30
0.0
 11
-16.111785842317
 21
-10.499126709151327
 31
0.0
  0
LINE
  5
A60
330
17
100
AcDbEntity
  8
ENGRAVE_POLARS
100
AcDbLine
 10
-16.111785842317
 20
-10.499126709151327
 30
0.0
 11
-16.02527870431768
 21
-10.171219319128085
 31
0.0
  0
LINE
  5
A61
330
17
100
AcDbEntity
  8
ENGRAVE_POLARS
100
AcDbLine
 10
-16.02527870431768
 20
-10.171219319128085
 30
0.0
 11
-15.945306098134392
 21
-9.834153961445862
 31
0.0
  0
LINE
  5
A62
330
17
100
AcDbEntity
  8
ENGRAVE_POLARS
100
AcDbLine
 10
-15.945306098134392
 20
-9.834153961445862
 30
0.0
 11
-15.877416911109894
 21
-9.489247076370207
 31
0.0
  0
LINE
  5
A63
330
17
100
AcDbEntity
  8
ENGRAVE_POLARS
100
AcDbLine
 10
-15.877416911109894
 20
-9.489247076370207
 30
0.0
 11
-15.827160030586963
 21
-9.137815104166666
 31
0.0
  0
LINE
  5
A64
330
17
100
AcDbEntity
  8
ENGRAVE_POLARS
100
AcDbLine
 10
-15.827160030586963
 20
-9.137815104166666
 30
0.0
 11
-15.78788774353455
 21
-8.770743938721525
 31
0.0
  0
LINE
  5
A65
330
17
100
AcDbEntity
  8
ENGRAVE_POLARS
100
AcDbLine
 10
-15.78788774353455
 20
-8.770743938721525
 30
0.0
 11
-15.749316355468075
 21
-8.38079757767274
 31
0.0
  0
LINE
  5
A66
330
17
100
AcDbEntity
  8
ENGRAVE_POLARS
100
AcDbLine
 10
-15.749316355468075
 20
-8.38079757767274
 30
0.0
 11
-15.711540781549974
 21
-7.972109616913345
 31
0.0
  0
LINE
  5
A67
330
17
100
AcDbEntity
  8
ENGRAVE_POLARS
100
AcDbLine
 10
-15.711540781549974
 20
-7.972109616913345
 30
0.0
 11
-15.674655936942692
 21
-7.548813652336387
 31
0.0
  0
LINE
  5
A68
330
17
100
AcDbEntity
  8
ENGRAVE_POLARS
100
AcDbLine
 10
-15.674655936942692
 20
-7.548813652336387
 30
0.0
 11
-15.63875673680868
 21
-7.1150432798349055
 31
0.0
  0
LINE
  5
A69
330
17
100
AcDbEntity
  8
ENGRAVE_POLARS
100
AcDbLine
 10
-15.63875673680868
 20
-7.1150432798349055
 30
0.0
 11
-15.603938096310378
 21
-6.674932095301941
 31
0.0
  0
LINE
  5
A6A
330
17
100
AcDbEntity
  8
ENGRAVE_POLARS
100
AcDbLine
 10
-15.603938096310378
 20
-6.674932095301941
 30
0.0
 11
-15.570294930610235
 21
-6.2326136946305315
 31
0.0
  0
LINE
  5
A6B
330
17
100
AcDbEntity
  8
ENGRAVE_POLARS
100
AcDbLine
 10
-15.570294930610235
 20
-6.2326136946305315
 30
0.0
 11
-15.53792215487069
 21
-5.792221673713723
 31
0.0
  0
LINE
  5
A6C
330
17
100
AcDbEntity
  8
ENGRAVE_POLARS
100
AcDbLine
 10
-15.53792215487069
 20
-5.792221673713723
 30
0.0
 11
-15.5069146842542
 21
-5.357889628444554
 31
0.0
  0
LINE
  5
A6D
330
17
100
AcDbEntity
  8
ENGRAVE_POLARS
100
AcDbLine
 10
-15.5069146842542
 20
-5.357889628444554
 30
0.0
 11
-15.477367433923195
 21
-4.933751154716065
 31
0.0
  0
LINE
  5
A6E
330
17
100
AcDbEntity
  8
ENGRAVE_POLARS
100
AcDbLine
 10
-15.477367433923195
 20
-4.933751154716065
 30
0.0
 11
-15.44937531904013
 21
-4.523939848421296
 31
0.0
  0
LINE
  5
A6F
330
17
100
AcDbEntity
  8
ENGRAVE_POLARS
100
AcDbLine
 10
-15.44937531904013
 20
-4.523939848421296
 30
0.0
 11
-15.423033254767445
 21
-4.132589305453291
 31
0.0
  0
LINE
  5
A70
330
17
100
AcDbEntity
  8
ENGRAVE_POLARS
100
AcDbLine
 10
-15.423033254767445
 20
-4.132589305453291
 30
0.0
 11
-15.398195753304453
 21
-3.7445009900554314
 31
0.0
  0
LINE
  5
A71
330
17
100
AcDbEntity
  8
ENGRAVE_POLARS
100
AcDbLine
 10
-15.398195753304453
 20
-3.7445009900554314
 30
0.0
 11
-15.374666687691684
 21
-3.3454937294083718
 31
0.0
  0
LINE
  5
A72
330
17
100
AcDbEntity
  8
ENGRAVE_POLARS
100
AcDbLine
 10
-15.374666687691684
 20
-3.3454937294083718
 30
0.0
 11
-15.352465014353415
 21
-2.941227163811058
 31
0.0
  0
LINE
  5
A73
330
17
100
AcDbEntity
  8
ENGRAVE_POLARS
100
AcDbLine
 10
-15.352465014353415
 20
-2.941227163811058
 30
0.0
 11
-15.331609689713915
 21
-2.5373609335624367
 31
0.0
  0
LINE
  5
A74
330
17
100
AcDbEntity
  8
ENGRAVE_POLARS
100
AcDbLine
 10
-15.331609689713915
 20
-2.5373609335624367
 30
0.0
 11
-15.312119670197468
 21
-2.1395546789614563
 31
0.0
  0
LINE
  5
A75
330
17
100
AcDbEntity
  8
ENGRAVE_POLARS
100
AcDbLine
 10
-15.312119670197468
 20
-2.1395546789614563
 30
0.0
 11
-15.294013912228335
 21
-1.7534680403070608
 31
0.0
  0
LINE
  5
A76
330
17
100
AcDbEntity
  8
ENGRAVE_POLARS
100
AcDbLine
 10
-15.294013912228335
 20
-1.7534680403070608
 30
0.0
 11
-15.277311372230802
 21
-1.3847606578981975
 31
0.0
  0
LINE
  5
A77
330
17
100
AcDbEntity
  8
ENGRAVE_POLARS
100
AcDbLine
 10
-15.277311372230802
 20
-1.3847606578981975
 30
0.0
 11
-15.262031006629135
 21
-1.0390921720338138
 31
0.0
  0
LINE
  5
A78
330
17
100
AcDbEntity
  8
ENGRAVE_POLARS
100
AcDbLine
 10
-15.262031006629135
 20
-1.0390921720338138
 30
0.0
 11
-15.248191771847617
 21
-0.7221222230128567
 31
0.0
  0
LINE
  5
A79
330
17
100
AcDbEntity
  8
ENGRAVE_POLARS
100
AcDbLine
 10
-15.248191771847617
 20
-0.7221222230128567
 30
0.0
 11
-15.235812624310515
 21
-0.4395104511342707
 31
0.0
  0
LINE
  5
A7A
330
17
100
AcDbEntity
  8
ENGRAVE_POLARS
100
AcDbLine
 10
-15.235812624310515
 20
-0.4395104511342707
 30
0.0
 11
-15.224912520442107
 21
-0.19691649669700342
 31
0.0
  0
LINE
  5
A7B
330
17
100
AcDbEntity
  8
ENGRAVE_POLARS
100
AcDbLine
 10
-15.224912520442107
 20
-0.19691649669700342
 30
0.0
 11
-15.215510416666667
 21
-1.8633626129164045e-15
 31
0.0
  0
TEXT
  5
A7C
330
17
100
AcDbEntity
  8
ENGRAVE_TEXT
100
AcDbText
 10
8.674753568627764
 20
6.4603819184603095
 30
0.0
 40
4.5
  1
24
 72
1
 11
8.674753568627764
 21
6.4603819184603095
 31
0.0
100
AcDbText
 73
2
  0
TEXT
  5
A7D
330
17
100
AcDbEntity
  8
ENGRAVE_TEXT
100
AcDbText
 10
8.674753568627764
 20
-6.4603819184603095
 30
0.0
 40
4.5
  1
24
 72
1
 11
8.674753568627764
 21
-6.4603819184603095
 31
0.0
100
AcDbText
 73
2
  0
CIRCLE
  5
A7E
330
17
100
AcDbEntity
  8
ENGRAVE_VMG
100
AcDbCircle
 10
8.202968843254078
 20
7.0497649723513405
 30
0.0
 40
0.6
  0
CIRCLE
  5
A7F
330
17
100
AcDbEntity
  8
ENGRAVE_VMG
100
AcDbCircle
 10
8.202968843254078
 20
-7.0497649723513405
 30
0.0
 40
0.6
  0
CIRCLE
  5
A80
330
17
100
AcDbEntity
  8
ENGRAVE_VMG
100
AcDbCircle
 10
-16.37321961055694
 20
12.63472616174858
 30
0.0
 40
0.6
  0
CIRCLE
  5
A81
330
17
100
AcDbEntity
  8
ENGRAVE_VMG
100
AcDbCircle
 10
-16.37321961055694
 20
-12.63472616174858
 30
0.0
 40
0.6
  0
CIRCLE
  5
A82
330
17
100
AcDbEntity
  8
ENGRAVE_COMPASS
100
AcDbCircle
 10
0.0
 20
0.0
 30
0.0
 40
57.2
  0
LINE
  5
A83
330
17
100
AcDbEntity
  8
ENGRAVE_COMPASS
100
AcDbLine
 10
57.2
 20
0.0
 30
0.0
 11
55.6
 21
0.0
 31
0.0
  0
TEXT
  5
A84
330
17
100
AcDbEntity
  8
ENGRAVE_TEXT
100
AcDbText
 10
53.7
 20
0.0
 30
0.0
 40
3.2
  1
0°/360°
 50
90.0
 72
1
 11
53.7
 21
0.0
 31
0.0
100
AcDbText
 73
2
  0
LINE
  5
A85
330
17
100
AcDbEntity
  8
ENGRAVE_COMPASS
100
AcDbLine
 10
57.16515530549228
 20
1.9962512113830555
 30
0.0
 11
56.265703561175094
 21
1.9648416643508047
 31
0.0
  0
LINE
  5
A86
330
17
100
AcDbEntity
  8
ENGRAVE_COMPASS
100
AcDbLine
 10
57.06066367486195
 20
3.9900702981639675
 30
0.0
 11
56.16285602962811
 21
3.927289471794255
 31
0.0
  0
LINE
  5
A87
330
17
100
AcDbEntity
  8
ENGRAVE_COMPASS
100
AcDbLine
 10
56.886652415065235
 20
5.979028098909779
 30
0.0
 11
55.99158270923379
 21
5.884952481968891
 31
0.0
  0
LINE
  5
A88
330
17
100
AcDbEntity
  8
ENGRAVE_COMPASS
100
AcDbLine
 10
56.64333353201783
 20
7.960701374915743
 30
0.0
 11
55.75209227015041
 21
7.835445584051684
 31
0.0
  0
LINE
  5
A89
330
17
100
AcDbEntity
  8
ENGRAVE_COMPASS
100
AcDbLine
 10
56.3310034722983
 20
9.932675762548415
 30
0.0
 11
54.755311067478765
 21
9.654838678281326
 31
0.0
  0
LINE
  5
A8A
330
17
100
AcDbEntity
  8
ENGRAVE_COMPASS
100
AcDbLine
 10
55.95004276197369
 20
11.892548714775835
 30
0.0
 11
55.06970992131326
 21
11.705428193039852
 31
0.0
  0
LINE
  5
A8B
330
17
100
AcDbEntity
  8
ENGRAVE_COMPASS
100
AcDbLine
 10
55.500915542987
 20
13.837932428300995
 30
0.0
 11
54.62764938933861
 21
13.620202722261293
 31
0.0
  0
LINE
  5
A8C
330
17
100
AcDbEntity
  8
ENGRAVE_COMPASS
100
AcDbLine
 10
54.984169007671845
 20
15.766456752732353
 30
0.0
 11
54.11903348132736
 21
15.518383132497053
 31
0.0
  0
LINE
  5
A8D
330
17
100
AcDbEntity
  8
ENGRAVE_COMPASS
100
AcDbLine
 10
54.400432732082784
 20
17.675772078246993
 30
0.0
 11
53.54448186741715
 21
17.39765678330954
 31
0.0
  0
LINE
  5
A8E
330
17
100
AcDbEntity
  8
ENGRAVE_COMPASS
100
AcDbLine
 10
53.75041790895396
 20
19.56355219822825
 30
0.0
 11
52.24690971569651
 21
19.01631996890718
 31
0.0
  0
LINE
  5
A8F
330
17
100
AcDbEntity
  8
ENGRAVE_COMPASS
100
AcDbLine
 10
53.03491648122024
 20
21.42749714339017
 30
0.0
 11
52.200451012110136
 21
21.09035120931585
 31
0.0
  0
LINE
  5
A90
330
17
100
AcDbEntity
  8
ENGRAVE_COMPASS
100
AcDbLine
 10
52.254800177156774
 20
23.265335983935774
 30
0.0
 11
51.43260926527843
 21
22.899273005167554
 31
0.0
  0
LINE
  5
A91
330
17
100
AcDbEntity
  8
ENGRAVE_COMPASS
100
AcDbLine
 10
51.41101944831236
 20
25.074829596335228
 30
0.0
 11
50.602104806643105
 21
24.68029556422506
 31
0.0
  0
LINE
  5
A92
330
17
100
AcDbEntity
  8
ENGRAVE_COMPASS
100
AcDbLine
 10
50.504602311530626
 20
26.853773391352956
 30
0.0
 11
49.70994947795759
 21
26.431248984845656
 31
0.0
  0
LINE
  5
A93
330
17
100
AcDbEntity
  8
ENGRAVE_COMPASS
100
AcDbLine
 10
49.5366530964699
 20
28.599999999999998
 30
0.0
 11
48.1510124504148
 21
27.799999999999997
 31
0.0
  0
TEXT
  5
A94
330
17
100
AcDbEntity
  8
ENGRAVE_TEXT
100
AcDbText
 10
46.50556418322436
 20
26.849999999999998
 30
0.0
 40
3.2
  1
30°
 50
60.0
 72
1
 11
46.50556418322436
 21
26.849999999999998
 31
0.0
100
AcDbText
 73
2
  0
LINE
  5
A95
330
17
100
AcDbEntity
  8
ENGRAVE_COMPASS
100
AcDbLine
 10
48.508351100147564
 20
30.31138191413932
 30
0.0
 11
47.745107813606786
 21
29.83445457632944
 31
0.0
  0
LINE
  5
A96
330
17
100
AcDbEntity
  8
ENGRAVE_COMPASS
100
AcDbLine
 10
47.42094915014838
 20
31.985834078526725
 30
0.0
 11
46.674815334848844
 21
31.482560465403054
 31
0.0
  0
LINE
  5
A97
330
17
100
AcDbEntity
  8
ENGRAVE_COMPASS
100
AcDbLine
 10
46.275772078246995
 20
33.621316431129465
 30
0.0
 11
45.54765678330954
 21
33.09230970406624
 31
0.0
  0
LINE
  5
A98
330
17
100
AcDbEntity
  8
ENGRAVE_COMPASS
100
AcDbLine
 10
45.07421510630449
 20
35.21583638862766
 30
0.0
 11
44.365005428058446
 21
34.661741060834565
 31
0.0
  0
LINE
  5
A99
330
17
100
AcDbEntity
  8
ENGRAVE_COMPASS
100
AcDbLine
 10
43.81774214640554
 20
36.76745127407005
 30
0.0
 11
42.59207103741518
 21
35.73899109857158
 31
0.0
  0
LINE
  5
A9A
330
17
100
AcDbEntity
  8
ENGRAVE_COMPASS
100
AcDbLine
 10
42.50788401730695
 20
38.27427068372669
 30
0.0
 11
41.8390536743773
 21
37.67205313800372
 31
0.0
  0
LINE
  5
A9B
330
17
100
AcDbEntity
  8
ENGRAVE_COMPASS
100
AcDbLine
 10
41.14623657937085
 20
39.73445879025464
 30
0.0
 11
40.49883075906607
 21
39.10926625684155
 31
0.0
  0
LINE
  5
A9C
330
17
100
AcDbEntity
  8
ENGRAVE_COMPASS
100
AcDbLine
 10
39.73445879025464
 20
41.14623657937084
 30
0.0
 11
39.10926625684155
 21
40.49883075906606
 31
0.0
  0
LINE
  5
A9D
330
17
100
AcDbEntity
  8
ENGRAVE_COMPASS
100
AcDbLine
 10
38.27427068372669
 20
42.50788401730695
 30
0.0
 11
37.67205313800372
 21
41.8390536743773
 31
0.0
  0
LINE
  5
A9E
330
17
100
AcDbEntity
  8
ENGRAVE_COMPASS
100
AcDbLine
 10
36.767451274070055
 20
43.81774214640554
 30
0.0
 11
35.73899109857159
 21
42.59207103741518
 31
0.0
  0
LINE
  5
A9F
330
17
100
AcDbEntity
  8
ENGRAVE_COMPASS
100
AcDbLine
 10
35.21583638862766
 20
45.0742151063045
 30
0.0
 11
34.661741060834565
 21
44.36500542805845
 31
0.0
  0
LINE
  5
AA0
330
17
100
AcDbEntity
  8
ENGRAVE_COMPASS
100
AcDbLine
 10
33.621316431129465
 20
46.275772078246995
 30
0.0
 11
33.09230970406624
 21
45.54765678330954
 31
0.0
  0
LINE
  5
AA1
330
17
100
AcDbEntity
  8
ENGRAVE_COMPASS
100
AcDbLine
 10
31.985834078526718
 20
47.42094915014839
 30
0.0
 11
31.482560465403047
 21
46.67481533484885
 31
0.0
  0
LINE
  5
AA2
330
17
100
AcDbEntity
  8
ENGRAVE_COMPASS
100
AcDbLine
 10
30.31138191413932
 20
48.508351100147564
 30
0.0
 11
29.83445457632944
 21
47.745107813606786
 31
0.0
  0
LINE
  5
AA3
330
17
100
AcDbEntity
  8
ENGRAVE_COMPASS
100
AcDbLine
 10
28.60000000000001
 20
49.53665309646989
 30
0.0
 11
27.800000000000008
 21
48.15101245041479
 31
0.0
  0
TEXT
  5
AA4
330
17
100
AcDbEntity
  8
ENGRAVE_TEXT
100
AcDbText
 10
26.85000000000001
 20
46.50556418322436
 30
0.0
 40
3.2
  1
60°
 50
30.0
 72
1
 11
26.85000000000001
 21
46.50556418322436
 31
0.0
100
AcDbText
 73
2
  0
LINE
  5
AA5
330
17
100
AcDbEntity
  8
ENGRAVE_COMPASS
100
AcDbLine
 10
26.85377339135296
 20
50.50460231153062
 30
0.0
 11
26.431248984845656
 21
49.709949477957586
 31
0.0
  0
LINE
  5
AA6
330
17
100
AcDbEntity
  8
ENGRAVE_COMPASS
100
AcDbLine
 10
25.07482959633523
 20
51.41101944831236
 30
0.0
 11
24.680295564225062
 21
50.602104806643105
 31
0.0
  0
LINE
  5
AA7
330
17
100
AcDbEntity
  8
ENGRAVE_COMPASS
100
AcDbLine
 10
23.265335983935774
 20
52.254800177156774
 30
0.0
 11
22.899273005167554
 21
51.43260926527843
 31
0.0
  0
LINE
  5
AA8
330
17
100
AcDbEntity
  8
ENGRAVE_COMPASS
100
AcDbLine
 10
21.427497143390166
 20
53.03491648122024
 30
0.0
 11
21.090351209315845
 21
52.200451012110136
 31
0.0
  0
LINE
  5
AA9
330
17
100
AcDbEntity
  8
ENGRAVE_COMPASS
100
AcDbLine
 10
19.56355219822826
 20
53.750417908953956
 30
0.0
 11
19.016319968907187
 21
52.2469097156965
 31
0.0
  0
LINE
  5
AAA
330
17
100
AcDbEntity
  8
ENGRAVE_COMPASS
100
AcDbLine
 10
17.675772078246997
 20
54.400432732082784
 30
0.0
 11
17.397656783309543
 21
53.54448186741715
 31
0.0
  0
LINE
  5
AAB
330
17
100
AcDbEntity
  8
ENGRAVE_COMPASS
100
AcDbLine
 10
15.766456752732353
 20
54.984169007671845
 30
0.0
 11
15.518383132497053
 21
54.11903348132736
 31
0.0
  0
LINE
  5
AAC
330
17
100
AcDbEntity
  8
ENGRAVE_COMPASS
100
AcDbLine
 10
13.837932428300991
 20
55.500915542987
 30
0.0
 11
13.620202722261292
 21
54.62764938933861
 31
0.0
  0
LINE
  5
AAD
330
17
100
AcDbEntity
  8
ENGRAVE_COMPASS
100
AcDbLine
 10
11.892548714775842
 20
55.950042761973684
 30
0.0
 11
11.705428193039857
 21
55.06970992131326
 31
0.0
  0
LINE
  5
AAE
330
17
100
AcDbEntity
  8
ENGRAVE_COMPASS
100
AcDbLine
 10
9.93267576254842
 20
56.3310034722983
 30
0.0
 11
9.654838678281331
 21
54.755311067478765
 31
0.0
  0
LINE
  5
AAF
330
17
100
AcDbEntity
  8
ENGRAVE_COMPASS
100
AcDbLine
 10
7.960701374915745
 20
56.64333353201783
 30
0.0
 11
7.835445584051686
 21
55.75209227015041
 31
0.0
  0
LINE
  5
AB0
330
17
100
AcDbEntity
  8
ENGRAVE_COMPASS
100
AcDbLine
 10
5.979028098909778
 20
56.886652415065235
 30
0.0
 11
5.88495248196889
 21
55.99158270923379
 31
0.0
  0
LINE
  5
AB1
330
17
100
AcDbEntity
  8
ENGRAVE_COMPASS
100
AcDbLine
 10
3.9900702981639635
 20
57.06066367486195
 30
0.0
 11
3.927289471794251
 21
56.16285602962811
 31
0.0
  0
LINE
  5
AB2
330
17
100
AcDbEntity
  8
ENGRAVE_COMPASS
100
AcDbLine
 10
1.996251211383062
 20
57.16515530549228
 30
0.0
 11
1.9648416643508109
 21
56.265703561175094
 31
0.0
  0
LINE
  5
AB3
330
17
100
AcDbEntity
  8
ENGRAVE_COMPASS
100
AcDbLine
 10
3.5024898455614302e-15
 20
57.2
 30
0.0
 11
3.404518101629642e-15
 21
55.6
 31
0.0
  0
TEXT
  5
AB4
330
17
100
AcDbEntity
  8
ENGRAVE_TEXT
100
AcDbText
 10
3.2881766557106437e-15
 20
53.7
 30
0.0
 40
3.2
  1
90°
 72
1
 11
3.2881766557106437e-15
 21
53.7
 31
0.0
100
AcDbText
 73
2
  0
LINE
  5
AB5
330
17
100
AcDbEntity
  8
ENGRAVE_COMPASS
100
AcDbLine
 10
-1.9962512113830548
 20
57.16515530549228
 30
0.0
 11
-1.964841664350804
 21
56.265703561175094
 31
0.0
  0
LINE
  5
AB6
330
17
100
AcDbEntity
  8
ENGRAVE_COMPASS
100
AcDbLine
 10
-3.9900702981639693
 20
57.06066367486195
 30
0.0
 11
-3.9272894717942566
 21
56.16285602962811
 31
0.0
  0
LINE
  5
AB7
330
17
100
AcDbEntity
  8
ENGRAVE_COMPASS
100
AcDbLine
 10
-5.979028098909784
 20
56.886652415065235
 30
0.0
 11
-5.884952481968895
 21
55.99158270923379
 31
0.0
  0
LINE
  5
AB8
330
17
100
AcDbEntity
  8
ENGRAVE_COMPASS
100
AcDbLine
 10
-7.960701374915739
 20
56.64333353201783
 30
0.0
 11
-7.83544558405168
 21
55.75209227015041
 31
0.0
  0
LINE
  5
AB9
330
17
100
AcDbEntity
  8
ENGRAVE_COMPASS
100
AcDbLine
 10
-9.932675762548413
 20
56.3310034722983
 30
0.0
 11
-9.654838678281324
 21
54.755311067478765
 31
0.0
  0
LINE
  5
ABA
330
17
100
AcDbEntity
  8
ENGRAVE_COMPASS
100
AcDbLine
 10
-11.892548714775835
 20
55.95004276197369
 30
0.0
 11
-11.705428193039852
 21
55.06970992131326
 31
0.0
  0
LINE
  5
ABB
330
17
100
AcDbEntity
  8
ENGRAVE_COMPASS
100
AcDbLine
 10
-13.837932428300999
 20
55.500915542987
 30
0.0
 11
-13.620202722261297
 21
54.62764938933861
 31
0.0
  0
LINE
  5
ABC
330
17
100
AcDbEntity
  8
ENGRAVE_COMPASS
100
AcDbLine
 10
-15.766456752732347
 20
54.984169007671845
 30
0.0
 11
-15.518383132497048
 21
54.11903348132736
 31
0.0
  0
LINE
  5
ABD
330
17
100
AcDbEntity
  8
ENGRAVE_COMPASS
100
AcDbLine
 10
-17.67577207824699
 20
54.40043273208279
 30
0.0
 11
-17.397656783309536
 21
53.544481867417154
 31
0.0
  0
LINE
  5
ABE
330
17
100
AcDbEntity
  8
ENGRAVE_COMPASS
100
AcDbLine
 10
-19.56355219822825
 20
53.75041790895396
 30
0.0
 11
-19.01631996890718
 21
52.24690971569651
 31
0.0
  0
LINE
  5
ABF
330
17
100
AcDbEntity
  8
ENGRAVE_COMPASS
100
AcDbLine
 10
-21.42749714339017
 20
53.03491648122024
 30
0.0
 11
-21.090351209315852
 21
52.200451012110136
 31
0.0
  0
LINE
  5
AC0
330
17
100
AcDbEntity
  8
ENGRAVE_COMPASS
100
AcDbLine
 10
-23.265335983935778
 20
52.254800177156774
 30
0.0
 11
-22.899273005167558
 21
51.43260926527843
 31
0.0
  0
LINE
  5
AC1
330
17
100
AcDbEntity
  8
ENGRAVE_COMPASS
100
AcDbLine
 10
-25.074829596335235
 20
51.41101944831235
 30
0.0
 11
-24.680295564225066
 21
50.602104806643105
 31
0.0
  0
LINE
  5
AC2
330
17
100
AcDbEntity
  8
ENGRAVE_COMPASS
100
AcDbLine
 10
-26.853773391352963
 20
50.50460231153062
 30
0.0
 11
-26.43124898484566
 21
49.709949477957586
 31
0.0
  0
LINE
  5
AC3
330
17
100
AcDbEntity
  8
ENGRAVE_COMPASS
100
AcDbLine
 10
-28.599999999999987
 20
49.5366530964699
 30
0.0
 11
-27.79999999999999
 21
48.1510124504148
 31
0.0
  0
TEXT
  5
AC4
330
17
100
AcDbEntity
  8
ENGRAVE_TEXT
100
AcDbText
 10
-26.84999999999999
 20
46.50556418322436
 30
0.0
 40
3.2
  1
120°
 50
-30.0
 72
1
 11
-26.84999999999999
 21
46.50556418322436
 31
0.0
100
AcDbText
 73
2
  0
LINE
  5
AC5
330
17
100
AcDbEntity
  8
ENGRAVE_COMPASS
100
AcDbLine
 10
-30.311381914139314
 20
48.50835110014757
 30
0.0
 11
-29.83445457632943
 21
47.74510781360679
 31
0.0
  0
LINE
  5
AC6
330
17
100
AcDbEntity
  8
ENGRAVE_COMPASS
100
AcDbLine
 10
-31.98583407852671
 20
47.42094915014839
 30
0.0
 11
-31.48256046540304
 21
46.67481533484885
 31
0.0
  0
LINE
  5
AC7
330
17
100
AcDbEntity
  8
ENGRAVE_COMPASS
100
AcDbLine
 10
-33.62131643112946
 20
46.275772078246995
 30
0.0
 11
-33.09230970406623
 21
45.54765678330954
 31
0.0
  0
LINE
  5
AC8
330
17
100
AcDbEntity
  8
ENGRAVE_COMPASS
100
AcDbLine
 10
-35.21583638862766
 20
45.0742151063045
 30
0.0
 11
-34.661741060834565
 21
44.36500542805845
 31
0.0
  0
LINE
  5
AC9
330
17
100
AcDbEntity
  8
ENGRAVE_COMPASS
100
AcDbLine
 10
-36.767451274070055
 20
43.81774214640554
 30
0.0
 11
-35.73899109857159
 21
42.59207103741518
 31
0.0
  0
LINE
  5
ACA
330
17
100
AcDbEntity
  8
ENGRAVE_COMPASS
100
AcDbLine
 10
-38.27427068372669
 20
42.50788401730695
 30
0.0
 11
-37.67205313800372
 21
41.8390536743773
 31
0.0
  0
LINE
  5
ACB
330
17
100
AcDbEntity
  8
ENGRAVE_COMPASS
100
AcDbLine
 10
-39.73445879025465
 20
41.14623657937084
 30
0.0
 11
-39.10926625684156
 21
40.49883075906606
 31
0.0
  0
LINE
  5
ACC
330
17
100
AcDbEntity
  8
ENGRAVE_COMPASS
100
AcDbLine
 10
-41.14623657937085
 20
39.734458790254635
 30
0.0
 11
-40.49883075906607
 21
39.10926625684154
 31
0.0
  0
LINE
  5
ACD
330
17
100
AcDbEntity
  8
ENGRAVE_COMPASS
100
AcDbLine
 10
-42.50788401730694
 20
38.2742706837267
 30
0.0
 11
-41.83905367437729
 21
37.672053138003726
 31
0.0
  0
LINE
  5
ACE
330
17
100
AcDbEntity
  8
ENGRAVE_COMPASS
100
AcDbLine
 10
-43.817742146405536
 20
36.76745127407006
 30
0.0
 11
-42.592071037415174
 21
35.738991098571596
 31
0.0
  0
LINE
  5
ACF
330
17
100
AcDbEntity
  8
ENGRAVE_COMPASS
100
AcDbLine
 10
-45.07421510630449
 20
35.215836388627665
 30
0.0
 11
-44.365005428058446
 21
34.66174106083457
 31
0.0
  0
LINE
  5
AD0
330
17
100
AcDbEntity
  8
ENGRAVE_COMPASS
100
AcDbLine
 10
-46.27577207824699
 20
33.62131643112947
 30
0.0
 11
-45.54765678330954
 21
33.092309704066246
 31
0.0
  0
LINE
  5
AD1
330
17
100
AcDbEntity
  8
ENGRAVE_COMPASS
100
AcDbLine
 10
-47.42094915014838
 20
31.985834078526725
 30
0.0
 11
-46.674815334848844
 21
31.482560465403054
 31
0.0
  0
LINE
  5
AD2
330
17
100
AcDbEntity
  8
ENGRAVE_COMPASS
100
AcDbLine
 10
-48.508351100147564
 20
30.31138191413932
 30
0.0
 11
-47.745107813606786
 21
29.83445457632944
 31
0.0
  0
LINE
  5
AD3
330
17
100
AcDbEntity
  8
ENGRAVE_COMPASS
100
AcDbLine
 10
-49.5366530964699
 20
28.599999999999998
 30
0.0
 11
-48.1510124504148
 21
27.799999999999997
 31
0.0
  0
TEXT
  5
AD4
330
17
100
AcDbEntity
  8
ENGRAVE_TEXT
100
AcDbText
 10
-46.50556418322436
 20
26.849999999999998
 30
0.0
 40
3.2
  1
150°
 50
-60.0
 72
1
 11
-46.50556418322436
 21
26.849999999999998
 31
0.0
100
AcDbText
 73
2
  0
LINE
  5
AD5
330
17
100
AcDbEntity
  8
ENGRAVE_COMPASS
100
AcDbLine
 10
-50.504602311530626
 20
26.85377339135295
 30
0.0
 11
-49.70994947795759
 21
26.43124898484565
 31
0.0
  0
LINE
  5
AD6
330
17
100
AcDbEntity
  8
ENGRAVE_COMPASS
100
AcDbLine
 10
-51.41101944831236
 20
25.074829596335224
 30
0.0
 11
-50.602104806643105
 21
24.680295564225055
 31
0.0
  0
LINE
  5
AD7
330
17
100
AcDbEntity
  8
ENGRAVE_COMPASS
100
AcDbLine
 10
-52.25480017715677
 20
23.265335983935785
 30
0.0
 11
-51.43260926527843
 21
22.899273005167565
 31
0.0
  0
LINE
  5
AD8
330
17
100
AcDbEntity
  8
ENGRAVE_COMPASS
100
AcDbLine
 10
-53.034916481220236
 20
21.42749714339018
 30
0.0
 11
-52.20045101211013
 21
21.09035120931586
 31
0.0
  0
LINE
  5
AD9
330
17
100
AcDbEntity
  8
ENGRAVE_COMPASS
100
AcDbLine
 10
-53.750417908953956
 20
19.563552198228262
 30
0.0
 11
-52.2469097156965
 21
19.01631996890719
 31
0.0
  0
LINE
  5
ADA
330
17
100
AcDbEntity
  8
ENGRAVE_COMPASS
100
AcDbLine
 10
-54.400432732082784
 20
17.675772078246997
 30
0.0
 11
-53.54448186741715
 21
17.397656783309547
 31
0.0
  0
LINE
  5
ADB
330
17
100
AcDbEntity
  8
ENGRAVE_COMPASS
100
AcDbLine
 10
-54.984169007671845
 20
15.766456752732356
 30
0.0
 11
-54.11903348132736
 21
15.518383132497057
 31
0.0
  0
LINE
  5
ADC
330
17
100
AcDbEntity
  8
ENGRAVE_COMPASS
100
AcDbLine
 10
-55.500915542987
 20
13.837932428300995
 30
0.0
 11
-54.62764938933861
 21
13.620202722261293
 31
0.0
  0
LINE
  5
ADD
330
17
100
AcDbEntity
  8
ENGRAVE_COMPASS
100
AcDbLine
 10
-55.95004276197369
 20
11.892548714775833
 30
0.0
 11
-55.06970992131326
 21
11.70542819303985
 31
0.0
  0
LINE
  5
ADE
330
17
100
AcDbEntity
  8
ENGRAVE_COMPASS
100
AcDbLine
 10
-56.3310034722983
 20
9.932675762548412
 30
0.0
 11
-54.755311067478765
 21
9.654838678281324
 31
0.0
  0
LINE
  5
ADF
330
17
100
AcDbEntity
  8
ENGRAVE_COMPASS
100
AcDbLine
 10
-56.64333353201783
 20
7.960701374915737
 30
0.0
 11
-55.75209227015041
 21
7.835445584051678
 31
0.0
  0
LINE
  5
AE0
330
17
100
AcDbEntity
  8
ENGRAVE_COMPASS
100
AcDbLine
 10
-56.886652415065235
 20
5.979028098909794
 30
0.0
 11
-55.99158270923379
 21
5.884952481968906
 31
0.0
  0
LINE
  5
AE1
330
17
100
AcDbEntity
  8
ENGRAVE_COMPASS
100
AcDbLine
 10
-57.06066367486195
 20
3.9900702981639804
 30
0.0
 11
-56.16285602962811
 21
3.9272894717942672
 31
0.0
  0
LINE
  5
AE2
330
17
100
AcDbEntity
  8
ENGRAVE_COMPASS
100
AcDbLine
 10
-57.16515530549228
 20
1.9962512113830655
 30
0.0
 11
-56.265703561175094
 21
1.9648416643508144
 31
0.0
  0
LINE
  5
AE3
330
17
100
AcDbEntity
  8
ENGRAVE_COMPASS
100
AcDbLine
 10
-57.2
 20
7.0049796911228604e-15
 30
0.0
 11
-55.6
 21
6.809036203259284e-15
 31
0.0
  0
TEXT
  5
AE4
330
17
100
AcDbEntity
  8
ENGRAVE_TEXT
100
AcDbText
 10
-53.7
 20
6.5763533114212874e-15
 30
0.0
 40
3.2
  1
180°
 50
-90.0
 72
1
 11
-53.7
 21
6.5763533114212874e-15
 31
0.0
100
AcDbText
 73
2
  0
LINE
  5
AE5
330
17
100
AcDbEntity
  8
ENGRAVE_COMPASS
100
AcDbLine
 10
-57.16515530549228
 20
-1.9962512113830515
 30
0.0
 11
-56.265703561175094
 21
-1.9648416643508009
 31
0.0
  0
LINE
  5
AE6
330
17
100
AcDbEntity
  8
ENGRAVE_COMPASS
100
AcDbLine
 10
-57.06066367486195
 20
-3.9900702981639657
 30
0.0
 11
-56.16285602962811
 21
-3.9272894717942535
 31
0.0
  0
LINE
  5
AE7
330
17
100
AcDbEntity
  8
ENGRAVE_COMPASS
100
AcDbLine
 10
-56.886652415065235
 20
-5.97902809890978
 30
0.0
 11
-55.99158270923379
 21
-5.8849524819688925
 31
0.0
  0
LINE
  5
AE8
330
17
100
AcDbEntity
  8
ENGRAVE_COMPASS
100
AcDbLine
 10
-56.64333353201782
 20
-7.9607013749157485
 30
0.0
 11
-55.752092270150406
 21
-7.83544558405169
 31
0.0
  0
LINE
  5
AE9
330
17
100
AcDbEntity
  8
ENGRAVE_COMPASS
100
AcDbLine
 10
-56.3310034722983
 20
-9.932675762548424
 30
0.0
 11
-54.755311067478765
 21
-9.654838678281335
 31
0.0
  0
LINE
  5
AEA
330
17
100
AcDbEntity
  8
ENGRAVE_COMPASS
100
AcDbLine
 10
-55.950042761973684
 20
-11.892548714775845
 30
0.0
 11
-55.06970992131326
 21
-11.705428193039861
 31
0.0
  0
LINE
  5
AEB
330
17
100
AcDbEntity
  8
ENGRAVE_COMPASS
100
AcDbLine
 10
-55.500915542987
 20
-13.837932428300983
 30
0.0
 11
-54.62764938933861
 21
-13.620202722261281
 31
0.0
  0
LINE
  5
AEC
330
17
100
AcDbEntity
  8
ENGRAVE_COMPASS
100
AcDbLine
 10
-54.984169007671845
 20
-15.766456752732344
 30
0.0
 11
-54.11903348132736
 21
-15.518383132497044
 31
0.0
  0
LINE
  5
AED
330
17
100
AcDbEntity
  8
ENGRAVE_COMPASS
100
AcDbLine
 10
-54.40043273208279
 20
-17.675772078246986
 30
0.0
 11
-53.544481867417154
 21
-17.397656783309532
 31
0.0
  0
LINE
  5
AEE
330
17
100
AcDbEntity
  8
ENGRAVE_COMPASS
100
AcDbLine
 10
-53.75041790895396
 20
-19.563552198228248
 30
0.0
 11
-52.24690971569651
 21
-19.01631996890718
 31
0.0
  0
LINE
  5
AEF
330
17
100
AcDbEntity
  8
ENGRAVE_COMPASS
100
AcDbLine
 10
-53.03491648122024
 20
-21.42749714339017
 30
0.0
 11
-52.200451012110136
 21
-21.09035120931585
 31
0.0
  0
LINE
  5
AF0
330
17
100
AcDbEntity
  8
ENGRAVE_COMPASS
100
AcDbLine
 10
-52.254800177156774
 20
-23.265335983935774
 30
0.0
 11
-51.43260926527843
 21
-22.899273005167554
 31
0.0
  0
LINE
  5
AF1
330
17
100
AcDbEntity
  8
ENGRAVE_COMPASS
100
AcDbLine
 10
-51.41101944831235
 20
-25.07482959633523
 30
0.0
 11
-50.602104806643105
 21
-24.680295564225062
 31
0.0
  0
LINE
  5
AF2
330
17
100
AcDbEntity
  8
ENGRAVE_COMPASS
100
AcDbLine
 10
-50.50460231153062
 20
-26.85377339135296
 30
0.0
 11
-49.709949477957586
 21
-26.431248984845656
 31
0.0
  0
LINE
  5
AF3
330
17
100
AcDbEntity
  8
ENGRAVE_COMPASS
100
AcDbLine
 10
-49.53665309646989
 20
-28.60000000000001
 30
0.0
 11
-48.15101245041479
 21
-27.800000000000008
 31
0.0
  0
TEXT
  5
AF4
330
17
100
AcDbEntity
  8
ENGRAVE_TEXT
100
AcDbText
 10
-46.50556418322436
 20
-26.85000000000001
 30
0.0
 40
3.2
  1
210°
 50
-120.0
 72
1
 11
-46.50556418322436
 21
-26.85000000000001
 31
0.0
100
AcDbText
 73
2
  0
LINE
  5
AF5
330
17
100
AcDbEntity
  8
ENGRAVE_COMPASS
100
AcDbLine
 10
-48.50835110014757
 20
-30.311381914139314
 30
0.0
 11
-47.74510781360679
 21
-29.83445457632943
 31
0.0
  0
LINE
  5
AF6
330
17
100
AcDbEntity
  8
ENGRAVE_COMPASS
100
AcDbLine
 10
-47.420949150148395
 20
-31.98583407852671
 30
0.0
 11
-46.67481533484886
 21
-31.48256046540304
 31
0.0
  0
LINE
  5
AF7
330
17
100
AcDbEntity
  8
ENGRAVE_COMPASS
100
AcDbLine
 10
-46.275772078247
 20
-33.62131643112946
 30
0.0
 11
-45.54765678330955
 21
-33.09230970406623
 31
0.0
  0
LINE
  5
AF8
330
17
100
AcDbEntity
  8
ENGRAVE_COMPASS
100
AcDbLine
 10
-45.0742151063045
 20
-35.21583638862765
 30
0.0
 11
-44.36500542805845
 21
-34.66174106083456
 31
0.0
  0
LINE
  5
AF9
330
17
100
AcDbEntity
  8
ENGRAVE_COMPASS
100
AcDbLine
 10
-43.81774214640554
 20
-36.76745127407005
 30
0.0
 11
-42.59207103741518
 21
-35.73899109857158
 31
0.0
  0
LINE
  5
AFA
330
17
100
AcDbEntity
  8
ENGRAVE_COMPASS
100
AcDbLine
 10
-42.50788401730695
 20
-38.27427068372669
 30
0.0
 11
-41.8390536743773
 21
-37.67205313800372
 31
0.0
  0
LINE
  5
AFB
330
17
100
AcDbEntity
  8
ENGRAVE_COMPASS
100
AcDbLine
 10
-41.14623657937084
 20
-39.73445879025465
 30
0.0
 11
-40.49883075906606
 21
-39.10926625684156
 31
0.0
  0
LINE
  5
AFC
330
17
100
AcDbEntity
  8
ENGRAVE_COMPASS
100
AcDbLine
 10
-39.73445879025464
 20
-41.14623657937085
 30
0.0
 11
-39.10926625684155
 21
-40.49883075906607
 31
0.0
  0
LINE
  5
AFD
330
17
100
AcDbEntity
  8
ENGRAVE_COMPASS
100
AcDbLine
 10
-38.274270683726684
 20
-42.50788401730696
 30
0.0
 11
-37.67205313800372
 21
-41.839053674377304
 31
0.0
  0
LINE
  5
AFE
330
17
100
AcDbEntity
  8
ENGRAVE_COMPASS
100
AcDbLine
 10
-36.76745127407006
 20
-43.817742146405536
 30
0.0
 11
-35.738991098571596
 21
-42.592071037415174
 31
0.0
  0
LINE
  5
AFF
330
17
100
AcDbEntity
  8
ENGRAVE_COMPASS
100
AcDbLine
 10
-35.21583638862764
 20
-45.07421510630451
 30
0.0
 11
-34.66174106083455
 21
-44.36500542805846
 31
0.0
  0
LINE
  5
B00
330
17
100
AcDbEntity
  8
ENGRAVE_COMPASS
100
AcDbLine
 10
-33.62131643112947
 20
-46.27577207824699
 30
0.0
 11
-33.092309704066246
 21
-45.54765678330954
 31
0.0
  0
LINE
  5
B01
330
17
100
AcDbEntity
  8
ENGRAVE_COMPASS
100
AcDbLine
 10
-31.985834078526704
 20
-47.420949150148395
 30
0.0
 11
-31.482560465403033
 21
-46.67481533484886
 31
0.0
  0
LINE
  5
B02
330
17
100
AcDbEntity
  8
ENGRAVE_COMPASS
100
AcDbLine
 10
-30.31138191413933
 20
-48.508351100147564
 30
0.0
 11
-29.834454576329446
 21
-47.745107813606786
 31
0.0
  0
LINE
  5
B03
330
17
100
AcDbEntity
  8
ENGRAVE_COMPASS
100
AcDbLine
 10
-28.600000000000026
 20
-49.53665309646988
 30
0.0
 11
-27.800000000000026
 21
-48.151012450414775
 31
0.0
  0
TEXT
  5
B04
330
17
100
AcDbEntity
  8
ENGRAVE_TEXT
100
AcDbText
 10
-26.850000000000026
 20
-46.505564183224344
 30
0.0
 40
3.2
  1
240°
 50
-150.0
 72
1
 11
-26.850000000000026
 21
-46.505564183224344
 31
0.0
100
AcDbText
 73
2
  0
LINE
  5
B05
330
17
100
AcDbEntity
  8
ENGRAVE_COMPASS
100
AcDbLine
 10
-26.853773391352952
 20
-50.504602311530626
 30
0.0
 11
-26.431248984845652
 21
-49.70994947795759
 31
0.0
  0
LINE
  5
B06
330
17
100
AcDbEntity
  8
ENGRAVE_COMPASS
100
AcDbLine
 10
-25.07482959633525
 20
-51.411019448312345
 30
0.0
 11
-24.68029556422508
 21
-50.6021048066431
 31
0.0
  0
LINE
  5
B07
330
17
100
AcDbEntity
  8
ENGRAVE_COMPASS
100
AcDbLine
 10
-23.265335983935767
 20
-52.25480017715678
 30
0.0
 11
-22.899273005167547
 21
-51.43260926527844
 31
0.0
  0
LINE
  5
B08
330
17
100
AcDbEntity
  8
ENGRAVE_COMPASS
100
AcDbLine
 10
-21.427497143390184
 20
-53.034916481220236
 30
0.0
 11
-21.090351209315862
 21
-52.20045101211013
 31
0.0
  0
LINE
  5
B09
330
17
100
AcDbEntity
  8
ENGRAVE_COMPASS
100
AcDbLine
 10
-19.56355219822824
 20
-53.75041790895396
 30
0.0
 11
-19.016319968907172
 21
-52.24690971569651
 31
0.0
  0
LINE
  5
B0A
330
17
100
AcDbEntity
  8
ENGRAVE_COMPASS
100
AcDbLine
 10
-17.675772078247
 20
-54.400432732082784
 30
0.0
 11
-17.39765678330955
 21
-53.54448186741715
 31
0.0
  0
LINE
  5
B0B
330
17
100
AcDbEntity
  8
ENGRAVE_COMPASS
100
AcDbLine
 10
-15.766456752732337
 20
-54.98416900767185
 30
0.0
 11
-15.51838313249704
 21
-54.119033481327364
 31
0.0
  0
LINE
  5
B0C
330
17
100
AcDbEntity
  8
ENGRAVE_COMPASS
100
AcDbLine
 10
-13.837932428300999
 20
-55.500915542987
 30
0.0
 11
-13.620202722261297
 21
-54.62764938933861
 31
0.0
  0
LINE
  5
B0D
330
17
100
AcDbEntity
  8
ENGRAVE_COMPASS
100
AcDbLine
 10
-11.89254871477586
 20
-55.950042761973684
 30
0.0
 11
-11.705428193039877
 21
-55.06970992131326
 31
0.0
  0
LINE
  5
B0E
330
17
100
AcDbEntity
  8
ENGRAVE_COMPASS
100
AcDbLine
 10
-9.932675762548415
 20
-56.3310034722983
 30
0.0
 11
-9.654838678281326
 21
-54.755311067478765
 31
0.0
  0
LINE
  5
B0F
330
17
100
AcDbEntity
  8
ENGRAVE_COMPASS
100
AcDbLine
 10
-7.960701374915765
 20
-56.64333353201782
 30
0.0
 11
-7.8354455840517065
 21
-55.752092270150406
 31
0.0
  0
LINE
  5
B10
330
17
100
AcDbEntity
  8
ENGRAVE_COMPASS
100
AcDbLine
 10
-5.979028098909772
 20
-56.88665241506524
 30
0.0
 11
-5.8849524819688845
 21
-55.991582709233796
 31
0.0
  0
LINE
  5
B11
330
17
100
AcDbEntity
  8
ENGRAVE_COMPASS
100
AcDbLine
 10
-3.9900702981639835
 20
-57.06066367486195
 30
0.0
 11
-3.9272894717942703
 21
-56.16285602962811
 31
0.0
  0
LINE
  5
B12
330
17
100
AcDbEntity
  8
ENGRAVE_COMPASS
100
AcDbLine
 10
-1.9962512113830437
 20
-57.16515530549228
 30
0.0
 11
-1.964841664350793
 21
-56.265703561175094
 31
0.0
  0
LINE
  5
B13
330
17
100
AcDbEntity
  8
ENGRAVE_COMPASS
100
AcDbLine
 10
-1.050746953668429e-14
 20
-57.2
 30
0.0
 11
-1.0213554304888925e-14
 21
-55.6
 31
0.0
  0
TEXT
  5
B14
330
17
100
AcDbEntity
  8
ENGRAVE_TEXT
100
AcDbText
 10
-9.86452996713193e-15
 20
-53.7
 30
0.0
 40
3.2
  1
270°
 50
-180.0
 72
1
 11
-9.86452996713193e-15
 21
-53.7
 31
0.0
100
AcDbText
 73
2
  0
LINE
  5
B15
330
17
100
AcDbEntity
  8
ENGRAVE_COMPASS
100
AcDbLine
 10
1.9962512113830735
 20
-57.16515530549228
 30
0.0
 11
1.9648416643508222
 21
-56.265703561175094
 31
0.0
  0
LINE
  5
B16
330
17
100
AcDbEntity
  8
ENGRAVE_COMPASS
100
AcDbLine
 10
3.9900702981639626
 20
-57.06066367486196
 30
0.0
 11
3.92728947179425
 21
-56.16285602962811
 31
0.0
  0
LINE
  5
B17
330
17
100
AcDbEntity
  8
ENGRAVE_COMPASS
100
AcDbLine
 10
5.979028098909751
 20
-56.88665241506524
 30
0.0
 11
5.884952481968863
 21
-55.991582709233796
 31
0.0
  0
LINE
  5
B18
330
17
100
AcDbEntity
  8
ENGRAVE_COMPASS
100
AcDbLine
 10
7.960701374915745
 20
-56.64333353201783
 30
0.0
 11
7.835445584051686
 21
-55.75209227015041
 31
0.0
  0
LINE
  5
B19
330
17
100
AcDbEntity
  8
ENGRAVE_COMPASS
100
AcDbLine
 10
9.932675762548396
 20
-56.331003472298306
 30
0.0
 11
9.654838678281306
 21
-54.75531106747877
 31
0.0
  0
LINE
  5
B1A
330
17
100
AcDbEntity
  8
ENGRAVE_COMPASS
100
AcDbLine
 10
11.89254871477584
 20
-55.950042761973684
 30
0.0
 11
11.705428193039857
 21
-55.06970992131326
 31
0.0
  0
LINE
  5
B1B
330
17
100
AcDbEntity
  8
ENGRAVE_COMPASS
100
AcDbLine
 10
13.837932428300979
 20
-55.50091554298701
 30
0.0
 11
13.62020272226128
 21
-54.627649389338615
 31
0.0
  0
LINE
  5
B1C
330
17
100
AcDbEntity
  8
ENGRAVE_COMPASS
100
AcDbLine
 10
15.766456752732365
 20
-54.98416900767184
 30
0.0
 11
15.518383132497066
 21
-54.11903348132735
 31
0.0
  0
LINE
  5
B1D
330
17
100
AcDbEntity
  8
ENGRAVE_COMPASS
100
AcDbLine
 10
17.675772078246982
 20
-54.40043273208279
 30
0.0
 11
17.39765678330953
 21
-53.544481867417154
 31
0.0
  0
LINE
  5
B1E
330
17
100
AcDbEntity
  8
ENGRAVE_COMPASS
100
AcDbLine
 10
19.56355219822827
 20
-53.750417908953956
 30
0.0
 11
19.016319968907197
 21
-52.2469097156965
 31
0.0
  0
LINE
  5
B1F
330
17
100
AcDbEntity
  8
ENGRAVE_COMPASS
100
AcDbLine
 10
21.427497143390166
 20
-53.03491648122024
 30
0.0
 11
21.090351209315845
 21
-52.200451012110136
 31
0.0
  0
LINE
  5
B20
330
17
100
AcDbEntity
  8
ENGRAVE_COMPASS
100
AcDbLine
 10
23.26533598393575
 20
-52.25480017715679
 30
0.0
 11
22.89927300516753
 21
-51.432609265278444
 31
0.0
  0
LINE
  5
B21
330
17
100
AcDbEntity
  8
ENGRAVE_COMPASS
100
AcDbLine
 10
25.074829596335228
 20
-51.41101944831236
 30
0.0
 11
24.68029556422506
 21
-50.602104806643105
 31
0.0
  0
LINE
  5
B22
330
17
100
AcDbEntity
  8
ENGRAVE_COMPASS
100
AcDbLine
 10
26.853773391352934
 20
-50.50460231153063
 30
0.0
 11
26.43124898484563
 21
-49.7099494779576
 31
0.0
  0
LINE
  5
B23
330
17
100
AcDbEntity
  8
ENGRAVE_COMPASS
100
AcDbLine
 10
28.60000000000001
 20
-49.53665309646989
 30
0.0
 11
27.800000000000008
 21
-48.15101245041479
 31
0.0
  0
TEXT
  5
B24
330
17
100
AcDbEntity
  8
ENGRAVE_TEXT
100
AcDbText
 10
26.85000000000001
 20
-46.50556418322436
 30
0.0
 40
3.2
  1
300°
 50
-210.0
 72
1
 11
26.85000000000001
 21
-46.50556418322436
 31
0.0
100
AcDbText
 73
2
  0
LINE
  5
B25
330
17
100
AcDbEntity
  8
ENGRAVE_COMPASS
100
AcDbLine
 10
30.31138191413931
 20
-48.50835110014758
 30
0.0
 11
29.834454576329424
 21
-47.7451078136068
 31
0.0
  0
LINE
  5
B26
330
17
100
AcDbEntity
  8
ENGRAVE_COMPASS
100
AcDbLine
 10
31.985834078526732
 20
-47.42094915014838
 30
0.0
 11
31.482560465403058
 21
-46.674815334848844
 31
0.0
  0
LINE
  5
B27
330
17
100
AcDbEntity
  8
ENGRAVE_COMPASS
100
AcDbLine
 10
33.62131643112945
 20
-46.275772078247
 30
0.0
 11
33.092309704066224
 21
-45.54765678330955
 31
0.0
  0
LINE
  5
B28
330
17
100
AcDbEntity
  8
ENGRAVE_COMPASS
100
AcDbLine
 10
35.21583638862767
 20
-45.074215106304486
 30
0.0
 11
34.66174106083458
 21
-44.36500542805844
 31
0.0
  0
LINE
  5
B29
330
17
100
AcDbEntity
  8
ENGRAVE_COMPASS
100
AcDbLine
 10
36.76745127407005
 20
-43.81774214640555
 30
0.0
 11
35.73899109857158
 21
-42.59207103741519
 31
0.0
  0
LINE
  5
B2A
330
17
100
AcDbEntity
  8
ENGRAVE_COMPASS
100
AcDbLine
 10
38.27427068372667
 20
-42.50788401730697
 30
0.0
 11
37.6720531380037
 21
-41.83905367437732
 31
0.0
  0
LINE
  5
B2B
330
17
100
AcDbEntity
  8
ENGRAVE_COMPASS
100
AcDbLine
 10
39.73445879025464
 20
-41.14623657937085
 30
0.0
 11
39.10926625684155
 21
-40.49883075906607
 31
0.0
  0
LINE
  5
B2C
330
17
100
AcDbEntity
  8
ENGRAVE_COMPASS
100
AcDbLine
 10
41.14623657937083
 20
-39.73445879025466
 30
0.0
 11
40.498830759066045
 21
-39.109266256841565
 31
0.0
  0
LINE
  5
B2D
330
17
100
AcDbEntity
  8
ENGRAVE_COMPASS
100
AcDbLine
 10
42.50788401730695
 20
-38.274270683726684
 30
0.0
 11
41.8390536743773
 21
-37.67205313800372
 31
0.0
  0
LINE
  5
B2E
330
17
100
AcDbEntity
  8
ENGRAVE_COMPASS
100
AcDbLine
 10
43.81774214640553
 20
-36.76745127407007
 30
0.0
 11
42.59207103741517
 21
-35.7389910985716
 31
0.0
  0
LINE
  5
B2F
330
17
100
AcDbEntity
  8
ENGRAVE_COMPASS
100
AcDbLine
 10
45.0742151063045
 20
-35.21583638862765
 30
0.0
 11
44.36500542805845
 21
-34.66174106083456
 31
0.0
  0
LINE
  5
B30
330
17
100
AcDbEntity
  8
ENGRAVE_COMPASS
100
AcDbLine
 10
46.27577207824699
 20
-33.62131643112948
 30
0.0
 11
45.54765678330954
 21
-33.09230970406625
 31
0.0
  0
LINE
  5
B31
330
17
100
AcDbEntity
  8
ENGRAVE_COMPASS
100
AcDbLine
 10
47.420949150148395
 20
-31.985834078526704
 30
0.0
 11
46.67481533484886
 21
-31.482560465403033
 31
0.0
  0
LINE
  5
B32
330
17
100
AcDbEntity
  8
ENGRAVE_COMPASS
100
AcDbLine
 10
48.508351100147564
 20
-30.31138191413933
 30
0.0
 11
47.745107813606786
 21
-29.834454576329446
 31
0.0
  0
LINE
  5
B33
330
17
100
AcDbEntity
  8
ENGRAVE_COMPASS
100
AcDbLine
 10
49.53665309646988
 20
-28.600000000000026
 30
0.0
 11
48.151012450414775
 21
-27.800000000000026
 31
0.0
  0
TEXT
  5
B34
330
17
100
AcDbEntity
  8
ENGRAVE_TEXT
100
AcDbText
 10
46.505564183224344
 20
-26.850000000000026
 30
0.0
 40
3.2
  1
330°
 50
-240.0
 72
1
 11
46.505564183224344
 21
-26.850000000000026
 31
0.0
100
AcDbText
 73
2
  0
LINE
  5
B35
330
17
100
AcDbEntity
  8
ENGRAVE_COMPASS
100
AcDbLine
 10
50.50460231153062
 20
-26.853773391352956
 30
0.0
 11
49.709949477957586
 21
-26.431248984845656
 31
0.0
  0
LINE
  5
B36
330
17
100
AcDbEntity
  8
ENGRAVE_COMPASS
100
AcDbLine
 10
51.411019448312345
 20
-25.074829596335253
 30
0.0
 11
50.6021048066431
 21
-24.68029556422508
 31
0.0
  0
LINE
  5
B37
330
17
100
AcDbEntity
  8
ENGRAVE_COMPASS
100
AcDbLine
 10
52.25480017715678
 20
-23.26533598393577
 30
0.0
 11
51.43260926527844
 21
-22.89927300516755
 31
0.0
  0
LINE
  5
B38
330
17
100
AcDbEntity
  8
ENGRAVE_COMPASS
100
AcDbLine
 10
53.034916481220236
 20
-21.427497143390188
 30
0.0
 11
52.20045101211013
 21
-21.090351209315866
 31
0.0
  0
LINE
  5
B39
330
17
100
AcDbEntity
  8
ENGRAVE_COMPASS
100
AcDbLine
 10
53.75041790895396
 20
-19.563552198228244
 30
0.0
 11
52.24690971569651
 21
-19.016319968907176
 31
0.0
  0
LINE
  5
B3A
330
17
100
AcDbEntity
  8
ENGRAVE_COMPASS
100
AcDbLine
 10
54.400432732082784
 20
-17.675772078247004
 30
0.0
 11
53.54448186741715
 21
-17.397656783309554
 31
0.0
  0
LINE
  5
B3B
330
17
100
AcDbEntity
  8
ENGRAVE_COMPASS
100
AcDbLine
 10
54.984169007671845
 20
-15.76645675273234
 30
0.0
 11
54.11903348132736
 21
-15.518383132497041
 31
0.0
  0
LINE
  5
B3C
330
17
100
AcDbEntity
  8
ENGRAVE_COMPASS
100
AcDbLine
 10
55.500915542987
 20
-13.837932428301002
 30
0.0
 11
54.62764938933861
 21
-13.620202722261302
 31
0.0
  0
LINE
  5
B3D
330
17
100
AcDbEntity
  8
ENGRAVE_COMPASS
100
AcDbLine
 10
55.950042761973684
 20
-11.892548714775865
 30
0.0
 11
55.06970992131326
 21
-11.705428193039882
 31
0.0
  0
LINE
  5
B3E
330
17
100
AcDbEntity
  8
ENGRAVE_COMPASS
100
AcDbLine
 10
56.3310034722983
 20
-9.932675762548419
 30
0.0
 11
54.755311067478765
 21
-9.65483867828133
 31
0.0
  0
LINE
  5
B3F
330
17
100
AcDbEntity
  8
ENGRAVE_COMPASS
100
AcDbLine
 10
56.64333353201782
 20
-7.960701374915769
 30
0.0
 11
55.752092270150406
 21
-7.83544558405171
 31
0.0
  0
LINE
  5
B40
330
17
100
AcDbEntity
  8
ENGRAVE_COMPASS
100
AcDbLine
 10
56.886652415065235
 20
-5.979028098909776
 30
0.0
 11
55.99158270923379
 21
-5.884952481968888
 31
0.0
  0
LINE
  5
B41
330
17
100
AcDbEntity
  8
ENGRAVE_COMPASS
100
AcDbLine
 10
57.06066367486195
 20
-3.9900702981639866
 30
0.0
 11
56.16285602962811
 21
-3.9272894717942735
 31
0.0
  0
LINE
  5
B42
330
17
100
AcDbEntity
  8
ENGRAVE_COMPASS
100
AcDbLine
 10
57.16515530549228
 20
-1.9962512113830473
 30
0.0
 11
56.265703561175094
 21
-1.9648416643507964
 31
0.0
  0
CIRCLE
  5
B43
330
17
100
AcDbEntity
  8
ENGRAVE_AWA
100
AcDbCircle
 10
0.0
 20
0.0
 30
0.0
 40
47.8
  0
LINE
  5
B44
330
17
100
AcDbEntity
  8
ENGRAVE_AWA
100
AcDbLine
 10
14.879100584478719
 20
45.42523930368407
 30
0.0
 11
15.122208033212422
 21
46.80397015790116
 31
0.0
  0
LINE
  5
B45
330
17
100
AcDbEntity
  8
ENGRAVE_AWA
100
AcDbLine
 10
-14.879100584478719
 20
45.42523930368407
 30
0.0
 11
-15.122208033212422
 21
46.80397015790116
 31
0.0
  0
LINE
  5
B46
330
17
100
AcDbEntity
  8
ENGRAVE_AWA
100
AcDbLine
 10
17.717345003930017
 20
44.39522143217349
 30
0.0
 11
17.862883187502447
 21
45.079924752687155
 31
0.0
  0
LINE
  5
B47
330
17
100
AcDbEntity
  8
ENGRAVE_AWA
100
AcDbLine
 10
-17.717345003930017
 20
44.39522143217349
 30
0.0
 11
-17.862883187502447
 21
45.079924752687155
 31
0.0
  0
LINE
  5
B48
330
17
100
AcDbEntity
  8
ENGRAVE_AWA
100
AcDbLine
 10
20.481767594096706
 20
43.18954961818206
 30
0.0
 11
20.651112921016473
 21
43.86875662657526
 31
0.0
  0
LINE
  5
B49
330
17
100
AcDbEntity
  8
ENGRAVE_AWA
100
AcDbLine
 10
-20.481767594096706
 20
43.18954961818206
 30
0.0
 11
-20.651112921016473
 21
43.86875662657526
 31
0.0
  0
LINE
  5
B4A
330
17
100
AcDbEntity
  8
ENGRAVE_AWA
100
AcDbLine
 10
23.161073565529705
 20
41.81392915395681
 30
0.0
 11
23.354019714601606
 21
42.486812341113634
 31
0.0
  0
LINE
  5
B4B
330
17
100
AcDbEntity
  8
ENGRAVE_AWA
100
AcDbLine
 10
-23.161073565529705
 20
41.81392915395681
 30
0.0
 11
-23.354019714601606
 21
42.486812341113634
 31
0.0
  0
LINE
  5
B4C
330
17
100
AcDbEntity
  8
ENGRAVE_AWA
100
AcDbLine
 10
25.74442587018082
 20
40.274862341350875
 30
0.0
 11
25.960737766243284
 21
40.940601902757486
 31
0.0
  0
LINE
  5
B4D
330
17
100
AcDbEntity
  8
ENGRAVE_AWA
100
AcDbLine
 10
-25.74442587018082
 20
40.274862341350875
 30
0.0
 11
-25.960737766243284
 21
40.940601902757486
 31
0.0
  0
LINE
  5
B4E
330
17
100
AcDbEntity
  8
ENGRAVE_AWA
100
AcDbLine
 10
28.221505031660854
 20
38.57961448417988
 30
0.0
 11
28.70033323231679
 21
39.89518415328015
 31
0.0
  0
TEXT
  5
B4F
330
17
100
AcDbEntity
  8
ENGRAVE_TEXT
100
AcDbText
 10
29.281767475970426
 20
41.492661608616196
 30
0.0
 40
2.8
  1
20°
 50
19.999999999999986
 72
1
 11
29.281767475970426
 21
41.492661608616196
 31
0.0
100
AcDbText
 73
2
  0
LINE
  5
B50
330
17
100
AcDbEntity
  8
ENGRAVE_AWA
100
AcDbLine
 10
-28.221505031660854
 20
38.57961448417988
 30
0.0
 11
-28.70033323231679
 21
39.89518415328015
 31
0.0
  0
LINE
  5
B51
330
17
100
AcDbEntity
  8
ENGRAVE_AWA
100
AcDbLine
 10
30.58256681266326
 20
36.73617572841501
 30
0.0
 11
30.844791428054396
 21
37.385204426611764
 31
0.0
  0
LINE
  5
B52
330
17
100
AcDbEntity
  8
ENGRAVE_AWA
100
AcDbLine
 10
-30.58256681266326
 20
36.73617572841501
 30
0.0
 11
-30.844791428054396
 21
37.385204426611764
 31
0.0
  0
LINE
  5
B53
330
17
100
AcDbEntity
  8
ENGRAVE_AWA
100
AcDbLine
 10
32.81849748567101
 20
34.7532188837668
 30
0.0
 11
33.10321313582407
 21
35.39270070411662
 31
0.0
  0
LINE
  5
B54
330
17
100
AcDbEntity
  8
ENGRAVE_AWA
100
AcDbLine
 10
-32.81849748567101
 20
34.7532188837668
 30
0.0
 11
-33.10321313582407
 21
35.39270070411662
 31
0.0
  0
LINE
  5
B55
330
17
100
AcDbEntity
  8
ENGRAVE_AWA
100
AcDbLine
 10
34.92086648402136
 20
32.64005337013335
 30
0.0
 11
35.227726286773716
 21
33.26920920254277
 31
0.0
  0
LINE
  5
B56
330
17
100
AcDbEntity
  8
ENGRAVE_AWA
100
AcDbLine
 10
-34.92086648402136
 20
32.64005337013335
 30
0.0
 11
-35.227726286773716
 21
33.26920920254277
 31
0.0
  0
LINE
  5
B57
330
17
100
AcDbEntity
  8
ENGRAVE_AWA
100
AcDbLine
 10
36.881976221312726
 20
30.406575440363603
 30
0.0
 11
37.21060631526285
 21
31.02463875536485
 31
0.0
  0
LINE
  5
B58
330
17
100
AcDbEntity
  8
ENGRAVE_AWA
100
AcDbLine
 10
-36.881976221312726
 20
30.406575440363603
 30
0.0
 11
-37.21060631526285
 21
31.02463875536485
 31
0.0
  0
LINE
  5
B59
330
17
100
AcDbEntity
  8
ENGRAVE_AWA
100
AcDbLine
 10
38.694908877435196
 20
28.063214836632433
 30
0.0
 11
39.3949088774352
 21
29.275650401930648
 31
0.0
  0
LINE
  5
B5A
330
17
100
AcDbEntity
  8
ENGRAVE_AWA
100
AcDbLine
 10
-38.694908877435196
 20
28.063214836632433
 30
0.0
 11
-39.3949088774352
 21
29.275650401930648
 31
0.0
  0
LINE
  5
B5B
330
17
100
AcDbEntity
  8
ENGRAVE_AWA
100
AcDbLine
 10
40.353569958474495
 20
25.62087804128702
 30
0.0
 11
40.724513443437736
 21
26.21451170859652
 31
0.0
  0
LINE
  5
B5C
330
17
100
AcDbEntity
  8
ENGRAVE_AWA
100
AcDbLine
 10
-40.353569958474495
 20
25.62087804128702
 30
0.0
 11
-40.724513443437736
 21
26.21451170859652
 31
0.0
  0
LINE
  5
B5D
330
17
100
AcDbEntity
  8
ENGRAVE_AWA
100
AcDbLine
 10
41.85272844447006
 20
23.0908882842009
 30
0.0
 11
42.24416347689958
 21
23.67121458498943
 31
0.0
  0
LINE
  5
B5E
330
17
100
AcDbEntity
  8
ENGRAVE_AWA
100
AcDbLine
 10
-41.85272844447006
 20
23.0908882842009
 30
0.0
 11
-42.24416347689958
 21
23.67121458498943
 31
0.0
  0
LINE
  5
B5F
330
17
100
AcDbEntity
  8
ENGRAVE_AWA
100
AcDbLine
 10
43.18805334236434
 20
20.484922467441578
 30
0.0
 11
43.599503018969074
 21
21.05123436350404
 31
0.0
  0
LINE
  5
B60
330
17
100
AcDbEntity
  8
ENGRAVE_AWA
100
AcDbLine
 10
-43.18805334236434
 20
20.484922467441578
 30
0.0
 11
-43.599503018969074
 21
21.05123436350404
 31
0.0
  0
LINE
  5
B61
330
17
100
AcDbEntity
  8
ENGRAVE_AWA
100
AcDbLine
 10
44.3561464600432
 20
17.814945164529604
 30
0.0
 11
44.78710949277116
 21
18.36655269205431
 31
0.0
  0
LINE
  5
B62
330
17
100
AcDbEntity
  8
ENGRAVE_AWA
100
AcDbLine
 10
-44.3561464600432
 20
17.814945164529604
 30
0.0
 11
-44.78710949277116
 21
18.36655269205431
 31
0.0
  0
LINE
  5
B63
330
17
100
AcDbEntity
  8
ENGRAVE_AWA
100
AcDbLine
 10
45.354571209395054
 20
15.093139846033147
 30
0.0
 11
46.25447386295621
 21
16.165602066399714
 31
0.0
  0
TEXT
  5
B64
330
17
100
AcDbEntity
  8
ENGRAVE_TEXT
100
AcDbText
 10
47.347212799423325
 20
17.46787761970198
 30
0.0
 40
2.8
  1
40°
 50
39.99999999999999
 72
1
 11
47.347212799423325
 21
17.46787761970198
 31
0.0
100
AcDbText
 73
2
  0
LINE
  5
B65
330
17
100
AcDbEntity
  8
ENGRAVE_AWA
100
AcDbLine
 10
-45.354571209395054
 20
15.093139846033147
 30
0.0
 11
-46.25447386295621
 21
16.165602066399714
 31
0.0
  0
LINE
  5
B66
330
17
100
AcDbEntity
  8
ENGRAVE_AWA
100
AcDbLine
 10
46.18187722969675
 20
12.331837476273215
 30
0.0
 11
46.65026865414795
 21
12.852038854107391
 31
0.0
  0
LINE
  5
B67
330
17
100
AcDbEntity
  8
ENGRAVE_AWA
100
AcDbLine
 10
-46.18187722969675
 20
12.331837476273215
 30
0.0
 11
-46.65026865414795
 21
12.852038854107391
 31
0.0
  0
LINE
  5
B68
330
17
100
AcDbEntity
  8
ENGRAVE_AWA
100
AcDbLine
 10
46.83762059485999
 20
9.543442618465683
 30
0.0
 11
47.32388145418129
 21
10.04698047870274
 31
0.0
  0
LINE
  5
B69
330
17
100
AcDbEntity
  8
ENGRAVE_AWA
100
AcDbLine
 10
-46.83762059485999
 20
9.543442618465683
 30
0.0
 11
-47.32388145418129
 21
10.04698047870274
 31
0.0
  0
LINE
  5
B6A
330
17
100
AcDbEntity
  8
ENGRAVE_AWA
100
AcDbLine
 10
47.32237932624504
 20
6.740357179183846
 30
0.0
 11
47.825917186482094
 21
7.226618038505144
 31
0.0
  0
LINE
  5
B6B
330
17
100
AcDbEntity
  8
ENGRAVE_AWA
100
AcDbLine
 10
-47.32237932624504
 20
6.740357179183846
 30
0.0
 11
-47.825917186482094
 21
7.226618038505144
 31
0.0
  0
LINE
  5
B6C
330
17
100
AcDbEntity
  8
ENGRAVE_AWA
100
AcDbLine
 10
47.637763873648716
 20
3.9349019198055046
 30
0.0
 11
48.15796525148289
 21
4.4032933442567055
 31
0.0
  0
LINE
  5
B6D
330
17
100
AcDbEntity
  8
ENGRAVE_AWA
100
AcDbLine
 10
-47.637763873648716
 20
3.9349019198055046
 30
0.0
 11
-48.15796525148289
 21
4.4032933442567055
 31
0.0
  0
LINE
  5
B6E
330
17
100
AcDbEntity
  8
ENGRAVE_AWA
100
AcDbLine
 10
47.78642214732287
 20
1.1392358657670911
 30
0.0
 11
48.858884367689434
 21
2.039138519328246
 31
0.0
  0
LINE
  5
B6F
330
17
100
AcDbEntity
  8
ENGRAVE_AWA
100
AcDbLine
 10
-47.78642214732287
 20
1.1392358657670911
 30
0.0
 11
-48.858884367689434
 21
2.0391385193282465
 31
0.0
  0
LINE
  5
B70
330
17
100
AcDbEntity
  8
ENGRAVE_AWA
100
AcDbLine
 10
47.7720385802708
 20
-1.634726241643385
 30
0.0
 11
48.323646107795504
 21
-1.2037632089154242
 31
0.0
  0
LINE
  5
B71
330
17
100
AcDbEntity
  8
ENGRAVE_AWA
100
AcDbLine
 10
-47.7720385802708
 20
-1.634726241643385
 30
0.0
 11
-48.323646107795504
 21
-1.203763208915424
 31
0.0
  0
LINE
  5
B72
330
17
100
AcDbEntity
  8
ENGRAVE_AWA
100
AcDbLine
 10
47.59932657011826
 20
-4.375398275726873
 30
0.0
 11
48.165638466180724
 21
-3.963948599122142
 31
0.0
  0
LINE
  5
B73
330
17
100
AcDbEntity
  8
ENGRAVE_AWA
100
AcDbLine
 10
-47.59932657011826
 20
-4.375398275726873
 30
0.0
 11
-48.165638466180724
 21
-3.963948599122142
 31
0.0
  0
LINE
  5
B74
330
17
100
AcDbEntity
  8
ENGRAVE_AWA
100
AcDbLine
 10
47.274013492686215
 20
-7.071608607192697
 30
0.0
 11
47.85433979347474
 21
-6.680173574763175
 31
0.0
  0
LINE
  5
B75
330
17
100
AcDbEntity
  8
ENGRAVE_AWA
100
AcDbLine
 10
-47.274013492686215
 20
-7.071608607192697
 30
0.0
 11
-47.85433979347474
 21
-6.680173574763175
 31
0.0
  0
LINE
  5
B76
330
17
100
AcDbEntity
  8
ENGRAVE_AWA
100
AcDbLine
 10
46.802817297029215
 20
-9.712687221408029
 30
0.0
 11
47.39645096433871
 21
-9.341743736444785
 31
0.0
  0
LINE
  5
B77
330
17
100
AcDbEntity
  8
ENGRAVE_AWA
100
AcDbLine
 10
-46.802817297029215
 20
-9.712687221408029
 30
0.0
 11
-47.39645096433871
 21
-9.341743736444785
 31
0.0
  0
LINE
  5
B78
330
17
100
AcDbEntity
  8
ENGRAVE_AWA
100
AcDbLine
 10
46.19341349086905
 20
-12.288553619592392
 30
0.0
 11
47.40584905616726
 21
-11.588553619592393
 31
0.0
  0
TEXT
  5
B79
330
17
100
AcDbEntity
  8
ENGRAVE_TEXT
100
AcDbText
 10
48.87809224260081
 20
-10.738553619592391
 30
0.0
 40
2.8
  1
60°
 50
59.999999999999986
 72
1
 11
48.87809224260081
 21
-10.738553619592391
 31
0.0
100
AcDbText
 73
2
  0
LINE
  5
B7A
330
17
100
AcDbEntity
  8
ENGRAVE_AWA
100
AcDbLine
 10
-46.19341349086905
 20
-12.288553619592392
 30
0.0
 11
-47.40584905616726
 21
-11.588553619592393
 31
0.0
  0
LINE
  5
B7B
330
17
100
AcDbEntity
  8
ENGRAVE_AWA
100
AcDbLine
 10
45.45439111977451
 20
-14.789804864519457
 30
0.0
 11
46.072454434775764
 21
-14.461174770569334
 31
0.0
  0
LINE
  5
B7C
330
17
100
AcDbEntity
  8
ENGRAVE_AWA
100
AcDbLine
 10
-45.45439111977451
 20
-14.789804864519457
 30
0.0
 11
-46.072454434775764
 21
-14.461174770569334
 31
0.0
  0
LINE
  5
B7D
330
17
100
AcDbEntity
  8
ENGRAVE_AWA
100
AcDbLine
 10
44.595196156524715
 20
-17.20780287430918
 30
0.0
 11
45.22435198893413
 21
-16.900943071556828
 31
0.0
  0
LINE
  5
B7E
330
17
100
AcDbEntity
  8
ENGRAVE_AWA
100
AcDbLine
 10
-44.595196156524715
 20
-17.20780287430918
 30
0.0
 11
-45.22435198893413
 21
-16.900943071556828
 31
0.0
  0
LINE
  5
B7F
330
17
100
AcDbEntity
  8
ENGRAVE_AWA
100
AcDbLine
 10
43.62606058461869
 20
-19.534759734053004
 30
0.0
 11
44.265542404968514
 21
-19.250044083899944
 31
0.0
  0
LINE
  5
B80
330
17
100
AcDbEntity
  8
ENGRAVE_AWA
100
AcDbLine
 10
-43.62606058461869
 20
-19.534759734053004
 30
0.0
 11
-44.265542404968514
 21
-19.250044083899944
 31
0.0
  0
LINE
  5
B81
330
17
100
AcDbEntity
  8
ENGRAVE_AWA
100
AcDbLine
 10
42.55791543190283
 20
-21.763819381969864
 30
0.0
 11
43.20694413009958
 21
-21.501594766578727
 31
0.0
  0
LINE
  5
B82
330
17
100
AcDbEntity
  8
ENGRAVE_AWA
100
AcDbLine
 10
-42.55791543190283
 20
-21.763819381969864
 30
0.0
 11
-43.20694413009958
 21
-21.501594766578727
 31
0.0
  0
LINE
  5
B83
330
17
100
AcDbEntity
  8
ENGRAVE_AWA
100
AcDbLine
 10
41.40228615095906
 20
-23.889133543812417
 30
0.0
 11
42.71785582005933
 21
-23.41030534315648
 31
0.0
  0
LINE
  5
B84
330
17
100
AcDbEntity
  8
ENGRAVE_AWA
100
AcDbLine
 10
-41.40228615095906
 20
-23.889133543812417
 30
0.0
 11
-42.71785582005933
 21
-23.41030534315648
 31
0.0
  0
LINE
  5
B85
330
17
100
AcDbEntity
  8
ENGRAVE_AWA
100
AcDbLine
 10
40.1711691266304
 20
-25.90592926338788
 30
0.0
 11
40.83690868803701
 21
-25.689617367325415
 31
0.0
  0
LINE
  5
B86
330
17
100
AcDbEntity
  8
ENGRAVE_AWA
100
AcDbLine
 10
-40.1711691266304
 20
-25.90592926338788
 30
0.0
 11
-40.83690868803701
 21
-25.689617367325415
 31
0.0
  0
LINE
  5
B87
330
17
100
AcDbEntity
  8
ENGRAVE_AWA
100
AcDbLine
 10
38.87688879274702
 20
-27.810564859354816
 30
0.0
 11
39.54977197990384
 21
-27.617618710282915
 31
0.0
  0
LINE
  5
B88
330
17
100
AcDbEntity
  8
ENGRAVE_AWA
100
AcDbLine
 10
-38.87688879274702
 20
-27.810564859354816
 30
0.0
 11
-39.54977197990384
 21
-27.617618710282915
 31
0.0
  0
LINE
  5
B89
330
17
100
AcDbEntity
  8
ENGRAVE_AWA
100
AcDbLine
 10
37.53193591807084
 20
-29.600570708042497
 30
0.0
 11
38.21114292646404
 21
-29.43122538112273
 31
0.0
  0
LINE
  5
B8A
330
17
100
AcDbEntity
  8
ENGRAVE_AWA
100
AcDbLine
 10
-37.53193591807084
 20
-29.600570708042497
 30
0.0
 11
-38.21114292646404
 21
-29.43122538112273
 31
0.0
  0
LINE
  5
B8B
330
17
100
AcDbEntity
  8
ENGRAVE_AWA
100
AcDbLine
 10
36.1487890930239
 20
-31.274671015185373
 30
0.0
 11
36.83349241353756
 21
-31.129132831612942
 31
0.0
  0
LINE
  5
B8C
330
17
100
AcDbEntity
  8
ENGRAVE_AWA
100
AcDbLine
 10
-36.1487890930239
 20
-31.274671015185373
 30
0.0
 11
-36.83349241353756
 21
-31.129132831612942
 31
0.0
  0
LINE
  5
B8D
330
17
100
AcDbEntity
  8
ENGRAVE_AWA
100
AcDbLine
 10
34.73972326167386
 20
-32.83278281995476
 30
0.0
 11
36.11845411589095
 21
-32.589675371221055
 31
0.0
  0
TEXT
  5
B8E
330
17
100
AcDbEntity
  8
ENGRAVE_TEXT
100
AcDbText
 10
37.7926272960117
 20
-32.294473469187274
 30
0.0
 40
2.8
  1
80°
 50
80.0
 72
1
 11
37.7926272960117
 21
-32.294473469187274
 31
0.0
100
AcDbText
 73
2
  0
LINE
  5
B8F
330
17
100
AcDbEntity
  8
ENGRAVE_AWA
100
AcDbLine
 10
-34.73972326167386
 20
-32.83278281995476
 30
0.0
 11
-36.11845411589095
 21
-32.589675371221055
 31
0.0
  0
LINE
  5
B90
330
17
100
AcDbEntity
  8
ENGRAVE_AWA
100
AcDbLine
 10
33.31661115072314
 20
-34.2759889927557
 30
0.0
 11
34.00979879884224
 21
-34.17856782208366
 31
0.0
  0
LINE
  5
B91
330
17
100
AcDbEntity
  8
ENGRAVE_AWA
100
AcDbLine
 10
-33.31661115072314
 20
-34.2759889927557
 30
0.0
 11
-34.00979879884224
 21
-34.17856782208366
 31
0.0
  0
LINE
  5
B92
330
17
100
AcDbEntity
  8
ENGRAVE_AWA
100
AcDbLine
 10
31.89072539700723
 20
-35.6064830284132
 30
0.0
 11
32.58689072376502
 21
-35.533313104125845
 31
0.0
  0
LINE
  5
B93
330
17
100
AcDbEntity
  8
ENGRAVE_AWA
100
AcDbLine
 10
-31.89072539700723
 20
-35.6064830284132
 30
0.0
 11
-32.58689072376502
 21
-35.533313104125845
 31
0.0
  0
LINE
  5
B94
330
17
100
AcDbEntity
  8
ENGRAVE_AWA
100
AcDbLine
 10
30.47255072855967
 20
-36.82748500909826
 30
0.0
 11
31.170845563741548
 21
-36.77865547747737
 31
0.0
  0
LINE
  5
B95
330
17
100
AcDbEntity
  8
ENGRAVE_AWA
100
AcDbLine
 10
-30.47255072855967
 20
-36.82748500909826
 30
0.0
 11
-31.170845563741548
 21
-36.77865547747737
 31
0.0
  0
LINE
  5
B96
330
17
100
AcDbEntity
  8
ENGRAVE_AWA
100
AcDbLine
 10
29.071616340871977
 20
-37.943130120341216
 30
0.0
 11
29.771189919785343
 21
-37.91870047264946
 31
0.0
  0
LINE
  5
B97
330
17
100
AcDbEntity
  8
ENGRAVE_AWA
100
AcDbLine
 10
-29.071616340871977
 20
-37.943130120341216
 30
0.0
 11
-29.771189919785343
 21
-37.91870047264946
 31
0.0
  0
LINE
  5
B98
330
17
100
AcDbEntity
  8
ENGRAVE_AWA
100
AcDbLine
 10
27.69635831456707
 20
-38.958333333333336
 30
0.0
 11
29.09635831456707
 21
-38.958333333333336
 31
0.0
  0
LINE
  5
B99
330
17
100
AcDbEntity
  8
ENGRAVE_AWA
100
AcDbLine
 10
-27.69635831456707
 20
-38.958333333333336
 30
0.0
 11
-29.09635831456707
 21
-38.958333333333336
 31
0.0
  0
LINE
  5
B9A
330
17
100
AcDbEntity
  8
ENGRAVE_AWA
100
AcDbLine
 10
26.354020384590424
 20
-39.87863600436444
 30
0.0
 11
27.05359396350379
 21
-39.90306565205619
 31
0.0
  0
LINE
  5
B9B
330
17
100
AcDbEntity
  8
ENGRAVE_AWA
100
AcDbLine
 10
-26.354020384590424
 20
-39.87863600436444
 30
0.0
 11
-27.05359396350379
 21
-39.90306565205619
 31
0.0
  0
LINE
  5
B9C
330
17
100
AcDbEntity
  8
ENGRAVE_AWA
100
AcDbLine
 10
25.05059867032379
 20
-40.71004183562542
 30
0.0
 11
25.748893505505666
 21
-40.75887136724631
 31
0.0
  0
LINE
  5
B9D
330
17
100
AcDbEntity
  8
ENGRAVE_AWA
100
AcDbLine
 10
-25.05059867032379
 20
-40.71004183562542
 30
0.0
 11
-25.748893505505666
 21
-40.75887136724631
 31
0.0
  0
LINE
  5
B9E
330
17
100
AcDbEntity
  8
ENGRAVE_AWA
100
AcDbLine
 10
23.79083244223202
 20
-41.45885058350798
 30
0.0
 11
24.486997768989813
 21
-41.53202050779534
 31
0.0
  0
LINE
  5
B9F
330
17
100
AcDbEntity
  8
ENGRAVE_AWA
100
AcDbLine
 10
-23.79083244223202
 20
-41.45885058350798
 30
0.0
 11
-24.486997768989813
 21
-41.53202050779534
 31
0.0
  0
LINE
  5
BA0
330
17
100
AcDbEntity
  8
ENGRAVE_AWA
100
AcDbLine
 10
22.578239163685883
 20
-42.13149791150797
 30
0.0
 11
23.271426811804982
 21
-42.22891908218001
 31
0.0
  0
LINE
  5
BA1
330
17
100
AcDbEntity
  8
ENGRAVE_AWA
100
AcDbLine
 10
-22.578239163685883
 20
-42.13149791150797
 30
0.0
 11
-23.271426811804982
 21
-42.22891908218001
 31
0.0
  0
LINE
  5
BA2
330
17
100
AcDbEntity
  8
ENGRAVE_AWA
100
AcDbLine
 10
21.415188511278007
 20
-42.73440886482959
 30
0.0
 11
22.7939193654951
 21
-42.97751631356329
 31
0.0
  0
TEXT
  5
BA3
330
17
100
AcDbEntity
  8
ENGRAVE_TEXT
100
AcDbText
 10
24.468092545615853
 20
-43.272718215597074
 30
0.0
 40
2.8
  1
100°
 50
99.99999999999999
 72
1
 11
24.468092545615853
 21
-43.272718215597074
 31
0.0
100
AcDbText
 73
2
  0
LINE
  5
BA4
330
17
100
AcDbEntity
  8
ENGRAVE_AWA
100
AcDbLine
 10
-21.415188511278007
 20
-42.73440886482959
 30
0.0
 11
-22.7939193654951
 21
-42.97751631356329
 31
0.0
  0
LINE
  5
BA5
330
17
100
AcDbEntity
  8
ENGRAVE_AWA
100
AcDbLine
 10
20.303007373195847
 20
-43.27387077214095
 30
0.0
 11
20.98771069370951
 21
-43.419408955713386
 31
0.0
  0
LINE
  5
BA6
330
17
100
AcDbEntity
  8
ENGRAVE_AWA
100
AcDbLine
 10
-20.303007373195847
 20
-43.27387077214095
 30
0.0
 11
-20.98771069370951
 21
-43.419408955713386
 31
0.0
  0
LINE
  5
BA7
330
17
100
AcDbEntity
  8
ENGRAVE_AWA
100
AcDbLine
 10
19.24210628453718
 20
-43.75592926375321
 30
0.0
 11
19.92131329293038
 21
-43.92527459067298
 31
0.0
  0
LINE
  5
BA8
330
17
100
AcDbEntity
  8
ENGRAVE_AWA
100
AcDbLine
 10
-19.24210628453718
 20
-43.75592926375321
 30
0.0
 11
-19.92131329293038
 21
-43.92527459067298
 31
0.0
  0
LINE
  5
BA9
330
17
100
AcDbEntity
  8
ENGRAVE_AWA
100
AcDbLine
 10
18.23211745699508
 20
-44.18630888673928
 30
0.0
 11
18.905000644151905
 21
-44.379255035811184
 31
0.0
  0
LINE
  5
BAA
330
17
100
AcDbEntity
  8
ENGRAVE_AWA
100
AcDbLine
 10
-18.23211745699508
 20
-44.18630888673928
 30
0.0
 11
-18.905000644151905
 21
-44.379255035811184
 31
0.0
  0
LINE
  5
BAB
330
17
100
AcDbEntity
  8
ENGRAVE_AWA
100
AcDbLine
 10
17.272035339402795
 20
-44.57035780913611
 30
0.0
 11
17.9377749008094
 21
-44.78666970519858
 31
0.0
  0
LINE
  5
BAC
330
17
100
AcDbEntity
  8
ENGRAVE_AWA
100
AcDbLine
 10
-17.272035339402795
 20
-44.57035780913611
 30
0.0
 11
-17.9377749008094
 21
-44.78666970519858
 31
0.0
  0
LINE
  5
BAD
330
17
100
AcDbEntity
  8
ENGRAVE_AWA
100
AcDbLine
 10
16.360352190254286
 20
-44.91301455269777
 30
0.0
 11
17.675921859354556
 21
-45.3918427533537
 31
0.0
  0
LINE
  5
BAE
330
17
100
AcDbEntity
  8
ENGRAVE_AWA
100
AcDbLine
 10
-16.360352190254286
 20
-44.91301455269777
 30
0.0
 11
-17.675921859354556
 21
-45.39184275335371
 31
0.0
  0
LINE
  5
BAF
330
17
100
AcDbEntity
  8
ENGRAVE_AWA
100
AcDbLine
 10
15.495183082771057
 20
-45.218793672890094
 30
0.0
 11
16.144211780967808
 21
-45.481018288281234
 31
0.0
  0
LINE
  5
BB0
330
17
100
AcDbEntity
  8
ENGRAVE_AWA
100
AcDbLine
 10
-15.495183082771057
 20
-45.218793672890094
 30
0.0
 11
-16.144211780967808
 21
-45.481018288281234
 31
0.0
  0
LINE
  5
BB1
330
17
100
AcDbEntity
  8
ENGRAVE_AWA
100
AcDbLine
 10
14.674376758728544
 20
-45.491786805344184
 30
0.0
 11
15.313858579078364
 21
-45.776502455497244
 31
0.0
  0
LINE
  5
BB2
330
17
100
AcDbEntity
  8
ENGRAVE_AWA
100
AcDbLine
 10
-14.674376758728544
 20
-45.491786805344184
 30
0.0
 11
-15.313858579078364
 21
-45.776502455497244
 31
0.0
  0
LINE
  5
BB3
330
17
100
AcDbEntity
  8
ENGRAVE_AWA
100
AcDbLine
 10
13.895610547262828
 20
-45.73567543525292
 30
0.0
 11
14.524766379672245
 21
-46.04253523800528
 31
0.0
  0
LINE
  5
BB4
330
17
100
AcDbEntity
  8
ENGRAVE_AWA
100
AcDbLine
 10
-13.895610547262828
 20
-45.73567543525292
 30
0.0
 11
-14.524766379672245
 21
-46.04253523800528
 31
0.0
  0
LINE
  5
BB5
330
17
100
AcDbEntity
  8
ENGRAVE_AWA
100
AcDbLine
 10
13.15646902231767
 20
-45.953751999861716
 30
0.0
 11
13.77453233731892
 21
-46.28238209381184
 31
0.0
  0
LINE
  5
BB6
330
17
100
AcDbEntity
  8
ENGRAVE_AWA
100
AcDbLine
 10
-13.15646902231767
 20
-45.953751999861716
 30
0.0
 11
-13.77453233731892
 21
-46.28238209381184
 31
0.0
  0
LINE
  5
BB7
330
17
100
AcDbEntity
  8
ENGRAVE_AWA
100
AcDbLine
 10
12.454507135100291
 20
-46.1489463804076
 30
0.0
 11
13.666942700398506
 21
-46.848946380407604
 31
0.0
  0
TEXT
  5
BB8
330
17
100
AcDbEntity
  8
ENGRAVE_TEXT
100
AcDbText
 10
15.13918588683205
 20
-47.6989463804076
 30
0.0
 40
2.8
  1
120°
 50
120.0
 72
1
 11
15.13918588683205
 21
-47.6989463804076
 31
0.0
100
AcDbText
 73
2
  0
LINE
  5
BB9
330
17
100
AcDbEntity
  8
ENGRAVE_AWA
100
AcDbLine
 10
-12.454507135100291
 20
-46.1489463804076
 30
0.0
 11
-13.666942700398506
 21
-46.848946380407604
 31
0.0
  0
LINE
  5
BBA
330
17
100
AcDbEntity
  8
ENGRAVE_AWA
100
AcDbLine
 10
11.787299243290835
 20
-46.32385537224978
 30
0.0
 11
12.380932910600334
 21
-46.69479885721302
 31
0.0
  0
LINE
  5
BBB
330
17
100
AcDbEntity
  8
ENGRAVE_AWA
100
AcDbLine
 10
-11.787299243290835
 20
-46.32385537224978
 30
0.0
 11
-12.380932910600334
 21
-46.69479885721302
 31
0.0
  0
LINE
  5
BBC
330
17
100
AcDbEntity
  8
ENGRAVE_AWA
100
AcDbLine
 10
11.152475825188453
 20
-46.48077326130222
 30
0.0
 11
11.732802125976983
 21
-46.87220829373174
 31
0.0
  0
LINE
  5
BBD
330
17
100
AcDbEntity
  8
ENGRAVE_AWA
100
AcDbLine
 10
-11.152475825188453
 20
-46.48077326130222
 30
0.0
 11
-11.732802125976983
 21
-46.87220829373174
 31
0.0
  0
LINE
  5
BBE
330
17
100
AcDbEntity
  8
ENGRAVE_AWA
100
AcDbLine
 10
10.5477497894529
 20
-46.62172213013046
 30
0.0
 11
11.114061685515363
 21
-47.03317180673519
 31
0.0
  0
LINE
  5
BBF
330
17
100
AcDbEntity
  8
ENGRAVE_AWA
100
AcDbLine
 10
-10.5477497894529
 20
-46.62172213013046
 30
0.0
 11
-11.114061685515363
 21
-47.03317180673519
 31
0.0
  0
LINE
  5
BC0
330
17
100
AcDbEntity
  8
ENGRAVE_AWA
100
AcDbLine
 10
9.970934244101775
 20
-46.748480941093675
 30
0.0
 11
10.52254177162648
 21
-47.179443973821634
 31
0.0
  0
LINE
  5
BC1
330
17
100
AcDbEntity
  8
ENGRAVE_AWA
100
AcDbLine
 10
-9.970934244101775
 20
-46.748480941093675
 30
0.0
 11
-10.52254177162648
 21
-47.179443973821634
 31
0.0
  0
LINE
  5
BC2
330
17
100
AcDbEntity
  8
ENGRAVE_AWA
100
AcDbLine
 10
9.41995343622226
 20
-46.86261278737459
 30
0.0
 11
10.492415656588829
 21
-47.76251544093574
 31
0.0
  0
LINE
  5
BC3
330
17
100
AcDbEntity
  8
ENGRAVE_AWA
100
AcDbLine
 10
-9.41995343622226
 20
-46.86261278737459
 30
0.0
 11
-10.492415656588829
 21
-47.76251544093574
 31
0.0
  0
LINE
  5
BC4
330
17
100
AcDbEntity
  8
ENGRAVE_AWA
100
AcDbLine
 10
8.892848366593064
 20
-46.96548996794117
 30
0.0
 11
9.41304974442724
 21
-47.433881392392365
 31
0.0
  0
LINE
  5
BC5
330
17
100
AcDbEntity
  8
ENGRAVE_AWA
100
AcDbLine
 10
-8.892848366593064
 20
-46.96548996794117
 30
0.0
 11
-9.41304974442724
 21
-47.433881392392365
 31
0.0
  0
LINE
  5
BC6
330
17
100
AcDbEntity
  8
ENGRAVE_AWA
100
AcDbLine
 10
8.387778356959434
 20
-47.058316738218785
 30
0.0
 11
8.89131621719649
 21
-47.54457759754008
 31
0.0
  0
LINE
  5
BC7
330
17
100
AcDbEntity
  8
ENGRAVE_AWA
100
AcDbLine
 10
-8.387778356959434
 20
-47.058316738218785
 30
0.0
 11
-8.89131621719649
 21
-47.54457759754008
 31
0.0
  0
LINE
  5
BC8
330
17
100
AcDbEntity
  8
ENGRAVE_AWA
100
AcDbLine
 10
7.9030196255743865
 20
-47.142149726097415
 30
0.0
 11
8.389280484895684
 21
-47.64568758633447
 31
0.0
  0
LINE
  5
BC9
330
17
100
AcDbEntity
  8
ENGRAVE_AWA
100
AcDbLine
 10
-7.9030196255743865
 20
-47.142149726097415
 30
0.0
 11
-8.389280484895684
 21
-47.64568758633447
 31
0.0
  0
LINE
  5
BCA
330
17
100
AcDbEntity
  8
ENGRAVE_AWA
100
AcDbLine
 10
7.436961722641102
 20
-47.21791609480421
 30
0.0
 11
7.905353147092303
 21
-47.738117472638386
 31
0.0
  0
LINE
  5
BCB
330
17
100
AcDbEntity
  8
ENGRAVE_AWA
100
AcDbLine
 10
-7.436961722641102
 20
-47.21791609480421
 30
0.0
 11
-7.905353147092303
 21
-47.738117472638386
 31
0.0
  0
LINE
  5
BCC
330
17
100
AcDbEntity
  8
ENGRAVE_AWA
100
AcDbLine
 10
6.988102498294448
 20
-47.286429591092315
 30
0.0
 11
7.888005151855603
 21
-48.35889181145888
 31
0.0
  0
TEXT
  5
BCD
330
17
100
AcDbEntity
  8
ENGRAVE_TEXT
100
AcDbText
 10
8.98074408832272
 20
-49.66116736476115
 30
0.0
 40
2.8
  1
140°
 50
140.0
 72
1
 11
8.98074408832272
 21
-49.66116736476115
 31
0.0
100
AcDbText
 73
2
  0
LINE
  5
BCE
330
17
100
AcDbEntity
  8
ENGRAVE_AWA
100
AcDbLine
 10
-6.988102498294448
 20
-47.286429591092315
 30
0.0
 11
-7.888005151855603
 21
-48.35889181145888
 31
0.0
  0
LINE
  5
BCF
330
17
100
AcDbEntity
  8
ENGRAVE_AWA
100
AcDbLine
 10
6.555042123874167
 20
-47.34840464845922
 30
0.0
 11
6.986005156602128
 21
-47.900012175983925
 31
0.0
  0
LINE
  5
BD0
330
17
100
AcDbEntity
  8
ENGRAVE_AWA
100
AcDbLine
 10
-6.555042123874167
 20
-47.34840464845922
 30
0.0
 11
-6.986005156602128
 21
-47.900012175983925
 31
0.0
  0
LINE
  5
BD1
330
17
100
AcDbEntity
  8
ENGRAVE_AWA
100
AcDbLine
 10
6.136476561698978
 20
-47.40446872825092
 30
0.0
 11
6.54792623830371
 21
-47.970780624313385
 31
0.0
  0
LINE
  5
BD2
330
17
100
AcDbEntity
  8
ENGRAVE_AWA
100
AcDbLine
 10
-6.136476561698978
 20
-47.40446872825092
 30
0.0
 11
-6.54792623830371
 21
-47.970780624313385
 31
0.0
  0
LINE
  5
BD3
330
17
100
AcDbEntity
  8
ENGRAVE_AWA
100
AcDbLine
 10
5.731190776972296
 20
-47.45517308237267
 30
0.0
 11
6.122625809401819
 21
-48.035499383161195
 31
0.0
  0
LINE
  5
BD4
330
17
100
AcDbEntity
  8
ENGRAVE_AWA
100
AcDbLine
 10
-5.731190776972296
 20
-47.45517308237267
 30
0.0
 11
-6.122625809401819
 21
-48.035499383161195
 31
0.0
  0
LINE
  5
BD5
330
17
100
AcDbEntity
  8
ENGRAVE_AWA
100
AcDbLine
 10
5.338051904736118
 20
-47.50100211429589
 30
0.0
 11
5.7089953896993615
 21
-48.09463578160539
 31
0.0
  0
LINE
  5
BD6
330
17
100
AcDbEntity
  8
ENGRAVE_AWA
100
AcDbLine
 10
-5.338051904736118
 20
-47.50100211429589
 30
0.0
 11
-5.7089953896993615
 21
-48.09463578160539
 31
0.0
  0
LINE
  5
BD7
330
17
100
AcDbEntity
  8
ENGRAVE_AWA
100
AcDbLine
 10
4.9560025216664405
 20
-47.54238150329909
 30
0.0
 11
5.656002521666441
 21
-48.754817068597305
 31
0.0
  0
LINE
  5
BD8
330
17
100
AcDbEntity
  8
ENGRAVE_AWA
100
AcDbLine
 10
-4.9560025216664405
 20
-47.54238150329909
 30
0.0
 11
-5.65600252166644
 21
-48.754817068597305
 31
0.0
  0
LINE
  5
BD9
330
17
100
AcDbEntity
  8
ENGRAVE_AWA
100
AcDbLine
 10
4.584054123855883
 20
-47.57968524264909
 30
0.0
 11
4.912684217806007
 21
-48.19774855765034
 31
0.0
  0
LINE
  5
BDA
330
17
100
AcDbEntity
  8
ENGRAVE_AWA
100
AcDbLine
 10
-4.584054123855883
 20
-47.57968524264909
 30
0.0
 11
-4.912684217806007
 21
-48.19774855765034
 31
0.0
  0
LINE
  5
BDB
330
17
100
AcDbEntity
  8
ENGRAVE_AWA
100
AcDbLine
 10
4.221280874759482
 20
-47.61324172723792
 30
0.0
 11
4.528140677511836
 21
-48.24239755964734
 31
0.0
  0
LINE
  5
BDC
330
17
100
AcDbEntity
  8
ENGRAVE_AWA
100
AcDbLine
 10
-4.221280874759482
 20
-47.61324172723792
 30
0.0
 11
-4.528140677511836
 21
-48.24239755964734
 31
0.0
  0
LINE
  5
BDD
330
17
100
AcDbEntity
  8
ENGRAVE_AWA
100
AcDbLine
 10
3.8668136597808567
 20
-47.64333901103628
 30
0.0
 11
4.151529309933917
 21
-48.282820831386104
 31
0.0
  0
LINE
  5
BDE
330
17
100
AcDbEntity
  8
ENGRAVE_AWA
100
AcDbLine
 10
-3.8668136597808567
 20
-47.64333901103628
 30
0.0
 11
-4.151529309933917
 21
-48.282820831386104
 31
0.0
  0
LINE
  5
BDF
330
17
100
AcDbEntity
  8
ENGRAVE_AWA
100
AcDbLine
 10
3.519834463531491
 20
-47.670229340221724
 30
0.0
 11
3.7820590789226296
 21
-48.319258038418475
 31
0.0
  0
LINE
  5
BE0
330
17
100
AcDbEntity
  8
ENGRAVE_AWA
100
AcDbLine
 10
-3.519834463531491
 20
-47.670229340221724
 30
0.0
 11
-3.7820590789226296
 21
-48.319258038418475
 31
0.0
  0
LINE
  5
BE1
330
17
100
AcDbEntity
  8
ENGRAVE_AWA
100
AcDbLine
 10
3.1795710709560923
 20
-47.69413305433635
 30
0.0
 11
3.6583992716120286
 21
-49.00970272343662
 31
0.0
  0
TEXT
  5
BE2
330
17
100
AcDbEntity
  8
ENGRAVE_TEXT
100
AcDbText
 10
4.239833515265666
 20
-50.607180178772666
 30
0.0
 40
2.8
  1
160°
 50
160.0
 72
1
 11
4.239833515265666
 21
-50.607180178772666
 31
0.0
100
AcDbText
 73
2
  0
LINE
  5
BE3
330
17
100
AcDbEntity
  8
ENGRAVE_AWA
100
AcDbLine
 10
-3.1795710709560923
 20
-47.69413305433635
 30
0.0
 11
-3.6583992716120286
 21
-49.00970272343662
 31
0.0
  0
LINE
  5
BE4
330
17
100
AcDbEntity
  8
ENGRAVE_AWA
100
AcDbLine
 10
2.8452920829532267
 20
-47.715241935493566
 30
0.0
 11
3.0616039790156897
 21
-48.380981496900176
 31
0.0
  0
LINE
  5
BE5
330
17
100
AcDbEntity
  8
ENGRAVE_AWA
100
AcDbLine
 10
-2.8452920829532267
 20
-47.715241935493566
 30
0.0
 11
-3.0616039790156897
 21
-48.380981496900176
 31
0.0
  0
LINE
  5
BE6
330
17
100
AcDbEntity
  8
ENGRAVE_AWA
100
AcDbLine
 10
2.5163022297777644
 20
-47.733722074529396
 30
0.0
 11
2.7092483788496637
 21
-48.40660526168622
 31
0.0
  0
LINE
  5
BE7
330
17
100
AcDbEntity
  8
ENGRAVE_AWA
100
AcDbLine
 10
-2.5163022297777644
 20
-47.733722074529396
 30
0.0
 11
-2.7092483788496637
 21
-48.40660526168622
 31
0.0
  0
LINE
  5
BE8
330
17
100
AcDbEntity
  8
ENGRAVE_AWA
100
AcDbLine
 10
2.191937960563042
 20
-47.74971631305303
 30
0.0
 11
2.3612832874828094
 21
-48.42892332144623
 31
0.0
  0
LINE
  5
BE9
330
17
100
AcDbEntity
  8
ENGRAVE_AWA
100
AcDbLine
 10
-2.191937960563042
 20
-47.74971631305303
 30
0.0
 11
-2.3612832874828094
 21
-48.42892332144623
 31
0.0
  0
LINE
  5
BEA
330
17
100
AcDbEntity
  8
ENGRAVE_AWA
100
AcDbLine
 10
1.8715632841019656
 20
-47.76334631151382
 30
0.0
 11
2.0171014676743972
 21
-48.448049632027484
 31
0.0
  0
LINE
  5
BEB
330
17
100
AcDbEntity
  8
ENGRAVE_AWA
100
AcDbLine
 10
-1.8715632841019656
 20
-47.76334631151382
 30
0.0
 11
-2.0171014676743972
 21
-48.448049632027484
 31
0.0
  0
LINE
  5
BEC
330
17
100
AcDbEntity
  8
ENGRAVE_AWA
100
AcDbLine
 10
1.554565834082876
 20
-47.7747142855664
 30
0.0
 11
1.7976732828165785
 21
-49.153445139783486
 31
0.0
  0
LINE
  5
BED
330
17
100
AcDbEntity
  8
ENGRAVE_AWA
100
AcDbLine
 10
-1.554565834082876
 20
-47.7747142855664
 30
0.0
 11
-1.7976732828165785
 21
-49.153445139783486
 31
0.0
  0
LINE
  5
BEE
330
17
100
AcDbEntity
  8
ENGRAVE_AWA
100
AcDbLine
 10
1.240353130908582
 20
-47.783904446064724
 30
0.0
 11
1.3377743015806276
 21
-48.477092094183824
 31
0.0
  0
LINE
  5
BEF
330
17
100
AcDbEntity
  8
ENGRAVE_AWA
100
AcDbLine
 10
-1.240353130908582
 20
-47.783904446064724
 30
0.0
 11
-1.3377743015806278
 21
-48.477092094183824
 31
0.0
  0
LINE
  5
BF0
330
17
100
AcDbEntity
  8
ENGRAVE_AWA
100
AcDbLine
 10
0.9283490117492365
 20
-47.79098417183292
 30
0.0
 11
1.001518936036594
 21
-48.48714949859071
 31
0.0
  0
LINE
  5
BF1
330
17
100
AcDbEntity
  8
ENGRAVE_AWA
100
AcDbLine
 10
-0.9283490117492365
 20
-47.79098417183292
 30
0.0
 11
-1.0015189360365941
 21
-48.48714949859071
 31
0.0
  0
LINE
  5
BF2
330
17
100
AcDbEntity
  8
ENGRAVE_AWA
100
AcDbLine
 10
0.61799020037576
 20
-47.79600493882558
 30
0.0
 11
0.6668197319966478
 21
-48.49429977400746
 31
0.0
  0
LINE
  5
BF3
330
17
100
AcDbEntity
  8
ENGRAVE_AWA
100
AcDbLine
 10
-0.61799020037576
 20
-47.79600493882558
 30
0.0
 11
-0.6668197319966479
 21
-48.49429977400746
 31
0.0
  0
LINE
  5
BF4
330
17
100
AcDbEntity
  8
ENGRAVE_AWA
100
AcDbLine
 10
0.3087229884307001
 20
-47.79900302429344
 30
0.0
 11
0.3331526361224509
 21
-48.49857660320681
 31
0.0
  0
LINE
  5
BF5
330
17
100
AcDbEntity
  8
ENGRAVE_AWA
100
AcDbLine
 10
-0.3087229884307001
 20
-47.79900302429344
 30
0.0
 11
-0.33315263612245094
 21
-48.49857660320681
 31
0.0
  0
LINE
  5
BF6
330
17
100
AcDbEntity
  8
ENGRAVE_AWA
100
AcDbLine
 10
1.0827918782461175e-15
 20
-47.8
 30
0.0
 11
1.1685171541864322e-15
 21
-49.199999999999996
 31
0.0
  0
TEXT
  5
BF7
330
17
100
AcDbEntity
  8
ENGRAVE_TEXT
100
AcDbText
 10
1.2726121321139573e-15
 20
-50.9
 30
0.0
 40
2.8
  1
180°
 50
180.0
 72
1
 11
1.2726121321139573e-15
 21
-50.9
 31
0.0
100
AcDbText
 73
2
  0
LINE
  5
BF8
330
17
100
AcDbEntity
  8
ENGRAVE_AWA
100
AcDbLine
 10
-1.0827918782461175e-15
 20
-47.8
 30
0.0
 11
-1.3079290492008465e-15
 21
-49.199999999999996
 31
0.0
  0
ENDSEC
  0
SECTION
  2
OBJECTS
  0
DICTIONARY
  5
A
330
0
100
AcDbDictionary
281
1
  3
ACAD_COLOR
350
B
  3
ACAD_GROUP
350
C
  3
ACAD_LAYOUT
350
D
  3
ACAD_MATERIAL
350
E
  3
ACAD_MLEADERSTYLE
350
F
  3
ACAD_MLINESTYLE
350
10
  3
ACAD_PLOTSETTINGS
350
11
  3
ACAD_PLOTSTYLENAME
350
12
  3
ACAD_SCALELIST
350
14
  3
ACAD_TABLESTYLE
350
15
  3
ACAD_VISUALSTYLE
350
16
  3
EZDXF_META
350
2D
  0
DICTIONARY
  5
B
330
A
100
AcDbDictionary
281
1
  0
DICTIONARY
  5
C
330
A
100
AcDbDictionary
281
1
  0
DICTIONARY
  5
D
330
A
100
AcDbDictionary
281
1
  3
Model
350
1A
  3
Layout1
350
1E
  0
DICTIONARY
  5
E
330
A
100
AcDbDictionary
281
1
  3
ByBlock
350
1F
  3
ByLayer
350
20
  3
Global
350
21
  0
DICTIONARY
  5
F
330
A
100
AcDbDictionary
281
1
  3
Standard
350
2C
  0
DICTIONARY
  5
10
330
A
100
AcDbDictionary
281
1
  3
Standard
350
22
  0
DICTIONARY
  5
11
330
A
100
AcDbDictionary
281
1
  0
ACDBDICTIONARYWDFLT
  5
12
330
A
100
AcDbDictionary
281
1
  3
Normal
350
13
100
AcDbDictionaryWithDefault
340
13
  0
ACDBPLACEHOLDER
  5
13
330
12
  0
DICTIONARY
  5
14
330
A
100
AcDbDictionary
281
1
  0
DICTIONARY
  5
15
330
A
100
AcDbDictionary
281
1
  0
DICTIONARY
  5
16
330
A
100
AcDbDictionary
281
1
  0
LAYOUT
  5
1A
330
D
100
AcDbPlotSettings
  1

  4
A3
  6

 40
7.5
 41
20.0
 42
7.5
 43
20.0
 44
420.0
 45
297.0
 46
0.0
 47
0.0
 48
0.0
 49
0.0
140
0.0
141
0.0
142
1.0
143
1.0
 70
1024
 72
1
 73
0
 74
5
  7

 75
16
 76
0
 77
2
 78
300
147
1.0
148
0.0
149
0.0
100
AcDbLayout
  1
Model
 70
1
 71
0
 10
0.0
 20
0.0
 11
420.0
 21
297.0
 12
0.0
 22
0.0
 32
0.0
 14
1e+20
 24
1e+20
 34
1e+20
 15
-1e+20
 25
-1e+20
 35
-1e+20
146
0.0
 13
0.0
 23
0.0
 33
0.0
 16
1.0
 26
0.0
 36
0.0
 17
0.0
 27
1.0
 37
0.0
 76
1
330
17
  0
LAYOUT
  5
1E
330
D
100
AcDbPlotSettings
  1

  4
A3
  6

 40
7.5
 41
20.0
 42
7.5
 43
20.0
 44
420.0
 45
297.0
 46
0.0
 47
0.0
 48
0.0
 49
0.0
140
0.0
141
0.0
142
1.0
143
1.0
 70
0
 72
1
 73
0
 74
5
  7

 75
16
 76
0
 77
2
 78
300
147
1.0
148
0.0
149
0.0
100
AcDbLayout
  1
Layout1
 70
1
 71
1
 10
0.0
 20
0.0
 11
420.0
 21
297.0
 12
0.0
 22
0.0
 32
0.0
 14
1e+20
 24
1e+20
 34
1e+20
 15
-1e+20
 25
-1e+20
 35
-1e+20
146
0.0
 13
0.0
 23
0.0
 33
0.0
 16
1.0
 26
0.0
 36
0.0
 17
0.0
 27
1.0
 37
0.0
 76
1
330
1B
  0
MATERIAL
  5
1F
102
{ACAD_REACTORS
330
E
102
}
330
E
100
AcDbMaterial
  1
ByBlock
  2

 70
0
 40
1.0
 71
1
 41
1.0
 91
-1023410177
 42
1.0
 72
1
  3

 73
1
 74
1
 75
1
 44
0.5
 73
0
 45
1.0
 46
1.0
 77
1
  4

 78
1
 79
1
170
1
 48
1.0
171
1
  6

172
1
173
1
174
1
140
1.0
141
1.0
175
1
  7

176
1
177
1
178
1
143
1.0
179
1
  8

270
1
271
1
272
1
145
1.0
146
1.0
273
1
  9

274
1
275
1
276
1
 42
1.0
 72
1
  3

 73
1
 74
1
 75
1
 94
63
  0
MATERIAL
  5
20
102
{ACAD_REACTORS
330
E
102
}
330
E
100
AcDbMaterial
  1
ByLayer
  2

 70
0
 40
1.0
 71
1
 41
1.0
 91
-1023410177
 42
1.0
 72
1
  3

 73
1
 74
1
 75
1
 44
0.5
 73
0
 45
1.0
 46
1.0
 77
1
  4

 78
1
 79
1
170
1
 48
1.0
171
1
  6

172
1
173
1
174
1
140
1.0
141
1.0
175
1
  7

176
1
177
1
178
1
143
1.0
179
1
  8

270
1
271
1
272
1
145
1.0
146
1.0
273
1
  9

274
1
275
1
276
1
 42
1.0
 72
1
  3

 73
1
 74
1
 75
1
 94
63
  0
MATERIAL
  5
21
102
{ACAD_REACTORS
330
E
102
}
330
E
100
AcDbMaterial
  1
Global
  2

 70
0
 40
1.0
 71
1
 41
1.0
 91
-1023410177
 42
1.0
 72
1
  3

 73
1
 74
1
 75
1
 44
0.5
 73
0
 45
1.0
 46
1.0
 77
1
  4

 78
1
 79
1
170
1
 48
1.0
171
1
  6

172
1
173
1
174
1
140
1.0
141
1.0
175
1
  7

176
1
177
1
178
1
143
1.0
179
1
  8

270
1
271
1
272
1
145
1.0
146
1.0
273
1
  9

274
1
275
1
276
1
 42
1.0
 72
1
  3

 73
1
 74
1
 75
1
 94
63
  0
MLINESTYLE
  5
22
102
{ACAD_REACTORS
330
10
102
}
330
10
100
AcDbMlineStyle
  2
Standard
 70
0
  3

 62
256
 51
90.0
 52
90.0
 71
2
 49
0.5
 62
256
  6
BYLAYER
 49
-0.5
 62
256
  6
BYLAYER
  0
MLEADERSTYLE
  5
2C
102
{ACAD_REACTORS
330
F
102
}
330
F
100
AcDbMLeaderStyle
179
2
170
2
171
1
172
0
 90
2
 40
0.0
 41
0.0
173
1
 91
-1056964608
 92
-2
290
1
 42
2.0
291
1
 43
8.0
  3
Standard
 44
4.0
300

342
29
174
1
175
1
176
0
178
1
 93
-1056964608
 45
4.0
292
0
297
0
 46
4.0
 94
-1056964608
 47
1.0
 49
1.0
140
1.0
294
1
141
0.0
177
0
142
1.0
295
0
296
0
143
3.75
271
0
272
9
273
9
  0
DICTIONARY
  5
2D
330
A
100
AcDbDictionary
280
1
281
1
  3
CREATED_BY_EZDXF
350
2E
  3
WRITTEN_BY_EZDXF
350
BFB
  0
DICTIONARYVAR
  5
2E
330
2D
100
DictionaryVariables
280
0
  1
1.4.4 @ 2026-08-30T09:08:08.076675+00:00
  0
DICTIONARYVAR
  5
BFB
330
2D
100
DictionaryVariables
280
0
  1
1.4.4 @ 2026-08-30T09:08:08.867849+00:00
  0
ENDSEC
  0
EOF
