  0
SECTION
  2
HEADER
  9
$ACADVER
  1
AC1032
  9
$ACADMAINTVER
 90
4
  9
$DWGCODEPAGE
  3
ANSI_1252
  9
$LASTSAVEDBY
  1
ezdxf
  9
$REQUIREDVERSIONS
160
0
  9
$INSBASE
 10
0.0
 20
0.0
 30
0.0
  9
$EXTMIN
 10
1e+20
 20
1e+20
 30
1e+20
  9
$EXTMAX
 10
-1e+20
 20
-1e+20
 30
-1e+20
  9
$LIMMIN
 10
0.0
 20
0.0
  9
$LIMMAX
 10
420.0
 20
297.0
  9
$ORTHOMODE
 70
0
  9
$REGENMODE
 70
1
  9
$FILLMODE
 70
1
  9
$QTEXTMODE
 70
0
  9
$MIRRTEXT
 70
1
  9
$LTSCALE
 40
1.0
  9
$ATTMODE
 70
1
  9
$TEXTSIZE
 40
2.5
  9
$TRACEWID
 40
1.0
  9
$TEXTSTYLE
  7
Standard
  9
$CLAYER
  8
0
  9
$CELTYPE
  6
ByLayer
  9
$CECOLOR
 62
256
  9
$CELTSCALE
 40
1.0
  9
$DISPSILH
 70
0
  9
$DIMSCALE
 40
1.0
  9
$DIMASZ
 40
2.5
  9
$DIMEXO
 40
0.625
  9
$DIMDLI
 40
3.75
  9
$DIMRND
 40
0.0
  9
$DIMDLE
 40
0.0
  9
$DIMEXE
 40
1.25
  9
$DIMTP
 40
0.0
  9
$DIMTM
 40
0.0
  9
$DIMTXT
 40
2.5
  9
$DIMCEN
 40
2.5
  9
$DIMTSZ
 40
0.0
  9
$DIMTOL
 70
0
  9
$DIMLIM
 70
0
  9
$DIMTIH
 70
0
  9
$DIMTOH
 70
0
  9
$DIMSE1
 70
0
  9
$DIMSE2
 70
0
  9
$DIMTAD
 70
1
  9
$DIMZIN
 70
8
  9
$DIMBLK
  1

  9
$DIMASO
 70
1
  9
$DIMSHO
 70
1
  9
$DIMPOST
  1

  9
$DIMAPOST
  1

  9
$DIMALT
 70
0
  9
$DIMALTD
 70
3
  9
$DIMALTF
 40
0.03937007874
  9
$DIMLFAC
 40
1.0
  9
$DIMTOFL
 70
1
  9
$DIMTVP
 40
0.0
  9
$DIMTIX
 70
0
  9
$DIMSOXD
 70
0
  9
$DIMSAH
 70
0
  9
$DIMBLK1
  1

  9
$DIMBLK2
  1

  9
$DIMSTYLE
  2
ISO-25
  9
$DIMCLRD
 70
0
  9
$DIMCLRE
 70
0
  9
$DIMCLRT
 70
0
  9
$DIMTFAC
 40
1.0
  9
$DIMGAP
 40
0.625
  9
$DIMJUST
 70
0
  9
$DIMSD1
 70
0
  9
$DIMSD2
 70
0
  9
$DIMTOLJ
 70
0
  9
$DIMTZIN
 70
8
  9
$DIMALTZ
 70
0
  9
$DIMALTTZ
 70
0
  9
$DIMUPT
 70
0
  9
$DIMDEC
 70
2
  9
$DIMTDEC
 70
2
  9
$DIMALTU
 70
2
  9
$DIMALTTD
 70
3
  9
$DIMTXSTY
  7
Standard
  9
$DIMAUNIT
 70
0
  9
$DIMADEC
 70
0
  9
$DIMALTRND
 40
0.0
  9
$DIMAZIN
 70
0
  9
$DIMDSEP
 70
44
  9
$DIMATFIT
 70
3
  9
$DIMFRAC
 70
0
  9
$DIMLDRBLK
  1

  9
$DIMLUNIT
 70
2
  9
$DIMLWD
 70
-2
  9
$DIMLWE
 70
-2
  9
$DIMTMOVE
 70
0
  9
$DIMFXL
 40
1.0
  9
$DIMFXLON
 70
0
  9
$DIMJOGANG
 40
0.785398163397
  9
$DIMTFILL
 70
0
  9
$DIMTFILLCLR
 70
0
  9
$DIMARCSYM
 70
0
  9
$DIMLTYPE
  6

  9
$DIMLTEX1
  6

  9
$DIMLTEX2
  6

  9
$DIMTXTDIRECTION
 70
0
  9
$LUNITS
 70
2
  9
$LUPREC
 70
4
  9
$SKETCHINC
 40
1.0
  9
$FILLETRAD
 40
10.0
  9
$AUNITS
 70
0
  9
$AUPREC
 70
2
  9
$MENU
  1
.
  9
$ELEVATION
 40
0.0
  9
$PELEVATION
 40
0.0
  9
$THICKNESS
 40
0.0
  9
$LIMCHECK
 70
0
  9
$CHAMFERA
 40
0.0
  9
$CHAMFERB
 40
0.0
  9
$CHAMFERC
 40
0.0
  9
$CHAMFERD
 40
0.0
  9
$SKPOLY
 70
0
  9
$TDCREATE
 40
2461283.430648148
  9
$TDUCREATE
 40
2458532.153996898
  9
$TDUPDATE
 40
2461283.430659722
  9
$TDUUPDATE
 40
2458532.1544311
  9
$TDINDWG
 40
0.0
  9
$TDUSRTIMER
 40
0.0
  9
$USRTIMER
 70
1
  9
$ANGBASE
 50
0.0
  9
$ANGDIR
 70
0
  9
$PDMODE
 70
0
  9
$PDSIZE
 40
0.0
  9
$PLINEWID
 40
0.0
  9
$SPLFRAME
 70
0
  9
$SPLINETYPE
 70
6
  9
$SPLINESEGS
 70
8
  9
$HANDSEED
  5
FD0
  9
$SURFTAB1
 70
6
  9
$SURFTAB2
 70
6
  9
$SURFTYPE
 70
6
  9
$SURFU
 70
6
  9
$SURFV
 70
6
  9
$UCSBASE
  2

  9
$UCSNAME
  2

  9
$UCSORG
 10
0.0
 20
0.0
 30
0.0
  9
$UCSXDIR
 10
1.0
 20
0.0
 30
0.0
  9
$UCSYDIR
 10
0.0
 20
1.0
 30
0.0
  9
$UCSORTHOREF
  2

  9
$UCSORTHOVIEW
 70
0
  9
$UCSORGTOP
 10
0.0
 20
0.0
 30
0.0
  9
$UCSORGBOTTOM
 10
0.0
 20
0.0
 30
0.0
  9
$UCSORGLEFT
 10
0.0
 20
0.0
 30
0.0
  9
$UCSORGRIGHT
 10
0.0
 20
0.0
 30
0.0
  9
$UCSORGFRONT
 10
0.0
 20
0.0
 30
0.0
  9
$UCSORGBACK
 10
0.0
 20
0.0
 30
0.0
  9
$PUCSBASE
  2

  9
$PUCSNAME
  2

  9
$PUCSORG
 10
0.0
 20
0.0
 30
0.0
  9
$PUCSXDIR
 10
1.0
 20
0.0
 30
0.0
  9
$PUCSYDIR
 10
0.0
 20
1.0
 30
0.0
  9
$PUCSORTHOREF
  2

  9
$PUCSORTHOVIEW
 70
0
  9
$PUCSORGTOP
 10
0.0
 20
0.0
 30
0.0
  9
$PUCSORGBOTTOM
 10
0.0
 20
0.0
 30
0.0
  9
$PUCSORGLEFT
 10
0.0
 20
0.0
 30
0.0
  9
$PUCSORGRIGHT
 10
0.0
 20
0.0
 30
0.0
  9
$PUCSORGFRONT
 10
0.0
 20
0.0
 30
0.0
  9
$PUCSORGBACK
 10
0.0
 20
0.0
 30
0.0
  9
$USERI1
 70
0
  9
$USERI2
 70
0
  9
$USERI3
 70
0
  9
$USERI4
 70
0
  9
$USERI5
 70
0
  9
$USERR1
 40
0.0
  9
$USERR2
 40
0.0
  9
$USERR3
 40
0.0
  9
$USERR4
 40
0.0
  9
$USERR5
 40
0.0
  9
$WORLDVIEW
 70
1
  9
$SHADEDGE
 70
3
  9
$SHADEDIF
 70
70
  9
$TILEMODE
 70
1
  9
$MAXACTVP
 70
64
  9
$PINSBASE
 10
0.0
 20
0.0
 30
0.0
  9
$PLIMCHECK
 70
0
  9
$PEXTMIN
 10
1e+20
 20
1e+20
 30
1e+20
  9
$PEXTMAX
 10
-1e+20
 20
-1e+20
 30
-1e+20
  9
$PLIMMIN
 10
0.0
 20
0.0
  9
$PLIMMAX
 10
420.0
 20
297.0
  9
$UNITMODE
 70
0
  9
$VISRETAIN
 70
1
  9
$PLINEGEN
 70
0
  9
$PSLTSCALE
 70
1
  9
$TREEDEPTH
 70
3020
  9
$CMLSTYLE
  2
Standard
  9
$CMLJUST
 70
0
  9
$CMLSCALE
 40
20.0
  9
$PROXYGRAPHICS
 70
1
  9
$MEASUREMENT
 70
1
  9
$CELWEIGHT
370
-1
  9
$ENDCAPS
280
0
  9
$JOINSTYLE
280
0
  9
$LWDISPLAY
290
0
  9
$INSUNITS
 70
6
  9
$HYPERLINKBASE
  1

  9
$STYLESHEET
  1

  9
$XEDIT
290
1
  9
$CEPSNTYPE
380
0
  9
$PSTYLEMODE
290
1
  9
$FINGERPRINTGUID
  2
{08250234-B154-441D-98FE-C496FBA94A7D}
  9
$VERSIONGUID
  2
{E6CBD979-35D0-450E-AA45-45DA67DF5B28}
  9
$EXTNAMES
290
1
  9
$PSVPSCALE
 40
0.0
  9
$OLESTARTUP
290
0
  9
$SORTENTS
280
127
  9
$INDEXCTL
280
0
  9
$HIDETEXT
280
1
  9
$XCLIPFRAME
280
1
  9
$HALOGAP
280
0
  9
$OBSCOLOR
 70
257
  9
$OBSLTYPE
280
0
  9
$INTERSECTIONDISPLAY
280
0
  9
$INTERSECTIONCOLOR
 70
257
  9
$DIMASSOC
280
2
  9
$PROJECTNAME
  1

  9
$CAMERADISPLAY
290
0
  9
$LENSLENGTH
 40
50.0
  9
$CAMERAHEIGHT
 40
0.0
  9
$STEPSPERSEC
 40
24.0
  9
$STEPSIZE
 40
100.0
  9
$3DDWFPREC
 40
2.0
  9
$PSOLWIDTH
 40
0.005
  9
$PSOLHEIGHT
 40
0.08
  9
$LOFTANG1
 40
1.570796326795
  9
$LOFTANG2
 40
1.570796326795
  9
$LOFTMAG1
 40
0.0
  9
$LOFTMAG2
 40
0.0
  9
$LOFTPARAM
 70
7
  9
$LOFTNORMALS
280
1
  9
$LATITUDE
 40
37.795
  9
$LONGITUDE
 40
-122.394
  9
$NORTHDIRECTION
 40
0.0
  9
$TIMEZONE
 70
-8000
  9
$LIGHTGLYPHDISPLAY
280
1
  9
$TILEMODELIGHTSYNCH
280
1
  9
$CMATERIAL
347
20
  9
$SOLIDHIST
280
0
  9
$SHOWHIST
280
1
  9
$DWFFRAME
280
2
  9
$DGNFRAME
280
2
  9
$REALWORLDSCALE
290
1
  9
$INTERFERECOLOR
 62
256
  9
$CSHADOW
280
0
  9
$SHADOWPLANELOCATION
 40
0.0
  0
ENDSEC
  0
SECTION
  2
CLASSES
  0
CLASS
  1
ACDBDICTIONARYWDFLT
  2
AcDbDictionaryWithDefault
  3
ObjectDBX Classes
 90
0
 91
0
280
0
281
0
  0
CLASS
  1
SUN
  2
AcDbSun
  3
SCENEOE
 90
1153
 91
0
280
0
281
0
  0
CLASS
  1
VISUALSTYLE
  2
AcDbVisualStyle
  3
ObjectDBX Classes
 90
4095
 91
0
280
0
281
0
  0
CLASS
  1
MATERIAL
  2
AcDbMaterial
  3
ObjectDBX Classes
 90
1153
 91
0
280
0
281
0
  0
CLASS
  1
SCALE
  2
AcDbScale
  3
ObjectDBX Classes
 90
1153
 91
0
280
0
281
0
  0
CLASS
  1
TABLESTYLE
  2
AcDbTableStyle
  3
ObjectDBX Classes
 90
4095
 91
0
280
0
281
0
  0
CLASS
  1
MLEADERSTYLE
  2
AcDbMLeaderStyle
  3
ACDB_MLEADERSTYLE_CLASS
 90
4095
 91
0
280
0
281
0
  0
CLASS
  1
DICTIONARYVAR
  2
AcDbDictionaryVar
  3
ObjectDBX Classes
 90
0
 91
0
280
0
281
0
  0
CLASS
  1
CELLSTYLEMAP
  2
AcDbCellStyleMap
  3
ObjectDBX Classes
 90
1152
 91
0
280
0
281
0
  0
CLASS
  1
MENTALRAYRENDERSETTINGS
  2
AcDbMentalRayRenderSettings
  3
SCENEOE
 90
1024
 91
0
280
0
281
0
  0
CLASS
  1
ACDBDETAILVIEWSTYLE
  2
AcDbDetailViewStyle
  3
ObjectDBX Classes
 90
1025
 91
0
280
0
281
0
  0
CLASS
  1
ACDBSECTIONVIEWSTYLE
  2
AcDbSectionViewStyle
  3
ObjectDBX Classes
 90
1025
 91
0
280
0
281
0
  0
CLASS
  1
RASTERVARIABLES
  2
AcDbRasterVariables
  3
ISM
 90
0
 91
0
280
0
281
0
  0
CLASS
  1
LAYOUT
  2
AcDbLayout
  3
ObjectDBX Classes
 90
0
 91
0
280
0
281
0
  0
CLASS
  1
ACDBPLACEHOLDER
  2
AcDbPlaceHolder
  3
ObjectDBX Classes
 90
0
 91
0
280
0
281
0
  0
ENDSEC
  0
SECTION
  2
TABLES
  0
TABLE
  2
VPORT
  5
8
330
0
100
AcDbSymbolTable
 70
1
  0
VPORT
  5
23
330
8
100
AcDbSymbolTableRecord
100
AcDbViewportTableRecord
  2
*Active
 70
0
 10
0.0
 20
0.0
 11
1.0
 21
1.0
 12
0.0
 22
0.0
 13
0.0
 23
0.0
 14
0.5
 24
0.5
 15
0.5
 25
0.5
 16
0.0
 26
0.0
 36
1.0
 17
0.0
 27
0.0
 37
0.0
 40
1000.0
 41
1.34
 42
50.0
 43
0.0
 44
0.0
 50
0.0
 51
0.0
 71
0
 72
1000
 73
1
 74
3
 75
0
 76
0
 77
0
 78
0
281
0
 65
0
146
0.0
  0
ENDTAB
  0
TABLE
  2
LTYPE
  5
2
330
0
100
AcDbSymbolTable
 70
3
  0
LTYPE
  5
24
330
2
100
AcDbSymbolTableRecord
100
AcDbLinetypeTableRecord
  2
ByBlock
 70
0
  3

 72
65
 73
0
 40
0.0
  0
LTYPE
  5
25
330
2
100
AcDbSymbolTableRecord
100
AcDbLinetypeTableRecord
  2
ByLayer
 70
0
  3

 72
65
 73
0
 40
0.0
  0
LTYPE
  5
26
330
2
100
AcDbSymbolTableRecord
100
AcDbLinetypeTableRecord
  2
Continuous
 70
0
  3

 72
65
 73
0
 40
0.0
  0
ENDTAB
  0
TABLE
  2
LAYER
  5
1
330
0
100
AcDbSymbolTable
 70
9
  0
LAYER
  5
27
330
1
100
AcDbSymbolTableRecord
100
AcDbLayerTableRecord
  2
0
 70
0
 62
7
  6
Continuous
370
-3
390
13
347
21
  0
LAYER
  5
28
330
1
100
AcDbSymbolTableRecord
100
AcDbLayerTableRecord
  2
Defpoints
 70
0
 62
7
  6
Continuous
290
0
370
-3
390
13
347
21
  0
LAYER
  5
2F
330
1
100
AcDbSymbolTableRecord
100
AcDbLayerTableRecord
  2
CUT_REFERENCE
 70
0
 62
1
  6
Continuous
370
-3
390
13
347
21
  0
LAYER
  5
30
330
1
100
AcDbSymbolTableRecord
100
AcDbLayerTableRecord
  2
ENGRAVE_AWA
 70
0
 62
4
  6
Continuous
370
-3
390
13
347
21
  0
LAYER
  5
31
330
1
100
AcDbSymbolTableRecord
100
AcDbLayerTableRecord
  2
ENGRAVE_POLARS
 70
0
 62
3
  6
Continuous
370
-3
390
13
347
21
  0
LAYER
  5
32
330
1
100
AcDbSymbolTableRecord
100
AcDbLayerTableRecord
  2
ENGRAVE_COMPASS
 70
0
 62
5
  6
Continuous
370
-3
390
13
347
21
  0
LAYER
  5
33
330
1
100
AcDbSymbolTableRecord
100
AcDbLayerTableRecord
  2
ENGRAVE_LOG
 70
0
 62
6
  6
Continuous
370
-3
390
13
347
21
  0
LAYER
  5
34
330
1
100
AcDbSymbolTableRecord
100
AcDbLayerTableRecord
  2
ENGRAVE_TEXT
 70
0
 62
7
  6
Continuous
370
-3
390
13
347
21
  0
LAYER
  5
35
330
1
100
AcDbSymbolTableRecord
100
AcDbLayerTableRecord
  2
ENGRAVE_VMG
 70
0
 62
2
  6
Continuous
370
-3
390
13
347
21
  0
ENDTAB
  0
TABLE
  2
STYLE
  5
5
330
0
100
AcDbSymbolTable
 70
1
  0
STYLE
  5
29
330
5
100
AcDbSymbolTableRecord
100
AcDbTextStyleTableRecord
  2
Standard
 70
0
 40
0.0
 41
1.0
 50
0.0
 71
0
 42
2.5
  3
txt
  4

  0
ENDTAB
  0
TABLE
  2
VIEW
  5
7
330
0
100
AcDbSymbolTable
 70
0
  0
ENDTAB
  0
TABLE
  2
UCS
  5
6
330
0
100
AcDbSymbolTable
 70
0
  0
ENDTAB
  0
TABLE
  2
APPID
  5
3
330
0
100
AcDbSymbolTable
 70
3
  0
APPID
  5
2A
330
3
100
AcDbSymbolTableRecord
100
AcDbRegAppTableRecord
  2
ACAD
 70
0
  0
APPID
  5
FCD
330
3
100
AcDbSymbolTableRecord
100
AcDbRegAppTableRecord
  2
HATCHBACKGROUNDCOLOR
 70
0
  0
APPID
  5
FCE
330
3
100
AcDbSymbolTableRecord
100
AcDbRegAppTableRecord
  2
EZDXF
 70
0
  0
ENDTAB
  0
TABLE
  2
DIMSTYLE
  5
4
330
0
100
AcDbSymbolTable
 70
1
100
AcDbDimStyleTable
  0
DIMSTYLE
105
2B
330
4
100
AcDbSymbolTableRecord
100
AcDbDimStyleTableRecord
  2
Standard
 70
0
 40
1.0
 41
2.5
 42
0.625
 43
3.75
 44
1.25
 45
0.0
 46
0.0
 47
0.0
 48
0.0
 49
2.5
140
2.5
141
2.5
142
0.0
143
0.03937007874
144
1.0
145
0.0
146
1.0
147
0.625
148
0.0
 69
0
 70
0
 71
0
 72
0
 73
0
 74
0
 75
0
 76
0
 77
1
 78
8
 79
3
170
0
171
3
172
1
173
0
174
0
175
0
176
0
177
0
178
0
179
2
271
2
272
2
273
2
274
3
275
0
276
0
277
2
278
44
279
0
280
0
281
0
282
0
283
0
284
8
285
0
286
0
288
0
289
3
290
0
371
-2
372
-2
  0
ENDTAB
  0
TABLE
  2
BLOCK_RECORD
  5
9
330
0
100
AcDbSymbolTable
 70
2
  0
BLOCK_RECORD
  5
17
330
9
100
AcDbSymbolTableRecord
100
AcDbBlockTableRecord
  2
*Model_Space
340
1A
 70
0
280
1
281
0
  0
BLOCK_RECORD
  5
1B
330
9
100
AcDbSymbolTableRecord
100
AcDbBlockTableRecord
  2
*Paper_Space
340
1E
 70
0
280
1
281
0
  0
ENDTAB
  0
ENDSEC
  0
SECTION
  2
BLOCKS
  0
BLOCK
  5
18
330
17
100
AcDbEntity
  8
0
100
AcDbBlockBegin
  2
*Model_Space
 70
0
 10
0.0
 20
0.0
 30
0.0
  3
*Model_Space
  1

  0
ENDBLK
  5
19
330
17
100
AcDbEntity
  8
0
100
AcDbBlockEnd
  0
BLOCK
  5
1C
330
1B
100
AcDbEntity
  8
0
100
AcDbBlockBegin
  2
*Paper_Space
 70
0
 10
0.0
 20
0.0
 30
0.0
  3
*Paper_Space
  1

  0
ENDBLK
  5
1D
330
1B
100
AcDbEntity
  8
0
100
AcDbBlockEnd
  0
ENDSEC
  0
SECTION
  2
ENTITIES
  0
CIRCLE
  5
36
330
17
100
AcDbEntity
  8
CUT_REFERENCE
100
AcDbCircle
 10
0.0
 20
0.0
 30
0.0
 40
57.5
  0
CIRCLE
  5
37
330
17
100
AcDbEntity
  8
CUT_REFERENCE
100
AcDbCircle
 10
0.0
 20
0.0
 30
0.0
 40
44.54
  0
CIRCLE
  5
38
330
17
100
AcDbEntity
  8
CUT_REFERENCE
100
AcDbCircle
 10
0.0
 20
0.0
 30
0.0
 40
1.6
  0
CIRCLE
  5
39
330
17
100
AcDbEntity
  8
CUT_REFERENCE
100
AcDbCircle
 10
0.0
 20
-37.11666666666667
 30
0.0
 40
1.25
  0
CIRCLE
  5
3A
330
17
100
AcDbEntity
  8
ENGRAVE_AWA
100
AcDbCircle
 10
0.0
 20
0.0
 30
0.0
 40
7.423333333333334
  0
TEXT
  5
3B
330
17
100
AcDbEntity
  8
ENGRAVE_TEXT
100
AcDbText
 10
0.0
 20
6.423333333333334
 30
0.0
 40
4.0
  1
0.2
 72
1
 11
0.0
 21
6.423333333333334
 31
0.0
100
AcDbText
 73
3
  0
CIRCLE
  5
3C
330
17
100
AcDbEntity
  8
ENGRAVE_AWA
100
AcDbCircle
 10
0.0
 20
0.0
 30
0.0
 40
14.846666666666668
  0
TEXT
  5
3D
330
17
100
AcDbEntity
  8
ENGRAVE_TEXT
100
AcDbText
 10
0.0
 20
13.846666666666668
 30
0.0
 40
4.0
  1
0.4
 72
1
 11
0.0
 21
13.846666666666668
 31
0.0
100
AcDbText
 73
3
  0
CIRCLE
  5
3E
330
17
100
AcDbEntity
  8
ENGRAVE_AWA
100
AcDbCircle
 10
0.0
 20
0.0
 30
0.0
 40
22.270000000000003
  0
TEXT
  5
3F
330
17
100
AcDbEntity
  8
ENGRAVE_TEXT
100
AcDbText
 10
0.0
 20
21.270000000000003
 30
0.0
 40
4.0
  1
0.6
 72
1
 11
0.0
 21
21.270000000000003
 31
0.0
100
AcDbText
 73
3
  0
CIRCLE
  5
40
330
17
100
AcDbEntity
  8
ENGRAVE_AWA
100
AcDbCircle
 10
0.0
 20
0.0
 30
0.0
 40
29.693333333333335
  0
TEXT
  5
41
330
17
100
AcDbEntity
  8
ENGRAVE_TEXT
100
AcDbText
 10
0.0
 20
28.693333333333335
 30
0.0
 40
4.0
  1
0.8
 72
1
 11
0.0
 21
28.693333333333335
 31
0.0
100
AcDbText
 73
3
  0
CIRCLE
  5
42
330
17
100
AcDbEntity
  8
ENGRAVE_AWA
100
AcDbCircle
 10
0.0
 20
0.0
 30
0.0
 40
37.11666666666667
  0
TEXT
  5
43
330
17
100
AcDbEntity
  8
ENGRAVE_TEXT
100
AcDbText
 10
0.0
 20
36.11666666666667
 30
0.0
 40
4.0
  1
1.0
 72
1
 11
0.0
 21
36.11666666666667
 31
0.0
100
AcDbText
 73
3
  0
LINE
  5
44
330
17
100
AcDbEntity
  8
ENGRAVE_AWA
100
AcDbLine
 10
0.0
 20
0.0
 30
0.0
 11
0.0
 21
44.54
 31
0.0
  0
LINE
  5
45
330
17
100
AcDbEntity
  8
ENGRAVE_AWA
100
AcDbLine
 10
0.0
 20
0.0
 30
0.0
 11
7.734289833285077
 21
43.86333731916375
 31
0.0
  0
LINE
  5
46
330
17
100
AcDbEntity
  8
ENGRAVE_AWA
100
AcDbLine
 10
0.0
 20
0.0
 30
0.0
 11
15.233577183725284
 21
41.85390932980436
 31
0.0
  0
LINE
  5
47
330
17
100
AcDbEntity
  8
ENGRAVE_AWA
100
AcDbLine
 10
0.0
 20
0.0
 30
0.0
 11
22.269999999999996
 21
38.5727714845589
 31
0.0
  0
LINE
  5
48
330
17
100
AcDbEntity
  8
ENGRAVE_AWA
100
AcDbLine
 10
0.0
 20
0.0
 30
0.0
 11
28.629760135438456
 21
34.11961949651928
 31
0.0
  0
LINE
  5
49
330
17
100
AcDbEntity
  8
ENGRAVE_AWA
100
AcDbLine
 10
0.0
 20
0.0
 30
0.0
 11
34.11961949651928
 21
28.629760135438463
 31
0.0
  0
LINE
  5
4A
330
17
100
AcDbEntity
  8
ENGRAVE_AWA
100
AcDbLine
 10
0.0
 20
0.0
 30
0.0
 11
38.57277148455889
 21
22.270000000000003
 31
0.0
  0
LINE
  5
4B
330
17
100
AcDbEntity
  8
ENGRAVE_AWA
100
AcDbLine
 10
0.0
 20
0.0
 30
0.0
 11
41.85390932980435
 21
15.23357718372529
 31
0.0
  0
LINE
  5
4C
330
17
100
AcDbEntity
  8
ENGRAVE_AWA
100
AcDbLine
 10
0.0
 20
0.0
 30
0.0
 11
43.86333731916375
 21
7.7342898332850805
 31
0.0
  0
LINE
  5
4D
330
17
100
AcDbEntity
  8
ENGRAVE_AWA
100
AcDbLine
 10
0.0
 20
0.0
 30
0.0
 11
44.54
 21
2.7272884217011553e-15
 31
0.0
  0
LINE
  5
4E
330
17
100
AcDbEntity
  8
ENGRAVE_AWA
100
AcDbLine
 10
0.0
 20
0.0
 30
0.0
 11
43.86333731916375
 21
-7.734289833285075
 31
0.0
  0
LINE
  5
4F
330
17
100
AcDbEntity
  8
ENGRAVE_AWA
100
AcDbLine
 10
0.0
 20
0.0
 30
0.0
 11
41.85390932980436
 21
-15.233577183725284
 31
0.0
  0
LINE
  5
50
330
17
100
AcDbEntity
  8
ENGRAVE_AWA
100
AcDbLine
 10
0.0
 20
0.0
 30
0.0
 11
38.5727714845589
 21
-22.26999999999999
 31
0.0
  0
LINE
  5
51
330
17
100
AcDbEntity
  8
ENGRAVE_AWA
100
AcDbLine
 10
0.0
 20
0.0
 30
0.0
 11
34.11961949651928
 21
-28.629760135438463
 31
0.0
  0
LINE
  5
52
330
17
100
AcDbEntity
  8
ENGRAVE_AWA
100
AcDbLine
 10
0.0
 20
0.0
 30
0.0
 11
28.629760135438467
 21
-34.11961949651928
 31
0.0
  0
LINE
  5
53
330
17
100
AcDbEntity
  8
ENGRAVE_AWA
100
AcDbLine
 10
0.0
 20
0.0
 30
0.0
 11
22.269999999999996
 21
-38.5727714845589
 31
0.0
  0
LINE
  5
54
330
17
100
AcDbEntity
  8
ENGRAVE_AWA
100
AcDbLine
 10
0.0
 20
0.0
 30
0.0
 11
15.233577183725291
 21
-41.85390932980435
 31
0.0
  0
LINE
  5
55
330
17
100
AcDbEntity
  8
ENGRAVE_AWA
100
AcDbLine
 10
0.0
 20
0.0
 30
0.0
 11
7.734289833285074
 21
-43.86333731916375
 31
0.0
  0
LINE
  5
56
330
17
100
AcDbEntity
  8
ENGRAVE_AWA
100
AcDbLine
 10
0.0
 20
0.0
 30
0.0
 11
5.454576843402311e-15
 21
-44.54
 31
0.0
  0
LINE
  5
57
330
17
100
AcDbEntity
  8
ENGRAVE_AWA
100
AcDbLine
 10
0.0
 20
0.0
 30
0.0
 11
-7.734289833285083
 21
-43.86333731916375
 31
0.0
  0
LINE
  5
58
330
17
100
AcDbEntity
  8
ENGRAVE_AWA
100
AcDbLine
 10
0.0
 20
0.0
 30
0.0
 11
-15.233577183725282
 21
-41.85390932980436
 31
0.0
  0
LINE
  5
59
330
17
100
AcDbEntity
  8
ENGRAVE_AWA
100
AcDbLine
 10
0.0
 20
0.0
 30
0.0
 11
-22.270000000000003
 21
-38.57277148455889
 31
0.0
  0
LINE
  5
5A
330
17
100
AcDbEntity
  8
ENGRAVE_AWA
100
AcDbLine
 10
0.0
 20
0.0
 30
0.0
 11
-28.629760135438456
 21
-34.11961949651928
 31
0.0
  0
LINE
  5
5B
330
17
100
AcDbEntity
  8
ENGRAVE_AWA
100
AcDbLine
 10
0.0
 20
0.0
 30
0.0
 11
-34.11961949651928
 21
-28.629760135438467
 31
0.0
  0
LINE
  5
5C
330
17
100
AcDbEntity
  8
ENGRAVE_AWA
100
AcDbLine
 10
0.0
 20
0.0
 30
0.0
 11
-38.572771484558885
 21
-22.27000000000002
 31
0.0
  0
LINE
  5
5D
330
17
100
AcDbEntity
  8
ENGRAVE_AWA
100
AcDbLine
 10
0.0
 20
0.0
 30
0.0
 11
-41.85390932980436
 21
-15.233577183725277
 31
0.0
  0
LINE
  5
5E
330
17
100
AcDbEntity
  8
ENGRAVE_AWA
100
AcDbLine
 10
0.0
 20
0.0
 30
0.0
 11
-43.86333731916375
 21
-7.734289833285077
 31
0.0
  0
LINE
  5
5F
330
17
100
AcDbEntity
  8
ENGRAVE_AWA
100
AcDbLine
 10
0.0
 20
0.0
 30
0.0
 11
-44.54
 21
-8.181865265103466e-15
 31
0.0
  0
LINE
  5
60
330
17
100
AcDbEntity
  8
ENGRAVE_AWA
100
AcDbLine
 10
0.0
 20
0.0
 30
0.0
 11
-43.86333731916375
 21
7.734289833285061
 31
0.0
  0
LINE
  5
61
330
17
100
AcDbEntity
  8
ENGRAVE_AWA
100
AcDbLine
 10
0.0
 20
0.0
 30
0.0
 11
-41.85390932980435
 21
15.233577183725297
 31
0.0
  0
LINE
  5
62
330
17
100
AcDbEntity
  8
ENGRAVE_AWA
100
AcDbLine
 10
0.0
 20
0.0
 30
0.0
 11
-38.57277148455889
 21
22.270000000000003
 31
0.0
  0
LINE
  5
63
330
17
100
AcDbEntity
  8
ENGRAVE_AWA
100
AcDbLine
 10
0.0
 20
0.0
 30
0.0
 11
-34.119619496519284
 21
28.629760135438456
 31
0.0
  0
LINE
  5
64
330
17
100
AcDbEntity
  8
ENGRAVE_AWA
100
AcDbLine
 10
0.0
 20
0.0
 30
0.0
 11
-28.629760135438474
 21
34.11961949651927
 31
0.0
  0
LINE
  5
65
330
17
100
AcDbEntity
  8
ENGRAVE_AWA
100
AcDbLine
 10
0.0
 20
0.0
 30
0.0
 11
-22.27000000000002
 21
38.572771484558885
 31
0.0
  0
LINE
  5
66
330
17
100
AcDbEntity
  8
ENGRAVE_AWA
100
AcDbLine
 10
0.0
 20
0.0
 30
0.0
 11
-15.233577183725279
 21
41.85390932980436
 31
0.0
  0
LINE
  5
67
330
17
100
AcDbEntity
  8
ENGRAVE_AWA
100
AcDbLine
 10
0.0
 20
0.0
 30
0.0
 11
-7.73428983328508
 21
43.86333731916375
 31
0.0
  0
LINE
  5
68
330
17
100
AcDbEntity
  8
ENGRAVE_AWA
100
AcDbLine
 10
0.0
 20
-37.11666666666667
 30
0.0
 11
0.0
 21
44.54000000000001
 31
0.0
  0
TEXT
  5
69
330
17
100
AcDbEntity
  8
ENGRAVE_TEXT
100
AcDbText
 10
0.0
 20
-22.27
 30
0.0
 40
3.5
  1
0
 72
1
 11
0.0
 21
-22.27
 31
0.0
100
AcDbText
 73
2
  0
LINE
  5
6A
330
17
100
AcDbEntity
  8
ENGRAVE_AWA
100
AcDbLine
 10
0.0
 20
-37.11666666666667
 30
0.0
 11
14.000206984780958
 21
42.282452677006454
 31
0.0
  0
TEXT
  5
6B
330
17
100
AcDbEntity
  8
ENGRAVE_TEXT
100
AcDbText
 10
2.5780966110950256
 20
-22.495554226945416
 30
0.0
 40
3.5
  1
10
 50
-10.0
 72
1
 11
2.5780966110950256
 21
-22.495554226945416
 31
0.0
100
AcDbText
 73
2
  0
LINE
  5
6C
330
17
100
AcDbEntity
  8
ENGRAVE_AWA
100
AcDbLine
 10
0.0
 20
-37.11666666666667
 30
0.0
 11
26.530793595637515
 21
35.77608965755872
 31
0.0
  0
TEXT
  5
6D
330
17
100
AcDbEntity
  8
ENGRAVE_TEXT
100
AcDbText
 10
5.077859061241762
 20
-23.16536355673188
 30
0.0
 40
3.5
  1
20
 50
-20.0
 72
1
 11
5.077859061241762
 21
-23.16536355673188
 31
0.0
100
AcDbText
 73
2
  0
LINE
  5
6E
330
17
100
AcDbEntity
  8
ENGRAVE_AWA
100
AcDbLine
 10
0.0
 20
-37.11666666666667
 30
0.0
 11
36.31673968464431
 21
25.785771632390222
 31
0.0
  0
TEXT
  5
6F
330
17
100
AcDbEntity
  8
ENGRAVE_TEXT
100
AcDbText
 10
7.423333333333333
 20
-24.2590761718137
 30
0.0
 40
3.5
  1
30
 50
-30.0
 72
1
 11
7.423333333333333
 21
-24.2590761718137
 31
0.0
100
AcDbText
 73
2
  0
LINE
  5
70
330
17
100
AcDbEntity
  8
ENGRAVE_AWA
100
AcDbLine
 10
0.0
 20
-37.11666666666667
 30
0.0
 11
42.452392812215734
 21
13.476124981512065
 31
0.0
  0
TEXT
  5
71
330
17
100
AcDbEntity
  8
ENGRAVE_TEXT
100
AcDbText
 10
9.543253378479486
 20
-25.743460167826907
 30
0.0
 40
3.5
  1
40
 50
-40.0
 72
1
 11
9.543253378479486
 21
-25.743460167826907
 31
0.0
100
AcDbText
 73
2
  0
LINE
  5
72
330
17
100
AcDbEntity
  8
ENGRAVE_AWA
100
AcDbLine
 10
0.0
 20
-37.11666666666667
 30
0.0
 11
44.53926307347944
 21
0.25621255119778397
 31
0.0
  0
TEXT
  5
73
330
17
100
AcDbEntity
  8
ENGRAVE_TEXT
100
AcDbText
 10
11.37320649883976
 20
-27.57341328818718
 30
0.0
 40
3.5
  1
50
 50
-50.0
 72
1
 11
11.37320649883976
 21
-27.57341328818718
 31
0.0
100
AcDbText
 73
2
  0
LINE
  5
74
330
17
100
AcDbEntity
  8
ENGRAVE_AWA
100
AcDbLine
 10
0.0
 20
-37.11666666666667
 30
0.0
 11
42.77278012460979
 21
-12.421790547734524
 31
0.0
  0
TEXT
  5
75
330
17
100
AcDbEntity
  8
ENGRAVE_TEXT
100
AcDbText
 10
12.857590494852966
 20
-29.69333333333333
 30
0.0
 40
3.5
  1
60
 50
-60.0
 72
1
 11
12.857590494852966
 21
-29.69333333333333
 31
0.0
100
AcDbText
 73
2
  0
LINE
  5
76
330
17
100
AcDbEntity
  8
ENGRAVE_AWA
100
AcDbLine
 10
0.0
 20
-37.11666666666667
 30
0.0
 11
37.95903970932556
 21
-23.30070609114336
 31
0.0
  0
TEXT
  5
77
330
17
100
AcDbEntity
  8
ENGRAVE_TEXT
100
AcDbText
 10
13.951303109934786
 20
-32.03880760542491
 30
0.0
 40
3.5
  1
70
 50
-70.0
 72
1
 11
13.951303109934786
 21
-32.03880760542491
 31
0.0
100
AcDbText
 73
2
  0
LINE
  5
78
330
17
100
AcDbEntity
  8
ENGRAVE_AWA
100
AcDbLine
 10
0.0
 20
-37.11666666666667
 30
0.0
 11
31.41074487078096
 21
-31.578104861797954
 31
0.0
  0
TEXT
  5
79
330
17
100
AcDbEntity
  8
ENGRAVE_TEXT
100
AcDbText
 10
14.62111243972125
 20
-34.53857005557164
 30
0.0
 40
3.5
  1
80
 50
-80.0
 72
1
 11
14.62111243972125
 21
-34.53857005557164
 31
0.0
100
AcDbText
 73
2
  0
LINE
  5
7A
330
17
100
AcDbEntity
  8
ENGRAVE_AWA
100
AcDbLine
 10
0.0
 20
-37.11666666666667
 30
0.0
 11
24.62041136040492
 21
-37.11666666666667
 31
0.0
  0
LINE
  5
7B
330
17
100
AcDbEntity
  8
ENGRAVE_AWA
100
AcDbLine
 10
0.0
 20
-37.11666666666667
 30
0.0
 11
18.716097217676555
 21
-40.416819579705674
 31
0.0
  0
LINE
  5
7C
330
17
100
AcDbEntity
  8
ENGRAVE_AWA
100
AcDbLine
 10
0.0
 20
-37.11666666666667
 30
0.0
 11
14.10090626312684
 21
-42.2489768226227
 31
0.0
  0
LINE
  5
7D
330
17
100
AcDbEntity
  8
ENGRAVE_AWA
100
AcDbLine
 10
0.0
 20
-37.11666666666667
 30
0.0
 11
10.628803887477364
 21
-43.25320945226546
 31
0.0
  0
LINE
  5
7E
330
17
100
AcDbEntity
  8
ENGRAVE_AWA
100
AcDbLine
 10
0.0
 20
-37.11666666666667
 30
0.0
 11
7.986481974176314
 21
-43.81812074560201
 31
0.0
  0
LINE
  5
7F
330
17
100
AcDbEntity
  8
ENGRAVE_AWA
100
AcDbLine
 10
0.0
 20
-37.11666666666667
 30
0.0
 11
5.899611712912619
 21
-44.14755012044116
 31
0.0
  0
LINE
  5
80
330
17
100
AcDbEntity
  8
ENGRAVE_AWA
100
AcDbLine
 10
0.0
 20
-37.11666666666667
 30
0.0
 11
4.1727634475119055
 21
-44.34410496572356
 31
0.0
  0
LINE
  5
81
330
17
100
AcDbEntity
  8
ENGRAVE_AWA
100
AcDbLine
 10
0.0
 20
-37.11666666666667
 30
0.0
 11
2.6726601494387983
 21
-44.45974007712598
 31
0.0
  0
LINE
  5
82
330
17
100
AcDbEntity
  8
ENGRAVE_AWA
100
AcDbLine
 10
0.0
 20
-37.11666666666667
 30
0.0
 11
1.305559331676554
 21
-44.52086156883615
 31
0.0
  0
LINE
  5
83
330
17
100
AcDbEntity
  8
ENGRAVE_AWA
100
AcDbLine
 10
0.0
 20
-37.11666666666667
 30
0.0
 11
9.090961405670514e-16
 21
-44.54
 31
0.0
  0
LINE
  5
84
330
17
100
AcDbEntity
  8
ENGRAVE_AWA
100
AcDbLine
 10
0.0
 20
-37.11666666666667
 30
0.0
 11
-1.305559331676555
 21
-44.52086156883615
 31
0.0
  0
LINE
  5
85
330
17
100
AcDbEntity
  8
ENGRAVE_AWA
100
AcDbLine
 10
0.0
 20
-37.11666666666667
 30
0.0
 11
-2.6726601494387974
 21
-44.45974007712598
 31
0.0
  0
LINE
  5
86
330
17
100
AcDbEntity
  8
ENGRAVE_AWA
100
AcDbLine
 10
0.0
 20
-37.11666666666667
 30
0.0
 11
-4.172763447511908
 21
-44.34410496572356
 31
0.0
  0
LINE
  5
87
330
17
100
AcDbEntity
  8
ENGRAVE_AWA
100
AcDbLine
 10
0.0
 20
-37.11666666666667
 30
0.0
 11
-5.899611712912619
 21
-44.14755012044116
 31
0.0
  0
LINE
  5
88
330
17
100
AcDbEntity
  8
ENGRAVE_AWA
100
AcDbLine
 10
0.0
 20
-37.11666666666667
 30
0.0
 11
-7.986481974176309
 21
-43.818120745602
 31
0.0
  0
LINE
  5
89
330
17
100
AcDbEntity
  8
ENGRAVE_AWA
100
AcDbLine
 10
0.0
 20
-37.11666666666667
 30
0.0
 11
-10.62880388747735
 21
-43.253209452265466
 31
0.0
  0
LINE
  5
8A
330
17
100
AcDbEntity
  8
ENGRAVE_AWA
100
AcDbLine
 10
0.0
 20
-37.11666666666667
 30
0.0
 11
-14.100906263126843
 21
-42.2489768226227
 31
0.0
  0
LINE
  5
8B
330
17
100
AcDbEntity
  8
ENGRAVE_AWA
100
AcDbLine
 10
0.0
 20
-37.11666666666667
 30
0.0
 11
-18.716097217676555
 21
-40.416819579705674
 31
0.0
  0
LINE
  5
8C
330
17
100
AcDbEntity
  8
ENGRAVE_AWA
100
AcDbLine
 10
0.0
 20
-37.11666666666667
 30
0.0
 11
-24.62041136040491
 21
-37.116666666666674
 31
0.0
  0
LINE
  5
8D
330
17
100
AcDbEntity
  8
ENGRAVE_AWA
100
AcDbLine
 10
0.0
 20
-37.11666666666667
 30
0.0
 11
-31.410744870780945
 21
-31.57810486179797
 31
0.0
  0
TEXT
  5
8E
330
17
100
AcDbEntity
  8
ENGRAVE_TEXT
100
AcDbText
 10
-14.621112439721252
 20
-34.53857005557165
 30
0.0
 40
3.5
  1
80
 50
-280.0
 72
1
 11
-14.621112439721252
 21
-34.53857005557165
 31
0.0
100
AcDbText
 73
2
  0
LINE
  5
8F
330
17
100
AcDbEntity
  8
ENGRAVE_AWA
100
AcDbLine
 10
0.0
 20
-37.11666666666667
 30
0.0
 11
-37.959039709325566
 21
-23.30070609114335
 31
0.0
  0
TEXT
  5
90
330
17
100
AcDbEntity
  8
ENGRAVE_TEXT
100
AcDbText
 10
-13.951303109934786
 20
-32.0388076054249
 30
0.0
 40
3.5
  1
70
 50
-290.0
 72
1
 11
-13.951303109934786
 21
-32.0388076054249
 31
0.0
100
AcDbText
 73
2
  0
LINE
  5
91
330
17
100
AcDbEntity
  8
ENGRAVE_AWA
100
AcDbLine
 10
0.0
 20
-37.11666666666667
 30
0.0
 11
-42.77278012460979
 21
-12.421790547734524
 31
0.0
  0
TEXT
  5
92
330
17
100
AcDbEntity
  8
ENGRAVE_TEXT
100
AcDbText
 10
-12.857590494852966
 20
-29.69333333333333
 30
0.0
 40
3.5
  1
60
 50
-300.0
 72
1
 11
-12.857590494852966
 21
-29.69333333333333
 31
0.0
100
AcDbText
 73
2
  0
LINE
  5
93
330
17
100
AcDbEntity
  8
ENGRAVE_AWA
100
AcDbLine
 10
0.0
 20
-37.11666666666667
 30
0.0
 11
-44.53926307347944
 21
0.25621255119776976
 31
0.0
  0
TEXT
  5
94
330
17
100
AcDbEntity
  8
ENGRAVE_TEXT
100
AcDbText
 10
-11.373206498839762
 20
-27.573413288187183
 30
0.0
 40
3.5
  1
50
 50
-310.0
 72
1
 11
-11.373206498839762
 21
-27.573413288187183
 31
0.0
100
AcDbText
 73
2
  0
LINE
  5
95
330
17
100
AcDbEntity
  8
ENGRAVE_AWA
100
AcDbLine
 10
0.0
 20
-37.11666666666667
 30
0.0
 11
-42.45239281221575
 21
13.476124981512037
 31
0.0
  0
TEXT
  5
96
330
17
100
AcDbEntity
  8
ENGRAVE_TEXT
100
AcDbText
 10
-9.543253378479491
 20
-25.74346016782691
 30
0.0
 40
3.5
  1
40
 50
-320.0
 72
1
 11
-9.543253378479491
 21
-25.74346016782691
 31
0.0
100
AcDbText
 73
2
  0
LINE
  5
97
330
17
100
AcDbEntity
  8
ENGRAVE_AWA
100
AcDbLine
 10
0.0
 20
-37.11666666666667
 30
0.0
 11
-36.31673968464435
 21
25.785771632390194
 31
0.0
  0
TEXT
  5
98
330
17
100
AcDbEntity
  8
ENGRAVE_TEXT
100
AcDbText
 10
-7.42333333333334
 20
-24.259076171813703
 30
0.0
 40
3.5
  1
30
 50
-330.0
 72
1
 11
-7.42333333333334
 21
-24.259076171813703
 31
0.0
100
AcDbText
 73
2
  0
LINE
  5
99
330
17
100
AcDbEntity
  8
ENGRAVE_AWA
100
AcDbLine
 10
0.0
 20
-37.11666666666667
 30
0.0
 11
-26.530793595637505
 21
35.77608965755872
 31
0.0
  0
TEXT
  5
9A
330
17
100
AcDbEntity
  8
ENGRAVE_TEXT
100
AcDbText
 10
-5.07785906124176
 20
-23.16536355673188
 30
0.0
 40
3.5
  1
20
 50
-340.0
 72
1
 11
-5.07785906124176
 21
-23.16536355673188
 31
0.0
100
AcDbText
 73
2
  0
LINE
  5
9B
330
17
100
AcDbEntity
  8
ENGRAVE_AWA
100
AcDbLine
 10
0.0
 20
-37.11666666666667
 30
0.0
 11
-14.00020698478096
 21
42.28245267700644
 31
0.0
  0
TEXT
  5
9C
330
17
100
AcDbEntity
  8
ENGRAVE_TEXT
100
AcDbText
 10
-2.5780966110950265
 20
-22.495554226945416
 30
0.0
 40
3.5
  1
10
 50
-350.0
 72
1
 11
-2.5780966110950265
 21
-22.495554226945416
 31
0.0
100
AcDbText
 73
2
  0
ARC
  5
9D
330
17
100
AcDbEntity
  8
ENGRAVE_AWA
100
AcDbCircle
 10
0.0
 20
-37.11666666666667
 30
0.0
 40
7.423333333333334
100
AcDbArc
 50
0.0
 51
360.0
  0
TEXT
  5
9E
330
17
100
AcDbEntity
  8
ENGRAVE_TEXT
100
AcDbText
 10
0.0
 20
-28.693333333333335
 30
0.0
 40
4.0
  1
0.2
 72
1
 11
0.0
 21
-28.693333333333335
 31
0.0
100
AcDbText
 73
1
  0
ARC
  5
9F
330
17
100
AcDbEntity
  8
ENGRAVE_AWA
100
AcDbCircle
 10
0.0
 20
-37.11666666666667
 30
0.0
 40
14.846666666666668
100
AcDbArc
 50
339.51268488527734
 51
200.48731511472266
  0
TEXT
  5
A0
330
17
100
AcDbEntity
  8
ENGRAVE_TEXT
100
AcDbText
 10
0.0
 20
-21.27
 30
0.0
 40
4.0
  1
0.4
 72
1
 11
0.0
 21
-21.27
 31
0.0
100
AcDbText
 73
1
  0
ARC
  5
A1
330
17
100
AcDbEntity
  8
ENGRAVE_AWA
100
AcDbCircle
 10
0.0
 20
-37.11666666666667
 30
0.0
 40
22.270000000000003
100
AcDbArc
 50
356.1774462707257
 51
183.82255372927432
  0
TEXT
  5
A2
330
17
100
AcDbEntity
  8
ENGRAVE_TEXT
100
AcDbText
 10
0.0
 20
-13.846666666666664
 30
0.0
 40
4.0
  1
0.6
 72
1
 11
0.0
 21
-13.846666666666664
 31
0.0
100
AcDbText
 73
1
  0
ARC
  5
A3
330
17
100
AcDbEntity
  8
ENGRAVE_AWA
100
AcDbCircle
 10
0.0
 20
-37.11666666666667
 30
0.0
 40
29.693333333333335
100
AcDbArc
 50
7.18075578145828
 51
172.8192442185417
  0
TEXT
  5
A4
330
17
100
AcDbEntity
  8
ENGRAVE_TEXT
100
AcDbText
 10
0.0
 20
-6.423333333333332
 30
0.0
 40
4.0
  1
0.8
 72
1
 11
0.0
 21
-6.423333333333332
 31
0.0
100
AcDbText
 73
1
  0
ARC
  5
A5
330
17
100
AcDbEntity
  8
ENGRAVE_AWA
100
AcDbCircle
 10
0.0
 20
-37.11666666666667
 30
0.0
 40
37.11666666666667
100
AcDbArc
 50
16.26020470831196
 51
163.73979529168807
  0
TEXT
  5
A6
330
17
100
AcDbEntity
  8
ENGRAVE_TEXT
100
AcDbText
 10
0.0
 20
1.0
 30
0.0
 40
4.0
  1
1.0
 72
1
 11
0.0
 21
1.0
 31
0.0
100
AcDbText
 73
1
  0
ARC
  5
A7
330
17
100
AcDbEntity
  8
ENGRAVE_AWA
100
AcDbCircle
 10
0.0
 20
-37.11666666666667
 30
0.0
 40
44.540000000000006
100
AcDbArc
 50
24.62431835216408
 51
155.3756816478359
  0
TEXT
  5
A8
330
17
100
AcDbEntity
  8
ENGRAVE_TEXT
100
AcDbText
 10
0.0
 20
8.42333333333334
 30
0.0
 40
4.0
  1
1.2
 72
1
 11
0.0
 21
8.42333333333334
 31
0.0
100
AcDbText
 73
1
  0
ARC
  5
A9
330
17
100
AcDbEntity
  8
ENGRAVE_AWA
100
AcDbCircle
 10
0.0
 20
-37.11666666666667
 30
0.0
 40
51.96333333333334
100
AcDbArc
 50
32.878349564377494
 51
147.1216504356225
  0
TEXT
  5
AA
330
17
100
AcDbEntity
  8
ENGRAVE_TEXT
100
AcDbText
 10
0.0
 20
15.846666666666671
 30
0.0
 40
4.0
  1
1.4
 72
1
 11
0.0
 21
15.846666666666671
 31
0.0
100
AcDbText
 73
1
  0
ARC
  5
AB
330
17
100
AcDbEntity
  8
ENGRAVE_AWA
100
AcDbCircle
 10
0.0
 20
-37.11666666666667
 30
0.0
 40
59.38666666666667
100
AcDbArc
 50
41.49081685565182
 51
138.50918314434819
  0
TEXT
  5
AC
330
17
100
AcDbEntity
  8
ENGRAVE_TEXT
100
AcDbText
 10
0.0
 20
23.270000000000003
 30
0.0
 40
4.0
  1
1.6
 72
1
 11
0.0
 21
23.270000000000003
 31
0.0
100
AcDbText
 73
1
  0
ARC
  5
AD
330
17
100
AcDbEntity
  8
ENGRAVE_AWA
100
AcDbCircle
 10
0.0
 20
-37.11666666666667
 30
0.0
 40
66.81
100
AcDbArc
 50
51.05755873101863
 51
128.94244126898138
  0
TEXT
  5
AE
330
17
100
AcDbEntity
  8
ENGRAVE_TEXT
100
AcDbText
 10
0.0
 20
30.693333333333335
 30
0.0
 40
4.0
  1
1.8
 72
1
 11
0.0
 21
30.693333333333335
 31
0.0
100
AcDbText
 73
1
  0
ARC
  5
AF
330
17
100
AcDbEntity
  8
ENGRAVE_AWA
100
AcDbCircle
 10
0.0
 20
-37.11666666666667
 30
0.0
 40
74.23333333333333
100
AcDbArc
 50
62.873246882726036
 51
117.12675311727398
  0
TEXT
  5
B0
330
17
100
AcDbEntity
  8
ENGRAVE_TEXT
100
AcDbText
 10
0.0
 20
38.11666666666667
 30
0.0
 40
4.0
  1
2.0
 72
1
 11
0.0
 21
38.11666666666667
 31
0.0
100
AcDbText
 73
1
  0
LINE
  5
B1
330
17
100
AcDbEntity
  8
ENGRAVE_POLARS
100
AcDbLine
 10
20.178356837742076
 20
22.152412142968252
 30
0.0
 11
20.481860958628797
 21
22.080218806208062
 31
0.0
  0
LINE
  5
B2
330
17
100
AcDbEntity
  8
ENGRAVE_POLARS
100
AcDbLine
 10
20.481860958628797
 20
22.080218806208062
 30
0.0
 11
20.871236921136003
 21
21.996397665982496
 31
0.0
  0
LINE
  5
B3
330
17
100
AcDbEntity
  8
ENGRAVE_POLARS
100
AcDbLine
 10
20.871236921136003
 20
21.996397665982496
 30
0.0
 11
21.332069846981817
 21
21.901140461108437
 31
0.0
  0
LINE
  5
B4
330
17
100
AcDbEntity
  8
ENGRAVE_POLARS
100
AcDbLine
 10
21.332069846981817
 20
21.901140461108437
 30
0.0
 11
21.849944857884374
 21
21.79463893040274
 31
0.0
  0
LINE
  5
B5
330
17
100
AcDbEntity
  8
ENGRAVE_POLARS
100
AcDbLine
 10
21.849944857884374
 20
21.79463893040274
 30
0.0
 11
22.410447075561795
 21
21.67708481268229
 31
0.0
  0
LINE
  5
B6
330
17
100
AcDbEntity
  8
ENGRAVE_POLARS
100
AcDbLine
 10
22.410447075561795
 20
21.67708481268229
 30
0.0
 11
22.9991616217322
 21
21.54866984676395
 31
0.0
  0
LINE
  5
B7
330
17
100
AcDbEntity
  8
ENGRAVE_POLARS
100
AcDbLine
 10
22.9991616217322
 20
21.54866984676395
 30
0.0
 11
23.601673618113725
 21
21.409585771464595
 31
0.0
  0
LINE
  5
B8
330
17
100
AcDbEntity
  8
ENGRAVE_POLARS
100
AcDbLine
 10
23.601673618113725
 20
21.409585771464595
 30
0.0
 11
24.2035681864245
 21
21.260024325601105
 31
0.0
  0
LINE
  5
B9
330
17
100
AcDbEntity
  8
ENGRAVE_POLARS
100
AcDbLine
 10
24.2035681864245
 20
21.260024325601105
 30
0.0
 11
24.790430448382644
 21
21.100177247990345
 31
0.0
  0
LINE
  5
BA
330
17
100
AcDbEntity
  8
ENGRAVE_POLARS
100
AcDbLine
 10
24.790430448382644
 20
21.100177247990345
 30
0.0
 11
25.347845525706283
 21
20.930236277449175
 31
0.0
  0
LINE
  5
BB
330
17
100
AcDbEntity
  8
ENGRAVE_POLARS
100
AcDbLine
 10
25.347845525706283
 20
20.930236277449175
 30
0.0
 11
25.861398540113544
 21
20.750393152794484
 31
0.0
  0
LINE
  5
BC
330
17
100
AcDbEntity
  8
ENGRAVE_POLARS
100
AcDbLine
 10
25.861398540113544
 20
20.750393152794484
 30
0.0
 11
26.31667461332256
 21
20.560839612843143
 31
0.0
  0
LINE
  5
BD
330
17
100
AcDbEntity
  8
ENGRAVE_POLARS
100
AcDbLine
 10
26.31667461332256
 20
20.560839612843143
 30
0.0
 11
26.72530408973767
 21
20.36344610839479
 31
0.0
  0
LINE
  5
BE
330
17
100
AcDbEntity
  8
ENGRAVE_POLARS
100
AcDbLine
 10
26.72530408973767
 20
20.36344610839479
 30
0.0
 11
27.11041341937824
 21
20.159193756703534
 31
0.0
  0
LINE
  5
BF
330
17
100
AcDbEntity
  8
ENGRAVE_POLARS
100
AcDbLine
 10
27.11041341937824
 20
20.159193756703534
 30
0.0
 11
27.474831882384894
 21
19.94694029626792
 31
0.0
  0
LINE
  5
C0
330
17
100
AcDbEntity
  8
ENGRAVE_POLARS
100
AcDbLine
 10
27.474831882384894
 20
19.94694029626792
 30
0.0
 11
27.82138875889828
 21
19.72554346558648
 31
0.0
  0
LINE
  5
C1
330
17
100
AcDbEntity
  8
ENGRAVE_POLARS
100
AcDbLine
 10
27.82138875889828
 20
19.72554346558648
 30
0.0
 11
28.15291332905904
 21
19.49386100315777
 31
0.0
  0
LINE
  5
C2
330
17
100
AcDbEntity
  8
ENGRAVE_POLARS
100
AcDbLine
 10
28.15291332905904
 20
19.49386100315777
 30
0.0
 11
28.4722348730078
 21
19.25075064748034
 31
0.0
  0
LINE
  5
C3
330
17
100
AcDbEntity
  8
ENGRAVE_POLARS
100
AcDbLine
 10
28.4722348730078
 20
19.25075064748034
 30
0.0
 11
28.78218267088522
 21
18.995070137052725
 31
0.0
  0
LINE
  5
C4
330
17
100
AcDbEntity
  8
ENGRAVE_POLARS
100
AcDbLine
 10
28.78218267088522
 20
18.995070137052725
 30
0.0
 11
29.085586002831924
 21
18.725677210373487
 31
0.0
  0
LINE
  5
C5
330
17
100
AcDbEntity
  8
ENGRAVE_POLARS
100
AcDbLine
 10
29.085586002831924
 20
18.725677210373487
 30
0.0
 11
29.385274148988564
 21
18.44142960594116
 31
0.0
  0
LINE
  5
C6
330
17
100
AcDbEntity
  8
ENGRAVE_POLARS
100
AcDbLine
 10
29.385274148988564
 20
18.44142960594116
 30
0.0
 11
29.68407638949577
 21
18.141185062254294
 31
0.0
  0
LINE
  5
C7
330
17
100
AcDbEntity
  8
ENGRAVE_POLARS
100
AcDbLine
 10
29.68407638949577
 20
18.141185062254294
 30
0.0
 11
29.98482200449418
 21
17.823801317811423
 31
0.0
  0
LINE
  5
C8
330
17
100
AcDbEntity
  8
ENGRAVE_POLARS
100
AcDbLine
 10
29.98482200449418
 20
17.823801317811423
 30
0.0
 11
30.290340274124443
 21
17.488136111111114
 31
0.0
  0
LINE
  5
C9
330
17
100
AcDbEntity
  8
ENGRAVE_POLARS
100
AcDbLine
 10
30.290340274124443
 20
17.488136111111114
 30
0.0
 11
30.6033015681214
 21
17.12155719441348
 31
0.0
  0
LINE
  5
CA
330
17
100
AcDbEntity
  8
ENGRAVE_POLARS
100
AcDbLine
 10
30.6033015681214
 20
17.12155719441348
 30
0.0
 11
30.92231872525381
 21
16.717271968067465
 31
0.0
  0
LINE
  5
CB
330
17
100
AcDbEntity
  8
ENGRAVE_POLARS
100
AcDbLine
 10
30.92231872525381
 20
16.717271968067465
 30
0.0
 11
31.244134729213155
 21
16.282897642704828
 31
0.0
  0
LINE
  5
CC
330
17
100
AcDbEntity
  8
ENGRAVE_POLARS
100
AcDbLine
 10
31.244134729213155
 20
16.282897642704828
 30
0.0
 11
31.565492563690942
 21
15.826051428957344
 31
0.0
  0
LINE
  5
CD
330
17
100
AcDbEntity
  8
ENGRAVE_POLARS
100
AcDbLine
 10
31.565492563690942
 20
15.826051428957344
 30
0.0
 11
31.883135212378658
 21
15.354350537456773
 31
0.0
  0
LINE
  5
CE
330
17
100
AcDbEntity
  8
ENGRAVE_POLARS
100
AcDbLine
 10
31.883135212378658
 20
15.354350537456773
 30
0.0
 11
32.19380565896779
 21
14.875412178834882
 31
0.0
  0
LINE
  5
CF
330
17
100
AcDbEntity
  8
ENGRAVE_POLARS
100
AcDbLine
 10
32.19380565896779
 20
14.875412178834882
 30
0.0
 11
32.49424688714984
 21
14.39685356372343
 31
0.0
  0
LINE
  5
D0
330
17
100
AcDbEntity
  8
ENGRAVE_POLARS
100
AcDbLine
 10
32.49424688714984
 20
14.39685356372343
 30
0.0
 11
32.7812018806163
 21
13.926291902754189
 31
0.0
  0
LINE
  5
D1
330
17
100
AcDbEntity
  8
ENGRAVE_POLARS
100
AcDbLine
 10
32.7812018806163
 20
13.926291902754189
 30
0.0
 11
33.051413623058664
 21
13.471344406558925
 31
0.0
  0
LINE
  5
D2
330
17
100
AcDbEntity
  8
ENGRAVE_POLARS
100
AcDbLine
 10
33.051413623058664
 20
13.471344406558925
 30
0.0
 11
33.30162509816842
 21
13.039628285769398
 31
0.0
  0
LINE
  5
D3
330
17
100
AcDbEntity
  8
ENGRAVE_POLARS
100
AcDbLine
 10
33.30162509816842
 20
13.039628285769398
 30
0.0
 11
33.528579289637065
 21
12.638760751017372
 31
0.0
  0
LINE
  5
D4
330
17
100
AcDbEntity
  8
ENGRAVE_POLARS
100
AcDbLine
 10
33.528579289637065
 20
12.638760751017372
 30
0.0
 11
33.72901918115609
 21
12.276359012934618
 31
0.0
  0
LINE
  5
D5
330
17
100
AcDbEntity
  8
ENGRAVE_POLARS
100
AcDbLine
 10
33.72901918115609
 20
12.276359012934618
 30
0.0
 11
33.9005066954205
 21
11.951073167701107
 31
0.0
  0
LINE
  5
D6
330
17
100
AcDbEntity
  8
ENGRAVE_POLARS
100
AcDbLine
 10
33.9005066954205
 20
11.951073167701107
 30
0.0
 11
34.04504343739095
 21
11.653734501287628
 31
0.0
  0
LINE
  5
D7
330
17
100
AcDbEntity
  8
ENGRAVE_POLARS
100
AcDbLine
 10
34.04504343739095
 20
11.653734501287628
 30
0.0
 11
34.16603191415739
 21
11.38023200901216
 31
0.0
  0
LINE
  5
D8
330
17
100
AcDbEntity
  8
ENGRAVE_POLARS
100
AcDbLine
 10
34.16603191415739
 20
11.38023200901216
 30
0.0
 11
34.26687463280977
 21
11.126454686192684
 31
0.0
  0
LINE
  5
D9
330
17
100
AcDbEntity
  8
ENGRAVE_POLARS
100
AcDbLine
 10
34.26687463280977
 20
11.126454686192684
 30
0.0
 11
34.35097410043806
 21
10.888291528147182
 31
0.0
  0
LINE
  5
DA
330
17
100
AcDbEntity
  8
ENGRAVE_POLARS
100
AcDbLine
 10
34.35097410043806
 20
10.888291528147182
 30
0.0
 11
34.4217328241322
 21
10.661631530193635
 31
0.0
  0
LINE
  5
DB
330
17
100
AcDbEntity
  8
ENGRAVE_POLARS
100
AcDbLine
 10
34.4217328241322
 20
10.661631530193635
 30
0.0
 11
34.48255331098215
 21
10.44236368765002
 31
0.0
  0
LINE
  5
DC
330
17
100
AcDbEntity
  8
ENGRAVE_POLARS
100
AcDbLine
 10
34.48255331098215
 20
10.44236368765002
 30
0.0
 11
34.53683806807787
 21
10.226376995834327
 31
0.0
  0
LINE
  5
DD
330
17
100
AcDbEntity
  8
ENGRAVE_POLARS
100
AcDbLine
 10
34.53683806807787
 20
10.226376995834327
 30
0.0
 11
34.58798960250932
 21
10.009560450064534
 31
0.0
  0
LINE
  5
DE
330
17
100
AcDbEntity
  8
ENGRAVE_POLARS
100
AcDbLine
 10
34.58798960250932
 20
10.009560450064534
 30
0.0
 11
34.63941042136644
 21
9.787803045658615
 31
0.0
  0
LINE
  5
DF
330
17
100
AcDbEntity
  8
ENGRAVE_POLARS
100
AcDbLine
 10
34.63941042136644
 20
9.787803045658615
 30
0.0
 11
34.694503031739195
 21
9.556993777934558
 31
0.0
  0
LINE
  5
E0
330
17
100
AcDbEntity
  8
ENGRAVE_POLARS
100
AcDbLine
 10
34.694503031739195
 20
9.556993777934558
 30
0.0
 11
34.75666994071754
 21
9.313021642210343
 31
0.0
  0
LINE
  5
E1
330
17
100
AcDbEntity
  8
ENGRAVE_POLARS
100
AcDbLine
 10
34.75666994071754
 20
9.313021642210343
 30
0.0
 11
34.81839034720959
 21
9.07032006464233
 31
0.0
  0
LINE
  5
E2
330
17
100
AcDbEntity
  8
ENGRAVE_POLARS
100
AcDbLine
 10
34.81839034720959
 20
9.07032006464233
 30
0.0
 11
34.871166460967835
 21
8.842558685164954
 31
0.0
  0
LINE
  5
E3
330
17
100
AcDbEntity
  8
ENGRAVE_POLARS
100
AcDbLine
 10
34.871166460967835
 20
8.842558685164954
 30
0.0
 11
34.91693530534877
 21
8.624480819763303
 31
0.0
  0
LINE
  5
E4
330
17
100
AcDbEntity
  8
ENGRAVE_POLARS
100
AcDbLine
 10
34.91693530534877
 20
8.624480819763303
 30
0.0
 11
34.95763390370894
 21
8.41082978442246
 31
0.0
  0
LINE
  5
E5
330
17
100
AcDbEntity
  8
ENGRAVE_POLARS
100
AcDbLine
 10
34.95763390370894
 20
8.41082978442246
 30
0.0
 11
34.99519927940482
 21
8.19634889512752
 31
0.0
  0
LINE
  5
E6
330
17
100
AcDbEntity
  8
ENGRAVE_POLARS
100
AcDbLine
 10
34.99519927940482
 20
8.19634889512752
 30
0.0
 11
35.031568455792936
 21
7.975781467863561
 31
0.0
  0
LINE
  5
E7
330
17
100
AcDbEntity
  8
ENGRAVE_POLARS
100
AcDbLine
 10
35.031568455792936
 20
7.975781467863561
 30
0.0
 11
35.06867845622978
 21
7.743870818615674
 31
0.0
  0
LINE
  5
E8
330
17
100
AcDbEntity
  8
ENGRAVE_POLARS
100
AcDbLine
 10
35.06867845622978
 20
7.743870818615674
 30
0.0
 11
35.10846630407189
 21
7.49536026336895
 31
0.0
  0
LINE
  5
E9
330
17
100
AcDbEntity
  8
ENGRAVE_POLARS
100
AcDbLine
 10
35.10846630407189
 20
7.49536026336895
 30
0.0
 11
35.152869022675766
 21
7.224993118108472
 31
0.0
  0
LINE
  5
EA
330
17
100
AcDbEntity
  8
ENGRAVE_POLARS
100
AcDbLine
 10
35.152869022675766
 20
7.224993118108472
 30
0.0
 11
35.203823635397896
 21
6.927512698819327
 31
0.0
  0
LINE
  5
EB
330
17
100
AcDbEntity
  8
ENGRAVE_POLARS
100
AcDbLine
 10
35.203823635397896
 20
6.927512698819327
 30
0.0
 11
35.263267165594826
 21
6.597662321486604
 31
0.0
  0
LINE
  5
EC
330
17
100
AcDbEntity
  8
ENGRAVE_POLARS
100
AcDbLine
 10
35.263267165594826
 20
6.597662321486604
 30
0.0
 11
35.33313663662304
 21
6.23018530209539
 31
0.0
  0
LINE
  5
ED
330
17
100
AcDbEntity
  8
ENGRAVE_POLARS
100
AcDbLine
 10
35.33313663662304
 20
6.23018530209539
 30
0.0
 11
35.4211364180417
 21
5.842317853725525
 31
0.0
  0
LINE
  5
EE
330
17
100
AcDbEntity
  8
ENGRAVE_POLARS
100
AcDbLine
 10
35.4211364180417
 20
5.842317853725525
 30
0.0
 11
35.53005617409044
 21
5.450763039989539
 31
0.0
  0
LINE
  5
EF
330
17
100
AcDbEntity
  8
ENGRAVE_POLARS
100
AcDbLine
 10
35.53005617409044
 20
5.450763039989539
 30
0.0
 11
35.6544608701465
 21
5.049464452671557
 31
0.0
  0
LINE
  5
F0
330
17
100
AcDbEntity
  8
ENGRAVE_POLARS
100
AcDbLine
 10
35.6544608701465
 20
5.049464452671557
 30
0.0
 11
35.78891547158709
 21
4.632365683555697
 31
0.0
  0
LINE
  5
F1
330
17
100
AcDbEntity
  8
ENGRAVE_POLARS
100
AcDbLine
 10
35.78891547158709
 20
4.632365683555697
 30
0.0
 11
35.92798494378945
 21
4.193410324426086
 31
0.0
  0
LINE
  5
F2
330
17
100
AcDbEntity
  8
ENGRAVE_POLARS
100
AcDbLine
 10
35.92798494378945
 20
4.193410324426086
 30
0.0
 11
36.06623425213078
 21
3.726541967066844
 31
0.0
  0
LINE
  5
F3
330
17
100
AcDbEntity
  8
ENGRAVE_POLARS
100
AcDbLine
 10
36.06623425213078
 20
3.726541967066844
 30
0.0
 11
36.198228361988335
 21
3.225704203262093
 31
0.0
  0
LINE
  5
F4
330
17
100
AcDbEntity
  8
ENGRAVE_POLARS
100
AcDbLine
 10
36.198228361988335
 20
3.225704203262093
 30
0.0
 11
36.31853223873933
 21
2.684840624795956
 31
0.0
  0
LINE
  5
F5
330
17
100
AcDbEntity
  8
ENGRAVE_POLARS
100
AcDbLine
 10
36.31853223873933
 20
2.684840624795956
 30
0.0
 11
36.42171084776099
 21
2.097894823452558
 31
0.0
  0
LINE
  5
F6
330
17
100
AcDbEntity
  8
ENGRAVE_POLARS
100
AcDbLine
 10
36.42171084776099
 20
2.097894823452558
 30
0.0
 11
36.50232915443055
 21
1.4588103910160164
 31
0.0
  0
LINE
  5
F7
330
17
100
AcDbEntity
  8
ENGRAVE_POLARS
100
AcDbLine
 10
36.50232915443055
 20
1.4588103910160164
 30
0.0
 11
36.554952124125215
 21
0.7615309192704572
 31
0.0
  0
LINE
  5
F8
330
17
100
AcDbEntity
  8
ENGRAVE_POLARS
100
AcDbLine
 10
36.554952124125215
 20
0.7615309192704572
 30
0.0
 11
36.57414472222222
 21
2.2395204632810753e-15
 31
0.0
  0
LINE
  5
F9
330
17
100
AcDbEntity
  8
ENGRAVE_POLARS
100
AcDbLine
 10
36.57414472222222
 20
2.2395204632810753e-15
 30
0.0
 11
36.56547360838445
 21
-0.8631165579843257
 31
0.0
  0
LINE
  5
FA
330
17
100
AcDbEntity
  8
ENGRAVE_POLARS
100
AcDbLine
 10
36.56547360838445
 20
-0.8631165579843257
 30
0.0
 11
36.538410331076754
 21
-1.8449698855672814
 31
0.0
  0
LINE
  5
FB
330
17
100
AcDbEntity
  8
ENGRAVE_POLARS
100
AcDbLine
 10
36.538410331076754
 20
-1.8449698855672814
 30
0.0
 11
36.49337718887933
 21
-2.921341800508409
 31
0.0
  0
LINE
  5
FC
330
17
100
AcDbEntity
  8
ENGRAVE_POLARS
100
AcDbLine
 10
36.49337718887933
 20
-2.921341800508409
 30
0.0
 11
36.430796480372365
 21
-4.068014120567256
 31
0.0
  0
LINE
  5
FD
330
17
100
AcDbEntity
  8
ENGRAVE_POLARS
100
AcDbLine
 10
36.430796480372365
 20
-4.068014120567256
 30
0.0
 11
36.351090504136074
 21
-5.260768663503366
 31
0.0
  0
LINE
  5
FE
330
17
100
AcDbEntity
  8
ENGRAVE_POLARS
100
AcDbLine
 10
36.351090504136074
 20
-5.260768663503366
 30
0.0
 11
36.25468155875064
 21
-6.475387247076283
 31
0.0
  0
LINE
  5
FF
330
17
100
AcDbEntity
  8
ENGRAVE_POLARS
100
AcDbLine
 10
36.25468155875064
 20
-6.475387247076283
 30
0.0
 11
36.141991942796274
 21
-7.687651689045557
 31
0.0
  0
LINE
  5
100
330
17
100
AcDbEntity
  8
ENGRAVE_POLARS
100
AcDbLine
 10
36.141991942796274
 20
-7.687651689045557
 30
0.0
 11
36.01344395485316
 21
-8.87334380717073
 31
0.0
  0
LINE
  5
101
330
17
100
AcDbEntity
  8
ENGRAVE_POLARS
100
AcDbLine
 10
36.01344395485316
 20
-8.87334380717073
 30
0.0
 11
35.86945989350151
 21
-10.008245419211343
 31
0.0
  0
LINE
  5
102
330
17
100
AcDbEntity
  8
ENGRAVE_POLARS
100
AcDbLine
 10
35.86945989350151
 20
-10.008245419211343
 30
0.0
 11
35.71046205732151
 21
-11.06813834292695
 31
0.0
  0
LINE
  5
103
330
17
100
AcDbEntity
  8
ENGRAVE_POLARS
100
AcDbLine
 10
35.71046205732151
 20
-11.06813834292695
 30
0.0
 11
35.53687274489335
 21
-12.028804396077092
 31
0.0
  0
LINE
  5
104
330
17
100
AcDbEntity
  8
ENGRAVE_POLARS
100
AcDbLine
 10
35.53687274489335
 20
-12.028804396077092
 30
0.0
 11
35.349114254797264
 21
-12.866025396421314
 31
0.0
  0
LINE
  5
105
330
17
100
AcDbEntity
  8
ENGRAVE_POLARS
100
AcDbLine
 10
35.349114254797264
 20
-12.866025396421314
 30
0.0
 11
35.156136544889506
 21
-13.587025435541296
 31
0.0
  0
LINE
  5
106
330
17
100
AcDbEntity
  8
ENGRAVE_POLARS
100
AcDbLine
 10
35.156136544889506
 20
-13.587025435541296
 30
0.0
 11
34.96317435353661
 21
-14.222821497796785
 31
0.0
  0
LINE
  5
107
330
17
100
AcDbEntity
  8
ENGRAVE_POLARS
100
AcDbLine
 10
34.96317435353661
 20
-14.222821497796785
 30
0.0
 11
34.765077150084096
 21
-14.784884740114427
 31
0.0
  0
LINE
  5
108
330
17
100
AcDbEntity
  8
ENGRAVE_POLARS
100
AcDbLine
 10
34.765077150084096
 20
-14.784884740114427
 30
0.0
 11
34.55669440387751
 21
-15.284686319420869
 31
0.0
  0
LINE
  5
109
330
17
100
AcDbEntity
  8
ENGRAVE_POLARS
100
AcDbLine
 10
34.55669440387751
 20
-15.284686319420869
 30
0.0
 11
34.332875584262375
 21
-15.733697392642753
 31
0.0
  0
LINE
  5
10A
330
17
100
AcDbEntity
  8
ENGRAVE_POLARS
100
AcDbLine
 10
34.332875584262375
 20
-15.733697392642753
 30
0.0
 11
34.08847016058423
 21
-16.143389116706732
 31
0.0
  0
LINE
  5
10B
330
17
100
AcDbEntity
  8
ENGRAVE_POLARS
100
AcDbLine
 10
34.08847016058423
 20
-16.143389116706732
 30
0.0
 11
33.81832760218861
 21
-16.525232648539443
 31
0.0
  0
LINE
  5
10C
330
17
100
AcDbEntity
  8
ENGRAVE_POLARS
100
AcDbLine
 10
33.81832760218861
 20
-16.525232648539443
 30
0.0
 11
33.51729737842105
 21
-16.89069914506754
 31
0.0
  0
LINE
  5
10D
330
17
100
AcDbEntity
  8
ENGRAVE_POLARS
100
AcDbLine
 10
33.51729737842105
 20
-16.89069914506754
 30
0.0
 11
33.18022895862709
 21
-17.25125976321766
 31
0.0
  0
LINE
  5
10E
330
17
100
AcDbEntity
  8
ENGRAVE_POLARS
100
AcDbLine
 10
33.18022895862709
 20
-17.25125976321766
 30
0.0
 11
32.801971812152246
 21
-17.61838565991646
 31
0.0
  0
LINE
  5
10F
330
17
100
AcDbEntity
  8
ENGRAVE_POLARS
100
AcDbLine
 10
32.801971812152246
 20
-17.61838565991646
 30
0.0
 11
32.377375408342054
 21
-18.003547992090578
 31
0.0
  0
LINE
  5
110
330
17
100
AcDbEntity
  8
ENGRAVE_POLARS
100
AcDbLine
 10
32.377375408342054
 20
-18.003547992090578
 30
0.0
 11
31.901289216542068
 21
-18.41821791666666
 31
0.0
  0
LINE
  5
111
330
17
100
AcDbEntity
  8
ENGRAVE_POLARS
100
AcDbLine
 10
31.901289216542068
 20
-18.41821791666666
 30
0.0
 11
31.35020757559625
 21
-18.85937334633188
 31
0.0
  0
LINE
  5
112
330
17
100
AcDbEntity
  8
ENGRAVE_POLARS
100
AcDbLine
 10
31.35020757559625
 20
-18.85937334633188
 30
0.0
 11
30.714791098210206
 21
-19.31257714523991
 31
0.0
  0
LINE
  5
113
330
17
100
AcDbEntity
  8
ENGRAVE_POLARS
100
AcDbLine
 10
30.714791098210206
 20
-19.31257714523991
 30
0.0
 11
30.011138664521866
 21
-19.772177897517164
 31
0.0
  0
LINE
  5
114
330
17
100
AcDbEntity
  8
ENGRAVE_POLARS
100
AcDbLine
 10
30.011138664521866
 20
-19.772177897517164
 30
0.0
 11
29.255349154669172
 21
-20.23252418729004
 31
0.0
  0
LINE
  5
115
330
17
100
AcDbEntity
  8
ENGRAVE_POLARS
100
AcDbLine
 10
29.255349154669172
 20
-20.23252418729004
 30
0.0
 11
28.46352144879008
 21
-20.687964598684943
 31
0.0
  0
LINE
  5
116
330
17
100
AcDbEntity
  8
ENGRAVE_POLARS
100
AcDbLine
 10
28.46352144879008
 20
-20.687964598684943
 30
0.0
 11
27.65175442702251
 21
-21.132847715828277
 31
0.0
  0
LINE
  5
117
330
17
100
AcDbEntity
  8
ENGRAVE_POLARS
100
AcDbLine
 10
27.65175442702251
 20
-21.132847715828277
 30
0.0
 11
26.836146969504416
 21
-21.56152212284645
 31
0.0
  0
LINE
  5
118
330
17
100
AcDbEntity
  8
ENGRAVE_POLARS
100
AcDbLine
 10
26.836146969504416
 20
-21.56152212284645
 30
0.0
 11
26.03279795637374
 21
-21.96833640386587
 31
0.0
  0
LINE
  5
119
330
17
100
AcDbEntity
  8
ENGRAVE_POLARS
100
AcDbLine
 10
26.03279795637374
 20
-21.96833640386587
 30
0.0
 11
25.257806267768434
 21
-22.347639143012938
 31
0.0
  0
LINE
  5
11A
330
17
100
AcDbEntity
  8
ENGRAVE_POLARS
100
AcDbLine
 10
25.257806267768434
 20
-22.347639143012938
 30
0.0
 11
24.52727078382642
 21
-22.693778924414055
 31
0.0
  0
LINE
  5
11B
330
17
100
AcDbEntity
  8
ENGRAVE_POLARS
100
AcDbLine
 10
24.52727078382642
 20
-22.693778924414055
 30
0.0
 11
23.85729038468565
 21
-23.001104332195627
 31
0.0
  0
LINE
  5
11C
330
17
100
AcDbEntity
  8
ENGRAVE_POLARS
100
AcDbLine
 10
23.85729038468565
 20
-23.001104332195627
 30
0.0
 11
23.26396395048407
 21
-23.263963950484065
 31
0.0
  0
LINE
  5
11D
330
17
100
AcDbEntity
  8
ENGRAVE_POLARS
100
AcDbLine
 10
23.26396395048407
 20
-23.263963950484065
 30
0.0
 11
22.742970247619027
 21
-23.480509106209016
 31
0.0
  0
LINE
  5
11E
330
17
100
AcDbEntity
  8
ENGRAVE_POLARS
100
AcDbLine
 10
22.742970247619027
 20
-23.480509106209016
 30
0.0
 11
22.273996985465633
 21
-23.655728552005996
 31
0.0
  0
LINE
  5
11F
330
17
100
AcDbEntity
  8
ENGRAVE_POLARS
100
AcDbLine
 10
22.273996985465633
 20
-23.655728552005996
 30
0.0
 11
21.849156458628464
 21
-23.794227010560213
 31
0.0
  0
LINE
  5
120
330
17
100
AcDbEntity
  8
ENGRAVE_POLARS
100
AcDbLine
 10
21.849156458628464
 20
-23.794227010560213
 30
0.0
 11
21.460560961712076
 21
-23.900609204556876
 31
0.0
  0
LINE
  5
121
330
17
100
AcDbEntity
  8
ENGRAVE_POLARS
100
AcDbLine
 10
21.460560961712076
 20
-23.900609204556876
 30
0.0
 11
21.10032278932105
 21
-23.97947985668118
 31
0.0
  0
LINE
  5
122
330
17
100
AcDbEntity
  8
ENGRAVE_POLARS
100
AcDbLine
 10
21.10032278932105
 20
-23.97947985668118
 30
0.0
 11
20.76055423605996
 21
-24.03544368961834
 31
0.0
  0
LINE
  5
123
330
17
100
AcDbEntity
  8
ENGRAVE_POLARS
100
AcDbLine
 10
20.76055423605996
 20
-24.03544368961834
 30
0.0
 11
20.433367596533365
 21
-24.07310542605356
 31
0.0
  0
LINE
  5
124
330
17
100
AcDbEntity
  8
ENGRAVE_POLARS
100
AcDbLine
 10
20.433367596533365
 20
-24.07310542605356
 30
0.0
 11
20.110875165345835
 21
-24.09706978867204
 31
0.0
  0
LINE
  5
125
330
17
100
AcDbEntity
  8
ENGRAVE_POLARS
100
AcDbLine
 10
20.110875165345835
 20
-24.09706978867204
 30
0.0
 11
19.785189237101953
 21
-24.111941500159
 31
0.0
  0
LINE
  5
126
330
17
100
AcDbEntity
  8
ENGRAVE_POLARS
100
AcDbLine
 10
19.785189237101953
 20
-24.111941500159
 30
0.0
 11
19.44842210640627
 21
-24.122325283199626
 31
0.0
  0
LINE
  5
127
330
17
100
AcDbEntity
  8
ENGRAVE_POLARS
100
AcDbLine
 10
19.44842210640627
 20
-24.122325283199626
 30
0.0
 11
19.092686067863372
 21
-24.132825860479134
 31
0.0
  0
LINE
  5
128
330
17
100
AcDbEntity
  8
ENGRAVE_POLARS
100
AcDbLine
 10
19.092686067863372
 20
-24.132825860479134
 30
0.0
 11
18.710093416077818
 21
-24.148047954682728
 31
0.0
  0
LINE
  5
129
330
17
100
AcDbEntity
  8
ENGRAVE_POLARS
100
AcDbLine
 10
18.710093416077818
 20
-24.148047954682728
 30
0.0
 11
18.31739599635818
 21
-24.163104975697063
 31
0.0
  0
LINE
  5
12A
330
17
100
AcDbEntity
  8
ENGRAVE_POLARS
100
AcDbLine
 10
18.31739599635818
 20
-24.163104975697063
 30
0.0
 11
17.933858843423096
 21
-24.169863941429774
 31
0.0
  0
LINE
  5
12B
330
17
100
AcDbEntity
  8
ENGRAVE_POLARS
100
AcDbLine
 10
17.933858843423096
 20
-24.169863941429774
 30
0.0
 11
17.555364035992266
 21
-24.168059986597573
 31
0.0
  0
LINE
  5
12C
330
17
100
AcDbEntity
  8
ENGRAVE_POLARS
100
AcDbLine
 10
17.555364035992266
 20
-24.168059986597573
 30
0.0
 11
17.177793652785375
 21
-24.157428245917142
 31
0.0
  0
LINE
  5
12D
330
17
100
AcDbEntity
  8
ENGRAVE_POLARS
100
AcDbLine
 10
17.177793652785375
 20
-24.157428245917142
 30
0.0
 11
16.79702977252213
 21
-24.137703854105183
 31
0.0
  0
LINE
  5
12E
330
17
100
AcDbEntity
  8
ENGRAVE_POLARS
100
AcDbLine
 10
16.79702977252213
 20
-24.137703854105183
 30
0.0
 11
16.40895447392221
 21
-24.10862194587839
 31
0.0
  0
LINE
  5
12F
330
17
100
AcDbEntity
  8
ENGRAVE_POLARS
100
AcDbLine
 10
16.40895447392221
 20
-24.10862194587839
 30
0.0
 11
16.009449835705325
 21
-24.069917655953446
 31
0.0
  0
LINE
  5
130
330
17
100
AcDbEntity
  8
ENGRAVE_POLARS
100
AcDbLine
 10
16.009449835705325
 20
-24.069917655953446
 30
0.0
 11
15.594397936591157
 21
-24.02132611904707
 31
0.0
  0
LINE
  5
131
330
17
100
AcDbEntity
  8
ENGRAVE_POLARS
100
AcDbLine
 10
15.594397936591157
 20
-24.02132611904707
 30
0.0
 11
15.159680855299401
 21
-23.96258246987594
 31
0.0
  0
LINE
  5
132
330
17
100
AcDbEntity
  8
ENGRAVE_POLARS
100
AcDbLine
 10
15.159680855299401
 20
-23.96258246987594
 30
0.0
 11
14.701180670549755
 21
-23.89342184315676
 31
0.0
  0
LINE
  5
133
330
17
100
AcDbEntity
  8
ENGRAVE_POLARS
100
AcDbLine
 10
14.701180670549755
 20
-23.89342184315676
 30
0.0
 11
14.214779461061905
 21
-23.813579373606213
 31
0.0
  0
LINE
  5
134
330
17
100
AcDbEntity
  8
ENGRAVE_POLARS
100
AcDbLine
 10
14.214779461061905
 20
-23.813579373606213
 30
0.0
 11
13.696359305555553
 21
-23.72279019594101
 31
0.0
  0
LINE
  5
135
330
17
100
AcDbEntity
  8
ENGRAVE_POLARS
100
AcDbLine
 10
13.696359305555553
 20
-23.72279019594101
 30
0.0
 11
13.13536242475521
 21
-23.61454871360536
 31
0.0
  0
LINE
  5
136
330
17
100
AcDbEntity
  8
ENGRAVE_POLARS
100
AcDbLine
 10
13.13536242475521
 20
-23.61454871360536
 30
0.0
 11
12.529562509609542
 21
-23.485003945463745
 31
0.0
  0
LINE
  5
137
330
17
100
AcDbEntity
  8
ENGRAVE_POLARS
100
AcDbLine
 10
12.529562509609542
 20
-23.485003945463745
 30
0.0
 11
11.887338844174456
 21
-23.337872949363227
 31
0.0
  0
LINE
  5
138
330
17
100
AcDbEntity
  8
ENGRAVE_POLARS
100
AcDbLine
 10
11.887338844174456
 20
-23.337872949363227
 30
0.0
 11
11.217070712505873
 21
-23.176872783150888
 31
0.0
  0
LINE
  5
139
330
17
100
AcDbEntity
  8
ENGRAVE_POLARS
100
AcDbLine
 10
11.217070712505873
 20
-23.176872783150888
 30
0.0
 11
10.5271373986597
 21
-23.0057205046738
 31
0.0
  0
LINE
  5
13A
330
17
100
AcDbEntity
  8
ENGRAVE_POLARS
100
AcDbLine
 10
10.5271373986597
 20
-23.0057205046738
 30
0.0
 11
9.825918186691858
 21
-22.828133171779037
 31
0.0
  0
LINE
  5
13B
330
17
100
AcDbEntity
  8
ENGRAVE_POLARS
100
AcDbLine
 10
9.825918186691858
 20
-22.828133171779037
 30
0.0
 11
9.121792360658254
 21
-22.64782784231367
 31
0.0
  0
LINE
  5
13C
330
17
100
AcDbEntity
  8
ENGRAVE_POLARS
100
AcDbLine
 10
9.121792360658254
 20
-22.64782784231367
 30
0.0
 11
8.423139204614808
 21
-22.46852157412478
 31
0.0
  0
LINE
  5
13D
330
17
100
AcDbEntity
  8
ENGRAVE_POLARS
100
AcDbLine
 10
8.423139204614808
 20
-22.46852157412478
 30
0.0
 11
7.73833800261743
 21
-22.293931425059426
 31
0.0
  0
LINE
  5
13E
330
17
100
AcDbEntity
  8
ENGRAVE_POLARS
100
AcDbLine
 10
7.73833800261743
 20
-22.293931425059426
 30
0.0
 11
7.075768038722034
 21
-22.12777445296469
 31
0.0
  0
LINE
  5
13F
330
17
100
AcDbEntity
  8
ENGRAVE_POLARS
100
AcDbLine
 10
7.075768038722034
 20
-22.12777445296469
 30
0.0
 11
6.443808596984532
 21
-21.973767715687647
 31
0.0
  0
LINE
  5
140
330
17
100
AcDbEntity
  8
ENGRAVE_POLARS
100
AcDbLine
 10
6.443808596984532
 20
-21.973767715687647
 30
0.0
 11
5.850838961460842
 21
-21.835628271075365
 31
0.0
  0
LINE
  5
141
330
17
100
AcDbEntity
  8
ENGRAVE_POLARS
100
AcDbLine
 10
5.850838961460842
 20
-21.835628271075365
 30
0.0
 11
5.2748096510512665
 21
-21.70733606906143
 31
0.0
  0
LINE
  5
142
330
17
100
AcDbEntity
  8
ENGRAVE_POLARS
100
AcDbLine
 10
5.2748096510512665
 20
-21.70733606906143
 30
0.0
 11
4.692548140631371
 21
-21.581005196497678
 31
0.0
  0
LINE
  5
143
330
17
100
AcDbEntity
  8
ENGRAVE_POLARS
100
AcDbLine
 10
4.692548140631371
 20
-21.581005196497678
 30
0.0
 11
4.11074914821995
 21
-21.45755391660857
 31
0.0
  0
LINE
  5
144
330
17
100
AcDbEntity
  8
ENGRAVE_POLARS
100
AcDbLine
 10
4.11074914821995
 20
-21.45755391660857
 30
0.0
 11
3.5361073918357993
 21
-21.33790049261854
 31
0.0
  0
LINE
  5
145
330
17
100
AcDbEntity
  8
ENGRAVE_POLARS
100
AcDbLine
 10
3.5361073918357993
 20
-21.33790049261854
 30
0.0
 11
2.9753175894977186
 21
-21.22296318775206
 31
0.0
  0
LINE
  5
146
330
17
100
AcDbEntity
  8
ENGRAVE_POLARS
100
AcDbLine
 10
2.9753175894977186
 20
-21.22296318775206
 30
0.0
 11
2.435074459224503
 21
-21.11366026523358
 31
0.0
  0
LINE
  5
147
330
17
100
AcDbEntity
  8
ENGRAVE_POLARS
100
AcDbLine
 10
2.435074459224503
 20
-21.11366026523358
 30
0.0
 11
1.9220727190349485
 21
-21.010909988287544
 31
0.0
  0
LINE
  5
148
330
17
100
AcDbEntity
  8
ENGRAVE_POLARS
100
AcDbLine
 10
1.9220727190349485
 20
-21.010909988287544
 30
0.0
 11
1.4430070869478535
 21
-20.915630620138415
 31
0.0
  0
LINE
  5
149
330
17
100
AcDbEntity
  8
ENGRAVE_POLARS
100
AcDbLine
 10
1.4430070869478535
 20
-20.915630620138415
 30
0.0
 11
1.0045722809820157
 21
-20.828740424010643
 31
0.0
  0
LINE
  5
14A
330
17
100
AcDbEntity
  8
ENGRAVE_POLARS
100
AcDbLine
 10
1.0045722809820157
 20
-20.828740424010643
 30
0.0
 11
0.6134630191562295
 21
-20.751157663128684
 31
0.0
  0
LINE
  5
14B
330
17
100
AcDbEntity
  8
ENGRAVE_POLARS
100
AcDbLine
 10
0.6134630191562295
 20
-20.751157663128684
 30
0.0
 11
0.2763740194892924
 21
-20.68380060071698
 31
0.0
  0
LINE
  5
14C
330
17
100
AcDbEntity
  8
ENGRAVE_POLARS
100
AcDbLine
 10
0.2763740194892924
 20
-20.68380060071698
 30
0.0
 11
2.5261509006006956e-15
 21
-20.6275875
 31
0.0
  0
LINE
  5
14D
330
17
100
AcDbEntity
  8
ENGRAVE_POLARS
100
AcDbLine
 10
-20.178356837742076
 20
22.152412142968252
 30
0.0
 11
-20.481860958628797
 21
22.080218806208062
 31
0.0
  0
LINE
  5
14E
330
17
100
AcDbEntity
  8
ENGRAVE_POLARS
100
AcDbLine
 10
-20.481860958628797
 20
22.080218806208062
 30
0.0
 11
-20.871236921136003
 21
21.996397665982496
 31
0.0
  0
LINE
  5
14F
330
17
100
AcDbEntity
  8
ENGRAVE_POLARS
100
AcDbLine
 10
-20.871236921136003
 20
21.996397665982496
 30
0.0
 11
-21.332069846981817
 21
21.901140461108437
 31
0.0
  0
LINE
  5
150
330
17
100
AcDbEntity
  8
ENGRAVE_POLARS
100
AcDbLine
 10
-21.332069846981817
 20
21.901140461108437
 30
0.0
 11
-21.849944857884374
 21
21.79463893040274
 31
0.0
  0
LINE
  5
151
330
17
100
AcDbEntity
  8
ENGRAVE_POLARS
100
AcDbLine
 10
-21.849944857884374
 20
21.79463893040274
 30
0.0
 11
-22.410447075561795
 21
21.67708481268229
 31
0.0
  0
LINE
  5
152
330
17
100
AcDbEntity
  8
ENGRAVE_POLARS
100
AcDbLine
 10
-22.410447075561795
 20
21.67708481268229
 30
0.0
 11
-22.9991616217322
 21
21.54866984676395
 31
0.0
  0
LINE
  5
153
330
17
100
AcDbEntity
  8
ENGRAVE_POLARS
100
AcDbLine
 10
-22.9991616217322
 20
21.54866984676395
 30
0.0
 11
-23.601673618113725
 21
21.409585771464595
 31
0.0
  0
LINE
  5
154
330
17
100
AcDbEntity
  8
ENGRAVE_POLARS
100
AcDbLine
 10
-23.601673618113725
 20
21.409585771464595
 30
0.0
 11
-24.2035681864245
 21
21.260024325601105
 31
0.0
  0
LINE
  5
155
330
17
100
AcDbEntity
  8
ENGRAVE_POLARS
100
AcDbLine
 10
-24.2035681864245
 20
21.260024325601105
 30
0.0
 11
-24.790430448382644
 21
21.100177247990345
 31
0.0
  0
LINE
  5
156
330
17
100
AcDbEntity
  8
ENGRAVE_POLARS
100
AcDbLine
 10
-24.790430448382644
 20
21.100177247990345
 30
0.0
 11
-25.347845525706283
 21
20.930236277449175
 31
0.0
  0
LINE
  5
157
330
17
100
AcDbEntity
  8
ENGRAVE_POLARS
100
AcDbLine
 10
-25.347845525706283
 20
20.930236277449175
 30
0.0
 11
-25.861398540113544
 21
20.750393152794484
 31
0.0
  0
LINE
  5
158
330
17
100
AcDbEntity
  8
ENGRAVE_POLARS
100
AcDbLine
 10
-25.861398540113544
 20
20.750393152794484
 30
0.0
 11
-26.31667461332256
 21
20.560839612843143
 31
0.0
  0
LINE
  5
159
330
17
100
AcDbEntity
  8
ENGRAVE_POLARS
100
AcDbLine
 10
-26.31667461332256
 20
20.560839612843143
 30
0.0
 11
-26.72530408973767
 21
20.36344610839479
 31
0.0
  0
LINE
  5
15A
330
17
100
AcDbEntity
  8
ENGRAVE_POLARS
100
AcDbLine
 10
-26.72530408973767
 20
20.36344610839479
 30
0.0
 11
-27.11041341937824
 21
20.159193756703534
 31
0.0
  0
LINE
  5
15B
330
17
100
AcDbEntity
  8
ENGRAVE_POLARS
100
AcDbLine
 10
-27.11041341937824
 20
20.159193756703534
 30
0.0
 11
-27.474831882384894
 21
19.94694029626792
 31
0.0
  0
LINE
  5
15C
330
17
100
AcDbEntity
  8
ENGRAVE_POLARS
100
AcDbLine
 10
-27.474831882384894
 20
19.94694029626792
 30
0.0
 11
-27.82138875889828
 21
19.72554346558648
 31
0.0
  0
LINE
  5
15D
330
17
100
AcDbEntity
  8
ENGRAVE_POLARS
100
AcDbLine
 10
-27.82138875889828
 20
19.72554346558648
 30
0.0
 11
-28.15291332905904
 21
19.49386100315777
 31
0.0
  0
LINE
  5
15E
330
17
100
AcDbEntity
  8
ENGRAVE_POLARS
100
AcDbLine
 10
-28.15291332905904
 20
19.49386100315777
 30
0.0
 11
-28.4722348730078
 21
19.25075064748034
 31
0.0
  0
LINE
  5
15F
330
17
100
AcDbEntity
  8
ENGRAVE_POLARS
100
AcDbLine
 10
-28.4722348730078
 20
19.25075064748034
 30
0.0
 11
-28.78218267088522
 21
18.995070137052725
 31
0.0
  0
LINE
  5
160
330
17
100
AcDbEntity
  8
ENGRAVE_POLARS
100
AcDbLine
 10
-28.78218267088522
 20
18.995070137052725
 30
0.0
 11
-29.085586002831924
 21
18.725677210373487
 31
0.0
  0
LINE
  5
161
330
17
100
AcDbEntity
  8
ENGRAVE_POLARS
100
AcDbLine
 10
-29.085586002831924
 20
18.725677210373487
 30
0.0
 11
-29.385274148988564
 21
18.44142960594116
 31
0.0
  0
LINE
  5
162
330
17
100
AcDbEntity
  8
ENGRAVE_POLARS
100
AcDbLine
 10
-29.385274148988564
 20
18.44142960594116
 30
0.0
 11
-29.68407638949577
 21
18.141185062254294
 31
0.0
  0
LINE
  5
163
330
17
100
AcDbEntity
  8
ENGRAVE_POLARS
100
AcDbLine
 10
-29.68407638949577
 20
18.141185062254294
 30
0.0
 11
-29.98482200449418
 21
17.823801317811423
 31
0.0
  0
LINE
  5
164
330
17
100
AcDbEntity
  8
ENGRAVE_POLARS
100
AcDbLine
 10
-29.98482200449418
 20
17.823801317811423
 30
0.0
 11
-30.290340274124443
 21
17.488136111111114
 31
0.0
  0
LINE
  5
165
330
17
100
AcDbEntity
  8
ENGRAVE_POLARS
100
AcDbLine
 10
-30.290340274124443
 20
17.488136111111114
 30
0.0
 11
-30.6033015681214
 21
17.12155719441348
 31
0.0
  0
LINE
  5
166
330
17
100
AcDbEntity
  8
ENGRAVE_POLARS
100
AcDbLine
 10
-30.6033015681214
 20
17.12155719441348
 30
0.0
 11
-30.92231872525381
 21
16.717271968067465
 31
0.0
  0
LINE
  5
167
330
17
100
AcDbEntity
  8
ENGRAVE_POLARS
100
AcDbLine
 10
-30.92231872525381
 20
16.717271968067465
 30
0.0
 11
-31.244134729213155
 21
16.282897642704828
 31
0.0
  0
LINE
  5
168
330
17
100
AcDbEntity
  8
ENGRAVE_POLARS
100
AcDbLine
 10
-31.244134729213155
 20
16.282897642704828
 30
0.0
 11
-31.565492563690942
 21
15.826051428957344
 31
0.0
  0
LINE
  5
169
330
17
100
AcDbEntity
  8
ENGRAVE_POLARS
100
AcDbLine
 10
-31.565492563690942
 20
15.826051428957344
 30
0.0
 11
-31.883135212378658
 21
15.354350537456773
 31
0.0
  0
LINE
  5
16A
330
17
100
AcDbEntity
  8
ENGRAVE_POLARS
100
AcDbLine
 10
-31.883135212378658
 20
15.354350537456773
 30
0.0
 11
-32.19380565896779
 21
14.875412178834882
 31
0.0
  0
LINE
  5
16B
330
17
100
AcDbEntity
  8
ENGRAVE_POLARS
100
AcDbLine
 10
-32.19380565896779
 20
14.875412178834882
 30
0.0
 11
-32.49424688714984
 21
14.39685356372343
 31
0.0
  0
LINE
  5
16C
330
17
100
AcDbEntity
  8
ENGRAVE_POLARS
100
AcDbLine
 10
-32.49424688714984
 20
14.39685356372343
 30
0.0
 11
-32.7812018806163
 21
13.926291902754189
 31
0.0
  0
LINE
  5
16D
330
17
100
AcDbEntity
  8
ENGRAVE_POLARS
100
AcDbLine
 10
-32.7812018806163
 20
13.926291902754189
 30
0.0
 11
-33.051413623058664
 21
13.471344406558925
 31
0.0
  0
LINE
  5
16E
330
17
100
AcDbEntity
  8
ENGRAVE_POLARS
100
AcDbLine
 10
-33.051413623058664
 20
13.471344406558925
 30
0.0
 11
-33.30162509816842
 21
13.039628285769398
 31
0.0
  0
LINE
  5
16F
330
17
100
AcDbEntity
  8
ENGRAVE_POLARS
100
AcDbLine
 10
-33.30162509816842
 20
13.039628285769398
 30
0.0
 11
-33.528579289637065
 21
12.638760751017372
 31
0.0
  0
LINE
  5
170
330
17
100
AcDbEntity
  8
ENGRAVE_POLARS
100
AcDbLine
 10
-33.528579289637065
 20
12.638760751017372
 30
0.0
 11
-33.72901918115609
 21
12.276359012934618
 31
0.0
  0
LINE
  5
171
330
17
100
AcDbEntity
  8
ENGRAVE_POLARS
100
AcDbLine
 10
-33.72901918115609
 20
12.276359012934618
 30
0.0
 11
-33.9005066954205
 21
11.951073167701107
 31
0.0
  0
LINE
  5
172
330
17
100
AcDbEntity
  8
ENGRAVE_POLARS
100
AcDbLine
 10
-33.9005066954205
 20
11.951073167701107
 30
0.0
 11
-34.04504343739095
 21
11.653734501287628
 31
0.0
  0
LINE
  5
173
330
17
100
AcDbEntity
  8
ENGRAVE_POLARS
100
AcDbLine
 10
-34.04504343739095
 20
11.653734501287628
 30
0.0
 11
-34.16603191415739
 21
11.38023200901216
 31
0.0
  0
LINE
  5
174
330
17
100
AcDbEntity
  8
ENGRAVE_POLARS
100
AcDbLine
 10
-34.16603191415739
 20
11.38023200901216
 30
0.0
 11
-34.26687463280977
 21
11.126454686192684
 31
0.0
  0
LINE
  5
175
330
17
100
AcDbEntity
  8
ENGRAVE_POLARS
100
AcDbLine
 10
-34.26687463280977
 20
11.126454686192684
 30
0.0
 11
-34.35097410043806
 21
10.888291528147182
 31
0.0
  0
LINE
  5
176
330
17
100
AcDbEntity
  8
ENGRAVE_POLARS
100
AcDbLine
 10
-34.35097410043806
 20
10.888291528147182
 30
0.0
 11
-34.4217328241322
 21
10.661631530193635
 31
0.0
  0
LINE
  5
177
330
17
100
AcDbEntity
  8
ENGRAVE_POLARS
100
AcDbLine
 10
-34.4217328241322
 20
10.661631530193635
 30
0.0
 11
-34.48255331098215
 21
10.44236368765002
 31
0.0
  0
LINE
  5
178
330
17
100
AcDbEntity
  8
ENGRAVE_POLARS
100
AcDbLine
 10
-34.48255331098215
 20
10.44236368765002
 30
0.0
 11
-34.53683806807787
 21
10.226376995834327
 31
0.0
  0
LINE
  5
179
330
17
100
AcDbEntity
  8
ENGRAVE_POLARS
100
AcDbLine
 10
-34.53683806807787
 20
10.226376995834327
 30
0.0
 11
-34.58798960250932
 21
10.009560450064534
 31
0.0
  0
LINE
  5
17A
330
17
100
AcDbEntity
  8
ENGRAVE_POLARS
100
AcDbLine
 10
-34.58798960250932
 20
10.009560450064534
 30
0.0
 11
-34.63941042136644
 21
9.787803045658615
 31
0.0
  0
LINE
  5
17B
330
17
100
AcDbEntity
  8
ENGRAVE_POLARS
100
AcDbLine
 10
-34.63941042136644
 20
9.787803045658615
 30
0.0
 11
-34.694503031739195
 21
9.556993777934558
 31
0.0
  0
LINE
  5
17C
330
17
100
AcDbEntity
  8
ENGRAVE_POLARS
100
AcDbLine
 10
-34.694503031739195
 20
9.556993777934558
 30
0.0
 11
-34.75666994071754
 21
9.313021642210343
 31
0.0
  0
LINE
  5
17D
330
17
100
AcDbEntity
  8
ENGRAVE_POLARS
100
AcDbLine
 10
-34.75666994071754
 20
9.313021642210343
 30
0.0
 11
-34.81839034720959
 21
9.07032006464233
 31
0.0
  0
LINE
  5
17E
330
17
100
AcDbEntity
  8
ENGRAVE_POLARS
100
AcDbLine
 10
-34.81839034720959
 20
9.07032006464233
 30
0.0
 11
-34.871166460967835
 21
8.842558685164954
 31
0.0
  0
LINE
  5
17F
330
17
100
AcDbEntity
  8
ENGRAVE_POLARS
100
AcDbLine
 10
-34.871166460967835
 20
8.842558685164954
 30
0.0
 11
-34.91693530534877
 21
8.624480819763303
 31
0.0
  0
LINE
  5
180
330
17
100
AcDbEntity
  8
ENGRAVE_POLARS
100
AcDbLine
 10
-34.91693530534877
 20
8.624480819763303
 30
0.0
 11
-34.95763390370894
 21
8.41082978442246
 31
0.0
  0
LINE
  5
181
330
17
100
AcDbEntity
  8
ENGRAVE_POLARS
100
AcDbLine
 10
-34.95763390370894
 20
8.41082978442246
 30
0.0
 11
-34.99519927940482
 21
8.19634889512752
 31
0.0
  0
LINE
  5
182
330
17
100
AcDbEntity
  8
ENGRAVE_POLARS
100
AcDbLine
 10
-34.99519927940482
 20
8.19634889512752
 30
0.0
 11
-35.031568455792936
 21
7.975781467863561
 31
0.0
  0
LINE
  5
183
330
17
100
AcDbEntity
  8
ENGRAVE_POLARS
100
AcDbLine
 10
-35.031568455792936
 20
7.975781467863561
 30
0.0
 11
-35.06867845622978
 21
7.743870818615674
 31
0.0
  0
LINE
  5
184
330
17
100
AcDbEntity
  8
ENGRAVE_POLARS
100
AcDbLine
 10
-35.06867845622978
 20
7.743870818615674
 30
0.0
 11
-35.10846630407189
 21
7.49536026336895
 31
0.0
  0
LINE
  5
185
330
17
100
AcDbEntity
  8
ENGRAVE_POLARS
100
AcDbLine
 10
-35.10846630407189
 20
7.49536026336895
 30
0.0
 11
-35.152869022675766
 21
7.224993118108472
 31
0.0
  0
LINE
  5
186
330
17
100
AcDbEntity
  8
ENGRAVE_POLARS
100
AcDbLine
 10
-35.152869022675766
 20
7.224993118108472
 30
0.0
 11
-35.203823635397896
 21
6.927512698819327
 31
0.0
  0
LINE
  5
187
330
17
100
AcDbEntity
  8
ENGRAVE_POLARS
100
AcDbLine
 10
-35.203823635397896
 20
6.927512698819327
 30
0.0
 11
-35.263267165594826
 21
6.597662321486604
 31
0.0
  0
LINE
  5
188
330
17
100
AcDbEntity
  8
ENGRAVE_POLARS
100
AcDbLine
 10
-35.263267165594826
 20
6.597662321486604
 30
0.0
 11
-35.33313663662304
 21
6.23018530209539
 31
0.0
  0
LINE
  5
189
330
17
100
AcDbEntity
  8
ENGRAVE_POLARS
100
AcDbLine
 10
-35.33313663662304
 20
6.23018530209539
 30
0.0
 11
-35.4211364180417
 21
5.842317853725525
 31
0.0
  0
LINE
  5
18A
330
17
100
AcDbEntity
  8
ENGRAVE_POLARS
100
AcDbLine
 10
-35.4211364180417
 20
5.842317853725525
 30
0.0
 11
-35.53005617409044
 21
5.450763039989539
 31
0.0
  0
LINE
  5
18B
330
17
100
AcDbEntity
  8
ENGRAVE_POLARS
100
AcDbLine
 10
-35.53005617409044
 20
5.450763039989539
 30
0.0
 11
-35.6544608701465
 21
5.049464452671557
 31
0.0
  0
LINE
  5
18C
330
17
100
AcDbEntity
  8
ENGRAVE_POLARS
100
AcDbLine
 10
-35.6544608701465
 20
5.049464452671557
 30
0.0
 11
-35.78891547158709
 21
4.632365683555697
 31
0.0
  0
LINE
  5
18D
330
17
100
AcDbEntity
  8
ENGRAVE_POLARS
100
AcDbLine
 10
-35.78891547158709
 20
4.632365683555697
 30
0.0
 11
-35.92798494378945
 21
4.193410324426086
 31
0.0
  0
LINE
  5
18E
330
17
100
AcDbEntity
  8
ENGRAVE_POLARS
100
AcDbLine
 10
-35.92798494378945
 20
4.193410324426086
 30
0.0
 11
-36.06623425213078
 21
3.726541967066844
 31
0.0
  0
LINE
  5
18F
330
17
100
AcDbEntity
  8
ENGRAVE_POLARS
100
AcDbLine
 10
-36.06623425213078
 20
3.726541967066844
 30
0.0
 11
-36.198228361988335
 21
3.225704203262093
 31
0.0
  0
LINE
  5
190
330
17
100
AcDbEntity
  8
ENGRAVE_POLARS
100
AcDbLine
 10
-36.198228361988335
 20
3.225704203262093
 30
0.0
 11
-36.31853223873933
 21
2.684840624795956
 31
0.0
  0
LINE
  5
191
330
17
100
AcDbEntity
  8
ENGRAVE_POLARS
100
AcDbLine
 10
-36.31853223873933
 20
2.684840624795956
 30
0.0
 11
-36.42171084776099
 21
2.097894823452558
 31
0.0
  0
LINE
  5
192
330
17
100
AcDbEntity
  8
ENGRAVE_POLARS
100
AcDbLine
 10
-36.42171084776099
 20
2.097894823452558
 30
0.0
 11
-36.50232915443055
 21
1.4588103910160164
 31
0.0
  0
LINE
  5
193
330
17
100
AcDbEntity
  8
ENGRAVE_POLARS
100
AcDbLine
 10
-36.50232915443055
 20
1.4588103910160164
 30
0.0
 11
-36.554952124125215
 21
0.7615309192704572
 31
0.0
  0
LINE
  5
194
330
17
100
AcDbEntity
  8
ENGRAVE_POLARS
100
AcDbLine
 10
-36.554952124125215
 20
0.7615309192704572
 30
0.0
 11
-36.57414472222222
 21
2.2395204632810753e-15
 31
0.0
  0
LINE
  5
195
330
17
100
AcDbEntity
  8
ENGRAVE_POLARS
100
AcDbLine
 10
-36.57414472222222
 20
2.2395204632810753e-15
 30
0.0
 11
-36.56547360838445
 21
-0.8631165579843257
 31
0.0
  0
LINE
  5
196
330
17
100
AcDbEntity
  8
ENGRAVE_POLARS
100
AcDbLine
 10
-36.56547360838445
 20
-0.8631165579843257
 30
0.0
 11
-36.538410331076754
 21
-1.8449698855672814
 31
0.0
  0
LINE
  5
197
330
17
100
AcDbEntity
  8
ENGRAVE_POLARS
100
AcDbLine
 10
-36.538410331076754
 20
-1.8449698855672814
 30
0.0
 11
-36.49337718887933
 21
-2.921341800508409
 31
0.0
  0
LINE
  5
198
330
17
100
AcDbEntity
  8
ENGRAVE_POLARS
100
AcDbLine
 10
-36.49337718887933
 20
-2.921341800508409
 30
0.0
 11
-36.430796480372365
 21
-4.068014120567256
 31
0.0
  0
LINE
  5
199
330
17
100
AcDbEntity
  8
ENGRAVE_POLARS
100
AcDbLine
 10
-36.430796480372365
 20
-4.068014120567256
 30
0.0
 11
-36.351090504136074
 21
-5.260768663503366
 31
0.0
  0
LINE
  5
19A
330
17
100
AcDbEntity
  8
ENGRAVE_POLARS
100
AcDbLine
 10
-36.351090504136074
 20
-5.260768663503366
 30
0.0
 11
-36.25468155875064
 21
-6.475387247076283
 31
0.0
  0
LINE
  5
19B
330
17
100
AcDbEntity
  8
ENGRAVE_POLARS
100
AcDbLine
 10
-36.25468155875064
 20
-6.475387247076283
 30
0.0
 11
-36.141991942796274
 21
-7.687651689045557
 31
0.0
  0
LINE
  5
19C
330
17
100
AcDbEntity
  8
ENGRAVE_POLARS
100
AcDbLine
 10
-36.141991942796274
 20
-7.687651689045557
 30
0.0
 11
-36.01344395485316
 21
-8.87334380717073
 31
0.0
  0
LINE
  5
19D
330
17
100
AcDbEntity
  8
ENGRAVE_POLARS
100
AcDbLine
 10
-36.01344395485316
 20
-8.87334380717073
 30
0.0
 11
-35.86945989350151
 21
-10.008245419211343
 31
0.0
  0
LINE
  5
19E
330
17
100
AcDbEntity
  8
ENGRAVE_POLARS
100
AcDbLine
 10
-35.86945989350151
 20
-10.008245419211343
 30
0.0
 11
-35.71046205732151
 21
-11.06813834292695
 31
0.0
  0
LINE
  5
19F
330
17
100
AcDbEntity
  8
ENGRAVE_POLARS
100
AcDbLine
 10
-35.71046205732151
 20
-11.06813834292695
 30
0.0
 11
-35.53687274489335
 21
-12.028804396077092
 31
0.0
  0
LINE
  5
1A0
330
17
100
AcDbEntity
  8
ENGRAVE_POLARS
100
AcDbLine
 10
-35.53687274489335
 20
-12.028804396077092
 30
0.0
 11
-35.349114254797264
 21
-12.866025396421314
 31
0.0
  0
LINE
  5
1A1
330
17
100
AcDbEntity
  8
ENGRAVE_POLARS
100
AcDbLine
 10
-35.349114254797264
 20
-12.866025396421314
 30
0.0
 11
-35.156136544889506
 21
-13.587025435541296
 31
0.0
  0
LINE
  5
1A2
330
17
100
AcDbEntity
  8
ENGRAVE_POLARS
100
AcDbLine
 10
-35.156136544889506
 20
-13.587025435541296
 30
0.0
 11
-34.96317435353661
 21
-14.222821497796785
 31
0.0
  0
LINE
  5
1A3
330
17
100
AcDbEntity
  8
ENGRAVE_POLARS
100
AcDbLine
 10
-34.96317435353661
 20
-14.222821497796785
 30
0.0
 11
-34.765077150084096
 21
-14.784884740114427
 31
0.0
  0
LINE
  5
1A4
330
17
100
AcDbEntity
  8
ENGRAVE_POLARS
100
AcDbLine
 10
-34.765077150084096
 20
-14.784884740114427
 30
0.0
 11
-34.55669440387751
 21
-15.284686319420869
 31
0.0
  0
LINE
  5
1A5
330
17
100
AcDbEntity
  8
ENGRAVE_POLARS
100
AcDbLine
 10
-34.55669440387751
 20
-15.284686319420869
 30
0.0
 11
-34.332875584262375
 21
-15.733697392642753
 31
0.0
  0
LINE
  5
1A6
330
17
100
AcDbEntity
  8
ENGRAVE_POLARS
100
AcDbLine
 10
-34.332875584262375
 20
-15.733697392642753
 30
0.0
 11
-34.08847016058423
 21
-16.143389116706732
 31
0.0
  0
LINE
  5
1A7
330
17
100
AcDbEntity
  8
ENGRAVE_POLARS
100
AcDbLine
 10
-34.08847016058423
 20
-16.143389116706732
 30
0.0
 11
-33.81832760218861
 21
-16.525232648539443
 31
0.0
  0
LINE
  5
1A8
330
17
100
AcDbEntity
  8
ENGRAVE_POLARS
100
AcDbLine
 10
-33.81832760218861
 20
-16.525232648539443
 30
0.0
 11
-33.51729737842105
 21
-16.89069914506754
 31
0.0
  0
LINE
  5
1A9
330
17
100
AcDbEntity
  8
ENGRAVE_POLARS
100
AcDbLine
 10
-33.51729737842105
 20
-16.89069914506754
 30
0.0
 11
-33.18022895862709
 21
-17.25125976321766
 31
0.0
  0
LINE
  5
1AA
330
17
100
AcDbEntity
  8
ENGRAVE_POLARS
100
AcDbLine
 10
-33.18022895862709
 20
-17.25125976321766
 30
0.0
 11
-32.801971812152246
 21
-17.61838565991646
 31
0.0
  0
LINE
  5
1AB
330
17
100
AcDbEntity
  8
ENGRAVE_POLARS
100
AcDbLine
 10
-32.801971812152246
 20
-17.61838565991646
 30
0.0
 11
-32.377375408342054
 21
-18.003547992090578
 31
0.0
  0
LINE
  5
1AC
330
17
100
AcDbEntity
  8
ENGRAVE_POLARS
100
AcDbLine
 10
-32.377375408342054
 20
-18.003547992090578
 30
0.0
 11
-31.901289216542068
 21
-18.41821791666666
 31
0.0
  0
LINE
  5
1AD
330
17
100
AcDbEntity
  8
ENGRAVE_POLARS
100
AcDbLine
 10
-31.901289216542068
 20
-18.41821791666666
 30
0.0
 11
-31.35020757559625
 21
-18.85937334633188
 31
0.0
  0
LINE
  5
1AE
330
17
100
AcDbEntity
  8
ENGRAVE_POLARS
100
AcDbLine
 10
-31.35020757559625
 20
-18.85937334633188
 30
0.0
 11
-30.714791098210206
 21
-19.31257714523991
 31
0.0
  0
LINE
  5
1AF
330
17
100
AcDbEntity
  8
ENGRAVE_POLARS
100
AcDbLine
 10
-30.714791098210206
 20
-19.31257714523991
 30
0.0
 11
-30.011138664521866
 21
-19.772177897517164
 31
0.0
  0
LINE
  5
1B0
330
17
100
AcDbEntity
  8
ENGRAVE_POLARS
100
AcDbLine
 10
-30.011138664521866
 20
-19.772177897517164
 30
0.0
 11
-29.255349154669172
 21
-20.23252418729004
 31
0.0
  0
LINE
  5
1B1
330
17
100
AcDbEntity
  8
ENGRAVE_POLARS
100
AcDbLine
 10
-29.255349154669172
 20
-20.23252418729004
 30
0.0
 11
-28.46352144879008
 21
-20.687964598684943
 31
0.0
  0
LINE
  5
1B2
330
17
100
AcDbEntity
  8
ENGRAVE_POLARS
100
AcDbLine
 10
-28.46352144879008
 20
-20.687964598684943
 30
0.0
 11
-27.65175442702251
 21
-21.132847715828277
 31
0.0
  0
LINE
  5
1B3
330
17
100
AcDbEntity
  8
ENGRAVE_POLARS
100
AcDbLine
 10
-27.65175442702251
 20
-21.132847715828277
 30
0.0
 11
-26.836146969504416
 21
-21.56152212284645
 31
0.0
  0
LINE
  5
1B4
330
17
100
AcDbEntity
  8
ENGRAVE_POLARS
100
AcDbLine
 10
-26.836146969504416
 20
-21.56152212284645
 30
0.0
 11
-26.03279795637374
 21
-21.96833640386587
 31
0.0
  0
LINE
  5
1B5
330
17
100
AcDbEntity
  8
ENGRAVE_POLARS
100
AcDbLine
 10
-26.03279795637374
 20
-21.96833640386587
 30
0.0
 11
-25.257806267768434
 21
-22.347639143012938
 31
0.0
  0
LINE
  5
1B6
330
17
100
AcDbEntity
  8
ENGRAVE_POLARS
100
AcDbLine
 10
-25.257806267768434
 20
-22.347639143012938
 30
0.0
 11
-24.52727078382642
 21
-22.693778924414055
 31
0.0
  0
LINE
  5
1B7
330
17
100
AcDbEntity
  8
ENGRAVE_POLARS
100
AcDbLine
 10
-24.52727078382642
 20
-22.693778924414055
 30
0.0
 11
-23.85729038468565
 21
-23.001104332195627
 31
0.0
  0
LINE
  5
1B8
330
17
100
AcDbEntity
  8
ENGRAVE_POLARS
100
AcDbLine
 10
-23.85729038468565
 20
-23.001104332195627
 30
0.0
 11
-23.26396395048407
 21
-23.263963950484065
 31
0.0
  0
LINE
  5
1B9
330
17
100
AcDbEntity
  8
ENGRAVE_POLARS
100
AcDbLine
 10
-23.26396395048407
 20
-23.263963950484065
 30
0.0
 11
-22.742970247619027
 21
-23.480509106209016
 31
0.0
  0
LINE
  5
1BA
330
17
100
AcDbEntity
  8
ENGRAVE_POLARS
100
AcDbLine
 10
-22.742970247619027
 20
-23.480509106209016
 30
0.0
 11
-22.273996985465633
 21
-23.655728552005996
 31
0.0
  0
LINE
  5
1BB
330
17
100
AcDbEntity
  8
ENGRAVE_POLARS
100
AcDbLine
 10
-22.273996985465633
 20
-23.655728552005996
 30
0.0
 11
-21.849156458628464
 21
-23.794227010560213
 31
0.0
  0
LINE
  5
1BC
330
17
100
AcDbEntity
  8
ENGRAVE_POLARS
100
AcDbLine
 10
-21.849156458628464
 20
-23.794227010560213
 30
0.0
 11
-21.460560961712076
 21
-23.900609204556876
 31
0.0
  0
LINE
  5
1BD
330
17
100
AcDbEntity
  8
ENGRAVE_POLARS
100
AcDbLine
 10
-21.460560961712076
 20
-23.900609204556876
 30
0.0
 11
-21.10032278932105
 21
-23.97947985668118
 31
0.0
  0
LINE
  5
1BE
330
17
100
AcDbEntity
  8
ENGRAVE_POLARS
100
AcDbLine
 10
-21.10032278932105
 20
-23.97947985668118
 30
0.0
 11
-20.76055423605996
 21
-24.03544368961834
 31
0.0
  0
LINE
  5
1BF
330
17
100
AcDbEntity
  8
ENGRAVE_POLARS
100
AcDbLine
 10
-20.76055423605996
 20
-24.03544368961834
 30
0.0
 11
-20.433367596533365
 21
-24.07310542605356
 31
0.0
  0
LINE
  5
1C0
330
17
100
AcDbEntity
  8
ENGRAVE_POLARS
100
AcDbLine
 10
-20.433367596533365
 20
-24.07310542605356
 30
0.0
 11
-20.110875165345835
 21
-24.09706978867204
 31
0.0
  0
LINE
  5
1C1
330
17
100
AcDbEntity
  8
ENGRAVE_POLARS
100
AcDbLine
 10
-20.110875165345835
 20
-24.09706978867204
 30
0.0
 11
-19.785189237101953
 21
-24.111941500159
 31
0.0
  0
LINE
  5
1C2
330
17
100
AcDbEntity
  8
ENGRAVE_POLARS
100
AcDbLine
 10
-19.785189237101953
 20
-24.111941500159
 30
0.0
 11
-19.44842210640627
 21
-24.122325283199626
 31
0.0
  0
LINE
  5
1C3
330
17
100
AcDbEntity
  8
ENGRAVE_POLARS
100
AcDbLine
 10
-19.44842210640627
 20
-24.122325283199626
 30
0.0
 11
-19.092686067863372
 21
-24.132825860479134
 31
0.0
  0
LINE
  5
1C4
330
17
100
AcDbEntity
  8
ENGRAVE_POLARS
100
AcDbLine
 10
-19.092686067863372
 20
-24.132825860479134
 30
0.0
 11
-18.710093416077818
 21
-24.148047954682728
 31
0.0
  0
LINE
  5
1C5
330
17
100
AcDbEntity
  8
ENGRAVE_POLARS
100
AcDbLine
 10
-18.710093416077818
 20
-24.148047954682728
 30
0.0
 11
-18.31739599635818
 21
-24.163104975697063
 31
0.0
  0
LINE
  5
1C6
330
17
100
AcDbEntity
  8
ENGRAVE_POLARS
100
AcDbLine
 10
-18.31739599635818
 20
-24.163104975697063
 30
0.0
 11
-17.933858843423096
 21
-24.169863941429774
 31
0.0
  0
LINE
  5
1C7
330
17
100
AcDbEntity
  8
ENGRAVE_POLARS
100
AcDbLine
 10
-17.933858843423096
 20
-24.169863941429774
 30
0.0
 11
-17.555364035992266
 21
-24.168059986597573
 31
0.0
  0
LINE
  5
1C8
330
17
100
AcDbEntity
  8
ENGRAVE_POLARS
100
AcDbLine
 10
-17.555364035992266
 20
-24.168059986597573
 30
0.0
 11
-17.177793652785375
 21
-24.157428245917142
 31
0.0
  0
LINE
  5
1C9
330
17
100
AcDbEntity
  8
ENGRAVE_POLARS
100
AcDbLine
 10
-17.177793652785375
 20
-24.157428245917142
 30
0.0
 11
-16.79702977252213
 21
-24.137703854105183
 31
0.0
  0
LINE
  5
1CA
330
17
100
AcDbEntity
  8
ENGRAVE_POLARS
100
AcDbLine
 10
-16.79702977252213
 20
-24.137703854105183
 30
0.0
 11
-16.40895447392221
 21
-24.10862194587839
 31
0.0
  0
LINE
  5
1CB
330
17
100
AcDbEntity
  8
ENGRAVE_POLARS
100
AcDbLine
 10
-16.40895447392221
 20
-24.10862194587839
 30
0.0
 11
-16.009449835705325
 21
-24.069917655953446
 31
0.0
  0
LINE
  5
1CC
330
17
100
AcDbEntity
  8
ENGRAVE_POLARS
100
AcDbLine
 10
-16.009449835705325
 20
-24.069917655953446
 30
0.0
 11
-15.594397936591157
 21
-24.02132611904707
 31
0.0
  0
LINE
  5
1CD
330
17
100
AcDbEntity
  8
ENGRAVE_POLARS
100
AcDbLine
 10
-15.594397936591157
 20
-24.02132611904707
 30
0.0
 11
-15.159680855299401
 21
-23.96258246987594
 31
0.0
  0
LINE
  5
1CE
330
17
100
AcDbEntity
  8
ENGRAVE_POLARS
100
AcDbLine
 10
-15.159680855299401
 20
-23.96258246987594
 30
0.0
 11
-14.701180670549755
 21
-23.89342184315676
 31
0.0
  0
LINE
  5
1CF
330
17
100
AcDbEntity
  8
ENGRAVE_POLARS
100
AcDbLine
 10
-14.701180670549755
 20
-23.89342184315676
 30
0.0
 11
-14.214779461061905
 21
-23.813579373606213
 31
0.0
  0
LINE
  5
1D0
330
17
100
AcDbEntity
  8
ENGRAVE_POLARS
100
AcDbLine
 10
-14.214779461061905
 20
-23.813579373606213
 30
0.0
 11
-13.696359305555553
 21
-23.72279019594101
 31
0.0
  0
LINE
  5
1D1
330
17
100
AcDbEntity
  8
ENGRAVE_POLARS
100
AcDbLine
 10
-13.696359305555553
 20
-23.72279019594101
 30
0.0
 11
-13.13536242475521
 21
-23.61454871360536
 31
0.0
  0
LINE
  5
1D2
330
17
100
AcDbEntity
  8
ENGRAVE_POLARS
100
AcDbLine
 10
-13.13536242475521
 20
-23.61454871360536
 30
0.0
 11
-12.529562509609542
 21
-23.485003945463745
 31
0.0
  0
LINE
  5
1D3
330
17
100
AcDbEntity
  8
ENGRAVE_POLARS
100
AcDbLine
 10
-12.529562509609542
 20
-23.485003945463745
 30
0.0
 11
-11.887338844174456
 21
-23.337872949363227
 31
0.0
  0
LINE
  5
1D4
330
17
100
AcDbEntity
  8
ENGRAVE_POLARS
100
AcDbLine
 10
-11.887338844174456
 20
-23.337872949363227
 30
0.0
 11
-11.217070712505873
 21
-23.176872783150888
 31
0.0
  0
LINE
  5
1D5
330
17
100
AcDbEntity
  8
ENGRAVE_POLARS
100
AcDbLine
 10
-11.217070712505873
 20
-23.176872783150888
 30
0.0
 11
-10.5271373986597
 21
-23.0057205046738
 31
0.0
  0
LINE
  5
1D6
330
17
100
AcDbEntity
  8
ENGRAVE_POLARS
100
AcDbLine
 10
-10.5271373986597
 20
-23.0057205046738
 30
0.0
 11
-9.825918186691858
 21
-22.828133171779037
 31
0.0
  0
LINE
  5
1D7
330
17
100
AcDbEntity
  8
ENGRAVE_POLARS
100
AcDbLine
 10
-9.825918186691858
 20
-22.828133171779037
 30
0.0
 11
-9.121792360658254
 21
-22.64782784231367
 31
0.0
  0
LINE
  5
1D8
330
17
100
AcDbEntity
  8
ENGRAVE_POLARS
100
AcDbLine
 10
-9.121792360658254
 20
-22.64782784231367
 30
0.0
 11
-8.423139204614808
 21
-22.46852157412478
 31
0.0
  0
LINE
  5
1D9
330
17
100
AcDbEntity
  8
ENGRAVE_POLARS
100
AcDbLine
 10
-8.423139204614808
 20
-22.46852157412478
 30
0.0
 11
-7.73833800261743
 21
-22.293931425059426
 31
0.0
  0
LINE
  5
1DA
330
17
100
AcDbEntity
  8
ENGRAVE_POLARS
100
AcDbLine
 10
-7.73833800261743
 20
-22.293931425059426
 30
0.0
 11
-7.075768038722034
 21
-22.12777445296469
 31
0.0
  0
LINE
  5
1DB
330
17
100
AcDbEntity
  8
ENGRAVE_POLARS
100
AcDbLine
 10
-7.075768038722034
 20
-22.12777445296469
 30
0.0
 11
-6.443808596984532
 21
-21.973767715687647
 31
0.0
  0
LINE
  5
1DC
330
17
100
AcDbEntity
  8
ENGRAVE_POLARS
100
AcDbLine
 10
-6.443808596984532
 20
-21.973767715687647
 30
0.0
 11
-5.850838961460842
 21
-21.835628271075365
 31
0.0
  0
LINE
  5
1DD
330
17
100
AcDbEntity
  8
ENGRAVE_POLARS
100
AcDbLine
 10
-5.850838961460842
 20
-21.835628271075365
 30
0.0
 11
-5.2748096510512665
 21
-21.70733606906143
 31
0.0
  0
LINE
  5
1DE
330
17
100
AcDbEntity
  8
ENGRAVE_POLARS
100
AcDbLine
 10
-5.2748096510512665
 20
-21.70733606906143
 30
0.0
 11
-4.692548140631371
 21
-21.581005196497678
 31
0.0
  0
LINE
  5
1DF
330
17
100
AcDbEntity
  8
ENGRAVE_POLARS
100
AcDbLine
 10
-4.692548140631371
 20
-21.581005196497678
 30
0.0
 11
-4.11074914821995
 21
-21.45755391660857
 31
0.0
  0
LINE
  5
1E0
330
17
100
AcDbEntity
  8
ENGRAVE_POLARS
100
AcDbLine
 10
-4.11074914821995
 20
-21.45755391660857
 30
0.0
 11
-3.5361073918357993
 21
-21.33790049261854
 31
0.0
  0
LINE
  5
1E1
330
17
100
AcDbEntity
  8
ENGRAVE_POLARS
100
AcDbLine
 10
-3.5361073918357993
 20
-21.33790049261854
 30
0.0
 11
-2.9753175894977186
 21
-21.22296318775206
 31
0.0
  0
LINE
  5
1E2
330
17
100
AcDbEntity
  8
ENGRAVE_POLARS
100
AcDbLine
 10
-2.9753175894977186
 20
-21.22296318775206
 30
0.0
 11
-2.435074459224503
 21
-21.11366026523358
 31
0.0
  0
LINE
  5
1E3
330
17
100
AcDbEntity
  8
ENGRAVE_POLARS
100
AcDbLine
 10
-2.435074459224503
 20
-21.11366026523358
 30
0.0
 11
-1.9220727190349485
 21
-21.010909988287544
 31
0.0
  0
LINE
  5
1E4
330
17
100
AcDbEntity
  8
ENGRAVE_POLARS
100
AcDbLine
 10
-1.9220727190349485
 20
-21.010909988287544
 30
0.0
 11
-1.4430070869478535
 21
-20.915630620138415
 31
0.0
  0
LINE
  5
1E5
330
17
100
AcDbEntity
  8
ENGRAVE_POLARS
100
AcDbLine
 10
-1.4430070869478535
 20
-20.915630620138415
 30
0.0
 11
-1.0045722809820157
 21
-20.828740424010643
 31
0.0
  0
LINE
  5
1E6
330
17
100
AcDbEntity
  8
ENGRAVE_POLARS
100
AcDbLine
 10
-1.0045722809820157
 20
-20.828740424010643
 30
0.0
 11
-0.6134630191562295
 21
-20.751157663128684
 31
0.0
  0
LINE
  5
1E7
330
17
100
AcDbEntity
  8
ENGRAVE_POLARS
100
AcDbLine
 10
-0.6134630191562295
 20
-20.751157663128684
 30
0.0
 11
-0.2763740194892924
 21
-20.68380060071698
 31
0.0
  0
LINE
  5
1E8
330
17
100
AcDbEntity
  8
ENGRAVE_POLARS
100
AcDbLine
 10
-0.2763740194892924
 20
-20.68380060071698
 30
0.0
 11
-2.5261509006006956e-15
 21
-20.6275875
 31
0.0
  0
TEXT
  5
1E9
330
17
100
AcDbEntity
  8
ENGRAVE_TEXT
100
AcDbText
 10
18.583929218625997
 20
23.50602099931587
 30
0.0
 40
4.5
  1
6
 72
1
 11
18.583929218625997
 21
23.50602099931587
 31
0.0
100
AcDbText
 73
2
  0
TEXT
  5
1EA
330
17
100
AcDbEntity
  8
ENGRAVE_TEXT
100
AcDbText
 10
-18.583929218625997
 20
23.50602099931587
 30
0.0
 40
4.5
  1
6
 72
1
 11
-18.583929218625997
 21
23.50602099931587
 31
0.0
100
AcDbText
 73
2
  0
CIRCLE
  5
1EB
330
17
100
AcDbEntity
  8
ENGRAVE_VMG
100
AcDbCircle
 10
20.178356837742076
 20
22.152412142968252
 30
0.0
 40
0.6
  0
CIRCLE
  5
1EC
330
17
100
AcDbEntity
  8
ENGRAVE_VMG
100
AcDbCircle
 10
-20.178356837742076
 20
22.152412142968252
 30
0.0
 40
0.6
  0
CIRCLE
  5
1ED
330
17
100
AcDbEntity
  8
ENGRAVE_VMG
100
AcDbCircle
 10
18.710093416077818
 20
-24.148047954682728
 30
0.0
 40
0.6
  0
CIRCLE
  5
1EE
330
17
100
AcDbEntity
  8
ENGRAVE_VMG
100
AcDbCircle
 10
-18.710093416077818
 20
-24.148047954682728
 30
0.0
 40
0.6
  0
LINE
  5
1EF
330
17
100
AcDbEntity
  8
ENGRAVE_POLARS
100
AcDbLine
 10
17.29503968590357
 20
20.232078702265795
 30
0.0
 11
17.598634340450186
 21
20.140442803160575
 31
0.0
  0
LINE
  5
1F0
330
17
100
AcDbEntity
  8
ENGRAVE_POLARS
100
AcDbLine
 10
17.598634340450186
 20
20.140442803160575
 30
0.0
 11
17.99128002081351
 21
20.029973421764865
 31
0.0
  0
LINE
  5
1F1
330
17
100
AcDbEntity
  8
ENGRAVE_POLARS
100
AcDbLine
 10
17.99128002081351
 20
20.029973421764865
 30
0.0
 11
18.45739727341268
 21
19.902412920481467
 31
0.0
  0
LINE
  5
1F2
330
17
100
AcDbEntity
  8
ENGRAVE_POLARS
100
AcDbLine
 10
18.45739727341268
 20
19.902412920481467
 30
0.0
 11
18.98140664466683
 21
19.7595036617132
 31
0.0
  0
LINE
  5
1F3
330
17
100
AcDbEntity
  8
ENGRAVE_POLARS
100
AcDbLine
 10
18.98140664466683
 20
19.7595036617132
 30
0.0
 11
19.547728680995082
 21
19.60298800786287
 31
0.0
  0
LINE
  5
1F4
330
17
100
AcDbEntity
  8
ENGRAVE_POLARS
100
AcDbLine
 10
19.547728680995082
 20
19.60298800786287
 30
0.0
 11
20.140783928816575
 21
19.43460832133329
 31
0.0
  0
LINE
  5
1F5
330
17
100
AcDbEntity
  8
ENGRAVE_POLARS
100
AcDbLine
 10
20.140783928816575
 20
19.43460832133329
 30
0.0
 11
20.744992934550424
 21
19.256106964527262
 31
0.0
  0
LINE
  5
1F6
330
17
100
AcDbEntity
  8
ENGRAVE_POLARS
100
AcDbLine
 10
20.744992934550424
 20
19.256106964527262
 30
0.0
 11
21.344776244615776
 21
19.069226299847607
 31
0.0
  0
LINE
  5
1F7
330
17
100
AcDbEntity
  8
ENGRAVE_POLARS
100
AcDbLine
 10
21.344776244615776
 20
19.069226299847607
 30
0.0
 11
21.924554405431753
 21
18.87570868969713
 31
0.0
  0
LINE
  5
1F8
330
17
100
AcDbEntity
  8
ENGRAVE_POLARS
100
AcDbLine
 10
21.924554405431753
 20
18.87570868969713
 30
0.0
 11
22.468747963417478
 21
18.67729649647864
 31
0.0
  0
LINE
  5
1F9
330
17
100
AcDbEntity
  8
ENGRAVE_POLARS
100
AcDbLine
 10
22.468747963417478
 20
18.67729649647864
 30
0.0
 11
22.961777464992092
 21
18.475732082594938
 31
0.0
  0
LINE
  5
1FA
330
17
100
AcDbEntity
  8
ENGRAVE_POLARS
100
AcDbLine
 10
22.961777464992092
 20
18.475732082594938
 30
0.0
 11
23.388063456574727
 21
18.272757810448848
 31
0.0
  0
LINE
  5
1FB
330
17
100
AcDbEntity
  8
ENGRAVE_POLARS
100
AcDbLine
 10
23.388063456574727
 20
18.272757810448848
 30
0.0
 11
23.757918734529976
 21
18.068840647205366
 31
0.0
  0
LINE
  5
1FC
330
17
100
AcDbEntity
  8
ENGRAVE_POLARS
100
AcDbLine
 10
23.757918734529976
 20
18.068840647205366
 30
0.0
 11
24.094901754996265
 21
17.862376994802787
 31
0.0
  0
LINE
  5
1FD
330
17
100
AcDbEntity
  8
ENGRAVE_POLARS
100
AcDbLine
 10
24.094901754996265
 20
17.862376994802787
 30
0.0
 11
24.403301554053463
 21
17.65200336780387
 31
0.0
  0
LINE
  5
1FE
330
17
100
AcDbEntity
  8
ENGRAVE_POLARS
100
AcDbLine
 10
24.403301554053463
 20
17.65200336780387
 30
0.0
 11
24.687407167781416
 21
17.436356280771378
 31
0.0
  0
LINE
  5
1FF
330
17
100
AcDbEntity
  8
ENGRAVE_POLARS
100
AcDbLine
 10
24.687407167781416
 20
17.436356280771378
 30
0.0
 11
24.95150763226
 21
17.214072248268064
 31
0.0
  0
LINE
  5
200
330
17
100
AcDbEntity
  8
ENGRAVE_POLARS
100
AcDbLine
 10
24.95150763226
 20
17.214072248268064
 30
0.0
 11
25.19989198356907
 21
16.98378778485668
 31
0.0
  0
LINE
  5
201
330
17
100
AcDbEntity
  8
ENGRAVE_POLARS
100
AcDbLine
 10
25.19989198356907
 20
16.98378778485668
 30
0.0
 11
25.436849257788488
 21
16.744139405099983
 31
0.0
  0
LINE
  5
202
330
17
100
AcDbEntity
  8
ENGRAVE_POLARS
100
AcDbLine
 10
25.436849257788488
 20
16.744139405099983
 30
0.0
 11
25.666668490998116
 21
16.49376362356074
 31
0.0
  0
LINE
  5
203
330
17
100
AcDbEntity
  8
ENGRAVE_POLARS
100
AcDbLine
 10
25.666668490998116
 20
16.49376362356074
 30
0.0
 11
25.89363871927782
 21
16.231296954801692
 31
0.0
  0
LINE
  5
204
330
17
100
AcDbEntity
  8
ENGRAVE_POLARS
100
AcDbLine
 10
25.89363871927782
 20
16.231296954801692
 30
0.0
 11
26.122048978707454
 21
15.955375913385604
 31
0.0
  0
LINE
  5
205
330
17
100
AcDbEntity
  8
ENGRAVE_POLARS
100
AcDbLine
 10
26.122048978707454
 20
15.955375913385604
 30
0.0
 11
26.356188305366878
 21
15.664637013875236
 31
0.0
  0
LINE
  5
206
330
17
100
AcDbEntity
  8
ENGRAVE_POLARS
100
AcDbLine
 10
26.356188305366878
 20
15.664637013875236
 30
0.0
 11
26.600345735335967
 21
15.357716770833338
 31
0.0
  0
LINE
  5
207
330
17
100
AcDbEntity
  8
ENGRAVE_POLARS
100
AcDbLine
 10
26.600345735335967
 20
15.357716770833338
 30
0.0
 11
26.854285016525395
 21
15.024068099930682
 31
0.0
  0
LINE
  5
208
330
17
100
AcDbEntity
  8
ENGRAVE_POLARS
100
AcDbLine
 10
26.854285016525395
 20
15.024068099930682
 30
0.0
 11
27.113176858245748
 21
14.658466658889294
 31
0.0
  0
LINE
  5
209
330
17
100
AcDbEntity
  8
ENGRAVE_POLARS
100
AcDbLine
 10
27.113176858245748
 20
14.658466658889294
 30
0.0
 11
27.37442073867674
 21
14.267533075348823
 31
0.0
  0
LINE
  5
20A
330
17
100
AcDbEntity
  8
ENGRAVE_POLARS
100
AcDbLine
 10
27.37442073867674
 20
14.267533075348823
 30
0.0
 11
27.635416135998085
 21
13.857887976948904
 31
0.0
  0
LINE
  5
20B
330
17
100
AcDbEntity
  8
ENGRAVE_POLARS
100
AcDbLine
 10
27.635416135998085
 20
13.857887976948904
 30
0.0
 11
27.893562528389513
 21
13.436151991329192
 31
0.0
  0
LINE
  5
20C
330
17
100
AcDbEntity
  8
ENGRAVE_POLARS
100
AcDbLine
 10
27.893562528389513
 20
13.436151991329192
 30
0.0
 11
28.14625939403072
 21
13.00894574612933
 31
0.0
  0
LINE
  5
20D
330
17
100
AcDbEntity
  8
ENGRAVE_POLARS
100
AcDbLine
 10
28.14625939403072
 20
13.00894574612933
 30
0.0
 11
28.39090621110143
 21
12.582889868988955
 31
0.0
  0
LINE
  5
20E
330
17
100
AcDbEntity
  8
ENGRAVE_POLARS
100
AcDbLine
 10
28.39090621110143
 20
12.582889868988955
 30
0.0
 11
28.624902457781356
 21
12.164604987547715
 31
0.0
  0
LINE
  5
20F
330
17
100
AcDbEntity
  8
ENGRAVE_POLARS
100
AcDbLine
 10
28.624902457781356
 20
12.164604987547715
 30
0.0
 11
28.84564761225022
 21
11.760711729445262
 31
0.0
  0
LINE
  5
210
330
17
100
AcDbEntity
  8
ENGRAVE_POLARS
100
AcDbLine
 10
28.84564761225022
 20
11.760711729445262
 30
0.0
 11
29.05054115268773
 21
11.377830722321226
 31
0.0
  0
LINE
  5
211
330
17
100
AcDbEntity
  8
ENGRAVE_POLARS
100
AcDbLine
 10
29.05054115268773
 20
11.377830722321226
 30
0.0
 11
29.236982557273606
 21
11.022582593815264
 31
0.0
  0
LINE
  5
212
330
17
100
AcDbEntity
  8
ENGRAVE_POLARS
100
AcDbLine
 10
29.236982557273606
 20
11.022582593815264
 30
0.0
 11
29.40237130418756
 21
10.701587971567015
 31
0.0
  0
LINE
  5
213
330
17
100
AcDbEntity
  8
ENGRAVE_POLARS
100
AcDbLine
 10
29.40237130418756
 20
10.701587971567015
 30
0.0
 11
29.54473851578939
 21
10.41401740872397
 31
0.0
  0
LINE
  5
214
330
17
100
AcDbEntity
  8
ENGRAVE_POLARS
100
AcDbLine
 10
29.54473851578939
 20
10.41401740872397
 30
0.0
 11
29.665668202839274
 21
10.152120572591286
 31
0.0
  0
LINE
  5
215
330
17
100
AcDbEntity
  8
ENGRAVE_POLARS
100
AcDbLine
 10
29.665668202839274
 20
10.152120572591286
 30
0.0
 11
29.767889176117514
 21
9.912136762045103
 31
0.0
  0
LINE
  5
216
330
17
100
AcDbEntity
  8
ENGRAVE_POLARS
100
AcDbLine
 10
29.767889176117514
 20
9.912136762045103
 30
0.0
 11
29.854130246404385
 21
9.690305275961558
 31
0.0
  0
LINE
  5
217
330
17
100
AcDbEntity
  8
ENGRAVE_POLARS
100
AcDbLine
 10
29.854130246404385
 20
9.690305275961558
 30
0.0
 11
29.9271202244802
 21
9.482865413216796
 31
0.0
  0
LINE
  5
218
330
17
100
AcDbEntity
  8
ENGRAVE_POLARS
100
AcDbLine
 10
29.9271202244802
 20
9.482865413216796
 30
0.0
 11
29.98958792112523
 21
9.286056472686955
 31
0.0
  0
LINE
  5
219
330
17
100
AcDbEntity
  8
ENGRAVE_POLARS
100
AcDbLine
 10
29.98958792112523
 20
9.286056472686955
 30
0.0
 11
30.044262147119785
 21
9.09611775324817
 31
0.0
  0
LINE
  5
21A
330
17
100
AcDbEntity
  8
ENGRAVE_POLARS
100
AcDbLine
 10
30.044262147119785
 20
9.09611775324817
 30
0.0
 11
30.09387171324414
 21
8.909288553776587
 31
0.0
  0
LINE
  5
21B
330
17
100
AcDbEntity
  8
ENGRAVE_POLARS
100
AcDbLine
 10
30.09387171324414
 20
8.909288553776587
 30
0.0
 11
30.141145430278605
 21
8.721808173148348
 31
0.0
  0
LINE
  5
21C
330
17
100
AcDbEntity
  8
ENGRAVE_POLARS
100
AcDbLine
 10
30.141145430278605
 20
8.721808173148348
 30
0.0
 11
30.18881210900346
 21
8.529915910239586
 31
0.0
  0
LINE
  5
21D
330
17
100
AcDbEntity
  8
ENGRAVE_POLARS
100
AcDbLine
 10
30.18881210900346
 20
8.529915910239586
 30
0.0
 11
30.239600560198998
 21
8.329851063926448
 31
0.0
  0
LINE
  5
21E
330
17
100
AcDbEntity
  8
ENGRAVE_POLARS
100
AcDbLine
 10
30.239600560198998
 20
8.329851063926448
 30
0.0
 11
30.296239594645517
 21
8.11785293308507
 31
0.0
  0
LINE
  5
21F
330
17
100
AcDbEntity
  8
ENGRAVE_POLARS
100
AcDbLine
 10
30.296239594645517
 20
8.11785293308507
 30
0.0
 11
30.351874119651022
 21
7.906804314443545
 31
0.0
  0
LINE
  5
220
330
17
100
AcDbEntity
  8
ENGRAVE_POLARS
100
AcDbLine
 10
30.351874119651022
 20
7.906804314443545
 30
0.0
 11
30.39916491901486
 21
7.70900593441851
 31
0.0
  0
LINE
  5
221
330
17
100
AcDbEntity
  8
ENGRAVE_POLARS
100
AcDbLine
 10
30.39916491901486
 20
7.70900593441851
 30
0.0
 11
30.440114618254277
 21
7.519823986418913
 31
0.0
  0
LINE
  5
222
330
17
100
AcDbEntity
  8
ENGRAVE_POLARS
100
AcDbLine
 10
30.440114618254277
 20
7.519823986418913
 30
0.0
 11
30.47672584288653
 21
7.334624663853706
 31
0.0
  0
LINE
  5
223
330
17
100
AcDbEntity
  8
ENGRAVE_POLARS
100
AcDbLine
 10
30.47672584288653
 20
7.334624663853706
 30
0.0
 11
30.511001218428888
 21
7.1487741601318415
 31
0.0
  0
LINE
  5
224
330
17
100
AcDbEntity
  8
ENGRAVE_POLARS
100
AcDbLine
 10
30.511001218428888
 20
7.1487741601318415
 30
0.0
 11
30.544943370398602
 21
6.957638668662268
 31
0.0
  0
LINE
  5
225
330
17
100
AcDbEntity
  8
ENGRAVE_POLARS
100
AcDbLine
 10
30.544943370398602
 20
6.957638668662268
 30
0.0
 11
30.580554924312935
 21
6.7565843828539345
 31
0.0
  0
LINE
  5
226
330
17
100
AcDbEntity
  8
ENGRAVE_POLARS
100
AcDbLine
 10
30.580554924312935
 20
6.7565843828539345
 30
0.0
 11
30.619838505689156
 21
6.540977496115795
 31
0.0
  0
LINE
  5
227
330
17
100
AcDbEntity
  8
ENGRAVE_POLARS
100
AcDbLine
 10
30.619838505689156
 20
6.540977496115795
 30
0.0
 11
30.664796740044515
 21
6.3061842018568
 31
0.0
  0
LINE
  5
228
330
17
100
AcDbEntity
  8
ENGRAVE_POLARS
100
AcDbLine
 10
30.664796740044515
 20
6.3061842018568
 30
0.0
 11
30.717432252896277
 21
6.0475706934859
 31
0.0
  0
LINE
  5
229
330
17
100
AcDbEntity
  8
ENGRAVE_POLARS
100
AcDbLine
 10
30.717432252896277
 20
6.0475706934859
 30
0.0
 11
30.779747669761687
 21
5.760503164412044
 31
0.0
  0
LINE
  5
22A
330
17
100
AcDbEntity
  8
ENGRAVE_POLARS
100
AcDbLine
 10
30.779747669761687
 20
5.760503164412044
 30
0.0
 11
30.853745616158026
 21
5.4403478080441845
 31
0.0
  0
LINE
  5
22B
330
17
100
AcDbEntity
  8
ENGRAVE_POLARS
100
AcDbLine
 10
30.853745616158026
 20
5.4403478080441845
 30
0.0
 11
30.946945391419582
 21
5.1026886408433505
 31
0.0
  0
LINE
  5
22C
330
17
100
AcDbEntity
  8
ENGRAVE_POLARS
100
AcDbLine
 10
30.946945391419582
 20
5.1026886408433505
 30
0.0
 11
31.061947321831173
 21
4.762497825929525
 31
0.0
  0
LINE
  5
22D
330
17
100
AcDbEntity
  8
ENGRAVE_POLARS
100
AcDbLine
 10
31.061947321831173
 20
4.762497825929525
 30
0.0
 11
31.193375573335842
 21
4.414223776700087
 31
0.0
  0
LINE
  5
22E
330
17
100
AcDbEntity
  8
ENGRAVE_POLARS
100
AcDbLine
 10
31.193375573335842
 20
4.414223776700087
 30
0.0
 11
31.33585431187661
 21
4.052314906552413
 31
0.0
  0
LINE
  5
22F
330
17
100
AcDbEntity
  8
ENGRAVE_POLARS
100
AcDbLine
 10
31.33585431187661
 20
4.052314906552413
 30
0.0
 11
31.484007703396525
 21
3.6712196288838834
 31
0.0
  0
LINE
  5
230
330
17
100
AcDbEntity
  8
ENGRAVE_POLARS
100
AcDbLine
 10
31.484007703396525
 20
3.6712196288838834
 30
0.0
 11
31.63245991383861
 21
3.2653863570918755
 31
0.0
  0
LINE
  5
231
330
17
100
AcDbEntity
  8
ENGRAVE_POLARS
100
AcDbLine
 10
31.63245991383861
 20
3.2653863570918755
 30
0.0
 11
31.7758351091459
 21
2.8292635045737686
 31
0.0
  0
LINE
  5
232
330
17
100
AcDbEntity
  8
ENGRAVE_POLARS
100
AcDbLine
 10
31.7758351091459
 20
2.8292635045737686
 30
0.0
 11
31.908757455261433
 21
2.3572994847269415
 31
0.0
  0
LINE
  5
233
330
17
100
AcDbEntity
  8
ENGRAVE_POLARS
100
AcDbLine
 10
31.908757455261433
 20
2.3572994847269415
 30
0.0
 11
32.025851118128244
 21
1.8439427109487734
 31
0.0
  0
LINE
  5
234
330
17
100
AcDbEntity
  8
ENGRAVE_POLARS
100
AcDbLine
 10
32.025851118128244
 20
1.8439427109487734
 30
0.0
 11
32.12174026368936
 21
1.283641596636641
 31
0.0
  0
LINE
  5
235
330
17
100
AcDbEntity
  8
ENGRAVE_POLARS
100
AcDbLine
 10
32.12174026368936
 20
1.283641596636641
 30
0.0
 11
32.191049057887824
 21
0.6708445551879243
 31
0.0
  0
LINE
  5
236
330
17
100
AcDbEntity
  8
ENGRAVE_POLARS
100
AcDbLine
 10
32.191049057887824
 20
0.6708445551879243
 30
0.0
 11
32.22840166666666
 21
1.9734204471359276e-15
 31
0.0
  0
LINE
  5
237
330
17
100
AcDbEntity
  8
ENGRAVE_POLARS
100
AcDbLine
 10
32.22840166666666
 20
1.9734204471359276e-15
 30
0.0
 11
32.238861619910324
 21
-0.7615540710387505
 31
0.0
  0
LINE
  5
238
330
17
100
AcDbEntity
  8
ENGRAVE_POLARS
100
AcDbLine
 10
32.238861619910324
 20
-0.7615540710387505
 30
0.0
 11
32.23151571015287
 21
-1.6285462920692342
 31
0.0
  0
LINE
  5
239
330
17
100
AcDbEntity
  8
ENGRAVE_POLARS
100
AcDbLine
 10
32.23151571015287
 20
-1.6285462920692342
 30
0.0
 11
32.20702299731177
 21
-2.579628197737985
 31
0.0
  0
LINE
  5
23A
330
17
100
AcDbEntity
  8
ENGRAVE_POLARS
100
AcDbLine
 10
32.20702299731177
 20
-2.579628197737985
 30
0.0
 11
32.166042541304485
 21
-3.5934513226915423
 31
0.0
  0
LINE
  5
23B
330
17
100
AcDbEntity
  8
ENGRAVE_POLARS
100
AcDbLine
 10
32.166042541304485
 20
-3.5934513226915423
 30
0.0
 11
32.10923340204848
 21
-4.6486672015764405
 31
0.0
  0
LINE
  5
23C
330
17
100
AcDbEntity
  8
ENGRAVE_POLARS
100
AcDbLine
 10
32.10923340204848
 20
-4.6486672015764405
 30
0.0
 11
32.0372546394612
 21
-5.723927369039217
 31
0.0
  0
LINE
  5
23D
330
17
100
AcDbEntity
  8
ENGRAVE_POLARS
100
AcDbLine
 10
32.0372546394612
 20
-5.723927369039217
 30
0.0
 11
31.950765313460128
 21
-6.797883359726409
 31
0.0
  0
LINE
  5
23E
330
17
100
AcDbEntity
  8
ENGRAVE_POLARS
100
AcDbLine
 10
31.950765313460128
 20
-6.797883359726409
 30
0.0
 11
31.850424483962712
 21
-7.849186708284556
 31
0.0
  0
LINE
  5
23F
330
17
100
AcDbEntity
  8
ENGRAVE_POLARS
100
AcDbLine
 10
31.850424483962712
 20
-7.849186708284556
 30
0.0
 11
31.73689121088642
 21
-8.85648894936019
 31
0.0
  0
LINE
  5
240
330
17
100
AcDbEntity
  8
ENGRAVE_POLARS
100
AcDbLine
 10
31.73689121088642
 20
-8.85648894936019
 30
0.0
 11
31.61082455414871
 21
-9.798441617599853
 31
0.0
  0
LINE
  5
241
330
17
100
AcDbEntity
  8
ENGRAVE_POLARS
100
AcDbLine
 10
31.61082455414871
 20
-9.798441617599853
 30
0.0
 11
31.47288357366705
 21
-10.653696247650078
 31
0.0
  0
LINE
  5
242
330
17
100
AcDbEntity
  8
ENGRAVE_POLARS
100
AcDbLine
 10
31.47288357366705
 20
-10.653696247650078
 30
0.0
 11
31.3237273293589
 21
-11.400904374157403
 31
0.0
  0
LINE
  5
243
330
17
100
AcDbEntity
  8
ENGRAVE_POLARS
100
AcDbLine
 10
31.3237273293589
 20
-11.400904374157403
 30
0.0
 11
31.169803768526425
 21
-12.04474983856964
 31
0.0
  0
LINE
  5
244
330
17
100
AcDbEntity
  8
ENGRAVE_POLARS
100
AcDbLine
 10
31.169803768526425
 20
-12.04474983856964
 30
0.0
 11
31.014497155906515
 21
-12.611502502193721
 31
0.0
  0
LINE
  5
245
330
17
100
AcDbEntity
  8
ENGRAVE_POLARS
100
AcDbLine
 10
31.014497155906515
 20
-12.611502502193721
 30
0.0
 11
30.853871027568687
 21
-13.112192929464857
 31
0.0
  0
LINE
  5
246
330
17
100
AcDbEntity
  8
ENGRAVE_POLARS
100
AcDbLine
 10
30.853871027568687
 20
-13.112192929464857
 30
0.0
 11
30.68398891958246
 21
-13.55785168481827
 31
0.0
  0
LINE
  5
247
330
17
100
AcDbEntity
  8
ENGRAVE_POLARS
100
AcDbLine
 10
30.68398891958246
 20
-13.55785168481827
 30
0.0
 11
30.50091436801736
 21
-13.959509332689173
 31
0.0
  0
LINE
  5
248
330
17
100
AcDbEntity
  8
ENGRAVE_POLARS
100
AcDbLine
 10
30.50091436801736
 20
-13.959509332689173
 30
0.0
 11
30.300710908942897
 21
-14.328196437512782
 31
0.0
  0
LINE
  5
249
330
17
100
AcDbEntity
  8
ENGRAVE_POLARS
100
AcDbLine
 10
30.300710908942897
 20
-14.328196437512782
 30
0.0
 11
30.079442078428595
 21
-14.674943563724307
 31
0.0
  0
LINE
  5
24A
330
17
100
AcDbEntity
  8
ENGRAVE_POLARS
100
AcDbLine
 10
30.079442078428595
 20
-14.674943563724307
 30
0.0
 11
29.833171412543983
 21
-15.010781275758974
 31
0.0
  0
LINE
  5
24B
330
17
100
AcDbEntity
  8
ENGRAVE_POLARS
100
AcDbLine
 10
29.833171412543983
 20
-15.010781275758974
 30
0.0
 11
29.55796244735857
 21
-15.346740138051993
 31
0.0
  0
LINE
  5
24C
330
17
100
AcDbEntity
  8
ENGRAVE_POLARS
100
AcDbLine
 10
29.55796244735857
 20
-15.346740138051993
 30
0.0
 11
29.249878718941886
 21
-15.693850715038584
 31
0.0
  0
LINE
  5
24D
330
17
100
AcDbEntity
  8
ENGRAVE_POLARS
100
AcDbLine
 10
29.249878718941886
 20
-15.693850715038584
 30
0.0
 11
28.90498376336345
 21
-16.063143571153958
 31
0.0
  0
LINE
  5
24E
330
17
100
AcDbEntity
  8
ENGRAVE_POLARS
100
AcDbLine
 10
28.90498376336345
 20
-16.063143571153958
 30
0.0
 11
28.519341116692775
 21
-16.465649270833328
 31
0.0
  0
LINE
  5
24F
330
17
100
AcDbEntity
  8
ENGRAVE_POLARS
100
AcDbLine
 10
28.519341116692775
 20
-16.465649270833328
 30
0.0
 11
28.083227110748794
 21
-16.901150856132105
 31
0.0
  0
LINE
  5
250
330
17
100
AcDbEntity
  8
ENGRAVE_POLARS
100
AcDbLine
 10
28.083227110748794
 20
-16.901150856132105
 30
0.0
 11
27.594748280976795
 21
-17.3574769198835
 31
0.0
  0
LINE
  5
251
330
17
100
AcDbEntity
  8
ENGRAVE_POLARS
100
AcDbLine
 10
27.594748280976795
 20
-17.3574769198835
 30
0.0
 11
27.06171346888586
 21
-17.827726352689414
 31
0.0
  0
LINE
  5
252
330
17
100
AcDbEntity
  8
ENGRAVE_POLARS
100
AcDbLine
 10
27.06171346888586
 20
-17.827726352689414
 30
0.0
 11
26.491931515985048
 21
-18.30499804515177
 31
0.0
  0
LINE
  5
253
330
17
100
AcDbEntity
  8
ENGRAVE_POLARS
100
AcDbLine
 10
26.491931515985048
 20
-18.30499804515177
 30
0.0
 11
25.89321126378345
 21
-18.78239088787248
 31
0.0
  0
LINE
  5
254
330
17
100
AcDbEntity
  8
ENGRAVE_POLARS
100
AcDbLine
 10
25.89321126378345
 20
-18.78239088787248
 30
0.0
 11
25.273361553790124
 21
-19.253003771453454
 31
0.0
  0
LINE
  5
255
330
17
100
AcDbEntity
  8
ENGRAVE_POLARS
100
AcDbLine
 10
25.273361553790124
 20
-19.253003771453454
 30
0.0
 11
24.64019122751415
 21
-19.70993558649661
 31
0.0
  0
LINE
  5
256
330
17
100
AcDbEntity
  8
ENGRAVE_POLARS
100
AcDbLine
 10
24.64019122751415
 20
-19.70993558649661
 30
0.0
 11
24.0015091264646
 21
-20.146285223603858
 31
0.0
  0
LINE
  5
257
330
17
100
AcDbEntity
  8
ENGRAVE_POLARS
100
AcDbLine
 10
24.0015091264646
 20
-20.146285223603858
 30
0.0
 11
23.36512409215055
 21
-20.55515157337712
 31
0.0
  0
LINE
  5
258
330
17
100
AcDbEntity
  8
ENGRAVE_POLARS
100
AcDbLine
 10
23.36512409215055
 20
-20.55515157337712
 30
0.0
 11
22.73884496608106
 21
-20.929633526418304
 31
0.0
  0
LINE
  5
259
330
17
100
AcDbEntity
  8
ENGRAVE_POLARS
100
AcDbLine
 10
22.73884496608106
 20
-20.929633526418304
 30
0.0
 11
22.130480589765217
 21
-21.262829973329325
 31
0.0
  0
LINE
  5
25A
330
17
100
AcDbEntity
  8
ENGRAVE_POLARS
100
AcDbLine
 10
22.130480589765217
 20
-21.262829973329325
 30
0.0
 11
21.547839804712094
 21
-21.54783980471209
 31
0.0
  0
LINE
  5
25B
330
17
100
AcDbEntity
  8
ENGRAVE_POLARS
100
AcDbLine
 10
21.547839804712094
 20
-21.54783980471209
 30
0.0
 11
20.967623309406417
 21
-21.783889357533702
 31
0.0
  0
LINE
  5
25C
330
17
100
AcDbEntity
  8
ENGRAVE_POLARS
100
AcDbLine
 10
20.967623309406417
 20
-21.783889357533702
 30
0.0
 11
20.3664855394195
 21
-21.978014783752943
 31
0.0
  0
LINE
  5
25D
330
17
100
AcDbEntity
  8
ENGRAVE_POLARS
100
AcDbLine
 10
20.3664855394195
 20
-21.978014783752943
 30
0.0
 11
19.752165941890247
 21
-22.135029696459277
 31
0.0
  0
LINE
  5
25E
330
17
100
AcDbEntity
  8
ENGRAVE_POLARS
100
AcDbLine
 10
19.752165941890247
 20
-22.135029696459277
 30
0.0
 11
19.13240396395758
 21
-22.259747708742157
 31
0.0
  0
LINE
  5
25F
330
17
100
AcDbEntity
  8
ENGRAVE_POLARS
100
AcDbLine
 10
19.13240396395758
 20
-22.259747708742157
 30
0.0
 11
18.514939052760404
 21
-22.356982433691048
 31
0.0
  0
LINE
  5
260
330
17
100
AcDbEntity
  8
ENGRAVE_POLARS
100
AcDbLine
 10
18.514939052760404
 20
-22.356982433691048
 30
0.0
 11
17.907510655437637
 21
-22.431547484395406
 31
0.0
  0
LINE
  5
261
330
17
100
AcDbEntity
  8
ENGRAVE_POLARS
100
AcDbLine
 10
17.907510655437637
 20
-22.431547484395406
 30
0.0
 11
17.317858219128198
 21
-22.488256473944688
 31
0.0
  0
LINE
  5
262
330
17
100
AcDbEntity
  8
ENGRAVE_POLARS
100
AcDbLine
 10
17.317858219128198
 20
-22.488256473944688
 30
0.0
 11
16.753721190971
 21
-22.53192301542836
 31
0.0
  0
LINE
  5
263
330
17
100
AcDbEntity
  8
ENGRAVE_POLARS
100
AcDbLine
 10
16.753721190971
 20
-22.53192301542836
 30
0.0
 11
16.22283901810496
 21
-22.567360721935877
 31
0.0
  0
LINE
  5
264
330
17
100
AcDbEntity
  8
ENGRAVE_POLARS
100
AcDbLine
 10
16.22283901810496
 20
-22.567360721935877
 30
0.0
 11
15.732951147668988
 21
-22.599383206556695
 31
0.0
  0
LINE
  5
265
330
17
100
AcDbEntity
  8
ENGRAVE_POLARS
100
AcDbLine
 10
15.732951147668988
 20
-22.599383206556695
 30
0.0
 11
15.291797026801996
 21
-22.63280408238028
 31
0.0
  0
LINE
  5
266
330
17
100
AcDbEntity
  8
ENGRAVE_POLARS
100
AcDbLine
 10
15.291797026801996
 20
-22.63280408238028
 30
0.0
 11
14.907116102642906
 21
-22.672436962496086
 31
0.0
  0
LINE
  5
267
330
17
100
AcDbEntity
  8
ENGRAVE_POLARS
100
AcDbLine
 10
14.907116102642906
 20
-22.672436962496086
 30
0.0
 11
14.602488793645488
 21
-22.712414633490827
 31
0.0
  0
LINE
  5
268
330
17
100
AcDbEntity
  8
ENGRAVE_POLARS
100
AcDbLine
 10
14.602488793645488
 20
-22.712414633490827
 30
0.0
 11
14.384477787401513
 21
-22.743752199822097
 31
0.0
  0
LINE
  5
269
330
17
100
AcDbEntity
  8
ENGRAVE_POLARS
100
AcDbLine
 10
14.384477787401513
 20
-22.743752199822097
 30
0.0
 11
14.235295934756882
 21
-22.766586751385667
 31
0.0
  0
LINE
  5
26A
330
17
100
AcDbEntity
  8
ENGRAVE_POLARS
100
AcDbLine
 10
14.235295934756882
 20
-22.766586751385667
 30
0.0
 11
14.137156086557503
 21
-22.781055378077305
 31
0.0
  0
LINE
  5
26B
330
17
100
AcDbEntity
  8
ENGRAVE_POLARS
100
AcDbLine
 10
14.137156086557503
 20
-22.781055378077305
 30
0.0
 11
14.07227109364928
 21
-22.787295169792795
 31
0.0
  0
LINE
  5
26C
330
17
100
AcDbEntity
  8
ENGRAVE_POLARS
100
AcDbLine
 10
14.07227109364928
 20
-22.787295169792795
 30
0.0
 11
14.022853806878112
 21
-22.785443216427893
 31
0.0
  0
LINE
  5
26D
330
17
100
AcDbEntity
  8
ENGRAVE_POLARS
100
AcDbLine
 10
14.022853806878112
 20
-22.785443216427893
 30
0.0
 11
13.97111707708991
 21
-22.775636607878393
 31
0.0
  0
LINE
  5
26E
330
17
100
AcDbEntity
  8
ENGRAVE_POLARS
100
AcDbLine
 10
13.97111707708991
 20
-22.775636607878393
 30
0.0
 11
13.899273755130574
 21
-22.758012434040047
 31
0.0
  0
LINE
  5
26F
330
17
100
AcDbEntity
  8
ENGRAVE_POLARS
100
AcDbLine
 10
13.899273755130574
 20
-22.758012434040047
 30
0.0
 11
13.789536691846012
 21
-22.732707784808643
 31
0.0
  0
LINE
  5
270
330
17
100
AcDbEntity
  8
ENGRAVE_POLARS
100
AcDbLine
 10
13.789536691846012
 20
-22.732707784808643
 30
0.0
 11
13.624118738082124
 21
-22.699859750079945
 31
0.0
  0
LINE
  5
271
330
17
100
AcDbEntity
  8
ENGRAVE_POLARS
100
AcDbLine
 10
13.624118738082124
 20
-22.699859750079945
 30
0.0
 11
13.385232744684819
 21
-22.659605419749724
 31
0.0
  0
LINE
  5
272
330
17
100
AcDbEntity
  8
ENGRAVE_POLARS
100
AcDbLine
 10
13.385232744684819
 20
-22.659605419749724
 30
0.0
 11
13.055091562499998
 21
-22.612081883713763
 31
0.0
  0
LINE
  5
273
330
17
100
AcDbEntity
  8
ENGRAVE_POLARS
100
AcDbLine
 10
13.055091562499998
 20
-22.612081883713763
 30
0.0
 11
12.632106127267297
 21
-22.553144583270292
 31
0.0
  0
LINE
  5
274
330
17
100
AcDbEntity
  8
ENGRAVE_POLARS
100
AcDbLine
 10
12.632106127267297
 20
-22.553144583270292
 30
0.0
 11
12.134669378989141
 21
-22.48000651935917
 31
0.0
  0
LINE
  5
275
330
17
100
AcDbEntity
  8
ENGRAVE_POLARS
100
AcDbLine
 10
12.134669378989141
 20
-22.48000651935917
 30
0.0
 11
11.574967174905598
 21
-22.394841121338583
 31
0.0
  0
LINE
  5
276
330
17
100
AcDbEntity
  8
ENGRAVE_POLARS
100
AcDbLine
 10
11.574967174905598
 20
-22.394841121338583
 30
0.0
 11
10.965185372256753
 21
-22.29982181856674
 31
0.0
  0
LINE
  5
277
330
17
100
AcDbEntity
  8
ENGRAVE_POLARS
100
AcDbLine
 10
10.965185372256753
 20
-22.29982181856674
 30
0.0
 11
10.317509828282677
 21
-22.19712204040183
 31
0.0
  0
LINE
  5
278
330
17
100
AcDbEntity
  8
ENGRAVE_POLARS
100
AcDbLine
 10
10.317509828282677
 20
-22.19712204040183
 30
0.0
 11
9.644126400223453
 21
-22.088915216202057
 31
0.0
  0
LINE
  5
279
330
17
100
AcDbEntity
  8
ENGRAVE_POLARS
100
AcDbLine
 10
9.644126400223453
 20
-22.088915216202057
 30
0.0
 11
8.957220945319152
 21
-21.977374775325607
 31
0.0
  0
LINE
  5
27A
330
17
100
AcDbEntity
  8
ENGRAVE_POLARS
100
AcDbLine
 10
8.957220945319152
 20
-21.977374775325607
 30
0.0
 11
8.268979320809855
 21
-21.86467414713069
 31
0.0
  0
LINE
  5
27B
330
17
100
AcDbEntity
  8
ENGRAVE_POLARS
100
AcDbLine
 10
8.268979320809855
 20
-21.86467414713069
 30
0.0
 11
7.591587383935641
 21
-21.752986760975492
 31
0.0
  0
LINE
  5
27C
330
17
100
AcDbEntity
  8
ENGRAVE_POLARS
100
AcDbLine
 10
7.591587383935641
 20
-21.752986760975492
 30
0.0
 11
6.937230991936582
 21
-21.644486046218212
 31
0.0
  0
LINE
  5
27D
330
17
100
AcDbEntity
  8
ENGRAVE_POLARS
100
AcDbLine
 10
6.937230991936582
 20
-21.644486046218212
 30
0.0
 11
6.318096002052756
 21
-21.54134543221705
 31
0.0
  0
LINE
  5
27E
330
17
100
AcDbEntity
  8
ENGRAVE_POLARS
100
AcDbLine
 10
6.318096002052756
 20
-21.54134543221705
 30
0.0
 11
5.746368271524243
 21
-21.4457383483302
 31
0.0
  0
LINE
  5
27F
330
17
100
AcDbEntity
  8
ENGRAVE_POLARS
100
AcDbLine
 10
5.746368271524243
 20
-21.4457383483302
 30
0.0
 11
5.194513795095023
 21
-21.352345611895732
 31
0.0
  0
LINE
  5
280
330
17
100
AcDbEntity
  8
ENGRAVE_POLARS
100
AcDbLine
 10
5.194513795095023
 20
-21.352345611895732
 30
0.0
 11
4.631717270613005
 21
-21.255411274647113
 31
0.0
  0
LINE
  5
281
330
17
100
AcDbEntity
  8
ENGRAVE_POLARS
100
AcDbLine
 10
4.631717270613005
 20
-21.255411274647113
 30
0.0
 11
4.065242609974149
 21
-21.156453617535636
 31
0.0
  0
LINE
  5
282
330
17
100
AcDbEntity
  8
ENGRAVE_POLARS
100
AcDbLine
 10
4.065242609974149
 20
-21.156453617535636
 30
0.0
 11
3.5023537250744115
 21
-21.05699092151259
 31
0.0
  0
LINE
  5
283
330
17
100
AcDbEntity
  8
ENGRAVE_POLARS
100
AcDbLine
 10
3.5023537250744115
 20
-21.05699092151259
 30
0.0
 11
2.950314527809755
 21
-20.958541467529265
 31
0.0
  0
LINE
  5
284
330
17
100
AcDbEntity
  8
ENGRAVE_POLARS
100
AcDbLine
 10
2.950314527809755
 20
-20.958541467529265
 30
0.0
 11
2.416388930076138
 21
-20.862623536536958
 31
0.0
  0
LINE
  5
285
330
17
100
AcDbEntity
  8
ENGRAVE_POLARS
100
AcDbLine
 10
2.416388930076138
 20
-20.862623536536958
 30
0.0
 11
1.9078408437695191
 21
-20.770755409486952
 31
0.0
  0
LINE
  5
286
330
17
100
AcDbEntity
  8
ENGRAVE_POLARS
100
AcDbLine
 10
1.9078408437695191
 20
-20.770755409486952
 30
0.0
 11
1.4319341807858594
 21
-20.68445536733054
 31
0.0
  0
LINE
  5
287
330
17
100
AcDbEntity
  8
ENGRAVE_POLARS
100
AcDbLine
 10
1.4319341807858594
 20
-20.68445536733054
 30
0.0
 11
0.9959328530211196
 21
-20.60524169101902
 31
0.0
  0
LINE
  5
288
330
17
100
AcDbEntity
  8
ENGRAVE_POLARS
100
AcDbLine
 10
0.9959328530211196
 20
-20.60524169101902
 30
0.0
 11
0.6071007723712565
 21
-20.53463266150367
 31
0.0
  0
LINE
  5
289
330
17
100
AcDbEntity
  8
ENGRAVE_POLARS
100
AcDbLine
 10
0.6071007723712565
 20
-20.53463266150367
 30
0.0
 11
0.27270185073223047
 21
-20.474146559735786
 31
0.0
  0
LINE
  5
28A
330
17
100
AcDbEntity
  8
ENGRAVE_POLARS
100
AcDbLine
 10
0.27270185073223047
 20
-20.474146559735786
 30
0.0
 11
2.501378030770243e-15
 21
-20.425301666666666
 31
0.0
  0
LINE
  5
28B
330
17
100
AcDbEntity
  8
ENGRAVE_POLARS
100
AcDbLine
 10
-17.29503968590357
 20
20.232078702265795
 30
0.0
 11
-17.598634340450186
 21
20.140442803160575
 31
0.0
  0
LINE
  5
28C
330
17
100
AcDbEntity
  8
ENGRAVE_POLARS
100
AcDbLine
 10
-17.598634340450186
 20
20.140442803160575
 30
0.0
 11
-17.99128002081351
 21
20.029973421764865
 31
0.0
  0
LINE
  5
28D
330
17
100
AcDbEntity
  8
ENGRAVE_POLARS
100
AcDbLine
 10
-17.99128002081351
 20
20.029973421764865
 30
0.0
 11
-18.45739727341268
 21
19.902412920481467
 31
0.0
  0
LINE
  5
28E
330
17
100
AcDbEntity
  8
ENGRAVE_POLARS
100
AcDbLine
 10
-18.45739727341268
 20
19.902412920481467
 30
0.0
 11
-18.98140664466683
 21
19.7595036617132
 31
0.0
  0
LINE
  5
28F
330
17
100
AcDbEntity
  8
ENGRAVE_POLARS
100
AcDbLine
 10
-18.98140664466683
 20
19.7595036617132
 30
0.0
 11
-19.547728680995082
 21
19.60298800786287
 31
0.0
  0
LINE
  5
290
330
17
100
AcDbEntity
  8
ENGRAVE_POLARS
100
AcDbLine
 10
-19.547728680995082
 20
19.60298800786287
 30
0.0
 11
-20.140783928816575
 21
19.43460832133329
 31
0.0
  0
LINE
  5
291
330
17
100
AcDbEntity
  8
ENGRAVE_POLARS
100
AcDbLine
 10
-20.140783928816575
 20
19.43460832133329
 30
0.0
 11
-20.744992934550424
 21
19.256106964527262
 31
0.0
  0
LINE
  5
292
330
17
100
AcDbEntity
  8
ENGRAVE_POLARS
100
AcDbLine
 10
-20.744992934550424
 20
19.256106964527262
 30
0.0
 11
-21.344776244615776
 21
19.069226299847607
 31
0.0
  0
LINE
  5
293
330
17
100
AcDbEntity
  8
ENGRAVE_POLARS
100
AcDbLine
 10
-21.344776244615776
 20
19.069226299847607
 30
0.0
 11
-21.924554405431753
 21
18.87570868969713
 31
0.0
  0
LINE
  5
294
330
17
100
AcDbEntity
  8
ENGRAVE_POLARS
100
AcDbLine
 10
-21.924554405431753
 20
18.87570868969713
 30
0.0
 11
-22.468747963417478
 21
18.67729649647864
 31
0.0
  0
LINE
  5
295
330
17
100
AcDbEntity
  8
ENGRAVE_POLARS
100
AcDbLine
 10
-22.468747963417478
 20
18.67729649647864
 30
0.0
 11
-22.961777464992092
 21
18.475732082594938
 31
0.0
  0
LINE
  5
296
330
17
100
AcDbEntity
  8
ENGRAVE_POLARS
100
AcDbLine
 10
-22.961777464992092
 20
18.475732082594938
 30
0.0
 11
-23.388063456574727
 21
18.272757810448848
 31
0.0
  0
LINE
  5
297
330
17
100
AcDbEntity
  8
ENGRAVE_POLARS
100
AcDbLine
 10
-23.388063456574727
 20
18.272757810448848
 30
0.0
 11
-23.757918734529976
 21
18.068840647205366
 31
0.0
  0
LINE
  5
298
330
17
100
AcDbEntity
  8
ENGRAVE_POLARS
100
AcDbLine
 10
-23.757918734529976
 20
18.068840647205366
 30
0.0
 11
-24.094901754996265
 21
17.862376994802787
 31
0.0
  0
LINE
  5
299
330
17
100
AcDbEntity
  8
ENGRAVE_POLARS
100
AcDbLine
 10
-24.094901754996265
 20
17.862376994802787
 30
0.0
 11
-24.403301554053463
 21
17.65200336780387
 31
0.0
  0
LINE
  5
29A
330
17
100
AcDbEntity
  8
ENGRAVE_POLARS
100
AcDbLine
 10
-24.403301554053463
 20
17.65200336780387
 30
0.0
 11
-24.687407167781416
 21
17.436356280771378
 31
0.0
  0
LINE
  5
29B
330
17
100
AcDbEntity
  8
ENGRAVE_POLARS
100
AcDbLine
 10
-24.687407167781416
 20
17.436356280771378
 30
0.0
 11
-24.95150763226
 21
17.214072248268064
 31
0.0
  0
LINE
  5
29C
330
17
100
AcDbEntity
  8
ENGRAVE_POLARS
100
AcDbLine
 10
-24.95150763226
 20
17.214072248268064
 30
0.0
 11
-25.19989198356907
 21
16.98378778485668
 31
0.0
  0
LINE
  5
29D
330
17
100
AcDbEntity
  8
ENGRAVE_POLARS
100
AcDbLine
 10
-25.19989198356907
 20
16.98378778485668
 30
0.0
 11
-25.436849257788488
 21
16.744139405099983
 31
0.0
  0
LINE
  5
29E
330
17
100
AcDbEntity
  8
ENGRAVE_POLARS
100
AcDbLine
 10
-25.436849257788488
 20
16.744139405099983
 30
0.0
 11
-25.666668490998116
 21
16.49376362356074
 31
0.0
  0
LINE
  5
29F
330
17
100
AcDbEntity
  8
ENGRAVE_POLARS
100
AcDbLine
 10
-25.666668490998116
 20
16.49376362356074
 30
0.0
 11
-25.89363871927782
 21
16.231296954801692
 31
0.0
  0
LINE
  5
2A0
330
17
100
AcDbEntity
  8
ENGRAVE_POLARS
100
AcDbLine
 10
-25.89363871927782
 20
16.231296954801692
 30
0.0
 11
-26.122048978707454
 21
15.955375913385604
 31
0.0
  0
LINE
  5
2A1
330
17
100
AcDbEntity
  8
ENGRAVE_POLARS
100
AcDbLine
 10
-26.122048978707454
 20
15.955375913385604
 30
0.0
 11
-26.356188305366878
 21
15.664637013875236
 31
0.0
  0
LINE
  5
2A2
330
17
100
AcDbEntity
  8
ENGRAVE_POLARS
100
AcDbLine
 10
-26.356188305366878
 20
15.664637013875236
 30
0.0
 11
-26.600345735335967
 21
15.357716770833338
 31
0.0
  0
LINE
  5
2A3
330
17
100
AcDbEntity
  8
ENGRAVE_POLARS
100
AcDbLine
 10
-26.600345735335967
 20
15.357716770833338
 30
0.0
 11
-26.854285016525395
 21
15.024068099930682
 31
0.0
  0
LINE
  5
2A4
330
17
100
AcDbEntity
  8
ENGRAVE_POLARS
100
AcDbLine
 10
-26.854285016525395
 20
15.024068099930682
 30
0.0
 11
-27.113176858245748
 21
14.658466658889294
 31
0.0
  0
LINE
  5
2A5
330
17
100
AcDbEntity
  8
ENGRAVE_POLARS
100
AcDbLine
 10
-27.113176858245748
 20
14.658466658889294
 30
0.0
 11
-27.37442073867674
 21
14.267533075348823
 31
0.0
  0
LINE
  5
2A6
330
17
100
AcDbEntity
  8
ENGRAVE_POLARS
100
AcDbLine
 10
-27.37442073867674
 20
14.267533075348823
 30
0.0
 11
-27.635416135998085
 21
13.857887976948904
 31
0.0
  0
LINE
  5
2A7
330
17
100
AcDbEntity
  8
ENGRAVE_POLARS
100
AcDbLine
 10
-27.635416135998085
 20
13.857887976948904
 30
0.0
 11
-27.893562528389513
 21
13.436151991329192
 31
0.0
  0
LINE
  5
2A8
330
17
100
AcDbEntity
  8
ENGRAVE_POLARS
100
AcDbLine
 10
-27.893562528389513
 20
13.436151991329192
 30
0.0
 11
-28.14625939403072
 21
13.00894574612933
 31
0.0
  0
LINE
  5
2A9
330
17
100
AcDbEntity
  8
ENGRAVE_POLARS
100
AcDbLine
 10
-28.14625939403072
 20
13.00894574612933
 30
0.0
 11
-28.39090621110143
 21
12.582889868988955
 31
0.0
  0
LINE
  5
2AA
330
17
100
AcDbEntity
  8
ENGRAVE_POLARS
100
AcDbLine
 10
-28.39090621110143
 20
12.582889868988955
 30
0.0
 11
-28.624902457781356
 21
12.164604987547715
 31
0.0
  0
LINE
  5
2AB
330
17
100
AcDbEntity
  8
ENGRAVE_POLARS
100
AcDbLine
 10
-28.624902457781356
 20
12.164604987547715
 30
0.0
 11
-28.84564761225022
 21
11.760711729445262
 31
0.0
  0
LINE
  5
2AC
330
17
100
AcDbEntity
  8
ENGRAVE_POLARS
100
AcDbLine
 10
-28.84564761225022
 20
11.760711729445262
 30
0.0
 11
-29.05054115268773
 21
11.377830722321226
 31
0.0
  0
LINE
  5
2AD
330
17
100
AcDbEntity
  8
ENGRAVE_POLARS
100
AcDbLine
 10
-29.05054115268773
 20
11.377830722321226
 30
0.0
 11
-29.236982557273606
 21
11.022582593815264
 31
0.0
  0
LINE
  5
2AE
330
17
100
AcDbEntity
  8
ENGRAVE_POLARS
100
AcDbLine
 10
-29.236982557273606
 20
11.022582593815264
 30
0.0
 11
-29.40237130418756
 21
10.701587971567015
 31
0.0
  0
LINE
  5
2AF
330
17
100
AcDbEntity
  8
ENGRAVE_POLARS
100
AcDbLine
 10
-29.40237130418756
 20
10.701587971567015
 30
0.0
 11
-29.54473851578939
 21
10.41401740872397
 31
0.0
  0
LINE
  5
2B0
330
17
100
AcDbEntity
  8
ENGRAVE_POLARS
100
AcDbLine
 10
-29.54473851578939
 20
10.41401740872397
 30
0.0
 11
-29.665668202839274
 21
10.152120572591286
 31
0.0
  0
LINE
  5
2B1
330
17
100
AcDbEntity
  8
ENGRAVE_POLARS
100
AcDbLine
 10
-29.665668202839274
 20
10.152120572591286
 30
0.0
 11
-29.767889176117514
 21
9.912136762045103
 31
0.0
  0
LINE
  5
2B2
330
17
100
AcDbEntity
  8
ENGRAVE_POLARS
100
AcDbLine
 10
-29.767889176117514
 20
9.912136762045103
 30
0.0
 11
-29.854130246404385
 21
9.690305275961558
 31
0.0
  0
LINE
  5
2B3
330
17
100
AcDbEntity
  8
ENGRAVE_POLARS
100
AcDbLine
 10
-29.854130246404385
 20
9.690305275961558
 30
0.0
 11
-29.9271202244802
 21
9.482865413216796
 31
0.0
  0
LINE
  5
2B4
330
17
100
AcDbEntity
  8
ENGRAVE_POLARS
100
AcDbLine
 10
-29.9271202244802
 20
9.482865413216796
 30
0.0
 11
-29.98958792112523
 21
9.286056472686955
 31
0.0
  0
LINE
  5
2B5
330
17
100
AcDbEntity
  8
ENGRAVE_POLARS
100
AcDbLine
 10
-29.98958792112523
 20
9.286056472686955
 30
0.0
 11
-30.044262147119785
 21
9.09611775324817
 31
0.0
  0
LINE
  5
2B6
330
17
100
AcDbEntity
  8
ENGRAVE_POLARS
100
AcDbLine
 10
-30.044262147119785
 20
9.09611775324817
 30
0.0
 11
-30.09387171324414
 21
8.909288553776587
 31
0.0
  0
LINE
  5
2B7
330
17
100
AcDbEntity
  8
ENGRAVE_POLARS
100
AcDbLine
 10
-30.09387171324414
 20
8.909288553776587
 30
0.0
 11
-30.141145430278605
 21
8.721808173148348
 31
0.0
  0
LINE
  5
2B8
330
17
100
AcDbEntity
  8
ENGRAVE_POLARS
100
AcDbLine
 10
-30.141145430278605
 20
8.721808173148348
 30
0.0
 11
-30.18881210900346
 21
8.529915910239586
 31
0.0
  0
LINE
  5
2B9
330
17
100
AcDbEntity
  8
ENGRAVE_POLARS
100
AcDbLine
 10
-30.18881210900346
 20
8.529915910239586
 30
0.0
 11
-30.239600560198998
 21
8.329851063926448
 31
0.0
  0
LINE
  5
2BA
330
17
100
AcDbEntity
  8
ENGRAVE_POLARS
100
AcDbLine
 10
-30.239600560198998
 20
8.329851063926448
 30
0.0
 11
-30.296239594645517
 21
8.11785293308507
 31
0.0
  0
LINE
  5
2BB
330
17
100
AcDbEntity
  8
ENGRAVE_POLARS
100
AcDbLine
 10
-30.296239594645517
 20
8.11785293308507
 30
0.0
 11
-30.351874119651022
 21
7.906804314443545
 31
0.0
  0
LINE
  5
2BC
330
17
100
AcDbEntity
  8
ENGRAVE_POLARS
100
AcDbLine
 10
-30.351874119651022
 20
7.906804314443545
 30
0.0
 11
-30.39916491901486
 21
7.70900593441851
 31
0.0
  0
LINE
  5
2BD
330
17
100
AcDbEntity
  8
ENGRAVE_POLARS
100
AcDbLine
 10
-30.39916491901486
 20
7.70900593441851
 30
0.0
 11
-30.440114618254277
 21
7.519823986418913
 31
0.0
  0
LINE
  5
2BE
330
17
100
AcDbEntity
  8
ENGRAVE_POLARS
100
AcDbLine
 10
-30.440114618254277
 20
7.519823986418913
 30
0.0
 11
-30.47672584288653
 21
7.334624663853706
 31
0.0
  0
LINE
  5
2BF
330
17
100
AcDbEntity
  8
ENGRAVE_POLARS
100
AcDbLine
 10
-30.47672584288653
 20
7.334624663853706
 30
0.0
 11
-30.511001218428888
 21
7.1487741601318415
 31
0.0
  0
LINE
  5
2C0
330
17
100
AcDbEntity
  8
ENGRAVE_POLARS
100
AcDbLine
 10
-30.511001218428888
 20
7.1487741601318415
 30
0.0
 11
-30.544943370398602
 21
6.957638668662268
 31
0.0
  0
LINE
  5
2C1
330
17
100
AcDbEntity
  8
ENGRAVE_POLARS
100
AcDbLine
 10
-30.544943370398602
 20
6.957638668662268
 30
0.0
 11
-30.580554924312935
 21
6.7565843828539345
 31
0.0
  0
LINE
  5
2C2
330
17
100
AcDbEntity
  8
ENGRAVE_POLARS
100
AcDbLine
 10
-30.580554924312935
 20
6.7565843828539345
 30
0.0
 11
-30.619838505689156
 21
6.540977496115795
 31
0.0
  0
LINE
  5
2C3
330
17
100
AcDbEntity
  8
ENGRAVE_POLARS
100
AcDbLine
 10
-30.619838505689156
 20
6.540977496115795
 30
0.0
 11
-30.664796740044515
 21
6.3061842018568
 31
0.0
  0
LINE
  5
2C4
330
17
100
AcDbEntity
  8
ENGRAVE_POLARS
100
AcDbLine
 10
-30.664796740044515
 20
6.3061842018568
 30
0.0
 11
-30.717432252896277
 21
6.0475706934859
 31
0.0
  0
LINE
  5
2C5
330
17
100
AcDbEntity
  8
ENGRAVE_POLARS
100
AcDbLine
 10
-30.717432252896277
 20
6.0475706934859
 30
0.0
 11
-30.779747669761687
 21
5.760503164412044
 31
0.0
  0
LINE
  5
2C6
330
17
100
AcDbEntity
  8
ENGRAVE_POLARS
100
AcDbLine
 10
-30.779747669761687
 20
5.760503164412044
 30
0.0
 11
-30.853745616158026
 21
5.4403478080441845
 31
0.0
  0
LINE
  5
2C7
330
17
100
AcDbEntity
  8
ENGRAVE_POLARS
100
AcDbLine
 10
-30.853745616158026
 20
5.4403478080441845
 30
0.0
 11
-30.946945391419582
 21
5.1026886408433505
 31
0.0
  0
LINE
  5
2C8
330
17
100
AcDbEntity
  8
ENGRAVE_POLARS
100
AcDbLine
 10
-30.946945391419582
 20
5.1026886408433505
 30
0.0
 11
-31.061947321831173
 21
4.762497825929525
 31
0.0
  0
LINE
  5
2C9
330
17
100
AcDbEntity
  8
ENGRAVE_POLARS
100
AcDbLine
 10
-31.061947321831173
 20
4.762497825929525
 30
0.0
 11
-31.193375573335842
 21
4.414223776700087
 31
0.0
  0
LINE
  5
2CA
330
17
100
AcDbEntity
  8
ENGRAVE_POLARS
100
AcDbLine
 10
-31.193375573335842
 20
4.414223776700087
 30
0.0
 11
-31.33585431187661
 21
4.052314906552413
 31
0.0
  0
LINE
  5
2CB
330
17
100
AcDbEntity
  8
ENGRAVE_POLARS
100
AcDbLine
 10
-31.33585431187661
 20
4.052314906552413
 30
0.0
 11
-31.484007703396525
 21
3.6712196288838834
 31
0.0
  0
LINE
  5
2CC
330
17
100
AcDbEntity
  8
ENGRAVE_POLARS
100
AcDbLine
 10
-31.484007703396525
 20
3.6712196288838834
 30
0.0
 11
-31.63245991383861
 21
3.2653863570918755
 31
0.0
  0
LINE
  5
2CD
330
17
100
AcDbEntity
  8
ENGRAVE_POLARS
100
AcDbLine
 10
-31.63245991383861
 20
3.2653863570918755
 30
0.0
 11
-31.7758351091459
 21
2.8292635045737686
 31
0.0
  0
LINE
  5
2CE
330
17
100
AcDbEntity
  8
ENGRAVE_POLARS
100
AcDbLine
 10
-31.7758351091459
 20
2.8292635045737686
 30
0.0
 11
-31.908757455261433
 21
2.3572994847269415
 31
0.0
  0
LINE
  5
2CF
330
17
100
AcDbEntity
  8
ENGRAVE_POLARS
100
AcDbLine
 10
-31.908757455261433
 20
2.3572994847269415
 30
0.0
 11
-32.025851118128244
 21
1.8439427109487734
 31
0.0
  0
LINE
  5
2D0
330
17
100
AcDbEntity
  8
ENGRAVE_POLARS
100
AcDbLine
 10
-32.025851118128244
 20
1.8439427109487734
 30
0.0
 11
-32.12174026368936
 21
1.283641596636641
 31
0.0
  0
LINE
  5
2D1
330
17
100
AcDbEntity
  8
ENGRAVE_POLARS
100
AcDbLine
 10
-32.12174026368936
 20
1.283641596636641
 30
0.0
 11
-32.191049057887824
 21
0.6708445551879243
 31
0.0
  0
LINE
  5
2D2
330
17
100
AcDbEntity
  8
ENGRAVE_POLARS
100
AcDbLine
 10
-32.191049057887824
 20
0.6708445551879243
 30
0.0
 11
-32.22840166666666
 21
1.9734204471359276e-15
 31
0.0
  0
LINE
  5
2D3
330
17
100
AcDbEntity
  8
ENGRAVE_POLARS
100
AcDbLine
 10
-32.22840166666666
 20
1.9734204471359276e-15
 30
0.0
 11
-32.238861619910324
 21
-0.7615540710387505
 31
0.0
  0
LINE
  5
2D4
330
17
100
AcDbEntity
  8
ENGRAVE_POLARS
100
AcDbLine
 10
-32.238861619910324
 20
-0.7615540710387505
 30
0.0
 11
-32.23151571015287
 21
-1.6285462920692342
 31
0.0
  0
LINE
  5
2D5
330
17
100
AcDbEntity
  8
ENGRAVE_POLARS
100
AcDbLine
 10
-32.23151571015287
 20
-1.6285462920692342
 30
0.0
 11
-32.20702299731177
 21
-2.579628197737985
 31
0.0
  0
LINE
  5
2D6
330
17
100
AcDbEntity
  8
ENGRAVE_POLARS
100
AcDbLine
 10
-32.20702299731177
 20
-2.579628197737985
 30
0.0
 11
-32.166042541304485
 21
-3.5934513226915423
 31
0.0
  0
LINE
  5
2D7
330
17
100
AcDbEntity
  8
ENGRAVE_POLARS
100
AcDbLine
 10
-32.166042541304485
 20
-3.5934513226915423
 30
0.0
 11
-32.10923340204848
 21
-4.6486672015764405
 31
0.0
  0
LINE
  5
2D8
330
17
100
AcDbEntity
  8
ENGRAVE_POLARS
100
AcDbLine
 10
-32.10923340204848
 20
-4.6486672015764405
 30
0.0
 11
-32.0372546394612
 21
-5.723927369039217
 31
0.0
  0
LINE
  5
2D9
330
17
100
AcDbEntity
  8
ENGRAVE_POLARS
100
AcDbLine
 10
-32.0372546394612
 20
-5.723927369039217
 30
0.0
 11
-31.950765313460128
 21
-6.797883359726409
 31
0.0
  0
LINE
  5
2DA
330
17
100
AcDbEntity
  8
ENGRAVE_POLARS
100
AcDbLine
 10
-31.950765313460128
 20
-6.797883359726409
 30
0.0
 11
-31.850424483962712
 21
-7.849186708284556
 31
0.0
  0
LINE
  5
2DB
330
17
100
AcDbEntity
  8
ENGRAVE_POLARS
100
AcDbLine
 10
-31.850424483962712
 20
-7.849186708284556
 30
0.0
 11
-31.73689121088642
 21
-8.85648894936019
 31
0.0
  0
LINE
  5
2DC
330
17
100
AcDbEntity
  8
ENGRAVE_POLARS
100
AcDbLine
 10
-31.73689121088642
 20
-8.85648894936019
 30
0.0
 11
-31.61082455414871
 21
-9.798441617599853
 31
0.0
  0
LINE
  5
2DD
330
17
100
AcDbEntity
  8
ENGRAVE_POLARS
100
AcDbLine
 10
-31.61082455414871
 20
-9.798441617599853
 30
0.0
 11
-31.47288357366705
 21
-10.653696247650078
 31
0.0
  0
LINE
  5
2DE
330
17
100
AcDbEntity
  8
ENGRAVE_POLARS
100
AcDbLine
 10
-31.47288357366705
 20
-10.653696247650078
 30
0.0
 11
-31.3237273293589
 21
-11.400904374157403
 31
0.0
  0
LINE
  5
2DF
330
17
100
AcDbEntity
  8
ENGRAVE_POLARS
100
AcDbLine
 10
-31.3237273293589
 20
-11.400904374157403
 30
0.0
 11
-31.169803768526425
 21
-12.04474983856964
 31
0.0
  0
LINE
  5
2E0
330
17
100
AcDbEntity
  8
ENGRAVE_POLARS
100
AcDbLine
 10
-31.169803768526425
 20
-12.04474983856964
 30
0.0
 11
-31.014497155906515
 21
-12.611502502193721
 31
0.0
  0
LINE
  5
2E1
330
17
100
AcDbEntity
  8
ENGRAVE_POLARS
100
AcDbLine
 10
-31.014497155906515
 20
-12.611502502193721
 30
0.0
 11
-30.853871027568687
 21
-13.112192929464857
 31
0.0
  0
LINE
  5
2E2
330
17
100
AcDbEntity
  8
ENGRAVE_POLARS
100
AcDbLine
 10
-30.853871027568687
 20
-13.112192929464857
 30
0.0
 11
-30.68398891958246
 21
-13.55785168481827
 31
0.0
  0
LINE
  5
2E3
330
17
100
AcDbEntity
  8
ENGRAVE_POLARS
100
AcDbLine
 10
-30.68398891958246
 20
-13.55785168481827
 30
0.0
 11
-30.50091436801736
 21
-13.959509332689173
 31
0.0
  0
LINE
  5
2E4
330
17
100
AcDbEntity
  8
ENGRAVE_POLARS
100
AcDbLine
 10
-30.50091436801736
 20
-13.959509332689173
 30
0.0
 11
-30.300710908942897
 21
-14.328196437512782
 31
0.0
  0
LINE
  5
2E5
330
17
100
AcDbEntity
  8
ENGRAVE_POLARS
100
AcDbLine
 10
-30.300710908942897
 20
-14.328196437512782
 30
0.0
 11
-30.079442078428595
 21
-14.674943563724307
 31
0.0
  0
LINE
  5
2E6
330
17
100
AcDbEntity
  8
ENGRAVE_POLARS
100
AcDbLine
 10
-30.079442078428595
 20
-14.674943563724307
 30
0.0
 11
-29.833171412543983
 21
-15.010781275758974
 31
0.0
  0
LINE
  5
2E7
330
17
100
AcDbEntity
  8
ENGRAVE_POLARS
100
AcDbLine
 10
-29.833171412543983
 20
-15.010781275758974
 30
0.0
 11
-29.55796244735857
 21
-15.346740138051993
 31
0.0
  0
LINE
  5
2E8
330
17
100
AcDbEntity
  8
ENGRAVE_POLARS
100
AcDbLine
 10
-29.55796244735857
 20
-15.346740138051993
 30
0.0
 11
-29.249878718941886
 21
-15.693850715038584
 31
0.0
  0
LINE
  5
2E9
330
17
100
AcDbEntity
  8
ENGRAVE_POLARS
100
AcDbLine
 10
-29.249878718941886
 20
-15.693850715038584
 30
0.0
 11
-28.90498376336345
 21
-16.063143571153958
 31
0.0
  0
LINE
  5
2EA
330
17
100
AcDbEntity
  8
ENGRAVE_POLARS
100
AcDbLine
 10
-28.90498376336345
 20
-16.063143571153958
 30
0.0
 11
-28.519341116692775
 21
-16.465649270833328
 31
0.0
  0
LINE
  5
2EB
330
17
100
AcDbEntity
  8
ENGRAVE_POLARS
100
AcDbLine
 10
-28.519341116692775
 20
-16.465649270833328
 30
0.0
 11
-28.083227110748794
 21
-16.901150856132105
 31
0.0
  0
LINE
  5
2EC
330
17
100
AcDbEntity
  8
ENGRAVE_POLARS
100
AcDbLine
 10
-28.083227110748794
 20
-16.901150856132105
 30
0.0
 11
-27.594748280976795
 21
-17.3574769198835
 31
0.0
  0
LINE
  5
2ED
330
17
100
AcDbEntity
  8
ENGRAVE_POLARS
100
AcDbLine
 10
-27.594748280976795
 20
-17.3574769198835
 30
0.0
 11
-27.06171346888586
 21
-17.827726352689414
 31
0.0
  0
LINE
  5
2EE
330
17
100
AcDbEntity
  8
ENGRAVE_POLARS
100
AcDbLine
 10
-27.06171346888586
 20
-17.827726352689414
 30
0.0
 11
-26.491931515985048
 21
-18.30499804515177
 31
0.0
  0
LINE
  5
2EF
330
17
100
AcDbEntity
  8
ENGRAVE_POLARS
100
AcDbLine
 10
-26.491931515985048
 20
-18.30499804515177
 30
0.0
 11
-25.89321126378345
 21
-18.78239088787248
 31
0.0
  0
LINE
  5
2F0
330
17
100
AcDbEntity
  8
ENGRAVE_POLARS
100
AcDbLine
 10
-25.89321126378345
 20
-18.78239088787248
 30
0.0
 11
-25.273361553790124
 21
-19.253003771453454
 31
0.0
  0
LINE
  5
2F1
330
17
100
AcDbEntity
  8
ENGRAVE_POLARS
100
AcDbLine
 10
-25.273361553790124
 20
-19.253003771453454
 30
0.0
 11
-24.64019122751415
 21
-19.70993558649661
 31
0.0
  0
LINE
  5
2F2
330
17
100
AcDbEntity
  8
ENGRAVE_POLARS
100
AcDbLine
 10
-24.64019122751415
 20
-19.70993558649661
 30
0.0
 11
-24.0015091264646
 21
-20.146285223603858
 31
0.0
  0
LINE
  5
2F3
330
17
100
AcDbEntity
  8
ENGRAVE_POLARS
100
AcDbLine
 10
-24.0015091264646
 20
-20.146285223603858
 30
0.0
 11
-23.36512409215055
 21
-20.55515157337712
 31
0.0
  0
LINE
  5
2F4
330
17
100
AcDbEntity
  8
ENGRAVE_POLARS
100
AcDbLine
 10
-23.36512409215055
 20
-20.55515157337712
 30
0.0
 11
-22.73884496608106
 21
-20.929633526418304
 31
0.0
  0
LINE
  5
2F5
330
17
100
AcDbEntity
  8
ENGRAVE_POLARS
100
AcDbLine
 10
-22.73884496608106
 20
-20.929633526418304
 30
0.0
 11
-22.130480589765217
 21
-21.262829973329325
 31
0.0
  0
LINE
  5
2F6
330
17
100
AcDbEntity
  8
ENGRAVE_POLARS
100
AcDbLine
 10
-22.130480589765217
 20
-21.262829973329325
 30
0.0
 11
-21.547839804712094
 21
-21.54783980471209
 31
0.0
  0
LINE
  5
2F7
330
17
100
AcDbEntity
  8
ENGRAVE_POLARS
100
AcDbLine
 10
-21.547839804712094
 20
-21.54783980471209
 30
0.0
 11
-20.967623309406417
 21
-21.783889357533702
 31
0.0
  0
LINE
  5
2F8
330
17
100
AcDbEntity
  8
ENGRAVE_POLARS
100
AcDbLine
 10
-20.967623309406417
 20
-21.783889357533702
 30
0.0
 11
-20.3664855394195
 21
-21.978014783752943
 31
0.0
  0
LINE
  5
2F9
330
17
100
AcDbEntity
  8
ENGRAVE_POLARS
100
AcDbLine
 10
-20.3664855394195
 20
-21.978014783752943
 30
0.0
 11
-19.752165941890247
 21
-22.135029696459277
 31
0.0
  0
LINE
  5
2FA
330
17
100
AcDbEntity
  8
ENGRAVE_POLARS
100
AcDbLine
 10
-19.752165941890247
 20
-22.135029696459277
 30
0.0
 11
-19.13240396395758
 21
-22.259747708742157
 31
0.0
  0
LINE
  5
2FB
330
17
100
AcDbEntity
  8
ENGRAVE_POLARS
100
AcDbLine
 10
-19.13240396395758
 20
-22.259747708742157
 30
0.0
 11
-18.514939052760404
 21
-22.356982433691048
 31
0.0
  0
LINE
  5
2FC
330
17
100
AcDbEntity
  8
ENGRAVE_POLARS
100
AcDbLine
 10
-18.514939052760404
 20
-22.356982433691048
 30
0.0
 11
-17.907510655437637
 21
-22.431547484395406
 31
0.0
  0
LINE
  5
2FD
330
17
100
AcDbEntity
  8
ENGRAVE_POLARS
100
AcDbLine
 10
-17.907510655437637
 20
-22.431547484395406
 30
0.0
 11
-17.317858219128198
 21
-22.488256473944688
 31
0.0
  0
LINE
  5
2FE
330
17
100
AcDbEntity
  8
ENGRAVE_POLARS
100
AcDbLine
 10
-17.317858219128198
 20
-22.488256473944688
 30
0.0
 11
-16.753721190971
 21
-22.53192301542836
 31
0.0
  0
LINE
  5
2FF
330
17
100
AcDbEntity
  8
ENGRAVE_POLARS
100
AcDbLine
 10
-16.753721190971
 20
-22.53192301542836
 30
0.0
 11
-16.22283901810496
 21
-22.567360721935877
 31
0.0
  0
LINE
  5
300
330
17
100
AcDbEntity
  8
ENGRAVE_POLARS
100
AcDbLine
 10
-16.22283901810496
 20
-22.567360721935877
 30
0.0
 11
-15.732951147668988
 21
-22.599383206556695
 31
0.0
  0
LINE
  5
301
330
17
100
AcDbEntity
  8
ENGRAVE_POLARS
100
AcDbLine
 10
-15.732951147668988
 20
-22.599383206556695
 30
0.0
 11
-15.291797026801996
 21
-22.63280408238028
 31
0.0
  0
LINE
  5
302
330
17
100
AcDbEntity
  8
ENGRAVE_POLARS
100
AcDbLine
 10
-15.291797026801996
 20
-22.63280408238028
 30
0.0
 11
-14.907116102642906
 21
-22.672436962496086
 31
0.0
  0
LINE
  5
303
330
17
100
AcDbEntity
  8
ENGRAVE_POLARS
100
AcDbLine
 10
-14.907116102642906
 20
-22.672436962496086
 30
0.0
 11
-14.602488793645488
 21
-22.712414633490827
 31
0.0
  0
LINE
  5
304
330
17
100
AcDbEntity
  8
ENGRAVE_POLARS
100
AcDbLine
 10
-14.602488793645488
 20
-22.712414633490827
 30
0.0
 11
-14.384477787401513
 21
-22.743752199822097
 31
0.0
  0
LINE
  5
305
330
17
100
AcDbEntity
  8
ENGRAVE_POLARS
100
AcDbLine
 10
-14.384477787401513
 20
-22.743752199822097
 30
0.0
 11
-14.235295934756882
 21
-22.766586751385667
 31
0.0
  0
LINE
  5
306
330
17
100
AcDbEntity
  8
ENGRAVE_POLARS
100
AcDbLine
 10
-14.235295934756882
 20
-22.766586751385667
 30
0.0
 11
-14.137156086557503
 21
-22.781055378077305
 31
0.0
  0
LINE
  5
307
330
17
100
AcDbEntity
  8
ENGRAVE_POLARS
100
AcDbLine
 10
-14.137156086557503
 20
-22.781055378077305
 30
0.0
 11
-14.07227109364928
 21
-22.787295169792795
 31
0.0
  0
LINE
  5
308
330
17
100
AcDbEntity
  8
ENGRAVE_POLARS
100
AcDbLine
 10
-14.07227109364928
 20
-22.787295169792795
 30
0.0
 11
-14.022853806878112
 21
-22.785443216427893
 31
0.0
  0
LINE
  5
309
330
17
100
AcDbEntity
  8
ENGRAVE_POLARS
100
AcDbLine
 10
-14.022853806878112
 20
-22.785443216427893
 30
0.0
 11
-13.97111707708991
 21
-22.775636607878393
 31
0.0
  0
LINE
  5
30A
330
17
100
AcDbEntity
  8
ENGRAVE_POLARS
100
AcDbLine
 10
-13.97111707708991
 20
-22.775636607878393
 30
0.0
 11
-13.899273755130574
 21
-22.758012434040047
 31
0.0
  0
LINE
  5
30B
330
17
100
AcDbEntity
  8
ENGRAVE_POLARS
100
AcDbLine
 10
-13.899273755130574
 20
-22.758012434040047
 30
0.0
 11
-13.789536691846012
 21
-22.732707784808643
 31
0.0
  0
LINE
  5
30C
330
17
100
AcDbEntity
  8
ENGRAVE_POLARS
100
AcDbLine
 10
-13.789536691846012
 20
-22.732707784808643
 30
0.0
 11
-13.624118738082124
 21
-22.699859750079945
 31
0.0
  0
LINE
  5
30D
330
17
100
AcDbEntity
  8
ENGRAVE_POLARS
100
AcDbLine
 10
-13.624118738082124
 20
-22.699859750079945
 30
0.0
 11
-13.385232744684819
 21
-22.659605419749724
 31
0.0
  0
LINE
  5
30E
330
17
100
AcDbEntity
  8
ENGRAVE_POLARS
100
AcDbLine
 10
-13.385232744684819
 20
-22.659605419749724
 30
0.0
 11
-13.055091562499998
 21
-22.612081883713763
 31
0.0
  0
LINE
  5
30F
330
17
100
AcDbEntity
  8
ENGRAVE_POLARS
100
AcDbLine
 10
-13.055091562499998
 20
-22.612081883713763
 30
0.0
 11
-12.632106127267297
 21
-22.553144583270292
 31
0.0
  0
LINE
  5
310
330
17
100
AcDbEntity
  8
ENGRAVE_POLARS
100
AcDbLine
 10
-12.632106127267297
 20
-22.553144583270292
 30
0.0
 11
-12.134669378989141
 21
-22.48000651935917
 31
0.0
  0
LINE
  5
311
330
17
100
AcDbEntity
  8
ENGRAVE_POLARS
100
AcDbLine
 10
-12.134669378989141
 20
-22.48000651935917
 30
0.0
 11
-11.574967174905598
 21
-22.394841121338583
 31
0.0
  0
LINE
  5
312
330
17
100
AcDbEntity
  8
ENGRAVE_POLARS
100
AcDbLine
 10
-11.574967174905598
 20
-22.394841121338583
 30
0.0
 11
-10.965185372256753
 21
-22.29982181856674
 31
0.0
  0
LINE
  5
313
330
17
100
AcDbEntity
  8
ENGRAVE_POLARS
100
AcDbLine
 10
-10.965185372256753
 20
-22.29982181856674
 30
0.0
 11
-10.317509828282677
 21
-22.19712204040183
 31
0.0
  0
LINE
  5
314
330
17
100
AcDbEntity
  8
ENGRAVE_POLARS
100
AcDbLine
 10
-10.317509828282677
 20
-22.19712204040183
 30
0.0
 11
-9.644126400223453
 21
-22.088915216202057
 31
0.0
  0
LINE
  5
315
330
17
100
AcDbEntity
  8
ENGRAVE_POLARS
100
AcDbLine
 10
-9.644126400223453
 20
-22.088915216202057
 30
0.0
 11
-8.957220945319152
 21
-21.977374775325607
 31
0.0
  0
LINE
  5
316
330
17
100
AcDbEntity
  8
ENGRAVE_POLARS
100
AcDbLine
 10
-8.957220945319152
 20
-21.977374775325607
 30
0.0
 11
-8.268979320809855
 21
-21.86467414713069
 31
0.0
  0
LINE
  5
317
330
17
100
AcDbEntity
  8
ENGRAVE_POLARS
100
AcDbLine
 10
-8.268979320809855
 20
-21.86467414713069
 30
0.0
 11
-7.591587383935641
 21
-21.752986760975492
 31
0.0
  0
LINE
  5
318
330
17
100
AcDbEntity
  8
ENGRAVE_POLARS
100
AcDbLine
 10
-7.591587383935641
 20
-21.752986760975492
 30
0.0
 11
-6.937230991936582
 21
-21.644486046218212
 31
0.0
  0
LINE
  5
319
330
17
100
AcDbEntity
  8
ENGRAVE_POLARS
100
AcDbLine
 10
-6.937230991936582
 20
-21.644486046218212
 30
0.0
 11
-6.318096002052756
 21
-21.54134543221705
 31
0.0
  0
LINE
  5
31A
330
17
100
AcDbEntity
  8
ENGRAVE_POLARS
100
AcDbLine
 10
-6.318096002052756
 20
-21.54134543221705
 30
0.0
 11
-5.746368271524243
 21
-21.4457383483302
 31
0.0
  0
LINE
  5
31B
330
17
100
AcDbEntity
  8
ENGRAVE_POLARS
100
AcDbLine
 10
-5.746368271524243
 20
-21.4457383483302
 30
0.0
 11
-5.194513795095023
 21
-21.352345611895732
 31
0.0
  0
LINE
  5
31C
330
17
100
AcDbEntity
  8
ENGRAVE_POLARS
100
AcDbLine
 10
-5.194513795095023
 20
-21.352345611895732
 30
0.0
 11
-4.631717270613005
 21
-21.255411274647113
 31
0.0
  0
LINE
  5
31D
330
17
100
AcDbEntity
  8
ENGRAVE_POLARS
100
AcDbLine
 10
-4.631717270613005
 20
-21.255411274647113
 30
0.0
 11
-4.065242609974149
 21
-21.156453617535636
 31
0.0
  0
LINE
  5
31E
330
17
100
AcDbEntity
  8
ENGRAVE_POLARS
100
AcDbLine
 10
-4.065242609974149
 20
-21.156453617535636
 30
0.0
 11
-3.5023537250744115
 21
-21.05699092151259
 31
0.0
  0
LINE
  5
31F
330
17
100
AcDbEntity
  8
ENGRAVE_POLARS
100
AcDbLine
 10
-3.5023537250744115
 20
-21.05699092151259
 30
0.0
 11
-2.950314527809755
 21
-20.958541467529265
 31
0.0
  0
LINE
  5
320
330
17
100
AcDbEntity
  8
ENGRAVE_POLARS
100
AcDbLine
 10
-2.950314527809755
 20
-20.958541467529265
 30
0.0
 11
-2.416388930076138
 21
-20.862623536536958
 31
0.0
  0
LINE
  5
321
330
17
100
AcDbEntity
  8
ENGRAVE_POLARS
100
AcDbLine
 10
-2.416388930076138
 20
-20.862623536536958
 30
0.0
 11
-1.9078408437695191
 21
-20.770755409486952
 31
0.0
  0
LINE
  5
322
330
17
100
AcDbEntity
  8
ENGRAVE_POLARS
100
AcDbLine
 10
-1.9078408437695191
 20
-20.770755409486952
 30
0.0
 11
-1.4319341807858594
 21
-20.68445536733054
 31
0.0
  0
LINE
  5
323
330
17
100
AcDbEntity
  8
ENGRAVE_POLARS
100
AcDbLine
 10
-1.4319341807858594
 20
-20.68445536733054
 30
0.0
 11
-0.9959328530211196
 21
-20.60524169101902
 31
0.0
  0
LINE
  5
324
330
17
100
AcDbEntity
  8
ENGRAVE_POLARS
100
AcDbLine
 10
-0.9959328530211196
 20
-20.60524169101902
 30
0.0
 11
-0.6071007723712565
 21
-20.53463266150367
 31
0.0
  0
LINE
  5
325
330
17
100
AcDbEntity
  8
ENGRAVE_POLARS
100
AcDbLine
 10
-0.6071007723712565
 20
-20.53463266150367
 30
0.0
 11
-0.27270185073223047
 21
-20.474146559735786
 31
0.0
  0
LINE
  5
326
330
17
100
AcDbEntity
  8
ENGRAVE_POLARS
100
AcDbLine
 10
-0.27270185073223047
 20
-20.474146559735786
 30
0.0
 11
-2.501378030770243e-15
 21
-20.425301666666666
 31
0.0
  0
TEXT
  5
327
330
17
100
AcDbEntity
  8
ENGRAVE_TEXT
100
AcDbText
 10
15.841591371690685
 20
21.38923535716113
 30
0.0
 40
4.5
  1
8
 72
1
 11
15.841591371690685
 21
21.38923535716113
 31
0.0
100
AcDbText
 73
2
  0
TEXT
  5
328
330
17
100
AcDbEntity
  8
ENGRAVE_TEXT
100
AcDbText
 10
-15.841591371690685
 20
21.38923535716113
 30
0.0
 40
4.5
  1
8
 72
1
 11
-15.841591371690685
 21
21.38923535716113
 31
0.0
100
AcDbText
 73
2
  0
CIRCLE
  5
329
330
17
100
AcDbEntity
  8
ENGRAVE_VMG
100
AcDbCircle
 10
17.29503968590357
 20
20.232078702265795
 30
0.0
 40
0.6
  0
CIRCLE
  5
32A
330
17
100
AcDbEntity
  8
ENGRAVE_VMG
100
AcDbCircle
 10
-17.29503968590357
 20
20.232078702265795
 30
0.0
 40
0.6
  0
CIRCLE
  5
32B
330
17
100
AcDbEntity
  8
ENGRAVE_VMG
100
AcDbCircle
 10
14.907116102642906
 20
-22.672436962496086
 30
0.0
 40
0.6
  0
CIRCLE
  5
32C
330
17
100
AcDbEntity
  8
ENGRAVE_VMG
100
AcDbCircle
 10
-14.907116102642906
 20
-22.672436962496086
 30
0.0
 40
0.6
  0
LINE
  5
32D
330
17
100
AcDbEntity
  8
ENGRAVE_POLARS
100
AcDbLine
 10
14.597322318301774
 20
18.011789075416164
 30
0.0
 11
14.888603124341673
 21
17.914051187423834
 31
0.0
  0
LINE
  5
32E
330
17
100
AcDbEntity
  8
ENGRAVE_POLARS
100
AcDbLine
 10
14.888603124341673
 20
17.914051187423834
 30
0.0
 11
15.267031888869177
 21
17.794215535998138
 31
0.0
  0
LINE
  5
32F
330
17
100
AcDbEntity
  8
ENGRAVE_POLARS
100
AcDbLine
 10
15.267031888869177
 20
17.794215535998138
 30
0.0
 11
15.717032333159972
 21
17.654880097044245
 31
0.0
  0
LINE
  5
330
330
17
100
AcDbEntity
  8
ENGRAVE_POLARS
100
AcDbLine
 10
15.717032333159972
 20
17.654880097044245
 30
0.0
 11
16.223028178489745
 21
17.498642846467305
 31
0.0
  0
LINE
  5
331
330
17
100
AcDbEntity
  8
ENGRAVE_POLARS
100
AcDbLine
 10
16.223028178489745
 20
17.498642846467305
 30
0.0
 11
16.76944314613418
 21
17.328101760172498
 31
0.0
  0
LINE
  5
332
330
17
100
AcDbEntity
  8
ENGRAVE_POLARS
100
AcDbLine
 10
16.76944314613418
 20
17.328101760172498
 30
0.0
 11
17.340700957368973
 21
17.14585481406497
 31
0.0
  0
LINE
  5
333
330
17
100
AcDbEntity
  8
ENGRAVE_POLARS
100
AcDbLine
 10
17.340700957368973
 20
17.14585481406497
 30
0.0
 11
17.921225333469803
 21
16.95449998404989
 31
0.0
  0
LINE
  5
334
330
17
100
AcDbEntity
  8
ENGRAVE_POLARS
100
AcDbLine
 10
17.921225333469803
 20
16.95449998404989
 30
0.0
 11
18.495439995712363
 21
16.756635246032417
 31
0.0
  0
LINE
  5
335
330
17
100
AcDbEntity
  8
ENGRAVE_POLARS
100
AcDbLine
 10
18.495439995712363
 20
16.756635246032417
 30
0.0
 11
19.047768665372338
 21
16.55485857591772
 31
0.0
  0
LINE
  5
336
330
17
100
AcDbEntity
  8
ENGRAVE_POLARS
100
AcDbLine
 10
19.047768665372338
 20
16.55485857591772
 30
0.0
 11
19.562635063725413
 21
16.351767949610952
 31
0.0
  0
LINE
  5
337
330
17
100
AcDbEntity
  8
ENGRAVE_POLARS
100
AcDbLine
 10
19.562635063725413
 20
16.351767949610952
 30
0.0
 11
20.024462912047277
 21
16.14996134301728
 31
0.0
  0
LINE
  5
338
330
17
100
AcDbEntity
  8
ENGRAVE_POLARS
100
AcDbLine
 10
20.024462912047277
 20
16.14996134301728
 30
0.0
 11
20.417675931613623
 21
15.952036732041872
 31
0.0
  0
LINE
  5
339
330
17
100
AcDbEntity
  8
ENGRAVE_POLARS
100
AcDbLine
 10
20.417675931613623
 20
15.952036732041872
 30
0.0
 11
20.751402481179362
 21
15.757768285256848
 31
0.0
  0
LINE
  5
33A
330
17
100
AcDbEntity
  8
ENGRAVE_POLARS
100
AcDbLine
 10
20.751402481179362
 20
15.757768285256848
 30
0.0
 11
21.04844382037869
 21
15.56417813622066
 31
0.0
  0
LINE
  5
33B
330
17
100
AcDbEntity
  8
ENGRAVE_POLARS
100
AcDbLine
 10
21.04844382037869
 20
15.56417813622066
 30
0.0
 11
21.31373302180622
 21
15.369736208317956
 31
0.0
  0
LINE
  5
33C
330
17
100
AcDbEntity
  8
ENGRAVE_POLARS
100
AcDbLine
 10
21.31373302180622
 20
15.369736208317956
 30
0.0
 11
21.55220315805656
 21
15.17291242493338
 31
0.0
  0
LINE
  5
33D
330
17
100
AcDbEntity
  8
ENGRAVE_POLARS
100
AcDbLine
 10
21.55220315805656
 20
15.17291242493338
 30
0.0
 11
21.768787301724316
 21
14.972176709451572
 31
0.0
  0
LINE
  5
33E
330
17
100
AcDbEntity
  8
ENGRAVE_POLARS
100
AcDbLine
 10
21.768787301724316
 20
14.972176709451572
 30
0.0
 11
21.96841852540409
 21
14.765998985257184
 31
0.0
  0
LINE
  5
33F
330
17
100
AcDbEntity
  8
ENGRAVE_POLARS
100
AcDbLine
 10
21.96841852540409
 20
14.765998985257184
 30
0.0
 11
22.156029901690495
 21
14.552849175734853
 31
0.0
  0
LINE
  5
340
330
17
100
AcDbEntity
  8
ENGRAVE_POLARS
100
AcDbLine
 10
22.156029901690495
 20
14.552849175734853
 30
0.0
 11
22.336554503178135
 21
14.331197204269227
 31
0.0
  0
LINE
  5
341
330
17
100
AcDbEntity
  8
ENGRAVE_POLARS
100
AcDbLine
 10
22.336554503178135
 20
14.331197204269227
 30
0.0
 11
22.514925402461625
 21
14.099512994244954
 31
0.0
  0
LINE
  5
342
330
17
100
AcDbEntity
  8
ENGRAVE_POLARS
100
AcDbLine
 10
22.514925402461625
 20
14.099512994244954
 30
0.0
 11
22.696075672135567
 21
13.856266469046671
 31
0.0
  0
LINE
  5
343
330
17
100
AcDbEntity
  8
ENGRAVE_POLARS
100
AcDbLine
 10
22.696075672135567
 20
13.856266469046671
 30
0.0
 11
22.884938384794566
 21
13.599927552059029
 31
0.0
  0
LINE
  5
344
330
17
100
AcDbEntity
  8
ENGRAVE_POLARS
100
AcDbLine
 10
22.884938384794566
 20
13.599927552059029
 30
0.0
 11
23.08644661303324
 21
13.32896616666667
 31
0.0
  0
LINE
  5
345
330
17
100
AcDbEntity
  8
ENGRAVE_POLARS
100
AcDbLine
 10
23.08644661303324
 20
13.32896616666667
 30
0.0
 11
23.29886922205206
 21
13.0347300777638
 31
0.0
  0
LINE
  5
346
330
17
100
AcDbEntity
  8
ENGRAVE_POLARS
100
AcDbLine
 10
23.29886922205206
 20
13.0347300777638
 30
0.0
 11
23.51572304687541
 21
12.713382492045302
 31
0.0
  0
LINE
  5
347
330
17
100
AcDbEntity
  8
ENGRAVE_POLARS
100
AcDbLine
 10
23.51572304687541
 20
12.713382492045302
 30
0.0
 11
23.73481311483373
 21
12.370616495596838
 31
0.0
  0
LINE
  5
348
330
17
100
AcDbEntity
  8
ENGRAVE_POLARS
100
AcDbLine
 10
23.73481311483373
 20
12.370616495596838
 30
0.0
 11
23.953944453257453
 21
12.012125174504058
 31
0.0
  0
LINE
  5
349
330
17
100
AcDbEntity
  8
ENGRAVE_POLARS
100
AcDbLine
 10
23.953944453257453
 20
12.012125174504058
 30
0.0
 11
24.17092208947702
 21
11.643601614852633
 31
0.0
  0
LINE
  5
34A
330
17
100
AcDbEntity
  8
ENGRAVE_POLARS
100
AcDbLine
 10
24.17092208947702
 20
11.643601614852633
 30
0.0
 11
24.383551050822874
 21
11.270738902728215
 31
0.0
  0
LINE
  5
34B
330
17
100
AcDbEntity
  8
ENGRAVE_POLARS
100
AcDbLine
 10
24.383551050822874
 20
11.270738902728215
 30
0.0
 11
24.589636364625445
 21
10.899230124216464
 31
0.0
  0
LINE
  5
34C
330
17
100
AcDbEntity
  8
ENGRAVE_POLARS
100
AcDbLine
 10
24.589636364625445
 20
10.899230124216464
 30
0.0
 11
24.786983058215185
 21
10.534768365403039
 31
0.0
  0
LINE
  5
34D
330
17
100
AcDbEntity
  8
ENGRAVE_POLARS
100
AcDbLine
 10
24.786983058215185
 20
10.534768365403039
 30
0.0
 11
24.97339615892253
 21
10.183046712373605
 31
0.0
  0
LINE
  5
34E
330
17
100
AcDbEntity
  8
ENGRAVE_POLARS
100
AcDbLine
 10
24.97339615892253
 20
10.183046712373605
 30
0.0
 11
25.14668069407791
 21
9.849758251213808
 31
0.0
  0
LINE
  5
34F
330
17
100
AcDbEntity
  8
ENGRAVE_POLARS
100
AcDbLine
 10
25.14668069407791
 20
9.849758251213808
 30
0.0
 11
25.304641691011778
 21
9.540596068009318
 31
0.0
  0
LINE
  5
350
330
17
100
AcDbEntity
  8
ENGRAVE_POLARS
100
AcDbLine
 10
25.304641691011778
 20
9.540596068009318
 30
0.0
 11
25.445084177054557
 21
9.26125324884579
 31
0.0
  0
LINE
  5
351
330
17
100
AcDbEntity
  8
ENGRAVE_POLARS
100
AcDbLine
 10
25.445084177054557
 20
9.26125324884579
 30
0.0
 11
25.56640316225056
 21
9.011177273986434
 31
0.0
  0
LINE
  5
352
330
17
100
AcDbEntity
  8
ENGRAVE_POLARS
100
AcDbLine
 10
25.56640316225056
 20
9.011177273986434
 30
0.0
 11
25.66997180499476
 21
8.783805900596215
 31
0.0
  0
LINE
  5
353
330
17
100
AcDbEntity
  8
ENGRAVE_POLARS
100
AcDbLine
 10
25.66997180499476
 20
8.783805900596215
 30
0.0
 11
25.758062355143636
 21
8.575817630113407
 31
0.0
  0
LINE
  5
354
330
17
100
AcDbEntity
  8
ENGRAVE_POLARS
100
AcDbLine
 10
25.758062355143636
 20
8.575817630113407
 30
0.0
 11
25.83294706255364
 21
8.383890963976306
 31
0.0
  0
LINE
  5
355
330
17
100
AcDbEntity
  8
ENGRAVE_POLARS
100
AcDbLine
 10
25.83294706255364
 20
8.383890963976306
 30
0.0
 11
25.896898177081255
 21
8.20470440362319
 31
0.0
  0
LINE
  5
356
330
17
100
AcDbEntity
  8
ENGRAVE_POLARS
100
AcDbLine
 10
25.896898177081255
 20
8.20470440362319
 30
0.0
 11
25.95218794858293
 21
8.03493645049234
 31
0.0
  0
LINE
  5
357
330
17
100
AcDbEntity
  8
ENGRAVE_POLARS
100
AcDbLine
 10
25.95218794858293
 20
8.03493645049234
 30
0.0
 11
26.001088626915145
 21
7.871265606022045
 31
0.0
  0
LINE
  5
358
330
17
100
AcDbEntity
  8
ENGRAVE_POLARS
100
AcDbLine
 10
26.001088626915145
 20
7.871265606022045
 30
0.0
 11
26.045872461934362
 21
7.710370371650586
 31
0.0
  0
LINE
  5
359
330
17
100
AcDbEntity
  8
ENGRAVE_POLARS
100
AcDbLine
 10
26.045872461934362
 20
7.710370371650586
 30
0.0
 11
26.088811703497047
 21
7.5489292488162505
 31
0.0
  0
LINE
  5
35A
330
17
100
AcDbEntity
  8
ENGRAVE_POLARS
100
AcDbLine
 10
26.088811703497047
 20
7.5489292488162505
 30
0.0
 11
26.132178601459668
 21
7.38362073895732
 31
0.0
  0
LINE
  5
35B
330
17
100
AcDbEntity
  8
ENGRAVE_POLARS
100
AcDbLine
 10
26.132178601459668
 20
7.38362073895732
 30
0.0
 11
26.178245405678688
 21
7.211123343512075
 31
0.0
  0
LINE
  5
35C
330
17
100
AcDbEntity
  8
ENGRAVE_POLARS
100
AcDbLine
 10
26.178245405678688
 20
7.211123343512075
 30
0.0
 11
26.229284366010578
 21
7.0281155639188055
 31
0.0
  0
LINE
  5
35D
330
17
100
AcDbEntity
  8
ENGRAVE_POLARS
100
AcDbLine
 10
26.229284366010578
 20
7.0281155639188055
 30
0.0
 11
26.28159405888949
 21
6.845875890443698
 31
0.0
  0
LINE
  5
35E
330
17
100
AcDbEntity
  8
ENGRAVE_POLARS
100
AcDbLine
 10
26.28159405888949
 20
6.845875890443698
 30
0.0
 11
26.330340214930104
 21
6.675204997141654
 31
0.0
  0
LINE
  5
35F
330
17
100
AcDbEntity
  8
ENGRAVE_POLARS
100
AcDbLine
 10
26.330340214930104
 20
6.675204997141654
 30
0.0
 11
26.376095815259678
 21
6.512064661134025
 31
0.0
  0
LINE
  5
360
330
17
100
AcDbEntity
  8
ENGRAVE_POLARS
100
AcDbLine
 10
26.376095815259678
 20
6.512064661134025
 30
0.0
 11
26.419433841005457
 21
6.3524166595421665
 31
0.0
  0
LINE
  5
361
330
17
100
AcDbEntity
  8
ENGRAVE_POLARS
100
AcDbLine
 10
26.419433841005457
 20
6.3524166595421665
 30
0.0
 11
26.460927273294715
 21
6.1922227694874294
 31
0.0
  0
LINE
  5
362
330
17
100
AcDbEntity
  8
ENGRAVE_POLARS
100
AcDbLine
 10
26.460927273294715
 20
6.1922227694874294
 30
0.0
 11
26.501149093254696
 21
6.027444768091165
 31
0.0
  0
LINE
  5
363
330
17
100
AcDbEntity
  8
ENGRAVE_POLARS
100
AcDbLine
 10
26.501149093254696
 20
6.027444768091165
 30
0.0
 11
26.540672282012647
 21
5.854044432474725
 31
0.0
  0
LINE
  5
364
330
17
100
AcDbEntity
  8
ENGRAVE_POLARS
100
AcDbLine
 10
26.540672282012647
 20
5.854044432474725
 30
0.0
 11
26.580069820695837
 21
5.667983539759463
 31
0.0
  0
LINE
  5
365
330
17
100
AcDbEntity
  8
ENGRAVE_POLARS
100
AcDbLine
 10
26.580069820695837
 20
5.667983539759463
 30
0.0
 11
26.61991469043152
 21
5.465223867066733
 31
0.0
  0
LINE
  5
366
330
17
100
AcDbEntity
  8
ENGRAVE_POLARS
100
AcDbLine
 10
26.61991469043152
 20
5.465223867066733
 30
0.0
 11
26.660779872346943
 21
5.241727191517884
 31
0.0
  0
LINE
  5
367
330
17
100
AcDbEntity
  8
ENGRAVE_POLARS
100
AcDbLine
 10
26.660779872346943
 20
5.241727191517884
 30
0.0
 11
26.703238347569368
 21
4.9934552902342695
 31
0.0
  0
LINE
  5
368
330
17
100
AcDbEntity
  8
ENGRAVE_POLARS
100
AcDbLine
 10
26.703238347569368
 20
4.9934552902342695
 30
0.0
 11
26.74786309722605
 21
4.716369940337242
 31
0.0
  0
LINE
  5
369
330
17
100
AcDbEntity
  8
ENGRAVE_POLARS
100
AcDbLine
 10
26.74786309722605
 20
4.716369940337242
 30
0.0
 11
26.796840819138332
 21
4.423889986934285
 31
0.0
  0
LINE
  5
36A
330
17
100
AcDbEntity
  8
ENGRAVE_POLARS
100
AcDbLine
 10
26.796840819138332
 20
4.423889986934285
 30
0.0
 11
26.850937977962786
 21
4.128960029143235
 31
0.0
  0
LINE
  5
36B
330
17
100
AcDbEntity
  8
ENGRAVE_POLARS
100
AcDbLine
 10
26.850937977962786
 20
4.128960029143235
 30
0.0
 11
26.908597205079527
 21
3.8268304751009636
 31
0.0
  0
LINE
  5
36C
330
17
100
AcDbEntity
  8
ENGRAVE_POLARS
100
AcDbLine
 10
26.908597205079527
 20
3.8268304751009636
 30
0.0
 11
26.968261131868655
 21
3.5127517329443476
 31
0.0
  0
LINE
  5
36D
330
17
100
AcDbEntity
  8
ENGRAVE_POLARS
100
AcDbLine
 10
26.968261131868655
 20
3.5127517329443476
 30
0.0
 11
27.028372389710277
 21
3.181974210810262
 31
0.0
  0
LINE
  5
36E
330
17
100
AcDbEntity
  8
ENGRAVE_POLARS
100
AcDbLine
 10
27.028372389710277
 20
3.181974210810262
 30
0.0
 11
27.087373609984482
 21
2.8297483168355817
 31
0.0
  0
LINE
  5
36F
330
17
100
AcDbEntity
  8
ENGRAVE_POLARS
100
AcDbLine
 10
27.087373609984482
 20
2.8297483168355817
 30
0.0
 11
27.143707424071387
 21
2.4513244591571803
 31
0.0
  0
LINE
  5
370
330
17
100
AcDbEntity
  8
ENGRAVE_POLARS
100
AcDbLine
 10
27.143707424071387
 20
2.4513244591571803
 30
0.0
 11
27.195816463351093
 21
2.041953045911934
 31
0.0
  0
LINE
  5
371
330
17
100
AcDbEntity
  8
ENGRAVE_POLARS
100
AcDbLine
 10
27.195816463351093
 20
2.041953045911934
 30
0.0
 11
27.242143359203705
 21
1.5968844852367188
 31
0.0
  0
LINE
  5
372
330
17
100
AcDbEntity
  8
ENGRAVE_POLARS
100
AcDbLine
 10
27.242143359203705
 20
1.5968844852367188
 30
0.0
 11
27.281130743009328
 21
1.1113691852684078
 31
0.0
  0
LINE
  5
373
330
17
100
AcDbEntity
  8
ENGRAVE_POLARS
100
AcDbLine
 10
27.281130743009328
 20
1.1113691852684078
 30
0.0
 11
27.311221246148058
 21
0.5806575541438771
 31
0.0
  0
LINE
  5
374
330
17
100
AcDbEntity
  8
ENGRAVE_POLARS
100
AcDbLine
 10
27.311221246148058
 20
0.5806575541438771
 30
0.0
 11
27.330857500000004
 21
1.6735323577663719e-15
 31
0.0
  0
LINE
  5
375
330
17
100
AcDbEntity
  8
ENGRAVE_POLARS
100
AcDbLine
 10
27.330857500000004
 20
1.6735323577663719e-15
 30
0.0
 11
27.345505670863886
 21
-0.6584994429857064
 31
0.0
  0
LINE
  5
376
330
17
100
AcDbEntity
  8
ENGRAVE_POLARS
100
AcDbLine
 10
27.345505670863886
 20
-0.6584994429857064
 30
0.0
 11
27.360343175787868
 21
-1.4074113801223298
 31
0.0
  0
LINE
  5
377
330
17
100
AcDbEntity
  8
ENGRAVE_POLARS
100
AcDbLine
 10
27.360343175787868
 20
-1.4074113801223298
 30
0.0
 11
27.37337952227621
 21
-2.2284973625028868
 31
0.0
  0
LINE
  5
378
330
17
100
AcDbEntity
  8
ENGRAVE_POLARS
100
AcDbLine
 10
27.37337952227621
 20
-2.2284973625028868
 30
0.0
 11
27.382624217833186
 21
-3.103518941220396
 31
0.0
  0
LINE
  5
379
330
17
100
AcDbEntity
  8
ENGRAVE_POLARS
100
AcDbLine
 10
27.382624217833186
 20
-3.103518941220396
 30
0.0
 11
27.38608676996308
 21
-4.014237667367874
 31
0.0
  0
LINE
  5
37A
330
17
100
AcDbEntity
  8
ENGRAVE_POLARS
100
AcDbLine
 10
27.38608676996308
 20
-4.014237667367874
 30
0.0
 11
27.381776686170134
 21
-4.942415092038342
 31
0.0
  0
LINE
  5
37B
330
17
100
AcDbEntity
  8
ENGRAVE_POLARS
100
AcDbLine
 10
27.381776686170134
 20
-4.942415092038342
 30
0.0
 11
27.36770347395863
 21
-5.869812766324815
 31
0.0
  0
LINE
  5
37C
330
17
100
AcDbEntity
  8
ENGRAVE_POLARS
100
AcDbLine
 10
27.36770347395863
 20
-5.869812766324815
 30
0.0
 11
27.341876640832844
 21
-6.778192241320314
 31
0.0
  0
LINE
  5
37D
330
17
100
AcDbEntity
  8
ENGRAVE_POLARS
100
AcDbLine
 10
27.341876640832844
 20
-6.778192241320314
 30
0.0
 11
27.302305694297033
 21
-7.649315068117854
 31
0.0
  0
LINE
  5
37E
330
17
100
AcDbEntity
  8
ENGRAVE_POLARS
100
AcDbLine
 10
27.302305694297033
 20
-7.649315068117854
 30
0.0
 11
27.24700014185547
 21
-8.464942797810455
 31
0.0
  0
LINE
  5
37F
330
17
100
AcDbEntity
  8
ENGRAVE_POLARS
100
AcDbLine
 10
27.24700014185547
 20
-8.464942797810455
 30
0.0
 11
27.173969491012425
 21
-9.206836981491136
 31
0.0
  0
LINE
  5
380
330
17
100
AcDbEntity
  8
ENGRAVE_POLARS
100
AcDbLine
 10
27.173969491012425
 20
-9.206836981491136
 30
0.0
 11
27.081223249272163
 21
-9.856759170252914
 31
0.0
  0
LINE
  5
381
330
17
100
AcDbEntity
  8
ENGRAVE_POLARS
100
AcDbLine
 10
27.081223249272163
 20
-9.856759170252914
 30
0.0
 11
26.97512541483843
 21
-10.417211020091854
 31
0.0
  0
LINE
  5
382
330
17
100
AcDbEntity
  8
ENGRAVE_POLARS
100
AcDbLine
 10
26.97512541483843
 20
-10.417211020091854
 30
0.0
 11
26.86189725110896
 21
-10.90968098363125
 31
0.0
  0
LINE
  5
383
330
17
100
AcDbEntity
  8
ENGRAVE_POLARS
100
AcDbLine
 10
26.86189725110896
 20
-10.90968098363125
 30
0.0
 11
26.739334163378984
 21
-11.344410806904964
 31
0.0
  0
LINE
  5
384
330
17
100
AcDbEntity
  8
ENGRAVE_POLARS
100
AcDbLine
 10
26.739334163378984
 20
-11.344410806904964
 30
0.0
 11
26.605231556943746
 21
-11.731642235946858
 31
0.0
  0
LINE
  5
385
330
17
100
AcDbEntity
  8
ENGRAVE_POLARS
100
AcDbLine
 10
26.605231556943746
 20
-11.731642235946858
 30
0.0
 11
26.457384837098488
 21
-12.081617016790796
 31
0.0
  0
LINE
  5
386
330
17
100
AcDbEntity
  8
ENGRAVE_POLARS
100
AcDbLine
 10
26.457384837098488
 20
-12.081617016790796
 30
0.0
 11
26.29358940913845
 21
-12.404576895470637
 31
0.0
  0
LINE
  5
387
330
17
100
AcDbEntity
  8
ENGRAVE_POLARS
100
AcDbLine
 10
26.29358940913845
 20
-12.404576895470637
 30
0.0
 11
26.111640678358867
 21
-12.710763618020245
 31
0.0
  0
LINE
  5
388
330
17
100
AcDbEntity
  8
ENGRAVE_POLARS
100
AcDbLine
 10
26.111640678358867
 20
-12.710763618020245
 30
0.0
 11
25.90933405005499
 21
-13.010418930473486
 31
0.0
  0
LINE
  5
389
330
17
100
AcDbEntity
  8
ENGRAVE_POLARS
100
AcDbLine
 10
25.90933405005499
 20
-13.010418930473486
 30
0.0
 11
25.684464929522058
 21
-13.313784578864219
 31
0.0
  0
LINE
  5
38A
330
17
100
AcDbEntity
  8
ENGRAVE_POLARS
100
AcDbLine
 10
25.684464929522058
 20
-13.313784578864219
 30
0.0
 11
25.434828722055304
 21
-13.631102309226307
 31
0.0
  0
LINE
  5
38B
330
17
100
AcDbEntity
  8
ENGRAVE_POLARS
100
AcDbLine
 10
25.434828722055304
 20
-13.631102309226307
 30
0.0
 11
25.15822083294997
 21
-13.97261386759361
 31
0.0
  0
LINE
  5
38C
330
17
100
AcDbEntity
  8
ENGRAVE_POLARS
100
AcDbLine
 10
25.15822083294997
 20
-13.97261386759361
 30
0.0
 11
24.8524366675013
 21
-14.348560999999995
 31
0.0
  0
LINE
  5
38D
330
17
100
AcDbEntity
  8
ENGRAVE_POLARS
100
AcDbLine
 10
24.8524366675013
 20
-14.348560999999995
 30
0.0
 11
24.51452312475291
 21
-14.758568638350644
 31
0.0
  0
LINE
  5
38E
330
17
100
AcDbEntity
  8
ENGRAVE_POLARS
100
AcDbLine
 10
24.51452312475291
 20
-14.758568638350644
 30
0.0
 11
24.14500597104683
 21
-15.191225289093735
 31
0.0
  0
LINE
  5
38F
330
17
100
AcDbEntity
  8
ENGRAVE_POLARS
100
AcDbLine
 10
24.14500597104683
 20
-15.191225289093735
 30
0.0
 11
23.746898912625944
 21
-15.640218060077617
 31
0.0
  0
LINE
  5
390
330
17
100
AcDbEntity
  8
ENGRAVE_POLARS
100
AcDbLine
 10
23.746898912625944
 20
-15.640218060077617
 30
0.0
 11
23.323215655733126
 21
-16.099234059150643
 31
0.0
  0
LINE
  5
391
330
17
100
AcDbEntity
  8
ENGRAVE_POLARS
100
AcDbLine
 10
23.323215655733126
 20
-16.099234059150643
 30
0.0
 11
22.87696990661124
 21
-16.561960394161165
 31
0.0
  0
LINE
  5
392
330
17
100
AcDbEntity
  8
ENGRAVE_POLARS
100
AcDbLine
 10
22.87696990661124
 20
-16.561960394161165
 30
0.0
 11
22.411175371503177
 21
-17.022084172957527
 31
0.0
  0
LINE
  5
393
330
17
100
AcDbEntity
  8
ENGRAVE_POLARS
100
AcDbLine
 10
22.411175371503177
 20
-17.022084172957527
 30
0.0
 11
21.928845756651807
 21
-17.473292503388073
 31
0.0
  0
LINE
  5
394
330
17
100
AcDbEntity
  8
ENGRAVE_POLARS
100
AcDbLine
 10
21.928845756651807
 20
-17.473292503388073
 30
0.0
 11
21.432994768300002
 21
-17.909272493301174
 31
0.0
  0
LINE
  5
395
330
17
100
AcDbEntity
  8
ENGRAVE_POLARS
100
AcDbLine
 10
21.432994768300002
 20
-17.909272493301174
 30
0.0
 11
20.926636112690648
 21
-18.323711250545163
 31
0.0
  0
LINE
  5
396
330
17
100
AcDbEntity
  8
ENGRAVE_POLARS
100
AcDbLine
 10
20.926636112690648
 20
-18.323711250545163
 30
0.0
 11
20.412783496066606
 21
-18.710295882968396
 31
0.0
  0
LINE
  5
397
330
17
100
AcDbEntity
  8
ENGRAVE_POLARS
100
AcDbLine
 10
20.412783496066606
 20
-18.710295882968396
 30
0.0
 11
19.89445062467076
 21
-19.062713498419217
 31
0.0
  0
LINE
  5
398
330
17
100
AcDbEntity
  8
ENGRAVE_POLARS
100
AcDbLine
 10
19.89445062467076
 20
-19.062713498419217
 30
0.0
 11
19.37465120474599
 21
-19.374651204745987
 31
0.0
  0
LINE
  5
399
330
17
100
AcDbEntity
  8
ENGRAVE_POLARS
100
AcDbLine
 10
19.37465120474599
 20
-19.374651204745987
 30
0.0
 11
18.823077305768294
 21
-19.649722890419287
 31
0.0
  0
LINE
  5
39A
330
17
100
AcDbEntity
  8
ENGRAVE_POLARS
100
AcDbLine
 10
18.823077305768294
 20
-19.649722890419287
 30
0.0
 11
18.217154383321088
 21
-19.897115094085837
 31
0.0
  0
LINE
  5
39B
330
17
100
AcDbEntity
  8
ENGRAVE_POLARS
100
AcDbLine
 10
18.217154383321088
 20
-19.897115094085837
 30
0.0
 11
17.57149622280835
 21
-20.11887389885818
 31
0.0
  0
LINE
  5
39C
330
17
100
AcDbEntity
  8
ENGRAVE_POLARS
100
AcDbLine
 10
17.57149622280835
 20
-20.11887389885818
 30
0.0
 11
16.90071660963407
 21
-20.317045387848875
 31
0.0
  0
LINE
  5
39D
330
17
100
AcDbEntity
  8
ENGRAVE_POLARS
100
AcDbLine
 10
16.90071660963407
 20
-20.317045387848875
 30
0.0
 11
16.219429329202242
 21
-20.49367564417046
 31
0.0
  0
LINE
  5
39E
330
17
100
AcDbEntity
  8
ENGRAVE_POLARS
100
AcDbLine
 10
16.219429329202242
 20
-20.49367564417046
 30
0.0
 11
15.542248166916837
 21
-20.65081075093548
 31
0.0
  0
LINE
  5
39F
330
17
100
AcDbEntity
  8
ENGRAVE_POLARS
100
AcDbLine
 10
15.542248166916837
 20
-20.65081075093548
 30
0.0
 11
14.883786908181847
 21
-20.79049679125649
 31
0.0
  0
LINE
  5
3A0
330
17
100
AcDbEntity
  8
ENGRAVE_POLARS
100
AcDbLine
 10
14.883786908181847
 20
-20.79049679125649
 30
0.0
 11
14.258659338401257
 21
-20.91477984824604
 31
0.0
  0
LINE
  5
3A1
330
17
100
AcDbEntity
  8
ENGRAVE_POLARS
100
AcDbLine
 10
14.258659338401257
 20
-20.91477984824604
 30
0.0
 11
13.681479242979053
 21
-21.025706005016673
 31
0.0
  0
LINE
  5
3A2
330
17
100
AcDbEntity
  8
ENGRAVE_POLARS
100
AcDbLine
 10
13.681479242979053
 20
-21.025706005016673
 30
0.0
 11
13.166860407319218
 21
-21.125321344680938
 31
0.0
  0
LINE
  5
3A3
330
17
100
AcDbEntity
  8
ENGRAVE_POLARS
100
AcDbLine
 10
13.166860407319218
 20
-21.125321344680938
 30
0.0
 11
12.72941661682574
 21
-21.215671950351375
 31
0.0
  0
LINE
  5
3A4
330
17
100
AcDbEntity
  8
ENGRAVE_POLARS
100
AcDbLine
 10
12.72941661682574
 20
-21.215671950351375
 30
0.0
 11
12.383761656902603
 21
-21.29880390514054
 31
0.0
  0
LINE
  5
3A5
330
17
100
AcDbEntity
  8
ENGRAVE_POLARS
100
AcDbLine
 10
12.383761656902603
 20
-21.29880390514054
 30
0.0
 11
12.15598518336828
 21
-21.36793802222669
 31
0.0
  0
LINE
  5
3A6
330
17
100
AcDbEntity
  8
ENGRAVE_POLARS
100
AcDbLine
 10
12.15598518336828
 20
-21.36793802222669
 30
0.0
 11
12.046747393121086
 21
-21.416528182964125
 31
0.0
  0
LINE
  5
3A7
330
17
100
AcDbEntity
  8
ENGRAVE_POLARS
100
AcDbLine
 10
12.046747393121086
 20
-21.416528182964125
 30
0.0
 11
12.032517883184775
 21
-21.44697007272943
 31
0.0
  0
LINE
  5
3A8
330
17
100
AcDbEntity
  8
ENGRAVE_POLARS
100
AcDbLine
 10
12.032517883184775
 20
-21.44697007272943
 30
0.0
 11
12.089766250583098
 21
-21.461659376899224
 31
0.0
  0
LINE
  5
3A9
330
17
100
AcDbEntity
  8
ENGRAVE_POLARS
100
AcDbLine
 10
12.089766250583098
 20
-21.461659376899224
 30
0.0
 11
12.194962092339807
 21
-21.462991780850096
 31
0.0
  0
LINE
  5
3AA
330
17
100
AcDbEntity
  8
ENGRAVE_POLARS
100
AcDbLine
 10
12.194962092339807
 20
-21.462991780850096
 30
0.0
 11
12.32457500547865
 21
-21.453362969958658
 31
0.0
  0
LINE
  5
3AB
330
17
100
AcDbEntity
  8
ENGRAVE_POLARS
100
AcDbLine
 10
12.32457500547865
 20
-21.453362969958658
 30
0.0
 11
12.45507458702338
 21
-21.435168629601502
 31
0.0
  0
LINE
  5
3AC
330
17
100
AcDbEntity
  8
ENGRAVE_POLARS
100
AcDbLine
 10
12.45507458702338
 20
-21.435168629601502
 30
0.0
 11
12.562930433997751
 21
-21.410804445155232
 31
0.0
  0
LINE
  5
3AD
330
17
100
AcDbEntity
  8
ENGRAVE_POLARS
100
AcDbLine
 10
12.562930433997751
 20
-21.410804445155232
 30
0.0
 11
12.624612143425516
 21
-21.382666101996456
 31
0.0
  0
LINE
  5
3AE
330
17
100
AcDbEntity
  8
ENGRAVE_POLARS
100
AcDbLine
 10
12.624612143425516
 20
-21.382666101996456
 30
0.0
 11
12.61658931233042
 21
-21.353149285501765
 31
0.0
  0
LINE
  5
3AF
330
17
100
AcDbEntity
  8
ENGRAVE_POLARS
100
AcDbLine
 10
12.61658931233042
 20
-21.353149285501765
 30
0.0
 11
12.515331537736218
 21
-21.32464968104776
 31
0.0
  0
LINE
  5
3B0
330
17
100
AcDbEntity
  8
ENGRAVE_POLARS
100
AcDbLine
 10
12.515331537736218
 20
-21.32464968104776
 30
0.0
 11
12.297308416666663
 21
-21.29956297401105
 31
0.0
  0
LINE
  5
3B1
330
17
100
AcDbEntity
  8
ENGRAVE_POLARS
100
AcDbLine
 10
12.297308416666663
 20
-21.29956297401105
 30
0.0
 11
11.965073046481963
 21
-21.274158309189747
 31
0.0
  0
LINE
  5
3B2
330
17
100
AcDbEntity
  8
ENGRAVE_POLARS
100
AcDbLine
 10
11.965073046481963
 20
-21.274158309189747
 30
0.0
 11
11.545919656021802
 21
-21.243448031044544
 31
0.0
  0
LINE
  5
3B3
330
17
100
AcDbEntity
  8
ENGRAVE_POLARS
100
AcDbLine
 10
11.545919656021802
 20
-21.243448031044544
 30
0.0
 11
11.053429539529123
 21
-21.207942624445902
 31
0.0
  0
LINE
  5
3B4
330
17
100
AcDbEntity
  8
ENGRAVE_POLARS
100
AcDbLine
 10
11.053429539529123
 20
-21.207942624445902
 30
0.0
 11
10.501183991246883
 21
-21.16815257426428
 31
0.0
  0
LINE
  5
3B5
330
17
100
AcDbEntity
  8
ENGRAVE_POLARS
100
AcDbLine
 10
10.501183991246883
 20
-21.16815257426428
 30
0.0
 11
9.902764305418039
 21
-21.12458836537015
 31
0.0
  0
LINE
  5
3B6
330
17
100
AcDbEntity
  8
ENGRAVE_POLARS
100
AcDbLine
 10
9.902764305418039
 20
-21.12458836537015
 30
0.0
 11
9.271751776285534
 21
-21.077760482633973
 31
0.0
  0
LINE
  5
3B7
330
17
100
AcDbEntity
  8
ENGRAVE_POLARS
100
AcDbLine
 10
9.271751776285534
 20
-21.077760482633973
 30
0.0
 11
8.621727698092325
 21
-21.028179410926207
 31
0.0
  0
LINE
  5
3B8
330
17
100
AcDbEntity
  8
ENGRAVE_POLARS
100
AcDbLine
 10
8.621727698092325
 20
-21.028179410926207
 30
0.0
 11
7.966273365081362
 21
-20.976355635117315
 31
0.0
  0
LINE
  5
3B9
330
17
100
AcDbEntity
  8
ENGRAVE_POLARS
100
AcDbLine
 10
7.966273365081362
 20
-20.976355635117315
 30
0.0
 11
7.3189700714956
 21
-20.922799640077766
 31
0.0
  0
LINE
  5
3BA
330
17
100
AcDbEntity
  8
ENGRAVE_POLARS
100
AcDbLine
 10
7.3189700714956
 20
-20.922799640077766
 30
0.0
 11
6.693399111577987
 21
-20.868021910678014
 31
0.0
  0
LINE
  5
3BB
330
17
100
AcDbEntity
  8
ENGRAVE_POLARS
100
AcDbLine
 10
6.693399111577987
 20
-20.868021910678014
 30
0.0
 11
6.103141779571477
 21
-20.812532931788528
 31
0.0
  0
LINE
  5
3BC
330
17
100
AcDbEntity
  8
ENGRAVE_POLARS
100
AcDbLine
 10
6.103141779571477
 20
-20.812532931788528
 30
0.0
 11
5.561779369719021
 21
-20.756843188279774
 31
0.0
  0
LINE
  5
3BD
330
17
100
AcDbEntity
  8
ENGRAVE_POLARS
100
AcDbLine
 10
5.561779369719021
 20
-20.756843188279774
 30
0.0
 11
5.039500509044643
 21
-20.697041840116015
 31
0.0
  0
LINE
  5
3BE
330
17
100
AcDbEntity
  8
ENGRAVE_POLARS
100
AcDbLine
 10
5.039500509044643
 20
-20.697041840116015
 30
0.0
 11
4.50251836648041
 21
-20.630083278324918
 31
0.0
  0
LINE
  5
3BF
330
17
100
AcDbEntity
  8
ENGRAVE_POLARS
100
AcDbLine
 10
4.50251836648041
 20
-20.630083278324918
 30
0.0
 11
3.9584510491313396
 21
-20.557775834372045
 31
0.0
  0
LINE
  5
3C0
330
17
100
AcDbEntity
  8
ENGRAVE_POLARS
100
AcDbLine
 10
3.9584510491313396
 20
-20.557775834372045
 30
0.0
 11
3.4149166641024498
 21
-20.481927839722953
 31
0.0
  0
LINE
  5
3C1
330
17
100
AcDbEntity
  8
ENGRAVE_POLARS
100
AcDbLine
 10
3.4149166641024498
 20
-20.481927839722953
 30
0.0
 11
2.8795333184987584
 21
-20.404347625843204
 31
0.0
  0
LINE
  5
3C2
330
17
100
AcDbEntity
  8
ENGRAVE_POLARS
100
AcDbLine
 10
2.8795333184987584
 20
-20.404347625843204
 30
0.0
 11
2.359919119425284
 21
-20.326843524198352
 31
0.0
  0
LINE
  5
3C3
330
17
100
AcDbEntity
  8
ENGRAVE_POLARS
100
AcDbLine
 10
2.359919119425284
 20
-20.326843524198352
 30
0.0
 11
1.863692173987044
 21
-20.251223866253945
 31
0.0
  0
LINE
  5
3C4
330
17
100
AcDbEntity
  8
ENGRAVE_POLARS
100
AcDbLine
 10
1.863692173987044
 20
-20.251223866253945
 30
0.0
 11
1.3984705892890574
 21
-20.179296983475563
 31
0.0
  0
LINE
  5
3C5
330
17
100
AcDbEntity
  8
ENGRAVE_POLARS
100
AcDbLine
 10
1.3984705892890574
 20
-20.179296983475563
 30
0.0
 11
0.9718724724363427
 21
-20.11287120732875
 31
0.0
  0
LINE
  5
3C6
330
17
100
AcDbEntity
  8
ENGRAVE_POLARS
100
AcDbLine
 10
0.9718724724363427
 20
-20.11287120732875
 30
0.0
 11
0.5915159305339162
 21
-20.05375486927907
 31
0.0
  0
LINE
  5
3C7
330
17
100
AcDbEntity
  8
ENGRAVE_POLARS
100
AcDbLine
 10
0.5915159305339162
 20
-20.05375486927907
 30
0.0
 11
0.26501907068679637
 21
-20.003756300792077
 31
0.0
  0
LINE
  5
3C8
330
17
100
AcDbEntity
  8
ENGRAVE_POLARS
100
AcDbLine
 10
0.26501907068679637
 20
-20.003756300792077
 30
0.0
 11
2.4449686152480575e-15
 21
-19.964683833333332
 31
0.0
  0
LINE
  5
3C9
330
17
100
AcDbEntity
  8
ENGRAVE_POLARS
100
AcDbLine
 10
-14.597322318301774
 20
18.011789075416164
 30
0.0
 11
-14.888603124341673
 21
17.914051187423834
 31
0.0
  0
LINE
  5
3CA
330
17
100
AcDbEntity
  8
ENGRAVE_POLARS
100
AcDbLine
 10
-14.888603124341673
 20
17.914051187423834
 30
0.0
 11
-15.267031888869177
 21
17.794215535998138
 31
0.0
  0
LINE
  5
3CB
330
17
100
AcDbEntity
  8
ENGRAVE_POLARS
100
AcDbLine
 10
-15.267031888869177
 20
17.794215535998138
 30
0.0
 11
-15.717032333159972
 21
17.654880097044245
 31
0.0
  0
LINE
  5
3CC
330
17
100
AcDbEntity
  8
ENGRAVE_POLARS
100
AcDbLine
 10
-15.717032333159972
 20
17.654880097044245
 30
0.0
 11
-16.223028178489745
 21
17.498642846467305
 31
0.0
  0
LINE
  5
3CD
330
17
100
AcDbEntity
  8
ENGRAVE_POLARS
100
AcDbLine
 10
-16.223028178489745
 20
17.498642846467305
 30
0.0
 11
-16.76944314613418
 21
17.328101760172498
 31
0.0
  0
LINE
  5
3CE
330
17
100
AcDbEntity
  8
ENGRAVE_POLARS
100
AcDbLine
 10
-16.76944314613418
 20
17.328101760172498
 30
0.0
 11
-17.340700957368973
 21
17.14585481406497
 31
0.0
  0
LINE
  5
3CF
330
17
100
AcDbEntity
  8
ENGRAVE_POLARS
100
AcDbLine
 10
-17.340700957368973
 20
17.14585481406497
 30
0.0
 11
-17.921225333469803
 21
16.95449998404989
 31
0.0
  0
LINE
  5
3D0
330
17
100
AcDbEntity
  8
ENGRAVE_POLARS
100
AcDbLine
 10
-17.921225333469803
 20
16.95449998404989
 30
0.0
 11
-18.495439995712363
 21
16.756635246032417
 31
0.0
  0
LINE
  5
3D1
330
17
100
AcDbEntity
  8
ENGRAVE_POLARS
100
AcDbLine
 10
-18.495439995712363
 20
16.756635246032417
 30
0.0
 11
-19.047768665372338
 21
16.55485857591772
 31
0.0
  0
LINE
  5
3D2
330
17
100
AcDbEntity
  8
ENGRAVE_POLARS
100
AcDbLine
 10
-19.047768665372338
 20
16.55485857591772
 30
0.0
 11
-19.562635063725413
 21
16.351767949610952
 31
0.0
  0
LINE
  5
3D3
330
17
100
AcDbEntity
  8
ENGRAVE_POLARS
100
AcDbLine
 10
-19.562635063725413
 20
16.351767949610952
 30
0.0
 11
-20.024462912047277
 21
16.14996134301728
 31
0.0
  0
LINE
  5
3D4
330
17
100
AcDbEntity
  8
ENGRAVE_POLARS
100
AcDbLine
 10
-20.024462912047277
 20
16.14996134301728
 30
0.0
 11
-20.417675931613623
 21
15.952036732041872
 31
0.0
  0
LINE
  5
3D5
330
17
100
AcDbEntity
  8
ENGRAVE_POLARS
100
AcDbLine
 10
-20.417675931613623
 20
15.952036732041872
 30
0.0
 11
-20.751402481179362
 21
15.757768285256848
 31
0.0
  0
LINE
  5
3D6
330
17
100
AcDbEntity
  8
ENGRAVE_POLARS
100
AcDbLine
 10
-20.751402481179362
 20
15.757768285256848
 30
0.0
 11
-21.04844382037869
 21
15.56417813622066
 31
0.0
  0
LINE
  5
3D7
330
17
100
AcDbEntity
  8
ENGRAVE_POLARS
100
AcDbLine
 10
-21.04844382037869
 20
15.56417813622066
 30
0.0
 11
-21.31373302180622
 21
15.369736208317956
 31
0.0
  0
LINE
  5
3D8
330
17
100
AcDbEntity
  8
ENGRAVE_POLARS
100
AcDbLine
 10
-21.31373302180622
 20
15.369736208317956
 30
0.0
 11
-21.55220315805656
 21
15.17291242493338
 31
0.0
  0
LINE
  5
3D9
330
17
100
AcDbEntity
  8
ENGRAVE_POLARS
100
AcDbLine
 10
-21.55220315805656
 20
15.17291242493338
 30
0.0
 11
-21.768787301724316
 21
14.972176709451572
 31
0.0
  0
LINE
  5
3DA
330
17
100
AcDbEntity
  8
ENGRAVE_POLARS
100
AcDbLine
 10
-21.768787301724316
 20
14.972176709451572
 30
0.0
 11
-21.96841852540409
 21
14.765998985257184
 31
0.0
  0
LINE
  5
3DB
330
17
100
AcDbEntity
  8
ENGRAVE_POLARS
100
AcDbLine
 10
-21.96841852540409
 20
14.765998985257184
 30
0.0
 11
-22.156029901690495
 21
14.552849175734853
 31
0.0
  0
LINE
  5
3DC
330
17
100
AcDbEntity
  8
ENGRAVE_POLARS
100
AcDbLine
 10
-22.156029901690495
 20
14.552849175734853
 30
0.0
 11
-22.336554503178135
 21
14.331197204269227
 31
0.0
  0
LINE
  5
3DD
330
17
100
AcDbEntity
  8
ENGRAVE_POLARS
100
AcDbLine
 10
-22.336554503178135
 20
14.331197204269227
 30
0.0
 11
-22.514925402461625
 21
14.099512994244954
 31
0.0
  0
LINE
  5
3DE
330
17
100
AcDbEntity
  8
ENGRAVE_POLARS
100
AcDbLine
 10
-22.514925402461625
 20
14.099512994244954
 30
0.0
 11
-22.696075672135567
 21
13.856266469046671
 31
0.0
  0
LINE
  5
3DF
330
17
100
AcDbEntity
  8
ENGRAVE_POLARS
100
AcDbLine
 10
-22.696075672135567
 20
13.856266469046671
 30
0.0
 11
-22.884938384794566
 21
13.599927552059029
 31
0.0
  0
LINE
  5
3E0
330
17
100
AcDbEntity
  8
ENGRAVE_POLARS
100
AcDbLine
 10
-22.884938384794566
 20
13.599927552059029
 30
0.0
 11
-23.08644661303324
 21
13.32896616666667
 31
0.0
  0
LINE
  5
3E1
330
17
100
AcDbEntity
  8
ENGRAVE_POLARS
100
AcDbLine
 10
-23.08644661303324
 20
13.32896616666667
 30
0.0
 11
-23.29886922205206
 21
13.0347300777638
 31
0.0
  0
LINE
  5
3E2
330
17
100
AcDbEntity
  8
ENGRAVE_POLARS
100
AcDbLine
 10
-23.29886922205206
 20
13.0347300777638
 30
0.0
 11
-23.51572304687541
 21
12.713382492045302
 31
0.0
  0
LINE
  5
3E3
330
17
100
AcDbEntity
  8
ENGRAVE_POLARS
100
AcDbLine
 10
-23.51572304687541
 20
12.713382492045302
 30
0.0
 11
-23.73481311483373
 21
12.370616495596838
 31
0.0
  0
LINE
  5
3E4
330
17
100
AcDbEntity
  8
ENGRAVE_POLARS
100
AcDbLine
 10
-23.73481311483373
 20
12.370616495596838
 30
0.0
 11
-23.953944453257453
 21
12.012125174504058
 31
0.0
  0
LINE
  5
3E5
330
17
100
AcDbEntity
  8
ENGRAVE_POLARS
100
AcDbLine
 10
-23.953944453257453
 20
12.012125174504058
 30
0.0
 11
-24.17092208947702
 21
11.643601614852633
 31
0.0
  0
LINE
  5
3E6
330
17
100
AcDbEntity
  8
ENGRAVE_POLARS
100
AcDbLine
 10
-24.17092208947702
 20
11.643601614852633
 30
0.0
 11
-24.383551050822874
 21
11.270738902728215
 31
0.0
  0
LINE
  5
3E7
330
17
100
AcDbEntity
  8
ENGRAVE_POLARS
100
AcDbLine
 10
-24.383551050822874
 20
11.270738902728215
 30
0.0
 11
-24.589636364625445
 21
10.899230124216464
 31
0.0
  0
LINE
  5
3E8
330
17
100
AcDbEntity
  8
ENGRAVE_POLARS
100
AcDbLine
 10
-24.589636364625445
 20
10.899230124216464
 30
0.0
 11
-24.786983058215185
 21
10.534768365403039
 31
0.0
  0
LINE
  5
3E9
330
17
100
AcDbEntity
  8
ENGRAVE_POLARS
100
AcDbLine
 10
-24.786983058215185
 20
10.534768365403039
 30
0.0
 11
-24.97339615892253
 21
10.183046712373605
 31
0.0
  0
LINE
  5
3EA
330
17
100
AcDbEntity
  8
ENGRAVE_POLARS
100
AcDbLine
 10
-24.97339615892253
 20
10.183046712373605
 30
0.0
 11
-25.14668069407791
 21
9.849758251213808
 31
0.0
  0
LINE
  5
3EB
330
17
100
AcDbEntity
  8
ENGRAVE_POLARS
100
AcDbLine
 10
-25.14668069407791
 20
9.849758251213808
 30
0.0
 11
-25.304641691011778
 21
9.540596068009318
 31
0.0
  0
LINE
  5
3EC
330
17
100
AcDbEntity
  8
ENGRAVE_POLARS
100
AcDbLine
 10
-25.304641691011778
 20
9.540596068009318
 30
0.0
 11
-25.445084177054557
 21
9.26125324884579
 31
0.0
  0
LINE
  5
3ED
330
17
100
AcDbEntity
  8
ENGRAVE_POLARS
100
AcDbLine
 10
-25.445084177054557
 20
9.26125324884579
 30
0.0
 11
-25.56640316225056
 21
9.011177273986434
 31
0.0
  0
LINE
  5
3EE
330
17
100
AcDbEntity
  8
ENGRAVE_POLARS
100
AcDbLine
 10
-25.56640316225056
 20
9.011177273986434
 30
0.0
 11
-25.66997180499476
 21
8.783805900596215
 31
0.0
  0
LINE
  5
3EF
330
17
100
AcDbEntity
  8
ENGRAVE_POLARS
100
AcDbLine
 10
-25.66997180499476
 20
8.783805900596215
 30
0.0
 11
-25.758062355143636
 21
8.575817630113407
 31
0.0
  0
LINE
  5
3F0
330
17
100
AcDbEntity
  8
ENGRAVE_POLARS
100
AcDbLine
 10
-25.758062355143636
 20
8.575817630113407
 30
0.0
 11
-25.83294706255364
 21
8.383890963976306
 31
0.0
  0
LINE
  5
3F1
330
17
100
AcDbEntity
  8
ENGRAVE_POLARS
100
AcDbLine
 10
-25.83294706255364
 20
8.383890963976306
 30
0.0
 11
-25.896898177081255
 21
8.20470440362319
 31
0.0
  0
LINE
  5
3F2
330
17
100
AcDbEntity
  8
ENGRAVE_POLARS
100
AcDbLine
 10
-25.896898177081255
 20
8.20470440362319
 30
0.0
 11
-25.95218794858293
 21
8.03493645049234
 31
0.0
  0
LINE
  5
3F3
330
17
100
AcDbEntity
  8
ENGRAVE_POLARS
100
AcDbLine
 10
-25.95218794858293
 20
8.03493645049234
 30
0.0
 11
-26.001088626915145
 21
7.871265606022045
 31
0.0
  0
LINE
  5
3F4
330
17
100
AcDbEntity
  8
ENGRAVE_POLARS
100
AcDbLine
 10
-26.001088626915145
 20
7.871265606022045
 30
0.0
 11
-26.045872461934362
 21
7.710370371650586
 31
0.0
  0
LINE
  5
3F5
330
17
100
AcDbEntity
  8
ENGRAVE_POLARS
100
AcDbLine
 10
-26.045872461934362
 20
7.710370371650586
 30
0.0
 11
-26.088811703497047
 21
7.5489292488162505
 31
0.0
  0
LINE
  5
3F6
330
17
100
AcDbEntity
  8
ENGRAVE_POLARS
100
AcDbLine
 10
-26.088811703497047
 20
7.5489292488162505
 30
0.0
 11
-26.132178601459668
 21
7.38362073895732
 31
0.0
  0
LINE
  5
3F7
330
17
100
AcDbEntity
  8
ENGRAVE_POLARS
100
AcDbLine
 10
-26.132178601459668
 20
7.38362073895732
 30
0.0
 11
-26.178245405678688
 21
7.211123343512075
 31
0.0
  0
LINE
  5
3F8
330
17
100
AcDbEntity
  8
ENGRAVE_POLARS
100
AcDbLine
 10
-26.178245405678688
 20
7.211123343512075
 30
0.0
 11
-26.229284366010578
 21
7.0281155639188055
 31
0.0
  0
LINE
  5
3F9
330
17
100
AcDbEntity
  8
ENGRAVE_POLARS
100
AcDbLine
 10
-26.229284366010578
 20
7.0281155639188055
 30
0.0
 11
-26.28159405888949
 21
6.845875890443698
 31
0.0
  0
LINE
  5
3FA
330
17
100
AcDbEntity
  8
ENGRAVE_POLARS
100
AcDbLine
 10
-26.28159405888949
 20
6.845875890443698
 30
0.0
 11
-26.330340214930104
 21
6.675204997141654
 31
0.0
  0
LINE
  5
3FB
330
17
100
AcDbEntity
  8
ENGRAVE_POLARS
100
AcDbLine
 10
-26.330340214930104
 20
6.675204997141654
 30
0.0
 11
-26.376095815259678
 21
6.512064661134025
 31
0.0
  0
LINE
  5
3FC
330
17
100
AcDbEntity
  8
ENGRAVE_POLARS
100
AcDbLine
 10
-26.376095815259678
 20
6.512064661134025
 30
0.0
 11
-26.419433841005457
 21
6.3524166595421665
 31
0.0
  0
LINE
  5
3FD
330
17
100
AcDbEntity
  8
ENGRAVE_POLARS
100
AcDbLine
 10
-26.419433841005457
 20
6.3524166595421665
 30
0.0
 11
-26.460927273294715
 21
6.1922227694874294
 31
0.0
  0
LINE
  5
3FE
330
17
100
AcDbEntity
  8
ENGRAVE_POLARS
100
AcDbLine
 10
-26.460927273294715
 20
6.1922227694874294
 30
0.0
 11
-26.501149093254696
 21
6.027444768091165
 31
0.0
  0
LINE
  5
3FF
330
17
100
AcDbEntity
  8
ENGRAVE_POLARS
100
AcDbLine
 10
-26.501149093254696
 20
6.027444768091165
 30
0.0
 11
-26.540672282012647
 21
5.854044432474725
 31
0.0
  0
LINE
  5
400
330
17
100
AcDbEntity
  8
ENGRAVE_POLARS
100
AcDbLine
 10
-26.540672282012647
 20
5.854044432474725
 30
0.0
 11
-26.580069820695837
 21
5.667983539759463
 31
0.0
  0
LINE
  5
401
330
17
100
AcDbEntity
  8
ENGRAVE_POLARS
100
AcDbLine
 10
-26.580069820695837
 20
5.667983539759463
 30
0.0
 11
-26.61991469043152
 21
5.465223867066733
 31
0.0
  0
LINE
  5
402
330
17
100
AcDbEntity
  8
ENGRAVE_POLARS
100
AcDbLine
 10
-26.61991469043152
 20
5.465223867066733
 30
0.0
 11
-26.660779872346943
 21
5.241727191517884
 31
0.0
  0
LINE
  5
403
330
17
100
AcDbEntity
  8
ENGRAVE_POLARS
100
AcDbLine
 10
-26.660779872346943
 20
5.241727191517884
 30
0.0
 11
-26.703238347569368
 21
4.9934552902342695
 31
0.0
  0
LINE
  5
404
330
17
100
AcDbEntity
  8
ENGRAVE_POLARS
100
AcDbLine
 10
-26.703238347569368
 20
4.9934552902342695
 30
0.0
 11
-26.74786309722605
 21
4.716369940337242
 31
0.0
  0
LINE
  5
405
330
17
100
AcDbEntity
  8
ENGRAVE_POLARS
100
AcDbLine
 10
-26.74786309722605
 20
4.716369940337242
 30
0.0
 11
-26.796840819138332
 21
4.423889986934285
 31
0.0
  0
LINE
  5
406
330
17
100
AcDbEntity
  8
ENGRAVE_POLARS
100
AcDbLine
 10
-26.796840819138332
 20
4.423889986934285
 30
0.0
 11
-26.850937977962786
 21
4.128960029143235
 31
0.0
  0
LINE
  5
407
330
17
100
AcDbEntity
  8
ENGRAVE_POLARS
100
AcDbLine
 10
-26.850937977962786
 20
4.128960029143235
 30
0.0
 11
-26.908597205079527
 21
3.8268304751009636
 31
0.0
  0
LINE
  5
408
330
17
100
AcDbEntity
  8
ENGRAVE_POLARS
100
AcDbLine
 10
-26.908597205079527
 20
3.8268304751009636
 30
0.0
 11
-26.968261131868655
 21
3.5127517329443476
 31
0.0
  0
LINE
  5
409
330
17
100
AcDbEntity
  8
ENGRAVE_POLARS
100
AcDbLine
 10
-26.968261131868655
 20
3.5127517329443476
 30
0.0
 11
-27.028372389710277
 21
3.181974210810262
 31
0.0
  0
LINE
  5
40A
330
17
100
AcDbEntity
  8
ENGRAVE_POLARS
100
AcDbLine
 10
-27.028372389710277
 20
3.181974210810262
 30
0.0
 11
-27.087373609984482
 21
2.8297483168355817
 31
0.0
  0
LINE
  5
40B
330
17
100
AcDbEntity
  8
ENGRAVE_POLARS
100
AcDbLine
 10
-27.087373609984482
 20
2.8297483168355817
 30
0.0
 11
-27.143707424071387
 21
2.4513244591571803
 31
0.0
  0
LINE
  5
40C
330
17
100
AcDbEntity
  8
ENGRAVE_POLARS
100
AcDbLine
 10
-27.143707424071387
 20
2.4513244591571803
 30
0.0
 11
-27.195816463351093
 21
2.041953045911934
 31
0.0
  0
LINE
  5
40D
330
17
100
AcDbEntity
  8
ENGRAVE_POLARS
100
AcDbLine
 10
-27.195816463351093
 20
2.041953045911934
 30
0.0
 11
-27.242143359203705
 21
1.5968844852367188
 31
0.0
  0
LINE
  5
40E
330
17
100
AcDbEntity
  8
ENGRAVE_POLARS
100
AcDbLine
 10
-27.242143359203705
 20
1.5968844852367188
 30
0.0
 11
-27.281130743009328
 21
1.1113691852684078
 31
0.0
  0
LINE
  5
40F
330
17
100
AcDbEntity
  8
ENGRAVE_POLARS
100
AcDbLine
 10
-27.281130743009328
 20
1.1113691852684078
 30
0.0
 11
-27.311221246148058
 21
0.5806575541438771
 31
0.0
  0
LINE
  5
410
330
17
100
AcDbEntity
  8
ENGRAVE_POLARS
100
AcDbLine
 10
-27.311221246148058
 20
0.5806575541438771
 30
0.0
 11
-27.330857500000004
 21
1.6735323577663719e-15
 31
0.0
  0
LINE
  5
411
330
17
100
AcDbEntity
  8
ENGRAVE_POLARS
100
AcDbLine
 10
-27.330857500000004
 20
1.6735323577663719e-15
 30
0.0
 11
-27.345505670863886
 21
-0.6584994429857064
 31
0.0
  0
LINE
  5
412
330
17
100
AcDbEntity
  8
ENGRAVE_POLARS
100
AcDbLine
 10
-27.345505670863886
 20
-0.6584994429857064
 30
0.0
 11
-27.360343175787868
 21
-1.4074113801223298
 31
0.0
  0
LINE
  5
413
330
17
100
AcDbEntity
  8
ENGRAVE_POLARS
100
AcDbLine
 10
-27.360343175787868
 20
-1.4074113801223298
 30
0.0
 11
-27.37337952227621
 21
-2.2284973625028868
 31
0.0
  0
LINE
  5
414
330
17
100
AcDbEntity
  8
ENGRAVE_POLARS
100
AcDbLine
 10
-27.37337952227621
 20
-2.2284973625028868
 30
0.0
 11
-27.382624217833186
 21
-3.103518941220396
 31
0.0
  0
LINE
  5
415
330
17
100
AcDbEntity
  8
ENGRAVE_POLARS
100
AcDbLine
 10
-27.382624217833186
 20
-3.103518941220396
 30
0.0
 11
-27.38608676996308
 21
-4.014237667367874
 31
0.0
  0
LINE
  5
416
330
17
100
AcDbEntity
  8
ENGRAVE_POLARS
100
AcDbLine
 10
-27.38608676996308
 20
-4.014237667367874
 30
0.0
 11
-27.381776686170134
 21
-4.942415092038342
 31
0.0
  0
LINE
  5
417
330
17
100
AcDbEntity
  8
ENGRAVE_POLARS
100
AcDbLine
 10
-27.381776686170134
 20
-4.942415092038342
 30
0.0
 11
-27.36770347395863
 21
-5.869812766324815
 31
0.0
  0
LINE
  5
418
330
17
100
AcDbEntity
  8
ENGRAVE_POLARS
100
AcDbLine
 10
-27.36770347395863
 20
-5.869812766324815
 30
0.0
 11
-27.341876640832844
 21
-6.778192241320314
 31
0.0
  0
LINE
  5
419
330
17
100
AcDbEntity
  8
ENGRAVE_POLARS
100
AcDbLine
 10
-27.341876640832844
 20
-6.778192241320314
 30
0.0
 11
-27.302305694297033
 21
-7.649315068117854
 31
0.0
  0
LINE
  5
41A
330
17
100
AcDbEntity
  8
ENGRAVE_POLARS
100
AcDbLine
 10
-27.302305694297033
 20
-7.649315068117854
 30
0.0
 11
-27.24700014185547
 21
-8.464942797810455
 31
0.0
  0
LINE
  5
41B
330
17
100
AcDbEntity
  8
ENGRAVE_POLARS
100
AcDbLine
 10
-27.24700014185547
 20
-8.464942797810455
 30
0.0
 11
-27.173969491012425
 21
-9.206836981491136
 31
0.0
  0
LINE
  5
41C
330
17
100
AcDbEntity
  8
ENGRAVE_POLARS
100
AcDbLine
 10
-27.173969491012425
 20
-9.206836981491136
 30
0.0
 11
-27.081223249272163
 21
-9.856759170252914
 31
0.0
  0
LINE
  5
41D
330
17
100
AcDbEntity
  8
ENGRAVE_POLARS
100
AcDbLine
 10
-27.081223249272163
 20
-9.856759170252914
 30
0.0
 11
-26.97512541483843
 21
-10.417211020091854
 31
0.0
  0
LINE
  5
41E
330
17
100
AcDbEntity
  8
ENGRAVE_POLARS
100
AcDbLine
 10
-26.97512541483843
 20
-10.417211020091854
 30
0.0
 11
-26.86189725110896
 21
-10.90968098363125
 31
0.0
  0
LINE
  5
41F
330
17
100
AcDbEntity
  8
ENGRAVE_POLARS
100
AcDbLine
 10
-26.86189725110896
 20
-10.90968098363125
 30
0.0
 11
-26.739334163378984
 21
-11.344410806904964
 31
0.0
  0
LINE
  5
420
330
17
100
AcDbEntity
  8
ENGRAVE_POLARS
100
AcDbLine
 10
-26.739334163378984
 20
-11.344410806904964
 30
0.0
 11
-26.605231556943746
 21
-11.731642235946858
 31
0.0
  0
LINE
  5
421
330
17
100
AcDbEntity
  8
ENGRAVE_POLARS
100
AcDbLine
 10
-26.605231556943746
 20
-11.731642235946858
 30
0.0
 11
-26.457384837098488
 21
-12.081617016790796
 31
0.0
  0
LINE
  5
422
330
17
100
AcDbEntity
  8
ENGRAVE_POLARS
100
AcDbLine
 10
-26.457384837098488
 20
-12.081617016790796
 30
0.0
 11
-26.29358940913845
 21
-12.404576895470637
 31
0.0
  0
LINE
  5
423
330
17
100
AcDbEntity
  8
ENGRAVE_POLARS
100
AcDbLine
 10
-26.29358940913845
 20
-12.404576895470637
 30
0.0
 11
-26.111640678358867
 21
-12.710763618020245
 31
0.0
  0
LINE
  5
424
330
17
100
AcDbEntity
  8
ENGRAVE_POLARS
100
AcDbLine
 10
-26.111640678358867
 20
-12.710763618020245
 30
0.0
 11
-25.90933405005499
 21
-13.010418930473486
 31
0.0
  0
LINE
  5
425
330
17
100
AcDbEntity
  8
ENGRAVE_POLARS
100
AcDbLine
 10
-25.90933405005499
 20
-13.010418930473486
 30
0.0
 11
-25.684464929522058
 21
-13.313784578864219
 31
0.0
  0
LINE
  5
426
330
17
100
AcDbEntity
  8
ENGRAVE_POLARS
100
AcDbLine
 10
-25.684464929522058
 20
-13.313784578864219
 30
0.0
 11
-25.434828722055304
 21
-13.631102309226307
 31
0.0
  0
LINE
  5
427
330
17
100
AcDbEntity
  8
ENGRAVE_POLARS
100
AcDbLine
 10
-25.434828722055304
 20
-13.631102309226307
 30
0.0
 11
-25.15822083294997
 21
-13.97261386759361
 31
0.0
  0
LINE
  5
428
330
17
100
AcDbEntity
  8
ENGRAVE_POLARS
100
AcDbLine
 10
-25.15822083294997
 20
-13.97261386759361
 30
0.0
 11
-24.8524366675013
 21
-14.348560999999995
 31
0.0
  0
LINE
  5
429
330
17
100
AcDbEntity
  8
ENGRAVE_POLARS
100
AcDbLine
 10
-24.8524366675013
 20
-14.348560999999995
 30
0.0
 11
-24.51452312475291
 21
-14.758568638350644
 31
0.0
  0
LINE
  5
42A
330
17
100
AcDbEntity
  8
ENGRAVE_POLARS
100
AcDbLine
 10
-24.51452312475291
 20
-14.758568638350644
 30
0.0
 11
-24.14500597104683
 21
-15.191225289093735
 31
0.0
  0
LINE
  5
42B
330
17
100
AcDbEntity
  8
ENGRAVE_POLARS
100
AcDbLine
 10
-24.14500597104683
 20
-15.191225289093735
 30
0.0
 11
-23.746898912625944
 21
-15.640218060077617
 31
0.0
  0
LINE
  5
42C
330
17
100
AcDbEntity
  8
ENGRAVE_POLARS
100
AcDbLine
 10
-23.746898912625944
 20
-15.640218060077617
 30
0.0
 11
-23.323215655733126
 21
-16.099234059150643
 31
0.0
  0
LINE
  5
42D
330
17
100
AcDbEntity
  8
ENGRAVE_POLARS
100
AcDbLine
 10
-23.323215655733126
 20
-16.099234059150643
 30
0.0
 11
-22.87696990661124
 21
-16.561960394161165
 31
0.0
  0
LINE
  5
42E
330
17
100
AcDbEntity
  8
ENGRAVE_POLARS
100
AcDbLine
 10
-22.87696990661124
 20
-16.561960394161165
 30
0.0
 11
-22.411175371503177
 21
-17.022084172957527
 31
0.0
  0
LINE
  5
42F
330
17
100
AcDbEntity
  8
ENGRAVE_POLARS
100
AcDbLine
 10
-22.411175371503177
 20
-17.022084172957527
 30
0.0
 11
-21.928845756651807
 21
-17.473292503388073
 31
0.0
  0
LINE
  5
430
330
17
100
AcDbEntity
  8
ENGRAVE_POLARS
100
AcDbLine
 10
-21.928845756651807
 20
-17.473292503388073
 30
0.0
 11
-21.432994768300002
 21
-17.909272493301174
 31
0.0
  0
LINE
  5
431
330
17
100
AcDbEntity
  8
ENGRAVE_POLARS
100
AcDbLine
 10
-21.432994768300002
 20
-17.909272493301174
 30
0.0
 11
-20.926636112690648
 21
-18.323711250545163
 31
0.0
  0
LINE
  5
432
330
17
100
AcDbEntity
  8
ENGRAVE_POLARS
100
AcDbLine
 10
-20.926636112690648
 20
-18.323711250545163
 30
0.0
 11
-20.412783496066606
 21
-18.710295882968396
 31
0.0
  0
LINE
  5
433
330
17
100
AcDbEntity
  8
ENGRAVE_POLARS
100
AcDbLine
 10
-20.412783496066606
 20
-18.710295882968396
 30
0.0
 11
-19.89445062467076
 21
-19.062713498419217
 31
0.0
  0
LINE
  5
434
330
17
100
AcDbEntity
  8
ENGRAVE_POLARS
100
AcDbLine
 10
-19.89445062467076
 20
-19.062713498419217
 30
0.0
 11
-19.37465120474599
 21
-19.374651204745987
 31
0.0
  0
LINE
  5
435
330
17
100
AcDbEntity
  8
ENGRAVE_POLARS
100
AcDbLine
 10
-19.37465120474599
 20
-19.374651204745987
 30
0.0
 11
-18.823077305768294
 21
-19.649722890419287
 31
0.0
  0
LINE
  5
436
330
17
100
AcDbEntity
  8
ENGRAVE_POLARS
100
AcDbLine
 10
-18.823077305768294
 20
-19.649722890419287
 30
0.0
 11
-18.217154383321088
 21
-19.897115094085837
 31
0.0
  0
LINE
  5
437
330
17
100
AcDbEntity
  8
ENGRAVE_POLARS
100
AcDbLine
 10
-18.217154383321088
 20
-19.897115094085837
 30
0.0
 11
-17.57149622280835
 21
-20.11887389885818
 31
0.0
  0
LINE
  5
438
330
17
100
AcDbEntity
  8
ENGRAVE_POLARS
100
AcDbLine
 10
-17.57149622280835
 20
-20.11887389885818
 30
0.0
 11
-16.90071660963407
 21
-20.317045387848875
 31
0.0
  0
LINE
  5
439
330
17
100
AcDbEntity
  8
ENGRAVE_POLARS
100
AcDbLine
 10
-16.90071660963407
 20
-20.317045387848875
 30
0.0
 11
-16.219429329202242
 21
-20.49367564417046
 31
0.0
  0
LINE
  5
43A
330
17
100
AcDbEntity
  8
ENGRAVE_POLARS
100
AcDbLine
 10
-16.219429329202242
 20
-20.49367564417046
 30
0.0
 11
-15.542248166916837
 21
-20.65081075093548
 31
0.0
  0
LINE
  5
43B
330
17
100
AcDbEntity
  8
ENGRAVE_POLARS
100
AcDbLine
 10
-15.542248166916837
 20
-20.65081075093548
 30
0.0
 11
-14.883786908181847
 21
-20.79049679125649
 31
0.0
  0
LINE
  5
43C
330
17
100
AcDbEntity
  8
ENGRAVE_POLARS
100
AcDbLine
 10
-14.883786908181847
 20
-20.79049679125649
 30
0.0
 11
-14.258659338401257
 21
-20.91477984824604
 31
0.0
  0
LINE
  5
43D
330
17
100
AcDbEntity
  8
ENGRAVE_POLARS
100
AcDbLine
 10
-14.258659338401257
 20
-20.91477984824604
 30
0.0
 11
-13.681479242979053
 21
-21.025706005016673
 31
0.0
  0
LINE
  5
43E
330
17
100
AcDbEntity
  8
ENGRAVE_POLARS
100
AcDbLine
 10
-13.681479242979053
 20
-21.025706005016673
 30
0.0
 11
-13.166860407319218
 21
-21.125321344680938
 31
0.0
  0
LINE
  5
43F
330
17
100
AcDbEntity
  8
ENGRAVE_POLARS
100
AcDbLine
 10
-13.166860407319218
 20
-21.125321344680938
 30
0.0
 11
-12.72941661682574
 21
-21.215671950351375
 31
0.0
  0
LINE
  5
440
330
17
100
AcDbEntity
  8
ENGRAVE_POLARS
100
AcDbLine
 10
-12.72941661682574
 20
-21.215671950351375
 30
0.0
 11
-12.383761656902603
 21
-21.29880390514054
 31
0.0
  0
LINE
  5
441
330
17
100
AcDbEntity
  8
ENGRAVE_POLARS
100
AcDbLine
 10
-12.383761656902603
 20
-21.29880390514054
 30
0.0
 11
-12.15598518336828
 21
-21.36793802222669
 31
0.0
  0
LINE
  5
442
330
17
100
AcDbEntity
  8
ENGRAVE_POLARS
100
AcDbLine
 10
-12.15598518336828
 20
-21.36793802222669
 30
0.0
 11
-12.046747393121086
 21
-21.416528182964125
 31
0.0
  0
LINE
  5
443
330
17
100
AcDbEntity
  8
ENGRAVE_POLARS
100
AcDbLine
 10
-12.046747393121086
 20
-21.416528182964125
 30
0.0
 11
-12.032517883184775
 21
-21.44697007272943
 31
0.0
  0
LINE
  5
444
330
17
100
AcDbEntity
  8
ENGRAVE_POLARS
100
AcDbLine
 10
-12.032517883184775
 20
-21.44697007272943
 30
0.0
 11
-12.089766250583098
 21
-21.461659376899224
 31
0.0
  0
LINE
  5
445
330
17
100
AcDbEntity
  8
ENGRAVE_POLARS
100
AcDbLine
 10
-12.089766250583098
 20
-21.461659376899224
 30
0.0
 11
-12.194962092339807
 21
-21.462991780850096
 31
0.0
  0
LINE
  5
446
330
17
100
AcDbEntity
  8
ENGRAVE_POLARS
100
AcDbLine
 10
-12.194962092339807
 20
-21.462991780850096
 30
0.0
 11
-12.32457500547865
 21
-21.453362969958658
 31
0.0
  0
LINE
  5
447
330
17
100
AcDbEntity
  8
ENGRAVE_POLARS
100
AcDbLine
 10
-12.32457500547865
 20
-21.453362969958658
 30
0.0
 11
-12.45507458702338
 21
-21.435168629601502
 31
0.0
  0
LINE
  5
448
330
17
100
AcDbEntity
  8
ENGRAVE_POLARS
100
AcDbLine
 10
-12.45507458702338
 20
-21.435168629601502
 30
0.0
 11
-12.562930433997751
 21
-21.410804445155232
 31
0.0
  0
LINE
  5
449
330
17
100
AcDbEntity
  8
ENGRAVE_POLARS
100
AcDbLine
 10
-12.562930433997751
 20
-21.410804445155232
 30
0.0
 11
-12.624612143425516
 21
-21.382666101996456
 31
0.0
  0
LINE
  5
44A
330
17
100
AcDbEntity
  8
ENGRAVE_POLARS
100
AcDbLine
 10
-12.624612143425516
 20
-21.382666101996456
 30
0.0
 11
-12.61658931233042
 21
-21.353149285501765
 31
0.0
  0
LINE
  5
44B
330
17
100
AcDbEntity
  8
ENGRAVE_POLARS
100
AcDbLine
 10
-12.61658931233042
 20
-21.353149285501765
 30
0.0
 11
-12.515331537736218
 21
-21.32464968104776
 31
0.0
  0
LINE
  5
44C
330
17
100
AcDbEntity
  8
ENGRAVE_POLARS
100
AcDbLine
 10
-12.515331537736218
 20
-21.32464968104776
 30
0.0
 11
-12.297308416666663
 21
-21.29956297401105
 31
0.0
  0
LINE
  5
44D
330
17
100
AcDbEntity
  8
ENGRAVE_POLARS
100
AcDbLine
 10
-12.297308416666663
 20
-21.29956297401105
 30
0.0
 11
-11.965073046481963
 21
-21.274158309189747
 31
0.0
  0
LINE
  5
44E
330
17
100
AcDbEntity
  8
ENGRAVE_POLARS
100
AcDbLine
 10
-11.965073046481963
 20
-21.274158309189747
 30
0.0
 11
-11.545919656021802
 21
-21.243448031044544
 31
0.0
  0
LINE
  5
44F
330
17
100
AcDbEntity
  8
ENGRAVE_POLARS
100
AcDbLine
 10
-11.545919656021802
 20
-21.243448031044544
 30
0.0
 11
-11.053429539529123
 21
-21.207942624445902
 31
0.0
  0
LINE
  5
450
330
17
100
AcDbEntity
  8
ENGRAVE_POLARS
100
AcDbLine
 10
-11.053429539529123
 20
-21.207942624445902
 30
0.0
 11
-10.501183991246883
 21
-21.16815257426428
 31
0.0
  0
LINE
  5
451
330
17
100
AcDbEntity
  8
ENGRAVE_POLARS
100
AcDbLine
 10
-10.501183991246883
 20
-21.16815257426428
 30
0.0
 11
-9.902764305418039
 21
-21.12458836537015
 31
0.0
  0
LINE
  5
452
330
17
100
AcDbEntity
  8
ENGRAVE_POLARS
100
AcDbLine
 10
-9.902764305418039
 20
-21.12458836537015
 30
0.0
 11
-9.271751776285534
 21
-21.077760482633973
 31
0.0
  0
LINE
  5
453
330
17
100
AcDbEntity
  8
ENGRAVE_POLARS
100
AcDbLine
 10
-9.271751776285534
 20
-21.077760482633973
 30
0.0
 11
-8.621727698092325
 21
-21.028179410926207
 31
0.0
  0
LINE
  5
454
330
17
100
AcDbEntity
  8
ENGRAVE_POLARS
100
AcDbLine
 10
-8.621727698092325
 20
-21.028179410926207
 30
0.0
 11
-7.966273365081362
 21
-20.976355635117315
 31
0.0
  0
LINE
  5
455
330
17
100
AcDbEntity
  8
ENGRAVE_POLARS
100
AcDbLine
 10
-7.966273365081362
 20
-20.976355635117315
 30
0.0
 11
-7.3189700714956
 21
-20.922799640077766
 31
0.0
  0
LINE
  5
456
330
17
100
AcDbEntity
  8
ENGRAVE_POLARS
100
AcDbLine
 10
-7.3189700714956
 20
-20.922799640077766
 30
0.0
 11
-6.693399111577987
 21
-20.868021910678014
 31
0.0
  0
LINE
  5
457
330
17
100
AcDbEntity
  8
ENGRAVE_POLARS
100
AcDbLine
 10
-6.693399111577987
 20
-20.868021910678014
 30
0.0
 11
-6.103141779571477
 21
-20.812532931788528
 31
0.0
  0
LINE
  5
458
330
17
100
AcDbEntity
  8
ENGRAVE_POLARS
100
AcDbLine
 10
-6.103141779571477
 20
-20.812532931788528
 30
0.0
 11
-5.561779369719021
 21
-20.756843188279774
 31
0.0
  0
LINE
  5
459
330
17
100
AcDbEntity
  8
ENGRAVE_POLARS
100
AcDbLine
 10
-5.561779369719021
 20
-20.756843188279774
 30
0.0
 11
-5.039500509044643
 21
-20.697041840116015
 31
0.0
  0
LINE
  5
45A
330
17
100
AcDbEntity
  8
ENGRAVE_POLARS
100
AcDbLine
 10
-5.039500509044643
 20
-20.697041840116015
 30
0.0
 11
-4.50251836648041
 21
-20.630083278324918
 31
0.0
  0
LINE
  5
45B
330
17
100
AcDbEntity
  8
ENGRAVE_POLARS
100
AcDbLine
 10
-4.50251836648041
 20
-20.630083278324918
 30
0.0
 11
-3.9584510491313396
 21
-20.557775834372045
 31
0.0
  0
LINE
  5
45C
330
17
100
AcDbEntity
  8
ENGRAVE_POLARS
100
AcDbLine
 10
-3.9584510491313396
 20
-20.557775834372045
 30
0.0
 11
-3.4149166641024498
 21
-20.481927839722953
 31
0.0
  0
LINE
  5
45D
330
17
100
AcDbEntity
  8
ENGRAVE_POLARS
100
AcDbLine
 10
-3.4149166641024498
 20
-20.481927839722953
 30
0.0
 11
-2.8795333184987584
 21
-20.404347625843204
 31
0.0
  0
LINE
  5
45E
330
17
100
AcDbEntity
  8
ENGRAVE_POLARS
100
AcDbLine
 10
-2.8795333184987584
 20
-20.404347625843204
 30
0.0
 11
-2.359919119425284
 21
-20.326843524198352
 31
0.0
  0
LINE
  5
45F
330
17
100
AcDbEntity
  8
ENGRAVE_POLARS
100
AcDbLine
 10
-2.359919119425284
 20
-20.326843524198352
 30
0.0
 11
-1.863692173987044
 21
-20.251223866253945
 31
0.0
  0
LINE
  5
460
330
17
100
AcDbEntity
  8
ENGRAVE_POLARS
100
AcDbLine
 10
-1.863692173987044
 20
-20.251223866253945
 30
0.0
 11
-1.3984705892890574
 21
-20.179296983475563
 31
0.0
  0
LINE
  5
461
330
17
100
AcDbEntity
  8
ENGRAVE_POLARS
100
AcDbLine
 10
-1.3984705892890574
 20
-20.179296983475563
 30
0.0
 11
-0.9718724724363427
 21
-20.11287120732875
 31
0.0
  0
LINE
  5
462
330
17
100
AcDbEntity
  8
ENGRAVE_POLARS
100
AcDbLine
 10
-0.9718724724363427
 20
-20.11287120732875
 30
0.0
 11
-0.5915159305339162
 21
-20.05375486927907
 31
0.0
  0
LINE
  5
463
330
17
100
AcDbEntity
  8
ENGRAVE_POLARS
100
AcDbLine
 10
-0.5915159305339162
 20
-20.05375486927907
 30
0.0
 11
-0.26501907068679637
 21
-20.003756300792077
 31
0.0
  0
LINE
  5
464
330
17
100
AcDbEntity
  8
ENGRAVE_POLARS
100
AcDbLine
 10
-0.26501907068679637
 20
-20.003756300792077
 30
0.0
 11
-2.4449686152480575e-15
 21
-19.964683833333332
 31
0.0
  0
TEXT
  5
465
330
17
100
AcDbEntity
  8
ENGRAVE_TEXT
100
AcDbText
 10
13.305325083069254
 20
18.986170993528958
 30
0.0
 40
4.5
  1
10
 72
1
 11
13.305325083069254
 21
18.986170993528958
 31
0.0
100
AcDbText
 73
2
  0
TEXT
  5
466
330
17
100
AcDbEntity
  8
ENGRAVE_TEXT
100
AcDbText
 10
-13.305325083069254
 20
18.986170993528958
 30
0.0
 40
4.5
  1
10
 72
1
 11
-13.305325083069254
 21
18.986170993528958
 31
0.0
100
AcDbText
 73
2
  0
CIRCLE
  5
467
330
17
100
AcDbEntity
  8
ENGRAVE_VMG
100
AcDbCircle
 10
14.597322318301774
 20
18.011789075416164
 30
0.0
 40
0.6
  0
CIRCLE
  5
468
330
17
100
AcDbEntity
  8
ENGRAVE_VMG
100
AcDbCircle
 10
-14.597322318301774
 20
18.011789075416164
 30
0.0
 40
0.6
  0
CIRCLE
  5
469
330
17
100
AcDbEntity
  8
ENGRAVE_VMG
100
AcDbCircle
 10
12.297308416666663
 20
-21.29956297401105
 30
0.0
 40
0.6
  0
CIRCLE
  5
46A
330
17
100
AcDbEntity
  8
ENGRAVE_VMG
100
AcDbCircle
 10
-12.297308416666663
 20
-21.29956297401105
 30
0.0
 40
0.6
  0
LINE
  5
46B
330
17
100
AcDbEntity
  8
ENGRAVE_POLARS
100
AcDbLine
 10
12.334672609147802
 20
15.654941875259285
 30
0.0
 11
12.598615056990075
 21
15.56413602643952
 31
0.0
  0
LINE
  5
46C
330
17
100
AcDbEntity
  8
ENGRAVE_POLARS
100
AcDbLine
 10
12.598615056990075
 20
15.56413602643952
 30
0.0
 11
12.94190382945363
 21
15.4520114569622
 31
0.0
  0
LINE
  5
46D
330
17
100
AcDbEntity
  8
ENGRAVE_POLARS
100
AcDbLine
 10
12.94190382945363
 20
15.4520114569622
 30
0.0
 11
13.350285606036795
 21
15.321271893362473
 31
0.0
  0
LINE
  5
46E
330
17
100
AcDbEntity
  8
ENGRAVE_POLARS
100
AcDbLine
 10
13.350285606036795
 20
15.321271893362473
 30
0.0
 11
13.809507066237918
 21
15.174621062175493
 31
0.0
  0
LINE
  5
46F
330
17
100
AcDbEntity
  8
ENGRAVE_POLARS
100
AcDbLine
 10
13.809507066237918
 20
15.174621062175493
 30
0.0
 11
14.305314889555333
 21
15.014762689936415
 31
0.0
  0
LINE
  5
470
330
17
100
AcDbEntity
  8
ENGRAVE_POLARS
100
AcDbLine
 10
14.305314889555333
 20
15.014762689936415
 30
0.0
 11
14.823455755487373
 21
14.844400503180385
 31
0.0
  0
LINE
  5
471
330
17
100
AcDbEntity
  8
ENGRAVE_POLARS
100
AcDbLine
 10
14.823455755487373
 20
14.844400503180385
 30
0.0
 11
15.349676343532385
 21
14.666238228442563
 31
0.0
  0
LINE
  5
472
330
17
100
AcDbEntity
  8
ENGRAVE_POLARS
100
AcDbLine
 10
15.349676343532385
 20
14.666238228442563
 30
0.0
 11
15.869723333188693
 21
14.482979592258099
 31
0.0
  0
LINE
  5
473
330
17
100
AcDbEntity
  8
ENGRAVE_POLARS
100
AcDbLine
 10
15.869723333188693
 20
14.482979592258099
 30
0.0
 11
16.369343403954648
 21
14.297328321162146
 31
0.0
  0
LINE
  5
474
330
17
100
AcDbEntity
  8
ENGRAVE_POLARS
100
AcDbLine
 10
16.369343403954648
 20
14.297328321162146
 30
0.0
 11
16.834283235328584
 21
14.111988141689856
 31
0.0
  0
LINE
  5
475
330
17
100
AcDbEntity
  8
ENGRAVE_POLARS
100
AcDbLine
 10
16.834283235328584
 20
14.111988141689856
 30
0.0
 11
17.250289506808826
 21
13.929662780376383
 31
0.0
  0
LINE
  5
476
330
17
100
AcDbEntity
  8
ENGRAVE_POLARS
100
AcDbLine
 10
17.250289506808826
 20
13.929662780376383
 30
0.0
 11
17.603108897893733
 21
13.753055963756877
 31
0.0
  0
LINE
  5
477
330
17
100
AcDbEntity
  8
ENGRAVE_POLARS
100
AcDbLine
 10
17.603108897893733
 20
13.753055963756877
 30
0.0
 11
17.90056871914535
 21
13.581810756267169
 31
0.0
  0
LINE
  5
478
330
17
100
AcDbEntity
  8
ENGRAVE_POLARS
100
AcDbLine
 10
17.90056871914535
 20
13.581810756267169
 30
0.0
 11
18.163199063286804
 21
13.412750497237164
 31
0.0
  0
LINE
  5
479
330
17
100
AcDbEntity
  8
ENGRAVE_POLARS
100
AcDbLine
 10
18.163199063286804
 20
13.412750497237164
 30
0.0
 11
18.395800783058032
 21
13.244349325543135
 31
0.0
  0
LINE
  5
47A
330
17
100
AcDbEntity
  8
ENGRAVE_POLARS
100
AcDbLine
 10
18.395800783058032
 20
13.244349325543135
 30
0.0
 11
18.603174731198962
 21
13.075081380061345
 31
0.0
  0
LINE
  5
47B
330
17
100
AcDbEntity
  8
ENGRAVE_POLARS
100
AcDbLine
 10
18.603174731198962
 20
13.075081380061345
 30
0.0
 11
18.790121760449537
 21
12.90342079966807
 31
0.0
  0
LINE
  5
47C
330
17
100
AcDbEntity
  8
ENGRAVE_POLARS
100
AcDbLine
 10
18.790121760449537
 20
12.90342079966807
 30
0.0
 11
18.961442723549688
 21
12.72784172323957
 31
0.0
  0
LINE
  5
47D
330
17
100
AcDbEntity
  8
ENGRAVE_POLARS
100
AcDbLine
 10
18.961442723549688
 20
12.72784172323957
 30
0.0
 11
19.121938473239343
 21
12.546818289652117
 31
0.0
  0
LINE
  5
47E
330
17
100
AcDbEntity
  8
ENGRAVE_POLARS
100
AcDbLine
 10
19.121938473239343
 20
12.546818289652117
 30
0.0
 11
19.276409862258447
 21
12.358824637781986
 31
0.0
  0
LINE
  5
47F
330
17
100
AcDbEntity
  8
ENGRAVE_POLARS
100
AcDbLine
 10
19.276409862258447
 20
12.358824637781986
 30
0.0
 11
19.429657743346937
 21
12.16233490650544
 31
0.0
  0
LINE
  5
480
330
17
100
AcDbEntity
  8
ENGRAVE_POLARS
100
AcDbLine
 10
19.429657743346937
 20
12.16233490650544
 30
0.0
 11
19.586482969244738
 21
11.955823234698746
 31
0.0
  0
LINE
  5
481
330
17
100
AcDbEntity
  8
ENGRAVE_POLARS
100
AcDbLine
 10
19.586482969244738
 20
11.955823234698746
 30
0.0
 11
19.75168639269179
 21
11.737763761238178
 31
0.0
  0
LINE
  5
482
330
17
100
AcDbEntity
  8
ENGRAVE_POLARS
100
AcDbLine
 10
19.75168639269179
 20
11.737763761238178
 30
0.0
 11
19.930068866428023
 21
11.506630625000001
 31
0.0
  0
LINE
  5
483
330
17
100
AcDbEntity
  8
ENGRAVE_POLARS
100
AcDbLine
 10
19.930068866428023
 20
11.506630625000001
 30
0.0
 11
20.119893903098415
 21
11.255365714848152
 31
0.0
  0
LINE
  5
484
330
17
100
AcDbEntity
  8
ENGRAVE_POLARS
100
AcDbLine
 10
20.119893903098415
 20
11.255365714848152
 30
0.0
 11
20.314819171397104
 21
10.981142081285563
 31
0.0
  0
LINE
  5
485
330
17
100
AcDbEntity
  8
ENGRAVE_POLARS
100
AcDbLine
 10
20.314819171397104
 20
10.981142081285563
 30
0.0
 11
20.512736758137788
 21
10.688780605647011
 31
0.0
  0
LINE
  5
486
330
17
100
AcDbEntity
  8
ENGRAVE_POLARS
100
AcDbLine
 10
20.512736758137788
 20
10.688780605647011
 30
0.0
 11
20.71153875013416
 21
10.38310216926727
 31
0.0
  0
LINE
  5
487
330
17
100
AcDbEntity
  8
ENGRAVE_POLARS
100
AcDbLine
 10
20.71153875013416
 20
10.38310216926727
 30
0.0
 11
20.90911723419991
 21
10.068927653481119
 31
0.0
  0
LINE
  5
488
330
17
100
AcDbEntity
  8
ENGRAVE_POLARS
100
AcDbLine
 10
20.90911723419991
 20
10.068927653481119
 30
0.0
 11
21.103364297148737
 21
9.751077939623325
 31
0.0
  0
LINE
  5
489
330
17
100
AcDbEntity
  8
ENGRAVE_POLARS
100
AcDbLine
 10
21.103364297148737
 20
9.751077939623325
 30
0.0
 11
21.292172025794326
 21
9.434373909028665
 31
0.0
  0
LINE
  5
48A
330
17
100
AcDbEntity
  8
ENGRAVE_POLARS
100
AcDbLine
 10
21.292172025794326
 20
9.434373909028665
 30
0.0
 11
21.473432506950378
 21
9.123636443031916
 31
0.0
  0
LINE
  5
48B
330
17
100
AcDbEntity
  8
ENGRAVE_POLARS
100
AcDbLine
 10
21.473432506950378
 20
9.123636443031916
 30
0.0
 11
21.64503782743058
 21
8.823686422967855
 31
0.0
  0
LINE
  5
48C
330
17
100
AcDbEntity
  8
ENGRAVE_POLARS
100
AcDbLine
 10
21.64503782743058
 20
8.823686422967855
 30
0.0
 11
21.80488007404863
 21
8.539344730171251
 31
0.0
  0
LINE
  5
48D
330
17
100
AcDbEntity
  8
ENGRAVE_POLARS
100
AcDbLine
 10
21.80488007404863
 20
8.539344730171251
 30
0.0
 11
21.95085133361821
 21
8.275432245976878
 31
0.0
  0
LINE
  5
48E
330
17
100
AcDbEntity
  8
ENGRAVE_POLARS
100
AcDbLine
 10
21.95085133361821
 20
8.275432245976878
 30
0.0
 11
22.080843692953035
 21
8.036769851719516
 31
0.0
  0
LINE
  5
48F
330
17
100
AcDbEntity
  8
ENGRAVE_POLARS
100
AcDbLine
 10
22.080843692953035
 20
8.036769851719516
 30
0.0
 11
22.193644042514013
 21
7.822944560428561
 31
0.0
  0
LINE
  5
490
330
17
100
AcDbEntity
  8
ENGRAVE_POLARS
100
AcDbLine
 10
22.193644042514013
 20
7.822944560428561
 30
0.0
 11
22.29077994516136
 21
7.628434418939334
 31
0.0
  0
LINE
  5
491
330
17
100
AcDbEntity
  8
ENGRAVE_POLARS
100
AcDbLine
 10
22.29077994516136
 20
7.628434418939334
 30
0.0
 11
22.374254496307657
 21
7.450396859295488
 31
0.0
  0
LINE
  5
492
330
17
100
AcDbEntity
  8
ENGRAVE_POLARS
100
AcDbLine
 10
22.374254496307657
 20
7.450396859295488
 30
0.0
 11
22.446070791365514
 21
7.285989313540671
 31
0.0
  0
LINE
  5
493
330
17
100
AcDbEntity
  8
ENGRAVE_POLARS
100
AcDbLine
 10
22.446070791365514
 20
7.285989313540671
 30
0.0
 11
22.508231925747527
 21
7.132369213718541
 31
0.0
  0
LINE
  5
494
330
17
100
AcDbEntity
  8
ENGRAVE_POLARS
100
AcDbLine
 10
22.508231925747527
 20
7.132369213718541
 30
0.0
 11
22.562740994866285
 21
6.986693991872746
 31
0.0
  0
LINE
  5
495
330
17
100
AcDbEntity
  8
ENGRAVE_POLARS
100
AcDbLine
 10
22.562740994866285
 20
6.986693991872746
 30
0.0
 11
22.61160109413439
 21
6.84612108004694
 31
0.0
  0
LINE
  5
496
330
17
100
AcDbEntity
  8
ENGRAVE_POLARS
100
AcDbLine
 10
22.61160109413439
 20
6.84612108004694
 30
0.0
 11
22.656815318964433
 21
6.707807910284777
 31
0.0
  0
LINE
  5
497
330
17
100
AcDbEntity
  8
ENGRAVE_POLARS
100
AcDbLine
 10
22.656815318964433
 20
6.707807910284777
 30
0.0
 11
22.70038676476903
 21
6.568911914629908
 31
0.0
  0
LINE
  5
498
330
17
100
AcDbEntity
  8
ENGRAVE_POLARS
100
AcDbLine
 10
22.70038676476903
 20
6.568911914629908
 30
0.0
 11
22.744318526960754
 21
6.4265905251259845
 31
0.0
  0
LINE
  5
499
330
17
100
AcDbEntity
  8
ENGRAVE_POLARS
100
AcDbLine
 10
22.744318526960754
 20
6.4265905251259845
 30
0.0
 11
22.790613700952218
 21
6.2780011738166595
 31
0.0
  0
LINE
  5
49A
330
17
100
AcDbEntity
  8
ENGRAVE_POLARS
100
AcDbLine
 10
22.790613700952218
 20
6.2780011738166595
 30
0.0
 11
22.841275382156013
 21
6.120301292745586
 31
0.0
  0
LINE
  5
49B
330
17
100
AcDbEntity
  8
ENGRAVE_POLARS
100
AcDbLine
 10
22.841275382156013
 20
6.120301292745586
 30
0.0
 11
22.89378701265684
 21
5.963286209250909
 31
0.0
  0
LINE
  5
49C
330
17
100
AcDbEntity
  8
ENGRAVE_POLARS
100
AcDbLine
 10
22.89378701265684
 20
5.963286209250909
 30
0.0
 11
22.944361951513034
 21
5.816290296682008
 31
0.0
  0
LINE
  5
49D
330
17
100
AcDbEntity
  8
ENGRAVE_POLARS
100
AcDbLine
 10
22.944361951513034
 20
5.816290296682008
 30
0.0
 11
22.99309816959766
 21
5.67577955609939
 31
0.0
  0
LINE
  5
49E
330
17
100
AcDbEntity
  8
ENGRAVE_POLARS
100
AcDbLine
 10
22.99309816959766
 20
5.67577955609939
 30
0.0
 11
23.040093637783766
 21
5.53821998856356
 31
0.0
  0
LINE
  5
49F
330
17
100
AcDbEntity
  8
ENGRAVE_POLARS
100
AcDbLine
 10
23.040093637783766
 20
5.53821998856356
 30
0.0
 11
23.085446326944414
 21
5.4000775951350235
 31
0.0
  0
LINE
  5
4A0
330
17
100
AcDbEntity
  8
ENGRAVE_POLARS
100
AcDbLine
 10
23.085446326944414
 20
5.4000775951350235
 30
0.0
 11
23.12925420795266
 21
5.2578183768742885
 31
0.0
  0
LINE
  5
4A1
330
17
100
AcDbEntity
  8
ENGRAVE_POLARS
100
AcDbLine
 10
23.12925420795266
 20
5.2578183768742885
 30
0.0
 11
23.17161525168156
 21
5.107908334841856
 31
0.0
  0
LINE
  5
4A2
330
17
100
AcDbEntity
  8
ENGRAVE_POLARS
100
AcDbLine
 10
23.17161525168156
 20
5.107908334841856
 30
0.0
 11
23.21262742900417
 21
4.9468134700982365
 31
0.0
  0
LINE
  5
4A3
330
17
100
AcDbEntity
  8
ENGRAVE_POLARS
100
AcDbLine
 10
23.21262742900417
 20
4.9468134700982365
 30
0.0
 11
23.25238871079355
 21
4.7709997837039335
 31
0.0
  0
LINE
  5
4A4
330
17
100
AcDbEntity
  8
ENGRAVE_POLARS
100
AcDbLine
 10
23.25238871079355
 20
4.7709997837039335
 30
0.0
 11
23.290997067922756
 21
4.576933276719453
 31
0.0
  0
LINE
  5
4A5
330
17
100
AcDbEntity
  8
ENGRAVE_POLARS
100
AcDbLine
 10
23.290997067922756
 20
4.576933276719453
 30
0.0
 11
23.328550471264847
 21
4.3610799502053
 31
0.0
  0
LINE
  5
4A6
330
17
100
AcDbEntity
  8
ENGRAVE_POLARS
100
AcDbLine
 10
23.328550471264847
 20
4.3610799502053
 30
0.0
 11
23.365146891692877
 21
4.119905805221983
 31
0.0
  0
LINE
  5
4A7
330
17
100
AcDbEntity
  8
ENGRAVE_POLARS
100
AcDbLine
 10
23.365146891692877
 20
4.119905805221983
 30
0.0
 11
23.401528933023766
 21
3.865018280951057
 31
0.0
  0
LINE
  5
4A8
330
17
100
AcDbEntity
  8
ENGRAVE_POLARS
100
AcDbLine
 10
23.401528933023766
 20
3.865018280951057
 30
0.0
 11
23.438062284006772
 21
3.607659201169331
 31
0.0
  0
LINE
  5
4A9
330
17
100
AcDbEntity
  8
ENGRAVE_POLARS
100
AcDbLine
 10
23.438062284006772
 20
3.607659201169331
 30
0.0
 11
23.474279542913436
 21
3.3437461438301748
 31
0.0
  0
LINE
  5
4AA
330
17
100
AcDbEntity
  8
ENGRAVE_POLARS
100
AcDbLine
 10
23.474279542913436
 20
3.3437461438301748
 30
0.0
 11
23.50971330801532
 21
3.0691966868869622
 31
0.0
  0
LINE
  5
4AB
330
17
100
AcDbEntity
  8
ENGRAVE_POLARS
100
AcDbLine
 10
23.50971330801532
 20
3.0691966868869622
 30
0.0
 11
23.543896177583978
 21
2.7799284082930673
 31
0.0
  0
LINE
  5
4AC
330
17
100
AcDbEntity
  8
ENGRAVE_POLARS
100
AcDbLine
 10
23.543896177583978
 20
2.7799284082930673
 30
0.0
 11
23.57636074989095
 21
2.4718588860018618
 31
0.0
  0
LINE
  5
4AD
330
17
100
AcDbEntity
  8
ENGRAVE_POLARS
100
AcDbLine
 10
23.57636074989095
 20
2.4718588860018618
 30
0.0
 11
23.606639623207798
 21
2.1409056979667187
 31
0.0
  0
LINE
  5
4AE
330
17
100
AcDbEntity
  8
ENGRAVE_POLARS
100
AcDbLine
 10
23.606639623207798
 20
2.1409056979667187
 30
0.0
 11
23.634265395806064
 21
1.7829864221410117
 31
0.0
  0
LINE
  5
4AF
330
17
100
AcDbEntity
  8
ENGRAVE_POLARS
100
AcDbLine
 10
23.634265395806064
 20
1.7829864221410117
 30
0.0
 11
23.658770665957316
 21
1.3940186364781137
 31
0.0
  0
LINE
  5
4B0
330
17
100
AcDbEntity
  8
ENGRAVE_POLARS
100
AcDbLine
 10
23.658770665957316
 20
1.3940186364781137
 30
0.0
 11
23.679688031933093
 21
0.9699199189313972
 31
0.0
  0
LINE
  5
4B1
330
17
100
AcDbEntity
  8
ENGRAVE_POLARS
100
AcDbLine
 10
23.679688031933093
 20
0.9699199189313972
 30
0.0
 11
23.696550092004948
 21
0.5066078474542353
 31
0.0
  0
LINE
  5
4B2
330
17
100
AcDbEntity
  8
ENGRAVE_POLARS
100
AcDbLine
 10
23.696550092004948
 20
0.5066078474542353
 30
0.0
 11
23.70888944444444
 21
1.4517507784738678e-15
 31
0.0
  0
LINE
  5
4B3
330
17
100
AcDbEntity
  8
ENGRAVE_POLARS
100
AcDbLine
 10
23.70888944444444
 20
1.4517507784738678e-15
 30
0.0
 11
23.720486996432374
 21
-0.5735725242574992
 31
0.0
  0
LINE
  5
4B4
330
17
100
AcDbEntity
  8
ENGRAVE_POLARS
100
AcDbLine
 10
23.720486996432374
 20
-0.5735725242574992
 30
0.0
 11
23.734258672605762
 21
-1.2247182017931608
 31
0.0
  0
LINE
  5
4B5
330
17
100
AcDbEntity
  8
ENGRAVE_POLARS
100
AcDbLine
 10
23.734258672605762
 20
-1.2247182017931608
 30
0.0
 11
23.748439597420433
 21
-1.9379288181266598
 31
0.0
  0
LINE
  5
4B6
330
17
100
AcDbEntity
  8
ENGRAVE_POLARS
100
AcDbLine
 10
23.748439597420433
 20
-1.9379288181266598
 30
0.0
 11
23.761264895332232
 21
-2.6976961587776733
 31
0.0
  0
LINE
  5
4B7
330
17
100
AcDbEntity
  8
ENGRAVE_POLARS
100
AcDbLine
 10
23.761264895332232
 20
-2.6976961587776733
 30
0.0
 11
23.770969690797017
 21
-3.488512009265878
 31
0.0
  0
LINE
  5
4B8
330
17
100
AcDbEntity
  8
ENGRAVE_POLARS
100
AcDbLine
 10
23.770969690797017
 20
-3.488512009265878
 30
0.0
 11
23.775789108270622
 21
-4.294868155110951
 31
0.0
  0
LINE
  5
4B9
330
17
100
AcDbEntity
  8
ENGRAVE_POLARS
100
AcDbLine
 10
23.775789108270622
 20
-4.294868155110951
 30
0.0
 11
23.773958272208883
 21
-5.1012563818325685
 31
0.0
  0
LINE
  5
4BA
330
17
100
AcDbEntity
  8
ENGRAVE_POLARS
100
AcDbLine
 10
23.773958272208883
 20
-5.1012563818325685
 30
0.0
 11
23.763712307067657
 21
-5.892168474950409
 31
0.0
  0
LINE
  5
4BB
330
17
100
AcDbEntity
  8
ENGRAVE_POLARS
100
AcDbLine
 10
23.763712307067657
 20
-5.892168474950409
 30
0.0
 11
23.74328633730278
 21
-6.652096219984147
 31
0.0
  0
LINE
  5
4BC
330
17
100
AcDbEntity
  8
ENGRAVE_POLARS
100
AcDbLine
 10
23.74328633730278
 20
-6.652096219984147
 30
0.0
 11
23.71091548737009
 21
-7.36553140245346
 31
0.0
  0
LINE
  5
4BD
330
17
100
AcDbEntity
  8
ENGRAVE_POLARS
100
AcDbLine
 10
23.71091548737009
 20
-7.36553140245346
 30
0.0
 11
23.66483488172544
 21
-8.016965807878025
 31
0.0
  0
LINE
  5
4BE
330
17
100
AcDbEntity
  8
ENGRAVE_POLARS
100
AcDbLine
 10
23.66483488172544
 20
-8.016965807878025
 30
0.0
 11
23.60327964482467
 21
-8.59089122177752
 31
0.0
  0
LINE
  5
4BF
330
17
100
AcDbEntity
  8
ENGRAVE_POLARS
100
AcDbLine
 10
23.60327964482467
 20
-8.59089122177752
 30
0.0
 11
23.533591843004267
 21
-9.089654818209436
 31
0.0
  0
LINE
  5
4C0
330
17
100
AcDbEntity
  8
ENGRAVE_POLARS
100
AcDbLine
 10
23.533591843004267
 20
-9.089654818209436
 30
0.0
 11
23.462369019071993
 21
-9.53166830555253
 31
0.0
  0
LINE
  5
4C1
330
17
100
AcDbEntity
  8
ENGRAVE_POLARS
100
AcDbLine
 10
23.462369019071993
 20
-9.53166830555253
 30
0.0
 11
23.386729512190584
 21
-9.925520270808379
 31
0.0
  0
LINE
  5
4C2
330
17
100
AcDbEntity
  8
ENGRAVE_POLARS
100
AcDbLine
 10
23.386729512190584
 20
-9.925520270808379
 30
0.0
 11
23.303791661522773
 21
-10.279799300978551
 31
0.0
  0
LINE
  5
4C3
330
17
100
AcDbEntity
  8
ENGRAVE_POLARS
100
AcDbLine
 10
23.303791661522773
 20
-10.279799300978551
 30
0.0
 11
23.210673806231323
 21
-10.603093983064621
 31
0.0
  0
LINE
  5
4C4
330
17
100
AcDbEntity
  8
ENGRAVE_POLARS
100
AcDbLine
 10
23.210673806231323
 20
-10.603093983064621
 30
0.0
 11
23.104494285478964
 21
-10.903992904068165
 31
0.0
  0
LINE
  5
4C5
330
17
100
AcDbEntity
  8
ENGRAVE_POLARS
100
AcDbLine
 10
23.104494285478964
 20
-10.903992904068165
 30
0.0
 11
22.98237143842843
 21
-11.191084650990753
 31
0.0
  0
LINE
  5
4C6
330
17
100
AcDbEntity
  8
ENGRAVE_POLARS
100
AcDbLine
 10
22.98237143842843
 20
-11.191084650990753
 30
0.0
 11
22.841423604242475
 21
-11.47295781083396
 31
0.0
  0
LINE
  5
4C7
330
17
100
AcDbEntity
  8
ENGRAVE_POLARS
100
AcDbLine
 10
22.841423604242475
 20
-11.47295781083396
 30
0.0
 11
22.678769122083832
 21
-11.758200970599358
 31
0.0
  0
LINE
  5
4C8
330
17
100
AcDbEntity
  8
ENGRAVE_POLARS
100
AcDbLine
 10
22.678769122083832
 20
-11.758200970599358
 30
0.0
 11
22.491526331115246
 21
-12.055402717288523
 31
0.0
  0
LINE
  5
4C9
330
17
100
AcDbEntity
  8
ENGRAVE_POLARS
100
AcDbLine
 10
22.491526331115246
 20
-12.055402717288523
 30
0.0
 11
22.276813570499453
 21
-12.373151637903025
 31
0.0
  0
LINE
  5
4CA
330
17
100
AcDbEntity
  8
ENGRAVE_POLARS
100
AcDbLine
 10
22.276813570499453
 20
-12.373151637903025
 30
0.0
 11
22.031749179399203
 21
-12.72003631944444
 31
0.0
  0
LINE
  5
4CB
330
17
100
AcDbEntity
  8
ENGRAVE_POLARS
100
AcDbLine
 10
22.031749179399203
 20
-12.72003631944444
 30
0.0
 11
21.753782680350106
 21
-13.094765761825894
 31
0.0
  0
LINE
  5
4CC
330
17
100
AcDbEntity
  8
ENGRAVE_POLARS
100
AcDbLine
 10
21.753782680350106
 20
-13.094765761825894
 30
0.0
 11
21.444434672242757
 21
-13.48714905189949
 31
0.0
  0
LINE
  5
4CD
330
17
100
AcDbEntity
  8
ENGRAVE_POLARS
100
AcDbLine
 10
21.444434672242757
 20
-13.48714905189949
 30
0.0
 11
21.10693010877234
 21
-13.892424907075236
 31
0.0
  0
LINE
  5
4CE
330
17
100
AcDbEntity
  8
ENGRAVE_POLARS
100
AcDbLine
 10
21.10693010877234
 20
-13.892424907075236
 30
0.0
 11
20.74449394363404
 21
-14.305832044763157
 31
0.0
  0
LINE
  5
4CF
330
17
100
AcDbEntity
  8
ENGRAVE_POLARS
100
AcDbLine
 10
20.74449394363404
 20
-14.305832044763157
 30
0.0
 11
20.360351130523064
 21
-14.722609182373269
 31
0.0
  0
LINE
  5
4D0
330
17
100
AcDbEntity
  8
ENGRAVE_POLARS
100
AcDbLine
 10
20.360351130523064
 20
-14.722609182373269
 30
0.0
 11
19.957726623134587
 21
-15.137995037315594
 31
0.0
  0
LINE
  5
4D1
330
17
100
AcDbEntity
  8
ENGRAVE_POLARS
100
AcDbLine
 10
19.957726623134587
 20
-15.137995037315594
 30
0.0
 11
19.539845375163807
 21
-15.547228327000143
 31
0.0
  0
LINE
  5
4D2
330
17
100
AcDbEntity
  8
ENGRAVE_POLARS
100
AcDbLine
 10
19.539845375163807
 20
-15.547228327000143
 30
0.0
 11
19.10993234030591
 21
-15.945547768836944
 31
0.0
  0
LINE
  5
4D3
330
17
100
AcDbEntity
  8
ENGRAVE_POLARS
100
AcDbLine
 10
19.10993234030591
 20
-15.945547768836944
 30
0.0
 11
18.671212472256098
 21
-16.32819208023601
 31
0.0
  0
LINE
  5
4D4
330
17
100
AcDbEntity
  8
ENGRAVE_POLARS
100
AcDbLine
 10
18.671212472256098
 20
-16.32819208023601
 30
0.0
 11
18.226910724709544
 21
-16.690399978607363
 31
0.0
  0
LINE
  5
4D5
330
17
100
AcDbEntity
  8
ENGRAVE_POLARS
100
AcDbLine
 10
18.226910724709544
 20
-16.690399978607363
 30
0.0
 11
17.780252051361447
 21
-17.02741018136102
 31
0.0
  0
LINE
  5
4D6
330
17
100
AcDbEntity
  8
ENGRAVE_POLARS
100
AcDbLine
 10
17.780252051361447
 20
-17.02741018136102
 30
0.0
 11
17.334461405907003
 21
-17.334461405907
 31
0.0
  0
LINE
  5
4D7
330
17
100
AcDbEntity
  8
ENGRAVE_POLARS
100
AcDbLine
 10
17.334461405907003
 20
-17.334461405907
 30
0.0
 11
16.872923245253904
 21
-17.61619477394231
 31
0.0
  0
LINE
  5
4D8
330
17
100
AcDbEntity
  8
ENGRAVE_POLARS
100
AcDbLine
 10
16.872923245253904
 20
-17.61619477394231
 30
0.0
 11
16.38154591067593
 21
-17.880757853008664
 31
0.0
  0
LINE
  5
4D9
330
17
100
AcDbEntity
  8
ENGRAVE_POLARS
100
AcDbLine
 10
16.38154591067593
 20
-17.880757853008664
 30
0.0
 11
15.8673401824174
 21
-18.12864902928313
 31
0.0
  0
LINE
  5
4DA
330
17
100
AcDbEntity
  8
ENGRAVE_POLARS
100
AcDbLine
 10
15.8673401824174
 20
-18.12864902928313
 30
0.0
 11
15.337316840722632
 21
-18.36036668894279
 31
0.0
  0
LINE
  5
4DB
330
17
100
AcDbEntity
  8
ENGRAVE_POLARS
100
AcDbLine
 10
15.337316840722632
 20
-18.36036668894279
 30
0.0
 11
14.798486665835942
 21
-18.576409218164727
 31
0.0
  0
LINE
  5
4DC
330
17
100
AcDbEntity
  8
ENGRAVE_POLARS
100
AcDbLine
 10
14.798486665835942
 20
-18.576409218164727
 30
0.0
 11
14.257860438001643
 21
-18.777275003125993
 31
0.0
  0
LINE
  5
4DD
330
17
100
AcDbEntity
  8
ENGRAVE_POLARS
100
AcDbLine
 10
14.257860438001643
 20
-18.777275003125993
 30
0.0
 11
13.72244893746405
 21
-18.963462430003673
 31
0.0
  0
LINE
  5
4DE
330
17
100
AcDbEntity
  8
ENGRAVE_POLARS
100
AcDbLine
 10
13.72244893746405
 20
-18.963462430003673
 30
0.0
 11
13.199262944467481
 21
-19.135469884974853
 31
0.0
  0
LINE
  5
4DF
330
17
100
AcDbEntity
  8
ENGRAVE_POLARS
100
AcDbLine
 10
13.199262944467481
 20
-19.135469884974853
 30
0.0
 11
12.695313239256258
 21
-19.293795754216593
 31
0.0
  0
LINE
  5
4E0
330
17
100
AcDbEntity
  8
ENGRAVE_POLARS
100
AcDbLine
 10
12.695313239256258
 20
-19.293795754216593
 30
0.0
 11
12.217610602074686
 21
-19.438938423905977
 31
0.0
  0
LINE
  5
4E1
330
17
100
AcDbEntity
  8
ENGRAVE_POLARS
100
AcDbLine
 10
12.217610602074686
 20
-19.438938423905977
 30
0.0
 11
11.773165813167084
 21
-19.571396280220075
 31
0.0
  0
LINE
  5
4E2
330
17
100
AcDbEntity
  8
ENGRAVE_POLARS
100
AcDbLine
 10
11.773165813167084
 20
-19.571396280220075
 30
0.0
 11
11.368989652777776
 21
-19.69166770933596
 31
0.0
  0
LINE
  5
4E3
330
17
100
AcDbEntity
  8
ENGRAVE_POLARS
100
AcDbLine
 10
11.368989652777776
 20
-19.69166770933596
 30
0.0
 11
11.004564264148637
 21
-19.79459604473906
 31
0.0
  0
LINE
  5
4E4
330
17
100
AcDbEntity
  8
ENGRAVE_POLARS
100
AcDbLine
 10
11.004564264148637
 20
-19.79459604473906
 30
0.0
 11
10.671911978167074
 21
-19.8763560773633
 31
0.0
  0
LINE
  5
4E5
330
17
100
AcDbEntity
  8
ENGRAVE_POLARS
100
AcDbLine
 10
10.671911978167074
 20
-19.8763560773633
 30
0.0
 11
10.36685385654567
 21
-19.939443379558483
 31
0.0
  0
LINE
  5
4E6
330
17
100
AcDbEntity
  8
ENGRAVE_POLARS
100
AcDbLine
 10
10.36685385654567
 20
-19.939443379558483
 30
0.0
 11
10.085210960997017
 21
-19.986353523674428
 31
0.0
  0
LINE
  5
4E7
330
17
100
AcDbEntity
  8
ENGRAVE_POLARS
100
AcDbLine
 10
10.085210960997017
 20
-19.986353523674428
 30
0.0
 11
9.822804353233705
 21
-20.01958208206093
 31
0.0
  0
LINE
  5
4E8
330
17
100
AcDbEntity
  8
ENGRAVE_POLARS
100
AcDbLine
 10
9.822804353233705
 20
-20.01958208206093
 30
0.0
 11
9.575455094968323
 21
-20.041624627067804
 31
0.0
  0
LINE
  5
4E9
330
17
100
AcDbEntity
  8
ENGRAVE_POLARS
100
AcDbLine
 10
9.575455094968323
 20
-20.041624627067804
 30
0.0
 11
9.338984247913459
 21
-20.05497673104487
 31
0.0
  0
LINE
  5
4EA
330
17
100
AcDbEntity
  8
ENGRAVE_POLARS
100
AcDbLine
 10
9.338984247913459
 20
-20.05497673104487
 30
0.0
 11
9.1092128737817
 21
-20.062133966341936
 31
0.0
  0
LINE
  5
4EB
330
17
100
AcDbEntity
  8
ENGRAVE_POLARS
100
AcDbLine
 10
9.1092128737817
 20
-20.062133966341936
 30
0.0
 11
8.881962034285642
 21
-20.0655919053088
 31
0.0
  0
LINE
  5
4EC
330
17
100
AcDbEntity
  8
ENGRAVE_POLARS
100
AcDbLine
 10
8.881962034285642
 20
-20.0655919053088
 30
0.0
 11
8.653052791137869
 21
-20.067846120295286
 31
0.0
  0
LINE
  5
4ED
330
17
100
AcDbEntity
  8
ENGRAVE_POLARS
100
AcDbLine
 10
8.653052791137869
 20
-20.067846120295286
 30
0.0
 11
8.418306206050971
 21
-20.071392183651188
 31
0.0
  0
LINE
  5
4EE
330
17
100
AcDbEntity
  8
ENGRAVE_POLARS
100
AcDbLine
 10
8.418306206050971
 20
-20.071392183651188
 30
0.0
 11
8.173543340737536
 21
-20.07872566772633
 31
0.0
  0
LINE
  5
4EF
330
17
100
AcDbEntity
  8
ENGRAVE_POLARS
100
AcDbLine
 10
8.173543340737536
 20
-20.07872566772633
 30
0.0
 11
7.932779304470397
 21
-20.086556573388336
 31
0.0
  0
LINE
  5
4F0
330
17
100
AcDbEntity
  8
ENGRAVE_POLARS
100
AcDbLine
 10
7.932779304470397
 20
-20.086556573388336
 30
0.0
 11
7.709491644918527
 21
-20.09006882226225
 31
0.0
  0
LINE
  5
4F1
330
17
100
AcDbEntity
  8
ENGRAVE_POLARS
100
AcDbLine
 10
7.709491644918527
 20
-20.09006882226225
 30
0.0
 11
7.498695081388736
 21
-20.089468867834047
 31
0.0
  0
LINE
  5
4F2
330
17
100
AcDbEntity
  8
ENGRAVE_POLARS
100
AcDbLine
 10
7.498695081388736
 20
-20.089468867834047
 30
0.0
 11
7.295404333187834
 21
-20.08496316358968
 31
0.0
  0
LINE
  5
4F3
330
17
100
AcDbEntity
  8
ENGRAVE_POLARS
100
AcDbLine
 10
7.295404333187834
 20
-20.08496316358968
 30
0.0
 11
7.094634119622628
 21
-20.07675816301512
 31
0.0
  0
LINE
  5
4F4
330
17
100
AcDbEntity
  8
ENGRAVE_POLARS
100
AcDbLine
 10
7.094634119622628
 20
-20.07675816301512
 30
0.0
 11
6.89139915999993
 21
-20.065060319596334
 31
0.0
  0
LINE
  5
4F5
330
17
100
AcDbEntity
  8
ENGRAVE_POLARS
100
AcDbLine
 10
6.89139915999993
 20
-20.065060319596334
 30
0.0
 11
6.6807141736265425
 21
-20.050076086819278
 31
0.0
  0
LINE
  5
4F6
330
17
100
AcDbEntity
  8
ENGRAVE_POLARS
100
AcDbLine
 10
6.6807141736265425
 20
-20.050076086819278
 30
0.0
 11
6.457593879809282
 21
-20.032011918169918
 31
0.0
  0
LINE
  5
4F7
330
17
100
AcDbEntity
  8
ENGRAVE_POLARS
100
AcDbLine
 10
6.457593879809282
 20
-20.032011918169918
 30
0.0
 11
6.217052997854953
 21
-20.011074267134212
 31
0.0
  0
LINE
  5
4F8
330
17
100
AcDbEntity
  8
ENGRAVE_POLARS
100
AcDbLine
 10
6.217052997854953
 20
-20.011074267134212
 30
0.0
 11
5.954106247070364
 21
-19.987469587198127
 31
0.0
  0
LINE
  5
4F9
330
17
100
AcDbEntity
  8
ENGRAVE_POLARS
100
AcDbLine
 10
5.954106247070364
 20
-19.987469587198127
 30
0.0
 11
5.663768346762325
 21
-19.96140433184763
 31
0.0
  0
LINE
  5
4FA
330
17
100
AcDbEntity
  8
ENGRAVE_POLARS
100
AcDbLine
 10
5.663768346762325
 20
-19.96140433184763
 30
0.0
 11
5.341054016237646
 21
-19.93308495456868
 31
0.0
  0
LINE
  5
4FB
330
17
100
AcDbEntity
  8
ENGRAVE_POLARS
100
AcDbLine
 10
5.341054016237646
 20
-19.93308495456868
 30
0.0
 11
4.966795097500728
 21
-19.899173011929545
 31
0.0
  0
LINE
  5
4FC
330
17
100
AcDbEntity
  8
ENGRAVE_POLARS
100
AcDbLine
 10
4.966795097500728
 20
-19.899173011929545
 30
0.0
 11
4.534232159856037
 21
-19.857318817943522
 31
0.0
  0
LINE
  5
4FD
330
17
100
AcDbEntity
  8
ENGRAVE_POLARS
100
AcDbLine
 10
4.534232159856037
 20
-19.857318817943522
 30
0.0
 11
4.056993013560477
 21
-19.809211962264133
 31
0.0
  0
LINE
  5
4FE
330
17
100
AcDbEntity
  8
ENGRAVE_POLARS
100
AcDbLine
 10
4.056993013560477
 20
-19.809211962264133
 30
0.0
 11
3.5487054688709443
 21
-19.756542034544882
 31
0.0
  0
LINE
  5
4FF
330
17
100
AcDbEntity
  8
ENGRAVE_POLARS
100
AcDbLine
 10
3.5487054688709443
 20
-19.756542034544882
 30
0.0
 11
3.0229973360443454
 21
-19.700998624439293
 31
0.0
  0
LINE
  5
500
330
17
100
AcDbEntity
  8
ENGRAVE_POLARS
100
AcDbLine
 10
3.0229973360443454
 20
-19.700998624439293
 30
0.0
 11
2.493496425337581
 21
-19.644271321600876
 31
0.0
  0
LINE
  5
501
330
17
100
AcDbEntity
  8
ENGRAVE_POLARS
100
AcDbLine
 10
2.493496425337581
 20
-19.644271321600876
 30
0.0
 11
1.9738305470075508
 21
-19.58804971568314
 31
0.0
  0
LINE
  5
502
330
17
100
AcDbEntity
  8
ENGRAVE_POLARS
100
AcDbLine
 10
1.9738305470075508
 20
-19.58804971568314
 30
0.0
 11
1.477627511311159
 21
-19.534023396339613
 31
0.0
  0
LINE
  5
503
330
17
100
AcDbEntity
  8
ENGRAVE_POLARS
100
AcDbLine
 10
1.477627511311159
 20
-19.534023396339613
 30
0.0
 11
1.0185151285053073
 21
-19.4838819532238
 31
0.0
  0
LINE
  5
504
330
17
100
AcDbEntity
  8
ENGRAVE_POLARS
100
AcDbLine
 10
1.0185151285053073
 20
-19.4838819532238
 30
0.0
 11
0.6101212088468958
 21
-19.43931497598921
 31
0.0
  0
LINE
  5
505
330
17
100
AcDbEntity
  8
ENGRAVE_POLARS
100
AcDbLine
 10
0.6101212088468958
 20
-19.43931497598921
 30
0.0
 11
0.26607356259282666
 21
-19.40201205428936
 31
0.0
  0
LINE
  5
506
330
17
100
AcDbEntity
  8
ENGRAVE_POLARS
100
AcDbLine
 10
0.26607356259282666
 20
-19.40201205428936
 30
0.0
 11
2.3725894108565774e-15
 21
-19.373662777777778
 31
0.0
  0
LINE
  5
507
330
17
100
AcDbEntity
  8
ENGRAVE_POLARS
100
AcDbLine
 10
-12.334672609147802
 20
15.654941875259285
 30
0.0
 11
-12.598615056990075
 21
15.56413602643952
 31
0.0
  0
LINE
  5
508
330
17
100
AcDbEntity
  8
ENGRAVE_POLARS
100
AcDbLine
 10
-12.598615056990075
 20
15.56413602643952
 30
0.0
 11
-12.94190382945363
 21
15.4520114569622
 31
0.0
  0
LINE
  5
509
330
17
100
AcDbEntity
  8
ENGRAVE_POLARS
100
AcDbLine
 10
-12.94190382945363
 20
15.4520114569622
 30
0.0
 11
-13.350285606036795
 21
15.321271893362473
 31
0.0
  0
LINE
  5
50A
330
17
100
AcDbEntity
  8
ENGRAVE_POLARS
100
AcDbLine
 10
-13.350285606036795
 20
15.321271893362473
 30
0.0
 11
-13.809507066237918
 21
15.174621062175493
 31
0.0
  0
LINE
  5
50B
330
17
100
AcDbEntity
  8
ENGRAVE_POLARS
100
AcDbLine
 10
-13.809507066237918
 20
15.174621062175493
 30
0.0
 11
-14.305314889555333
 21
15.014762689936415
 31
0.0
  0
LINE
  5
50C
330
17
100
AcDbEntity
  8
ENGRAVE_POLARS
100
AcDbLine
 10
-14.305314889555333
 20
15.014762689936415
 30
0.0
 11
-14.823455755487373
 21
14.844400503180385
 31
0.0
  0
LINE
  5
50D
330
17
100
AcDbEntity
  8
ENGRAVE_POLARS
100
AcDbLine
 10
-14.823455755487373
 20
14.844400503180385
 30
0.0
 11
-15.349676343532385
 21
14.666238228442563
 31
0.0
  0
LINE
  5
50E
330
17
100
AcDbEntity
  8
ENGRAVE_POLARS
100
AcDbLine
 10
-15.349676343532385
 20
14.666238228442563
 30
0.0
 11
-15.869723333188693
 21
14.482979592258099
 31
0.0
  0
LINE
  5
50F
330
17
100
AcDbEntity
  8
ENGRAVE_POLARS
100
AcDbLine
 10
-15.869723333188693
 20
14.482979592258099
 30
0.0
 11
-16.369343403954648
 21
14.297328321162146
 31
0.0
  0
LINE
  5
510
330
17
100
AcDbEntity
  8
ENGRAVE_POLARS
100
AcDbLine
 10
-16.369343403954648
 20
14.297328321162146
 30
0.0
 11
-16.834283235328584
 21
14.111988141689856
 31
0.0
  0
LINE
  5
511
330
17
100
AcDbEntity
  8
ENGRAVE_POLARS
100
AcDbLine
 10
-16.834283235328584
 20
14.111988141689856
 30
0.0
 11
-17.250289506808826
 21
13.929662780376383
 31
0.0
  0
LINE
  5
512
330
17
100
AcDbEntity
  8
ENGRAVE_POLARS
100
AcDbLine
 10
-17.250289506808826
 20
13.929662780376383
 30
0.0
 11
-17.603108897893733
 21
13.753055963756877
 31
0.0
  0
LINE
  5
513
330
17
100
AcDbEntity
  8
ENGRAVE_POLARS
100
AcDbLine
 10
-17.603108897893733
 20
13.753055963756877
 30
0.0
 11
-17.90056871914535
 21
13.581810756267169
 31
0.0
  0
LINE
  5
514
330
17
100
AcDbEntity
  8
ENGRAVE_POLARS
100
AcDbLine
 10
-17.90056871914535
 20
13.581810756267169
 30
0.0
 11
-18.163199063286804
 21
13.412750497237164
 31
0.0
  0
LINE
  5
515
330
17
100
AcDbEntity
  8
ENGRAVE_POLARS
100
AcDbLine
 10
-18.163199063286804
 20
13.412750497237164
 30
0.0
 11
-18.395800783058032
 21
13.244349325543135
 31
0.0
  0
LINE
  5
516
330
17
100
AcDbEntity
  8
ENGRAVE_POLARS
100
AcDbLine
 10
-18.395800783058032
 20
13.244349325543135
 30
0.0
 11
-18.603174731198962
 21
13.075081380061345
 31
0.0
  0
LINE
  5
517
330
17
100
AcDbEntity
  8
ENGRAVE_POLARS
100
AcDbLine
 10
-18.603174731198962
 20
13.075081380061345
 30
0.0
 11
-18.790121760449537
 21
12.90342079966807
 31
0.0
  0
LINE
  5
518
330
17
100
AcDbEntity
  8
ENGRAVE_POLARS
100
AcDbLine
 10
-18.790121760449537
 20
12.90342079966807
 30
0.0
 11
-18.961442723549688
 21
12.72784172323957
 31
0.0
  0
LINE
  5
519
330
17
100
AcDbEntity
  8
ENGRAVE_POLARS
100
AcDbLine
 10
-18.961442723549688
 20
12.72784172323957
 30
0.0
 11
-19.121938473239343
 21
12.546818289652117
 31
0.0
  0
LINE
  5
51A
330
17
100
AcDbEntity
  8
ENGRAVE_POLARS
100
AcDbLine
 10
-19.121938473239343
 20
12.546818289652117
 30
0.0
 11
-19.276409862258447
 21
12.358824637781986
 31
0.0
  0
LINE
  5
51B
330
17
100
AcDbEntity
  8
ENGRAVE_POLARS
100
AcDbLine
 10
-19.276409862258447
 20
12.358824637781986
 30
0.0
 11
-19.429657743346937
 21
12.16233490650544
 31
0.0
  0
LINE
  5
51C
330
17
100
AcDbEntity
  8
ENGRAVE_POLARS
100
AcDbLine
 10
-19.429657743346937
 20
12.16233490650544
 30
0.0
 11
-19.586482969244738
 21
11.955823234698746
 31
0.0
  0
LINE
  5
51D
330
17
100
AcDbEntity
  8
ENGRAVE_POLARS
100
AcDbLine
 10
-19.586482969244738
 20
11.955823234698746
 30
0.0
 11
-19.75168639269179
 21
11.737763761238178
 31
0.0
  0
LINE
  5
51E
330
17
100
AcDbEntity
  8
ENGRAVE_POLARS
100
AcDbLine
 10
-19.75168639269179
 20
11.737763761238178
 30
0.0
 11
-19.930068866428023
 21
11.506630625000001
 31
0.0
  0
LINE
  5
51F
330
17
100
AcDbEntity
  8
ENGRAVE_POLARS
100
AcDbLine
 10
-19.930068866428023
 20
11.506630625000001
 30
0.0
 11
-20.119893903098415
 21
11.255365714848152
 31
0.0
  0
LINE
  5
520
330
17
100
AcDbEntity
  8
ENGRAVE_POLARS
100
AcDbLine
 10
-20.119893903098415
 20
11.255365714848152
 30
0.0
 11
-20.314819171397104
 21
10.981142081285563
 31
0.0
  0
LINE
  5
521
330
17
100
AcDbEntity
  8
ENGRAVE_POLARS
100
AcDbLine
 10
-20.314819171397104
 20
10.981142081285563
 30
0.0
 11
-20.512736758137788
 21
10.688780605647011
 31
0.0
  0
LINE
  5
522
330
17
100
AcDbEntity
  8
ENGRAVE_POLARS
100
AcDbLine
 10
-20.512736758137788
 20
10.688780605647011
 30
0.0
 11
-20.71153875013416
 21
10.38310216926727
 31
0.0
  0
LINE
  5
523
330
17
100
AcDbEntity
  8
ENGRAVE_POLARS
100
AcDbLine
 10
-20.71153875013416
 20
10.38310216926727
 30
0.0
 11
-20.90911723419991
 21
10.068927653481119
 31
0.0
  0
LINE
  5
524
330
17
100
AcDbEntity
  8
ENGRAVE_POLARS
100
AcDbLine
 10
-20.90911723419991
 20
10.068927653481119
 30
0.0
 11
-21.103364297148737
 21
9.751077939623325
 31
0.0
  0
LINE
  5
525
330
17
100
AcDbEntity
  8
ENGRAVE_POLARS
100
AcDbLine
 10
-21.103364297148737
 20
9.751077939623325
 30
0.0
 11
-21.292172025794326
 21
9.434373909028665
 31
0.0
  0
LINE
  5
526
330
17
100
AcDbEntity
  8
ENGRAVE_POLARS
100
AcDbLine
 10
-21.292172025794326
 20
9.434373909028665
 30
0.0
 11
-21.473432506950378
 21
9.123636443031916
 31
0.0
  0
LINE
  5
527
330
17
100
AcDbEntity
  8
ENGRAVE_POLARS
100
AcDbLine
 10
-21.473432506950378
 20
9.123636443031916
 30
0.0
 11
-21.64503782743058
 21
8.823686422967855
 31
0.0
  0
LINE
  5
528
330
17
100
AcDbEntity
  8
ENGRAVE_POLARS
100
AcDbLine
 10
-21.64503782743058
 20
8.823686422967855
 30
0.0
 11
-21.80488007404863
 21
8.539344730171251
 31
0.0
  0
LINE
  5
529
330
17
100
AcDbEntity
  8
ENGRAVE_POLARS
100
AcDbLine
 10
-21.80488007404863
 20
8.539344730171251
 30
0.0
 11
-21.95085133361821
 21
8.275432245976878
 31
0.0
  0
LINE
  5
52A
330
17
100
AcDbEntity
  8
ENGRAVE_POLARS
100
AcDbLine
 10
-21.95085133361821
 20
8.275432245976878
 30
0.0
 11
-22.080843692953035
 21
8.036769851719516
 31
0.0
  0
LINE
  5
52B
330
17
100
AcDbEntity
  8
ENGRAVE_POLARS
100
AcDbLine
 10
-22.080843692953035
 20
8.036769851719516
 30
0.0
 11
-22.193644042514013
 21
7.822944560428561
 31
0.0
  0
LINE
  5
52C
330
17
100
AcDbEntity
  8
ENGRAVE_POLARS
100
AcDbLine
 10
-22.193644042514013
 20
7.822944560428561
 30
0.0
 11
-22.29077994516136
 21
7.628434418939334
 31
0.0
  0
LINE
  5
52D
330
17
100
AcDbEntity
  8
ENGRAVE_POLARS
100
AcDbLine
 10
-22.29077994516136
 20
7.628434418939334
 30
0.0
 11
-22.374254496307657
 21
7.450396859295488
 31
0.0
  0
LINE
  5
52E
330
17
100
AcDbEntity
  8
ENGRAVE_POLARS
100
AcDbLine
 10
-22.374254496307657
 20
7.450396859295488
 30
0.0
 11
-22.446070791365514
 21
7.285989313540671
 31
0.0
  0
LINE
  5
52F
330
17
100
AcDbEntity
  8
ENGRAVE_POLARS
100
AcDbLine
 10
-22.446070791365514
 20
7.285989313540671
 30
0.0
 11
-22.508231925747527
 21
7.132369213718541
 31
0.0
  0
LINE
  5
530
330
17
100
AcDbEntity
  8
ENGRAVE_POLARS
100
AcDbLine
 10
-22.508231925747527
 20
7.132369213718541
 30
0.0
 11
-22.562740994866285
 21
6.986693991872746
 31
0.0
  0
LINE
  5
531
330
17
100
AcDbEntity
  8
ENGRAVE_POLARS
100
AcDbLine
 10
-22.562740994866285
 20
6.986693991872746
 30
0.0
 11
-22.61160109413439
 21
6.84612108004694
 31
0.0
  0
LINE
  5
532
330
17
100
AcDbEntity
  8
ENGRAVE_POLARS
100
AcDbLine
 10
-22.61160109413439
 20
6.84612108004694
 30
0.0
 11
-22.656815318964433
 21
6.707807910284777
 31
0.0
  0
LINE
  5
533
330
17
100
AcDbEntity
  8
ENGRAVE_POLARS
100
AcDbLine
 10
-22.656815318964433
 20
6.707807910284777
 30
0.0
 11
-22.70038676476903
 21
6.568911914629908
 31
0.0
  0
LINE
  5
534
330
17
100
AcDbEntity
  8
ENGRAVE_POLARS
100
AcDbLine
 10
-22.70038676476903
 20
6.568911914629908
 30
0.0
 11
-22.744318526960754
 21
6.4265905251259845
 31
0.0
  0
LINE
  5
535
330
17
100
AcDbEntity
  8
ENGRAVE_POLARS
100
AcDbLine
 10
-22.744318526960754
 20
6.4265905251259845
 30
0.0
 11
-22.790613700952218
 21
6.2780011738166595
 31
0.0
  0
LINE
  5
536
330
17
100
AcDbEntity
  8
ENGRAVE_POLARS
100
AcDbLine
 10
-22.790613700952218
 20
6.2780011738166595
 30
0.0
 11
-22.841275382156013
 21
6.120301292745586
 31
0.0
  0
LINE
  5
537
330
17
100
AcDbEntity
  8
ENGRAVE_POLARS
100
AcDbLine
 10
-22.841275382156013
 20
6.120301292745586
 30
0.0
 11
-22.89378701265684
 21
5.963286209250909
 31
0.0
  0
LINE
  5
538
330
17
100
AcDbEntity
  8
ENGRAVE_POLARS
100
AcDbLine
 10
-22.89378701265684
 20
5.963286209250909
 30
0.0
 11
-22.944361951513034
 21
5.816290296682008
 31
0.0
  0
LINE
  5
539
330
17
100
AcDbEntity
  8
ENGRAVE_POLARS
100
AcDbLine
 10
-22.944361951513034
 20
5.816290296682008
 30
0.0
 11
-22.99309816959766
 21
5.67577955609939
 31
0.0
  0
LINE
  5
53A
330
17
100
AcDbEntity
  8
ENGRAVE_POLARS
100
AcDbLine
 10
-22.99309816959766
 20
5.67577955609939
 30
0.0
 11
-23.040093637783766
 21
5.53821998856356
 31
0.0
  0
LINE
  5
53B
330
17
100
AcDbEntity
  8
ENGRAVE_POLARS
100
AcDbLine
 10
-23.040093637783766
 20
5.53821998856356
 30
0.0
 11
-23.085446326944414
 21
5.4000775951350235
 31
0.0
  0
LINE
  5
53C
330
17
100
AcDbEntity
  8
ENGRAVE_POLARS
100
AcDbLine
 10
-23.085446326944414
 20
5.4000775951350235
 30
0.0
 11
-23.12925420795266
 21
5.2578183768742885
 31
0.0
  0
LINE
  5
53D
330
17
100
AcDbEntity
  8
ENGRAVE_POLARS
100
AcDbLine
 10
-23.12925420795266
 20
5.2578183768742885
 30
0.0
 11
-23.17161525168156
 21
5.107908334841856
 31
0.0
  0
LINE
  5
53E
330
17
100
AcDbEntity
  8
ENGRAVE_POLARS
100
AcDbLine
 10
-23.17161525168156
 20
5.107908334841856
 30
0.0
 11
-23.21262742900417
 21
4.9468134700982365
 31
0.0
  0
LINE
  5
53F
330
17
100
AcDbEntity
  8
ENGRAVE_POLARS
100
AcDbLine
 10
-23.21262742900417
 20
4.9468134700982365
 30
0.0
 11
-23.25238871079355
 21
4.7709997837039335
 31
0.0
  0
LINE
  5
540
330
17
100
AcDbEntity
  8
ENGRAVE_POLARS
100
AcDbLine
 10
-23.25238871079355
 20
4.7709997837039335
 30
0.0
 11
-23.290997067922756
 21
4.576933276719453
 31
0.0
  0
LINE
  5
541
330
17
100
AcDbEntity
  8
ENGRAVE_POLARS
100
AcDbLine
 10
-23.290997067922756
 20
4.576933276719453
 30
0.0
 11
-23.328550471264847
 21
4.3610799502053
 31
0.0
  0
LINE
  5
542
330
17
100
AcDbEntity
  8
ENGRAVE_POLARS
100
AcDbLine
 10
-23.328550471264847
 20
4.3610799502053
 30
0.0
 11
-23.365146891692877
 21
4.119905805221983
 31
0.0
  0
LINE
  5
543
330
17
100
AcDbEntity
  8
ENGRAVE_POLARS
100
AcDbLine
 10
-23.365146891692877
 20
4.119905805221983
 30
0.0
 11
-23.401528933023766
 21
3.865018280951057
 31
0.0
  0
LINE
  5
544
330
17
100
AcDbEntity
  8
ENGRAVE_POLARS
100
AcDbLine
 10
-23.401528933023766
 20
3.865018280951057
 30
0.0
 11
-23.438062284006772
 21
3.607659201169331
 31
0.0
  0
LINE
  5
545
330
17
100
AcDbEntity
  8
ENGRAVE_POLARS
100
AcDbLine
 10
-23.438062284006772
 20
3.607659201169331
 30
0.0
 11
-23.474279542913436
 21
3.3437461438301748
 31
0.0
  0
LINE
  5
546
330
17
100
AcDbEntity
  8
ENGRAVE_POLARS
100
AcDbLine
 10
-23.474279542913436
 20
3.3437461438301748
 30
0.0
 11
-23.50971330801532
 21
3.0691966868869622
 31
0.0
  0
LINE
  5
547
330
17
100
AcDbEntity
  8
ENGRAVE_POLARS
100
AcDbLine
 10
-23.50971330801532
 20
3.0691966868869622
 30
0.0
 11
-23.543896177583978
 21
2.7799284082930673
 31
0.0
  0
LINE
  5
548
330
17
100
AcDbEntity
  8
ENGRAVE_POLARS
100
AcDbLine
 10
-23.543896177583978
 20
2.7799284082930673
 30
0.0
 11
-23.57636074989095
 21
2.4718588860018618
 31
0.0
  0
LINE
  5
549
330
17
100
AcDbEntity
  8
ENGRAVE_POLARS
100
AcDbLine
 10
-23.57636074989095
 20
2.4718588860018618
 30
0.0
 11
-23.606639623207798
 21
2.1409056979667187
 31
0.0
  0
LINE
  5
54A
330
17
100
AcDbEntity
  8
ENGRAVE_POLARS
100
AcDbLine
 10
-23.606639623207798
 20
2.1409056979667187
 30
0.0
 11
-23.634265395806064
 21
1.7829864221410117
 31
0.0
  0
LINE
  5
54B
330
17
100
AcDbEntity
  8
ENGRAVE_POLARS
100
AcDbLine
 10
-23.634265395806064
 20
1.7829864221410117
 30
0.0
 11
-23.658770665957316
 21
1.3940186364781137
 31
0.0
  0
LINE
  5
54C
330
17
100
AcDbEntity
  8
ENGRAVE_POLARS
100
AcDbLine
 10
-23.658770665957316
 20
1.3940186364781137
 30
0.0
 11
-23.679688031933093
 21
0.9699199189313972
 31
0.0
  0
LINE
  5
54D
330
17
100
AcDbEntity
  8
ENGRAVE_POLARS
100
AcDbLine
 10
-23.679688031933093
 20
0.9699199189313972
 30
0.0
 11
-23.696550092004948
 21
0.5066078474542353
 31
0.0
  0
LINE
  5
54E
330
17
100
AcDbEntity
  8
ENGRAVE_POLARS
100
AcDbLine
 10
-23.696550092004948
 20
0.5066078474542353
 30
0.0
 11
-23.70888944444444
 21
1.4517507784738678e-15
 31
0.0
  0
LINE
  5
54F
330
17
100
AcDbEntity
  8
ENGRAVE_POLARS
100
AcDbLine
 10
-23.70888944444444
 20
1.4517507784738678e-15
 30
0.0
 11
-23.720486996432374
 21
-0.5735725242574992
 31
0.0
  0
LINE
  5
550
330
17
100
AcDbEntity
  8
ENGRAVE_POLARS
100
AcDbLine
 10
-23.720486996432374
 20
-0.5735725242574992
 30
0.0
 11
-23.734258672605762
 21
-1.2247182017931608
 31
0.0
  0
LINE
  5
551
330
17
100
AcDbEntity
  8
ENGRAVE_POLARS
100
AcDbLine
 10
-23.734258672605762
 20
-1.2247182017931608
 30
0.0
 11
-23.748439597420433
 21
-1.9379288181266598
 31
0.0
  0
LINE
  5
552
330
17
100
AcDbEntity
  8
ENGRAVE_POLARS
100
AcDbLine
 10
-23.748439597420433
 20
-1.9379288181266598
 30
0.0
 11
-23.761264895332232
 21
-2.6976961587776733
 31
0.0
  0
LINE
  5
553
330
17
100
AcDbEntity
  8
ENGRAVE_POLARS
100
AcDbLine
 10
-23.761264895332232
 20
-2.6976961587776733
 30
0.0
 11
-23.770969690797017
 21
-3.488512009265878
 31
0.0
  0
LINE
  5
554
330
17
100
AcDbEntity
  8
ENGRAVE_POLARS
100
AcDbLine
 10
-23.770969690797017
 20
-3.488512009265878
 30
0.0
 11
-23.775789108270622
 21
-4.294868155110951
 31
0.0
  0
LINE
  5
555
330
17
100
AcDbEntity
  8
ENGRAVE_POLARS
100
AcDbLine
 10
-23.775789108270622
 20
-4.294868155110951
 30
0.0
 11
-23.773958272208883
 21
-5.1012563818325685
 31
0.0
  0
LINE
  5
556
330
17
100
AcDbEntity
  8
ENGRAVE_POLARS
100
AcDbLine
 10
-23.773958272208883
 20
-5.1012563818325685
 30
0.0
 11
-23.763712307067657
 21
-5.892168474950409
 31
0.0
  0
LINE
  5
557
330
17
100
AcDbEntity
  8
ENGRAVE_POLARS
100
AcDbLine
 10
-23.763712307067657
 20
-5.892168474950409
 30
0.0
 11
-23.74328633730278
 21
-6.652096219984147
 31
0.0
  0
LINE
  5
558
330
17
100
AcDbEntity
  8
ENGRAVE_POLARS
100
AcDbLine
 10
-23.74328633730278
 20
-6.652096219984147
 30
0.0
 11
-23.71091548737009
 21
-7.36553140245346
 31
0.0
  0
LINE
  5
559
330
17
100
AcDbEntity
  8
ENGRAVE_POLARS
100
AcDbLine
 10
-23.71091548737009
 20
-7.36553140245346
 30
0.0
 11
-23.66483488172544
 21
-8.016965807878025
 31
0.0
  0
LINE
  5
55A
330
17
100
AcDbEntity
  8
ENGRAVE_POLARS
100
AcDbLine
 10
-23.66483488172544
 20
-8.016965807878025
 30
0.0
 11
-23.60327964482467
 21
-8.59089122177752
 31
0.0
  0
LINE
  5
55B
330
17
100
AcDbEntity
  8
ENGRAVE_POLARS
100
AcDbLine
 10
-23.60327964482467
 20
-8.59089122177752
 30
0.0
 11
-23.533591843004267
 21
-9.089654818209436
 31
0.0
  0
LINE
  5
55C
330
17
100
AcDbEntity
  8
ENGRAVE_POLARS
100
AcDbLine
 10
-23.533591843004267
 20
-9.089654818209436
 30
0.0
 11
-23.462369019071993
 21
-9.53166830555253
 31
0.0
  0
LINE
  5
55D
330
17
100
AcDbEntity
  8
ENGRAVE_POLARS
100
AcDbLine
 10
-23.462369019071993
 20
-9.53166830555253
 30
0.0
 11
-23.386729512190584
 21
-9.925520270808379
 31
0.0
  0
LINE
  5
55E
330
17
100
AcDbEntity
  8
ENGRAVE_POLARS
100
AcDbLine
 10
-23.386729512190584
 20
-9.925520270808379
 30
0.0
 11
-23.303791661522773
 21
-10.279799300978551
 31
0.0
  0
LINE
  5
55F
330
17
100
AcDbEntity
  8
ENGRAVE_POLARS
100
AcDbLine
 10
-23.303791661522773
 20
-10.279799300978551
 30
0.0
 11
-23.210673806231323
 21
-10.603093983064621
 31
0.0
  0
LINE
  5
560
330
17
100
AcDbEntity
  8
ENGRAVE_POLARS
100
AcDbLine
 10
-23.210673806231323
 20
-10.603093983064621
 30
0.0
 11
-23.104494285478964
 21
-10.903992904068165
 31
0.0
  0
LINE
  5
561
330
17
100
AcDbEntity
  8
ENGRAVE_POLARS
100
AcDbLine
 10
-23.104494285478964
 20
-10.903992904068165
 30
0.0
 11
-22.98237143842843
 21
-11.191084650990753
 31
0.0
  0
LINE
  5
562
330
17
100
AcDbEntity
  8
ENGRAVE_POLARS
100
AcDbLine
 10
-22.98237143842843
 20
-11.191084650990753
 30
0.0
 11
-22.841423604242475
 21
-11.47295781083396
 31
0.0
  0
LINE
  5
563
330
17
100
AcDbEntity
  8
ENGRAVE_POLARS
100
AcDbLine
 10
-22.841423604242475
 20
-11.47295781083396
 30
0.0
 11
-22.678769122083832
 21
-11.758200970599358
 31
0.0
  0
LINE
  5
564
330
17
100
AcDbEntity
  8
ENGRAVE_POLARS
100
AcDbLine
 10
-22.678769122083832
 20
-11.758200970599358
 30
0.0
 11
-22.491526331115246
 21
-12.055402717288523
 31
0.0
  0
LINE
  5
565
330
17
100
AcDbEntity
  8
ENGRAVE_POLARS
100
AcDbLine
 10
-22.491526331115246
 20
-12.055402717288523
 30
0.0
 11
-22.276813570499453
 21
-12.373151637903025
 31
0.0
  0
LINE
  5
566
330
17
100
AcDbEntity
  8
ENGRAVE_POLARS
100
AcDbLine
 10
-22.276813570499453
 20
-12.373151637903025
 30
0.0
 11
-22.031749179399203
 21
-12.72003631944444
 31
0.0
  0
LINE
  5
567
330
17
100
AcDbEntity
  8
ENGRAVE_POLARS
100
AcDbLine
 10
-22.031749179399203
 20
-12.72003631944444
 30
0.0
 11
-21.753782680350106
 21
-13.094765761825894
 31
0.0
  0
LINE
  5
568
330
17
100
AcDbEntity
  8
ENGRAVE_POLARS
100
AcDbLine
 10
-21.753782680350106
 20
-13.094765761825894
 30
0.0
 11
-21.444434672242757
 21
-13.48714905189949
 31
0.0
  0
LINE
  5
569
330
17
100
AcDbEntity
  8
ENGRAVE_POLARS
100
AcDbLine
 10
-21.444434672242757
 20
-13.48714905189949
 30
0.0
 11
-21.10693010877234
 21
-13.892424907075236
 31
0.0
  0
LINE
  5
56A
330
17
100
AcDbEntity
  8
ENGRAVE_POLARS
100
AcDbLine
 10
-21.10693010877234
 20
-13.892424907075236
 30
0.0
 11
-20.74449394363404
 21
-14.305832044763157
 31
0.0
  0
LINE
  5
56B
330
17
100
AcDbEntity
  8
ENGRAVE_POLARS
100
AcDbLine
 10
-20.74449394363404
 20
-14.305832044763157
 30
0.0
 11
-20.360351130523064
 21
-14.722609182373269
 31
0.0
  0
LINE
  5
56C
330
17
100
AcDbEntity
  8
ENGRAVE_POLARS
100
AcDbLine
 10
-20.360351130523064
 20
-14.722609182373269
 30
0.0
 11
-19.957726623134587
 21
-15.137995037315594
 31
0.0
  0
LINE
  5
56D
330
17
100
AcDbEntity
  8
ENGRAVE_POLARS
100
AcDbLine
 10
-19.957726623134587
 20
-15.137995037315594
 30
0.0
 11
-19.539845375163807
 21
-15.547228327000143
 31
0.0
  0
LINE
  5
56E
330
17
100
AcDbEntity
  8
ENGRAVE_POLARS
100
AcDbLine
 10
-19.539845375163807
 20
-15.547228327000143
 30
0.0
 11
-19.10993234030591
 21
-15.945547768836944
 31
0.0
  0
LINE
  5
56F
330
17
100
AcDbEntity
  8
ENGRAVE_POLARS
100
AcDbLine
 10
-19.10993234030591
 20
-15.945547768836944
 30
0.0
 11
-18.671212472256098
 21
-16.32819208023601
 31
0.0
  0
LINE
  5
570
330
17
100
AcDbEntity
  8
ENGRAVE_POLARS
100
AcDbLine
 10
-18.671212472256098
 20
-16.32819208023601
 30
0.0
 11
-18.226910724709544
 21
-16.690399978607363
 31
0.0
  0
LINE
  5
571
330
17
100
AcDbEntity
  8
ENGRAVE_POLARS
100
AcDbLine
 10
-18.226910724709544
 20
-16.690399978607363
 30
0.0
 11
-17.780252051361447
 21
-17.02741018136102
 31
0.0
  0
LINE
  5
572
330
17
100
AcDbEntity
  8
ENGRAVE_POLARS
100
AcDbLine
 10
-17.780252051361447
 20
-17.02741018136102
 30
0.0
 11
-17.334461405907003
 21
-17.334461405907
 31
0.0
  0
LINE
  5
573
330
17
100
AcDbEntity
  8
ENGRAVE_POLARS
100
AcDbLine
 10
-17.334461405907003
 20
-17.334461405907
 30
0.0
 11
-16.872923245253904
 21
-17.61619477394231
 31
0.0
  0
LINE
  5
574
330
17
100
AcDbEntity
  8
ENGRAVE_POLARS
100
AcDbLine
 10
-16.872923245253904
 20
-17.61619477394231
 30
0.0
 11
-16.38154591067593
 21
-17.880757853008664
 31
0.0
  0
LINE
  5
575
330
17
100
AcDbEntity
  8
ENGRAVE_POLARS
100
AcDbLine
 10
-16.38154591067593
 20
-17.880757853008664
 30
0.0
 11
-15.8673401824174
 21
-18.12864902928313
 31
0.0
  0
LINE
  5
576
330
17
100
AcDbEntity
  8
ENGRAVE_POLARS
100
AcDbLine
 10
-15.8673401824174
 20
-18.12864902928313
 30
0.0
 11
-15.337316840722632
 21
-18.36036668894279
 31
0.0
  0
LINE
  5
577
330
17
100
AcDbEntity
  8
ENGRAVE_POLARS
100
AcDbLine
 10
-15.337316840722632
 20
-18.36036668894279
 30
0.0
 11
-14.798486665835942
 21
-18.576409218164727
 31
0.0
  0
LINE
  5
578
330
17
100
AcDbEntity
  8
ENGRAVE_POLARS
100
AcDbLine
 10
-14.798486665835942
 20
-18.576409218164727
 30
0.0
 11
-14.257860438001643
 21
-18.777275003125993
 31
0.0
  0
LINE
  5
579
330
17
100
AcDbEntity
  8
ENGRAVE_POLARS
100
AcDbLine
 10
-14.257860438001643
 20
-18.777275003125993
 30
0.0
 11
-13.72244893746405
 21
-18.963462430003673
 31
0.0
  0
LINE
  5
57A
330
17
100
AcDbEntity
  8
ENGRAVE_POLARS
100
AcDbLine
 10
-13.72244893746405
 20
-18.963462430003673
 30
0.0
 11
-13.199262944467481
 21
-19.135469884974853
 31
0.0
  0
LINE
  5
57B
330
17
100
AcDbEntity
  8
ENGRAVE_POLARS
100
AcDbLine
 10
-13.199262944467481
 20
-19.135469884974853
 30
0.0
 11
-12.695313239256258
 21
-19.293795754216593
 31
0.0
  0
LINE
  5
57C
330
17
100
AcDbEntity
  8
ENGRAVE_POLARS
100
AcDbLine
 10
-12.695313239256258
 20
-19.293795754216593
 30
0.0
 11
-12.217610602074686
 21
-19.438938423905977
 31
0.0
  0
LINE
  5
57D
330
17
100
AcDbEntity
  8
ENGRAVE_POLARS
100
AcDbLine
 10
-12.217610602074686
 20
-19.438938423905977
 30
0.0
 11
-11.773165813167084
 21
-19.571396280220075
 31
0.0
  0
LINE
  5
57E
330
17
100
AcDbEntity
  8
ENGRAVE_POLARS
100
AcDbLine
 10
-11.773165813167084
 20
-19.571396280220075
 30
0.0
 11
-11.368989652777776
 21
-19.69166770933596
 31
0.0
  0
LINE
  5
57F
330
17
100
AcDbEntity
  8
ENGRAVE_POLARS
100
AcDbLine
 10
-11.368989652777776
 20
-19.69166770933596
 30
0.0
 11
-11.004564264148637
 21
-19.79459604473906
 31
0.0
  0
LINE
  5
580
330
17
100
AcDbEntity
  8
ENGRAVE_POLARS
100
AcDbLine
 10
-11.004564264148637
 20
-19.79459604473906
 30
0.0
 11
-10.671911978167074
 21
-19.8763560773633
 31
0.0
  0
LINE
  5
581
330
17
100
AcDbEntity
  8
ENGRAVE_POLARS
100
AcDbLine
 10
-10.671911978167074
 20
-19.8763560773633
 30
0.0
 11
-10.36685385654567
 21
-19.939443379558483
 31
0.0
  0
LINE
  5
582
330
17
100
AcDbEntity
  8
ENGRAVE_POLARS
100
AcDbLine
 10
-10.36685385654567
 20
-19.939443379558483
 30
0.0
 11
-10.085210960997017
 21
-19.986353523674428
 31
0.0
  0
LINE
  5
583
330
17
100
AcDbEntity
  8
ENGRAVE_POLARS
100
AcDbLine
 10
-10.085210960997017
 20
-19.986353523674428
 30
0.0
 11
-9.822804353233705
 21
-20.01958208206093
 31
0.0
  0
LINE
  5
584
330
17
100
AcDbEntity
  8
ENGRAVE_POLARS
100
AcDbLine
 10
-9.822804353233705
 20
-20.01958208206093
 30
0.0
 11
-9.575455094968323
 21
-20.041624627067804
 31
0.0
  0
LINE
  5
585
330
17
100
AcDbEntity
  8
ENGRAVE_POLARS
100
AcDbLine
 10
-9.575455094968323
 20
-20.041624627067804
 30
0.0
 11
-9.338984247913459
 21
-20.05497673104487
 31
0.0
  0
LINE
  5
586
330
17
100
AcDbEntity
  8
ENGRAVE_POLARS
100
AcDbLine
 10
-9.338984247913459
 20
-20.05497673104487
 30
0.0
 11
-9.1092128737817
 21
-20.062133966341936
 31
0.0
  0
LINE
  5
587
330
17
100
AcDbEntity
  8
ENGRAVE_POLARS
100
AcDbLine
 10
-9.1092128737817
 20
-20.062133966341936
 30
0.0
 11
-8.881962034285642
 21
-20.0655919053088
 31
0.0
  0
LINE
  5
588
330
17
100
AcDbEntity
  8
ENGRAVE_POLARS
100
AcDbLine
 10
-8.881962034285642
 20
-20.0655919053088
 30
0.0
 11
-8.653052791137869
 21
-20.067846120295286
 31
0.0
  0
LINE
  5
589
330
17
100
AcDbEntity
  8
ENGRAVE_POLARS
100
AcDbLine
 10
-8.653052791137869
 20
-20.067846120295286
 30
0.0
 11
-8.418306206050971
 21
-20.071392183651188
 31
0.0
  0
LINE
  5
58A
330
17
100
AcDbEntity
  8
ENGRAVE_POLARS
100
AcDbLine
 10
-8.418306206050971
 20
-20.071392183651188
 30
0.0
 11
-8.173543340737536
 21
-20.07872566772633
 31
0.0
  0
LINE
  5
58B
330
17
100
AcDbEntity
  8
ENGRAVE_POLARS
100
AcDbLine
 10
-8.173543340737536
 20
-20.07872566772633
 30
0.0
 11
-7.932779304470397
 21
-20.086556573388336
 31
0.0
  0
LINE
  5
58C
330
17
100
AcDbEntity
  8
ENGRAVE_POLARS
100
AcDbLine
 10
-7.932779304470397
 20
-20.086556573388336
 30
0.0
 11
-7.709491644918527
 21
-20.09006882226225
 31
0.0
  0
LINE
  5
58D
330
17
100
AcDbEntity
  8
ENGRAVE_POLARS
100
AcDbLine
 10
-7.709491644918527
 20
-20.09006882226225
 30
0.0
 11
-7.498695081388736
 21
-20.089468867834047
 31
0.0
  0
LINE
  5
58E
330
17
100
AcDbEntity
  8
ENGRAVE_POLARS
100
AcDbLine
 10
-7.498695081388736
 20
-20.089468867834047
 30
0.0
 11
-7.295404333187834
 21
-20.08496316358968
 31
0.0
  0
LINE
  5
58F
330
17
100
AcDbEntity
  8
ENGRAVE_POLARS
100
AcDbLine
 10
-7.295404333187834
 20
-20.08496316358968
 30
0.0
 11
-7.094634119622628
 21
-20.07675816301512
 31
0.0
  0
LINE
  5
590
330
17
100
AcDbEntity
  8
ENGRAVE_POLARS
100
AcDbLine
 10
-7.094634119622628
 20
-20.07675816301512
 30
0.0
 11
-6.89139915999993
 21
-20.065060319596334
 31
0.0
  0
LINE
  5
591
330
17
100
AcDbEntity
  8
ENGRAVE_POLARS
100
AcDbLine
 10
-6.89139915999993
 20
-20.065060319596334
 30
0.0
 11
-6.6807141736265425
 21
-20.050076086819278
 31
0.0
  0
LINE
  5
592
330
17
100
AcDbEntity
  8
ENGRAVE_POLARS
100
AcDbLine
 10
-6.6807141736265425
 20
-20.050076086819278
 30
0.0
 11
-6.457593879809282
 21
-20.032011918169918
 31
0.0
  0
LINE
  5
593
330
17
100
AcDbEntity
  8
ENGRAVE_POLARS
100
AcDbLine
 10
-6.457593879809282
 20
-20.032011918169918
 30
0.0
 11
-6.217052997854953
 21
-20.011074267134212
 31
0.0
  0
LINE
  5
594
330
17
100
AcDbEntity
  8
ENGRAVE_POLARS
100
AcDbLine
 10
-6.217052997854953
 20
-20.011074267134212
 30
0.0
 11
-5.954106247070364
 21
-19.987469587198127
 31
0.0
  0
LINE
  5
595
330
17
100
AcDbEntity
  8
ENGRAVE_POLARS
100
AcDbLine
 10
-5.954106247070364
 20
-19.987469587198127
 30
0.0
 11
-5.663768346762325
 21
-19.96140433184763
 31
0.0
  0
LINE
  5
596
330
17
100
AcDbEntity
  8
ENGRAVE_POLARS
100
AcDbLine
 10
-5.663768346762325
 20
-19.96140433184763
 30
0.0
 11
-5.341054016237646
 21
-19.93308495456868
 31
0.0
  0
LINE
  5
597
330
17
100
AcDbEntity
  8
ENGRAVE_POLARS
100
AcDbLine
 10
-5.341054016237646
 20
-19.93308495456868
 30
0.0
 11
-4.966795097500728
 21
-19.899173011929545
 31
0.0
  0
LINE
  5
598
330
17
100
AcDbEntity
  8
ENGRAVE_POLARS
100
AcDbLine
 10
-4.966795097500728
 20
-19.899173011929545
 30
0.0
 11
-4.534232159856037
 21
-19.857318817943522
 31
0.0
  0
LINE
  5
599
330
17
100
AcDbEntity
  8
ENGRAVE_POLARS
100
AcDbLine
 10
-4.534232159856037
 20
-19.857318817943522
 30
0.0
 11
-4.056993013560477
 21
-19.809211962264133
 31
0.0
  0
LINE
  5
59A
330
17
100
AcDbEntity
  8
ENGRAVE_POLARS
100
AcDbLine
 10
-4.056993013560477
 20
-19.809211962264133
 30
0.0
 11
-3.5487054688709443
 21
-19.756542034544882
 31
0.0
  0
LINE
  5
59B
330
17
100
AcDbEntity
  8
ENGRAVE_POLARS
100
AcDbLine
 10
-3.5487054688709443
 20
-19.756542034544882
 30
0.0
 11
-3.0229973360443454
 21
-19.700998624439293
 31
0.0
  0
LINE
  5
59C
330
17
100
AcDbEntity
  8
ENGRAVE_POLARS
100
AcDbLine
 10
-3.0229973360443454
 20
-19.700998624439293
 30
0.0
 11
-2.493496425337581
 21
-19.644271321600876
 31
0.0
  0
LINE
  5
59D
330
17
100
AcDbEntity
  8
ENGRAVE_POLARS
100
AcDbLine
 10
-2.493496425337581
 20
-19.644271321600876
 30
0.0
 11
-1.9738305470075508
 21
-19.58804971568314
 31
0.0
  0
LINE
  5
59E
330
17
100
AcDbEntity
  8
ENGRAVE_POLARS
100
AcDbLine
 10
-1.9738305470075508
 20
-19.58804971568314
 30
0.0
 11
-1.477627511311159
 21
-19.534023396339613
 31
0.0
  0
LINE
  5
59F
330
17
100
AcDbEntity
  8
ENGRAVE_POLARS
100
AcDbLine
 10
-1.477627511311159
 20
-19.534023396339613
 30
0.0
 11
-1.0185151285053073
 21
-19.4838819532238
 31
0.0
  0
LINE
  5
5A0
330
17
100
AcDbEntity
  8
ENGRAVE_POLARS
100
AcDbLine
 10
-1.0185151285053073
 20
-19.4838819532238
 30
0.0
 11
-0.6101212088468958
 21
-19.43931497598921
 31
0.0
  0
LINE
  5
5A1
330
17
100
AcDbEntity
  8
ENGRAVE_POLARS
100
AcDbLine
 10
-0.6101212088468958
 20
-19.43931497598921
 30
0.0
 11
-0.26607356259282666
 21
-19.40201205428936
 31
0.0
  0
LINE
  5
5A2
330
17
100
AcDbEntity
  8
ENGRAVE_POLARS
100
AcDbLine
 10
-0.26607356259282666
 20
-19.40201205428936
 30
0.0
 11
-2.3725894108565774e-15
 21
-19.373662777777778
 31
0.0
  0
TEXT
  5
5A3
330
17
100
AcDbEntity
  8
ENGRAVE_TEXT
100
AcDbText
 10
11.212592424723065
 20
16.47723048966818
 30
0.0
 40
4.5
  1
12
 72
1
 11
11.212592424723065
 21
16.47723048966818
 31
0.0
100
AcDbText
 73
2
  0
TEXT
  5
5A4
330
17
100
AcDbEntity
  8
ENGRAVE_TEXT
100
AcDbText
 10
-11.212592424723065
 20
16.47723048966818
 30
0.0
 40
4.5
  1
12
 72
1
 11
-11.212592424723065
 21
16.47723048966818
 31
0.0
100
AcDbText
 73
2
  0
CIRCLE
  5
5A5
330
17
100
AcDbEntity
  8
ENGRAVE_VMG
100
AcDbCircle
 10
12.334672609147802
 20
15.654941875259285
 30
0.0
 40
0.6
  0
CIRCLE
  5
5A6
330
17
100
AcDbEntity
  8
ENGRAVE_VMG
100
AcDbCircle
 10
-12.334672609147802
 20
15.654941875259285
 30
0.0
 40
0.6
  0
CIRCLE
  5
5A7
330
17
100
AcDbEntity
  8
ENGRAVE_VMG
100
AcDbCircle
 10
8.173543340737536
 20
-20.07872566772633
 30
0.0
 40
0.6
  0
CIRCLE
  5
5A8
330
17
100
AcDbEntity
  8
ENGRAVE_VMG
100
AcDbCircle
 10
-8.173543340737536
 20
-20.07872566772633
 30
0.0
 40
0.6
  0
LINE
  5
5A9
330
17
100
AcDbEntity
  8
ENGRAVE_POLARS
100
AcDbLine
 10
10.696686249464763
 20
13.69182363660816
 30
0.0
 11
10.928483225628513
 21
13.60942428120509
 31
0.0
  0
LINE
  5
5AA
330
17
100
AcDbEntity
  8
ENGRAVE_POLARS
100
AcDbLine
 10
10.928483225628513
 20
13.60942428120509
 30
0.0
 11
11.230037612687596
 21
13.507336101283453
 31
0.0
  0
LINE
  5
5AB
330
17
100
AcDbEntity
  8
ENGRAVE_POLARS
100
AcDbLine
 10
11.230037612687596
 20
13.507336101283453
 30
0.0
 11
11.58880453169922
 21
13.388138983860285
 31
0.0
  0
LINE
  5
5AC
330
17
100
AcDbEntity
  8
ENGRAVE_POLARS
100
AcDbLine
 10
11.58880453169922
 20
13.388138983860285
 30
0.0
 11
11.992239103720605
 21
13.254412815952618
 31
0.0
  0
LINE
  5
5AD
330
17
100
AcDbEntity
  8
ENGRAVE_POLARS
100
AcDbLine
 10
11.992239103720605
 20
13.254412815952618
 30
0.0
 11
12.427796449808962
 21
13.108737484577492
 31
0.0
  0
LINE
  5
5AE
330
17
100
AcDbEntity
  8
ENGRAVE_POLARS
100
AcDbLine
 10
12.427796449808962
 20
13.108737484577492
 30
0.0
 11
12.882931691021497
 21
12.953692876751937
 31
0.0
  0
LINE
  5
5AF
330
17
100
AcDbEntity
  8
ENGRAVE_POLARS
100
AcDbLine
 10
12.882931691021497
 20
12.953692876751937
 30
0.0
 11
13.34509994841543
 21
12.791858879492988
 31
0.0
  0
LINE
  5
5B0
330
17
100
AcDbEntity
  8
ENGRAVE_POLARS
100
AcDbLine
 10
13.34509994841543
 20
12.791858879492988
 30
0.0
 11
13.801756343047971
 21
12.625815379817679
 31
0.0
  0
LINE
  5
5B1
330
17
100
AcDbEntity
  8
ENGRAVE_POLARS
100
AcDbLine
 10
13.801756343047971
 20
12.625815379817679
 30
0.0
 11
14.240355995976326
 21
12.458142264743044
 31
0.0
  0
LINE
  5
5B2
330
17
100
AcDbEntity
  8
ENGRAVE_POLARS
100
AcDbLine
 10
14.240355995976326
 20
12.458142264743044
 30
0.0
 11
14.648354028257717
 21
12.291419421286124
 31
0.0
  0
LINE
  5
5B3
330
17
100
AcDbEntity
  8
ENGRAVE_POLARS
100
AcDbLine
 10
14.648354028257717
 20
12.291419421286124
 30
0.0
 11
15.013205560949352
 21
12.128226736463944
 31
0.0
  0
LINE
  5
5B4
330
17
100
AcDbEntity
  8
ENGRAVE_POLARS
100
AcDbLine
 10
15.013205560949352
 20
12.128226736463944
 30
0.0
 11
15.322365715108441
 21
11.971144097293545
 31
0.0
  0
LINE
  5
5B5
330
17
100
AcDbEntity
  8
ENGRAVE_POLARS
100
AcDbLine
 10
15.322365715108441
 20
11.971144097293545
 30
0.0
 11
15.582251286507656
 21
11.819647416374936
 31
0.0
  0
LINE
  5
5B6
330
17
100
AcDbEntity
  8
ENGRAVE_POLARS
100
AcDbLine
 10
15.582251286507656
 20
11.819647416374936
 30
0.0
 11
15.810631013121734
 21
11.670588761344089
 31
0.0
  0
LINE
  5
5B7
330
17
100
AcDbEntity
  8
ENGRAVE_POLARS
100
AcDbLine
 10
15.810631013121734
 20
11.670588761344089
 30
0.0
 11
16.011987929310994
 21
11.522612251771974
 31
0.0
  0
LINE
  5
5B8
330
17
100
AcDbEntity
  8
ENGRAVE_POLARS
100
AcDbLine
 10
16.011987929310994
 20
11.522612251771974
 30
0.0
 11
16.190805069435758
 21
11.37436200722956
 31
0.0
  0
LINE
  5
5B9
330
17
100
AcDbEntity
  8
ENGRAVE_POLARS
100
AcDbLine
 10
16.190805069435758
 20
11.37436200722956
 30
0.0
 11
16.351565467856343
 21
11.224482147287828
 31
0.0
  0
LINE
  5
5BA
330
17
100
AcDbEntity
  8
ENGRAVE_POLARS
100
AcDbLine
 10
16.351565467856343
 20
11.224482147287828
 30
0.0
 11
16.49875215893306
 21
11.071616791517739
 31
0.0
  0
LINE
  5
5BB
330
17
100
AcDbEntity
  8
ENGRAVE_POLARS
100
AcDbLine
 10
16.49875215893306
 20
11.071616791517739
 30
0.0
 11
16.63684817702623
 21
10.914410059490269
 31
0.0
  0
LINE
  5
5BC
330
17
100
AcDbEntity
  8
ENGRAVE_POLARS
100
AcDbLine
 10
16.63684817702623
 20
10.914410059490269
 30
0.0
 11
16.770336556496186
 21
10.751506070776388
 31
0.0
  0
LINE
  5
5BD
330
17
100
AcDbEntity
  8
ENGRAVE_POLARS
100
AcDbLine
 10
16.770336556496186
 20
10.751506070776388
 30
0.0
 11
16.903700331703227
 21
10.58154894494707
 31
0.0
  0
LINE
  5
5BE
330
17
100
AcDbEntity
  8
ENGRAVE_POLARS
100
AcDbLine
 10
16.903700331703227
 20
10.58154894494707
 30
0.0
 11
17.041422537007684
 21
10.403182801573282
 31
0.0
  0
LINE
  5
5BF
330
17
100
AcDbEntity
  8
ENGRAVE_POLARS
100
AcDbLine
 10
17.041422537007684
 20
10.403182801573282
 30
0.0
 11
17.187986206769864
 21
10.215051760225998
 31
0.0
  0
LINE
  5
5C0
330
17
100
AcDbEntity
  8
ENGRAVE_POLARS
100
AcDbLine
 10
17.187986206769864
 20
10.215051760225998
 30
0.0
 11
17.347874375350095
 21
10.01579994047619
 31
0.0
  0
LINE
  5
5C1
330
17
100
AcDbEntity
  8
ENGRAVE_POLARS
100
AcDbLine
 10
17.347874375350095
 20
10.01579994047619
 30
0.0
 11
17.519796447513823
 21
9.799594449630485
 31
0.0
  0
LINE
  5
5C2
330
17
100
AcDbEntity
  8
ENGRAVE_POLARS
100
AcDbLine
 10
17.519796447513823
 20
9.799594449630485
 30
0.0
 11
17.69804055244598
 21
9.564202589170222
 31
0.0
  0
LINE
  5
5C3
330
17
100
AcDbEntity
  8
ENGRAVE_POLARS
100
AcDbLine
 10
17.69804055244598
 20
9.564202589170222
 30
0.0
 11
17.880457811136132
 21
9.313668769928443
 31
0.0
  0
LINE
  5
5C4
330
17
100
AcDbEntity
  8
ENGRAVE_POLARS
100
AcDbLine
 10
17.880457811136132
 20
9.313668769928443
 30
0.0
 11
18.06489934457382
 21
9.052037402738181
 31
0.0
  0
LINE
  5
5C5
330
17
100
AcDbEntity
  8
ENGRAVE_POLARS
100
AcDbLine
 10
18.06489934457382
 20
9.052037402738181
 30
0.0
 11
18.2492162737486
 21
8.783352898432483
 31
0.0
  0
LINE
  5
5C6
330
17
100
AcDbEntity
  8
ENGRAVE_POLARS
100
AcDbLine
 10
18.2492162737486
 20
8.783352898432483
 30
0.0
 11
18.431259719650026
 21
8.511659667844386
 31
0.0
  0
LINE
  5
5C7
330
17
100
AcDbEntity
  8
ENGRAVE_POLARS
100
AcDbLine
 10
18.431259719650026
 20
8.511659667844386
 30
0.0
 11
18.60888080326765
 21
8.241002121806925
 31
0.0
  0
LINE
  5
5C8
330
17
100
AcDbEntity
  8
ENGRAVE_POLARS
100
AcDbLine
 10
18.60888080326765
 20
8.241002121806925
 30
0.0
 11
18.779930645591026
 21
7.975424671153148
 31
0.0
  0
LINE
  5
5C9
330
17
100
AcDbEntity
  8
ENGRAVE_POLARS
100
AcDbLine
 10
18.779930645591026
 20
7.975424671153148
 30
0.0
 11
18.942260367609705
 21
7.71897172671609
 31
0.0
  0
LINE
  5
5CA
330
17
100
AcDbEntity
  8
ENGRAVE_POLARS
100
AcDbLine
 10
18.942260367609705
 20
7.71897172671609
 30
0.0
 11
19.09372109031324
 21
7.475687699328789
 31
0.0
  0
LINE
  5
5CB
330
17
100
AcDbEntity
  8
ENGRAVE_POLARS
100
AcDbLine
 10
19.09372109031324
 20
7.475687699328789
 30
0.0
 11
19.232163934691183
 21
7.249616999824288
 31
0.0
  0
LINE
  5
5CC
330
17
100
AcDbEntity
  8
ENGRAVE_POLARS
100
AcDbLine
 10
19.232163934691183
 20
7.249616999824288
 30
0.0
 11
19.35544002173309
 21
7.044804039035625
 31
0.0
  0
LINE
  5
5CD
330
17
100
AcDbEntity
  8
ENGRAVE_POLARS
100
AcDbLine
 10
19.35544002173309
 20
7.044804039035625
 30
0.0
 11
19.46269228728341
 21
6.860991481545836
 31
0.0
  0
LINE
  5
5CE
330
17
100
AcDbEntity
  8
ENGRAVE_POLARS
100
AcDbLine
 10
19.46269228728341
 20
6.860991481545836
 30
0.0
 11
19.55571955852728
 21
6.693603483908089
 31
0.0
  0
LINE
  5
5CF
330
17
100
AcDbEntity
  8
ENGRAVE_POLARS
100
AcDbLine
 10
19.55571955852728
 20
6.693603483908089
 30
0.0
 11
19.636356793465282
 21
6.540206694910608
 31
0.0
  0
LINE
  5
5D0
330
17
100
AcDbEntity
  8
ENGRAVE_POLARS
100
AcDbLine
 10
19.636356793465282
 20
6.540206694910608
 30
0.0
 11
19.706438950098004
 21
6.398367763341618
 31
0.0
  0
LINE
  5
5D1
330
17
100
AcDbEntity
  8
ENGRAVE_POLARS
100
AcDbLine
 10
19.706438950098004
 20
6.398367763341618
 30
0.0
 11
19.767800986426032
 21
6.265653337989348
 31
0.0
  0
LINE
  5
5D2
330
17
100
AcDbEntity
  8
ENGRAVE_POLARS
100
AcDbLine
 10
19.767800986426032
 20
6.265653337989348
 30
0.0
 11
19.82227786044995
 21
6.139630067642024
 31
0.0
  0
LINE
  5
5D3
330
17
100
AcDbEntity
  8
ENGRAVE_POLARS
100
AcDbLine
 10
19.82227786044995
 20
6.139630067642024
 30
0.0
 11
19.871704530170334
 21
6.017864601087871
 31
0.0
  0
LINE
  5
5D4
330
17
100
AcDbEntity
  8
ENGRAVE_POLARS
100
AcDbLine
 10
19.871704530170334
 20
6.017864601087871
 30
0.0
 11
19.91791595358778
 21
5.897923587115119
 31
0.0
  0
LINE
  5
5D5
330
17
100
AcDbEntity
  8
ENGRAVE_POLARS
100
AcDbLine
 10
19.91791595358778
 20
5.897923587115119
 30
0.0
 11
19.962747088702866
 21
5.777373674511993
 31
0.0
  0
LINE
  5
5D6
330
17
100
AcDbEntity
  8
ENGRAVE_POLARS
100
AcDbLine
 10
19.962747088702866
 20
5.777373674511993
 30
0.0
 11
20.008032893516177
 21
5.653781512066718
 31
0.0
  0
LINE
  5
5D7
330
17
100
AcDbEntity
  8
ENGRAVE_POLARS
100
AcDbLine
 10
20.008032893516177
 20
5.653781512066718
 30
0.0
 11
20.055608326028292
 21
5.524713748567521
 31
0.0
  0
LINE
  5
5D8
330
17
100
AcDbEntity
  8
ENGRAVE_POLARS
100
AcDbLine
 10
20.055608326028292
 20
5.524713748567521
 30
0.0
 11
20.107308344239808
 21
5.387737032802631
 31
0.0
  0
LINE
  5
5D9
330
17
100
AcDbEntity
  8
ENGRAVE_POLARS
100
AcDbLine
 10
20.107308344239808
 20
5.387737032802631
 30
0.0
 11
20.160605156985913
 21
5.25145304851569
 31
0.0
  0
LINE
  5
5DA
330
17
100
AcDbEntity
  8
ENGRAVE_POLARS
100
AcDbLine
 10
20.160605156985913
 20
5.25145304851569
 30
0.0
 11
20.21188839752472
 21
5.123990159410952
 31
0.0
  0
LINE
  5
5DB
330
17
100
AcDbEntity
  8
ENGRAVE_POLARS
100
AcDbLine
 10
20.21188839752472
 20
5.123990159410952
 30
0.0
 11
20.261369160491217
 21
5.002205034217558
 31
0.0
  0
LINE
  5
5DC
330
17
100
AcDbEntity
  8
ENGRAVE_POLARS
100
AcDbLine
 10
20.261369160491217
 20
5.002205034217558
 30
0.0
 11
20.30925854052038
 21
4.882954341664649
 31
0.0
  0
LINE
  5
5DD
330
17
100
AcDbEntity
  8
ENGRAVE_POLARS
100
AcDbLine
 10
20.30925854052038
 20
4.882954341664649
 30
0.0
 11
20.355767632247183
 21
4.763094750481366
 31
0.0
  0
LINE
  5
5DE
330
17
100
AcDbEntity
  8
ENGRAVE_POLARS
100
AcDbLine
 10
20.355767632247183
 20
4.763094750481366
 30
0.0
 11
20.4011075303066
 21
4.6394829293968485
 31
0.0
  0
LINE
  5
5DF
330
17
100
AcDbEntity
  8
ENGRAVE_POLARS
100
AcDbLine
 10
20.4011075303066
 20
4.6394829293968485
 30
0.0
 11
20.445489329333615
 21
4.508975547140238
 31
0.0
  0
LINE
  5
5E0
330
17
100
AcDbEntity
  8
ENGRAVE_POLARS
100
AcDbLine
 10
20.445489329333615
 20
4.508975547140238
 30
0.0
 11
20.4891241239632
 21
4.368429272440676
 31
0.0
  0
LINE
  5
5E1
330
17
100
AcDbEntity
  8
ENGRAVE_POLARS
100
AcDbLine
 10
20.4891241239632
 20
4.368429272440676
 30
0.0
 11
20.53222300883034
 21
4.214700774027303
 31
0.0
  0
LINE
  5
5E2
330
17
100
AcDbEntity
  8
ENGRAVE_POLARS
100
AcDbLine
 10
20.53222300883034
 20
4.214700774027303
 30
0.0
 11
20.574997078570004
 21
4.04464672062926
 31
0.0
  0
LINE
  5
5E3
330
17
100
AcDbEntity
  8
ENGRAVE_POLARS
100
AcDbLine
 10
20.574997078570004
 20
4.04464672062926
 30
0.0
 11
20.61765742781717
 21
3.855123780975686
 31
0.0
  0
LINE
  5
5E4
330
17
100
AcDbEntity
  8
ENGRAVE_POLARS
100
AcDbLine
 10
20.61765742781717
 20
3.855123780975686
 30
0.0
 11
20.66041515120682
 21
3.6429886237957243
 31
0.0
  0
LINE
  5
5E5
330
17
100
AcDbEntity
  8
ENGRAVE_POLARS
100
AcDbLine
 10
20.66041515120682
 20
3.6429886237957243
 30
0.0
 11
20.70511825951763
 21
3.418456984520479
 31
0.0
  0
LINE
  5
5E6
330
17
100
AcDbEntity
  8
ENGRAVE_POLARS
100
AcDbLine
 10
20.70511825951763
 20
3.418456984520479
 30
0.0
 11
20.752712474552425
 21
3.1914588743561363
 31
0.0
  0
LINE
  5
5E7
330
17
100
AcDbEntity
  8
ENGRAVE_POLARS
100
AcDbLine
 10
20.752712474552425
 20
3.1914588743561363
 30
0.0
 11
20.802055457482393
 21
2.958422375694458
 31
0.0
  0
LINE
  5
5E8
330
17
100
AcDbEntity
  8
ENGRAVE_POLARS
100
AcDbLine
 10
20.802055457482393
 20
2.958422375694458
 30
0.0
 11
20.85200486947872
 21
2.715775570927207
 31
0.0
  0
LINE
  5
5E9
330
17
100
AcDbEntity
  8
ENGRAVE_POLARS
100
AcDbLine
 10
20.85200486947872
 20
2.715775570927207
 30
0.0
 11
20.9014183717126
 21
2.459946542446145
 31
0.0
  0
LINE
  5
5EA
330
17
100
AcDbEntity
  8
ENGRAVE_POLARS
100
AcDbLine
 10
20.9014183717126
 20
2.459946542446145
 30
0.0
 11
20.949153625355216
 21
2.1873633726430333
 31
0.0
  0
LINE
  5
5EB
330
17
100
AcDbEntity
  8
ENGRAVE_POLARS
100
AcDbLine
 10
20.949153625355216
 20
2.1873633726430333
 30
0.0
 11
20.994068291577758
 21
1.8944541439096345
 31
0.0
  0
LINE
  5
5EC
330
17
100
AcDbEntity
  8
ENGRAVE_POLARS
100
AcDbLine
 10
20.994068291577758
 20
1.8944541439096345
 30
0.0
 11
21.035020031551415
 21
1.5776469386377103
 31
0.0
  0
LINE
  5
5ED
330
17
100
AcDbEntity
  8
ENGRAVE_POLARS
100
AcDbLine
 10
21.035020031551415
 20
1.5776469386377103
 30
0.0
 11
21.070866506447373
 21
1.2333698392190233
 31
0.0
  0
LINE
  5
5EE
330
17
100
AcDbEntity
  8
ENGRAVE_POLARS
100
AcDbLine
 10
21.070866506447373
 20
1.2333698392190233
 30
0.0
 11
21.100465377436826
 21
0.8580509280453344
 31
0.0
  0
LINE
  5
5EF
330
17
100
AcDbEntity
  8
ENGRAVE_POLARS
100
AcDbLine
 10
21.100465377436826
 20
0.8580509280453344
 30
0.0
 11
21.122674305690953
 21
0.44811828750840643
 31
0.0
  0
LINE
  5
5F0
330
17
100
AcDbEntity
  8
ENGRAVE_POLARS
100
AcDbLine
 10
21.122674305690953
 20
0.44811828750840643
 30
0.0
 11
21.136350952380955
 21
1.2942282269744223e-15
 31
0.0
  0
LINE
  5
5F1
330
17
100
AcDbEntity
  8
ENGRAVE_POLARS
100
AcDbLine
 10
21.136350952380955
 20
1.2942282269744223e-15
 30
0.0
 11
21.142826145139896
 21
-0.5065598698188737
 31
0.0
  0
LINE
  5
5F2
330
17
100
AcDbEntity
  8
ENGRAVE_POLARS
100
AcDbLine
 10
21.142826145139896
 20
-0.5065598698188737
 30
0.0
 11
21.144192962092994
 21
-1.0805548252276809
 31
0.0
  0
LINE
  5
5F3
330
17
100
AcDbEntity
  8
ENGRAVE_POLARS
100
AcDbLine
 10
21.144192962092994
 20
-1.0805548252276809
 30
0.0
 11
21.14045244014962
 21
-1.7086631357453639
 31
0.0
  0
LINE
  5
5F4
330
17
100
AcDbEntity
  8
ENGRAVE_POLARS
100
AcDbLine
 10
21.14045244014962
 20
-1.7086631357453639
 30
0.0
 11
21.131605616219172
 21
-2.377563070890867
 31
0.0
  0
LINE
  5
5F5
330
17
100
AcDbEntity
  8
ENGRAVE_POLARS
100
AcDbLine
 10
21.131605616219172
 20
-2.377563070890867
 30
0.0
 11
21.117653527211026
 21
-3.0739329001831326
 31
0.0
  0
LINE
  5
5F6
330
17
100
AcDbEntity
  8
ENGRAVE_POLARS
100
AcDbLine
 10
21.117653527211026
 20
-3.0739329001831326
 30
0.0
 11
21.098597210034566
 21
-3.7844508931411056
 31
0.0
  0
LINE
  5
5F7
330
17
100
AcDbEntity
  8
ENGRAVE_POLARS
100
AcDbLine
 10
21.098597210034566
 20
-3.7844508931411056
 30
0.0
 11
21.07443770159917
 21
-4.495795319283729
 31
0.0
  0
LINE
  5
5F8
330
17
100
AcDbEntity
  8
ENGRAVE_POLARS
100
AcDbLine
 10
21.07443770159917
 20
-4.495795319283729
 30
0.0
 11
21.045176038814237
 21
-5.194644448129948
 31
0.0
  0
LINE
  5
5F9
330
17
100
AcDbEntity
  8
ENGRAVE_POLARS
100
AcDbLine
 10
21.045176038814237
 20
-5.194644448129948
 30
0.0
 11
21.01081325858914
 21
-5.867676549198704
 31
0.0
  0
LINE
  5
5FA
330
17
100
AcDbEntity
  8
ENGRAVE_POLARS
100
AcDbLine
 10
21.01081325858914
 20
-5.867676549198704
 30
0.0
 11
20.97135039783326
 21
-6.501569892008941
 31
0.0
  0
LINE
  5
5FB
330
17
100
AcDbEntity
  8
ENGRAVE_POLARS
100
AcDbLine
 10
20.97135039783326
 20
-6.501569892008941
 30
0.0
 11
20.926788493455987
 21
-7.083002746079605
 31
0.0
  0
LINE
  5
5FC
330
17
100
AcDbEntity
  8
ENGRAVE_POLARS
100
AcDbLine
 10
20.926788493455987
 20
-7.083002746079605
 30
0.0
 11
20.8771285823667
 21
-7.598653380929637
 31
0.0
  0
LINE
  5
5FD
330
17
100
AcDbEntity
  8
ENGRAVE_POLARS
100
AcDbLine
 10
20.8771285823667
 20
-7.598653380929637
 30
0.0
 11
20.829743565085543
 21
-8.050711083508682
 31
0.0
  0
LINE
  5
5FE
330
17
100
AcDbEntity
  8
ENGRAVE_POLARS
100
AcDbLine
 10
20.829743565085543
 20
-8.050711083508682
 30
0.0
 11
20.78932415622419
 21
-8.455101833309488
 31
0.0
  0
LINE
  5
5FF
330
17
100
AcDbEntity
  8
ENGRAVE_POLARS
100
AcDbLine
 10
20.78932415622419
 20
-8.455101833309488
 30
0.0
 11
20.75184811382932
 21
-8.819108938665643
 31
0.0
  0
LINE
  5
600
330
17
100
AcDbEntity
  8
ENGRAVE_POLARS
100
AcDbLine
 10
20.75184811382932
 20
-8.819108938665643
 30
0.0
 11
20.7132931959476
 21
-9.150015707910743
 31
0.0
  0
LINE
  5
601
330
17
100
AcDbEntity
  8
ENGRAVE_POLARS
100
AcDbLine
 10
20.7132931959476
 20
-9.150015707910743
 30
0.0
 11
20.669637160625722
 21
-9.455105449378383
 31
0.0
  0
LINE
  5
602
330
17
100
AcDbEntity
  8
ENGRAVE_POLARS
100
AcDbLine
 10
20.669637160625722
 20
-9.455105449378383
 30
0.0
 11
20.61685776591036
 21
-9.741661471402153
 31
0.0
  0
LINE
  5
603
330
17
100
AcDbEntity
  8
ENGRAVE_POLARS
100
AcDbLine
 10
20.61685776591036
 20
-9.741661471402153
 30
0.0
 11
20.550932769848192
 21
-10.016967082315647
 31
0.0
  0
LINE
  5
604
330
17
100
AcDbEntity
  8
ENGRAVE_POLARS
100
AcDbLine
 10
20.550932769848192
 20
-10.016967082315647
 30
0.0
 11
20.467839930485894
 21
-10.28830559045246
 31
0.0
  0
LINE
  5
605
330
17
100
AcDbEntity
  8
ENGRAVE_POLARS
100
AcDbLine
 10
20.467839930485894
 20
-10.28830559045246
 30
0.0
 11
20.363557005870156
 21
-10.562960304146184
 31
0.0
  0
LINE
  5
606
330
17
100
AcDbEntity
  8
ENGRAVE_POLARS
100
AcDbLine
 10
20.363557005870156
 20
-10.562960304146184
 30
0.0
 11
20.234061754047655
 21
-10.848214531730413
 31
0.0
  0
LINE
  5
607
330
17
100
AcDbEntity
  8
ENGRAVE_POLARS
100
AcDbLine
 10
20.234061754047655
 20
-10.848214531730413
 30
0.0
 11
20.075331933065055
 21
-11.151351581538739
 31
0.0
  0
LINE
  5
608
330
17
100
AcDbEntity
  8
ENGRAVE_POLARS
100
AcDbLine
 10
20.075331933065055
 20
-11.151351581538739
 30
0.0
 11
19.88334530096905
 21
-11.479654761904756
 31
0.0
  0
LINE
  5
609
330
17
100
AcDbEntity
  8
ENGRAVE_POLARS
100
AcDbLine
 10
19.88334530096905
 20
-11.479654761904756
 30
0.0
 11
19.657455155290194
 21
-11.8329905453749
 31
0.0
  0
LINE
  5
60A
330
17
100
AcDbEntity
  8
ENGRAVE_POLARS
100
AcDbLine
 10
19.657455155290194
 20
-11.8329905453749
 30
0.0
 11
19.401637858406097
 21
-12.203328532660255
 31
0.0
  0
LINE
  5
60B
330
17
100
AcDbEntity
  8
ENGRAVE_POLARS
100
AcDbLine
 10
19.401637858406097
 20
-12.203328532660255
 30
0.0
 11
19.118805765634033
 21
-12.586106724341384
 31
0.0
  0
LINE
  5
60C
330
17
100
AcDbEntity
  8
ENGRAVE_POLARS
100
AcDbLine
 10
19.118805765634033
 20
-12.586106724341384
 30
0.0
 11
18.811871232291253
 21
-12.976763120998857
 31
0.0
  0
LINE
  5
60D
330
17
100
AcDbEntity
  8
ENGRAVE_POLARS
100
AcDbLine
 10
18.811871232291253
 20
-12.976763120998857
 30
0.0
 11
18.483746613695033
 21
-13.370735723213246
 31
0.0
  0
LINE
  5
60E
330
17
100
AcDbEntity
  8
ENGRAVE_POLARS
100
AcDbLine
 10
18.483746613695033
 20
-13.370735723213246
 30
0.0
 11
18.137344265162625
 21
-13.763462531565109
 31
0.0
  0
LINE
  5
60F
330
17
100
AcDbEntity
  8
ENGRAVE_POLARS
100
AcDbLine
 10
18.137344265162625
 20
-13.763462531565109
 30
0.0
 11
17.775576542011297
 21
-14.150381546635018
 31
0.0
  0
LINE
  5
610
330
17
100
AcDbEntity
  8
ENGRAVE_POLARS
100
AcDbLine
 10
17.775576542011297
 20
-14.150381546635018
 30
0.0
 11
17.40135579955831
 21
-14.526930769003542
 31
0.0
  0
LINE
  5
611
330
17
100
AcDbEntity
  8
ENGRAVE_POLARS
100
AcDbLine
 10
17.40135579955831
 20
-14.526930769003542
 30
0.0
 11
17.01759439312094
 21
-14.888548199251243
 31
0.0
  0
LINE
  5
612
330
17
100
AcDbEntity
  8
ENGRAVE_POLARS
100
AcDbLine
 10
17.01759439312094
 20
-14.888548199251243
 30
0.0
 11
16.627204678016433
 21
-15.230671837958688
 31
0.0
  0
LINE
  5
613
330
17
100
AcDbEntity
  8
ENGRAVE_POLARS
100
AcDbLine
 10
16.627204678016433
 20
-15.230671837958688
 30
0.0
 11
16.23309900956206
 21
-15.548739685706447
 31
0.0
  0
LINE
  5
614
330
17
100
AcDbEntity
  8
ENGRAVE_POLARS
100
AcDbLine
 10
16.23309900956206
 20
-15.548739685706447
 30
0.0
 11
15.83818974307509
 21
-15.838189743075088
 31
0.0
  0
LINE
  5
615
330
17
100
AcDbEntity
  8
ENGRAVE_POLARS
100
AcDbLine
 10
15.83818974307509
 20
-15.838189743075088
 30
0.0
 11
15.434416701058142
 21
-16.1022238120357
 31
0.0
  0
LINE
  5
616
330
17
100
AcDbEntity
  8
ENGRAVE_POLARS
100
AcDbLine
 10
15.434416701058142
 20
-16.1022238120357
 30
0.0
 11
15.0134735647577
 21
-16.347856129572907
 31
0.0
  0
LINE
  5
617
330
17
100
AcDbEntity
  8
ENGRAVE_POLARS
100
AcDbLine
 10
15.0134735647577
 20
-16.347856129572907
 30
0.0
 11
14.577903477606794
 21
-16.576243348787564
 31
0.0
  0
LINE
  5
618
330
17
100
AcDbEntity
  8
ENGRAVE_POLARS
100
AcDbLine
 10
14.577903477606794
 20
-16.576243348787564
 30
0.0
 11
14.130249583038458
 21
-16.78854212278054
 31
0.0
  0
LINE
  5
619
330
17
100
AcDbEntity
  8
ENGRAVE_POLARS
100
AcDbLine
 10
14.130249583038458
 20
-16.78854212278054
 30
0.0
 11
13.67305502448573
 21
-16.9859091046527
 31
0.0
  0
LINE
  5
61A
330
17
100
AcDbEntity
  8
ENGRAVE_POLARS
100
AcDbLine
 10
13.67305502448573
 20
-16.9859091046527
 30
0.0
 11
13.208862945381645
 21
-17.169500947504897
 31
0.0
  0
LINE
  5
61B
330
17
100
AcDbEntity
  8
ENGRAVE_POLARS
100
AcDbLine
 10
13.208862945381645
 20
-17.169500947504897
 30
0.0
 11
12.740216489159236
 21
-17.340474304437997
 31
0.0
  0
LINE
  5
61C
330
17
100
AcDbEntity
  8
ENGRAVE_POLARS
100
AcDbLine
 10
12.740216489159236
 20
-17.340474304437997
 30
0.0
 11
12.26965879925154
 21
-17.499985828552862
 31
0.0
  0
LINE
  5
61D
330
17
100
AcDbEntity
  8
ENGRAVE_POLARS
100
AcDbLine
 10
12.26965879925154
 20
-17.499985828552862
 30
0.0
 11
11.799733019091592
 21
-17.649192172950354
 31
0.0
  0
LINE
  5
61E
330
17
100
AcDbEntity
  8
ENGRAVE_POLARS
100
AcDbLine
 10
11.799733019091592
 20
-17.649192172950354
 30
0.0
 11
11.332982292112424
 21
-17.78924999073133
 31
0.0
  0
LINE
  5
61F
330
17
100
AcDbEntity
  8
ENGRAVE_POLARS
100
AcDbLine
 10
11.332982292112424
 20
-17.78924999073133
 30
0.0
 11
10.871949761747072
 21
-17.92131593499666
 31
0.0
  0
LINE
  5
620
330
17
100
AcDbEntity
  8
ENGRAVE_POLARS
100
AcDbLine
 10
10.871949761747072
 20
-17.92131593499666
 30
0.0
 11
10.41917857142857
 21
-18.046546658847202
 31
0.0
  0
LINE
  5
621
330
17
100
AcDbEntity
  8
ENGRAVE_POLARS
100
AcDbLine
 10
10.41917857142857
 20
-18.046546658847202
 30
0.0
 11
9.955229496327606
 21
-18.161178183147808
 31
0.0
  0
LINE
  5
622
330
17
100
AcDbEntity
  8
ENGRAVE_POLARS
100
AcDbLine
 10
9.955229496327606
 20
-18.161178183147808
 30
0.0
 11
9.46495778235312
 21
-18.261553445066085
 31
0.0
  0
LINE
  5
623
330
17
100
AcDbEntity
  8
ENGRAVE_POLARS
100
AcDbLine
 10
9.46495778235312
 20
-18.261553445066085
 30
0.0
 11
8.957348279045535
 21
-18.348989472157015
 31
0.0
  0
LINE
  5
624
330
17
100
AcDbEntity
  8
ENGRAVE_POLARS
100
AcDbLine
 10
8.957348279045535
 20
-18.348989472157015
 30
0.0
 11
8.441385835945274
 21
-18.424803291975582
 31
0.0
  0
LINE
  5
625
330
17
100
AcDbEntity
  8
ENGRAVE_POLARS
100
AcDbLine
 10
8.441385835945274
 20
-18.424803291975582
 30
0.0
 11
7.9260553025927605
 21
-18.490311932076782
 31
0.0
  0
LINE
  5
626
330
17
100
AcDbEntity
  8
ENGRAVE_POLARS
100
AcDbLine
 10
7.9260553025927605
 20
-18.490311932076782
 30
0.0
 11
7.420341528528414
 21
-18.54683242001559
 31
0.0
  0
LINE
  5
627
330
17
100
AcDbEntity
  8
ENGRAVE_POLARS
100
AcDbLine
 10
7.420341528528414
 20
-18.54683242001559
 30
0.0
 11
6.933229363292661
 21
-18.595681783347
 31
0.0
  0
LINE
  5
628
330
17
100
AcDbEntity
  8
ENGRAVE_POLARS
100
AcDbLine
 10
6.933229363292661
 20
-18.595681783347
 30
0.0
 11
6.47370365642592
 21
-18.638177049625984
 31
0.0
  0
LINE
  5
629
330
17
100
AcDbEntity
  8
ENGRAVE_POLARS
100
AcDbLine
 10
6.47370365642592
 20
-18.638177049625984
 30
0.0
 11
6.050749257468619
 21
-18.67563524640754
 31
0.0
  0
LINE
  5
62A
330
17
100
AcDbEntity
  8
ENGRAVE_POLARS
100
AcDbLine
 10
6.050749257468619
 20
-18.67563524640754
 30
0.0
 11
5.673351015961174
 21
-18.70937340124665
 31
0.0
  0
LINE
  5
62B
330
17
100
AcDbEntity
  8
ENGRAVE_POLARS
100
AcDbLine
 10
5.673351015961174
 20
-18.70937340124665
 30
0.0
 11
5.350493781444011
 21
-18.7407085416983
 31
0.0
  0
LINE
  5
62C
330
17
100
AcDbEntity
  8
ENGRAVE_POLARS
100
AcDbLine
 10
5.350493781444011
 20
-18.7407085416983
 30
0.0
 11
5.091162403457552
 21
-18.770957695317474
 31
0.0
  0
LINE
  5
62D
330
17
100
AcDbEntity
  8
ENGRAVE_POLARS
100
AcDbLine
 10
5.091162403457552
 20
-18.770957695317474
 30
0.0
 11
4.917447846290376
 21
-18.79694062115047
 31
0.0
  0
LINE
  5
62E
330
17
100
AcDbEntity
  8
ENGRAVE_POLARS
100
AcDbLine
 10
4.917447846290376
 20
-18.79694062115047
 30
0.0
 11
4.8336063422638444
 21
-18.815196772166768
 31
0.0
  0
LINE
  5
62F
330
17
100
AcDbEntity
  8
ENGRAVE_POLARS
100
AcDbLine
 10
4.8336063422638444
 20
-18.815196772166768
 30
0.0
 11
4.821870642967555
 21
-18.82662271680612
 31
0.0
  0
LINE
  5
630
330
17
100
AcDbEntity
  8
ENGRAVE_POLARS
100
AcDbLine
 10
4.821870642967555
 20
-18.82662271680612
 30
0.0
 11
4.864473499991106
 21
-18.832115023508283
 31
0.0
  0
LINE
  5
631
330
17
100
AcDbEntity
  8
ENGRAVE_POLARS
100
AcDbLine
 10
4.864473499991106
 20
-18.832115023508283
 30
0.0
 11
4.943647664924092
 21
-18.832570260713016
 31
0.0
  0
LINE
  5
632
330
17
100
AcDbEntity
  8
ENGRAVE_POLARS
100
AcDbLine
 10
4.943647664924092
 20
-18.832570260713016
 30
0.0
 11
5.041625889356112
 21
-18.828884996860076
 31
0.0
  0
LINE
  5
633
330
17
100
AcDbEntity
  8
ENGRAVE_POLARS
100
AcDbLine
 10
5.041625889356112
 20
-18.828884996860076
 30
0.0
 11
5.140640924876763
 21
-18.82195580038921
 31
0.0
  0
LINE
  5
634
330
17
100
AcDbEntity
  8
ENGRAVE_POLARS
100
AcDbLine
 10
5.140640924876763
 20
-18.82195580038921
 30
0.0
 11
5.2229255230756415
 21
-18.81267923974018
 31
0.0
  0
LINE
  5
635
330
17
100
AcDbEntity
  8
ENGRAVE_POLARS
100
AcDbLine
 10
5.2229255230756415
 20
-18.81267923974018
 30
0.0
 11
5.270712435542346
 21
-18.801951883352743
 31
0.0
  0
LINE
  5
636
330
17
100
AcDbEntity
  8
ENGRAVE_POLARS
100
AcDbLine
 10
5.270712435542346
 20
-18.801951883352743
 30
0.0
 11
5.266234413866471
 21
-18.79067029966665
 31
0.0
  0
LINE
  5
637
330
17
100
AcDbEntity
  8
ENGRAVE_POLARS
100
AcDbLine
 10
5.266234413866471
 20
-18.79067029966665
 30
0.0
 11
5.1917242096376155
 21
-18.779731057121662
 31
0.0
  0
LINE
  5
638
330
17
100
AcDbEntity
  8
ENGRAVE_POLARS
100
AcDbLine
 10
5.1917242096376155
 20
-18.779731057121662
 30
0.0
 11
5.0294145744453775
 21
-18.770030724157532
 31
0.0
  0
LINE
  5
639
330
17
100
AcDbEntity
  8
ENGRAVE_POLARS
100
AcDbLine
 10
5.0294145744453775
 20
-18.770030724157532
 30
0.0
 11
4.768214550845334
 21
-18.759190457738626
 31
0.0
  0
LINE
  5
63A
330
17
100
AcDbEntity
  8
ENGRAVE_POLARS
100
AcDbLine
 10
4.768214550845334
 20
-18.759190457738626
 30
0.0
 11
4.420448709638747
 21
-18.74471837399891
 31
0.0
  0
LINE
  5
63B
330
17
100
AcDbEntity
  8
ENGRAVE_POLARS
100
AcDbLine
 10
4.420448709638747
 20
-18.74471837399891
 30
0.0
 11
4.003473094783743
 21
-18.72734148013252
 31
0.0
  0
LINE
  5
63C
330
17
100
AcDbEntity
  8
ENGRAVE_POLARS
100
AcDbLine
 10
4.003473094783743
 20
-18.72734148013252
 30
0.0
 11
3.5346437502384385
 21
-18.707786783333578
 31
0.0
  0
LINE
  5
63D
330
17
100
AcDbEntity
  8
ENGRAVE_POLARS
100
AcDbLine
 10
3.5346437502384385
 20
-18.707786783333578
 30
0.0
 11
3.0313167199609596
 21
-18.686781290796226
 31
0.0
  0
LINE
  5
63E
330
17
100
AcDbEntity
  8
ENGRAVE_POLARS
100
AcDbLine
 10
3.0313167199609596
 20
-18.686781290796226
 30
0.0
 11
2.510848047909429
 21
-18.665052009714607
 31
0.0
  0
LINE
  5
63F
330
17
100
AcDbEntity
  8
ENGRAVE_POLARS
100
AcDbLine
 10
2.510848047909429
 20
-18.665052009714607
 30
0.0
 11
1.9905937780419674
 21
-18.64332594728284
 31
0.0
  0
LINE
  5
640
330
17
100
AcDbEntity
  8
ENGRAVE_POLARS
100
AcDbLine
 10
1.9905937780419674
 20
-18.64332594728284
 30
0.0
 11
1.4879099543166987
 21
-18.62233011069507
 31
0.0
  0
LINE
  5
641
330
17
100
AcDbEntity
  8
ENGRAVE_POLARS
100
AcDbLine
 10
1.4879099543166987
 20
-18.62233011069507
 30
0.0
 11
1.0201526206917464
 21
-18.602791507145437
 31
0.0
  0
LINE
  5
642
330
17
100
AcDbEntity
  8
ENGRAVE_POLARS
100
AcDbLine
 10
1.0201526206917464
 20
-18.602791507145437
 30
0.0
 11
0.6046778211252305
 21
-18.58543714382807
 31
0.0
  0
LINE
  5
643
330
17
100
AcDbEntity
  8
ENGRAVE_POLARS
100
AcDbLine
 10
0.6046778211252305
 20
-18.58543714382807
 30
0.0
 11
0.2588415995752749
 21
-18.570994027937097
 31
0.0
  0
LINE
  5
644
330
17
100
AcDbEntity
  8
ENGRAVE_POLARS
100
AcDbLine
 10
0.2588415995752749
 20
-18.570994027937097
 30
0.0
 11
2.2729676254527714e-15
 21
-18.560189166666667
 31
0.0
  0
LINE
  5
645
330
17
100
AcDbEntity
  8
ENGRAVE_POLARS
100
AcDbLine
 10
-10.696686249464763
 20
13.69182363660816
 30
0.0
 11
-10.928483225628513
 21
13.60942428120509
 31
0.0
  0
LINE
  5
646
330
17
100
AcDbEntity
  8
ENGRAVE_POLARS
100
AcDbLine
 10
-10.928483225628513
 20
13.60942428120509
 30
0.0
 11
-11.230037612687596
 21
13.507336101283453
 31
0.0
  0
LINE
  5
647
330
17
100
AcDbEntity
  8
ENGRAVE_POLARS
100
AcDbLine
 10
-11.230037612687596
 20
13.507336101283453
 30
0.0
 11
-11.58880453169922
 21
13.388138983860285
 31
0.0
  0
LINE
  5
648
330
17
100
AcDbEntity
  8
ENGRAVE_POLARS
100
AcDbLine
 10
-11.58880453169922
 20
13.388138983860285
 30
0.0
 11
-11.992239103720605
 21
13.254412815952618
 31
0.0
  0
LINE
  5
649
330
17
100
AcDbEntity
  8
ENGRAVE_POLARS
100
AcDbLine
 10
-11.992239103720605
 20
13.254412815952618
 30
0.0
 11
-12.427796449808962
 21
13.108737484577492
 31
0.0
  0
LINE
  5
64A
330
17
100
AcDbEntity
  8
ENGRAVE_POLARS
100
AcDbLine
 10
-12.427796449808962
 20
13.108737484577492
 30
0.0
 11
-12.882931691021497
 21
12.953692876751937
 31
0.0
  0
LINE
  5
64B
330
17
100
AcDbEntity
  8
ENGRAVE_POLARS
100
AcDbLine
 10
-12.882931691021497
 20
12.953692876751937
 30
0.0
 11
-13.34509994841543
 21
12.791858879492988
 31
0.0
  0
LINE
  5
64C
330
17
100
AcDbEntity
  8
ENGRAVE_POLARS
100
AcDbLine
 10
-13.34509994841543
 20
12.791858879492988
 30
0.0
 11
-13.801756343047971
 21
12.625815379817679
 31
0.0
  0
LINE
  5
64D
330
17
100
AcDbEntity
  8
ENGRAVE_POLARS
100
AcDbLine
 10
-13.801756343047971
 20
12.625815379817679
 30
0.0
 11
-14.240355995976326
 21
12.458142264743044
 31
0.0
  0
LINE
  5
64E
330
17
100
AcDbEntity
  8
ENGRAVE_POLARS
100
AcDbLine
 10
-14.240355995976326
 20
12.458142264743044
 30
0.0
 11
-14.648354028257717
 21
12.291419421286124
 31
0.0
  0
LINE
  5
64F
330
17
100
AcDbEntity
  8
ENGRAVE_POLARS
100
AcDbLine
 10
-14.648354028257717
 20
12.291419421286124
 30
0.0
 11
-15.013205560949352
 21
12.128226736463944
 31
0.0
  0
LINE
  5
650
330
17
100
AcDbEntity
  8
ENGRAVE_POLARS
100
AcDbLine
 10
-15.013205560949352
 20
12.128226736463944
 30
0.0
 11
-15.322365715108441
 21
11.971144097293545
 31
0.0
  0
LINE
  5
651
330
17
100
AcDbEntity
  8
ENGRAVE_POLARS
100
AcDbLine
 10
-15.322365715108441
 20
11.971144097293545
 30
0.0
 11
-15.582251286507656
 21
11.819647416374936
 31
0.0
  0
LINE
  5
652
330
17
100
AcDbEntity
  8
ENGRAVE_POLARS
100
AcDbLine
 10
-15.582251286507656
 20
11.819647416374936
 30
0.0
 11
-15.810631013121734
 21
11.670588761344089
 31
0.0
  0
LINE
  5
653
330
17
100
AcDbEntity
  8
ENGRAVE_POLARS
100
AcDbLine
 10
-15.810631013121734
 20
11.670588761344089
 30
0.0
 11
-16.011987929310994
 21
11.522612251771974
 31
0.0
  0
LINE
  5
654
330
17
100
AcDbEntity
  8
ENGRAVE_POLARS
100
AcDbLine
 10
-16.011987929310994
 20
11.522612251771974
 30
0.0
 11
-16.190805069435758
 21
11.37436200722956
 31
0.0
  0
LINE
  5
655
330
17
100
AcDbEntity
  8
ENGRAVE_POLARS
100
AcDbLine
 10
-16.190805069435758
 20
11.37436200722956
 30
0.0
 11
-16.351565467856343
 21
11.224482147287828
 31
0.0
  0
LINE
  5
656
330
17
100
AcDbEntity
  8
ENGRAVE_POLARS
100
AcDbLine
 10
-16.351565467856343
 20
11.224482147287828
 30
0.0
 11
-16.49875215893306
 21
11.071616791517739
 31
0.0
  0
LINE
  5
657
330
17
100
AcDbEntity
  8
ENGRAVE_POLARS
100
AcDbLine
 10
-16.49875215893306
 20
11.071616791517739
 30
0.0
 11
-16.63684817702623
 21
10.914410059490269
 31
0.0
  0
LINE
  5
658
330
17
100
AcDbEntity
  8
ENGRAVE_POLARS
100
AcDbLine
 10
-16.63684817702623
 20
10.914410059490269
 30
0.0
 11
-16.770336556496186
 21
10.751506070776388
 31
0.0
  0
LINE
  5
659
330
17
100
AcDbEntity
  8
ENGRAVE_POLARS
100
AcDbLine
 10
-16.770336556496186
 20
10.751506070776388
 30
0.0
 11
-16.903700331703227
 21
10.58154894494707
 31
0.0
  0
LINE
  5
65A
330
17
100
AcDbEntity
  8
ENGRAVE_POLARS
100
AcDbLine
 10
-16.903700331703227
 20
10.58154894494707
 30
0.0
 11
-17.041422537007684
 21
10.403182801573282
 31
0.0
  0
LINE
  5
65B
330
17
100
AcDbEntity
  8
ENGRAVE_POLARS
100
AcDbLine
 10
-17.041422537007684
 20
10.403182801573282
 30
0.0
 11
-17.187986206769864
 21
10.215051760225998
 31
0.0
  0
LINE
  5
65C
330
17
100
AcDbEntity
  8
ENGRAVE_POLARS
100
AcDbLine
 10
-17.187986206769864
 20
10.215051760225998
 30
0.0
 11
-17.347874375350095
 21
10.01579994047619
 31
0.0
  0
LINE
  5
65D
330
17
100
AcDbEntity
  8
ENGRAVE_POLARS
100
AcDbLine
 10
-17.347874375350095
 20
10.01579994047619
 30
0.0
 11
-17.519796447513823
 21
9.799594449630485
 31
0.0
  0
LINE
  5
65E
330
17
100
AcDbEntity
  8
ENGRAVE_POLARS
100
AcDbLine
 10
-17.519796447513823
 20
9.799594449630485
 30
0.0
 11
-17.69804055244598
 21
9.564202589170222
 31
0.0
  0
LINE
  5
65F
330
17
100
AcDbEntity
  8
ENGRAVE_POLARS
100
AcDbLine
 10
-17.69804055244598
 20
9.564202589170222
 30
0.0
 11
-17.880457811136132
 21
9.313668769928443
 31
0.0
  0
LINE
  5
660
330
17
100
AcDbEntity
  8
ENGRAVE_POLARS
100
AcDbLine
 10
-17.880457811136132
 20
9.313668769928443
 30
0.0
 11
-18.06489934457382
 21
9.052037402738181
 31
0.0
  0
LINE
  5
661
330
17
100
AcDbEntity
  8
ENGRAVE_POLARS
100
AcDbLine
 10
-18.06489934457382
 20
9.052037402738181
 30
0.0
 11
-18.2492162737486
 21
8.783352898432483
 31
0.0
  0
LINE
  5
662
330
17
100
AcDbEntity
  8
ENGRAVE_POLARS
100
AcDbLine
 10
-18.2492162737486
 20
8.783352898432483
 30
0.0
 11
-18.431259719650026
 21
8.511659667844386
 31
0.0
  0
LINE
  5
663
330
17
100
AcDbEntity
  8
ENGRAVE_POLARS
100
AcDbLine
 10
-18.431259719650026
 20
8.511659667844386
 30
0.0
 11
-18.60888080326765
 21
8.241002121806925
 31
0.0
  0
LINE
  5
664
330
17
100
AcDbEntity
  8
ENGRAVE_POLARS
100
AcDbLine
 10
-18.60888080326765
 20
8.241002121806925
 30
0.0
 11
-18.779930645591026
 21
7.975424671153148
 31
0.0
  0
LINE
  5
665
330
17
100
AcDbEntity
  8
ENGRAVE_POLARS
100
AcDbLine
 10
-18.779930645591026
 20
7.975424671153148
 30
0.0
 11
-18.942260367609705
 21
7.71897172671609
 31
0.0
  0
LINE
  5
666
330
17
100
AcDbEntity
  8
ENGRAVE_POLARS
100
AcDbLine
 10
-18.942260367609705
 20
7.71897172671609
 30
0.0
 11
-19.09372109031324
 21
7.475687699328789
 31
0.0
  0
LINE
  5
667
330
17
100
AcDbEntity
  8
ENGRAVE_POLARS
100
AcDbLine
 10
-19.09372109031324
 20
7.475687699328789
 30
0.0
 11
-19.232163934691183
 21
7.249616999824288
 31
0.0
  0
LINE
  5
668
330
17
100
AcDbEntity
  8
ENGRAVE_POLARS
100
AcDbLine
 10
-19.232163934691183
 20
7.249616999824288
 30
0.0
 11
-19.35544002173309
 21
7.044804039035625
 31
0.0
  0
LINE
  5
669
330
17
100
AcDbEntity
  8
ENGRAVE_POLARS
100
AcDbLine
 10
-19.35544002173309
 20
7.044804039035625
 30
0.0
 11
-19.46269228728341
 21
6.860991481545836
 31
0.0
  0
LINE
  5
66A
330
17
100
AcDbEntity
  8
ENGRAVE_POLARS
100
AcDbLine
 10
-19.46269228728341
 20
6.860991481545836
 30
0.0
 11
-19.55571955852728
 21
6.693603483908089
 31
0.0
  0
LINE
  5
66B
330
17
100
AcDbEntity
  8
ENGRAVE_POLARS
100
AcDbLine
 10
-19.55571955852728
 20
6.693603483908089
 30
0.0
 11
-19.636356793465282
 21
6.540206694910608
 31
0.0
  0
LINE
  5
66C
330
17
100
AcDbEntity
  8
ENGRAVE_POLARS
100
AcDbLine
 10
-19.636356793465282
 20
6.540206694910608
 30
0.0
 11
-19.706438950098004
 21
6.398367763341618
 31
0.0
  0
LINE
  5
66D
330
17
100
AcDbEntity
  8
ENGRAVE_POLARS
100
AcDbLine
 10
-19.706438950098004
 20
6.398367763341618
 30
0.0
 11
-19.767800986426032
 21
6.265653337989348
 31
0.0
  0
LINE
  5
66E
330
17
100
AcDbEntity
  8
ENGRAVE_POLARS
100
AcDbLine
 10
-19.767800986426032
 20
6.265653337989348
 30
0.0
 11
-19.82227786044995
 21
6.139630067642024
 31
0.0
  0
LINE
  5
66F
330
17
100
AcDbEntity
  8
ENGRAVE_POLARS
100
AcDbLine
 10
-19.82227786044995
 20
6.139630067642024
 30
0.0
 11
-19.871704530170334
 21
6.017864601087871
 31
0.0
  0
LINE
  5
670
330
17
100
AcDbEntity
  8
ENGRAVE_POLARS
100
AcDbLine
 10
-19.871704530170334
 20
6.017864601087871
 30
0.0
 11
-19.91791595358778
 21
5.897923587115119
 31
0.0
  0
LINE
  5
671
330
17
100
AcDbEntity
  8
ENGRAVE_POLARS
100
AcDbLine
 10
-19.91791595358778
 20
5.897923587115119
 30
0.0
 11
-19.962747088702866
 21
5.777373674511993
 31
0.0
  0
LINE
  5
672
330
17
100
AcDbEntity
  8
ENGRAVE_POLARS
100
AcDbLine
 10
-19.962747088702866
 20
5.777373674511993
 30
0.0
 11
-20.008032893516177
 21
5.653781512066718
 31
0.0
  0
LINE
  5
673
330
17
100
AcDbEntity
  8
ENGRAVE_POLARS
100
AcDbLine
 10
-20.008032893516177
 20
5.653781512066718
 30
0.0
 11
-20.055608326028292
 21
5.524713748567521
 31
0.0
  0
LINE
  5
674
330
17
100
AcDbEntity
  8
ENGRAVE_POLARS
100
AcDbLine
 10
-20.055608326028292
 20
5.524713748567521
 30
0.0
 11
-20.107308344239808
 21
5.387737032802631
 31
0.0
  0
LINE
  5
675
330
17
100
AcDbEntity
  8
ENGRAVE_POLARS
100
AcDbLine
 10
-20.107308344239808
 20
5.387737032802631
 30
0.0
 11
-20.160605156985913
 21
5.25145304851569
 31
0.0
  0
LINE
  5
676
330
17
100
AcDbEntity
  8
ENGRAVE_POLARS
100
AcDbLine
 10
-20.160605156985913
 20
5.25145304851569
 30
0.0
 11
-20.21188839752472
 21
5.123990159410952
 31
0.0
  0
LINE
  5
677
330
17
100
AcDbEntity
  8
ENGRAVE_POLARS
100
AcDbLine
 10
-20.21188839752472
 20
5.123990159410952
 30
0.0
 11
-20.261369160491217
 21
5.002205034217558
 31
0.0
  0
LINE
  5
678
330
17
100
AcDbEntity
  8
ENGRAVE_POLARS
100
AcDbLine
 10
-20.261369160491217
 20
5.002205034217558
 30
0.0
 11
-20.30925854052038
 21
4.882954341664649
 31
0.0
  0
LINE
  5
679
330
17
100
AcDbEntity
  8
ENGRAVE_POLARS
100
AcDbLine
 10
-20.30925854052038
 20
4.882954341664649
 30
0.0
 11
-20.355767632247183
 21
4.763094750481366
 31
0.0
  0
LINE
  5
67A
330
17
100
AcDbEntity
  8
ENGRAVE_POLARS
100
AcDbLine
 10
-20.355767632247183
 20
4.763094750481366
 30
0.0
 11
-20.4011075303066
 21
4.6394829293968485
 31
0.0
  0
LINE
  5
67B
330
17
100
AcDbEntity
  8
ENGRAVE_POLARS
100
AcDbLine
 10
-20.4011075303066
 20
4.6394829293968485
 30
0.0
 11
-20.445489329333615
 21
4.508975547140238
 31
0.0
  0
LINE
  5
67C
330
17
100
AcDbEntity
  8
ENGRAVE_POLARS
100
AcDbLine
 10
-20.445489329333615
 20
4.508975547140238
 30
0.0
 11
-20.4891241239632
 21
4.368429272440676
 31
0.0
  0
LINE
  5
67D
330
17
100
AcDbEntity
  8
ENGRAVE_POLARS
100
AcDbLine
 10
-20.4891241239632
 20
4.368429272440676
 30
0.0
 11
-20.53222300883034
 21
4.214700774027303
 31
0.0
  0
LINE
  5
67E
330
17
100
AcDbEntity
  8
ENGRAVE_POLARS
100
AcDbLine
 10
-20.53222300883034
 20
4.214700774027303
 30
0.0
 11
-20.574997078570004
 21
4.04464672062926
 31
0.0
  0
LINE
  5
67F
330
17
100
AcDbEntity
  8
ENGRAVE_POLARS
100
AcDbLine
 10
-20.574997078570004
 20
4.04464672062926
 30
0.0
 11
-20.61765742781717
 21
3.855123780975686
 31
0.0
  0
LINE
  5
680
330
17
100
AcDbEntity
  8
ENGRAVE_POLARS
100
AcDbLine
 10
-20.61765742781717
 20
3.855123780975686
 30
0.0
 11
-20.66041515120682
 21
3.6429886237957243
 31
0.0
  0
LINE
  5
681
330
17
100
AcDbEntity
  8
ENGRAVE_POLARS
100
AcDbLine
 10
-20.66041515120682
 20
3.6429886237957243
 30
0.0
 11
-20.70511825951763
 21
3.418456984520479
 31
0.0
  0
LINE
  5
682
330
17
100
AcDbEntity
  8
ENGRAVE_POLARS
100
AcDbLine
 10
-20.70511825951763
 20
3.418456984520479
 30
0.0
 11
-20.752712474552425
 21
3.1914588743561363
 31
0.0
  0
LINE
  5
683
330
17
100
AcDbEntity
  8
ENGRAVE_POLARS
100
AcDbLine
 10
-20.752712474552425
 20
3.1914588743561363
 30
0.0
 11
-20.802055457482393
 21
2.958422375694458
 31
0.0
  0
LINE
  5
684
330
17
100
AcDbEntity
  8
ENGRAVE_POLARS
100
AcDbLine
 10
-20.802055457482393
 20
2.958422375694458
 30
0.0
 11
-20.85200486947872
 21
2.715775570927207
 31
0.0
  0
LINE
  5
685
330
17
100
AcDbEntity
  8
ENGRAVE_POLARS
100
AcDbLine
 10
-20.85200486947872
 20
2.715775570927207
 30
0.0
 11
-20.9014183717126
 21
2.459946542446145
 31
0.0
  0
LINE
  5
686
330
17
100
AcDbEntity
  8
ENGRAVE_POLARS
100
AcDbLine
 10
-20.9014183717126
 20
2.459946542446145
 30
0.0
 11
-20.949153625355216
 21
2.1873633726430333
 31
0.0
  0
LINE
  5
687
330
17
100
AcDbEntity
  8
ENGRAVE_POLARS
100
AcDbLine
 10
-20.949153625355216
 20
2.1873633726430333
 30
0.0
 11
-20.994068291577758
 21
1.8944541439096345
 31
0.0
  0
LINE
  5
688
330
17
100
AcDbEntity
  8
ENGRAVE_POLARS
100
AcDbLine
 10
-20.994068291577758
 20
1.8944541439096345
 30
0.0
 11
-21.035020031551415
 21
1.5776469386377103
 31
0.0
  0
LINE
  5
689
330
17
100
AcDbEntity
  8
ENGRAVE_POLARS
100
AcDbLine
 10
-21.035020031551415
 20
1.5776469386377103
 30
0.0
 11
-21.070866506447373
 21
1.2333698392190233
 31
0.0
  0
LINE
  5
68A
330
17
100
AcDbEntity
  8
ENGRAVE_POLARS
100
AcDbLine
 10
-21.070866506447373
 20
1.2333698392190233
 30
0.0
 11
-21.100465377436826
 21
0.8580509280453344
 31
0.0
  0
LINE
  5
68B
330
17
100
AcDbEntity
  8
ENGRAVE_POLARS
100
AcDbLine
 10
-21.100465377436826
 20
0.8580509280453344
 30
0.0
 11
-21.122674305690953
 21
0.44811828750840643
 31
0.0
  0
LINE
  5
68C
330
17
100
AcDbEntity
  8
ENGRAVE_POLARS
100
AcDbLine
 10
-21.122674305690953
 20
0.44811828750840643
 30
0.0
 11
-21.136350952380955
 21
1.2942282269744223e-15
 31
0.0
  0
LINE
  5
68D
330
17
100
AcDbEntity
  8
ENGRAVE_POLARS
100
AcDbLine
 10
-21.136350952380955
 20
1.2942282269744223e-15
 30
0.0
 11
-21.142826145139896
 21
-0.5065598698188737
 31
0.0
  0
LINE
  5
68E
330
17
100
AcDbEntity
  8
ENGRAVE_POLARS
100
AcDbLine
 10
-21.142826145139896
 20
-0.5065598698188737
 30
0.0
 11
-21.144192962092994
 21
-1.0805548252276809
 31
0.0
  0
LINE
  5
68F
330
17
100
AcDbEntity
  8
ENGRAVE_POLARS
100
AcDbLine
 10
-21.144192962092994
 20
-1.0805548252276809
 30
0.0
 11
-21.14045244014962
 21
-1.7086631357453639
 31
0.0
  0
LINE
  5
690
330
17
100
AcDbEntity
  8
ENGRAVE_POLARS
100
AcDbLine
 10
-21.14045244014962
 20
-1.7086631357453639
 30
0.0
 11
-21.131605616219172
 21
-2.377563070890867
 31
0.0
  0
LINE
  5
691
330
17
100
AcDbEntity
  8
ENGRAVE_POLARS
100
AcDbLine
 10
-21.131605616219172
 20
-2.377563070890867
 30
0.0
 11
-21.117653527211026
 21
-3.0739329001831326
 31
0.0
  0
LINE
  5
692
330
17
100
AcDbEntity
  8
ENGRAVE_POLARS
100
AcDbLine
 10
-21.117653527211026
 20
-3.0739329001831326
 30
0.0
 11
-21.098597210034566
 21
-3.7844508931411056
 31
0.0
  0
LINE
  5
693
330
17
100
AcDbEntity
  8
ENGRAVE_POLARS
100
AcDbLine
 10
-21.098597210034566
 20
-3.7844508931411056
 30
0.0
 11
-21.07443770159917
 21
-4.495795319283729
 31
0.0
  0
LINE
  5
694
330
17
100
AcDbEntity
  8
ENGRAVE_POLARS
100
AcDbLine
 10
-21.07443770159917
 20
-4.495795319283729
 30
0.0
 11
-21.045176038814237
 21
-5.194644448129948
 31
0.0
  0
LINE
  5
695
330
17
100
AcDbEntity
  8
ENGRAVE_POLARS
100
AcDbLine
 10
-21.045176038814237
 20
-5.194644448129948
 30
0.0
 11
-21.01081325858914
 21
-5.867676549198704
 31
0.0
  0
LINE
  5
696
330
17
100
AcDbEntity
  8
ENGRAVE_POLARS
100
AcDbLine
 10
-21.01081325858914
 20
-5.867676549198704
 30
0.0
 11
-20.97135039783326
 21
-6.501569892008941
 31
0.0
  0
LINE
  5
697
330
17
100
AcDbEntity
  8
ENGRAVE_POLARS
100
AcDbLine
 10
-20.97135039783326
 20
-6.501569892008941
 30
0.0
 11
-20.926788493455987
 21
-7.083002746079605
 31
0.0
  0
LINE
  5
698
330
17
100
AcDbEntity
  8
ENGRAVE_POLARS
100
AcDbLine
 10
-20.926788493455987
 20
-7.083002746079605
 30
0.0
 11
-20.8771285823667
 21
-7.598653380929637
 31
0.0
  0
LINE
  5
699
330
17
100
AcDbEntity
  8
ENGRAVE_POLARS
100
AcDbLine
 10
-20.8771285823667
 20
-7.598653380929637
 30
0.0
 11
-20.829743565085543
 21
-8.050711083508682
 31
0.0
  0
LINE
  5
69A
330
17
100
AcDbEntity
  8
ENGRAVE_POLARS
100
AcDbLine
 10
-20.829743565085543
 20
-8.050711083508682
 30
0.0
 11
-20.78932415622419
 21
-8.455101833309488
 31
0.0
  0
LINE
  5
69B
330
17
100
AcDbEntity
  8
ENGRAVE_POLARS
100
AcDbLine
 10
-20.78932415622419
 20
-8.455101833309488
 30
0.0
 11
-20.75184811382932
 21
-8.819108938665643
 31
0.0
  0
LINE
  5
69C
330
17
100
AcDbEntity
  8
ENGRAVE_POLARS
100
AcDbLine
 10
-20.75184811382932
 20
-8.819108938665643
 30
0.0
 11
-20.7132931959476
 21
-9.150015707910743
 31
0.0
  0
LINE
  5
69D
330
17
100
AcDbEntity
  8
ENGRAVE_POLARS
100
AcDbLine
 10
-20.7132931959476
 20
-9.150015707910743
 30
0.0
 11
-20.669637160625722
 21
-9.455105449378383
 31
0.0
  0
LINE
  5
69E
330
17
100
AcDbEntity
  8
ENGRAVE_POLARS
100
AcDbLine
 10
-20.669637160625722
 20
-9.455105449378383
 30
0.0
 11
-20.61685776591036
 21
-9.741661471402153
 31
0.0
  0
LINE
  5
69F
330
17
100
AcDbEntity
  8
ENGRAVE_POLARS
100
AcDbLine
 10
-20.61685776591036
 20
-9.741661471402153
 30
0.0
 11
-20.550932769848192
 21
-10.016967082315647
 31
0.0
  0
LINE
  5
6A0
330
17
100
AcDbEntity
  8
ENGRAVE_POLARS
100
AcDbLine
 10
-20.550932769848192
 20
-10.016967082315647
 30
0.0
 11
-20.467839930485894
 21
-10.28830559045246
 31
0.0
  0
LINE
  5
6A1
330
17
100
AcDbEntity
  8
ENGRAVE_POLARS
100
AcDbLine
 10
-20.467839930485894
 20
-10.28830559045246
 30
0.0
 11
-20.363557005870156
 21
-10.562960304146184
 31
0.0
  0
LINE
  5
6A2
330
17
100
AcDbEntity
  8
ENGRAVE_POLARS
100
AcDbLine
 10
-20.363557005870156
 20
-10.562960304146184
 30
0.0
 11
-20.234061754047655
 21
-10.848214531730413
 31
0.0
  0
LINE
  5
6A3
330
17
100
AcDbEntity
  8
ENGRAVE_POLARS
100
AcDbLine
 10
-20.234061754047655
 20
-10.848214531730413
 30
0.0
 11
-20.075331933065055
 21
-11.151351581538739
 31
0.0
  0
LINE
  5
6A4
330
17
100
AcDbEntity
  8
ENGRAVE_POLARS
100
AcDbLine
 10
-20.075331933065055
 20
-11.151351581538739
 30
0.0
 11
-19.88334530096905
 21
-11.479654761904756
 31
0.0
  0
LINE
  5
6A5
330
17
100
AcDbEntity
  8
ENGRAVE_POLARS
100
AcDbLine
 10
-19.88334530096905
 20
-11.479654761904756
 30
0.0
 11
-19.657455155290194
 21
-11.8329905453749
 31
0.0
  0
LINE
  5
6A6
330
17
100
AcDbEntity
  8
ENGRAVE_POLARS
100
AcDbLine
 10
-19.657455155290194
 20
-11.8329905453749
 30
0.0
 11
-19.401637858406097
 21
-12.203328532660255
 31
0.0
  0
LINE
  5
6A7
330
17
100
AcDbEntity
  8
ENGRAVE_POLARS
100
AcDbLine
 10
-19.401637858406097
 20
-12.203328532660255
 30
0.0
 11
-19.118805765634033
 21
-12.586106724341384
 31
0.0
  0
LINE
  5
6A8
330
17
100
AcDbEntity
  8
ENGRAVE_POLARS
100
AcDbLine
 10
-19.118805765634033
 20
-12.586106724341384
 30
0.0
 11
-18.811871232291253
 21
-12.976763120998857
 31
0.0
  0
LINE
  5
6A9
330
17
100
AcDbEntity
  8
ENGRAVE_POLARS
100
AcDbLine
 10
-18.811871232291253
 20
-12.976763120998857
 30
0.0
 11
-18.483746613695033
 21
-13.370735723213246
 31
0.0
  0
LINE
  5
6AA
330
17
100
AcDbEntity
  8
ENGRAVE_POLARS
100
AcDbLine
 10
-18.483746613695033
 20
-13.370735723213246
 30
0.0
 11
-18.137344265162625
 21
-13.763462531565109
 31
0.0
  0
LINE
  5
6AB
330
17
100
AcDbEntity
  8
ENGRAVE_POLARS
100
AcDbLine
 10
-18.137344265162625
 20
-13.763462531565109
 30
0.0
 11
-17.775576542011297
 21
-14.150381546635018
 31
0.0
  0
LINE
  5
6AC
330
17
100
AcDbEntity
  8
ENGRAVE_POLARS
100
AcDbLine
 10
-17.775576542011297
 20
-14.150381546635018
 30
0.0
 11
-17.40135579955831
 21
-14.526930769003542
 31
0.0
  0
LINE
  5
6AD
330
17
100
AcDbEntity
  8
ENGRAVE_POLARS
100
AcDbLine
 10
-17.40135579955831
 20
-14.526930769003542
 30
0.0
 11
-17.01759439312094
 21
-14.888548199251243
 31
0.0
  0
LINE
  5
6AE
330
17
100
AcDbEntity
  8
ENGRAVE_POLARS
100
AcDbLine
 10
-17.01759439312094
 20
-14.888548199251243
 30
0.0
 11
-16.627204678016433
 21
-15.230671837958688
 31
0.0
  0
LINE
  5
6AF
330
17
100
AcDbEntity
  8
ENGRAVE_POLARS
100
AcDbLine
 10
-16.627204678016433
 20
-15.230671837958688
 30
0.0
 11
-16.23309900956206
 21
-15.548739685706447
 31
0.0
  0
LINE
  5
6B0
330
17
100
AcDbEntity
  8
ENGRAVE_POLARS
100
AcDbLine
 10
-16.23309900956206
 20
-15.548739685706447
 30
0.0
 11
-15.83818974307509
 21
-15.838189743075088
 31
0.0
  0
LINE
  5
6B1
330
17
100
AcDbEntity
  8
ENGRAVE_POLARS
100
AcDbLine
 10
-15.83818974307509
 20
-15.838189743075088
 30
0.0
 11
-15.434416701058142
 21
-16.1022238120357
 31
0.0
  0
LINE
  5
6B2
330
17
100
AcDbEntity
  8
ENGRAVE_POLARS
100
AcDbLine
 10
-15.434416701058142
 20
-16.1022238120357
 30
0.0
 11
-15.0134735647577
 21
-16.347856129572907
 31
0.0
  0
LINE
  5
6B3
330
17
100
AcDbEntity
  8
ENGRAVE_POLARS
100
AcDbLine
 10
-15.0134735647577
 20
-16.347856129572907
 30
0.0
 11
-14.577903477606794
 21
-16.576243348787564
 31
0.0
  0
LINE
  5
6B4
330
17
100
AcDbEntity
  8
ENGRAVE_POLARS
100
AcDbLine
 10
-14.577903477606794
 20
-16.576243348787564
 30
0.0
 11
-14.130249583038458
 21
-16.78854212278054
 31
0.0
  0
LINE
  5
6B5
330
17
100
AcDbEntity
  8
ENGRAVE_POLARS
100
AcDbLine
 10
-14.130249583038458
 20
-16.78854212278054
 30
0.0
 11
-13.67305502448573
 21
-16.9859091046527
 31
0.0
  0
LINE
  5
6B6
330
17
100
AcDbEntity
  8
ENGRAVE_POLARS
100
AcDbLine
 10
-13.67305502448573
 20
-16.9859091046527
 30
0.0
 11
-13.208862945381645
 21
-17.169500947504897
 31
0.0
  0
LINE
  5
6B7
330
17
100
AcDbEntity
  8
ENGRAVE_POLARS
100
AcDbLine
 10
-13.208862945381645
 20
-17.169500947504897
 30
0.0
 11
-12.740216489159236
 21
-17.340474304437997
 31
0.0
  0
LINE
  5
6B8
330
17
100
AcDbEntity
  8
ENGRAVE_POLARS
100
AcDbLine
 10
-12.740216489159236
 20
-17.340474304437997
 30
0.0
 11
-12.26965879925154
 21
-17.499985828552862
 31
0.0
  0
LINE
  5
6B9
330
17
100
AcDbEntity
  8
ENGRAVE_POLARS
100
AcDbLine
 10
-12.26965879925154
 20
-17.499985828552862
 30
0.0
 11
-11.799733019091592
 21
-17.649192172950354
 31
0.0
  0
LINE
  5
6BA
330
17
100
AcDbEntity
  8
ENGRAVE_POLARS
100
AcDbLine
 10
-11.799733019091592
 20
-17.649192172950354
 30
0.0
 11
-11.332982292112424
 21
-17.78924999073133
 31
0.0
  0
LINE
  5
6BB
330
17
100
AcDbEntity
  8
ENGRAVE_POLARS
100
AcDbLine
 10
-11.332982292112424
 20
-17.78924999073133
 30
0.0
 11
-10.871949761747072
 21
-17.92131593499666
 31
0.0
  0
LINE
  5
6BC
330
17
100
AcDbEntity
  8
ENGRAVE_POLARS
100
AcDbLine
 10
-10.871949761747072
 20
-17.92131593499666
 30
0.0
 11
-10.41917857142857
 21
-18.046546658847202
 31
0.0
  0
LINE
  5
6BD
330
17
100
AcDbEntity
  8
ENGRAVE_POLARS
100
AcDbLine
 10
-10.41917857142857
 20
-18.046546658847202
 30
0.0
 11
-9.955229496327606
 21
-18.161178183147808
 31
0.0
  0
LINE
  5
6BE
330
17
100
AcDbEntity
  8
ENGRAVE_POLARS
100
AcDbLine
 10
-9.955229496327606
 20
-18.161178183147808
 30
0.0
 11
-9.46495778235312
 21
-18.261553445066085
 31
0.0
  0
LINE
  5
6BF
330
17
100
AcDbEntity
  8
ENGRAVE_POLARS
100
AcDbLine
 10
-9.46495778235312
 20
-18.261553445066085
 30
0.0
 11
-8.957348279045535
 21
-18.348989472157015
 31
0.0
  0
LINE
  5
6C0
330
17
100
AcDbEntity
  8
ENGRAVE_POLARS
100
AcDbLine
 10
-8.957348279045535
 20
-18.348989472157015
 30
0.0
 11
-8.441385835945274
 21
-18.424803291975582
 31
0.0
  0
LINE
  5
6C1
330
17
100
AcDbEntity
  8
ENGRAVE_POLARS
100
AcDbLine
 10
-8.441385835945274
 20
-18.424803291975582
 30
0.0
 11
-7.9260553025927605
 21
-18.490311932076782
 31
0.0
  0
LINE
  5
6C2
330
17
100
AcDbEntity
  8
ENGRAVE_POLARS
100
AcDbLine
 10
-7.9260553025927605
 20
-18.490311932076782
 30
0.0
 11
-7.420341528528414
 21
-18.54683242001559
 31
0.0
  0
LINE
  5
6C3
330
17
100
AcDbEntity
  8
ENGRAVE_POLARS
100
AcDbLine
 10
-7.420341528528414
 20
-18.54683242001559
 30
0.0
 11
-6.933229363292661
 21
-18.595681783347
 31
0.0
  0
LINE
  5
6C4
330
17
100
AcDbEntity
  8
ENGRAVE_POLARS
100
AcDbLine
 10
-6.933229363292661
 20
-18.595681783347
 30
0.0
 11
-6.47370365642592
 21
-18.638177049625984
 31
0.0
  0
LINE
  5
6C5
330
17
100
AcDbEntity
  8
ENGRAVE_POLARS
100
AcDbLine
 10
-6.47370365642592
 20
-18.638177049625984
 30
0.0
 11
-6.050749257468619
 21
-18.67563524640754
 31
0.0
  0
LINE
  5
6C6
330
17
100
AcDbEntity
  8
ENGRAVE_POLARS
100
AcDbLine
 10
-6.050749257468619
 20
-18.67563524640754
 30
0.0
 11
-5.673351015961174
 21
-18.70937340124665
 31
0.0
  0
LINE
  5
6C7
330
17
100
AcDbEntity
  8
ENGRAVE_POLARS
100
AcDbLine
 10
-5.673351015961174
 20
-18.70937340124665
 30
0.0
 11
-5.350493781444011
 21
-18.7407085416983
 31
0.0
  0
LINE
  5
6C8
330
17
100
AcDbEntity
  8
ENGRAVE_POLARS
100
AcDbLine
 10
-5.350493781444011
 20
-18.7407085416983
 30
0.0
 11
-5.091162403457552
 21
-18.770957695317474
 31
0.0
  0
LINE
  5
6C9
330
17
100
AcDbEntity
  8
ENGRAVE_POLARS
100
AcDbLine
 10
-5.091162403457552
 20
-18.770957695317474
 30
0.0
 11
-4.917447846290376
 21
-18.79694062115047
 31
0.0
  0
LINE
  5
6CA
330
17
100
AcDbEntity
  8
ENGRAVE_POLARS
100
AcDbLine
 10
-4.917447846290376
 20
-18.79694062115047
 30
0.0
 11
-4.8336063422638444
 21
-18.815196772166768
 31
0.0
  0
LINE
  5
6CB
330
17
100
AcDbEntity
  8
ENGRAVE_POLARS
100
AcDbLine
 10
-4.8336063422638444
 20
-18.815196772166768
 30
0.0
 11
-4.821870642967555
 21
-18.82662271680612
 31
0.0
  0
LINE
  5
6CC
330
17
100
AcDbEntity
  8
ENGRAVE_POLARS
100
AcDbLine
 10
-4.821870642967555
 20
-18.82662271680612
 30
0.0
 11
-4.864473499991106
 21
-18.832115023508283
 31
0.0
  0
LINE
  5
6CD
330
17
100
AcDbEntity
  8
ENGRAVE_POLARS
100
AcDbLine
 10
-4.864473499991106
 20
-18.832115023508283
 30
0.0
 11
-4.943647664924092
 21
-18.832570260713016
 31
0.0
  0
LINE
  5
6CE
330
17
100
AcDbEntity
  8
ENGRAVE_POLARS
100
AcDbLine
 10
-4.943647664924092
 20
-18.832570260713016
 30
0.0
 11
-5.041625889356112
 21
-18.828884996860076
 31
0.0
  0
LINE
  5
6CF
330
17
100
AcDbEntity
  8
ENGRAVE_POLARS
100
AcDbLine
 10
-5.041625889356112
 20
-18.828884996860076
 30
0.0
 11
-5.140640924876763
 21
-18.82195580038921
 31
0.0
  0
LINE
  5
6D0
330
17
100
AcDbEntity
  8
ENGRAVE_POLARS
100
AcDbLine
 10
-5.140640924876763
 20
-18.82195580038921
 30
0.0
 11
-5.2229255230756415
 21
-18.81267923974018
 31
0.0
  0
LINE
  5
6D1
330
17
100
AcDbEntity
  8
ENGRAVE_POLARS
100
AcDbLine
 10
-5.2229255230756415
 20
-18.81267923974018
 30
0.0
 11
-5.270712435542346
 21
-18.801951883352743
 31
0.0
  0
LINE
  5
6D2
330
17
100
AcDbEntity
  8
ENGRAVE_POLARS
100
AcDbLine
 10
-5.270712435542346
 20
-18.801951883352743
 30
0.0
 11
-5.266234413866471
 21
-18.79067029966665
 31
0.0
  0
LINE
  5
6D3
330
17
100
AcDbEntity
  8
ENGRAVE_POLARS
100
AcDbLine
 10
-5.266234413866471
 20
-18.79067029966665
 30
0.0
 11
-5.1917242096376155
 21
-18.779731057121662
 31
0.0
  0
LINE
  5
6D4
330
17
100
AcDbEntity
  8
ENGRAVE_POLARS
100
AcDbLine
 10
-5.1917242096376155
 20
-18.779731057121662
 30
0.0
 11
-5.0294145744453775
 21
-18.770030724157532
 31
0.0
  0
LINE
  5
6D5
330
17
100
AcDbEntity
  8
ENGRAVE_POLARS
100
AcDbLine
 10
-5.0294145744453775
 20
-18.770030724157532
 30
0.0
 11
-4.768214550845334
 21
-18.759190457738626
 31
0.0
  0
LINE
  5
6D6
330
17
100
AcDbEntity
  8
ENGRAVE_POLARS
100
AcDbLine
 10
-4.768214550845334
 20
-18.759190457738626
 30
0.0
 11
-4.420448709638747
 21
-18.74471837399891
 31
0.0
  0
LINE
  5
6D7
330
17
100
AcDbEntity
  8
ENGRAVE_POLARS
100
AcDbLine
 10
-4.420448709638747
 20
-18.74471837399891
 30
0.0
 11
-4.003473094783743
 21
-18.72734148013252
 31
0.0
  0
LINE
  5
6D8
330
17
100
AcDbEntity
  8
ENGRAVE_POLARS
100
AcDbLine
 10
-4.003473094783743
 20
-18.72734148013252
 30
0.0
 11
-3.5346437502384385
 21
-18.707786783333578
 31
0.0
  0
LINE
  5
6D9
330
17
100
AcDbEntity
  8
ENGRAVE_POLARS
100
AcDbLine
 10
-3.5346437502384385
 20
-18.707786783333578
 30
0.0
 11
-3.0313167199609596
 21
-18.686781290796226
 31
0.0
  0
LINE
  5
6DA
330
17
100
AcDbEntity
  8
ENGRAVE_POLARS
100
AcDbLine
 10
-3.0313167199609596
 20
-18.686781290796226
 30
0.0
 11
-2.510848047909429
 21
-18.665052009714607
 31
0.0
  0
LINE
  5
6DB
330
17
100
AcDbEntity
  8
ENGRAVE_POLARS
100
AcDbLine
 10
-2.510848047909429
 20
-18.665052009714607
 30
0.0
 11
-1.9905937780419674
 21
-18.64332594728284
 31
0.0
  0
LINE
  5
6DC
330
17
100
AcDbEntity
  8
ENGRAVE_POLARS
100
AcDbLine
 10
-1.9905937780419674
 20
-18.64332594728284
 30
0.0
 11
-1.4879099543166987
 21
-18.62233011069507
 31
0.0
  0
LINE
  5
6DD
330
17
100
AcDbEntity
  8
ENGRAVE_POLARS
100
AcDbLine
 10
-1.4879099543166987
 20
-18.62233011069507
 30
0.0
 11
-1.0201526206917464
 21
-18.602791507145437
 31
0.0
  0
LINE
  5
6DE
330
17
100
AcDbEntity
  8
ENGRAVE_POLARS
100
AcDbLine
 10
-1.0201526206917464
 20
-18.602791507145437
 30
0.0
 11
-0.6046778211252305
 21
-18.58543714382807
 31
0.0
  0
LINE
  5
6DF
330
17
100
AcDbEntity
  8
ENGRAVE_POLARS
100
AcDbLine
 10
-0.6046778211252305
 20
-18.58543714382807
 30
0.0
 11
-0.2588415995752749
 21
-18.570994027937097
 31
0.0
  0
LINE
  5
6E0
330
17
100
AcDbEntity
  8
ENGRAVE_POLARS
100
AcDbLine
 10
-0.2588415995752749
 20
-18.570994027937097
 30
0.0
 11
-2.2729676254527714e-15
 21
-18.560189166666667
 31
0.0
  0
TEXT
  5
6E1
330
17
100
AcDbEntity
  8
ENGRAVE_TEXT
100
AcDbText
 10
9.715536323358387
 20
14.404634155887965
 30
0.0
 40
4.5
  1
14
 72
1
 11
9.715536323358387
 21
14.404634155887965
 31
0.0
100
AcDbText
 73
2
  0
TEXT
  5
6E2
330
17
100
AcDbEntity
  8
ENGRAVE_TEXT
100
AcDbText
 10
-9.715536323358387
 20
14.404634155887965
 30
0.0
 40
4.5
  1
14
 72
1
 11
-9.715536323358387
 21
14.404634155887965
 31
0.0
100
AcDbText
 73
2
  0
CIRCLE
  5
6E3
330
17
100
AcDbEntity
  8
ENGRAVE_VMG
100
AcDbCircle
 10
10.696686249464763
 20
13.69182363660816
 30
0.0
 40
0.6
  0
CIRCLE
  5
6E4
330
17
100
AcDbEntity
  8
ENGRAVE_VMG
100
AcDbCircle
 10
-10.696686249464763
 20
13.69182363660816
 30
0.0
 40
0.6
  0
CIRCLE
  5
6E5
330
17
100
AcDbEntity
  8
ENGRAVE_VMG
100
AcDbCircle
 10
5.091162403457552
 20
-18.770957695317474
 30
0.0
 40
0.6
  0
CIRCLE
  5
6E6
330
17
100
AcDbEntity
  8
ENGRAVE_VMG
100
AcDbCircle
 10
-5.091162403457552
 20
-18.770957695317474
 30
0.0
 40
0.6
  0
LINE
  5
6E7
330
17
100
AcDbEntity
  8
ENGRAVE_POLARS
100
AcDbLine
 10
9.593014761614313
 20
12.106627591803022
 30
0.0
 11
9.789936830082501
 21
12.032903946207094
 31
0.0
  0
LINE
  5
6E8
330
17
100
AcDbEntity
  8
ENGRAVE_POLARS
100
AcDbLine
 10
9.789936830082501
 20
12.032903946207094
 30
0.0
 11
10.045787757610825
 21
11.941437553533076
 31
0.0
  0
LINE
  5
6E9
330
17
100
AcDbEntity
  8
ENGRAVE_POLARS
100
AcDbLine
 10
10.045787757610825
 20
11.941437553533076
 30
0.0
 11
10.350032703703652
 21
11.834583369087287
 31
0.0
  0
LINE
  5
6EA
330
17
100
AcDbEntity
  8
ENGRAVE_POLARS
100
AcDbLine
 10
10.350032703703652
 20
11.834583369087287
 30
0.0
 11
10.69213682786537
 21
11.714696348176048
 31
0.0
  0
LINE
  5
6EB
330
17
100
AcDbEntity
  8
ENGRAVE_POLARS
100
AcDbLine
 10
10.69213682786537
 20
11.714696348176048
 30
0.0
 11
11.061565289600352
 21
11.58413144610568
 31
0.0
  0
LINE
  5
6EC
330
17
100
AcDbEntity
  8
ENGRAVE_POLARS
100
AcDbLine
 10
11.061565289600352
 20
11.58413144610568
 30
0.0
 11
11.447783248412973
 21
11.445243618182502
 31
0.0
  0
LINE
  5
6ED
330
17
100
AcDbEntity
  8
ENGRAVE_POLARS
100
AcDbLine
 10
11.447783248412973
 20
11.445243618182502
 30
0.0
 11
11.840255863807613
 21
11.300387819712837
 31
0.0
  0
LINE
  5
6EE
330
17
100
AcDbEntity
  8
ENGRAVE_POLARS
100
AcDbLine
 10
11.840255863807613
 20
11.300387819712837
 30
0.0
 11
12.228448295288647
 21
11.151919006003007
 31
0.0
  0
LINE
  5
6EF
330
17
100
AcDbEntity
  8
ENGRAVE_POLARS
100
AcDbLine
 10
12.228448295288647
 20
11.151919006003007
 30
0.0
 11
12.601825702360456
 21
11.002192132359331
 31
0.0
  0
LINE
  5
6F0
330
17
100
AcDbEntity
  8
ENGRAVE_POLARS
100
AcDbLine
 10
12.601825702360456
 20
11.002192132359331
 30
0.0
 11
12.949853244527413
 21
10.853562154088127
 31
0.0
  0
LINE
  5
6F1
330
17
100
AcDbEntity
  8
ENGRAVE_POLARS
100
AcDbLine
 10
12.949853244527413
 20
10.853562154088127
 30
0.0
 11
13.261996081293896
 21
10.708384026495718
 31
0.0
  0
LINE
  5
6F2
330
17
100
AcDbEntity
  8
ENGRAVE_POLARS
100
AcDbLine
 10
13.261996081293896
 20
10.708384026495718
 30
0.0
 11
13.527719372164285
 21
10.56901270488843
 31
0.0
  0
LINE
  5
6F3
330
17
100
AcDbEntity
  8
ENGRAVE_POLARS
100
AcDbLine
 10
13.527719372164285
 20
10.56901270488843
 30
0.0
 11
13.752463701150523
 21
10.434955809750525
 31
0.0
  0
LINE
  5
6F4
330
17
100
AcDbEntity
  8
ENGRAVE_POLARS
100
AcDbLine
 10
13.752463701150523
 20
10.434955809750525
 30
0.0
 11
13.951183811346354
 21
10.303330966510556
 31
0.0
  0
LINE
  5
6F5
330
17
100
AcDbEntity
  8
ENGRAVE_POLARS
100
AcDbLine
 10
13.951183811346354
 20
10.303330966510556
 30
0.0
 11
14.127616100878832
 21
10.17290813789126
 31
0.0
  0
LINE
  5
6F6
330
17
100
AcDbEntity
  8
ENGRAVE_POLARS
100
AcDbLine
 10
14.127616100878832
 20
10.17290813789126
 30
0.0
 11
14.28549696787502
 21
10.042457286615377
 31
0.0
  0
LINE
  5
6F7
330
17
100
AcDbEntity
  8
ENGRAVE_POLARS
100
AcDbLine
 10
14.28549696787502
 20
10.042457286615377
 30
0.0
 11
14.428562810461983
 21
9.910748375405651
 31
0.0
  0
LINE
  5
6F8
330
17
100
AcDbEntity
  8
ENGRAVE_POLARS
100
AcDbLine
 10
14.428562810461983
 20
9.910748375405651
 30
0.0
 11
14.56055002676678
 21
9.776551366984817
 31
0.0
  0
LINE
  5
6F9
330
17
100
AcDbEntity
  8
ENGRAVE_POLARS
100
AcDbLine
 10
14.56055002676678
 20
9.776551366984817
 30
0.0
 11
14.685195014916468
 21
9.638636224075618
 31
0.0
  0
LINE
  5
6FA
330
17
100
AcDbEntity
  8
ENGRAVE_POLARS
100
AcDbLine
 10
14.685195014916468
 20
9.638636224075618
 30
0.0
 11
14.806234173038117
 21
9.49577290940079
 31
0.0
  0
LINE
  5
6FB
330
17
100
AcDbEntity
  8
ENGRAVE_POLARS
100
AcDbLine
 10
14.806234173038117
 20
9.49577290940079
 30
0.0
 11
14.92740389925878
 21
9.346731385683077
 31
0.0
  0
LINE
  5
6FC
330
17
100
AcDbEntity
  8
ENGRAVE_POLARS
100
AcDbLine
 10
14.92740389925878
 20
9.346731385683077
 30
0.0
 11
15.052440591705523
 21
9.190281615645214
 31
0.0
  0
LINE
  5
6FD
330
17
100
AcDbEntity
  8
ENGRAVE_POLARS
100
AcDbLine
 10
15.052440591705523
 20
9.190281615645214
 30
0.0
 11
15.185080648505402
 21
9.025193562009942
 31
0.0
  0
LINE
  5
6FE
330
17
100
AcDbEntity
  8
ENGRAVE_POLARS
100
AcDbLine
 10
15.185080648505402
 20
9.025193562009942
 30
0.0
 11
15.329060467785485
 21
8.850237187500003
 31
0.0
  0
LINE
  5
6FF
330
17
100
AcDbEntity
  8
ENGRAVE_POLARS
100
AcDbLine
 10
15.329060467785485
 20
8.850237187500003
 30
0.0
 11
15.48356143945753
 21
8.660335060831025
 31
0.0
  0
LINE
  5
700
330
17
100
AcDbEntity
  8
ENGRAVE_POLARS
100
AcDbLine
 10
15.48356143945753
 20
8.660335060831025
 30
0.0
 11
15.64398655914496
 21
8.453597948215418
 31
0.0
  0
LINE
  5
701
330
17
100
AcDbEntity
  8
ENGRAVE_POLARS
100
AcDbLine
 10
15.64398655914496
 20
8.453597948215418
 30
0.0
 11
15.808404633542315
 21
8.233578108621094
 31
0.0
  0
LINE
  5
702
330
17
100
AcDbEntity
  8
ENGRAVE_POLARS
100
AcDbLine
 10
15.808404633542315
 20
8.233578108621094
 30
0.0
 11
15.974884469344138
 21
8.003827801015971
 31
0.0
  0
LINE
  5
703
330
17
100
AcDbEntity
  8
ENGRAVE_POLARS
100
AcDbLine
 10
15.974884469344138
 20
8.003827801015971
 30
0.0
 11
16.141494873244984
 21
7.767899284367961
 31
0.0
  0
LINE
  5
704
330
17
100
AcDbEntity
  8
ENGRAVE_POLARS
100
AcDbLine
 10
16.141494873244984
 20
7.767899284367961
 30
0.0
 11
16.30630465193939
 21
7.5293448176449775
 31
0.0
  0
LINE
  5
705
330
17
100
AcDbEntity
  8
ENGRAVE_POLARS
100
AcDbLine
 10
16.30630465193939
 20
7.5293448176449775
 30
0.0
 11
16.4673826121219
 21
7.291716659814931
 31
0.0
  0
LINE
  5
706
330
17
100
AcDbEntity
  8
ENGRAVE_POLARS
100
AcDbLine
 10
16.4673826121219
 20
7.291716659814931
 30
0.0
 11
16.62279756048707
 21
7.05856706984574
 31
0.0
  0
LINE
  5
707
330
17
100
AcDbEntity
  8
ENGRAVE_POLARS
100
AcDbLine
 10
16.62279756048707
 20
7.05856706984574
 30
0.0
 11
16.77061830372943
 21
6.833448306705315
 31
0.0
  0
LINE
  5
708
330
17
100
AcDbEntity
  8
ENGRAVE_POLARS
100
AcDbLine
 10
16.77061830372943
 20
6.833448306705315
 30
0.0
 11
16.908913648543535
 21
6.61991262936157
 31
0.0
  0
LINE
  5
709
330
17
100
AcDbEntity
  8
ENGRAVE_POLARS
100
AcDbLine
 10
16.908913648543535
 20
6.61991262936157
 30
0.0
 11
17.035752401623927
 21
6.421512296782419
 31
0.0
  0
LINE
  5
70A
330
17
100
AcDbEntity
  8
ENGRAVE_POLARS
100
AcDbLine
 10
17.035752401623927
 20
6.421512296782419
 30
0.0
 11
17.149203369665152
 21
6.241799567935774
 31
0.0
  0
LINE
  5
70B
330
17
100
AcDbEntity
  8
ENGRAVE_POLARS
100
AcDbLine
 10
17.149203369665152
 20
6.241799567935774
 30
0.0
 11
17.248479462819805
 21
6.080572280363453
 31
0.0
  0
LINE
  5
70C
330
17
100
AcDbEntity
  8
ENGRAVE_POLARS
100
AcDbLine
 10
17.248479462819805
 20
6.080572280363453
 30
0.0
 11
17.33518656206366
 21
5.933826593627067
 31
0.0
  0
LINE
  5
70D
330
17
100
AcDbEntity
  8
ENGRAVE_POLARS
100
AcDbLine
 10
17.33518656206366
 20
5.933826593627067
 30
0.0
 11
17.41098293032606
 21
5.799412249724228
 31
0.0
  0
LINE
  5
70E
330
17
100
AcDbEntity
  8
ENGRAVE_POLARS
100
AcDbLine
 10
17.41098293032606
 20
5.799412249724228
 30
0.0
 11
17.477526830536327
 21
5.675178990652545
 31
0.0
  0
LINE
  5
70F
330
17
100
AcDbEntity
  8
ENGRAVE_POLARS
100
AcDbLine
 10
17.477526830536327
 20
5.675178990652545
 30
0.0
 11
17.53647652562379
 21
5.558976558409629
 31
0.0
  0
LINE
  5
710
330
17
100
AcDbEntity
  8
ENGRAVE_POLARS
100
AcDbLine
 10
17.53647652562379
 20
5.558976558409629
 30
0.0
 11
17.589490278517786
 21
5.448654694993087
 31
0.0
  0
LINE
  5
711
330
17
100
AcDbEntity
  8
ENGRAVE_POLARS
100
AcDbLine
 10
17.589490278517786
 20
5.448654694993087
 30
0.0
 11
17.63822635214763
 21
5.342063142400535
 31
0.0
  0
LINE
  5
712
330
17
100
AcDbEntity
  8
ENGRAVE_POLARS
100
AcDbLine
 10
17.63822635214763
 20
5.342063142400535
 30
0.0
 11
17.684343009442664
 21
5.23705164262958
 31
0.0
  0
LINE
  5
713
330
17
100
AcDbEntity
  8
ENGRAVE_POLARS
100
AcDbLine
 10
17.684343009442664
 20
5.23705164262958
 30
0.0
 11
17.72949851333221
 21
5.131469937677833
 31
0.0
  0
LINE
  5
714
330
17
100
AcDbEntity
  8
ENGRAVE_POLARS
100
AcDbLine
 10
17.72949851333221
 20
5.131469937677833
 30
0.0
 11
17.7753511267456
 21
5.023167769542902
 31
0.0
  0
LINE
  5
715
330
17
100
AcDbEntity
  8
ENGRAVE_POLARS
100
AcDbLine
 10
17.7753511267456
 20
5.023167769542902
 30
0.0
 11
17.823559112612163
 21
4.9099948802224
 31
0.0
  0
LINE
  5
716
330
17
100
AcDbEntity
  8
ENGRAVE_POLARS
100
AcDbLine
 10
17.823559112612163
 20
4.9099948802224
 30
0.0
 11
17.875780733861227
 21
4.789801011713937
 31
0.0
  0
LINE
  5
717
330
17
100
AcDbEntity
  8
ENGRAVE_POLARS
100
AcDbLine
 10
17.875780733861227
 20
4.789801011713937
 30
0.0
 11
17.929558565619395
 21
4.67031303558536
 31
0.0
  0
LINE
  5
718
330
17
100
AcDbEntity
  8
ENGRAVE_POLARS
100
AcDbLine
 10
17.929558565619395
 20
4.67031303558536
 30
0.0
 11
17.981519777953412
 21
4.558793787927907
 31
0.0
  0
LINE
  5
719
330
17
100
AcDbEntity
  8
ENGRAVE_POLARS
100
AcDbLine
 10
17.981519777953412
 20
4.558793787927907
 30
0.0
 11
18.031949526202837
 21
4.452396957524271
 31
0.0
  0
LINE
  5
71A
330
17
100
AcDbEntity
  8
ENGRAVE_POLARS
100
AcDbLine
 10
18.031949526202837
 20
4.452396957524271
 30
0.0
 11
18.081132965707223
 21
4.348276233157149
 31
0.0
  0
LINE
  5
71B
330
17
100
AcDbEntity
  8
ENGRAVE_POLARS
100
AcDbLine
 10
18.081132965707223
 20
4.348276233157149
 30
0.0
 11
18.129355251806125
 21
4.243585303609234
 31
0.0
  0
LINE
  5
71C
330
17
100
AcDbEntity
  8
ENGRAVE_POLARS
100
AcDbLine
 10
18.129355251806125
 20
4.243585303609234
 30
0.0
 11
18.17690153983909
 21
4.135477857663221
 31
0.0
  0
LINE
  5
71D
330
17
100
AcDbEntity
  8
ENGRAVE_POLARS
100
AcDbLine
 10
18.17690153983909
 20
4.135477857663221
 30
0.0
 11
18.22405698514568
 21
4.021107584101805
 31
0.0
  0
LINE
  5
71E
330
17
100
AcDbEntity
  8
ENGRAVE_POLARS
100
AcDbLine
 10
18.22405698514568
 20
4.021107584101805
 30
0.0
 11
18.271106743065445
 21
3.897628171707681
 31
0.0
  0
LINE
  5
71F
330
17
100
AcDbEntity
  8
ENGRAVE_POLARS
100
AcDbLine
 10
18.271106743065445
 20
3.897628171707681
 30
0.0
 11
18.318335968937944
 21
3.7621933092635422
 31
0.0
  0
LINE
  5
720
330
17
100
AcDbEntity
  8
ENGRAVE_POLARS
100
AcDbLine
 10
18.318335968937944
 20
3.7621933092635422
 30
0.0
 11
18.366029818102728
 21
3.611956685552084
 31
0.0
  0
LINE
  5
721
330
17
100
AcDbEntity
  8
ENGRAVE_POLARS
100
AcDbLine
 10
18.366029818102728
 20
3.611956685552084
 30
0.0
 11
18.414473445899347
 21
3.4440719893560003
 31
0.0
  0
LINE
  5
722
330
17
100
AcDbEntity
  8
ENGRAVE_POLARS
100
AcDbLine
 10
18.414473445899347
 20
3.4440719893560003
 30
0.0
 11
18.46395200766736
 21
3.255692909457987
 31
0.0
  0
LINE
  5
723
330
17
100
AcDbEntity
  8
ENGRAVE_POLARS
100
AcDbLine
 10
18.46395200766736
 20
3.255692909457987
 30
0.0
 11
18.517131737228397
 21
3.056049106553737
 31
0.0
  0
LINE
  5
724
330
17
100
AcDbEntity
  8
ENGRAVE_POLARS
100
AcDbLine
 10
18.517131737228397
 20
3.056049106553737
 30
0.0
 11
18.57539825028035
 21
2.8541190678684822
 31
0.0
  0
LINE
  5
725
330
17
100
AcDbEntity
  8
ENGRAVE_POLARS
100
AcDbLine
 10
18.57539825028035
 20
2.8541190678684822
 30
0.0
 11
18.63711577497715
 21
2.6466797219792184
 31
0.0
  0
LINE
  5
726
330
17
100
AcDbEntity
  8
ENGRAVE_POLARS
100
AcDbLine
 10
18.63711577497715
 20
2.6466797219792184
 30
0.0
 11
18.70064853947274
 21
2.4305079974629424
 31
0.0
  0
LINE
  5
727
330
17
100
AcDbEntity
  8
ENGRAVE_POLARS
100
AcDbLine
 10
18.70064853947274
 20
2.4305079974629424
 30
0.0
 11
18.76436077192107
 21
2.2023808228966533
 31
0.0
  0
LINE
  5
728
330
17
100
AcDbEntity
  8
ENGRAVE_POLARS
100
AcDbLine
 10
18.76436077192107
 20
2.2023808228966533
 30
0.0
 11
18.826616700476066
 21
1.959075126857347
 31
0.0
  0
LINE
  5
729
330
17
100
AcDbEntity
  8
ENGRAVE_POLARS
100
AcDbLine
 10
18.826616700476066
 20
1.959075126857347
 30
0.0
 11
18.885780553291664
 21
1.697367837922021
 31
0.0
  0
LINE
  5
72A
330
17
100
AcDbEntity
  8
ENGRAVE_POLARS
100
AcDbLine
 10
18.885780553291664
 20
1.697367837922021
 30
0.0
 11
18.940216558521815
 21
1.4140358846676722
 31
0.0
  0
LINE
  5
72B
330
17
100
AcDbEntity
  8
ENGRAVE_POLARS
100
AcDbLine
 10
18.940216558521815
 20
1.4140358846676722
 30
0.0
 11
18.98828894432045
 21
1.1058561956712991
 31
0.0
  0
LINE
  5
72C
330
17
100
AcDbEntity
  8
ENGRAVE_POLARS
100
AcDbLine
 10
18.98828894432045
 20
1.1058561956712991
 30
0.0
 11
19.028361938841513
 21
0.7696056995098978
 31
0.0
  0
LINE
  5
72D
330
17
100
AcDbEntity
  8
ENGRAVE_POLARS
100
AcDbLine
 10
19.028361938841513
 20
0.7696056995098978
 30
0.0
 11
19.058799770238938
 21
0.402061324760466
 31
0.0
  0
LINE
  5
72E
330
17
100
AcDbEntity
  8
ENGRAVE_POLARS
100
AcDbLine
 10
19.058799770238938
 20
0.402061324760466
 30
0.0
 11
19.07796666666667
 21
1.1681885406286618e-15
 31
0.0
  0
LINE
  5
72F
330
17
100
AcDbEntity
  8
ENGRAVE_POLARS
100
AcDbLine
 10
19.07796666666667
 20
1.1681885406286618e-15
 30
0.0
 11
19.08628392923769
 21
-0.4545868535763434
 31
0.0
  0
LINE
  5
730
330
17
100
AcDbEntity
  8
ENGRAVE_POLARS
100
AcDbLine
 10
19.08628392923769
 20
-0.4545868535763434
 30
0.0
 11
19.08580413703779
 21
-0.9696431627465575
 31
0.0
  0
LINE
  5
731
330
17
100
AcDbEntity
  8
ENGRAVE_POLARS
100
AcDbLine
 10
19.08580413703779
 20
-0.9696431627465575
 30
0.0
 11
19.077338435180106
 21
-1.5332950208933596
 31
0.0
  0
LINE
  5
732
330
17
100
AcDbEntity
  8
ENGRAVE_POLARS
100
AcDbLine
 10
19.077338435180106
 20
-1.5332950208933596
 30
0.0
 11
19.061697968777775
 21
-2.1336685213994686
 31
0.0
  0
LINE
  5
733
330
17
100
AcDbEntity
  8
ENGRAVE_POLARS
100
AcDbLine
 10
19.061697968777775
 20
-2.1336685213994686
 30
0.0
 11
19.03969388294393
 21
-2.758889757647603
 31
0.0
  0
LINE
  5
734
330
17
100
AcDbEntity
  8
ENGRAVE_POLARS
100
AcDbLine
 10
19.03969388294393
 20
-2.758889757647603
 30
0.0
 11
19.012137322791702
 21
-3.3970848230204793
 31
0.0
  0
LINE
  5
735
330
17
100
AcDbEntity
  8
ENGRAVE_POLARS
100
AcDbLine
 10
19.012137322791702
 20
-3.3970848230204793
 30
0.0
 11
18.979839433434233
 21
-4.036379810900819
 31
0.0
  0
LINE
  5
736
330
17
100
AcDbEntity
  8
ENGRAVE_POLARS
100
AcDbLine
 10
18.979839433434233
 20
-4.036379810900819
 30
0.0
 11
18.943611359984658
 21
-4.6649008146713395
 31
0.0
  0
LINE
  5
737
330
17
100
AcDbEntity
  8
ENGRAVE_POLARS
100
AcDbLine
 10
18.943611359984658
 20
-4.6649008146713395
 30
0.0
 11
18.904264247556117
 21
-5.2707739277147585
 31
0.0
  0
LINE
  5
738
330
17
100
AcDbEntity
  8
ENGRAVE_POLARS
100
AcDbLine
 10
18.904264247556117
 20
-5.2707739277147585
 30
0.0
 11
18.86260924126174
 21
-5.842125243413795
 31
0.0
  0
LINE
  5
739
330
17
100
AcDbEntity
  8
ENGRAVE_POLARS
100
AcDbLine
 10
18.86260924126174
 20
-5.842125243413795
 30
0.0
 11
18.819457486214656
 21
-6.367080855151168
 31
0.0
  0
LINE
  5
73A
330
17
100
AcDbEntity
  8
ENGRAVE_POLARS
100
AcDbLine
 10
18.819457486214656
 20
-6.367080855151168
 30
0.0
 11
18.775620127528015
 21
-6.8337668563095955
 31
0.0
  0
LINE
  5
73B
330
17
100
AcDbEntity
  8
ENGRAVE_POLARS
100
AcDbLine
 10
18.775620127528015
 20
-6.8337668563095955
 30
0.0
 11
18.736718857593793
 21
-7.243169271973884
 31
0.0
  0
LINE
  5
73C
330
17
100
AcDbEntity
  8
ENGRAVE_POLARS
100
AcDbLine
 10
18.736718857593793
 20
-7.243169271973884
 30
0.0
 11
18.705446231447116
 21
-7.608868925325948
 31
0.0
  0
LINE
  5
73D
330
17
100
AcDbEntity
  8
ENGRAVE_POLARS
100
AcDbLine
 10
18.705446231447116
 20
-7.608868925325948
 30
0.0
 11
18.678219688165804
 21
-7.937884106894158
 31
0.0
  0
LINE
  5
73E
330
17
100
AcDbEntity
  8
ENGRAVE_POLARS
100
AcDbLine
 10
18.678219688165804
 20
-7.937884106894158
 30
0.0
 11
18.65145666682769
 21
-8.237233107206892
 31
0.0
  0
LINE
  5
73F
330
17
100
AcDbEntity
  8
ENGRAVE_POLARS
100
AcDbLine
 10
18.65145666682769
 20
-8.237233107206892
 30
0.0
 11
18.621574606510606
 21
-8.513934216792528
 31
0.0
  0
LINE
  5
740
330
17
100
AcDbEntity
  8
ENGRAVE_POLARS
100
AcDbLine
 10
18.621574606510606
 20
-8.513934216792528
 30
0.0
 11
18.584990946292383
 21
-8.775005726179435
 31
0.0
  0
LINE
  5
741
330
17
100
AcDbEntity
  8
ENGRAVE_POLARS
100
AcDbLine
 10
18.584990946292383
 20
-8.775005726179435
 30
0.0
 11
18.538123125250845
 21
-9.027465925895992
 31
0.0
  0
LINE
  5
742
330
17
100
AcDbEntity
  8
ENGRAVE_POLARS
100
AcDbLine
 10
18.538123125250845
 20
-9.027465925895992
 30
0.0
 11
18.47738858246383
 21
-9.278333106470576
 31
0.0
  0
LINE
  5
743
330
17
100
AcDbEntity
  8
ENGRAVE_POLARS
100
AcDbLine
 10
18.47738858246383
 20
-9.278333106470576
 30
0.0
 11
18.399204757009166
 21
-9.534625558431559
 31
0.0
  0
LINE
  5
744
330
17
100
AcDbEntity
  8
ENGRAVE_POLARS
100
AcDbLine
 10
18.399204757009166
 20
-9.534625558431559
 30
0.0
 11
18.299989087964676
 21
-9.803361572307319
 31
0.0
  0
LINE
  5
745
330
17
100
AcDbEntity
  8
ENGRAVE_POLARS
100
AcDbLine
 10
18.299989087964676
 20
-9.803361572307319
 30
0.0
 11
18.176159014408196
 21
-10.091559438626225
 31
0.0
  0
LINE
  5
746
330
17
100
AcDbEntity
  8
ENGRAVE_POLARS
100
AcDbLine
 10
18.176159014408196
 20
-10.091559438626225
 30
0.0
 11
18.024131975417557
 21
-10.406237447916661
 31
0.0
  0
LINE
  5
747
330
17
100
AcDbEntity
  8
ENGRAVE_POLARS
100
AcDbLine
 10
18.024131975417557
 20
-10.406237447916661
 30
0.0
 11
17.84584270759615
 21
-10.749119476457457
 31
0.0
  0
LINE
  5
748
330
17
100
AcDbEntity
  8
ENGRAVE_POLARS
100
AcDbLine
 10
17.84584270759615
 20
-10.749119476457457
 30
0.0
 11
17.646430655243062
 21
-11.113646219486014
 31
0.0
  0
LINE
  5
749
330
17
100
AcDbEntity
  8
ENGRAVE_POLARS
100
AcDbLine
 10
17.646430655243062
 20
-11.113646219486014
 30
0.0
 11
17.427120318979625
 21
-11.49441119596854
 31
0.0
  0
LINE
  5
74A
330
17
100
AcDbEntity
  8
ENGRAVE_POLARS
100
AcDbLine
 10
17.427120318979625
 20
-11.49441119596854
 30
0.0
 11
17.18913619942719
 21
-11.886007924871254
 31
0.0
  0
LINE
  5
74B
330
17
100
AcDbEntity
  8
ENGRAVE_POLARS
100
AcDbLine
 10
17.18913619942719
 20
-11.886007924871254
 30
0.0
 11
16.93370279720711
 21
-12.283029925160369
 31
0.0
  0
LINE
  5
74C
330
17
100
AcDbEntity
  8
ENGRAVE_POLARS
100
AcDbLine
 10
16.93370279720711
 20
-12.283029925160369
 30
0.0
 11
16.662044612940722
 21
-12.680070715802096
 31
0.0
  0
LINE
  5
74D
330
17
100
AcDbEntity
  8
ENGRAVE_POLARS
100
AcDbLine
 10
16.662044612940722
 20
-12.680070715802096
 30
0.0
 11
16.37538614724937
 21
-13.07172381576265
 31
0.0
  0
LINE
  5
74E
330
17
100
AcDbEntity
  8
ENGRAVE_POLARS
100
AcDbLine
 10
16.37538614724937
 20
-13.07172381576265
 30
0.0
 11
16.07495190075441
 21
-13.452582744008252
 31
0.0
  0
LINE
  5
74F
330
17
100
AcDbEntity
  8
ENGRAVE_POLARS
100
AcDbLine
 10
16.07495190075441
 20
-13.452582744008252
 30
0.0
 11
15.761966374077183
 21
-13.817241019505108
 31
0.0
  0
LINE
  5
750
330
17
100
AcDbEntity
  8
ENGRAVE_POLARS
100
AcDbLine
 10
15.761966374077183
 20
-13.817241019505108
 30
0.0
 11
15.437654067839032
 21
-14.160292161219433
 31
0.0
  0
LINE
  5
751
330
17
100
AcDbEntity
  8
ENGRAVE_POLARS
100
AcDbLine
 10
15.437654067839032
 20
-14.160292161219433
 30
0.0
 11
15.103239482661307
 21
-14.476329688117442
 31
0.0
  0
LINE
  5
752
330
17
100
AcDbEntity
  8
ENGRAVE_POLARS
100
AcDbLine
 10
15.103239482661307
 20
-14.476329688117442
 30
0.0
 11
14.759947119165354
 21
-14.759947119165352
 31
0.0
  0
LINE
  5
753
330
17
100
AcDbEntity
  8
ENGRAVE_POLARS
100
AcDbLine
 10
14.759947119165354
 20
-14.759947119165352
 30
0.0
 11
14.4003627218954
 21
-15.014158750010399
 31
0.0
  0
LINE
  5
754
330
17
100
AcDbEntity
  8
ENGRAVE_POLARS
100
AcDbLine
 10
14.4003627218954
 20
-15.014158750010399
 30
0.0
 11
14.018432309429043
 21
-15.246780748101317
 31
0.0
  0
LINE
  5
755
330
17
100
AcDbEntity
  8
ENGRAVE_POLARS
100
AcDbLine
 10
14.018432309429043
 20
-15.246780748101317
 30
0.0
 11
13.617420793437654
 21
-15.45960944010657
 31
0.0
  0
LINE
  5
756
330
17
100
AcDbEntity
  8
ENGRAVE_POLARS
100
AcDbLine
 10
13.617420793437654
 20
-15.45960944010657
 30
0.0
 11
13.200593085592617
 21
-15.65444115269462
 31
0.0
  0
LINE
  5
757
330
17
100
AcDbEntity
  8
ENGRAVE_POLARS
100
AcDbLine
 10
13.200593085592617
 20
-15.65444115269462
 30
0.0
 11
12.771214097565318
 21
-15.833072212533924
 31
0.0
  0
LINE
  5
758
330
17
100
AcDbEntity
  8
ENGRAVE_POLARS
100
AcDbLine
 10
12.771214097565318
 20
-15.833072212533924
 30
0.0
 11
12.332548741027127
 21
-15.99729894629295
 31
0.0
  0
LINE
  5
759
330
17
100
AcDbEntity
  8
ENGRAVE_POLARS
100
AcDbLine
 10
12.332548741027127
 20
-15.99729894629295
 30
0.0
 11
11.887861927649428
 21
-16.14891768064015
 31
0.0
  0
LINE
  5
75A
330
17
100
AcDbEntity
  8
ENGRAVE_POLARS
100
AcDbLine
 10
11.887861927649428
 20
-16.14891768064015
 30
0.0
 11
11.440418569103608
 21
-16.28972474224399
 31
0.0
  0
LINE
  5
75B
330
17
100
AcDbEntity
  8
ENGRAVE_POLARS
100
AcDbLine
 10
11.440418569103608
 20
-16.28972474224399
 30
0.0
 11
10.99348357706104
 21
-16.42151645777294
 31
0.0
  0
LINE
  5
75C
330
17
100
AcDbEntity
  8
ENGRAVE_POLARS
100
AcDbLine
 10
10.99348357706104
 20
-16.42151645777294
 30
0.0
 11
10.550321863193108
 21
-16.546089153895437
 31
0.0
  0
LINE
  5
75D
330
17
100
AcDbEntity
  8
ENGRAVE_POLARS
100
AcDbLine
 10
10.550321863193108
 20
-16.546089153895437
 30
0.0
 11
10.114198339171187
 21
-16.66523915727997
 31
0.0
  0
LINE
  5
75E
330
17
100
AcDbEntity
  8
ENGRAVE_POLARS
100
AcDbLine
 10
10.114198339171187
 20
-16.66523915727997
 30
0.0
 11
9.688377916666665
 21
-16.780762794594978
 31
0.0
  0
LINE
  5
75F
330
17
100
AcDbEntity
  8
ENGRAVE_POLARS
100
AcDbLine
 10
9.688377916666665
 20
-16.780762794594978
 30
0.0
 11
9.256647444717496
 21
-16.88865079370953
 31
0.0
  0
LINE
  5
760
330
17
100
AcDbEntity
  8
ENGRAVE_POLARS
100
AcDbLine
 10
9.256647444717496
 20
-16.88865079370953
 30
0.0
 11
8.805127741797241
 21
-16.98439217053833
 31
0.0
  0
LINE
  5
761
330
17
100
AcDbEntity
  8
ENGRAVE_POLARS
100
AcDbLine
 10
8.805127741797241
 20
-16.98439217053833
 30
0.0
 11
8.34058467373068
 21
-17.069030683818344
 31
0.0
  0
LINE
  5
762
330
17
100
AcDbEntity
  8
ENGRAVE_POLARS
100
AcDbLine
 10
8.34058467373068
 20
-17.069030683818344
 30
0.0
 11
7.8697841063425935
 21
-17.1436100922865
 31
0.0
  0
LINE
  5
763
330
17
100
AcDbEntity
  8
ENGRAVE_POLARS
100
AcDbLine
 10
7.8697841063425935
 20
-17.1436100922865
 30
0.0
 11
7.399491905457762
 21
-17.20917415467976
 31
0.0
  0
LINE
  5
764
330
17
100
AcDbEntity
  8
ENGRAVE_POLARS
100
AcDbLine
 10
7.399491905457762
 20
-17.20917415467976
 30
0.0
 11
6.936473936900963
 21
-17.266766629735073
 31
0.0
  0
LINE
  5
765
330
17
100
AcDbEntity
  8
ENGRAVE_POLARS
100
AcDbLine
 10
6.936473936900963
 20
-17.266766629735073
 30
0.0
 11
6.487496066496978
 21
-17.31743127618938
 31
0.0
  0
LINE
  5
766
330
17
100
AcDbEntity
  8
ENGRAVE_POLARS
100
AcDbLine
 10
6.487496066496978
 20
-17.31743127618938
 30
0.0
 11
6.059324160070587
 21
-17.362211852779637
 31
0.0
  0
LINE
  5
767
330
17
100
AcDbEntity
  8
ENGRAVE_POLARS
100
AcDbLine
 10
6.059324160070587
 20
-17.362211852779637
 30
0.0
 11
5.658724083446573
 21
-17.402152118242793
 31
0.0
  0
LINE
  5
768
330
17
100
AcDbEntity
  8
ENGRAVE_POLARS
100
AcDbLine
 10
5.658724083446573
 20
-17.402152118242793
 30
0.0
 11
5.29246170244971
 21
-17.438295831315788
 31
0.0
  0
LINE
  5
769
330
17
100
AcDbEntity
  8
ENGRAVE_POLARS
100
AcDbLine
 10
5.29246170244971
 20
-17.438295831315788
 30
0.0
 11
4.967302882904781
 21
-17.47168675073558
 31
0.0
  0
LINE
  5
76A
330
17
100
AcDbEntity
  8
ENGRAVE_POLARS
100
AcDbLine
 10
4.967302882904781
 20
-17.47168675073558
 30
0.0
 11
4.690013490636568
 21
-17.503368635239113
 31
0.0
  0
LINE
  5
76B
330
17
100
AcDbEntity
  8
ENGRAVE_POLARS
100
AcDbLine
 10
4.690013490636568
 20
-17.503368635239113
 30
0.0
 11
4.473720694406558
 21
-17.530120927127005
 31
0.0
  0
LINE
  5
76C
330
17
100
AcDbEntity
  8
ENGRAVE_POLARS
100
AcDbLine
 10
4.473720694406558
 20
-17.530120927127005
 30
0.0
 11
4.319397202526848
 21
-17.5487555346957
 31
0.0
  0
LINE
  5
76D
330
17
100
AcDbEntity
  8
ENGRAVE_POLARS
100
AcDbLine
 10
4.319397202526848
 20
-17.5487555346957
 30
0.0
 11
4.215577190148132
 21
-17.5603649156759
 31
0.0
  0
LINE
  5
76E
330
17
100
AcDbEntity
  8
ENGRAVE_POLARS
100
AcDbLine
 10
4.215577190148132
 20
-17.5603649156759
 30
0.0
 11
4.150794832421097
 21
-17.566041527798294
 31
0.0
  0
LINE
  5
76F
330
17
100
AcDbEntity
  8
ENGRAVE_POLARS
100
AcDbLine
 10
4.150794832421097
 20
-17.566041527798294
 30
0.0
 11
4.113584304496436
 21
-17.566877828793594
 31
0.0
  0
LINE
  5
770
330
17
100
AcDbEntity
  8
ENGRAVE_POLARS
100
AcDbLine
 10
4.113584304496436
 20
-17.566877828793594
 30
0.0
 11
4.092479781524841
 21
-17.56396627639248
 31
0.0
  0
LINE
  5
771
330
17
100
AcDbEntity
  8
ENGRAVE_POLARS
100
AcDbLine
 10
4.092479781524841
 20
-17.56396627639248
 30
0.0
 11
4.076015438657002
 21
-17.558399328325656
 31
0.0
  0
LINE
  5
772
330
17
100
AcDbEntity
  8
ENGRAVE_POLARS
100
AcDbLine
 10
4.076015438657002
 20
-17.558399328325656
 30
0.0
 11
4.05272545104361
 21
-17.55126944232382
 31
0.0
  0
LINE
  5
773
330
17
100
AcDbEntity
  8
ENGRAVE_POLARS
100
AcDbLine
 10
4.05272545104361
 20
-17.55126944232382
 30
0.0
 11
4.011143993835357
 21
-17.54366907611767
 31
0.0
  0
LINE
  5
774
330
17
100
AcDbEntity
  8
ENGRAVE_POLARS
100
AcDbLine
 10
4.011143993835357
 20
-17.54366907611767
 30
0.0
 11
3.939805242182932
 21
-17.5366906874379
 31
0.0
  0
LINE
  5
775
330
17
100
AcDbEntity
  8
ENGRAVE_POLARS
100
AcDbLine
 10
3.939805242182932
 20
-17.5366906874379
 30
0.0
 11
3.8272433712370275
 21
-17.531426734015206
 31
0.0
  0
LINE
  5
776
330
17
100
AcDbEntity
  8
ENGRAVE_POLARS
100
AcDbLine
 10
3.8272433712370275
 20
-17.531426734015206
 30
0.0
 11
3.661992556148335
 21
-17.528969673580292
 31
0.0
  0
LINE
  5
777
330
17
100
AcDbEntity
  8
ENGRAVE_POLARS
100
AcDbLine
 10
3.661992556148335
 20
-17.528969673580292
 30
0.0
 11
3.4373903547399207
 21
-17.52769518337977
 31
0.0
  0
LINE
  5
778
330
17
100
AcDbEntity
  8
ENGRAVE_POLARS
100
AcDbLine
 10
3.4373903547399207
 20
-17.52769518337977
 30
0.0
 11
3.161705203643893
 21
-17.52537783140982
 31
0.0
  0
LINE
  5
779
330
17
100
AcDbEntity
  8
ENGRAVE_POLARS
100
AcDbLine
 10
3.161705203643893
 20
-17.52537783140982
 30
0.0
 11
2.845867596224501
 21
-17.522208411525472
 31
0.0
  0
LINE
  5
77A
330
17
100
AcDbEntity
  8
ENGRAVE_POLARS
100
AcDbLine
 10
2.845867596224501
 20
-17.522208411525472
 30
0.0
 11
2.500808025845997
 21
-17.518377717581775
 31
0.0
  0
LINE
  5
77B
330
17
100
AcDbEntity
  8
ENGRAVE_POLARS
100
AcDbLine
 10
2.500808025845997
 20
-17.518377717581775
 30
0.0
 11
2.137456985872631
 21
-17.514076543433763
 31
0.0
  0
LINE
  5
77C
330
17
100
AcDbEntity
  8
ENGRAVE_POLARS
100
AcDbLine
 10
2.137456985872631
 20
-17.514076543433763
 30
0.0
 11
1.766744969668654
 21
-17.50949568293647
 31
0.0
  0
LINE
  5
77D
330
17
100
AcDbEntity
  8
ENGRAVE_POLARS
100
AcDbLine
 10
1.766744969668654
 20
-17.50949568293647
 30
0.0
 11
1.3996024705983163
 21
-17.50482592994494
 31
0.0
  0
LINE
  5
77E
330
17
100
AcDbEntity
  8
ENGRAVE_POLARS
100
AcDbLine
 10
1.3996024705983163
 20
-17.50482592994494
 30
0.0
 11
1.0469599820258695
 21
-17.500258078314207
 31
0.0
  0
LINE
  5
77F
330
17
100
AcDbEntity
  8
ENGRAVE_POLARS
100
AcDbLine
 10
1.0469599820258695
 20
-17.500258078314207
 30
0.0
 11
0.7197479973155644
 21
-17.495982921899305
 31
0.0
  0
LINE
  5
780
330
17
100
AcDbEntity
  8
ENGRAVE_POLARS
100
AcDbLine
 10
0.7197479973155644
 20
-17.495982921899305
 30
0.0
 11
0.4288970098316506
 21
-17.49219125455528
 31
0.0
  0
LINE
  5
781
330
17
100
AcDbEntity
  8
ENGRAVE_POLARS
100
AcDbLine
 10
0.4288970098316506
 20
-17.49219125455528
 30
0.0
 11
0.1853375129383795
 21
-17.489073870137165
 31
0.0
  0
LINE
  5
782
330
17
100
AcDbEntity
  8
ENGRAVE_POLARS
100
AcDbLine
 10
0.1853375129383795
 20
-17.489073870137165
 30
0.0
 11
2.1415180053776542e-15
 21
-17.4868215625
 31
0.0
  0
LINE
  5
783
330
17
100
AcDbEntity
  8
ENGRAVE_POLARS
100
AcDbLine
 10
-9.593014761614313
 20
12.106627591803022
 30
0.0
 11
-9.789936830082501
 21
12.032903946207094
 31
0.0
  0
LINE
  5
784
330
17
100
AcDbEntity
  8
ENGRAVE_POLARS
100
AcDbLine
 10
-9.789936830082501
 20
12.032903946207094
 30
0.0
 11
-10.045787757610825
 21
11.941437553533076
 31
0.0
  0
LINE
  5
785
330
17
100
AcDbEntity
  8
ENGRAVE_POLARS
100
AcDbLine
 10
-10.045787757610825
 20
11.941437553533076
 30
0.0
 11
-10.350032703703652
 21
11.834583369087287
 31
0.0
  0
LINE
  5
786
330
17
100
AcDbEntity
  8
ENGRAVE_POLARS
100
AcDbLine
 10
-10.350032703703652
 20
11.834583369087287
 30
0.0
 11
-10.69213682786537
 21
11.714696348176048
 31
0.0
  0
LINE
  5
787
330
17
100
AcDbEntity
  8
ENGRAVE_POLARS
100
AcDbLine
 10
-10.69213682786537
 20
11.714696348176048
 30
0.0
 11
-11.061565289600352
 21
11.58413144610568
 31
0.0
  0
LINE
  5
788
330
17
100
AcDbEntity
  8
ENGRAVE_POLARS
100
AcDbLine
 10
-11.061565289600352
 20
11.58413144610568
 30
0.0
 11
-11.447783248412973
 21
11.445243618182502
 31
0.0
  0
LINE
  5
789
330
17
100
AcDbEntity
  8
ENGRAVE_POLARS
100
AcDbLine
 10
-11.447783248412973
 20
11.445243618182502
 30
0.0
 11
-11.840255863807613
 21
11.300387819712837
 31
0.0
  0
LINE
  5
78A
330
17
100
AcDbEntity
  8
ENGRAVE_POLARS
100
AcDbLine
 10
-11.840255863807613
 20
11.300387819712837
 30
0.0
 11
-12.228448295288647
 21
11.151919006003007
 31
0.0
  0
LINE
  5
78B
330
17
100
AcDbEntity
  8
ENGRAVE_POLARS
100
AcDbLine
 10
-12.228448295288647
 20
11.151919006003007
 30
0.0
 11
-12.601825702360456
 21
11.002192132359331
 31
0.0
  0
LINE
  5
78C
330
17
100
AcDbEntity
  8
ENGRAVE_POLARS
100
AcDbLine
 10
-12.601825702360456
 20
11.002192132359331
 30
0.0
 11
-12.949853244527413
 21
10.853562154088127
 31
0.0
  0
LINE
  5
78D
330
17
100
AcDbEntity
  8
ENGRAVE_POLARS
100
AcDbLine
 10
-12.949853244527413
 20
10.853562154088127
 30
0.0
 11
-13.261996081293896
 21
10.708384026495718
 31
0.0
  0
LINE
  5
78E
330
17
100
AcDbEntity
  8
ENGRAVE_POLARS
100
AcDbLine
 10
-13.261996081293896
 20
10.708384026495718
 30
0.0
 11
-13.527719372164285
 21
10.56901270488843
 31
0.0
  0
LINE
  5
78F
330
17
100
AcDbEntity
  8
ENGRAVE_POLARS
100
AcDbLine
 10
-13.527719372164285
 20
10.56901270488843
 30
0.0
 11
-13.752463701150523
 21
10.434955809750525
 31
0.0
  0
LINE
  5
790
330
17
100
AcDbEntity
  8
ENGRAVE_POLARS
100
AcDbLine
 10
-13.752463701150523
 20
10.434955809750525
 30
0.0
 11
-13.951183811346354
 21
10.303330966510556
 31
0.0
  0
LINE
  5
791
330
17
100
AcDbEntity
  8
ENGRAVE_POLARS
100
AcDbLine
 10
-13.951183811346354
 20
10.303330966510556
 30
0.0
 11
-14.127616100878832
 21
10.17290813789126
 31
0.0
  0
LINE
  5
792
330
17
100
AcDbEntity
  8
ENGRAVE_POLARS
100
AcDbLine
 10
-14.127616100878832
 20
10.17290813789126
 30
0.0
 11
-14.28549696787502
 21
10.042457286615377
 31
0.0
  0
LINE
  5
793
330
17
100
AcDbEntity
  8
ENGRAVE_POLARS
100
AcDbLine
 10
-14.28549696787502
 20
10.042457286615377
 30
0.0
 11
-14.428562810461983
 21
9.910748375405651
 31
0.0
  0
LINE
  5
794
330
17
100
AcDbEntity
  8
ENGRAVE_POLARS
100
AcDbLine
 10
-14.428562810461983
 20
9.910748375405651
 30
0.0
 11
-14.56055002676678
 21
9.776551366984817
 31
0.0
  0
LINE
  5
795
330
17
100
AcDbEntity
  8
ENGRAVE_POLARS
100
AcDbLine
 10
-14.56055002676678
 20
9.776551366984817
 30
0.0
 11
-14.685195014916468
 21
9.638636224075618
 31
0.0
  0
LINE
  5
796
330
17
100
AcDbEntity
  8
ENGRAVE_POLARS
100
AcDbLine
 10
-14.685195014916468
 20
9.638636224075618
 30
0.0
 11
-14.806234173038117
 21
9.49577290940079
 31
0.0
  0
LINE
  5
797
330
17
100
AcDbEntity
  8
ENGRAVE_POLARS
100
AcDbLine
 10
-14.806234173038117
 20
9.49577290940079
 30
0.0
 11
-14.92740389925878
 21
9.346731385683077
 31
0.0
  0
LINE
  5
798
330
17
100
AcDbEntity
  8
ENGRAVE_POLARS
100
AcDbLine
 10
-14.92740389925878
 20
9.346731385683077
 30
0.0
 11
-15.052440591705523
 21
9.190281615645214
 31
0.0
  0
LINE
  5
799
330
17
100
AcDbEntity
  8
ENGRAVE_POLARS
100
AcDbLine
 10
-15.052440591705523
 20
9.190281615645214
 30
0.0
 11
-15.185080648505402
 21
9.025193562009942
 31
0.0
  0
LINE
  5
79A
330
17
100
AcDbEntity
  8
ENGRAVE_POLARS
100
AcDbLine
 10
-15.185080648505402
 20
9.025193562009942
 30
0.0
 11
-15.329060467785485
 21
8.850237187500003
 31
0.0
  0
LINE
  5
79B
330
17
100
AcDbEntity
  8
ENGRAVE_POLARS
100
AcDbLine
 10
-15.329060467785485
 20
8.850237187500003
 30
0.0
 11
-15.48356143945753
 21
8.660335060831025
 31
0.0
  0
LINE
  5
79C
330
17
100
AcDbEntity
  8
ENGRAVE_POLARS
100
AcDbLine
 10
-15.48356143945753
 20
8.660335060831025
 30
0.0
 11
-15.64398655914496
 21
8.453597948215418
 31
0.0
  0
LINE
  5
79D
330
17
100
AcDbEntity
  8
ENGRAVE_POLARS
100
AcDbLine
 10
-15.64398655914496
 20
8.453597948215418
 30
0.0
 11
-15.808404633542315
 21
8.233578108621094
 31
0.0
  0
LINE
  5
79E
330
17
100
AcDbEntity
  8
ENGRAVE_POLARS
100
AcDbLine
 10
-15.808404633542315
 20
8.233578108621094
 30
0.0
 11
-15.974884469344138
 21
8.003827801015971
 31
0.0
  0
LINE
  5
79F
330
17
100
AcDbEntity
  8
ENGRAVE_POLARS
100
AcDbLine
 10
-15.974884469344138
 20
8.003827801015971
 30
0.0
 11
-16.141494873244984
 21
7.767899284367961
 31
0.0
  0
LINE
  5
7A0
330
17
100
AcDbEntity
  8
ENGRAVE_POLARS
100
AcDbLine
 10
-16.141494873244984
 20
7.767899284367961
 30
0.0
 11
-16.30630465193939
 21
7.5293448176449775
 31
0.0
  0
LINE
  5
7A1
330
17
100
AcDbEntity
  8
ENGRAVE_POLARS
100
AcDbLine
 10
-16.30630465193939
 20
7.5293448176449775
 30
0.0
 11
-16.4673826121219
 21
7.291716659814931
 31
0.0
  0
LINE
  5
7A2
330
17
100
AcDbEntity
  8
ENGRAVE_POLARS
100
AcDbLine
 10
-16.4673826121219
 20
7.291716659814931
 30
0.0
 11
-16.62279756048707
 21
7.05856706984574
 31
0.0
  0
LINE
  5
7A3
330
17
100
AcDbEntity
  8
ENGRAVE_POLARS
100
AcDbLine
 10
-16.62279756048707
 20
7.05856706984574
 30
0.0
 11
-16.77061830372943
 21
6.833448306705315
 31
0.0
  0
LINE
  5
7A4
330
17
100
AcDbEntity
  8
ENGRAVE_POLARS
100
AcDbLine
 10
-16.77061830372943
 20
6.833448306705315
 30
0.0
 11
-16.908913648543535
 21
6.61991262936157
 31
0.0
  0
LINE
  5
7A5
330
17
100
AcDbEntity
  8
ENGRAVE_POLARS
100
AcDbLine
 10
-16.908913648543535
 20
6.61991262936157
 30
0.0
 11
-17.035752401623927
 21
6.421512296782419
 31
0.0
  0
LINE
  5
7A6
330
17
100
AcDbEntity
  8
ENGRAVE_POLARS
100
AcDbLine
 10
-17.035752401623927
 20
6.421512296782419
 30
0.0
 11
-17.149203369665152
 21
6.241799567935774
 31
0.0
  0
LINE
  5
7A7
330
17
100
AcDbEntity
  8
ENGRAVE_POLARS
100
AcDbLine
 10
-17.149203369665152
 20
6.241799567935774
 30
0.0
 11
-17.248479462819805
 21
6.080572280363453
 31
0.0
  0
LINE
  5
7A8
330
17
100
AcDbEntity
  8
ENGRAVE_POLARS
100
AcDbLine
 10
-17.248479462819805
 20
6.080572280363453
 30
0.0
 11
-17.33518656206366
 21
5.933826593627067
 31
0.0
  0
LINE
  5
7A9
330
17
100
AcDbEntity
  8
ENGRAVE_POLARS
100
AcDbLine
 10
-17.33518656206366
 20
5.933826593627067
 30
0.0
 11
-17.41098293032606
 21
5.799412249724228
 31
0.0
  0
LINE
  5
7AA
330
17
100
AcDbEntity
  8
ENGRAVE_POLARS
100
AcDbLine
 10
-17.41098293032606
 20
5.799412249724228
 30
0.0
 11
-17.477526830536327
 21
5.675178990652545
 31
0.0
  0
LINE
  5
7AB
330
17
100
AcDbEntity
  8
ENGRAVE_POLARS
100
AcDbLine
 10
-17.477526830536327
 20
5.675178990652545
 30
0.0
 11
-17.53647652562379
 21
5.558976558409629
 31
0.0
  0
LINE
  5
7AC
330
17
100
AcDbEntity
  8
ENGRAVE_POLARS
100
AcDbLine
 10
-17.53647652562379
 20
5.558976558409629
 30
0.0
 11
-17.589490278517786
 21
5.448654694993087
 31
0.0
  0
LINE
  5
7AD
330
17
100
AcDbEntity
  8
ENGRAVE_POLARS
100
AcDbLine
 10
-17.589490278517786
 20
5.448654694993087
 30
0.0
 11
-17.63822635214763
 21
5.342063142400535
 31
0.0
  0
LINE
  5
7AE
330
17
100
AcDbEntity
  8
ENGRAVE_POLARS
100
AcDbLine
 10
-17.63822635214763
 20
5.342063142400535
 30
0.0
 11
-17.684343009442664
 21
5.23705164262958
 31
0.0
  0
LINE
  5
7AF
330
17
100
AcDbEntity
  8
ENGRAVE_POLARS
100
AcDbLine
 10
-17.684343009442664
 20
5.23705164262958
 30
0.0
 11
-17.72949851333221
 21
5.131469937677833
 31
0.0
  0
LINE
  5
7B0
330
17
100
AcDbEntity
  8
ENGRAVE_POLARS
100
AcDbLine
 10
-17.72949851333221
 20
5.131469937677833
 30
0.0
 11
-17.7753511267456
 21
5.023167769542902
 31
0.0
  0
LINE
  5
7B1
330
17
100
AcDbEntity
  8
ENGRAVE_POLARS
100
AcDbLine
 10
-17.7753511267456
 20
5.023167769542902
 30
0.0
 11
-17.823559112612163
 21
4.9099948802224
 31
0.0
  0
LINE
  5
7B2
330
17
100
AcDbEntity
  8
ENGRAVE_POLARS
100
AcDbLine
 10
-17.823559112612163
 20
4.9099948802224
 30
0.0
 11
-17.875780733861227
 21
4.789801011713937
 31
0.0
  0
LINE
  5
7B3
330
17
100
AcDbEntity
  8
ENGRAVE_POLARS
100
AcDbLine
 10
-17.875780733861227
 20
4.789801011713937
 30
0.0
 11
-17.929558565619395
 21
4.67031303558536
 31
0.0
  0
LINE
  5
7B4
330
17
100
AcDbEntity
  8
ENGRAVE_POLARS
100
AcDbLine
 10
-17.929558565619395
 20
4.67031303558536
 30
0.0
 11
-17.981519777953412
 21
4.558793787927907
 31
0.0
  0
LINE
  5
7B5
330
17
100
AcDbEntity
  8
ENGRAVE_POLARS
100
AcDbLine
 10
-17.981519777953412
 20
4.558793787927907
 30
0.0
 11
-18.031949526202837
 21
4.452396957524271
 31
0.0
  0
LINE
  5
7B6
330
17
100
AcDbEntity
  8
ENGRAVE_POLARS
100
AcDbLine
 10
-18.031949526202837
 20
4.452396957524271
 30
0.0
 11
-18.081132965707223
 21
4.348276233157149
 31
0.0
  0
LINE
  5
7B7
330
17
100
AcDbEntity
  8
ENGRAVE_POLARS
100
AcDbLine
 10
-18.081132965707223
 20
4.348276233157149
 30
0.0
 11
-18.129355251806125
 21
4.243585303609234
 31
0.0
  0
LINE
  5
7B8
330
17
100
AcDbEntity
  8
ENGRAVE_POLARS
100
AcDbLine
 10
-18.129355251806125
 20
4.243585303609234
 30
0.0
 11
-18.17690153983909
 21
4.135477857663221
 31
0.0
  0
LINE
  5
7B9
330
17
100
AcDbEntity
  8
ENGRAVE_POLARS
100
AcDbLine
 10
-18.17690153983909
 20
4.135477857663221
 30
0.0
 11
-18.22405698514568
 21
4.021107584101805
 31
0.0
  0
LINE
  5
7BA
330
17
100
AcDbEntity
  8
ENGRAVE_POLARS
100
AcDbLine
 10
-18.22405698514568
 20
4.021107584101805
 30
0.0
 11
-18.271106743065445
 21
3.897628171707681
 31
0.0
  0
LINE
  5
7BB
330
17
100
AcDbEntity
  8
ENGRAVE_POLARS
100
AcDbLine
 10
-18.271106743065445
 20
3.897628171707681
 30
0.0
 11
-18.318335968937944
 21
3.7621933092635422
 31
0.0
  0
LINE
  5
7BC
330
17
100
AcDbEntity
  8
ENGRAVE_POLARS
100
AcDbLine
 10
-18.318335968937944
 20
3.7621933092635422
 30
0.0
 11
-18.366029818102728
 21
3.611956685552084
 31
0.0
  0
LINE
  5
7BD
330
17
100
AcDbEntity
  8
ENGRAVE_POLARS
100
AcDbLine
 10
-18.366029818102728
 20
3.611956685552084
 30
0.0
 11
-18.414473445899347
 21
3.4440719893560003
 31
0.0
  0
LINE
  5
7BE
330
17
100
AcDbEntity
  8
ENGRAVE_POLARS
100
AcDbLine
 10
-18.414473445899347
 20
3.4440719893560003
 30
0.0
 11
-18.46395200766736
 21
3.255692909457987
 31
0.0
  0
LINE
  5
7BF
330
17
100
AcDbEntity
  8
ENGRAVE_POLARS
100
AcDbLine
 10
-18.46395200766736
 20
3.255692909457987
 30
0.0
 11
-18.517131737228397
 21
3.056049106553737
 31
0.0
  0
LINE
  5
7C0
330
17
100
AcDbEntity
  8
ENGRAVE_POLARS
100
AcDbLine
 10
-18.517131737228397
 20
3.056049106553737
 30
0.0
 11
-18.57539825028035
 21
2.8541190678684822
 31
0.0
  0
LINE
  5
7C1
330
17
100
AcDbEntity
  8
ENGRAVE_POLARS
100
AcDbLine
 10
-18.57539825028035
 20
2.8541190678684822
 30
0.0
 11
-18.63711577497715
 21
2.6466797219792184
 31
0.0
  0
LINE
  5
7C2
330
17
100
AcDbEntity
  8
ENGRAVE_POLARS
100
AcDbLine
 10
-18.63711577497715
 20
2.6466797219792184
 30
0.0
 11
-18.70064853947274
 21
2.4305079974629424
 31
0.0
  0
LINE
  5
7C3
330
17
100
AcDbEntity
  8
ENGRAVE_POLARS
100
AcDbLine
 10
-18.70064853947274
 20
2.4305079974629424
 30
0.0
 11
-18.76436077192107
 21
2.2023808228966533
 31
0.0
  0
LINE
  5
7C4
330
17
100
AcDbEntity
  8
ENGRAVE_POLARS
100
AcDbLine
 10
-18.76436077192107
 20
2.2023808228966533
 30
0.0
 11
-18.826616700476066
 21
1.959075126857347
 31
0.0
  0
LINE
  5
7C5
330
17
100
AcDbEntity
  8
ENGRAVE_POLARS
100
AcDbLine
 10
-18.826616700476066
 20
1.959075126857347
 30
0.0
 11
-18.885780553291664
 21
1.697367837922021
 31
0.0
  0
LINE
  5
7C6
330
17
100
AcDbEntity
  8
ENGRAVE_POLARS
100
AcDbLine
 10
-18.885780553291664
 20
1.697367837922021
 30
0.0
 11
-18.940216558521815
 21
1.4140358846676722
 31
0.0
  0
LINE
  5
7C7
330
17
100
AcDbEntity
  8
ENGRAVE_POLARS
100
AcDbLine
 10
-18.940216558521815
 20
1.4140358846676722
 30
0.0
 11
-18.98828894432045
 21
1.1058561956712991
 31
0.0
  0
LINE
  5
7C8
330
17
100
AcDbEntity
  8
ENGRAVE_POLARS
100
AcDbLine
 10
-18.98828894432045
 20
1.1058561956712991
 30
0.0
 11
-19.028361938841513
 21
0.7696056995098978
 31
0.0
  0
LINE
  5
7C9
330
17
100
AcDbEntity
  8
ENGRAVE_POLARS
100
AcDbLine
 10
-19.028361938841513
 20
0.7696056995098978
 30
0.0
 11
-19.058799770238938
 21
0.402061324760466
 31
0.0
  0
LINE
  5
7CA
330
17
100
AcDbEntity
  8
ENGRAVE_POLARS
100
AcDbLine
 10
-19.058799770238938
 20
0.402061324760466
 30
0.0
 11
-19.07796666666667
 21
1.1681885406286618e-15
 31
0.0
  0
LINE
  5
7CB
330
17
100
AcDbEntity
  8
ENGRAVE_POLARS
100
AcDbLine
 10
-19.07796666666667
 20
1.1681885406286618e-15
 30
0.0
 11
-19.08628392923769
 21
-0.4545868535763434
 31
0.0
  0
LINE
  5
7CC
330
17
100
AcDbEntity
  8
ENGRAVE_POLARS
100
AcDbLine
 10
-19.08628392923769
 20
-0.4545868535763434
 30
0.0
 11
-19.08580413703779
 21
-0.9696431627465575
 31
0.0
  0
LINE
  5
7CD
330
17
100
AcDbEntity
  8
ENGRAVE_POLARS
100
AcDbLine
 10
-19.08580413703779
 20
-0.9696431627465575
 30
0.0
 11
-19.077338435180106
 21
-1.5332950208933596
 31
0.0
  0
LINE
  5
7CE
330
17
100
AcDbEntity
  8
ENGRAVE_POLARS
100
AcDbLine
 10
-19.077338435180106
 20
-1.5332950208933596
 30
0.0
 11
-19.061697968777775
 21
-2.1336685213994686
 31
0.0
  0
LINE
  5
7CF
330
17
100
AcDbEntity
  8
ENGRAVE_POLARS
100
AcDbLine
 10
-19.061697968777775
 20
-2.1336685213994686
 30
0.0
 11
-19.03969388294393
 21
-2.758889757647603
 31
0.0
  0
LINE
  5
7D0
330
17
100
AcDbEntity
  8
ENGRAVE_POLARS
100
AcDbLine
 10
-19.03969388294393
 20
-2.758889757647603
 30
0.0
 11
-19.012137322791702
 21
-3.3970848230204793
 31
0.0
  0
LINE
  5
7D1
330
17
100
AcDbEntity
  8
ENGRAVE_POLARS
100
AcDbLine
 10
-19.012137322791702
 20
-3.3970848230204793
 30
0.0
 11
-18.979839433434233
 21
-4.036379810900819
 31
0.0
  0
LINE
  5
7D2
330
17
100
AcDbEntity
  8
ENGRAVE_POLARS
100
AcDbLine
 10
-18.979839433434233
 20
-4.036379810900819
 30
0.0
 11
-18.943611359984658
 21
-4.6649008146713395
 31
0.0
  0
LINE
  5
7D3
330
17
100
AcDbEntity
  8
ENGRAVE_POLARS
100
AcDbLine
 10
-18.943611359984658
 20
-4.6649008146713395
 30
0.0
 11
-18.904264247556117
 21
-5.2707739277147585
 31
0.0
  0
LINE
  5
7D4
330
17
100
AcDbEntity
  8
ENGRAVE_POLARS
100
AcDbLine
 10
-18.904264247556117
 20
-5.2707739277147585
 30
0.0
 11
-18.86260924126174
 21
-5.842125243413795
 31
0.0
  0
LINE
  5
7D5
330
17
100
AcDbEntity
  8
ENGRAVE_POLARS
100
AcDbLine
 10
-18.86260924126174
 20
-5.842125243413795
 30
0.0
 11
-18.819457486214656
 21
-6.367080855151168
 31
0.0
  0
LINE
  5
7D6
330
17
100
AcDbEntity
  8
ENGRAVE_POLARS
100
AcDbLine
 10
-18.819457486214656
 20
-6.367080855151168
 30
0.0
 11
-18.775620127528015
 21
-6.8337668563095955
 31
0.0
  0
LINE
  5
7D7
330
17
100
AcDbEntity
  8
ENGRAVE_POLARS
100
AcDbLine
 10
-18.775620127528015
 20
-6.8337668563095955
 30
0.0
 11
-18.736718857593793
 21
-7.243169271973884
 31
0.0
  0
LINE
  5
7D8
330
17
100
AcDbEntity
  8
ENGRAVE_POLARS
100
AcDbLine
 10
-18.736718857593793
 20
-7.243169271973884
 30
0.0
 11
-18.705446231447116
 21
-7.608868925325948
 31
0.0
  0
LINE
  5
7D9
330
17
100
AcDbEntity
  8
ENGRAVE_POLARS
100
AcDbLine
 10
-18.705446231447116
 20
-7.608868925325948
 30
0.0
 11
-18.678219688165804
 21
-7.937884106894158
 31
0.0
  0
LINE
  5
7DA
330
17
100
AcDbEntity
  8
ENGRAVE_POLARS
100
AcDbLine
 10
-18.678219688165804
 20
-7.937884106894158
 30
0.0
 11
-18.65145666682769
 21
-8.237233107206892
 31
0.0
  0
LINE
  5
7DB
330
17
100
AcDbEntity
  8
ENGRAVE_POLARS
100
AcDbLine
 10
-18.65145666682769
 20
-8.237233107206892
 30
0.0
 11
-18.621574606510606
 21
-8.513934216792528
 31
0.0
  0
LINE
  5
7DC
330
17
100
AcDbEntity
  8
ENGRAVE_POLARS
100
AcDbLine
 10
-18.621574606510606
 20
-8.513934216792528
 30
0.0
 11
-18.584990946292383
 21
-8.775005726179435
 31
0.0
  0
LINE
  5
7DD
330
17
100
AcDbEntity
  8
ENGRAVE_POLARS
100
AcDbLine
 10
-18.584990946292383
 20
-8.775005726179435
 30
0.0
 11
-18.538123125250845
 21
-9.027465925895992
 31
0.0
  0
LINE
  5
7DE
330
17
100
AcDbEntity
  8
ENGRAVE_POLARS
100
AcDbLine
 10
-18.538123125250845
 20
-9.027465925895992
 30
0.0
 11
-18.47738858246383
 21
-9.278333106470576
 31
0.0
  0
LINE
  5
7DF
330
17
100
AcDbEntity
  8
ENGRAVE_POLARS
100
AcDbLine
 10
-18.47738858246383
 20
-9.278333106470576
 30
0.0
 11
-18.399204757009166
 21
-9.534625558431559
 31
0.0
  0
LINE
  5
7E0
330
17
100
AcDbEntity
  8
ENGRAVE_POLARS
100
AcDbLine
 10
-18.399204757009166
 20
-9.534625558431559
 30
0.0
 11
-18.299989087964676
 21
-9.803361572307319
 31
0.0
  0
LINE
  5
7E1
330
17
100
AcDbEntity
  8
ENGRAVE_POLARS
100
AcDbLine
 10
-18.299989087964676
 20
-9.803361572307319
 30
0.0
 11
-18.176159014408196
 21
-10.091559438626225
 31
0.0
  0
LINE
  5
7E2
330
17
100
AcDbEntity
  8
ENGRAVE_POLARS
100
AcDbLine
 10
-18.176159014408196
 20
-10.091559438626225
 30
0.0
 11
-18.024131975417557
 21
-10.406237447916661
 31
0.0
  0
LINE
  5
7E3
330
17
100
AcDbEntity
  8
ENGRAVE_POLARS
100
AcDbLine
 10
-18.024131975417557
 20
-10.406237447916661
 30
0.0
 11
-17.84584270759615
 21
-10.749119476457457
 31
0.0
  0
LINE
  5
7E4
330
17
100
AcDbEntity
  8
ENGRAVE_POLARS
100
AcDbLine
 10
-17.84584270759615
 20
-10.749119476457457
 30
0.0
 11
-17.646430655243062
 21
-11.113646219486014
 31
0.0
  0
LINE
  5
7E5
330
17
100
AcDbEntity
  8
ENGRAVE_POLARS
100
AcDbLine
 10
-17.646430655243062
 20
-11.113646219486014
 30
0.0
 11
-17.427120318979625
 21
-11.49441119596854
 31
0.0
  0
LINE
  5
7E6
330
17
100
AcDbEntity
  8
ENGRAVE_POLARS
100
AcDbLine
 10
-17.427120318979625
 20
-11.49441119596854
 30
0.0
 11
-17.18913619942719
 21
-11.886007924871254
 31
0.0
  0
LINE
  5
7E7
330
17
100
AcDbEntity
  8
ENGRAVE_POLARS
100
AcDbLine
 10
-17.18913619942719
 20
-11.886007924871254
 30
0.0
 11
-16.93370279720711
 21
-12.283029925160369
 31
0.0
  0
LINE
  5
7E8
330
17
100
AcDbEntity
  8
ENGRAVE_POLARS
100
AcDbLine
 10
-16.93370279720711
 20
-12.283029925160369
 30
0.0
 11
-16.662044612940722
 21
-12.680070715802096
 31
0.0
  0
LINE
  5
7E9
330
17
100
AcDbEntity
  8
ENGRAVE_POLARS
100
AcDbLine
 10
-16.662044612940722
 20
-12.680070715802096
 30
0.0
 11
-16.37538614724937
 21
-13.07172381576265
 31
0.0
  0
LINE
  5
7EA
330
17
100
AcDbEntity
  8
ENGRAVE_POLARS
100
AcDbLine
 10
-16.37538614724937
 20
-13.07172381576265
 30
0.0
 11
-16.07495190075441
 21
-13.452582744008252
 31
0.0
  0
LINE
  5
7EB
330
17
100
AcDbEntity
  8
ENGRAVE_POLARS
100
AcDbLine
 10
-16.07495190075441
 20
-13.452582744008252
 30
0.0
 11
-15.761966374077183
 21
-13.817241019505108
 31
0.0
  0
LINE
  5
7EC
330
17
100
AcDbEntity
  8
ENGRAVE_POLARS
100
AcDbLine
 10
-15.761966374077183
 20
-13.817241019505108
 30
0.0
 11
-15.437654067839032
 21
-14.160292161219433
 31
0.0
  0
LINE
  5
7ED
330
17
100
AcDbEntity
  8
ENGRAVE_POLARS
100
AcDbLine
 10
-15.437654067839032
 20
-14.160292161219433
 30
0.0
 11
-15.103239482661307
 21
-14.476329688117442
 31
0.0
  0
LINE
  5
7EE
330
17
100
AcDbEntity
  8
ENGRAVE_POLARS
100
AcDbLine
 10
-15.103239482661307
 20
-14.476329688117442
 30
0.0
 11
-14.759947119165354
 21
-14.759947119165352
 31
0.0
  0
LINE
  5
7EF
330
17
100
AcDbEntity
  8
ENGRAVE_POLARS
100
AcDbLine
 10
-14.759947119165354
 20
-14.759947119165352
 30
0.0
 11
-14.4003627218954
 21
-15.014158750010399
 31
0.0
  0
LINE
  5
7F0
330
17
100
AcDbEntity
  8
ENGRAVE_POLARS
100
AcDbLine
 10
-14.4003627218954
 20
-15.014158750010399
 30
0.0
 11
-14.018432309429043
 21
-15.246780748101317
 31
0.0
  0
LINE
  5
7F1
330
17
100
AcDbEntity
  8
ENGRAVE_POLARS
100
AcDbLine
 10
-14.018432309429043
 20
-15.246780748101317
 30
0.0
 11
-13.617420793437654
 21
-15.45960944010657
 31
0.0
  0
LINE
  5
7F2
330
17
100
AcDbEntity
  8
ENGRAVE_POLARS
100
AcDbLine
 10
-13.617420793437654
 20
-15.45960944010657
 30
0.0
 11
-13.200593085592617
 21
-15.65444115269462
 31
0.0
  0
LINE
  5
7F3
330
17
100
AcDbEntity
  8
ENGRAVE_POLARS
100
AcDbLine
 10
-13.200593085592617
 20
-15.65444115269462
 30
0.0
 11
-12.771214097565318
 21
-15.833072212533924
 31
0.0
  0
LINE
  5
7F4
330
17
100
AcDbEntity
  8
ENGRAVE_POLARS
100
AcDbLine
 10
-12.771214097565318
 20
-15.833072212533924
 30
0.0
 11
-12.332548741027127
 21
-15.99729894629295
 31
0.0
  0
LINE
  5
7F5
330
17
100
AcDbEntity
  8
ENGRAVE_POLARS
100
AcDbLine
 10
-12.332548741027127
 20
-15.99729894629295
 30
0.0
 11
-11.887861927649428
 21
-16.14891768064015
 31
0.0
  0
LINE
  5
7F6
330
17
100
AcDbEntity
  8
ENGRAVE_POLARS
100
AcDbLine
 10
-11.887861927649428
 20
-16.14891768064015
 30
0.0
 11
-11.440418569103608
 21
-16.28972474224399
 31
0.0
  0
LINE
  5
7F7
330
17
100
AcDbEntity
  8
ENGRAVE_POLARS
100
AcDbLine
 10
-11.440418569103608
 20
-16.28972474224399
 30
0.0
 11
-10.99348357706104
 21
-16.42151645777294
 31
0.0
  0
LINE
  5
7F8
330
17
100
AcDbEntity
  8
ENGRAVE_POLARS
100
AcDbLine
 10
-10.99348357706104
 20
-16.42151645777294
 30
0.0
 11
-10.550321863193108
 21
-16.546089153895437
 31
0.0
  0
LINE
  5
7F9
330
17
100
AcDbEntity
  8
ENGRAVE_POLARS
100
AcDbLine
 10
-10.550321863193108
 20
-16.546089153895437
 30
0.0
 11
-10.114198339171187
 21
-16.66523915727997
 31
0.0
  0
LINE
  5
7FA
330
17
100
AcDbEntity
  8
ENGRAVE_POLARS
100
AcDbLine
 10
-10.114198339171187
 20
-16.66523915727997
 30
0.0
 11
-9.688377916666665
 21
-16.780762794594978
 31
0.0
  0
LINE
  5
7FB
330
17
100
AcDbEntity
  8
ENGRAVE_POLARS
100
AcDbLine
 10
-9.688377916666665
 20
-16.780762794594978
 30
0.0
 11
-9.256647444717496
 21
-16.88865079370953
 31
0.0
  0
LINE
  5
7FC
330
17
100
AcDbEntity
  8
ENGRAVE_POLARS
100
AcDbLine
 10
-9.256647444717496
 20
-16.88865079370953
 30
0.0
 11
-8.805127741797241
 21
-16.98439217053833
 31
0.0
  0
LINE
  5
7FD
330
17
100
AcDbEntity
  8
ENGRAVE_POLARS
100
AcDbLine
 10
-8.805127741797241
 20
-16.98439217053833
 30
0.0
 11
-8.34058467373068
 21
-17.069030683818344
 31
0.0
  0
LINE
  5
7FE
330
17
100
AcDbEntity
  8
ENGRAVE_POLARS
100
AcDbLine
 10
-8.34058467373068
 20
-17.069030683818344
 30
0.0
 11
-7.8697841063425935
 21
-17.1436100922865
 31
0.0
  0
LINE
  5
7FF
330
17
100
AcDbEntity
  8
ENGRAVE_POLARS
100
AcDbLine
 10
-7.8697841063425935
 20
-17.1436100922865
 30
0.0
 11
-7.399491905457762
 21
-17.20917415467976
 31
0.0
  0
LINE
  5
800
330
17
100
AcDbEntity
  8
ENGRAVE_POLARS
100
AcDbLine
 10
-7.399491905457762
 20
-17.20917415467976
 30
0.0
 11
-6.936473936900963
 21
-17.266766629735073
 31
0.0
  0
LINE
  5
801
330
17
100
AcDbEntity
  8
ENGRAVE_POLARS
100
AcDbLine
 10
-6.936473936900963
 20
-17.266766629735073
 30
0.0
 11
-6.487496066496978
 21
-17.31743127618938
 31
0.0
  0
LINE
  5
802
330
17
100
AcDbEntity
  8
ENGRAVE_POLARS
100
AcDbLine
 10
-6.487496066496978
 20
-17.31743127618938
 30
0.0
 11
-6.059324160070587
 21
-17.362211852779637
 31
0.0
  0
LINE
  5
803
330
17
100
AcDbEntity
  8
ENGRAVE_POLARS
100
AcDbLine
 10
-6.059324160070587
 20
-17.362211852779637
 30
0.0
 11
-5.658724083446573
 21
-17.402152118242793
 31
0.0
  0
LINE
  5
804
330
17
100
AcDbEntity
  8
ENGRAVE_POLARS
100
AcDbLine
 10
-5.658724083446573
 20
-17.402152118242793
 30
0.0
 11
-5.29246170244971
 21
-17.438295831315788
 31
0.0
  0
LINE
  5
805
330
17
100
AcDbEntity
  8
ENGRAVE_POLARS
100
AcDbLine
 10
-5.29246170244971
 20
-17.438295831315788
 30
0.0
 11
-4.967302882904781
 21
-17.47168675073558
 31
0.0
  0
LINE
  5
806
330
17
100
AcDbEntity
  8
ENGRAVE_POLARS
100
AcDbLine
 10
-4.967302882904781
 20
-17.47168675073558
 30
0.0
 11
-4.690013490636568
 21
-17.503368635239113
 31
0.0
  0
LINE
  5
807
330
17
100
AcDbEntity
  8
ENGRAVE_POLARS
100
AcDbLine
 10
-4.690013490636568
 20
-17.503368635239113
 30
0.0
 11
-4.473720694406558
 21
-17.530120927127005
 31
0.0
  0
LINE
  5
808
330
17
100
AcDbEntity
  8
ENGRAVE_POLARS
100
AcDbLine
 10
-4.473720694406558
 20
-17.530120927127005
 30
0.0
 11
-4.319397202526848
 21
-17.5487555346957
 31
0.0
  0
LINE
  5
809
330
17
100
AcDbEntity
  8
ENGRAVE_POLARS
100
AcDbLine
 10
-4.319397202526848
 20
-17.5487555346957
 30
0.0
 11
-4.215577190148132
 21
-17.5603649156759
 31
0.0
  0
LINE
  5
80A
330
17
100
AcDbEntity
  8
ENGRAVE_POLARS
100
AcDbLine
 10
-4.215577190148132
 20
-17.5603649156759
 30
0.0
 11
-4.150794832421097
 21
-17.566041527798294
 31
0.0
  0
LINE
  5
80B
330
17
100
AcDbEntity
  8
ENGRAVE_POLARS
100
AcDbLine
 10
-4.150794832421097
 20
-17.566041527798294
 30
0.0
 11
-4.113584304496436
 21
-17.566877828793594
 31
0.0
  0
LINE
  5
80C
330
17
100
AcDbEntity
  8
ENGRAVE_POLARS
100
AcDbLine
 10
-4.113584304496436
 20
-17.566877828793594
 30
0.0
 11
-4.092479781524841
 21
-17.56396627639248
 31
0.0
  0
LINE
  5
80D
330
17
100
AcDbEntity
  8
ENGRAVE_POLARS
100
AcDbLine
 10
-4.092479781524841
 20
-17.56396627639248
 30
0.0
 11
-4.076015438657002
 21
-17.558399328325656
 31
0.0
  0
LINE
  5
80E
330
17
100
AcDbEntity
  8
ENGRAVE_POLARS
100
AcDbLine
 10
-4.076015438657002
 20
-17.558399328325656
 30
0.0
 11
-4.05272545104361
 21
-17.55126944232382
 31
0.0
  0
LINE
  5
80F
330
17
100
AcDbEntity
  8
ENGRAVE_POLARS
100
AcDbLine
 10
-4.05272545104361
 20
-17.55126944232382
 30
0.0
 11
-4.011143993835357
 21
-17.54366907611767
 31
0.0
  0
LINE
  5
810
330
17
100
AcDbEntity
  8
ENGRAVE_POLARS
100
AcDbLine
 10
-4.011143993835357
 20
-17.54366907611767
 30
0.0
 11
-3.939805242182932
 21
-17.5366906874379
 31
0.0
  0
LINE
  5
811
330
17
100
AcDbEntity
  8
ENGRAVE_POLARS
100
AcDbLine
 10
-3.939805242182932
 20
-17.5366906874379
 30
0.0
 11
-3.8272433712370275
 21
-17.531426734015206
 31
0.0
  0
LINE
  5
812
330
17
100
AcDbEntity
  8
ENGRAVE_POLARS
100
AcDbLine
 10
-3.8272433712370275
 20
-17.531426734015206
 30
0.0
 11
-3.661992556148335
 21
-17.528969673580292
 31
0.0
  0
LINE
  5
813
330
17
100
AcDbEntity
  8
ENGRAVE_POLARS
100
AcDbLine
 10
-3.661992556148335
 20
-17.528969673580292
 30
0.0
 11
-3.4373903547399207
 21
-17.52769518337977
 31
0.0
  0
LINE
  5
814
330
17
100
AcDbEntity
  8
ENGRAVE_POLARS
100
AcDbLine
 10
-3.4373903547399207
 20
-17.52769518337977
 30
0.0
 11
-3.161705203643893
 21
-17.52537783140982
 31
0.0
  0
LINE
  5
815
330
17
100
AcDbEntity
  8
ENGRAVE_POLARS
100
AcDbLine
 10
-3.161705203643893
 20
-17.52537783140982
 30
0.0
 11
-2.845867596224501
 21
-17.522208411525472
 31
0.0
  0
LINE
  5
816
330
17
100
AcDbEntity
  8
ENGRAVE_POLARS
100
AcDbLine
 10
-2.845867596224501
 20
-17.522208411525472
 30
0.0
 11
-2.500808025845997
 21
-17.518377717581775
 31
0.0
  0
LINE
  5
817
330
17
100
AcDbEntity
  8
ENGRAVE_POLARS
100
AcDbLine
 10
-2.500808025845997
 20
-17.518377717581775
 30
0.0
 11
-2.137456985872631
 21
-17.514076543433763
 31
0.0
  0
LINE
  5
818
330
17
100
AcDbEntity
  8
ENGRAVE_POLARS
100
AcDbLine
 10
-2.137456985872631
 20
-17.514076543433763
 30
0.0
 11
-1.766744969668654
 21
-17.50949568293647
 31
0.0
  0
LINE
  5
819
330
17
100
AcDbEntity
  8
ENGRAVE_POLARS
100
AcDbLine
 10
-1.766744969668654
 20
-17.50949568293647
 30
0.0
 11
-1.3996024705983163
 21
-17.50482592994494
 31
0.0
  0
LINE
  5
81A
330
17
100
AcDbEntity
  8
ENGRAVE_POLARS
100
AcDbLine
 10
-1.3996024705983163
 20
-17.50482592994494
 30
0.0
 11
-1.0469599820258695
 21
-17.500258078314207
 31
0.0
  0
LINE
  5
81B
330
17
100
AcDbEntity
  8
ENGRAVE_POLARS
100
AcDbLine
 10
-1.0469599820258695
 20
-17.500258078314207
 30
0.0
 11
-0.7197479973155644
 21
-17.495982921899305
 31
0.0
  0
LINE
  5
81C
330
17
100
AcDbEntity
  8
ENGRAVE_POLARS
100
AcDbLine
 10
-0.7197479973155644
 20
-17.495982921899305
 30
0.0
 11
-0.4288970098316506
 21
-17.49219125455528
 31
0.0
  0
LINE
  5
81D
330
17
100
AcDbEntity
  8
ENGRAVE_POLARS
100
AcDbLine
 10
-0.4288970098316506
 20
-17.49219125455528
 30
0.0
 11
-0.1853375129383795
 21
-17.489073870137165
 31
0.0
  0
LINE
  5
81E
330
17
100
AcDbEntity
  8
ENGRAVE_POLARS
100
AcDbLine
 10
-0.1853375129383795
 20
-17.489073870137165
 30
0.0
 11
-2.1415180053776542e-15
 21
-17.4868215625
 31
0.0
  0
TEXT
  5
81F
330
17
100
AcDbEntity
  8
ENGRAVE_TEXT
100
AcDbText
 10
8.725131010060746
 20
12.74631133781192
 30
0.0
 40
4.5
  1
16
 72
1
 11
8.725131010060746
 21
12.74631133781192
 31
0.0
100
AcDbText
 73
2
  0
TEXT
  5
820
330
17
100
AcDbEntity
  8
ENGRAVE_TEXT
100
AcDbText
 10
-8.725131010060746
 20
12.74631133781192
 30
0.0
 40
4.5
  1
16
 72
1
 11
-8.725131010060746
 21
12.74631133781192
 31
0.0
100
AcDbText
 73
2
  0
CIRCLE
  5
821
330
17
100
AcDbEntity
  8
ENGRAVE_VMG
100
AcDbCircle
 10
9.593014761614313
 20
12.106627591803022
 30
0.0
 40
0.6
  0
CIRCLE
  5
822
330
17
100
AcDbEntity
  8
ENGRAVE_VMG
100
AcDbCircle
 10
-9.593014761614313
 20
12.106627591803022
 30
0.0
 40
0.6
  0
CIRCLE
  5
823
330
17
100
AcDbEntity
  8
ENGRAVE_VMG
100
AcDbCircle
 10
3.661992556148335
 20
-17.528969673580292
 30
0.0
 40
0.6
  0
CIRCLE
  5
824
330
17
100
AcDbEntity
  8
ENGRAVE_VMG
100
AcDbCircle
 10
-3.661992556148335
 20
-17.528969673580292
 30
0.0
 40
0.6
  0
LINE
  5
825
330
17
100
AcDbEntity
  8
ENGRAVE_POLARS
100
AcDbLine
 10
7.825778809528401
 20
9.738073089495776
 30
0.0
 11
7.979757074232799
 21
9.679766631855804
 31
0.0
  0
LINE
  5
826
330
17
100
AcDbEntity
  8
ENGRAVE_POLARS
100
AcDbLine
 10
7.979757074232799
 20
9.679766631855804
 30
0.0
 11
8.179517016575325
 21
9.607470750565811
 31
0.0
  0
LINE
  5
827
330
17
100
AcDbEntity
  8
ENGRAVE_POLARS
100
AcDbLine
 10
8.179517016575325
 20
9.607470750565811
 30
0.0
 11
8.416930185238423
 21
9.523032132196656
 31
0.0
  0
LINE
  5
828
330
17
100
AcDbEntity
  8
ENGRAVE_POLARS
100
AcDbLine
 10
8.416930185238423
 20
9.523032132196656
 30
0.0
 11
8.683868128904544
 21
9.428297463319195
 31
0.0
  0
LINE
  5
829
330
17
100
AcDbEntity
  8
ENGRAVE_POLARS
100
AcDbLine
 10
8.683868128904544
 20
9.428297463319195
 30
0.0
 11
8.972202396256133
 21
9.325113430504292
 31
0.0
  0
LINE
  5
82A
330
17
100
AcDbEntity
  8
ENGRAVE_POLARS
100
AcDbLine
 10
8.972202396256133
 20
9.325113430504292
 30
0.0
 11
9.27380453597564
 21
9.2153267203228
 31
0.0
  0
LINE
  5
82B
330
17
100
AcDbEntity
  8
ENGRAVE_POLARS
100
AcDbLine
 10
9.27380453597564
 20
9.2153267203228
 30
0.0
 11
9.580546096745515
 21
9.100784019345573
 31
0.0
  0
LINE
  5
82C
330
17
100
AcDbEntity
  8
ENGRAVE_POLARS
100
AcDbLine
 10
9.580546096745515
 20
9.100784019345573
 30
0.0
 11
9.884298627248201
 21
8.983332014143478
 31
0.0
  0
LINE
  5
82D
330
17
100
AcDbEntity
  8
ENGRAVE_POLARS
100
AcDbLine
 10
9.884298627248201
 20
8.983332014143478
 30
0.0
 11
10.176933676166149
 21
8.864817391287371
 31
0.0
  0
LINE
  5
82E
330
17
100
AcDbEntity
  8
ENGRAVE_POLARS
100
AcDbLine
 10
10.176933676166149
 20
8.864817391287371
 30
0.0
 11
10.450322792181808
 21
8.747086837348107
 31
0.0
  0
LINE
  5
82F
330
17
100
AcDbEntity
  8
ENGRAVE_POLARS
100
AcDbLine
 10
10.450322792181808
 20
8.747086837348107
 30
0.0
 11
10.69633752397762
 21
8.631987038896543
 31
0.0
  0
LINE
  5
830
330
17
100
AcDbEntity
  8
ENGRAVE_POLARS
100
AcDbLine
 10
10.69633752397762
 20
8.631987038896543
 30
0.0
 11
10.906849420236043
 21
8.521364682503544
 31
0.0
  0
LINE
  5
831
330
17
100
AcDbEntity
  8
ENGRAVE_POLARS
100
AcDbLine
 10
10.906849420236043
 20
8.521364682503544
 30
0.0
 11
11.086015521596671
 21
8.414832718779948
 31
0.0
  0
LINE
  5
832
330
17
100
AcDbEntity
  8
ENGRAVE_POLARS
100
AcDbLine
 10
11.086015521596671
 20
8.414832718779948
 30
0.0
 11
11.245348618994775
 21
8.310130276400812
 31
0.0
  0
LINE
  5
833
330
17
100
AcDbEntity
  8
ENGRAVE_POLARS
100
AcDbLine
 10
11.245348618994775
 20
8.310130276400812
 30
0.0
 11
11.387753886556276
 21
8.206293309033313
 31
0.0
  0
LINE
  5
834
330
17
100
AcDbEntity
  8
ENGRAVE_POLARS
100
AcDbLine
 10
11.387753886556276
 20
8.206293309033313
 30
0.0
 11
11.51613649840711
 21
8.102357770344625
 31
0.0
  0
LINE
  5
835
330
17
100
AcDbEntity
  8
ENGRAVE_POLARS
100
AcDbLine
 10
11.51613649840711
 20
8.102357770344625
 30
0.0
 11
11.633401628673207
 21
7.997359614001925
 31
0.0
  0
LINE
  5
836
330
17
100
AcDbEntity
  8
ENGRAVE_POLARS
100
AcDbLine
 10
11.633401628673207
 20
7.997359614001925
 30
0.0
 11
11.742454451480492
 21
7.890334793672387
 31
0.0
  0
LINE
  5
837
330
17
100
AcDbEntity
  8
ENGRAVE_POLARS
100
AcDbLine
 10
11.742454451480492
 20
7.890334793672387
 30
0.0
 11
11.8462001409549
 21
7.7803192630231806
 31
0.0
  0
LINE
  5
838
330
17
100
AcDbEntity
  8
ENGRAVE_POLARS
100
AcDbLine
 10
11.8462001409549
 20
7.7803192630231806
 30
0.0
 11
11.947543871222363
 21
7.666348975721488
 31
0.0
  0
LINE
  5
839
330
17
100
AcDbEntity
  8
ENGRAVE_POLARS
100
AcDbLine
 10
11.947543871222363
 20
7.666348975721488
 30
0.0
 11
12.049390816408808
 21
7.547459885434483
 31
0.0
  0
LINE
  5
83A
330
17
100
AcDbEntity
  8
ENGRAVE_POLARS
100
AcDbLine
 10
12.049390816408808
 20
7.547459885434483
 30
0.0
 11
12.154646150640167
 21
7.422687945829339
 31
0.0
  0
LINE
  5
83B
330
17
100
AcDbEntity
  8
ENGRAVE_POLARS
100
AcDbLine
 10
12.154646150640167
 20
7.422687945829339
 30
0.0
 11
12.26621504804237
 21
7.291069110573231
 31
0.0
  0
LINE
  5
83C
330
17
100
AcDbEntity
  8
ENGRAVE_POLARS
100
AcDbLine
 10
12.26621504804237
 20
7.291069110573231
 30
0.0
 11
12.387002682741347
 21
7.1516393333333355
 31
0.0
  0
LINE
  5
83D
330
17
100
AcDbEntity
  8
ENGRAVE_POLARS
100
AcDbLine
 10
12.387002682741347
 20
7.1516393333333355
 30
0.0
 11
12.516731311227788
 21
7.000362848428194
 31
0.0
  0
LINE
  5
83E
330
17
100
AcDbEntity
  8
ENGRAVE_POLARS
100
AcDbLine
 10
12.516731311227788
 20
7.000362848428194
 30
0.0
 11
12.652054906767486
 21
6.835723128241781
 31
0.0
  0
LINE
  5
83F
330
17
100
AcDbEntity
  8
ENGRAVE_POLARS
100
AcDbLine
 10
12.652054906767486
 20
6.835723128241781
 30
0.0
 11
12.791276218649013
 21
6.660534983539418
 31
0.0
  0
LINE
  5
840
330
17
100
AcDbEntity
  8
ENGRAVE_POLARS
100
AcDbLine
 10
12.791276218649013
 20
6.660534983539418
 30
0.0
 11
12.932697996160947
 21
6.4776132250864205
 31
0.0
  0
LINE
  5
841
330
17
100
AcDbEntity
  8
ENGRAVE_POLARS
100
AcDbLine
 10
12.932697996160947
 20
6.4776132250864205
 30
0.0
 11
13.074622988591864
 21
6.289772663648111
 31
0.0
  0
LINE
  5
842
330
17
100
AcDbEntity
  8
ENGRAVE_POLARS
100
AcDbLine
 10
13.074622988591864
 20
6.289772663648111
 30
0.0
 11
13.215353945230342
 21
6.099828109989804
 31
0.0
  0
LINE
  5
843
330
17
100
AcDbEntity
  8
ENGRAVE_POLARS
100
AcDbLine
 10
13.215353945230342
 20
6.099828109989804
 30
0.0
 11
13.353193615364953
 21
5.910594374876825
 31
0.0
  0
LINE
  5
844
330
17
100
AcDbEntity
  8
ENGRAVE_POLARS
100
AcDbLine
 10
13.353193615364953
 20
5.910594374876825
 30
0.0
 11
13.486444748284276
 21
5.724886269074489
 31
0.0
  0
LINE
  5
845
330
17
100
AcDbEntity
  8
ENGRAVE_POLARS
100
AcDbLine
 10
13.486444748284276
 20
5.724886269074489
 30
0.0
 11
13.613410093276888
 21
5.545518603348117
 31
0.0
  0
LINE
  5
846
330
17
100
AcDbEntity
  8
ENGRAVE_POLARS
100
AcDbLine
 10
13.613410093276888
 20
5.545518603348117
 30
0.0
 11
13.732392399631365
 21
5.375306188463027
 31
0.0
  0
LINE
  5
847
330
17
100
AcDbEntity
  8
ENGRAVE_POLARS
100
AcDbLine
 10
13.732392399631365
 20
5.375306188463027
 30
0.0
 11
13.841694416636281
 21
5.217063835184539
 31
0.0
  0
LINE
  5
848
330
17
100
AcDbEntity
  8
ENGRAVE_POLARS
100
AcDbLine
 10
13.841694416636281
 20
5.217063835184539
 30
0.0
 11
13.939618893580215
 21
5.073606354277973
 31
0.0
  0
LINE
  5
849
330
17
100
AcDbEntity
  8
ENGRAVE_POLARS
100
AcDbLine
 10
13.939618893580215
 20
5.073606354277973
 30
0.0
 11
14.025591554420672
 21
4.944795881483246
 31
0.0
  0
LINE
  5
84A
330
17
100
AcDbEntity
  8
ENGRAVE_POLARS
100
AcDbLine
 10
14.025591554420672
 20
4.944795881483246
 30
0.0
 11
14.101098496997613
 21
4.827473982345409
 31
0.0
  0
LINE
  5
84B
330
17
100
AcDbEntity
  8
ENGRAVE_POLARS
100
AcDbLine
 10
14.101098496997613
 20
4.827473982345409
 30
0.0
 11
14.16753303142331
 21
4.71992461233749
 31
0.0
  0
LINE
  5
84C
330
17
100
AcDbEntity
  8
ENGRAVE_POLARS
100
AcDbLine
 10
14.16753303142331
 20
4.71992461233749
 30
0.0
 11
14.226288467810031
 21
4.620431726932509
 31
0.0
  0
LINE
  5
84D
330
17
100
AcDbEntity
  8
ENGRAVE_POLARS
100
AcDbLine
 10
14.226288467810031
 20
4.620431726932509
 30
0.0
 11
14.278758116270039
 21
4.527279281603493
 31
0.0
  0
LINE
  5
84E
330
17
100
AcDbEntity
  8
ENGRAVE_POLARS
100
AcDbLine
 10
14.278758116270039
 20
4.527279281603493
 30
0.0
 11
14.326335286915599
 21
4.438751231823463
 31
0.0
  0
LINE
  5
84F
330
17
100
AcDbEntity
  8
ENGRAVE_POLARS
100
AcDbLine
 10
14.326335286915599
 20
4.438751231823463
 30
0.0
 11
14.370413289858979
 21
4.3531315330654445
 31
0.0
  0
LINE
  5
850
330
17
100
AcDbEntity
  8
ENGRAVE_POLARS
100
AcDbLine
 10
14.370413289858979
 20
4.3531315330654445
 30
0.0
 11
14.412385435212451
 21
4.268704140802462
 31
0.0
  0
LINE
  5
851
330
17
100
AcDbEntity
  8
ENGRAVE_POLARS
100
AcDbLine
 10
14.412385435212451
 20
4.268704140802462
 30
0.0
 11
14.453645033088279
 21
4.1837530105075365
 31
0.0
  0
LINE
  5
852
330
17
100
AcDbEntity
  8
ENGRAVE_POLARS
100
AcDbLine
 10
14.453645033088279
 20
4.1837530105075365
 30
0.0
 11
14.495585393598727
 21
4.096562097653694
 31
0.0
  0
LINE
  5
853
330
17
100
AcDbEntity
  8
ENGRAVE_POLARS
100
AcDbLine
 10
14.495585393598727
 20
4.096562097653694
 30
0.0
 11
14.539599826856062
 21
4.005415357713956
 31
0.0
  0
LINE
  5
854
330
17
100
AcDbEntity
  8
ENGRAVE_POLARS
100
AcDbLine
 10
14.539599826856062
 20
4.005415357713956
 30
0.0
 11
14.587081642972555
 21
3.90859674616135
 31
0.0
  0
LINE
  5
855
330
17
100
AcDbEntity
  8
ENGRAVE_POLARS
100
AcDbLine
 10
14.587081642972555
 20
3.90859674616135
 30
0.0
 11
14.63537585081864
 21
3.812412582797433
 31
0.0
  0
LINE
  5
856
330
17
100
AcDbEntity
  8
ENGRAVE_POLARS
100
AcDbLine
 10
14.63537585081864
 20
3.812412582797433
 30
0.0
 11
14.681272935916668
 21
3.7227480287980828
 31
0.0
  0
LINE
  5
857
330
17
100
AcDbEntity
  8
ENGRAVE_POLARS
100
AcDbLine
 10
14.681272935916668
 20
3.7227480287980828
 30
0.0
 11
14.725334423356781
 21
3.637255301697795
 31
0.0
  0
LINE
  5
858
330
17
100
AcDbEntity
  8
ENGRAVE_POLARS
100
AcDbLine
 10
14.725334423356781
 20
3.637255301697795
 30
0.0
 11
14.768121838229112
 21
3.5535866190310683
 31
0.0
  0
LINE
  5
859
330
17
100
AcDbEntity
  8
ENGRAVE_POLARS
100
AcDbLine
 10
14.768121838229112
 20
3.5535866190310683
 30
0.0
 11
14.810196705623795
 21
3.4693941983324006
 31
0.0
  0
LINE
  5
85A
330
17
100
AcDbEntity
  8
ENGRAVE_POLARS
100
AcDbLine
 10
14.810196705623795
 20
3.4693941983324006
 30
0.0
 11
14.852120550630971
 21
3.3823302571362883
 31
0.0
  0
LINE
  5
85B
330
17
100
AcDbEntity
  8
ENGRAVE_POLARS
100
AcDbLine
 10
14.852120550630971
 20
3.3823302571362883
 30
0.0
 11
14.894454898340772
 21
3.29004701297723
 31
0.0
  0
LINE
  5
85C
330
17
100
AcDbEntity
  8
ENGRAVE_POLARS
100
AcDbLine
 10
14.894454898340772
 20
3.29004701297723
 30
0.0
 11
14.937761273843345
 21
3.1901966833897233
 31
0.0
  0
LINE
  5
85D
330
17
100
AcDbEntity
  8
ENGRAVE_POLARS
100
AcDbLine
 10
14.937761273843345
 20
3.1901966833897233
 30
0.0
 11
14.982601202228821
 21
3.0804314859082655
 31
0.0
  0
LINE
  5
85E
330
17
100
AcDbEntity
  8
ENGRAVE_POLARS
100
AcDbLine
 10
14.982601202228821
 20
3.0804314859082655
 30
0.0
 11
15.029536208587327
 21
2.9584036380673537
 31
0.0
  0
LINE
  5
85F
330
17
100
AcDbEntity
  8
ENGRAVE_POLARS
100
AcDbLine
 10
15.029536208587327
 20
2.9584036380673537
 30
0.0
 11
15.079127818009013
 21
2.821765357401486
 31
0.0
  0
LINE
  5
860
330
17
100
AcDbEntity
  8
ENGRAVE_POLARS
100
AcDbLine
 10
15.079127818009013
 20
2.821765357401486
 30
0.0
 11
15.131937555584011
 21
2.6681688614451597
 31
0.0
  0
LINE
  5
861
330
17
100
AcDbEntity
  8
ENGRAVE_POLARS
100
AcDbLine
 10
15.131937555584011
 20
2.6681688614451597
 30
0.0
 11
15.190937984842837
 21
2.505555889361846
 31
0.0
  0
LINE
  5
862
330
17
100
AcDbEntity
  8
ENGRAVE_POLARS
100
AcDbLine
 10
15.190937984842837
 20
2.505555889361846
 30
0.0
 11
15.25740816429749
 21
2.3415414923997577
 31
0.0
  0
LINE
  5
863
330
17
100
AcDbEntity
  8
ENGRAVE_POLARS
100
AcDbLine
 10
15.25740816429749
 20
2.3415414923997577
 30
0.0
 11
15.329369361510324
 21
2.1732878562205014
 31
0.0
  0
LINE
  5
864
330
17
100
AcDbEntity
  8
ENGRAVE_POLARS
100
AcDbLine
 10
15.329369361510324
 20
2.1732878562205014
 30
0.0
 11
15.404842844043701
 21
1.9979571664856854
 31
0.0
  0
LINE
  5
865
330
17
100
AcDbEntity
  8
ENGRAVE_POLARS
100
AcDbLine
 10
15.404842844043701
 20
1.9979571664856854
 30
0.0
 11
15.481849879459984
 21
1.8127116088569193
 31
0.0
  0
LINE
  5
866
330
17
100
AcDbEntity
  8
ENGRAVE_POLARS
100
AcDbLine
 10
15.481849879459984
 20
1.8127116088569193
 30
0.0
 11
15.558411735321526
 21
1.6147133689958095
 31
0.0
  0
LINE
  5
867
330
17
100
AcDbEntity
  8
ENGRAVE_POLARS
100
AcDbLine
 10
15.558411735321526
 20
1.6147133689958095
 30
0.0
 11
15.632549679190683
 21
1.4011246325639648
 31
0.0
  0
LINE
  5
868
330
17
100
AcDbEntity
  8
ENGRAVE_POLARS
100
AcDbLine
 10
15.632549679190683
 20
1.4011246325639648
 30
0.0
 11
15.702284978629825
 21
1.169107585222993
 31
0.0
  0
LINE
  5
869
330
17
100
AcDbEntity
  8
ENGRAVE_POLARS
100
AcDbLine
 10
15.702284978629825
 20
1.169107585222993
 30
0.0
 11
15.7656389012013
 21
0.9158244126345033
 31
0.0
  0
LINE
  5
86A
330
17
100
AcDbEntity
  8
ENGRAVE_POLARS
100
AcDbLine
 10
15.7656389012013
 20
0.9158244126345033
 30
0.0
 11
15.82063271446747
 21
0.638437300460102
 31
0.0
  0
LINE
  5
86B
330
17
100
AcDbEntity
  8
ENGRAVE_POLARS
100
AcDbLine
 10
15.82063271446747
 20
0.638437300460102
 30
0.0
 11
15.865287685990694
 21
0.3341084343613987
 31
0.0
  0
LINE
  5
86C
330
17
100
AcDbEntity
  8
ENGRAVE_POLARS
100
AcDbLine
 10
15.865287685990694
 20
0.3341084343613987
 30
0.0
 11
15.897625083333333
 21
9.73448783617442e-16
 31
0.0
  0
LINE
  5
86D
330
17
100
AcDbEntity
  8
ENGRAVE_POLARS
100
AcDbLine
 10
15.897625083333333
 20
9.73448783617442e-16
 30
0.0
 11
15.91779202048727
 21
-0.3785929498315392
 31
0.0
  0
LINE
  5
86E
330
17
100
AcDbEntity
  8
ENGRAVE_POLARS
100
AcDbLine
 10
15.91779202048727
 20
-0.3785929498315392
 30
0.0
 11
15.928040732652043
 21
-0.8079323113506247
 31
0.0
  0
LINE
  5
86F
330
17
100
AcDbEntity
  8
ENGRAVE_POLARS
100
AcDbLine
 10
15.928040732652043
 20
-0.8079323113506247
 30
0.0
 11
15.929550169201486
 21
-1.2781913224105796
 31
0.0
  0
LINE
  5
870
330
17
100
AcDbEntity
  8
ENGRAVE_POLARS
100
AcDbLine
 10
15.929550169201486
 20
-1.2781913224105796
 30
0.0
 11
15.923499279509432
 21
-1.7795432208647295
 31
0.0
  0
LINE
  5
871
330
17
100
AcDbEntity
  8
ENGRAVE_POLARS
100
AcDbLine
 10
15.923499279509432
 20
-1.7795432208647295
 30
0.0
 11
15.911067012949713
 21
-2.3021612445663977
 31
0.0
  0
LINE
  5
872
330
17
100
AcDbEntity
  8
ENGRAVE_POLARS
100
AcDbLine
 10
15.911067012949713
 20
-2.3021612445663977
 30
0.0
 11
15.893432318896167
 21
-2.8362186313689093
 31
0.0
  0
LINE
  5
873
330
17
100
AcDbEntity
  8
ENGRAVE_POLARS
100
AcDbLine
 10
15.893432318896167
 20
-2.8362186313689093
 30
0.0
 11
15.87177414672262
 21
-3.3718886191255875
 31
0.0
  0
LINE
  5
874
330
17
100
AcDbEntity
  8
ENGRAVE_POLARS
100
AcDbLine
 10
15.87177414672262
 20
-3.3718886191255875
 30
0.0
 11
15.847271445802917
 21
-3.8993444456897595
 31
0.0
  0
LINE
  5
875
330
17
100
AcDbEntity
  8
ENGRAVE_POLARS
100
AcDbLine
 10
15.847271445802917
 20
-3.8993444456897595
 30
0.0
 11
15.821103165510888
 21
-4.408759348914748
 31
0.0
  0
LINE
  5
876
330
17
100
AcDbEntity
  8
ENGRAVE_POLARS
100
AcDbLine
 10
15.821103165510888
 20
-4.408759348914748
 30
0.0
 11
15.794448255220358
 21
-4.890306566653877
 31
0.0
  0
LINE
  5
877
330
17
100
AcDbEntity
  8
ENGRAVE_POLARS
100
AcDbLine
 10
15.794448255220358
 20
-4.890306566653877
 30
0.0
 11
15.76848566430517
 21
-5.334159336760473
 31
0.0
  0
LINE
  5
878
330
17
100
AcDbEntity
  8
ENGRAVE_POLARS
100
AcDbLine
 10
15.76848566430517
 20
-5.334159336760473
 30
0.0
 11
15.744394342139154
 21
-5.730490897087858
 31
0.0
  0
LINE
  5
879
330
17
100
AcDbEntity
  8
ENGRAVE_POLARS
100
AcDbLine
 10
15.744394342139154
 20
-5.730490897087858
 30
0.0
 11
15.724076237201526
 21
-6.077108384907738
 31
0.0
  0
LINE
  5
87A
330
17
100
AcDbEntity
  8
ENGRAVE_POLARS
100
AcDbLine
 10
15.724076237201526
 20
-6.077108384907738
 30
0.0
 11
15.707455553753062
 21
-6.383336446280296
 31
0.0
  0
LINE
  5
87B
330
17
100
AcDbEntity
  8
ENGRAVE_POLARS
100
AcDbLine
 10
15.707455553753062
 20
-6.383336446280296
 30
0.0
 11
15.692744624839928
 21
-6.65662458224158
 31
0.0
  0
LINE
  5
87C
330
17
100
AcDbEntity
  8
ENGRAVE_POLARS
100
AcDbLine
 10
15.692744624839928
 20
-6.65662458224158
 30
0.0
 11
15.678155783508295
 21
-6.904422293827634
 31
0.0
  0
LINE
  5
87D
330
17
100
AcDbEntity
  8
ENGRAVE_POLARS
100
AcDbLine
 10
15.678155783508295
 20
-6.904422293827634
 30
0.0
 11
15.661901362804334
 21
-7.134179082074505
 31
0.0
  0
LINE
  5
87E
330
17
100
AcDbEntity
  8
ENGRAVE_POLARS
100
AcDbLine
 10
15.661901362804334
 20
-7.134179082074505
 30
0.0
 11
15.64219369577422
 21
-7.353344448018239
 31
0.0
  0
LINE
  5
87F
330
17
100
AcDbEntity
  8
ENGRAVE_POLARS
100
AcDbLine
 10
15.64219369577422
 20
-7.353344448018239
 30
0.0
 11
15.61724511546411
 21
-7.569367892694879
 31
0.0
  0
LINE
  5
880
330
17
100
AcDbEntity
  8
ENGRAVE_POLARS
100
AcDbLine
 10
15.61724511546411
 20
-7.569367892694879
 30
0.0
 11
15.585267954920184
 21
-7.789698917140476
 31
0.0
  0
LINE
  5
881
330
17
100
AcDbEntity
  8
ENGRAVE_POLARS
100
AcDbLine
 10
15.585267954920184
 20
-7.789698917140476
 30
0.0
 11
15.544474547188612
 21
-8.021787022391074
 31
0.0
  0
LINE
  5
882
330
17
100
AcDbEntity
  8
ENGRAVE_POLARS
100
AcDbLine
 10
15.544474547188612
 20
-8.021787022391074
 30
0.0
 11
15.493077225315561
 21
-8.273081709482717
 31
0.0
  0
LINE
  5
883
330
17
100
AcDbEntity
  8
ENGRAVE_POLARS
100
AcDbLine
 10
15.493077225315561
 20
-8.273081709482717
 30
0.0
 11
15.4292883223472
 21
-8.551032479451456
 31
0.0
  0
LINE
  5
884
330
17
100
AcDbEntity
  8
ENGRAVE_POLARS
100
AcDbLine
 10
15.4292883223472
 20
-8.551032479451456
 30
0.0
 11
15.351320171329702
 21
-8.86308883333333
 31
0.0
  0
LINE
  5
885
330
17
100
AcDbEntity
  8
ENGRAVE_POLARS
100
AcDbLine
 10
15.351320171329702
 20
-8.86308883333333
 30
0.0
 11
15.267530465581146
 21
-9.216440878223654
 31
0.0
  0
LINE
  5
886
330
17
100
AcDbEntity
  8
ENGRAVE_POLARS
100
AcDbLine
 10
15.267530465581146
 20
-9.216440878223654
 30
0.0
 11
15.185187919344493
 21
-9.607537408416476
 31
0.0
  0
LINE
  5
887
330
17
100
AcDbEntity
  8
ENGRAVE_POLARS
100
AcDbLine
 10
15.185187919344493
 20
-9.607537408416476
 30
0.0
 11
15.100871397053224
 21
-10.027715955745967
 31
0.0
  0
LINE
  5
888
330
17
100
AcDbEntity
  8
ENGRAVE_POLARS
100
AcDbLine
 10
15.100871397053224
 20
-10.027715955745967
 30
0.0
 11
15.011159763140821
 21
-10.468314052046292
 31
0.0
  0
LINE
  5
889
330
17
100
AcDbEntity
  8
ENGRAVE_POLARS
100
AcDbLine
 10
15.011159763140821
 20
-10.468314052046292
 30
0.0
 11
14.912631882040772
 21
-10.920669229151619
 31
0.0
  0
LINE
  5
88A
330
17
100
AcDbEntity
  8
ENGRAVE_POLARS
100
AcDbLine
 10
14.912631882040772
 20
-10.920669229151619
 30
0.0
 11
14.801866618186557
 21
-11.376119018896112
 31
0.0
  0
LINE
  5
88B
330
17
100
AcDbEntity
  8
ENGRAVE_POLARS
100
AcDbLine
 10
14.801866618186557
 20
-11.376119018896112
 30
0.0
 11
14.67544283601166
 21
-11.826000953113939
 31
0.0
  0
LINE
  5
88C
330
17
100
AcDbEntity
  8
ENGRAVE_POLARS
100
AcDbLine
 10
14.67544283601166
 20
-11.826000953113939
 30
0.0
 11
14.52993939994957
 21
-12.261652563639267
 31
0.0
  0
LINE
  5
88D
330
17
100
AcDbEntity
  8
ENGRAVE_POLARS
100
AcDbLine
 10
14.52993939994957
 20
-12.261652563639267
 30
0.0
 11
14.361935174433764
 21
-12.674411382306257
 31
0.0
  0
LINE
  5
88E
330
17
100
AcDbEntity
  8
ENGRAVE_POLARS
100
AcDbLine
 10
14.361935174433764
 20
-12.674411382306257
 30
0.0
 11
14.168009023897728
 21
-13.055614940949084
 31
0.0
  0
LINE
  5
88F
330
17
100
AcDbEntity
  8
ENGRAVE_POLARS
100
AcDbLine
 10
14.168009023897728
 20
-13.055614940949084
 30
0.0
 11
13.944739812774944
 21
-13.396600771401907
 31
0.0
  0
LINE
  5
890
330
17
100
AcDbEntity
  8
ENGRAVE_POLARS
100
AcDbLine
 10
13.944739812774944
 20
-13.396600771401907
 30
0.0
 11
13.6887064054989
 21
-13.688706405498898
 31
0.0
  0
LINE
  5
891
330
17
100
AcDbEntity
  8
ENGRAVE_POLARS
100
AcDbLine
 10
13.6887064054989
 20
-13.688706405498898
 30
0.0
 11
13.392586708138147
 21
-13.934986623232993
 31
0.0
  0
LINE
  5
892
330
17
100
AcDbEntity
  8
ENGRAVE_POLARS
100
AcDbLine
 10
13.392586708138147
 20
-13.934986623232993
 30
0.0
 11
13.05545335426343
 21
-14.146835340780612
 31
0.0
  0
LINE
  5
893
330
17
100
AcDbEntity
  8
ENGRAVE_POLARS
100
AcDbLine
 10
13.05545335426343
 20
-14.146835340780612
 30
0.0
 11
12.683477299561494
 21
-14.328098794251133
 31
0.0
  0
LINE
  5
894
330
17
100
AcDbEntity
  8
ENGRAVE_POLARS
100
AcDbLine
 10
12.683477299561494
 20
-14.328098794251133
 30
0.0
 11
12.28282949971909
 21
-14.48262321975394
 31
0.0
  0
LINE
  5
895
330
17
100
AcDbEntity
  8
ENGRAVE_POLARS
100
AcDbLine
 10
12.28282949971909
 20
-14.48262321975394
 30
0.0
 11
11.859680910422973
 21
-14.614254853398414
 31
0.0
  0
LINE
  5
896
330
17
100
AcDbEntity
  8
ENGRAVE_POLARS
100
AcDbLine
 10
11.859680910422973
 20
-14.614254853398414
 30
0.0
 11
11.420202487359894
 21
-14.726839931293934
 31
0.0
  0
LINE
  5
897
330
17
100
AcDbEntity
  8
ENGRAVE_POLARS
100
AcDbLine
 10
11.420202487359894
 20
-14.726839931293934
 30
0.0
 11
10.970565186216605
 21
-14.824224689549883
 31
0.0
  0
LINE
  5
898
330
17
100
AcDbEntity
  8
ENGRAVE_POLARS
100
AcDbLine
 10
10.970565186216605
 20
-14.824224689549883
 30
0.0
 11
10.51693996267986
 21
-14.910255364275645
 31
0.0
  0
LINE
  5
899
330
17
100
AcDbEntity
  8
ENGRAVE_POLARS
100
AcDbLine
 10
10.51693996267986
 20
-14.910255364275645
 30
0.0
 11
10.06549777243641
 21
-14.988778191580595
 31
0.0
  0
LINE
  5
89A
330
17
100
AcDbEntity
  8
ENGRAVE_POLARS
100
AcDbLine
 10
10.06549777243641
 20
-14.988778191580595
 30
0.0
 11
9.622409571173002
 21
-15.06363940757412
 31
0.0
  0
LINE
  5
89B
330
17
100
AcDbEntity
  8
ENGRAVE_POLARS
100
AcDbLine
 10
9.622409571173002
 20
-15.06363940757412
 30
0.0
 11
9.193846314576392
 21
-15.138685248365599
 31
0.0
  0
LINE
  5
89C
330
17
100
AcDbEntity
  8
ENGRAVE_POLARS
100
AcDbLine
 10
9.193846314576392
 20
-15.138685248365599
 30
0.0
 11
8.785978958333333
 21
-15.217761950064416
 31
0.0
  0
LINE
  5
89D
330
17
100
AcDbEntity
  8
ENGRAVE_POLARS
100
AcDbLine
 10
8.785978958333333
 20
-15.217761950064416
 30
0.0
 11
8.380120638625531
 21
-15.29433411369353
 31
0.0
  0
LINE
  5
89E
330
17
100
AcDbEntity
  8
ENGRAVE_POLARS
100
AcDbLine
 10
8.380120638625531
 20
-15.29433411369353
 30
0.0
 11
7.957647763183071
 21
-15.360046955057323
 31
0.0
  0
LINE
  5
89F
330
17
100
AcDbEntity
  8
ENGRAVE_POLARS
100
AcDbLine
 10
7.957647763183071
 20
-15.360046955057323
 30
0.0
 11
7.524826195015273
 21
-15.416017632437297
 31
0.0
  0
LINE
  5
8A0
330
17
100
AcDbEntity
  8
ENGRAVE_POLARS
100
AcDbLine
 10
7.524826195015273
 20
-15.416017632437297
 30
0.0
 11
7.087921797131451
 21
-15.463363304114958
 31
0.0
  0
LINE
  5
8A1
330
17
100
AcDbEntity
  8
ENGRAVE_POLARS
100
AcDbLine
 10
7.087921797131451
 20
-15.463363304114958
 30
0.0
 11
6.653200432540923
 21
-15.503201128371812
 31
0.0
  0
LINE
  5
8A2
330
17
100
AcDbEntity
  8
ENGRAVE_POLARS
100
AcDbLine
 10
6.653200432540923
 20
-15.503201128371812
 30
0.0
 11
6.226927964253005
 21
-15.53664826348936
 31
0.0
  0
LINE
  5
8A3
330
17
100
AcDbEntity
  8
ENGRAVE_POLARS
100
AcDbLine
 10
6.226927964253005
 20
-15.53664826348936
 30
0.0
 11
5.815370255277014
 21
-15.56482186774911
 31
0.0
  0
LINE
  5
8A4
330
17
100
AcDbEntity
  8
ENGRAVE_POLARS
100
AcDbLine
 10
5.815370255277014
 20
-15.56482186774911
 30
0.0
 11
5.424793168622268
 21
-15.588839099432569
 31
0.0
  0
LINE
  5
8A5
330
17
100
AcDbEntity
  8
ENGRAVE_POLARS
100
AcDbLine
 10
5.424793168622268
 20
-15.588839099432569
 30
0.0
 11
5.061462567298084
 21
-15.609817116821237
 31
0.0
  0
LINE
  5
8A6
330
17
100
AcDbEntity
  8
ENGRAVE_POLARS
100
AcDbLine
 10
5.061462567298084
 20
-15.609817116821237
 30
0.0
 11
4.731644314313775
 21
-15.628873078196621
 31
0.0
  0
LINE
  5
8A7
330
17
100
AcDbEntity
  8
ENGRAVE_POLARS
100
AcDbLine
 10
4.731644314313775
 20
-15.628873078196621
 30
0.0
 11
4.441604272678661
 21
-15.647124141840226
 31
0.0
  0
LINE
  5
8A8
330
17
100
AcDbEntity
  8
ENGRAVE_POLARS
100
AcDbLine
 10
4.441604272678661
 20
-15.647124141840226
 30
0.0
 11
4.197608305402057
 21
-15.665687466033557
 31
0.0
  0
LINE
  5
8A9
330
17
100
AcDbEntity
  8
ENGRAVE_POLARS
100
AcDbLine
 10
4.197608305402057
 20
-15.665687466033557
 30
0.0
 11
4.0139622214053166
 21
-15.682001400204996
 31
0.0
  0
LINE
  5
8AA
330
17
100
AcDbEntity
  8
ENGRAVE_POLARS
100
AcDbLine
 10
4.0139622214053166
 20
-15.682001400204996
 30
0.0
 11
3.8929342303555
 21
-15.69321708495642
 31
0.0
  0
LINE
  5
8AB
330
17
100
AcDbEntity
  8
ENGRAVE_POLARS
100
AcDbLine
 10
3.8929342303555
 20
-15.69321708495642
 30
0.0
 11
3.8227337963804855
 21
-15.700020865329567
 31
0.0
  0
LINE
  5
8AC
330
17
100
AcDbEntity
  8
ENGRAVE_POLARS
100
AcDbLine
 10
3.8227337963804855
 20
-15.700020865329567
 30
0.0
 11
3.7915703836081525
 21
-15.703099086366182
 31
0.0
  0
LINE
  5
8AD
330
17
100
AcDbEntity
  8
ENGRAVE_POLARS
100
AcDbLine
 10
3.7915703836081525
 20
-15.703099086366182
 30
0.0
 11
3.787653456166381
 21
-15.703138093108015
 31
0.0
  0
LINE
  5
8AE
330
17
100
AcDbEntity
  8
ENGRAVE_POLARS
100
AcDbLine
 10
3.787653456166381
 20
-15.703138093108015
 30
0.0
 11
3.7991924781830484
 21
-15.700824230596794
 31
0.0
  0
LINE
  5
8AF
330
17
100
AcDbEntity
  8
ENGRAVE_POLARS
100
AcDbLine
 10
3.7991924781830484
 20
-15.700824230596794
 30
0.0
 11
3.8143969137860347
 21
-15.69684384387427
 31
0.0
  0
LINE
  5
8B0
330
17
100
AcDbEntity
  8
ENGRAVE_POLARS
100
AcDbLine
 10
3.8143969137860347
 20
-15.69684384387427
 30
0.0
 11
3.821476227103218
 21
-15.691883277982187
 31
0.0
  0
LINE
  5
8B1
330
17
100
AcDbEntity
  8
ENGRAVE_POLARS
100
AcDbLine
 10
3.821476227103218
 20
-15.691883277982187
 30
0.0
 11
3.8086398822624785
 21
-15.686628877962283
 31
0.0
  0
LINE
  5
8B2
330
17
100
AcDbEntity
  8
ENGRAVE_POLARS
100
AcDbLine
 10
3.8086398822624785
 20
-15.686628877962283
 30
0.0
 11
3.764097343391695
 21
-15.681766988856307
 31
0.0
  0
LINE
  5
8B3
330
17
100
AcDbEntity
  8
ENGRAVE_POLARS
100
AcDbLine
 10
3.764097343391695
 20
-15.681766988856307
 30
0.0
 11
3.6760580746187452
 21
-15.677983955705994
 31
0.0
  0
LINE
  5
8B4
330
17
100
AcDbEntity
  8
ENGRAVE_POLARS
100
AcDbLine
 10
3.6760580746187452
 20
-15.677983955705994
 30
0.0
 11
3.5327315400715102
 21
-15.675966123553087
 31
0.0
  0
LINE
  5
8B5
330
17
100
AcDbEntity
  8
ENGRAVE_POLARS
100
AcDbLine
 10
3.5327315400715102
 20
-15.675966123553087
 30
0.0
 11
3.3275011283997147
 21
-15.674676124199523
 31
0.0
  0
LINE
  5
8B6
330
17
100
AcDbEntity
  8
ENGRAVE_POLARS
100
AcDbLine
 10
3.3275011283997147
 20
-15.674676124199523
 30
0.0
 11
3.069018671513682
 21
-15.67270507420099
 31
0.0
  0
LINE
  5
8B7
330
17
100
AcDbEntity
  8
ENGRAVE_POLARS
100
AcDbLine
 10
3.069018671513682
 20
-15.67270507420099
 30
0.0
 11
2.768396298432181
 21
-15.670182045729874
 31
0.0
  0
LINE
  5
8B8
330
17
100
AcDbEntity
  8
ENGRAVE_POLARS
100
AcDbLine
 10
2.768396298432181
 20
-15.670182045729874
 30
0.0
 11
2.436746138173985
 21
-15.667236110958557
 31
0.0
  0
LINE
  5
8B9
330
17
100
AcDbEntity
  8
ENGRAVE_POLARS
100
AcDbLine
 10
2.436746138173985
 20
-15.667236110958557
 30
0.0
 11
2.0851803197578676
 21
-15.663996342059422
 31
0.0
  0
LINE
  5
8BA
330
17
100
AcDbEntity
  8
ENGRAVE_POLARS
100
AcDbLine
 10
2.0851803197578676
 20
-15.663996342059422
 30
0.0
 11
1.7248109722025968
 21
-15.66059181120485
 31
0.0
  0
LINE
  5
8BB
330
17
100
AcDbEntity
  8
ENGRAVE_POLARS
100
AcDbLine
 10
1.7248109722025968
 20
-15.66059181120485
 30
0.0
 11
1.366750224526946
 21
-15.65715159056722
 31
0.0
  0
LINE
  5
8BC
330
17
100
AcDbEntity
  8
ENGRAVE_POLARS
100
AcDbLine
 10
1.366750224526946
 20
-15.65715159056722
 30
0.0
 11
1.0221102057496871
 21
-15.653804752318921
 31
0.0
  0
LINE
  5
8BD
330
17
100
AcDbEntity
  8
ENGRAVE_POLARS
100
AcDbLine
 10
1.0221102057496871
 20
-15.653804752318921
 30
0.0
 11
0.7020030448895924
 21
-15.650680368632335
 31
0.0
  0
LINE
  5
8BE
330
17
100
AcDbEntity
  8
ENGRAVE_POLARS
100
AcDbLine
 10
0.7020030448895924
 20
-15.650680368632335
 30
0.0
 11
0.4175408709654317
 21
-15.647907511679843
 31
0.0
  0
LINE
  5
8BF
330
17
100
AcDbEntity
  8
ENGRAVE_POLARS
100
AcDbLine
 10
0.4175408709654317
 20
-15.647907511679843
 30
0.0
 11
0.17983581299597762
 21
-15.645615253633824
 31
0.0
  0
LINE
  5
8C0
330
17
100
AcDbEntity
  8
ENGRAVE_POLARS
100
AcDbLine
 10
0.17983581299597762
 20
-15.645615253633824
 30
0.0
 11
1.9158292066310054e-15
 21
-15.643932666666668
 31
0.0
  0
LINE
  5
8C1
330
17
100
AcDbEntity
  8
ENGRAVE_POLARS
100
AcDbLine
 10
-7.825778809528401
 20
9.738073089495776
 30
0.0
 11
-7.979757074232799
 21
9.679766631855804
 31
0.0
  0
LINE
  5
8C2
330
17
100
AcDbEntity
  8
ENGRAVE_POLARS
100
AcDbLine
 10
-7.979757074232799
 20
9.679766631855804
 30
0.0
 11
-8.179517016575325
 21
9.607470750565811
 31
0.0
  0
LINE
  5
8C3
330
17
100
AcDbEntity
  8
ENGRAVE_POLARS
100
AcDbLine
 10
-8.179517016575325
 20
9.607470750565811
 30
0.0
 11
-8.416930185238423
 21
9.523032132196656
 31
0.0
  0
LINE
  5
8C4
330
17
100
AcDbEntity
  8
ENGRAVE_POLARS
100
AcDbLine
 10
-8.416930185238423
 20
9.523032132196656
 30
0.0
 11
-8.683868128904544
 21
9.428297463319195
 31
0.0
  0
LINE
  5
8C5
330
17
100
AcDbEntity
  8
ENGRAVE_POLARS
100
AcDbLine
 10
-8.683868128904544
 20
9.428297463319195
 30
0.0
 11
-8.972202396256133
 21
9.325113430504292
 31
0.0
  0
LINE
  5
8C6
330
17
100
AcDbEntity
  8
ENGRAVE_POLARS
100
AcDbLine
 10
-8.972202396256133
 20
9.325113430504292
 30
0.0
 11
-9.27380453597564
 21
9.2153267203228
 31
0.0
  0
LINE
  5
8C7
330
17
100
AcDbEntity
  8
ENGRAVE_POLARS
100
AcDbLine
 10
-9.27380453597564
 20
9.2153267203228
 30
0.0
 11
-9.580546096745515
 21
9.100784019345573
 31
0.0
  0
LINE
  5
8C8
330
17
100
AcDbEntity
  8
ENGRAVE_POLARS
100
AcDbLine
 10
-9.580546096745515
 20
9.100784019345573
 30
0.0
 11
-9.884298627248201
 21
8.983332014143478
 31
0.0
  0
LINE
  5
8C9
330
17
100
AcDbEntity
  8
ENGRAVE_POLARS
100
AcDbLine
 10
-9.884298627248201
 20
8.983332014143478
 30
0.0
 11
-10.176933676166149
 21
8.864817391287371
 31
0.0
  0
LINE
  5
8CA
330
17
100
AcDbEntity
  8
ENGRAVE_POLARS
100
AcDbLine
 10
-10.176933676166149
 20
8.864817391287371
 30
0.0
 11
-10.450322792181808
 21
8.747086837348107
 31
0.0
  0
LINE
  5
8CB
330
17
100
AcDbEntity
  8
ENGRAVE_POLARS
100
AcDbLine
 10
-10.450322792181808
 20
8.747086837348107
 30
0.0
 11
-10.69633752397762
 21
8.631987038896543
 31
0.0
  0
LINE
  5
8CC
330
17
100
AcDbEntity
  8
ENGRAVE_POLARS
100
AcDbLine
 10
-10.69633752397762
 20
8.631987038896543
 30
0.0
 11
-10.906849420236043
 21
8.521364682503544
 31
0.0
  0
LINE
  5
8CD
330
17
100
AcDbEntity
  8
ENGRAVE_POLARS
100
AcDbLine
 10
-10.906849420236043
 20
8.521364682503544
 30
0.0
 11
-11.086015521596671
 21
8.414832718779948
 31
0.0
  0
LINE
  5
8CE
330
17
100
AcDbEntity
  8
ENGRAVE_POLARS
100
AcDbLine
 10
-11.086015521596671
 20
8.414832718779948
 30
0.0
 11
-11.245348618994775
 21
8.310130276400812
 31
0.0
  0
LINE
  5
8CF
330
17
100
AcDbEntity
  8
ENGRAVE_POLARS
100
AcDbLine
 10
-11.245348618994775
 20
8.310130276400812
 30
0.0
 11
-11.387753886556276
 21
8.206293309033313
 31
0.0
  0
LINE
  5
8D0
330
17
100
AcDbEntity
  8
ENGRAVE_POLARS
100
AcDbLine
 10
-11.387753886556276
 20
8.206293309033313
 30
0.0
 11
-11.51613649840711
 21
8.102357770344625
 31
0.0
  0
LINE
  5
8D1
330
17
100
AcDbEntity
  8
ENGRAVE_POLARS
100
AcDbLine
 10
-11.51613649840711
 20
8.102357770344625
 30
0.0
 11
-11.633401628673207
 21
7.997359614001925
 31
0.0
  0
LINE
  5
8D2
330
17
100
AcDbEntity
  8
ENGRAVE_POLARS
100
AcDbLine
 10
-11.633401628673207
 20
7.997359614001925
 30
0.0
 11
-11.742454451480492
 21
7.890334793672387
 31
0.0
  0
LINE
  5
8D3
330
17
100
AcDbEntity
  8
ENGRAVE_POLARS
100
AcDbLine
 10
-11.742454451480492
 20
7.890334793672387
 30
0.0
 11
-11.8462001409549
 21
7.7803192630231806
 31
0.0
  0
LINE
  5
8D4
330
17
100
AcDbEntity
  8
ENGRAVE_POLARS
100
AcDbLine
 10
-11.8462001409549
 20
7.7803192630231806
 30
0.0
 11
-11.947543871222363
 21
7.666348975721488
 31
0.0
  0
LINE
  5
8D5
330
17
100
AcDbEntity
  8
ENGRAVE_POLARS
100
AcDbLine
 10
-11.947543871222363
 20
7.666348975721488
 30
0.0
 11
-12.049390816408808
 21
7.547459885434483
 31
0.0
  0
LINE
  5
8D6
330
17
100
AcDbEntity
  8
ENGRAVE_POLARS
100
AcDbLine
 10
-12.049390816408808
 20
7.547459885434483
 30
0.0
 11
-12.154646150640167
 21
7.422687945829339
 31
0.0
  0
LINE
  5
8D7
330
17
100
AcDbEntity
  8
ENGRAVE_POLARS
100
AcDbLine
 10
-12.154646150640167
 20
7.422687945829339
 30
0.0
 11
-12.26621504804237
 21
7.291069110573231
 31
0.0
  0
LINE
  5
8D8
330
17
100
AcDbEntity
  8
ENGRAVE_POLARS
100
AcDbLine
 10
-12.26621504804237
 20
7.291069110573231
 30
0.0
 11
-12.387002682741347
 21
7.1516393333333355
 31
0.0
  0
LINE
  5
8D9
330
17
100
AcDbEntity
  8
ENGRAVE_POLARS
100
AcDbLine
 10
-12.387002682741347
 20
7.1516393333333355
 30
0.0
 11
-12.516731311227788
 21
7.000362848428194
 31
0.0
  0
LINE
  5
8DA
330
17
100
AcDbEntity
  8
ENGRAVE_POLARS
100
AcDbLine
 10
-12.516731311227788
 20
7.000362848428194
 30
0.0
 11
-12.652054906767486
 21
6.835723128241781
 31
0.0
  0
LINE
  5
8DB
330
17
100
AcDbEntity
  8
ENGRAVE_POLARS
100
AcDbLine
 10
-12.652054906767486
 20
6.835723128241781
 30
0.0
 11
-12.791276218649013
 21
6.660534983539418
 31
0.0
  0
LINE
  5
8DC
330
17
100
AcDbEntity
  8
ENGRAVE_POLARS
100
AcDbLine
 10
-12.791276218649013
 20
6.660534983539418
 30
0.0
 11
-12.932697996160947
 21
6.4776132250864205
 31
0.0
  0
LINE
  5
8DD
330
17
100
AcDbEntity
  8
ENGRAVE_POLARS
100
AcDbLine
 10
-12.932697996160947
 20
6.4776132250864205
 30
0.0
 11
-13.074622988591864
 21
6.289772663648111
 31
0.0
  0
LINE
  5
8DE
330
17
100
AcDbEntity
  8
ENGRAVE_POLARS
100
AcDbLine
 10
-13.074622988591864
 20
6.289772663648111
 30
0.0
 11
-13.215353945230342
 21
6.099828109989804
 31
0.0
  0
LINE
  5
8DF
330
17
100
AcDbEntity
  8
ENGRAVE_POLARS
100
AcDbLine
 10
-13.215353945230342
 20
6.099828109989804
 30
0.0
 11
-13.353193615364953
 21
5.910594374876825
 31
0.0
  0
LINE
  5
8E0
330
17
100
AcDbEntity
  8
ENGRAVE_POLARS
100
AcDbLine
 10
-13.353193615364953
 20
5.910594374876825
 30
0.0
 11
-13.486444748284276
 21
5.724886269074489
 31
0.0
  0
LINE
  5
8E1
330
17
100
AcDbEntity
  8
ENGRAVE_POLARS
100
AcDbLine
 10
-13.486444748284276
 20
5.724886269074489
 30
0.0
 11
-13.613410093276888
 21
5.545518603348117
 31
0.0
  0
LINE
  5
8E2
330
17
100
AcDbEntity
  8
ENGRAVE_POLARS
100
AcDbLine
 10
-13.613410093276888
 20
5.545518603348117
 30
0.0
 11
-13.732392399631365
 21
5.375306188463027
 31
0.0
  0
LINE
  5
8E3
330
17
100
AcDbEntity
  8
ENGRAVE_POLARS
100
AcDbLine
 10
-13.732392399631365
 20
5.375306188463027
 30
0.0
 11
-13.841694416636281
 21
5.217063835184539
 31
0.0
  0
LINE
  5
8E4
330
17
100
AcDbEntity
  8
ENGRAVE_POLARS
100
AcDbLine
 10
-13.841694416636281
 20
5.217063835184539
 30
0.0
 11
-13.939618893580215
 21
5.073606354277973
 31
0.0
  0
LINE
  5
8E5
330
17
100
AcDbEntity
  8
ENGRAVE_POLARS
100
AcDbLine
 10
-13.939618893580215
 20
5.073606354277973
 30
0.0
 11
-14.025591554420672
 21
4.944795881483246
 31
0.0
  0
LINE
  5
8E6
330
17
100
AcDbEntity
  8
ENGRAVE_POLARS
100
AcDbLine
 10
-14.025591554420672
 20
4.944795881483246
 30
0.0
 11
-14.101098496997613
 21
4.827473982345409
 31
0.0
  0
LINE
  5
8E7
330
17
100
AcDbEntity
  8
ENGRAVE_POLARS
100
AcDbLine
 10
-14.101098496997613
 20
4.827473982345409
 30
0.0
 11
-14.16753303142331
 21
4.71992461233749
 31
0.0
  0
LINE
  5
8E8
330
17
100
AcDbEntity
  8
ENGRAVE_POLARS
100
AcDbLine
 10
-14.16753303142331
 20
4.71992461233749
 30
0.0
 11
-14.226288467810031
 21
4.620431726932509
 31
0.0
  0
LINE
  5
8E9
330
17
100
AcDbEntity
  8
ENGRAVE_POLARS
100
AcDbLine
 10
-14.226288467810031
 20
4.620431726932509
 30
0.0
 11
-14.278758116270039
 21
4.527279281603493
 31
0.0
  0
LINE
  5
8EA
330
17
100
AcDbEntity
  8
ENGRAVE_POLARS
100
AcDbLine
 10
-14.278758116270039
 20
4.527279281603493
 30
0.0
 11
-14.326335286915599
 21
4.438751231823463
 31
0.0
  0
LINE
  5
8EB
330
17
100
AcDbEntity
  8
ENGRAVE_POLARS
100
AcDbLine
 10
-14.326335286915599
 20
4.438751231823463
 30
0.0
 11
-14.370413289858979
 21
4.3531315330654445
 31
0.0
  0
LINE
  5
8EC
330
17
100
AcDbEntity
  8
ENGRAVE_POLARS
100
AcDbLine
 10
-14.370413289858979
 20
4.3531315330654445
 30
0.0
 11
-14.412385435212451
 21
4.268704140802462
 31
0.0
  0
LINE
  5
8ED
330
17
100
AcDbEntity
  8
ENGRAVE_POLARS
100
AcDbLine
 10
-14.412385435212451
 20
4.268704140802462
 30
0.0
 11
-14.453645033088279
 21
4.1837530105075365
 31
0.0
  0
LINE
  5
8EE
330
17
100
AcDbEntity
  8
ENGRAVE_POLARS
100
AcDbLine
 10
-14.453645033088279
 20
4.1837530105075365
 30
0.0
 11
-14.495585393598727
 21
4.096562097653694
 31
0.0
  0
LINE
  5
8EF
330
17
100
AcDbEntity
  8
ENGRAVE_POLARS
100
AcDbLine
 10
-14.495585393598727
 20
4.096562097653694
 30
0.0
 11
-14.539599826856062
 21
4.005415357713956
 31
0.0
  0
LINE
  5
8F0
330
17
100
AcDbEntity
  8
ENGRAVE_POLARS
100
AcDbLine
 10
-14.539599826856062
 20
4.005415357713956
 30
0.0
 11
-14.587081642972555
 21
3.90859674616135
 31
0.0
  0
LINE
  5
8F1
330
17
100
AcDbEntity
  8
ENGRAVE_POLARS
100
AcDbLine
 10
-14.587081642972555
 20
3.90859674616135
 30
0.0
 11
-14.63537585081864
 21
3.812412582797433
 31
0.0
  0
LINE
  5
8F2
330
17
100
AcDbEntity
  8
ENGRAVE_POLARS
100
AcDbLine
 10
-14.63537585081864
 20
3.812412582797433
 30
0.0
 11
-14.681272935916668
 21
3.7227480287980828
 31
0.0
  0
LINE
  5
8F3
330
17
100
AcDbEntity
  8
ENGRAVE_POLARS
100
AcDbLine
 10
-14.681272935916668
 20
3.7227480287980828
 30
0.0
 11
-14.725334423356781
 21
3.637255301697795
 31
0.0
  0
LINE
  5
8F4
330
17
100
AcDbEntity
  8
ENGRAVE_POLARS
100
AcDbLine
 10
-14.725334423356781
 20
3.637255301697795
 30
0.0
 11
-14.768121838229112
 21
3.5535866190310683
 31
0.0
  0
LINE
  5
8F5
330
17
100
AcDbEntity
  8
ENGRAVE_POLARS
100
AcDbLine
 10
-14.768121838229112
 20
3.5535866190310683
 30
0.0
 11
-14.810196705623795
 21
3.4693941983324006
 31
0.0
  0
LINE
  5
8F6
330
17
100
AcDbEntity
  8
ENGRAVE_POLARS
100
AcDbLine
 10
-14.810196705623795
 20
3.4693941983324006
 30
0.0
 11
-14.852120550630971
 21
3.3823302571362883
 31
0.0
  0
LINE
  5
8F7
330
17
100
AcDbEntity
  8
ENGRAVE_POLARS
100
AcDbLine
 10
-14.852120550630971
 20
3.3823302571362883
 30
0.0
 11
-14.894454898340772
 21
3.29004701297723
 31
0.0
  0
LINE
  5
8F8
330
17
100
AcDbEntity
  8
ENGRAVE_POLARS
100
AcDbLine
 10
-14.894454898340772
 20
3.29004701297723
 30
0.0
 11
-14.937761273843345
 21
3.1901966833897233
 31
0.0
  0
LINE
  5
8F9
330
17
100
AcDbEntity
  8
ENGRAVE_POLARS
100
AcDbLine
 10
-14.937761273843345
 20
3.1901966833897233
 30
0.0
 11
-14.982601202228821
 21
3.0804314859082655
 31
0.0
  0
LINE
  5
8FA
330
17
100
AcDbEntity
  8
ENGRAVE_POLARS
100
AcDbLine
 10
-14.982601202228821
 20
3.0804314859082655
 30
0.0
 11
-15.029536208587327
 21
2.9584036380673537
 31
0.0
  0
LINE
  5
8FB
330
17
100
AcDbEntity
  8
ENGRAVE_POLARS
100
AcDbLine
 10
-15.029536208587327
 20
2.9584036380673537
 30
0.0
 11
-15.079127818009013
 21
2.821765357401486
 31
0.0
  0
LINE
  5
8FC
330
17
100
AcDbEntity
  8
ENGRAVE_POLARS
100
AcDbLine
 10
-15.079127818009013
 20
2.821765357401486
 30
0.0
 11
-15.131937555584011
 21
2.6681688614451597
 31
0.0
  0
LINE
  5
8FD
330
17
100
AcDbEntity
  8
ENGRAVE_POLARS
100
AcDbLine
 10
-15.131937555584011
 20
2.6681688614451597
 30
0.0
 11
-15.190937984842837
 21
2.505555889361846
 31
0.0
  0
LINE
  5
8FE
330
17
100
AcDbEntity
  8
ENGRAVE_POLARS
100
AcDbLine
 10
-15.190937984842837
 20
2.505555889361846
 30
0.0
 11
-15.25740816429749
 21
2.3415414923997577
 31
0.0
  0
LINE
  5
8FF
330
17
100
AcDbEntity
  8
ENGRAVE_POLARS
100
AcDbLine
 10
-15.25740816429749
 20
2.3415414923997577
 30
0.0
 11
-15.329369361510324
 21
2.1732878562205014
 31
0.0
  0
LINE
  5
900
330
17
100
AcDbEntity
  8
ENGRAVE_POLARS
100
AcDbLine
 10
-15.329369361510324
 20
2.1732878562205014
 30
0.0
 11
-15.404842844043701
 21
1.9979571664856854
 31
0.0
  0
LINE
  5
901
330
17
100
AcDbEntity
  8
ENGRAVE_POLARS
100
AcDbLine
 10
-15.404842844043701
 20
1.9979571664856854
 30
0.0
 11
-15.481849879459984
 21
1.8127116088569193
 31
0.0
  0
LINE
  5
902
330
17
100
AcDbEntity
  8
ENGRAVE_POLARS
100
AcDbLine
 10
-15.481849879459984
 20
1.8127116088569193
 30
0.0
 11
-15.558411735321526
 21
1.6147133689958095
 31
0.0
  0
LINE
  5
903
330
17
100
AcDbEntity
  8
ENGRAVE_POLARS
100
AcDbLine
 10
-15.558411735321526
 20
1.6147133689958095
 30
0.0
 11
-15.632549679190683
 21
1.4011246325639648
 31
0.0
  0
LINE
  5
904
330
17
100
AcDbEntity
  8
ENGRAVE_POLARS
100
AcDbLine
 10
-15.632549679190683
 20
1.4011246325639648
 30
0.0
 11
-15.702284978629825
 21
1.169107585222993
 31
0.0
  0
LINE
  5
905
330
17
100
AcDbEntity
  8
ENGRAVE_POLARS
100
AcDbLine
 10
-15.702284978629825
 20
1.169107585222993
 30
0.0
 11
-15.7656389012013
 21
0.9158244126345033
 31
0.0
  0
LINE
  5
906
330
17
100
AcDbEntity
  8
ENGRAVE_POLARS
100
AcDbLine
 10
-15.7656389012013
 20
0.9158244126345033
 30
0.0
 11
-15.82063271446747
 21
0.638437300460102
 31
0.0
  0
LINE
  5
907
330
17
100
AcDbEntity
  8
ENGRAVE_POLARS
100
AcDbLine
 10
-15.82063271446747
 20
0.638437300460102
 30
0.0
 11
-15.865287685990694
 21
0.3341084343613987
 31
0.0
  0
LINE
  5
908
330
17
100
AcDbEntity
  8
ENGRAVE_POLARS
100
AcDbLine
 10
-15.865287685990694
 20
0.3341084343613987
 30
0.0
 11
-15.897625083333333
 21
9.73448783617442e-16
 31
0.0
  0
LINE
  5
909
330
17
100
AcDbEntity
  8
ENGRAVE_POLARS
100
AcDbLine
 10
-15.897625083333333
 20
9.73448783617442e-16
 30
0.0
 11
-15.91779202048727
 21
-0.3785929498315392
 31
0.0
  0
LINE
  5
90A
330
17
100
AcDbEntity
  8
ENGRAVE_POLARS
100
AcDbLine
 10
-15.91779202048727
 20
-0.3785929498315392
 30
0.0
 11
-15.928040732652043
 21
-0.8079323113506247
 31
0.0
  0
LINE
  5
90B
330
17
100
AcDbEntity
  8
ENGRAVE_POLARS
100
AcDbLine
 10
-15.928040732652043
 20
-0.8079323113506247
 30
0.0
 11
-15.929550169201486
 21
-1.2781913224105796
 31
0.0
  0
LINE
  5
90C
330
17
100
AcDbEntity
  8
ENGRAVE_POLARS
100
AcDbLine
 10
-15.929550169201486
 20
-1.2781913224105796
 30
0.0
 11
-15.923499279509432
 21
-1.7795432208647295
 31
0.0
  0
LINE
  5
90D
330
17
100
AcDbEntity
  8
ENGRAVE_POLARS
100
AcDbLine
 10
-15.923499279509432
 20
-1.7795432208647295
 30
0.0
 11
-15.911067012949713
 21
-2.3021612445663977
 31
0.0
  0
LINE
  5
90E
330
17
100
AcDbEntity
  8
ENGRAVE_POLARS
100
AcDbLine
 10
-15.911067012949713
 20
-2.3021612445663977
 30
0.0
 11
-15.893432318896167
 21
-2.8362186313689093
 31
0.0
  0
LINE
  5
90F
330
17
100
AcDbEntity
  8
ENGRAVE_POLARS
100
AcDbLine
 10
-15.893432318896167
 20
-2.8362186313689093
 30
0.0
 11
-15.87177414672262
 21
-3.3718886191255875
 31
0.0
  0
LINE
  5
910
330
17
100
AcDbEntity
  8
ENGRAVE_POLARS
100
AcDbLine
 10
-15.87177414672262
 20
-3.3718886191255875
 30
0.0
 11
-15.847271445802917
 21
-3.8993444456897595
 31
0.0
  0
LINE
  5
911
330
17
100
AcDbEntity
  8
ENGRAVE_POLARS
100
AcDbLine
 10
-15.847271445802917
 20
-3.8993444456897595
 30
0.0
 11
-15.821103165510888
 21
-4.408759348914748
 31
0.0
  0
LINE
  5
912
330
17
100
AcDbEntity
  8
ENGRAVE_POLARS
100
AcDbLine
 10
-15.821103165510888
 20
-4.408759348914748
 30
0.0
 11
-15.794448255220358
 21
-4.890306566653877
 31
0.0
  0
LINE
  5
913
330
17
100
AcDbEntity
  8
ENGRAVE_POLARS
100
AcDbLine
 10
-15.794448255220358
 20
-4.890306566653877
 30
0.0
 11
-15.76848566430517
 21
-5.334159336760473
 31
0.0
  0
LINE
  5
914
330
17
100
AcDbEntity
  8
ENGRAVE_POLARS
100
AcDbLine
 10
-15.76848566430517
 20
-5.334159336760473
 30
0.0
 11
-15.744394342139154
 21
-5.730490897087858
 31
0.0
  0
LINE
  5
915
330
17
100
AcDbEntity
  8
ENGRAVE_POLARS
100
AcDbLine
 10
-15.744394342139154
 20
-5.730490897087858
 30
0.0
 11
-15.724076237201526
 21
-6.077108384907738
 31
0.0
  0
LINE
  5
916
330
17
100
AcDbEntity
  8
ENGRAVE_POLARS
100
AcDbLine
 10
-15.724076237201526
 20
-6.077108384907738
 30
0.0
 11
-15.707455553753062
 21
-6.383336446280296
 31
0.0
  0
LINE
  5
917
330
17
100
AcDbEntity
  8
ENGRAVE_POLARS
100
AcDbLine
 10
-15.707455553753062
 20
-6.383336446280296
 30
0.0
 11
-15.692744624839928
 21
-6.65662458224158
 31
0.0
  0
LINE
  5
918
330
17
100
AcDbEntity
  8
ENGRAVE_POLARS
100
AcDbLine
 10
-15.692744624839928
 20
-6.65662458224158
 30
0.0
 11
-15.678155783508295
 21
-6.904422293827634
 31
0.0
  0
LINE
  5
919
330
17
100
AcDbEntity
  8
ENGRAVE_POLARS
100
AcDbLine
 10
-15.678155783508295
 20
-6.904422293827634
 30
0.0
 11
-15.661901362804334
 21
-7.134179082074505
 31
0.0
  0
LINE
  5
91A
330
17
100
AcDbEntity
  8
ENGRAVE_POLARS
100
AcDbLine
 10
-15.661901362804334
 20
-7.134179082074505
 30
0.0
 11
-15.64219369577422
 21
-7.353344448018239
 31
0.0
  0
LINE
  5
91B
330
17
100
AcDbEntity
  8
ENGRAVE_POLARS
100
AcDbLine
 10
-15.64219369577422
 20
-7.353344448018239
 30
0.0
 11
-15.61724511546411
 21
-7.569367892694879
 31
0.0
  0
LINE
  5
91C
330
17
100
AcDbEntity
  8
ENGRAVE_POLARS
100
AcDbLine
 10
-15.61724511546411
 20
-7.569367892694879
 30
0.0
 11
-15.585267954920184
 21
-7.789698917140476
 31
0.0
  0
LINE
  5
91D
330
17
100
AcDbEntity
  8
ENGRAVE_POLARS
100
AcDbLine
 10
-15.585267954920184
 20
-7.789698917140476
 30
0.0
 11
-15.544474547188612
 21
-8.021787022391074
 31
0.0
  0
LINE
  5
91E
330
17
100
AcDbEntity
  8
ENGRAVE_POLARS
100
AcDbLine
 10
-15.544474547188612
 20
-8.021787022391074
 30
0.0
 11
-15.493077225315561
 21
-8.273081709482717
 31
0.0
  0
LINE
  5
91F
330
17
100
AcDbEntity
  8
ENGRAVE_POLARS
100
AcDbLine
 10
-15.493077225315561
 20
-8.273081709482717
 30
0.0
 11
-15.4292883223472
 21
-8.551032479451456
 31
0.0
  0
LINE
  5
920
330
17
100
AcDbEntity
  8
ENGRAVE_POLARS
100
AcDbLine
 10
-15.4292883223472
 20
-8.551032479451456
 30
0.0
 11
-15.351320171329702
 21
-8.86308883333333
 31
0.0
  0
LINE
  5
921
330
17
100
AcDbEntity
  8
ENGRAVE_POLARS
100
AcDbLine
 10
-15.351320171329702
 20
-8.86308883333333
 30
0.0
 11
-15.267530465581146
 21
-9.216440878223654
 31
0.0
  0
LINE
  5
922
330
17
100
AcDbEntity
  8
ENGRAVE_POLARS
100
AcDbLine
 10
-15.267530465581146
 20
-9.216440878223654
 30
0.0
 11
-15.185187919344493
 21
-9.607537408416476
 31
0.0
  0
LINE
  5
923
330
17
100
AcDbEntity
  8
ENGRAVE_POLARS
100
AcDbLine
 10
-15.185187919344493
 20
-9.607537408416476
 30
0.0
 11
-15.100871397053224
 21
-10.027715955745967
 31
0.0
  0
LINE
  5
924
330
17
100
AcDbEntity
  8
ENGRAVE_POLARS
100
AcDbLine
 10
-15.100871397053224
 20
-10.027715955745967
 30
0.0
 11
-15.011159763140821
 21
-10.468314052046292
 31
0.0
  0
LINE
  5
925
330
17
100
AcDbEntity
  8
ENGRAVE_POLARS
100
AcDbLine
 10
-15.011159763140821
 20
-10.468314052046292
 30
0.0
 11
-14.912631882040772
 21
-10.920669229151619
 31
0.0
  0
LINE
  5
926
330
17
100
AcDbEntity
  8
ENGRAVE_POLARS
100
AcDbLine
 10
-14.912631882040772
 20
-10.920669229151619
 30
0.0
 11
-14.801866618186557
 21
-11.376119018896112
 31
0.0
  0
LINE
  5
927
330
17
100
AcDbEntity
  8
ENGRAVE_POLARS
100
AcDbLine
 10
-14.801866618186557
 20
-11.376119018896112
 30
0.0
 11
-14.67544283601166
 21
-11.826000953113939
 31
0.0
  0
LINE
  5
928
330
17
100
AcDbEntity
  8
ENGRAVE_POLARS
100
AcDbLine
 10
-14.67544283601166
 20
-11.826000953113939
 30
0.0
 11
-14.52993939994957
 21
-12.261652563639267
 31
0.0
  0
LINE
  5
929
330
17
100
AcDbEntity
  8
ENGRAVE_POLARS
100
AcDbLine
 10
-14.52993939994957
 20
-12.261652563639267
 30
0.0
 11
-14.361935174433764
 21
-12.674411382306257
 31
0.0
  0
LINE
  5
92A
330
17
100
AcDbEntity
  8
ENGRAVE_POLARS
100
AcDbLine
 10
-14.361935174433764
 20
-12.674411382306257
 30
0.0
 11
-14.168009023897728
 21
-13.055614940949084
 31
0.0
  0
LINE
  5
92B
330
17
100
AcDbEntity
  8
ENGRAVE_POLARS
100
AcDbLine
 10
-14.168009023897728
 20
-13.055614940949084
 30
0.0
 11
-13.944739812774944
 21
-13.396600771401907
 31
0.0
  0
LINE
  5
92C
330
17
100
AcDbEntity
  8
ENGRAVE_POLARS
100
AcDbLine
 10
-13.944739812774944
 20
-13.396600771401907
 30
0.0
 11
-13.6887064054989
 21
-13.688706405498898
 31
0.0
  0
LINE
  5
92D
330
17
100
AcDbEntity
  8
ENGRAVE_POLARS
100
AcDbLine
 10
-13.6887064054989
 20
-13.688706405498898
 30
0.0
 11
-13.392586708138147
 21
-13.934986623232993
 31
0.0
  0
LINE
  5
92E
330
17
100
AcDbEntity
  8
ENGRAVE_POLARS
100
AcDbLine
 10
-13.392586708138147
 20
-13.934986623232993
 30
0.0
 11
-13.05545335426343
 21
-14.146835340780612
 31
0.0
  0
LINE
  5
92F
330
17
100
AcDbEntity
  8
ENGRAVE_POLARS
100
AcDbLine
 10
-13.05545335426343
 20
-14.146835340780612
 30
0.0
 11
-12.683477299561494
 21
-14.328098794251133
 31
0.0
  0
LINE
  5
930
330
17
100
AcDbEntity
  8
ENGRAVE_POLARS
100
AcDbLine
 10
-12.683477299561494
 20
-14.328098794251133
 30
0.0
 11
-12.28282949971909
 21
-14.48262321975394
 31
0.0
  0
LINE
  5
931
330
17
100
AcDbEntity
  8
ENGRAVE_POLARS
100
AcDbLine
 10
-12.28282949971909
 20
-14.48262321975394
 30
0.0
 11
-11.859680910422973
 21
-14.614254853398414
 31
0.0
  0
LINE
  5
932
330
17
100
AcDbEntity
  8
ENGRAVE_POLARS
100
AcDbLine
 10
-11.859680910422973
 20
-14.614254853398414
 30
0.0
 11
-11.420202487359894
 21
-14.726839931293934
 31
0.0
  0
LINE
  5
933
330
17
100
AcDbEntity
  8
ENGRAVE_POLARS
100
AcDbLine
 10
-11.420202487359894
 20
-14.726839931293934
 30
0.0
 11
-10.970565186216605
 21
-14.824224689549883
 31
0.0
  0
LINE
  5
934
330
17
100
AcDbEntity
  8
ENGRAVE_POLARS
100
AcDbLine
 10
-10.970565186216605
 20
-14.824224689549883
 30
0.0
 11
-10.51693996267986
 21
-14.910255364275645
 31
0.0
  0
LINE
  5
935
330
17
100
AcDbEntity
  8
ENGRAVE_POLARS
100
AcDbLine
 10
-10.51693996267986
 20
-14.910255364275645
 30
0.0
 11
-10.06549777243641
 21
-14.988778191580595
 31
0.0
  0
LINE
  5
936
330
17
100
AcDbEntity
  8
ENGRAVE_POLARS
100
AcDbLine
 10
-10.06549777243641
 20
-14.988778191580595
 30
0.0
 11
-9.622409571173002
 21
-15.06363940757412
 31
0.0
  0
LINE
  5
937
330
17
100
AcDbEntity
  8
ENGRAVE_POLARS
100
AcDbLine
 10
-9.622409571173002
 20
-15.06363940757412
 30
0.0
 11
-9.193846314576392
 21
-15.138685248365599
 31
0.0
  0
LINE
  5
938
330
17
100
AcDbEntity
  8
ENGRAVE_POLARS
100
AcDbLine
 10
-9.193846314576392
 20
-15.138685248365599
 30
0.0
 11
-8.785978958333333
 21
-15.217761950064416
 31
0.0
  0
LINE
  5
939
330
17
100
AcDbEntity
  8
ENGRAVE_POLARS
100
AcDbLine
 10
-8.785978958333333
 20
-15.217761950064416
 30
0.0
 11
-8.380120638625531
 21
-15.29433411369353
 31
0.0
  0
LINE
  5
93A
330
17
100
AcDbEntity
  8
ENGRAVE_POLARS
100
AcDbLine
 10
-8.380120638625531
 20
-15.29433411369353
 30
0.0
 11
-7.957647763183071
 21
-15.360046955057323
 31
0.0
  0
LINE
  5
93B
330
17
100
AcDbEntity
  8
ENGRAVE_POLARS
100
AcDbLine
 10
-7.957647763183071
 20
-15.360046955057323
 30
0.0
 11
-7.524826195015273
 21
-15.416017632437297
 31
0.0
  0
LINE
  5
93C
330
17
100
AcDbEntity
  8
ENGRAVE_POLARS
100
AcDbLine
 10
-7.524826195015273
 20
-15.416017632437297
 30
0.0
 11
-7.087921797131451
 21
-15.463363304114958
 31
0.0
  0
LINE
  5
93D
330
17
100
AcDbEntity
  8
ENGRAVE_POLARS
100
AcDbLine
 10
-7.087921797131451
 20
-15.463363304114958
 30
0.0
 11
-6.653200432540923
 21
-15.503201128371812
 31
0.0
  0
LINE
  5
93E
330
17
100
AcDbEntity
  8
ENGRAVE_POLARS
100
AcDbLine
 10
-6.653200432540923
 20
-15.503201128371812
 30
0.0
 11
-6.226927964253005
 21
-15.53664826348936
 31
0.0
  0
LINE
  5
93F
330
17
100
AcDbEntity
  8
ENGRAVE_POLARS
100
AcDbLine
 10
-6.226927964253005
 20
-15.53664826348936
 30
0.0
 11
-5.815370255277014
 21
-15.56482186774911
 31
0.0
  0
LINE
  5
940
330
17
100
AcDbEntity
  8
ENGRAVE_POLARS
100
AcDbLine
 10
-5.815370255277014
 20
-15.56482186774911
 30
0.0
 11
-5.424793168622268
 21
-15.588839099432569
 31
0.0
  0
LINE
  5
941
330
17
100
AcDbEntity
  8
ENGRAVE_POLARS
100
AcDbLine
 10
-5.424793168622268
 20
-15.588839099432569
 30
0.0
 11
-5.061462567298084
 21
-15.609817116821237
 31
0.0
  0
LINE
  5
942
330
17
100
AcDbEntity
  8
ENGRAVE_POLARS
100
AcDbLine
 10
-5.061462567298084
 20
-15.609817116821237
 30
0.0
 11
-4.731644314313775
 21
-15.628873078196621
 31
0.0
  0
LINE
  5
943
330
17
100
AcDbEntity
  8
ENGRAVE_POLARS
100
AcDbLine
 10
-4.731644314313775
 20
-15.628873078196621
 30
0.0
 11
-4.441604272678661
 21
-15.647124141840226
 31
0.0
  0
LINE
  5
944
330
17
100
AcDbEntity
  8
ENGRAVE_POLARS
100
AcDbLine
 10
-4.441604272678661
 20
-15.647124141840226
 30
0.0
 11
-4.197608305402057
 21
-15.665687466033557
 31
0.0
  0
LINE
  5
945
330
17
100
AcDbEntity
  8
ENGRAVE_POLARS
100
AcDbLine
 10
-4.197608305402057
 20
-15.665687466033557
 30
0.0
 11
-4.0139622214053166
 21
-15.682001400204996
 31
0.0
  0
LINE
  5
946
330
17
100
AcDbEntity
  8
ENGRAVE_POLARS
100
AcDbLine
 10
-4.0139622214053166
 20
-15.682001400204996
 30
0.0
 11
-3.8929342303555
 21
-15.69321708495642
 31
0.0
  0
LINE
  5
947
330
17
100
AcDbEntity
  8
ENGRAVE_POLARS
100
AcDbLine
 10
-3.8929342303555
 20
-15.69321708495642
 30
0.0
 11
-3.8227337963804855
 21
-15.700020865329567
 31
0.0
  0
LINE
  5
948
330
17
100
AcDbEntity
  8
ENGRAVE_POLARS
100
AcDbLine
 10
-3.8227337963804855
 20
-15.700020865329567
 30
0.0
 11
-3.7915703836081525
 21
-15.703099086366182
 31
0.0
  0
LINE
  5
949
330
17
100
AcDbEntity
  8
ENGRAVE_POLARS
100
AcDbLine
 10
-3.7915703836081525
 20
-15.703099086366182
 30
0.0
 11
-3.787653456166381
 21
-15.703138093108015
 31
0.0
  0
LINE
  5
94A
330
17
100
AcDbEntity
  8
ENGRAVE_POLARS
100
AcDbLine
 10
-3.787653456166381
 20
-15.703138093108015
 30
0.0
 11
-3.7991924781830484
 21
-15.700824230596794
 31
0.0
  0
LINE
  5
94B
330
17
100
AcDbEntity
  8
ENGRAVE_POLARS
100
AcDbLine
 10
-3.7991924781830484
 20
-15.700824230596794
 30
0.0
 11
-3.8143969137860347
 21
-15.69684384387427
 31
0.0
  0
LINE
  5
94C
330
17
100
AcDbEntity
  8
ENGRAVE_POLARS
100
AcDbLine
 10
-3.8143969137860347
 20
-15.69684384387427
 30
0.0
 11
-3.821476227103218
 21
-15.691883277982187
 31
0.0
  0
LINE
  5
94D
330
17
100
AcDbEntity
  8
ENGRAVE_POLARS
100
AcDbLine
 10
-3.821476227103218
 20
-15.691883277982187
 30
0.0
 11
-3.8086398822624785
 21
-15.686628877962283
 31
0.0
  0
LINE
  5
94E
330
17
100
AcDbEntity
  8
ENGRAVE_POLARS
100
AcDbLine
 10
-3.8086398822624785
 20
-15.686628877962283
 30
0.0
 11
-3.764097343391695
 21
-15.681766988856307
 31
0.0
  0
LINE
  5
94F
330
17
100
AcDbEntity
  8
ENGRAVE_POLARS
100
AcDbLine
 10
-3.764097343391695
 20
-15.681766988856307
 30
0.0
 11
-3.6760580746187452
 21
-15.677983955705994
 31
0.0
  0
LINE
  5
950
330
17
100
AcDbEntity
  8
ENGRAVE_POLARS
100
AcDbLine
 10
-3.6760580746187452
 20
-15.677983955705994
 30
0.0
 11
-3.5327315400715102
 21
-15.675966123553087
 31
0.0
  0
LINE
  5
951
330
17
100
AcDbEntity
  8
ENGRAVE_POLARS
100
AcDbLine
 10
-3.5327315400715102
 20
-15.675966123553087
 30
0.0
 11
-3.3275011283997147
 21
-15.674676124199523
 31
0.0
  0
LINE
  5
952
330
17
100
AcDbEntity
  8
ENGRAVE_POLARS
100
AcDbLine
 10
-3.3275011283997147
 20
-15.674676124199523
 30
0.0
 11
-3.069018671513682
 21
-15.67270507420099
 31
0.0
  0
LINE
  5
953
330
17
100
AcDbEntity
  8
ENGRAVE_POLARS
100
AcDbLine
 10
-3.069018671513682
 20
-15.67270507420099
 30
0.0
 11
-2.768396298432181
 21
-15.670182045729874
 31
0.0
  0
LINE
  5
954
330
17
100
AcDbEntity
  8
ENGRAVE_POLARS
100
AcDbLine
 10
-2.768396298432181
 20
-15.670182045729874
 30
0.0
 11
-2.436746138173985
 21
-15.667236110958557
 31
0.0
  0
LINE
  5
955
330
17
100
AcDbEntity
  8
ENGRAVE_POLARS
100
AcDbLine
 10
-2.436746138173985
 20
-15.667236110958557
 30
0.0
 11
-2.0851803197578676
 21
-15.663996342059422
 31
0.0
  0
LINE
  5
956
330
17
100
AcDbEntity
  8
ENGRAVE_POLARS
100
AcDbLine
 10
-2.0851803197578676
 20
-15.663996342059422
 30
0.0
 11
-1.7248109722025968
 21
-15.66059181120485
 31
0.0
  0
LINE
  5
957
330
17
100
AcDbEntity
  8
ENGRAVE_POLARS
100
AcDbLine
 10
-1.7248109722025968
 20
-15.66059181120485
 30
0.0
 11
-1.366750224526946
 21
-15.65715159056722
 31
0.0
  0
LINE
  5
958
330
17
100
AcDbEntity
  8
ENGRAVE_POLARS
100
AcDbLine
 10
-1.366750224526946
 20
-15.65715159056722
 30
0.0
 11
-1.0221102057496871
 21
-15.653804752318921
 31
0.0
  0
LINE
  5
959
330
17
100
AcDbEntity
  8
ENGRAVE_POLARS
100
AcDbLine
 10
-1.0221102057496871
 20
-15.653804752318921
 30
0.0
 11
-0.7020030448895924
 21
-15.650680368632335
 31
0.0
  0
LINE
  5
95A
330
17
100
AcDbEntity
  8
ENGRAVE_POLARS
100
AcDbLine
 10
-0.7020030448895924
 20
-15.650680368632335
 30
0.0
 11
-0.4175408709654317
 21
-15.647907511679843
 31
0.0
  0
LINE
  5
95B
330
17
100
AcDbEntity
  8
ENGRAVE_POLARS
100
AcDbLine
 10
-0.4175408709654317
 20
-15.647907511679843
 30
0.0
 11
-0.17983581299597762
 21
-15.645615253633824
 31
0.0
  0
LINE
  5
95C
330
17
100
AcDbEntity
  8
ENGRAVE_POLARS
100
AcDbLine
 10
-0.17983581299597762
 20
-15.645615253633824
 30
0.0
 11
-1.9158292066310054e-15
 21
-15.643932666666668
 31
0.0
  0
TEXT
  5
95D
330
17
100
AcDbEntity
  8
ENGRAVE_TEXT
100
AcDbText
 10
7.127421965884873
 20
10.260250366937807
 30
0.0
 40
4.5
  1
20
 72
1
 11
7.127421965884873
 21
10.260250366937807
 31
0.0
100
AcDbText
 73
2
  0
TEXT
  5
95E
330
17
100
AcDbEntity
  8
ENGRAVE_TEXT
100
AcDbText
 10
-7.127421965884873
 20
10.260250366937807
 30
0.0
 40
4.5
  1
20
 72
1
 11
-7.127421965884873
 21
10.260250366937807
 31
0.0
100
AcDbText
 73
2
  0
CIRCLE
  5
95F
330
17
100
AcDbEntity
  8
ENGRAVE_VMG
100
AcDbCircle
 10
7.825778809528401
 20
9.738073089495776
 30
0.0
 40
0.6
  0
CIRCLE
  5
960
330
17
100
AcDbEntity
  8
ENGRAVE_VMG
100
AcDbCircle
 10
-7.825778809528401
 20
9.738073089495776
 30
0.0
 40
0.6
  0
CIRCLE
  5
961
330
17
100
AcDbEntity
  8
ENGRAVE_VMG
100
AcDbCircle
 10
3.5327315400715102
 20
-15.675966123553087
 30
0.0
 40
0.6
  0
CIRCLE
  5
962
330
17
100
AcDbEntity
  8
ENGRAVE_VMG
100
AcDbCircle
 10
-3.5327315400715102
 20
-15.675966123553087
 30
0.0
 40
0.6
  0
LINE
  5
963
330
17
100
AcDbEntity
  8
ENGRAVE_POLARS
100
AcDbLine
 10
6.75261358857051
 20
7.857209296312617
 30
0.0
 11
6.865222361098222
 21
7.8188891241317515
 31
0.0
  0
LINE
  5
964
330
17
100
AcDbEntity
  8
ENGRAVE_POLARS
100
AcDbLine
 10
6.865222361098222
 20
7.8188891241317515
 30
0.0
 11
7.0106495297399105
 21
7.772288295250327
 31
0.0
  0
LINE
  5
965
330
17
100
AcDbEntity
  8
ENGRAVE_POLARS
100
AcDbLine
 10
7.0106495297399105
 20
7.772288295250327
 30
0.0
 11
7.183194483049549
 21
7.718284400029064
 31
0.0
  0
LINE
  5
966
330
17
100
AcDbEntity
  8
ENGRAVE_POLARS
100
AcDbLine
 10
7.183194483049549
 20
7.718284400029064
 30
0.0
 11
7.377156609581111
 21
7.657755028828687
 31
0.0
  0
LINE
  5
967
330
17
100
AcDbEntity
  8
ENGRAVE_POLARS
100
AcDbLine
 10
7.377156609581111
 20
7.657755028828687
 30
0.0
 11
7.586835297888572
 21
7.59157777200992
 31
0.0
  0
LINE
  5
968
330
17
100
AcDbEntity
  8
ENGRAVE_POLARS
100
AcDbLine
 10
7.586835297888572
 20
7.59157777200992
 30
0.0
 11
7.8065299365259015
 21
7.5206302199334845
 31
0.0
  0
LINE
  5
969
330
17
100
AcDbEntity
  8
ENGRAVE_POLARS
100
AcDbLine
 10
7.8065299365259015
 20
7.5206302199334845
 30
0.0
 11
8.030539914047072
 21
7.445789962960106
 31
0.0
  0
LINE
  5
96A
330
17
100
AcDbEntity
  8
ENGRAVE_POLARS
100
AcDbLine
 10
8.030539914047072
 20
7.445789962960106
 30
0.0
 11
8.253164619006062
 21
7.3679345914505046
 31
0.0
  0
LINE
  5
96B
330
17
100
AcDbEntity
  8
ENGRAVE_POLARS
100
AcDbLine
 10
8.253164619006062
 20
7.3679345914505046
 30
0.0
 11
8.468703439956842
 21
7.287941695765408
 31
0.0
  0
LINE
  5
96C
330
17
100
AcDbEntity
  8
ENGRAVE_POLARS
100
AcDbLine
 10
8.468703439956842
 20
7.287941695765408
 30
0.0
 11
8.671455765453384
 21
7.206688866265536
 31
0.0
  0
LINE
  5
96D
330
17
100
AcDbEntity
  8
ENGRAVE_POLARS
100
AcDbLine
 10
8.671455765453384
 20
7.206688866265536
 30
0.0
 11
8.85572098404966
 21
7.125053693311613
 31
0.0
  0
LINE
  5
96E
330
17
100
AcDbEntity
  8
ENGRAVE_POLARS
100
AcDbLine
 10
8.85572098404966
 20
7.125053693311613
 30
0.0
 11
9.015798484299648
 21
7.043913767264362
 31
0.0
  0
LINE
  5
96F
330
17
100
AcDbEntity
  8
ENGRAVE_POLARS
100
AcDbLine
 10
9.015798484299648
 20
7.043913767264362
 30
0.0
 11
9.154641337070997
 21
6.96306093934419
 31
0.0
  0
LINE
  5
970
330
17
100
AcDbEntity
  8
ENGRAVE_POLARS
100
AcDbLine
 10
9.154641337070997
 20
6.96306093934419
 30
0.0
 11
9.2803476181297
 21
6.881405379934202
 31
0.0
  0
LINE
  5
971
330
17
100
AcDbEntity
  8
ENGRAVE_POLARS
100
AcDbLine
 10
9.2803476181297
 20
6.881405379934202
 30
0.0
 11
9.394934223377236
 21
6.79850215813917
 31
0.0
  0
LINE
  5
972
330
17
100
AcDbEntity
  8
ENGRAVE_POLARS
100
AcDbLine
 10
9.394934223377236
 20
6.79850215813917
 30
0.0
 11
9.500418048715082
 21
6.713906343063869
 31
0.0
  0
LINE
  5
973
330
17
100
AcDbEntity
  8
ENGRAVE_POLARS
100
AcDbLine
 10
9.500418048715082
 20
6.713906343063869
 30
0.0
 11
9.598815990044718
 21
6.627173003813071
 31
0.0
  0
LINE
  5
974
330
17
100
AcDbEntity
  8
ENGRAVE_POLARS
100
AcDbLine
 10
9.598815990044718
 20
6.627173003813071
 30
0.0
 11
9.692144943267621
 21
6.537857209491546
 31
0.0
  0
LINE
  5
975
330
17
100
AcDbEntity
  8
ENGRAVE_POLARS
100
AcDbLine
 10
9.692144943267621
 20
6.537857209491546
 30
0.0
 11
9.782421804285272
 21
6.445514029204069
 31
0.0
  0
LINE
  5
976
330
17
100
AcDbEntity
  8
ENGRAVE_POLARS
100
AcDbLine
 10
9.782421804285272
 20
6.445514029204069
 30
0.0
 11
9.87166346899915
 21
6.349698532055413
 31
0.0
  0
LINE
  5
977
330
17
100
AcDbEntity
  8
ENGRAVE_POLARS
100
AcDbLine
 10
9.87166346899915
 20
6.349698532055413
 30
0.0
 11
9.96188683331073
 21
6.249965787150351
 31
0.0
  0
LINE
  5
978
330
17
100
AcDbEntity
  8
ENGRAVE_POLARS
100
AcDbLine
 10
9.96188683331073
 20
6.249965787150351
 30
0.0
 11
10.055108793121496
 21
6.145870863593653
 31
0.0
  0
LINE
  5
979
330
17
100
AcDbEntity
  8
ENGRAVE_POLARS
100
AcDbLine
 10
10.055108793121496
 20
6.145870863593653
 30
0.0
 11
10.153346244332923
 21
6.0369688304900935
 31
0.0
  0
LINE
  5
97A
330
17
100
AcDbEntity
  8
ENGRAVE_POLARS
100
AcDbLine
 10
10.153346244332923
 20
6.0369688304900935
 30
0.0
 11
10.258616082846489
 21
5.922814756944446
 31
0.0
  0
LINE
  5
97B
330
17
100
AcDbEntity
  8
ENGRAVE_POLARS
100
AcDbLine
 10
10.258616082846489
 20
5.922814756944446
 30
0.0
 11
10.371538121671325
 21
5.799822423110741
 31
0.0
  0
LINE
  5
97C
330
17
100
AcDbEntity
  8
ENGRAVE_POLARS
100
AcDbLine
 10
10.371538121671325
 20
5.799822423110741
 30
0.0
 11
10.490306537193444
 21
5.666195068245434
 31
0.0
  0
LINE
  5
97D
330
17
100
AcDbEntity
  8
ENGRAVE_POLARS
100
AcDbLine
 10
10.490306537193444
 20
5.666195068245434
 30
0.0
 11
10.613299770379653
 21
5.524171950106923
 31
0.0
  0
LINE
  5
97E
330
17
100
AcDbEntity
  8
ENGRAVE_POLARS
100
AcDbLine
 10
10.613299770379653
 20
5.524171950106923
 30
0.0
 11
10.738896262196759
 21
5.375992326453603
 31
0.0
  0
LINE
  5
97F
330
17
100
AcDbEntity
  8
ENGRAVE_POLARS
100
AcDbLine
 10
10.738896262196759
 20
5.375992326453603
 30
0.0
 11
10.865474453611572
 21
5.223895455043878
 31
0.0
  0
LINE
  5
980
330
17
100
AcDbEntity
  8
ENGRAVE_POLARS
100
AcDbLine
 10
10.865474453611572
 20
5.223895455043878
 30
0.0
 11
10.991412785590896
 21
5.070120593636144
 31
0.0
  0
LINE
  5
981
330
17
100
AcDbEntity
  8
ENGRAVE_POLARS
100
AcDbLine
 10
10.991412785590896
 20
5.070120593636144
 30
0.0
 11
11.115089699101535
 21
4.9169069999888
 31
0.0
  0
LINE
  5
982
330
17
100
AcDbEntity
  8
ENGRAVE_POLARS
100
AcDbLine
 10
11.115089699101535
 20
4.9169069999888
 30
0.0
 11
11.234883635110302
 21
4.766493931860247
 31
0.0
  0
LINE
  5
983
330
17
100
AcDbEntity
  8
ENGRAVE_POLARS
100
AcDbLine
 10
11.234883635110302
 20
4.766493931860247
 30
0.0
 11
11.349173034584002
 21
4.621120647008884
 31
0.0
  0
LINE
  5
984
330
17
100
AcDbEntity
  8
ENGRAVE_POLARS
100
AcDbLine
 10
11.349173034584002
 20
4.621120647008884
 30
0.0
 11
11.456336338489441
 21
4.483026403193108
 31
0.0
  0
LINE
  5
985
330
17
100
AcDbEntity
  8
ENGRAVE_POLARS
100
AcDbLine
 10
11.456336338489441
 20
4.483026403193108
 30
0.0
 11
11.554751987793425
 21
4.354450458171319
 31
0.0
  0
LINE
  5
986
330
17
100
AcDbEntity
  8
ENGRAVE_POLARS
100
AcDbLine
 10
11.554751987793425
 20
4.354450458171319
 30
0.0
 11
11.642798423462764
 21
4.237632069701915
 31
0.0
  0
LINE
  5
987
330
17
100
AcDbEntity
  8
ENGRAVE_POLARS
100
AcDbLine
 10
11.642798423462764
 20
4.237632069701915
 30
0.0
 11
11.720082871774895
 21
4.132492688925803
 31
0.0
  0
LINE
  5
988
330
17
100
AcDbEntity
  8
ENGRAVE_POLARS
100
AcDbLine
 10
11.720082871774895
 20
4.132492688925803
 30
0.0
 11
11.788124359306222
 21
4.036539503559849
 31
0.0
  0
LINE
  5
989
330
17
100
AcDbEntity
  8
ENGRAVE_POLARS
100
AcDbLine
 10
11.788124359306222
 20
4.036539503559849
 30
0.0
 11
11.848169027471986
 21
3.9483903762263974
 31
0.0
  0
LINE
  5
98A
330
17
100
AcDbEntity
  8
ENGRAVE_POLARS
100
AcDbLine
 10
11.848169027471986
 20
3.9483903762263974
 30
0.0
 11
11.901463017687437
 21
3.8666631695477918
 31
0.0
  0
LINE
  5
98B
330
17
100
AcDbEntity
  8
ENGRAVE_POLARS
100
AcDbLine
 10
11.901463017687437
 20
3.8666631695477918
 30
0.0
 11
11.949252471367819
 21
3.789975746146375
 31
0.0
  0
LINE
  5
98C
330
17
100
AcDbEntity
  8
ENGRAVE_POLARS
100
AcDbLine
 10
11.949252471367819
 20
3.789975746146375
 30
0.0
 11
11.992783529928383
 21
3.7169459686444912
 31
0.0
  0
LINE
  5
98D
330
17
100
AcDbEntity
  8
ENGRAVE_POLARS
100
AcDbLine
 10
11.992783529928383
 20
3.7169459686444912
 30
0.0
 11
12.03330233478437
 21
3.6461916996644814
 31
0.0
  0
LINE
  5
98E
330
17
100
AcDbEntity
  8
ENGRAVE_POLARS
100
AcDbLine
 10
12.03330233478437
 20
3.6461916996644814
 30
0.0
 11
12.072055027351029
 21
3.57633080182869
 31
0.0
  0
LINE
  5
98F
330
17
100
AcDbEntity
  8
ENGRAVE_POLARS
100
AcDbLine
 10
12.072055027351029
 20
3.57633080182869
 30
0.0
 11
12.110287749043607
 21
3.5059811377594623
 31
0.0
  0
LINE
  5
990
330
17
100
AcDbEntity
  8
ENGRAVE_POLARS
100
AcDbLine
 10
12.110287749043607
 20
3.5059811377594623
 30
0.0
 11
12.149246641277353
 21
3.4337605700791385
 31
0.0
  0
LINE
  5
991
330
17
100
AcDbEntity
  8
ENGRAVE_POLARS
100
AcDbLine
 10
12.149246641277353
 20
3.4337605700791385
 30
0.0
 11
12.190177845467506
 21
3.358286961410063
 31
0.0
  0
LINE
  5
992
330
17
100
AcDbEntity
  8
ENGRAVE_POLARS
100
AcDbLine
 10
12.190177845467506
 20
3.358286961410063
 30
0.0
 11
12.23432750302932
 21
3.2781781743745797
 31
0.0
  0
LINE
  5
993
330
17
100
AcDbEntity
  8
ENGRAVE_POLARS
100
AcDbLine
 10
12.23432750302932
 20
3.2781781743745797
 30
0.0
 11
12.279142938914081
 21
3.1987010304386403
 31
0.0
  0
LINE
  5
994
330
17
100
AcDbEntity
  8
ENGRAVE_POLARS
100
AcDbLine
 10
12.279142938914081
 20
3.1987010304386403
 30
0.0
 11
12.321640296546885
 21
3.1247149294925687
 31
0.0
  0
LINE
  5
995
330
17
100
AcDbEntity
  8
ENGRAVE_POLARS
100
AcDbLine
 10
12.321640296546885
 20
3.1247149294925687
 30
0.0
 11
12.362418945053692
 21
3.054226601795262
 31
0.0
  0
LINE
  5
996
330
17
100
AcDbEntity
  8
ENGRAVE_POLARS
100
AcDbLine
 10
12.362418945053692
 20
3.054226601795262
 30
0.0
 11
12.402078253560461
 21
2.9852427776056194
 31
0.0
  0
LINE
  5
997
330
17
100
AcDbEntity
  8
ENGRAVE_POLARS
100
AcDbLine
 10
12.402078253560461
 20
2.9852427776056194
 30
0.0
 11
12.441217591193148
 21
2.915770187182538
 31
0.0
  0
LINE
  5
998
330
17
100
AcDbEntity
  8
ENGRAVE_POLARS
100
AcDbLine
 10
12.441217591193148
 20
2.915770187182538
 30
0.0
 11
12.48043632707771
 21
2.843815560784918
 31
0.0
  0
LINE
  5
999
330
17
100
AcDbEntity
  8
ENGRAVE_POLARS
100
AcDbLine
 10
12.48043632707771
 20
2.843815560784918
 30
0.0
 11
12.520333830340109
 21
2.767385628671655
 31
0.0
  0
LINE
  5
99A
330
17
100
AcDbEntity
  8
ENGRAVE_POLARS
100
AcDbLine
 10
12.520333830340109
 20
2.767385628671655
 30
0.0
 11
12.561509470106298
 21
2.6844871211016486
 31
0.0
  0
LINE
  5
99B
330
17
100
AcDbEntity
  8
ENGRAVE_POLARS
100
AcDbLine
 10
12.561509470106298
 20
2.6844871211016486
 30
0.0
 11
12.604562615502243
 21
2.5931267683337977
 31
0.0
  0
LINE
  5
99C
330
17
100
AcDbEntity
  8
ENGRAVE_POLARS
100
AcDbLine
 10
12.604562615502243
 20
2.5931267683337977
 30
0.0
 11
12.650092635653893
 21
2.4913113006269993
 31
0.0
  0
LINE
  5
99D
330
17
100
AcDbEntity
  8
ENGRAVE_POLARS
100
AcDbLine
 10
12.650092635653893
 20
2.4913113006269993
 30
0.0
 11
12.698698899687207
 21
2.377047448240152
 31
0.0
  0
LINE
  5
99E
330
17
100
AcDbEntity
  8
ENGRAVE_POLARS
100
AcDbLine
 10
12.698698899687207
 20
2.377047448240152
 30
0.0
 11
12.750980776728152
 21
2.2483419414321535
 31
0.0
  0
LINE
  5
99F
330
17
100
AcDbEntity
  8
ENGRAVE_POLARS
100
AcDbLine
 10
12.750980776728152
 20
2.2483419414321535
 30
0.0
 11
12.809817724593657
 21
2.1120914857796893
 31
0.0
  0
LINE
  5
9A0
330
17
100
AcDbEntity
  8
ENGRAVE_POLARS
100
AcDbLine
 10
12.809817724593657
 20
2.1120914857796893
 30
0.0
 11
12.876388268302547
 21
1.9748593700036692
 31
0.0
  0
LINE
  5
9A1
330
17
100
AcDbEntity
  8
ENGRAVE_POLARS
100
AcDbLine
 10
12.876388268302547
 20
1.9748593700036692
 30
0.0
 11
12.94874037778361
 21
1.8341521990793301
 31
0.0
  0
LINE
  5
9A2
330
17
100
AcDbEntity
  8
ENGRAVE_POLARS
100
AcDbLine
 10
12.94874037778361
 20
1.8341521990793301
 30
0.0
 11
13.024922022965633
 21
1.6874765779819088
 31
0.0
  0
LINE
  5
9A3
330
17
100
AcDbEntity
  8
ENGRAVE_POLARS
100
AcDbLine
 10
13.024922022965633
 20
1.6874765779819088
 30
0.0
 11
13.102981173777408
 21
1.5323391116866425
 31
0.0
  0
LINE
  5
9A4
330
17
100
AcDbEntity
  8
ENGRAVE_POLARS
100
AcDbLine
 10
13.102981173777408
 20
1.5323391116866425
 30
0.0
 11
13.180965800147725
 21
1.3662464051687673
 31
0.0
  0
LINE
  5
9A5
330
17
100
AcDbEntity
  8
ENGRAVE_POLARS
100
AcDbLine
 10
13.180965800147725
 20
1.3662464051687673
 30
0.0
 11
13.256923872005366
 21
1.1867050634035206
 31
0.0
  0
LINE
  5
9A6
330
17
100
AcDbEntity
  8
ENGRAVE_POLARS
100
AcDbLine
 10
13.256923872005366
 20
1.1867050634035206
 30
0.0
 11
13.328903359279128
 21
0.9912216913661389
 31
0.0
  0
LINE
  5
9A7
330
17
100
AcDbEntity
  8
ENGRAVE_POLARS
100
AcDbLine
 10
13.328903359279128
 20
0.9912216913661389
 30
0.0
 11
13.394952231897795
 21
0.7773028940318596
 31
0.0
  0
LINE
  5
9A8
330
17
100
AcDbEntity
  8
ENGRAVE_POLARS
100
AcDbLine
 10
13.394952231897795
 20
0.7773028940318596
 30
0.0
 11
13.453118459790154
 21
0.5424552763759187
 31
0.0
  0
LINE
  5
9A9
330
17
100
AcDbEntity
  8
ENGRAVE_POLARS
100
AcDbLine
 10
13.453118459790154
 20
0.5424552763759187
 30
0.0
 11
13.501450012884996
 21
0.28418544337355345
 31
0.0
  0
LINE
  5
9AA
330
17
100
AcDbEntity
  8
ENGRAVE_POLARS
100
AcDbLine
 10
13.501450012884996
 20
0.28418544337355345
 30
0.0
 11
13.537994861111112
 21
8.28963103676652e-16
 31
0.0
  0
LINE
  5
9AB
330
17
100
AcDbEntity
  8
ENGRAVE_POLARS
100
AcDbLine
 10
13.537994861111112
 20
8.28963103676652e-16
 30
0.0
 11
13.561774091730125
 21
-0.3219108844889427
 31
0.0
  0
LINE
  5
9AC
330
17
100
AcDbEntity
  8
ENGRAVE_POLARS
100
AcDbLine
 10
13.561774091730125
 20
-0.3219108844889427
 30
0.0
 11
13.57429424762258
 21
-0.6863424896307556
 31
0.0
  0
LINE
  5
9AD
330
17
100
AcDbEntity
  8
ENGRAVE_POLARS
100
AcDbLine
 10
13.57429424762258
 20
-0.6863424896307556
 30
0.0
 11
13.577331482145627
 21
-1.085266383640114
 31
0.0
  0
LINE
  5
9AE
330
17
100
AcDbEntity
  8
ENGRAVE_POLARS
100
AcDbLine
 10
13.577331482145627
 20
-1.085266383640114
 30
0.0
 11
13.572661948656423
 21
-1.5106541347316944
 31
0.0
  0
LINE
  5
9AF
330
17
100
AcDbEntity
  8
ENGRAVE_POLARS
100
AcDbLine
 10
13.572661948656423
 20
-1.5106541347316944
 30
0.0
 11
13.56206180051213
 21
-1.9544773111201728
 31
0.0
  0
LINE
  5
9B0
330
17
100
AcDbEntity
  8
ENGRAVE_POLARS
100
AcDbLine
 10
13.56206180051213
 20
-1.9544773111201728
 30
0.0
 11
13.547307191069892
 21
-2.408707481020225
 31
0.0
  0
LINE
  5
9B1
330
17
100
AcDbEntity
  8
ENGRAVE_POLARS
100
AcDbLine
 10
13.547307191069892
 20
-2.408707481020225
 30
0.0
 11
13.530174273686875
 21
-2.865316212646528
 31
0.0
  0
LINE
  5
9B2
330
17
100
AcDbEntity
  8
ENGRAVE_POLARS
100
AcDbLine
 10
13.530174273686875
 20
-2.865316212646528
 30
0.0
 11
13.512439201720225
 21
-3.316275074213758
 31
0.0
  0
LINE
  5
9B3
330
17
100
AcDbEntity
  8
ENGRAVE_POLARS
100
AcDbLine
 10
13.512439201720225
 20
-3.316275074213758
 30
0.0
 11
13.495878128527108
 21
-3.753555633936591
 31
0.0
  0
LINE
  5
9B4
330
17
100
AcDbEntity
  8
ENGRAVE_POLARS
100
AcDbLine
 10
13.495878128527108
 20
-3.753555633936591
 30
0.0
 11
13.48226720746467
 21
-4.169129460029703
 31
0.0
  0
LINE
  5
9B5
330
17
100
AcDbEntity
  8
ENGRAVE_POLARS
100
AcDbLine
 10
13.48226720746467
 20
-4.169129460029703
 30
0.0
 11
13.473382591890072
 21
-4.554968120707771
 31
0.0
  0
LINE
  5
9B6
330
17
100
AcDbEntity
  8
ENGRAVE_POLARS
100
AcDbLine
 10
13.473382591890072
 20
-4.554968120707771
 30
0.0
 11
13.47100043516047
 21
-4.90304318418547
 31
0.0
  0
LINE
  5
9B7
330
17
100
AcDbEntity
  8
ENGRAVE_POLARS
100
AcDbLine
 10
13.47100043516047
 20
-4.90304318418547
 30
0.0
 11
13.474842250956929
 21
-5.20846020708958
 31
0.0
  0
LINE
  5
9B8
330
17
100
AcDbEntity
  8
ENGRAVE_POLARS
100
AcDbLine
 10
13.474842250956929
 20
-5.20846020708958
 30
0.0
 11
13.482793198868695
 21
-5.4768628328574955
 31
0.0
  0
LINE
  5
9B9
330
17
100
AcDbEntity
  8
ENGRAVE_POLARS
100
AcDbLine
 10
13.482793198868695
 20
-5.4768628328574955
 30
0.0
 11
13.493874901115172
 21
-5.716029759919813
 31
0.0
  0
LINE
  5
9BA
330
17
100
AcDbEntity
  8
ENGRAVE_POLARS
100
AcDbLine
 10
13.493874901115172
 20
-5.716029759919813
 30
0.0
 11
13.507108979915765
 21
-5.933739686707136
 31
0.0
  0
LINE
  5
9BB
330
17
100
AcDbEntity
  8
ENGRAVE_POLARS
100
AcDbLine
 10
13.507108979915765
 20
-5.933739686707136
 30
0.0
 11
13.521517057489891
 21
-6.137771311650061
 31
0.0
  0
LINE
  5
9BC
330
17
100
AcDbEntity
  8
ENGRAVE_POLARS
100
AcDbLine
 10
13.521517057489891
 20
-6.137771311650061
 30
0.0
 11
13.536120756056949
 21
-6.335903333179189
 31
0.0
  0
LINE
  5
9BD
330
17
100
AcDbEntity
  8
ENGRAVE_POLARS
100
AcDbLine
 10
13.536120756056949
 20
-6.335903333179189
 30
0.0
 11
13.549941697836351
 21
-6.5359144497251185
 31
0.0
  0
LINE
  5
9BE
330
17
100
AcDbEntity
  8
ENGRAVE_POLARS
100
AcDbLine
 10
13.549941697836351
 20
-6.5359144497251185
 30
0.0
 11
13.562001505047505
 21
-6.74558335971845
 31
0.0
  0
LINE
  5
9BF
330
17
100
AcDbEntity
  8
ENGRAVE_POLARS
100
AcDbLine
 10
13.562001505047505
 20
-6.74558335971845
 30
0.0
 11
13.57132179990982
 21
-6.972688761589781
 31
0.0
  0
LINE
  5
9C0
330
17
100
AcDbEntity
  8
ENGRAVE_POLARS
100
AcDbLine
 10
13.57132179990982
 20
-6.972688761589781
 30
0.0
 11
13.576924204642703
 21
-7.225009353769714
 31
0.0
  0
LINE
  5
9C1
330
17
100
AcDbEntity
  8
ENGRAVE_POLARS
100
AcDbLine
 10
13.576924204642703
 20
-7.225009353769714
 30
0.0
 11
13.57783034146556
 21
-7.510323834688844
 31
0.0
  0
LINE
  5
9C2
330
17
100
AcDbEntity
  8
ENGRAVE_POLARS
100
AcDbLine
 10
13.57783034146556
 20
-7.510323834688844
 30
0.0
 11
13.573061832597805
 21
-7.836410902777774
 31
0.0
  0
LINE
  5
9C3
330
17
100
AcDbEntity
  8
ENGRAVE_POLARS
100
AcDbLine
 10
13.573061832597805
 20
-7.836410902777774
 30
0.0
 11
13.565324657541462
 21
-8.211868715287325
 31
0.0
  0
LINE
  5
9C4
330
17
100
AcDbEntity
  8
ENGRAVE_POLARS
100
AcDbLine
 10
13.565324657541462
 20
-8.211868715287325
 30
0.0
 11
13.557408124467562
 21
-8.63368297399828
 31
0.0
  0
LINE
  5
9C5
330
17
100
AcDbEntity
  8
ENGRAVE_POLARS
100
AcDbLine
 10
13.557408124467562
 20
-8.63368297399828
 30
0.0
 11
13.548458848599008
 21
-9.092213694136166
 31
0.0
  0
LINE
  5
9C6
330
17
100
AcDbEntity
  8
ENGRAVE_POLARS
100
AcDbLine
 10
13.548458848599008
 20
-9.092213694136166
 30
0.0
 11
13.537623445158712
 21
-9.577820890926523
 31
0.0
  0
LINE
  5
9C7
330
17
100
AcDbEntity
  8
ENGRAVE_POLARS
100
AcDbLine
 10
13.537623445158712
 20
-9.577820890926523
 30
0.0
 11
13.524048529369573
 21
-10.08086457959488
 31
0.0
  0
LINE
  5
9C8
330
17
100
AcDbEntity
  8
ENGRAVE_POLARS
100
AcDbLine
 10
13.524048529369573
 20
-10.08086457959488
 30
0.0
 11
13.506880716454498
 21
-10.59170477536677
 31
0.0
  0
LINE
  5
9C9
330
17
100
AcDbEntity
  8
ENGRAVE_POLARS
100
AcDbLine
 10
13.506880716454498
 20
-10.59170477536677
 30
0.0
 11
13.485266621636397
 21
-11.100701493467724
 31
0.0
  0
LINE
  5
9CA
330
17
100
AcDbEntity
  8
ENGRAVE_POLARS
100
AcDbLine
 10
13.485266621636397
 20
-11.100701493467724
 30
0.0
 11
13.458352860138174
 21
-11.598214749123283
 31
0.0
  0
LINE
  5
9CB
330
17
100
AcDbEntity
  8
ENGRAVE_POLARS
100
AcDbLine
 10
13.458352860138174
 20
-11.598214749123283
 30
0.0
 11
13.425286047182736
 21
-12.074604557558972
 31
0.0
  0
LINE
  5
9CC
330
17
100
AcDbEntity
  8
ENGRAVE_POLARS
100
AcDbLine
 10
13.425286047182736
 20
-12.074604557558972
 30
0.0
 11
13.385212797992985
 21
-12.52023093400033
 31
0.0
  0
LINE
  5
9CD
330
17
100
AcDbEntity
  8
ENGRAVE_POLARS
100
AcDbLine
 10
13.385212797992985
 20
-12.52023093400033
 30
0.0
 11
13.33727972779183
 21
-12.925453893672882
 31
0.0
  0
LINE
  5
9CE
330
17
100
AcDbEntity
  8
ENGRAVE_POLARS
100
AcDbLine
 10
13.33727972779183
 20
-12.925453893672882
 30
0.0
 11
13.280633451802174
 21
-13.28063345180217
 31
0.0
  0
LINE
  5
9CF
330
17
100
AcDbEntity
  8
ENGRAVE_POLARS
100
AcDbLine
 10
13.280633451802174
 20
-13.28063345180217
 30
0.0
 11
13.220359596863409
 21
-13.596646129650752
 31
0.0
  0
LINE
  5
9D0
330
17
100
AcDbEntity
  8
ENGRAVE_POLARS
100
AcDbLine
 10
13.220359596863409
 20
-13.596646129650752
 30
0.0
 11
13.160625436175609
 21
-13.890929696866948
 31
0.0
  0
LINE
  5
9D1
330
17
100
AcDbEntity
  8
ENGRAVE_POLARS
100
AcDbLine
 10
13.160625436175609
 20
-13.890929696866948
 30
0.0
 11
13.099200054502713
 21
-14.163686041254934
 31
0.0
  0
LINE
  5
9D2
330
17
100
AcDbEntity
  8
ENGRAVE_POLARS
100
AcDbLine
 10
13.099200054502713
 20
-14.163686041254934
 30
0.0
 11
13.033852536608666
 21
-14.415117050618877
 31
0.0
  0
LINE
  5
9D3
330
17
100
AcDbEntity
  8
ENGRAVE_POLARS
100
AcDbLine
 10
13.033852536608666
 20
-14.415117050618877
 30
0.0
 11
12.9623519672574
 21
-14.645424612762955
 31
0.0
  0
LINE
  5
9D4
330
17
100
AcDbEntity
  8
ENGRAVE_POLARS
100
AcDbLine
 10
12.9623519672574
 20
-14.645424612762955
 30
0.0
 11
12.882467431212856
 21
-14.854810615491338
 31
0.0
  0
LINE
  5
9D5
330
17
100
AcDbEntity
  8
ENGRAVE_POLARS
100
AcDbLine
 10
12.882467431212856
 20
-14.854810615491338
 30
0.0
 11
12.791968013238971
 21
-15.043476946608198
 31
0.0
  0
LINE
  5
9D6
330
17
100
AcDbEntity
  8
ENGRAVE_POLARS
100
AcDbLine
 10
12.791968013238971
 20
-15.043476946608198
 30
0.0
 11
12.688622798099688
 21
-15.211625493917712
 31
0.0
  0
LINE
  5
9D7
330
17
100
AcDbEntity
  8
ENGRAVE_POLARS
100
AcDbLine
 10
12.688622798099688
 20
-15.211625493917712
 30
0.0
 11
12.570200870558947
 21
-15.359458145224048
 31
0.0
  0
LINE
  5
9D8
330
17
100
AcDbEntity
  8
ENGRAVE_POLARS
100
AcDbLine
 10
12.570200870558947
 20
-15.359458145224048
 30
0.0
 11
12.434471315380684
 21
-15.48717678833138
 31
0.0
  0
LINE
  5
9D9
330
17
100
AcDbEntity
  8
ENGRAVE_POLARS
100
AcDbLine
 10
12.434471315380684
 20
-15.48717678833138
 30
0.0
 11
12.279203217328838
 21
-15.594983311043881
 31
0.0
  0
LINE
  5
9DA
330
17
100
AcDbEntity
  8
ENGRAVE_POLARS
100
AcDbLine
 10
12.279203217328838
 20
-15.594983311043881
 30
0.0
 11
12.10216566116735
 21
-15.683079601165726
 31
0.0
  0
LINE
  5
9DB
330
17
100
AcDbEntity
  8
ENGRAVE_POLARS
100
AcDbLine
 10
12.10216566116735
 20
-15.683079601165726
 30
0.0
 11
11.903649636737208
 21
-15.74148595853572
 31
0.0
  0
LINE
  5
9DC
330
17
100
AcDbEntity
  8
ENGRAVE_POLARS
100
AcDbLine
 10
11.903649636737208
 20
-15.74148595853572
 30
0.0
 11
11.686274045103836
 21
-15.763631423628553
 31
0.0
  0
LINE
  5
9DD
330
17
100
AcDbEntity
  8
ENGRAVE_POLARS
100
AcDbLine
 10
11.686274045103836
 20
-15.763631423628553
 30
0.0
 11
11.451299837867827
 21
-15.754830995202221
 31
0.0
  0
LINE
  5
9DE
330
17
100
AcDbEntity
  8
ENGRAVE_POLARS
100
AcDbLine
 10
11.451299837867827
 20
-15.754830995202221
 30
0.0
 11
11.199987966629768
 21
-15.720399672014716
 31
0.0
  0
LINE
  5
9DF
330
17
100
AcDbEntity
  8
ENGRAVE_POLARS
100
AcDbLine
 10
11.199987966629768
 20
-15.720399672014716
 30
0.0
 11
10.93359938299025
 21
-15.66565245282404
 31
0.0
  0
LINE
  5
9E0
330
17
100
AcDbEntity
  8
ENGRAVE_POLARS
100
AcDbLine
 10
10.93359938299025
 20
-15.66565245282404
 30
0.0
 11
10.65339503854986
 21
-15.595904336388177
 31
0.0
  0
LINE
  5
9E1
330
17
100
AcDbEntity
  8
ENGRAVE_POLARS
100
AcDbLine
 10
10.65339503854986
 20
-15.595904336388177
 30
0.0
 11
10.360635884909184
 21
-15.516470321465128
 31
0.0
  0
LINE
  5
9E2
330
17
100
AcDbEntity
  8
ENGRAVE_POLARS
100
AcDbLine
 10
10.360635884909184
 20
-15.516470321465128
 30
0.0
 11
10.05658287366882
 21
-15.432665406812887
 31
0.0
  0
LINE
  5
9E3
330
17
100
AcDbEntity
  8
ENGRAVE_POLARS
100
AcDbLine
 10
10.05658287366882
 20
-15.432665406812887
 30
0.0
 11
9.742496956429353
 21
-15.34980459118945
 31
0.0
  0
LINE
  5
9E4
330
17
100
AcDbEntity
  8
ENGRAVE_POLARS
100
AcDbLine
 10
9.742496956429353
 20
-15.34980459118945
 30
0.0
 11
9.41963908479137
 21
-15.27320287335281
 31
0.0
  0
LINE
  5
9E5
330
17
100
AcDbEntity
  8
ENGRAVE_POLARS
100
AcDbLine
 10
9.41963908479137
 20
-15.27320287335281
 30
0.0
 11
9.089270210355462
 21
-15.20817525206096
 31
0.0
  0
LINE
  5
9E6
330
17
100
AcDbEntity
  8
ENGRAVE_POLARS
100
AcDbLine
 10
9.089270210355462
 20
-15.20817525206096
 30
0.0
 11
8.752651284722221
 21
-15.1600367260719
 31
0.0
  0
LINE
  5
9E7
330
17
100
AcDbEntity
  8
ENGRAVE_POLARS
100
AcDbLine
 10
8.752651284722221
 20
-15.1600367260719
 30
0.0
 11
8.401052366250681
 21
-15.122419787032877
 31
0.0
  0
LINE
  5
9E8
330
17
100
AcDbEntity
  8
ENGRAVE_POLARS
100
AcDbLine
 10
8.401052366250681
 20
-15.122419787032877
 30
0.0
 11
8.027542453968683
 21
-15.08547420371071
 31
0.0
  0
LINE
  5
9E9
330
17
100
AcDbEntity
  8
ENGRAVE_POLARS
100
AcDbLine
 10
8.027542453968683
 20
-15.08547420371071
 30
0.0
 11
7.636080910480008
 21
-15.049290890542704
 31
0.0
  0
LINE
  5
9EA
330
17
100
AcDbEntity
  8
ENGRAVE_POLARS
100
AcDbLine
 10
7.636080910480008
 20
-15.049290890542704
 30
0.0
 11
7.230627098388442
 21
-15.013960761966182
 31
0.0
  0
LINE
  5
9EB
330
17
100
AcDbEntity
  8
ENGRAVE_POLARS
100
AcDbLine
 10
7.230627098388442
 20
-15.013960761966182
 30
0.0
 11
6.815140380297777
 21
-14.979574732418465
 31
0.0
  0
LINE
  5
9EC
330
17
100
AcDbEntity
  8
ENGRAVE_POLARS
100
AcDbLine
 10
6.815140380297777
 20
-14.979574732418465
 30
0.0
 11
6.3935801188117924
 21
-14.946223716336865
 31
0.0
  0
LINE
  5
9ED
330
17
100
AcDbEntity
  8
ENGRAVE_POLARS
100
AcDbLine
 10
6.3935801188117924
 20
-14.946223716336865
 30
0.0
 11
5.969905676534276
 21
-14.913998628158705
 31
0.0
  0
LINE
  5
9EE
330
17
100
AcDbEntity
  8
ENGRAVE_POLARS
100
AcDbLine
 10
5.969905676534276
 20
-14.913998628158705
 30
0.0
 11
5.548076416069014
 21
-14.882990382321303
 31
0.0
  0
LINE
  5
9EF
330
17
100
AcDbEntity
  8
ENGRAVE_POLARS
100
AcDbLine
 10
5.548076416069014
 20
-14.882990382321303
 30
0.0
 11
5.132051700019794
 21
-14.853289893261978
 31
0.0
  0
LINE
  5
9F0
330
17
100
AcDbEntity
  8
ENGRAVE_POLARS
100
AcDbLine
 10
5.132051700019794
 20
-14.853289893261978
 30
0.0
 11
4.725790890990398
 21
-14.824988075418046
 31
0.0
  0
LINE
  5
9F1
330
17
100
AcDbEntity
  8
ENGRAVE_POLARS
100
AcDbLine
 10
4.725790890990398
 20
-14.824988075418046
 30
0.0
 11
4.333253351584614
 21
-14.798175843226824
 31
0.0
  0
LINE
  5
9F2
330
17
100
AcDbEntity
  8
ENGRAVE_POLARS
100
AcDbLine
 10
4.333253351584614
 20
-14.798175843226824
 30
0.0
 11
3.9583984444062277
 21
-14.772944111125634
 31
0.0
  0
LINE
  5
9F3
330
17
100
AcDbEntity
  8
ENGRAVE_POLARS
100
AcDbLine
 10
3.9583984444062277
 20
-14.772944111125634
 30
0.0
 11
3.5866682601520194
 21
-14.749153523702802
 31
0.0
  0
LINE
  5
9F4
330
17
100
AcDbEntity
  8
ENGRAVE_POLARS
100
AcDbLine
 10
3.5866682601520194
 20
-14.749153523702802
 30
0.0
 11
3.2044793700612657
 21
-14.726616220855648
 31
0.0
  0
LINE
  5
9F5
330
17
100
AcDbEntity
  8
ENGRAVE_POLARS
100
AcDbLine
 10
3.2044793700612657
 20
-14.726616220855648
 30
0.0
 11
2.817252857551495
 21
-14.705350359984969
 31
0.0
  0
LINE
  5
9F6
330
17
100
AcDbEntity
  8
ENGRAVE_POLARS
100
AcDbLine
 10
2.817252857551495
 20
-14.705350359984969
 30
0.0
 11
2.430409806040235
 21
-14.685374098491565
 31
0.0
  0
LINE
  5
9F7
330
17
100
AcDbEntity
  8
ENGRAVE_POLARS
100
AcDbLine
 10
2.430409806040235
 20
-14.685374098491565
 30
0.0
 11
2.049371298945016
 21
-14.666705593776241
 31
0.0
  0
LINE
  5
9F8
330
17
100
AcDbEntity
  8
ENGRAVE_POLARS
100
AcDbLine
 10
2.049371298945016
 20
-14.666705593776241
 30
0.0
 11
1.679558419683365
 21
-14.649363003239786
 31
0.0
  0
LINE
  5
9F9
330
17
100
AcDbEntity
  8
ENGRAVE_POLARS
100
AcDbLine
 10
1.679558419683365
 20
-14.649363003239786
 30
0.0
 11
1.326392251672811
 21
-14.633364484283007
 31
0.0
  0
LINE
  5
9FA
330
17
100
AcDbEntity
  8
ENGRAVE_POLARS
100
AcDbLine
 10
1.326392251672811
 20
-14.633364484283007
 30
0.0
 11
0.9952938783308831
 21
-14.618728194306705
 31
0.0
  0
LINE
  5
9FB
330
17
100
AcDbEntity
  8
ENGRAVE_POLARS
100
AcDbLine
 10
0.9952938783308831
 20
-14.618728194306705
 30
0.0
 11
0.6916843830751104
 21
-14.605472290711674
 31
0.0
  0
LINE
  5
9FC
330
17
100
AcDbEntity
  8
ENGRAVE_POLARS
100
AcDbLine
 10
0.6916843830751104
 20
-14.605472290711674
 30
0.0
 11
0.4209848493230197
 21
-14.593614930898719
 31
0.0
  0
LINE
  5
9FD
330
17
100
AcDbEntity
  8
ENGRAVE_POLARS
100
AcDbLine
 10
0.4209848493230197
 20
-14.593614930898719
 30
0.0
 11
0.18861636049214045
 21
-14.583174272268632
 31
0.0
  0
LINE
  5
9FE
330
17
100
AcDbEntity
  8
ENGRAVE_POLARS
100
AcDbLine
 10
0.18861636049214045
 20
-14.583174272268632
 30
0.0
 11
1.7848208769741216e-15
 21
-14.574168472222222
 31
0.0
  0
LINE
  5
9FF
330
17
100
AcDbEntity
  8
ENGRAVE_POLARS
100
AcDbLine
 10
-6.75261358857051
 20
7.857209296312617
 30
0.0
 11
-6.865222361098222
 21
7.8188891241317515
 31
0.0
  0
LINE
  5
A00
330
17
100
AcDbEntity
  8
ENGRAVE_POLARS
100
AcDbLine
 10
-6.865222361098222
 20
7.8188891241317515
 30
0.0
 11
-7.0106495297399105
 21
7.772288295250327
 31
0.0
  0
LINE
  5
A01
330
17
100
AcDbEntity
  8
ENGRAVE_POLARS
100
AcDbLine
 10
-7.0106495297399105
 20
7.772288295250327
 30
0.0
 11
-7.183194483049549
 21
7.718284400029064
 31
0.0
  0
LINE
  5
A02
330
17
100
AcDbEntity
  8
ENGRAVE_POLARS
100
AcDbLine
 10
-7.183194483049549
 20
7.718284400029064
 30
0.0
 11
-7.377156609581111
 21
7.657755028828687
 31
0.0
  0
LINE
  5
A03
330
17
100
AcDbEntity
  8
ENGRAVE_POLARS
100
AcDbLine
 10
-7.377156609581111
 20
7.657755028828687
 30
0.0
 11
-7.586835297888572
 21
7.59157777200992
 31
0.0
  0
LINE
  5
A04
330
17
100
AcDbEntity
  8
ENGRAVE_POLARS
100
AcDbLine
 10
-7.586835297888572
 20
7.59157777200992
 30
0.0
 11
-7.8065299365259015
 21
7.5206302199334845
 31
0.0
  0
LINE
  5
A05
330
17
100
AcDbEntity
  8
ENGRAVE_POLARS
100
AcDbLine
 10
-7.8065299365259015
 20
7.5206302199334845
 30
0.0
 11
-8.030539914047072
 21
7.445789962960106
 31
0.0
  0
LINE
  5
A06
330
17
100
AcDbEntity
  8
ENGRAVE_POLARS
100
AcDbLine
 10
-8.030539914047072
 20
7.445789962960106
 30
0.0
 11
-8.253164619006062
 21
7.3679345914505046
 31
0.0
  0
LINE
  5
A07
330
17
100
AcDbEntity
  8
ENGRAVE_POLARS
100
AcDbLine
 10
-8.253164619006062
 20
7.3679345914505046
 30
0.0
 11
-8.468703439956842
 21
7.287941695765408
 31
0.0
  0
LINE
  5
A08
330
17
100
AcDbEntity
  8
ENGRAVE_POLARS
100
AcDbLine
 10
-8.468703439956842
 20
7.287941695765408
 30
0.0
 11
-8.671455765453384
 21
7.206688866265536
 31
0.0
  0
LINE
  5
A09
330
17
100
AcDbEntity
  8
ENGRAVE_POLARS
100
AcDbLine
 10
-8.671455765453384
 20
7.206688866265536
 30
0.0
 11
-8.85572098404966
 21
7.125053693311613
 31
0.0
  0
LINE
  5
A0A
330
17
100
AcDbEntity
  8
ENGRAVE_POLARS
100
AcDbLine
 10
-8.85572098404966
 20
7.125053693311613
 30
0.0
 11
-9.015798484299648
 21
7.043913767264362
 31
0.0
  0
LINE
  5
A0B
330
17
100
AcDbEntity
  8
ENGRAVE_POLARS
100
AcDbLine
 10
-9.015798484299648
 20
7.043913767264362
 30
0.0
 11
-9.154641337070997
 21
6.96306093934419
 31
0.0
  0
LINE
  5
A0C
330
17
100
AcDbEntity
  8
ENGRAVE_POLARS
100
AcDbLine
 10
-9.154641337070997
 20
6.96306093934419
 30
0.0
 11
-9.2803476181297
 21
6.881405379934202
 31
0.0
  0
LINE
  5
A0D
330
17
100
AcDbEntity
  8
ENGRAVE_POLARS
100
AcDbLine
 10
-9.2803476181297
 20
6.881405379934202
 30
0.0
 11
-9.394934223377236
 21
6.79850215813917
 31
0.0
  0
LINE
  5
A0E
330
17
100
AcDbEntity
  8
ENGRAVE_POLARS
100
AcDbLine
 10
-9.394934223377236
 20
6.79850215813917
 30
0.0
 11
-9.500418048715082
 21
6.713906343063869
 31
0.0
  0
LINE
  5
A0F
330
17
100
AcDbEntity
  8
ENGRAVE_POLARS
100
AcDbLine
 10
-9.500418048715082
 20
6.713906343063869
 30
0.0
 11
-9.598815990044718
 21
6.627173003813071
 31
0.0
  0
LINE
  5
A10
330
17
100
AcDbEntity
  8
ENGRAVE_POLARS
100
AcDbLine
 10
-9.598815990044718
 20
6.627173003813071
 30
0.0
 11
-9.692144943267621
 21
6.537857209491546
 31
0.0
  0
LINE
  5
A11
330
17
100
AcDbEntity
  8
ENGRAVE_POLARS
100
AcDbLine
 10
-9.692144943267621
 20
6.537857209491546
 30
0.0
 11
-9.782421804285272
 21
6.445514029204069
 31
0.0
  0
LINE
  5
A12
330
17
100
AcDbEntity
  8
ENGRAVE_POLARS
100
AcDbLine
 10
-9.782421804285272
 20
6.445514029204069
 30
0.0
 11
-9.87166346899915
 21
6.349698532055413
 31
0.0
  0
LINE
  5
A13
330
17
100
AcDbEntity
  8
ENGRAVE_POLARS
100
AcDbLine
 10
-9.87166346899915
 20
6.349698532055413
 30
0.0
 11
-9.96188683331073
 21
6.249965787150351
 31
0.0
  0
LINE
  5
A14
330
17
100
AcDbEntity
  8
ENGRAVE_POLARS
100
AcDbLine
 10
-9.96188683331073
 20
6.249965787150351
 30
0.0
 11
-10.055108793121496
 21
6.145870863593653
 31
0.0
  0
LINE
  5
A15
330
17
100
AcDbEntity
  8
ENGRAVE_POLARS
100
AcDbLine
 10
-10.055108793121496
 20
6.145870863593653
 30
0.0
 11
-10.153346244332923
 21
6.0369688304900935
 31
0.0
  0
LINE
  5
A16
330
17
100
AcDbEntity
  8
ENGRAVE_POLARS
100
AcDbLine
 10
-10.153346244332923
 20
6.0369688304900935
 30
0.0
 11
-10.258616082846489
 21
5.922814756944446
 31
0.0
  0
LINE
  5
A17
330
17
100
AcDbEntity
  8
ENGRAVE_POLARS
100
AcDbLine
 10
-10.258616082846489
 20
5.922814756944446
 30
0.0
 11
-10.371538121671325
 21
5.799822423110741
 31
0.0
  0
LINE
  5
A18
330
17
100
AcDbEntity
  8
ENGRAVE_POLARS
100
AcDbLine
 10
-10.371538121671325
 20
5.799822423110741
 30
0.0
 11
-10.490306537193444
 21
5.666195068245434
 31
0.0
  0
LINE
  5
A19
330
17
100
AcDbEntity
  8
ENGRAVE_POLARS
100
AcDbLine
 10
-10.490306537193444
 20
5.666195068245434
 30
0.0
 11
-10.613299770379653
 21
5.524171950106923
 31
0.0
  0
LINE
  5
A1A
330
17
100
AcDbEntity
  8
ENGRAVE_POLARS
100
AcDbLine
 10
-10.613299770379653
 20
5.524171950106923
 30
0.0
 11
-10.738896262196759
 21
5.375992326453603
 31
0.0
  0
LINE
  5
A1B
330
17
100
AcDbEntity
  8
ENGRAVE_POLARS
100
AcDbLine
 10
-10.738896262196759
 20
5.375992326453603
 30
0.0
 11
-10.865474453611572
 21
5.223895455043878
 31
0.0
  0
LINE
  5
A1C
330
17
100
AcDbEntity
  8
ENGRAVE_POLARS
100
AcDbLine
 10
-10.865474453611572
 20
5.223895455043878
 30
0.0
 11
-10.991412785590896
 21
5.070120593636144
 31
0.0
  0
LINE
  5
A1D
330
17
100
AcDbEntity
  8
ENGRAVE_POLARS
100
AcDbLine
 10
-10.991412785590896
 20
5.070120593636144
 30
0.0
 11
-11.115089699101535
 21
4.9169069999888
 31
0.0
  0
LINE
  5
A1E
330
17
100
AcDbEntity
  8
ENGRAVE_POLARS
100
AcDbLine
 10
-11.115089699101535
 20
4.9169069999888
 30
0.0
 11
-11.234883635110302
 21
4.766493931860247
 31
0.0
  0
LINE
  5
A1F
330
17
100
AcDbEntity
  8
ENGRAVE_POLARS
100
AcDbLine
 10
-11.234883635110302
 20
4.766493931860247
 30
0.0
 11
-11.349173034584002
 21
4.621120647008884
 31
0.0
  0
LINE
  5
A20
330
17
100
AcDbEntity
  8
ENGRAVE_POLARS
100
AcDbLine
 10
-11.349173034584002
 20
4.621120647008884
 30
0.0
 11
-11.456336338489441
 21
4.483026403193108
 31
0.0
  0
LINE
  5
A21
330
17
100
AcDbEntity
  8
ENGRAVE_POLARS
100
AcDbLine
 10
-11.456336338489441
 20
4.483026403193108
 30
0.0
 11
-11.554751987793425
 21
4.354450458171319
 31
0.0
  0
LINE
  5
A22
330
17
100
AcDbEntity
  8
ENGRAVE_POLARS
100
AcDbLine
 10
-11.554751987793425
 20
4.354450458171319
 30
0.0
 11
-11.642798423462764
 21
4.237632069701915
 31
0.0
  0
LINE
  5
A23
330
17
100
AcDbEntity
  8
ENGRAVE_POLARS
100
AcDbLine
 10
-11.642798423462764
 20
4.237632069701915
 30
0.0
 11
-11.720082871774895
 21
4.132492688925803
 31
0.0
  0
LINE
  5
A24
330
17
100
AcDbEntity
  8
ENGRAVE_POLARS
100
AcDbLine
 10
-11.720082871774895
 20
4.132492688925803
 30
0.0
 11
-11.788124359306222
 21
4.036539503559849
 31
0.0
  0
LINE
  5
A25
330
17
100
AcDbEntity
  8
ENGRAVE_POLARS
100
AcDbLine
 10
-11.788124359306222
 20
4.036539503559849
 30
0.0
 11
-11.848169027471986
 21
3.9483903762263974
 31
0.0
  0
LINE
  5
A26
330
17
100
AcDbEntity
  8
ENGRAVE_POLARS
100
AcDbLine
 10
-11.848169027471986
 20
3.9483903762263974
 30
0.0
 11
-11.901463017687437
 21
3.8666631695477918
 31
0.0
  0
LINE
  5
A27
330
17
100
AcDbEntity
  8
ENGRAVE_POLARS
100
AcDbLine
 10
-11.901463017687437
 20
3.8666631695477918
 30
0.0
 11
-11.949252471367819
 21
3.789975746146375
 31
0.0
  0
LINE
  5
A28
330
17
100
AcDbEntity
  8
ENGRAVE_POLARS
100
AcDbLine
 10
-11.949252471367819
 20
3.789975746146375
 30
0.0
 11
-11.992783529928383
 21
3.7169459686444912
 31
0.0
  0
LINE
  5
A29
330
17
100
AcDbEntity
  8
ENGRAVE_POLARS
100
AcDbLine
 10
-11.992783529928383
 20
3.7169459686444912
 30
0.0
 11
-12.03330233478437
 21
3.6461916996644814
 31
0.0
  0
LINE
  5
A2A
330
17
100
AcDbEntity
  8
ENGRAVE_POLARS
100
AcDbLine
 10
-12.03330233478437
 20
3.6461916996644814
 30
0.0
 11
-12.072055027351029
 21
3.57633080182869
 31
0.0
  0
LINE
  5
A2B
330
17
100
AcDbEntity
  8
ENGRAVE_POLARS
100
AcDbLine
 10
-12.072055027351029
 20
3.57633080182869
 30
0.0
 11
-12.110287749043607
 21
3.5059811377594623
 31
0.0
  0
LINE
  5
A2C
330
17
100
AcDbEntity
  8
ENGRAVE_POLARS
100
AcDbLine
 10
-12.110287749043607
 20
3.5059811377594623
 30
0.0
 11
-12.149246641277353
 21
3.4337605700791385
 31
0.0
  0
LINE
  5
A2D
330
17
100
AcDbEntity
  8
ENGRAVE_POLARS
100
AcDbLine
 10
-12.149246641277353
 20
3.4337605700791385
 30
0.0
 11
-12.190177845467506
 21
3.358286961410063
 31
0.0
  0
LINE
  5
A2E
330
17
100
AcDbEntity
  8
ENGRAVE_POLARS
100
AcDbLine
 10
-12.190177845467506
 20
3.358286961410063
 30
0.0
 11
-12.23432750302932
 21
3.2781781743745797
 31
0.0
  0
LINE
  5
A2F
330
17
100
AcDbEntity
  8
ENGRAVE_POLARS
100
AcDbLine
 10
-12.23432750302932
 20
3.2781781743745797
 30
0.0
 11
-12.279142938914081
 21
3.1987010304386403
 31
0.0
  0
LINE
  5
A30
330
17
100
AcDbEntity
  8
ENGRAVE_POLARS
100
AcDbLine
 10
-12.279142938914081
 20
3.1987010304386403
 30
0.0
 11
-12.321640296546885
 21
3.1247149294925687
 31
0.0
  0
LINE
  5
A31
330
17
100
AcDbEntity
  8
ENGRAVE_POLARS
100
AcDbLine
 10
-12.321640296546885
 20
3.1247149294925687
 30
0.0
 11
-12.362418945053692
 21
3.054226601795262
 31
0.0
  0
LINE
  5
A32
330
17
100
AcDbEntity
  8
ENGRAVE_POLARS
100
AcDbLine
 10
-12.362418945053692
 20
3.054226601795262
 30
0.0
 11
-12.402078253560461
 21
2.9852427776056194
 31
0.0
  0
LINE
  5
A33
330
17
100
AcDbEntity
  8
ENGRAVE_POLARS
100
AcDbLine
 10
-12.402078253560461
 20
2.9852427776056194
 30
0.0
 11
-12.441217591193148
 21
2.915770187182538
 31
0.0
  0
LINE
  5
A34
330
17
100
AcDbEntity
  8
ENGRAVE_POLARS
100
AcDbLine
 10
-12.441217591193148
 20
2.915770187182538
 30
0.0
 11
-12.48043632707771
 21
2.843815560784918
 31
0.0
  0
LINE
  5
A35
330
17
100
AcDbEntity
  8
ENGRAVE_POLARS
100
AcDbLine
 10
-12.48043632707771
 20
2.843815560784918
 30
0.0
 11
-12.520333830340109
 21
2.767385628671655
 31
0.0
  0
LINE
  5
A36
330
17
100
AcDbEntity
  8
ENGRAVE_POLARS
100
AcDbLine
 10
-12.520333830340109
 20
2.767385628671655
 30
0.0
 11
-12.561509470106298
 21
2.6844871211016486
 31
0.0
  0
LINE
  5
A37
330
17
100
AcDbEntity
  8
ENGRAVE_POLARS
100
AcDbLine
 10
-12.561509470106298
 20
2.6844871211016486
 30
0.0
 11
-12.604562615502243
 21
2.5931267683337977
 31
0.0
  0
LINE
  5
A38
330
17
100
AcDbEntity
  8
ENGRAVE_POLARS
100
AcDbLine
 10
-12.604562615502243
 20
2.5931267683337977
 30
0.0
 11
-12.650092635653893
 21
2.4913113006269993
 31
0.0
  0
LINE
  5
A39
330
17
100
AcDbEntity
  8
ENGRAVE_POLARS
100
AcDbLine
 10
-12.650092635653893
 20
2.4913113006269993
 30
0.0
 11
-12.698698899687207
 21
2.377047448240152
 31
0.0
  0
LINE
  5
A3A
330
17
100
AcDbEntity
  8
ENGRAVE_POLARS
100
AcDbLine
 10
-12.698698899687207
 20
2.377047448240152
 30
0.0
 11
-12.750980776728152
 21
2.2483419414321535
 31
0.0
  0
LINE
  5
A3B
330
17
100
AcDbEntity
  8
ENGRAVE_POLARS
100
AcDbLine
 10
-12.750980776728152
 20
2.2483419414321535
 30
0.0
 11
-12.809817724593657
 21
2.1120914857796893
 31
0.0
  0
LINE
  5
A3C
330
17
100
AcDbEntity
  8
ENGRAVE_POLARS
100
AcDbLine
 10
-12.809817724593657
 20
2.1120914857796893
 30
0.0
 11
-12.876388268302547
 21
1.9748593700036692
 31
0.0
  0
LINE
  5
A3D
330
17
100
AcDbEntity
  8
ENGRAVE_POLARS
100
AcDbLine
 10
-12.876388268302547
 20
1.9748593700036692
 30
0.0
 11
-12.94874037778361
 21
1.8341521990793301
 31
0.0
  0
LINE
  5
A3E
330
17
100
AcDbEntity
  8
ENGRAVE_POLARS
100
AcDbLine
 10
-12.94874037778361
 20
1.8341521990793301
 30
0.0
 11
-13.024922022965633
 21
1.6874765779819088
 31
0.0
  0
LINE
  5
A3F
330
17
100
AcDbEntity
  8
ENGRAVE_POLARS
100
AcDbLine
 10
-13.024922022965633
 20
1.6874765779819088
 30
0.0
 11
-13.102981173777408
 21
1.5323391116866425
 31
0.0
  0
LINE
  5
A40
330
17
100
AcDbEntity
  8
ENGRAVE_POLARS
100
AcDbLine
 10
-13.102981173777408
 20
1.5323391116866425
 30
0.0
 11
-13.180965800147725
 21
1.3662464051687673
 31
0.0
  0
LINE
  5
A41
330
17
100
AcDbEntity
  8
ENGRAVE_POLARS
100
AcDbLine
 10
-13.180965800147725
 20
1.3662464051687673
 30
0.0
 11
-13.256923872005366
 21
1.1867050634035206
 31
0.0
  0
LINE
  5
A42
330
17
100
AcDbEntity
  8
ENGRAVE_POLARS
100
AcDbLine
 10
-13.256923872005366
 20
1.1867050634035206
 30
0.0
 11
-13.328903359279128
 21
0.9912216913661389
 31
0.0
  0
LINE
  5
A43
330
17
100
AcDbEntity
  8
ENGRAVE_POLARS
100
AcDbLine
 10
-13.328903359279128
 20
0.9912216913661389
 30
0.0
 11
-13.394952231897795
 21
0.7773028940318596
 31
0.0
  0
LINE
  5
A44
330
17
100
AcDbEntity
  8
ENGRAVE_POLARS
100
AcDbLine
 10
-13.394952231897795
 20
0.7773028940318596
 30
0.0
 11
-13.453118459790154
 21
0.5424552763759187
 31
0.0
  0
LINE
  5
A45
330
17
100
AcDbEntity
  8
ENGRAVE_POLARS
100
AcDbLine
 10
-13.453118459790154
 20
0.5424552763759187
 30
0.0
 11
-13.501450012884996
 21
0.28418544337355345
 31
0.0
  0
LINE
  5
A46
330
17
100
AcDbEntity
  8
ENGRAVE_POLARS
100
AcDbLine
 10
-13.501450012884996
 20
0.28418544337355345
 30
0.0
 11
-13.537994861111112
 21
8.28963103676652e-16
 31
0.0
  0
LINE
  5
A47
330
17
100
AcDbEntity
  8
ENGRAVE_POLARS
100
AcDbLine
 10
-13.537994861111112
 20
8.28963103676652e-16
 30
0.0
 11
-13.561774091730125
 21
-0.3219108844889427
 31
0.0
  0
LINE
  5
A48
330
17
100
AcDbEntity
  8
ENGRAVE_POLARS
100
AcDbLine
 10
-13.561774091730125
 20
-0.3219108844889427
 30
0.0
 11
-13.57429424762258
 21
-0.6863424896307556
 31
0.0
  0
LINE
  5
A49
330
17
100
AcDbEntity
  8
ENGRAVE_POLARS
100
AcDbLine
 10
-13.57429424762258
 20
-0.6863424896307556
 30
0.0
 11
-13.577331482145627
 21
-1.085266383640114
 31
0.0
  0
LINE
  5
A4A
330
17
100
AcDbEntity
  8
ENGRAVE_POLARS
100
AcDbLine
 10
-13.577331482145627
 20
-1.085266383640114
 30
0.0
 11
-13.572661948656423
 21
-1.5106541347316944
 31
0.0
  0
LINE
  5
A4B
330
17
100
AcDbEntity
  8
ENGRAVE_POLARS
100
AcDbLine
 10
-13.572661948656423
 20
-1.5106541347316944
 30
0.0
 11
-13.56206180051213
 21
-1.9544773111201728
 31
0.0
  0
LINE
  5
A4C
330
17
100
AcDbEntity
  8
ENGRAVE_POLARS
100
AcDbLine
 10
-13.56206180051213
 20
-1.9544773111201728
 30
0.0
 11
-13.547307191069892
 21
-2.408707481020225
 31
0.0
  0
LINE
  5
A4D
330
17
100
AcDbEntity
  8
ENGRAVE_POLARS
100
AcDbLine
 10
-13.547307191069892
 20
-2.408707481020225
 30
0.0
 11
-13.530174273686875
 21
-2.865316212646528
 31
0.0
  0
LINE
  5
A4E
330
17
100
AcDbEntity
  8
ENGRAVE_POLARS
100
AcDbLine
 10
-13.530174273686875
 20
-2.865316212646528
 30
0.0
 11
-13.512439201720225
 21
-3.316275074213758
 31
0.0
  0
LINE
  5
A4F
330
17
100
AcDbEntity
  8
ENGRAVE_POLARS
100
AcDbLine
 10
-13.512439201720225
 20
-3.316275074213758
 30
0.0
 11
-13.495878128527108
 21
-3.753555633936591
 31
0.0
  0
LINE
  5
A50
330
17
100
AcDbEntity
  8
ENGRAVE_POLARS
100
AcDbLine
 10
-13.495878128527108
 20
-3.753555633936591
 30
0.0
 11
-13.48226720746467
 21
-4.169129460029703
 31
0.0
  0
LINE
  5
A51
330
17
100
AcDbEntity
  8
ENGRAVE_POLARS
100
AcDbLine
 10
-13.48226720746467
 20
-4.169129460029703
 30
0.0
 11
-13.473382591890072
 21
-4.554968120707771
 31
0.0
  0
LINE
  5
A52
330
17
100
AcDbEntity
  8
ENGRAVE_POLARS
100
AcDbLine
 10
-13.473382591890072
 20
-4.554968120707771
 30
0.0
 11
-13.47100043516047
 21
-4.90304318418547
 31
0.0
  0
LINE
  5
A53
330
17
100
AcDbEntity
  8
ENGRAVE_POLARS
100
AcDbLine
 10
-13.47100043516047
 20
-4.90304318418547
 30
0.0
 11
-13.474842250956929
 21
-5.20846020708958
 31
0.0
  0
LINE
  5
A54
330
17
100
AcDbEntity
  8
ENGRAVE_POLARS
100
AcDbLine
 10
-13.474842250956929
 20
-5.20846020708958
 30
0.0
 11
-13.482793198868695
 21
-5.4768628328574955
 31
0.0
  0
LINE
  5
A55
330
17
100
AcDbEntity
  8
ENGRAVE_POLARS
100
AcDbLine
 10
-13.482793198868695
 20
-5.4768628328574955
 30
0.0
 11
-13.493874901115172
 21
-5.716029759919813
 31
0.0
  0
LINE
  5
A56
330
17
100
AcDbEntity
  8
ENGRAVE_POLARS
100
AcDbLine
 10
-13.493874901115172
 20
-5.716029759919813
 30
0.0
 11
-13.507108979915765
 21
-5.933739686707136
 31
0.0
  0
LINE
  5
A57
330
17
100
AcDbEntity
  8
ENGRAVE_POLARS
100
AcDbLine
 10
-13.507108979915765
 20
-5.933739686707136
 30
0.0
 11
-13.521517057489891
 21
-6.137771311650061
 31
0.0
  0
LINE
  5
A58
330
17
100
AcDbEntity
  8
ENGRAVE_POLARS
100
AcDbLine
 10
-13.521517057489891
 20
-6.137771311650061
 30
0.0
 11
-13.536120756056949
 21
-6.335903333179189
 31
0.0
  0
LINE
  5
A59
330
17
100
AcDbEntity
  8
ENGRAVE_POLARS
100
AcDbLine
 10
-13.536120756056949
 20
-6.335903333179189
 30
0.0
 11
-13.549941697836351
 21
-6.5359144497251185
 31
0.0
  0
LINE
  5
A5A
330
17
100
AcDbEntity
  8
ENGRAVE_POLARS
100
AcDbLine
 10
-13.549941697836351
 20
-6.5359144497251185
 30
0.0
 11
-13.562001505047505
 21
-6.74558335971845
 31
0.0
  0
LINE
  5
A5B
330
17
100
AcDbEntity
  8
ENGRAVE_POLARS
100
AcDbLine
 10
-13.562001505047505
 20
-6.74558335971845
 30
0.0
 11
-13.57132179990982
 21
-6.972688761589781
 31
0.0
  0
LINE
  5
A5C
330
17
100
AcDbEntity
  8
ENGRAVE_POLARS
100
AcDbLine
 10
-13.57132179990982
 20
-6.972688761589781
 30
0.0
 11
-13.576924204642703
 21
-7.225009353769714
 31
0.0
  0
LINE
  5
A5D
330
17
100
AcDbEntity
  8
ENGRAVE_POLARS
100
AcDbLine
 10
-13.576924204642703
 20
-7.225009353769714
 30
0.0
 11
-13.57783034146556
 21
-7.510323834688844
 31
0.0
  0
LINE
  5
A5E
330
17
100
AcDbEntity
  8
ENGRAVE_POLARS
100
AcDbLine
 10
-13.57783034146556
 20
-7.510323834688844
 30
0.0
 11
-13.573061832597805
 21
-7.836410902777774
 31
0.0
  0
LINE
  5
A5F
330
17
100
AcDbEntity
  8
ENGRAVE_POLARS
100
AcDbLine
 10
-13.573061832597805
 20
-7.836410902777774
 30
0.0
 11
-13.565324657541462
 21
-8.211868715287325
 31
0.0
  0
LINE
  5
A60
330
17
100
AcDbEntity
  8
ENGRAVE_POLARS
100
AcDbLine
 10
-13.565324657541462
 20
-8.211868715287325
 30
0.0
 11
-13.557408124467562
 21
-8.63368297399828
 31
0.0
  0
LINE
  5
A61
330
17
100
AcDbEntity
  8
ENGRAVE_POLARS
100
AcDbLine
 10
-13.557408124467562
 20
-8.63368297399828
 30
0.0
 11
-13.548458848599008
 21
-9.092213694136166
 31
0.0
  0
LINE
  5
A62
330
17
100
AcDbEntity
  8
ENGRAVE_POLARS
100
AcDbLine
 10
-13.548458848599008
 20
-9.092213694136166
 30
0.0
 11
-13.537623445158712
 21
-9.577820890926523
 31
0.0
  0
LINE
  5
A63
330
17
100
AcDbEntity
  8
ENGRAVE_POLARS
100
AcDbLine
 10
-13.537623445158712
 20
-9.577820890926523
 30
0.0
 11
-13.524048529369573
 21
-10.08086457959488
 31
0.0
  0
LINE
  5
A64
330
17
100
AcDbEntity
  8
ENGRAVE_POLARS
100
AcDbLine
 10
-13.524048529369573
 20
-10.08086457959488
 30
0.0
 11
-13.506880716454498
 21
-10.59170477536677
 31
0.0
  0
LINE
  5
A65
330
17
100
AcDbEntity
  8
ENGRAVE_POLARS
100
AcDbLine
 10
-13.506880716454498
 20
-10.59170477536677
 30
0.0
 11
-13.485266621636397
 21
-11.100701493467724
 31
0.0
  0
LINE
  5
A66
330
17
100
AcDbEntity
  8
ENGRAVE_POLARS
100
AcDbLine
 10
-13.485266621636397
 20
-11.100701493467724
 30
0.0
 11
-13.458352860138174
 21
-11.598214749123283
 31
0.0
  0
LINE
  5
A67
330
17
100
AcDbEntity
  8
ENGRAVE_POLARS
100
AcDbLine
 10
-13.458352860138174
 20
-11.598214749123283
 30
0.0
 11
-13.425286047182736
 21
-12.074604557558972
 31
0.0
  0
LINE
  5
A68
330
17
100
AcDbEntity
  8
ENGRAVE_POLARS
100
AcDbLine
 10
-13.425286047182736
 20
-12.074604557558972
 30
0.0
 11
-13.385212797992985
 21
-12.52023093400033
 31
0.0
  0
LINE
  5
A69
330
17
100
AcDbEntity
  8
ENGRAVE_POLARS
100
AcDbLine
 10
-13.385212797992985
 20
-12.52023093400033
 30
0.0
 11
-13.33727972779183
 21
-12.925453893672882
 31
0.0
  0
LINE
  5
A6A
330
17
100
AcDbEntity
  8
ENGRAVE_POLARS
100
AcDbLine
 10
-13.33727972779183
 20
-12.925453893672882
 30
0.0
 11
-13.280633451802174
 21
-13.28063345180217
 31
0.0
  0
LINE
  5
A6B
330
17
100
AcDbEntity
  8
ENGRAVE_POLARS
100
AcDbLine
 10
-13.280633451802174
 20
-13.28063345180217
 30
0.0
 11
-13.220359596863409
 21
-13.596646129650752
 31
0.0
  0
LINE
  5
A6C
330
17
100
AcDbEntity
  8
ENGRAVE_POLARS
100
AcDbLine
 10
-13.220359596863409
 20
-13.596646129650752
 30
0.0
 11
-13.160625436175609
 21
-13.890929696866948
 31
0.0
  0
LINE
  5
A6D
330
17
100
AcDbEntity
  8
ENGRAVE_POLARS
100
AcDbLine
 10
-13.160625436175609
 20
-13.890929696866948
 30
0.0
 11
-13.099200054502713
 21
-14.163686041254934
 31
0.0
  0
LINE
  5
A6E
330
17
100
AcDbEntity
  8
ENGRAVE_POLARS
100
AcDbLine
 10
-13.099200054502713
 20
-14.163686041254934
 30
0.0
 11
-13.033852536608666
 21
-14.415117050618877
 31
0.0
  0
LINE
  5
A6F
330
17
100
AcDbEntity
  8
ENGRAVE_POLARS
100
AcDbLine
 10
-13.033852536608666
 20
-14.415117050618877
 30
0.0
 11
-12.9623519672574
 21
-14.645424612762955
 31
0.0
  0
LINE
  5
A70
330
17
100
AcDbEntity
  8
ENGRAVE_POLARS
100
AcDbLine
 10
-12.9623519672574
 20
-14.645424612762955
 30
0.0
 11
-12.882467431212856
 21
-14.854810615491338
 31
0.0
  0
LINE
  5
A71
330
17
100
AcDbEntity
  8
ENGRAVE_POLARS
100
AcDbLine
 10
-12.882467431212856
 20
-14.854810615491338
 30
0.0
 11
-12.791968013238971
 21
-15.043476946608198
 31
0.0
  0
LINE
  5
A72
330
17
100
AcDbEntity
  8
ENGRAVE_POLARS
100
AcDbLine
 10
-12.791968013238971
 20
-15.043476946608198
 30
0.0
 11
-12.688622798099688
 21
-15.211625493917712
 31
0.0
  0
LINE
  5
A73
330
17
100
AcDbEntity
  8
ENGRAVE_POLARS
100
AcDbLine
 10
-12.688622798099688
 20
-15.211625493917712
 30
0.0
 11
-12.570200870558947
 21
-15.359458145224048
 31
0.0
  0
LINE
  5
A74
330
17
100
AcDbEntity
  8
ENGRAVE_POLARS
100
AcDbLine
 10
-12.570200870558947
 20
-15.359458145224048
 30
0.0
 11
-12.434471315380684
 21
-15.48717678833138
 31
0.0
  0
LINE
  5
A75
330
17
100
AcDbEntity
  8
ENGRAVE_POLARS
100
AcDbLine
 10
-12.434471315380684
 20
-15.48717678833138
 30
0.0
 11
-12.279203217328838
 21
-15.594983311043881
 31
0.0
  0
LINE
  5
A76
330
17
100
AcDbEntity
  8
ENGRAVE_POLARS
100
AcDbLine
 10
-12.279203217328838
 20
-15.594983311043881
 30
0.0
 11
-12.10216566116735
 21
-15.683079601165726
 31
0.0
  0
LINE
  5
A77
330
17
100
AcDbEntity
  8
ENGRAVE_POLARS
100
AcDbLine
 10
-12.10216566116735
 20
-15.683079601165726
 30
0.0
 11
-11.903649636737208
 21
-15.74148595853572
 31
0.0
  0
LINE
  5
A78
330
17
100
AcDbEntity
  8
ENGRAVE_POLARS
100
AcDbLine
 10
-11.903649636737208
 20
-15.74148595853572
 30
0.0
 11
-11.686274045103836
 21
-15.763631423628553
 31
0.0
  0
LINE
  5
A79
330
17
100
AcDbEntity
  8
ENGRAVE_POLARS
100
AcDbLine
 10
-11.686274045103836
 20
-15.763631423628553
 30
0.0
 11
-11.451299837867827
 21
-15.754830995202221
 31
0.0
  0
LINE
  5
A7A
330
17
100
AcDbEntity
  8
ENGRAVE_POLARS
100
AcDbLine
 10
-11.451299837867827
 20
-15.754830995202221
 30
0.0
 11
-11.199987966629768
 21
-15.720399672014716
 31
0.0
  0
LINE
  5
A7B
330
17
100
AcDbEntity
  8
ENGRAVE_POLARS
100
AcDbLine
 10
-11.199987966629768
 20
-15.720399672014716
 30
0.0
 11
-10.93359938299025
 21
-15.66565245282404
 31
0.0
  0
LINE
  5
A7C
330
17
100
AcDbEntity
  8
ENGRAVE_POLARS
100
AcDbLine
 10
-10.93359938299025
 20
-15.66565245282404
 30
0.0
 11
-10.65339503854986
 21
-15.595904336388177
 31
0.0
  0
LINE
  5
A7D
330
17
100
AcDbEntity
  8
ENGRAVE_POLARS
100
AcDbLine
 10
-10.65339503854986
 20
-15.595904336388177
 30
0.0
 11
-10.360635884909184
 21
-15.516470321465128
 31
0.0
  0
LINE
  5
A7E
330
17
100
AcDbEntity
  8
ENGRAVE_POLARS
100
AcDbLine
 10
-10.360635884909184
 20
-15.516470321465128
 30
0.0
 11
-10.05658287366882
 21
-15.432665406812887
 31
0.0
  0
LINE
  5
A7F
330
17
100
AcDbEntity
  8
ENGRAVE_POLARS
100
AcDbLine
 10
-10.05658287366882
 20
-15.432665406812887
 30
0.0
 11
-9.742496956429353
 21
-15.34980459118945
 31
0.0
  0
LINE
  5
A80
330
17
100
AcDbEntity
  8
ENGRAVE_POLARS
100
AcDbLine
 10
-9.742496956429353
 20
-15.34980459118945
 30
0.0
 11
-9.41963908479137
 21
-15.27320287335281
 31
0.0
  0
LINE
  5
A81
330
17
100
AcDbEntity
  8
ENGRAVE_POLARS
100
AcDbLine
 10
-9.41963908479137
 20
-15.27320287335281
 30
0.0
 11
-9.089270210355462
 21
-15.20817525206096
 31
0.0
  0
LINE
  5
A82
330
17
100
AcDbEntity
  8
ENGRAVE_POLARS
100
AcDbLine
 10
-9.089270210355462
 20
-15.20817525206096
 30
0.0
 11
-8.752651284722221
 21
-15.1600367260719
 31
0.0
  0
LINE
  5
A83
330
17
100
AcDbEntity
  8
ENGRAVE_POLARS
100
AcDbLine
 10
-8.752651284722221
 20
-15.1600367260719
 30
0.0
 11
-8.401052366250681
 21
-15.122419787032877
 31
0.0
  0
LINE
  5
A84
330
17
100
AcDbEntity
  8
ENGRAVE_POLARS
100
AcDbLine
 10
-8.401052366250681
 20
-15.122419787032877
 30
0.0
 11
-8.027542453968683
 21
-15.08547420371071
 31
0.0
  0
LINE
  5
A85
330
17
100
AcDbEntity
  8
ENGRAVE_POLARS
100
AcDbLine
 10
-8.027542453968683
 20
-15.08547420371071
 30
0.0
 11
-7.636080910480008
 21
-15.049290890542704
 31
0.0
  0
LINE
  5
A86
330
17
100
AcDbEntity
  8
ENGRAVE_POLARS
100
AcDbLine
 10
-7.636080910480008
 20
-15.049290890542704
 30
0.0
 11
-7.230627098388442
 21
-15.013960761966182
 31
0.0
  0
LINE
  5
A87
330
17
100
AcDbEntity
  8
ENGRAVE_POLARS
100
AcDbLine
 10
-7.230627098388442
 20
-15.013960761966182
 30
0.0
 11
-6.815140380297777
 21
-14.979574732418465
 31
0.0
  0
LINE
  5
A88
330
17
100
AcDbEntity
  8
ENGRAVE_POLARS
100
AcDbLine
 10
-6.815140380297777
 20
-14.979574732418465
 30
0.0
 11
-6.3935801188117924
 21
-14.946223716336865
 31
0.0
  0
LINE
  5
A89
330
17
100
AcDbEntity
  8
ENGRAVE_POLARS
100
AcDbLine
 10
-6.3935801188117924
 20
-14.946223716336865
 30
0.0
 11
-5.969905676534276
 21
-14.913998628158705
 31
0.0
  0
LINE
  5
A8A
330
17
100
AcDbEntity
  8
ENGRAVE_POLARS
100
AcDbLine
 10
-5.969905676534276
 20
-14.913998628158705
 30
0.0
 11
-5.548076416069014
 21
-14.882990382321303
 31
0.0
  0
LINE
  5
A8B
330
17
100
AcDbEntity
  8
ENGRAVE_POLARS
100
AcDbLine
 10
-5.548076416069014
 20
-14.882990382321303
 30
0.0
 11
-5.132051700019794
 21
-14.853289893261978
 31
0.0
  0
LINE
  5
A8C
330
17
100
AcDbEntity
  8
ENGRAVE_POLARS
100
AcDbLine
 10
-5.132051700019794
 20
-14.853289893261978
 30
0.0
 11
-4.725790890990398
 21
-14.824988075418046
 31
0.0
  0
LINE
  5
A8D
330
17
100
AcDbEntity
  8
ENGRAVE_POLARS
100
AcDbLine
 10
-4.725790890990398
 20
-14.824988075418046
 30
0.0
 11
-4.333253351584614
 21
-14.798175843226824
 31
0.0
  0
LINE
  5
A8E
330
17
100
AcDbEntity
  8
ENGRAVE_POLARS
100
AcDbLine
 10
-4.333253351584614
 20
-14.798175843226824
 30
0.0
 11
-3.9583984444062277
 21
-14.772944111125634
 31
0.0
  0
LINE
  5
A8F
330
17
100
AcDbEntity
  8
ENGRAVE_POLARS
100
AcDbLine
 10
-3.9583984444062277
 20
-14.772944111125634
 30
0.0
 11
-3.5866682601520194
 21
-14.749153523702802
 31
0.0
  0
LINE
  5
A90
330
17
100
AcDbEntity
  8
ENGRAVE_POLARS
100
AcDbLine
 10
-3.5866682601520194
 20
-14.749153523702802
 30
0.0
 11
-3.2044793700612657
 21
-14.726616220855648
 31
0.0
  0
LINE
  5
A91
330
17
100
AcDbEntity
  8
ENGRAVE_POLARS
100
AcDbLine
 10
-3.2044793700612657
 20
-14.726616220855648
 30
0.0
 11
-2.817252857551495
 21
-14.705350359984969
 31
0.0
  0
LINE
  5
A92
330
17
100
AcDbEntity
  8
ENGRAVE_POLARS
100
AcDbLine
 10
-2.817252857551495
 20
-14.705350359984969
 30
0.0
 11
-2.430409806040235
 21
-14.685374098491565
 31
0.0
  0
LINE
  5
A93
330
17
100
AcDbEntity
  8
ENGRAVE_POLARS
100
AcDbLine
 10
-2.430409806040235
 20
-14.685374098491565
 30
0.0
 11
-2.049371298945016
 21
-14.666705593776241
 31
0.0
  0
LINE
  5
A94
330
17
100
AcDbEntity
  8
ENGRAVE_POLARS
100
AcDbLine
 10
-2.049371298945016
 20
-14.666705593776241
 30
0.0
 11
-1.679558419683365
 21
-14.649363003239786
 31
0.0
  0
LINE
  5
A95
330
17
100
AcDbEntity
  8
ENGRAVE_POLARS
100
AcDbLine
 10
-1.679558419683365
 20
-14.649363003239786
 30
0.0
 11
-1.326392251672811
 21
-14.633364484283007
 31
0.0
  0
LINE
  5
A96
330
17
100
AcDbEntity
  8
ENGRAVE_POLARS
100
AcDbLine
 10
-1.326392251672811
 20
-14.633364484283007
 30
0.0
 11
-0.9952938783308831
 21
-14.618728194306705
 31
0.0
  0
LINE
  5
A97
330
17
100
AcDbEntity
  8
ENGRAVE_POLARS
100
AcDbLine
 10
-0.9952938783308831
 20
-14.618728194306705
 30
0.0
 11
-0.6916843830751104
 21
-14.605472290711674
 31
0.0
  0
LINE
  5
A98
330
17
100
AcDbEntity
  8
ENGRAVE_POLARS
100
AcDbLine
 10
-0.6916843830751104
 20
-14.605472290711674
 30
0.0
 11
-0.4209848493230197
 21
-14.593614930898719
 31
0.0
  0
LINE
  5
A99
330
17
100
AcDbEntity
  8
ENGRAVE_POLARS
100
AcDbLine
 10
-0.4209848493230197
 20
-14.593614930898719
 30
0.0
 11
-0.18861636049214045
 21
-14.583174272268632
 31
0.0
  0
LINE
  5
A9A
330
17
100
AcDbEntity
  8
ENGRAVE_POLARS
100
AcDbLine
 10
-0.18861636049214045
 20
-14.583174272268632
 30
0.0
 11
-1.7848208769741216e-15
 21
-14.574168472222222
 31
0.0
  0
TEXT
  5
A9B
330
17
100
AcDbEntity
  8
ENGRAVE_TEXT
100
AcDbText
 10
6.188073347273596
 20
8.3091080418641
 30
0.0
 40
4.5
  1
24
 72
1
 11
6.188073347273596
 21
8.3091080418641
 31
0.0
100
AcDbText
 73
2
  0
TEXT
  5
A9C
330
17
100
AcDbEntity
  8
ENGRAVE_TEXT
100
AcDbText
 10
-6.188073347273596
 20
8.3091080418641
 30
0.0
 40
4.5
  1
24
 72
1
 11
-6.188073347273596
 21
8.3091080418641
 31
0.0
100
AcDbText
 73
2
  0
CIRCLE
  5
A9D
330
17
100
AcDbEntity
  8
ENGRAVE_VMG
100
AcDbCircle
 10
6.75261358857051
 20
7.857209296312617
 30
0.0
 40
0.6
  0
CIRCLE
  5
A9E
330
17
100
AcDbEntity
  8
ENGRAVE_VMG
100
AcDbCircle
 10
-6.75261358857051
 20
7.857209296312617
 30
0.0
 40
0.6
  0
CIRCLE
  5
A9F
330
17
100
AcDbEntity
  8
ENGRAVE_VMG
100
AcDbCircle
 10
12.10216566116735
 20
-15.683079601165726
 30
0.0
 40
0.6
  0
CIRCLE
  5
AA0
330
17
100
AcDbEntity
  8
ENGRAVE_VMG
100
AcDbCircle
 10
-12.10216566116735
 20
-15.683079601165726
 30
0.0
 40
0.6
  0
CIRCLE
  5
AA1
330
17
100
AcDbEntity
  8
CUT_REFERENCE
100
AcDbCircle
 10
0.0
 20
0.0
 30
0.0
 40
44.54
  0
LINE
  5
AA2
330
17
100
AcDbEntity
  8
ENGRAVE_COMPASS
100
AcDbLine
 10
0.0
 20
43.14
 30
0.0
 11
0.0
 21
44.54
 31
0.0
  0
TEXT
  5
AA3
330
17
100
AcDbEntity
  8
ENGRAVE_TEXT
100
AcDbText
 10
0.0
 20
42.12
 30
0.0
 40
3.8
  1
0
 72
1
 11
0.0
 21
42.12
 31
0.0
100
AcDbText
 73
2
  0
LINE
  5
AA4
330
17
100
AcDbEntity
  8
ENGRAVE_COMPASS
100
AcDbLine
 10
1.5299939354376424
 20
43.813293856517156
 30
0.0
 11
1.554423583129393
 21
44.51286743543052
 31
0.0
  0
LINE
  5
AA5
330
17
100
AcDbEntity
  8
ENGRAVE_COMPASS
100
AcDbLine
 10
3.058123808942453
 20
43.73320796339069
 30
0.0
 11
3.106953340563341
 21
44.431502798572566
 31
0.0
  0
LINE
  5
AA6
330
17
100
AcDbEntity
  8
ENGRAVE_COMPASS
100
AcDbLine
 10
4.582527829653928
 20
43.5998398929451
 30
0.0
 11
4.655697753941285
 21
44.29600521970289
 31
0.0
  0
LINE
  5
AA7
330
17
100
AcDbEntity
  8
ENGRAVE_COMPASS
100
AcDbLine
 10
6.101348746089268
 20
43.41335213363044
 30
0.0
 11
6.198769916761314
 21
44.10653978174955
 31
0.0
  0
LINE
  5
AA8
330
17
100
AcDbEntity
  8
ENGRAVE_COMPASS
100
AcDbLine
 10
7.491182384551375
 20
42.48460646494665
 30
0.0
 11
7.734289833285077
 21
43.86333731916375
 31
0.0
  0
TEXT
  5
AA9
330
17
100
AcDbEntity
  8
ENGRAVE_TEXT
100
AcDbText
 10
7.314061243331105
 20
41.4801025568742
 30
0.0
 40
3.8
  1
10
 50
-10.0
 72
1
 11
7.314061243331105
 21
41.4801025568742
 31
0.0
100
AcDbText
 73
2
  0
LINE
  5
AAA
330
17
100
AcDbEntity
  8
ENGRAVE_COMPASS
100
AcDbLine
 10
9.114848525450569
 20
42.88199081617004
 30
0.0
 11
9.260386709023
 21
43.56669413668371
 31
0.0
  0
LINE
  5
AAB
330
17
100
AcDbEntity
  8
ENGRAVE_COMPASS
100
AcDbLine
 10
10.605855903089433
 20
42.53776463993968
 30
0.0
 11
10.7752012300092
 21
43.21697164833288
 31
0.0
  0
LINE
  5
AAC
330
17
100
AcDbEntity
  8
ENGRAVE_COMPASS
100
AcDbLine
 10
12.083941679017242
 20
42.1417127499359
 30
0.0
 11
12.276887828089142
 21
42.814595937092726
 31
0.0
  0
LINE
  5
AAD
330
17
100
AcDbEntity
  8
ENGRAVE_COMPASS
100
AcDbLine
 10
13.547305033397693
 20
41.694317674379526
 30
0.0
 11
13.763616929460158
 21
42.36005723578614
 31
0.0
  0
LINE
  5
AAE
330
17
100
AcDbEntity
  8
ENGRAVE_COMPASS
100
AcDbLine
 10
14.754748983069348
 20
40.53833966070409
 30
0.0
 11
15.233577183725284
 21
41.85390932980436
 31
0.0
  0
TEXT
  5
AAF
330
17
100
AcDbEntity
  8
ENGRAVE_TEXT
100
AcDbText
 10
14.405888436877165
 20
39.57985318750246
 30
0.0
 40
3.8
  1
20
 50
-20.0
 72
1
 11
14.405888436877165
 21
39.57985318750246
 31
0.0
100
AcDbText
 73
2
  0
LINE
  5
AB0
330
17
100
AcDbEntity
  8
ENGRAVE_COMPASS
100
AcDbLine
 10
16.42275305535358
 20
40.647740184207954
 30
0.0
 11
16.684977670744722
 21
41.29676888240471
 31
0.0
  0
LINE
  5
AB1
330
17
100
AcDbEntity
  8
ENGRAVE_COMPASS
100
AcDbLine
 10
17.83133443244308
 20
40.04983286305162
 30
0.0
 11
18.11605008259614
 21
40.68931468340144
 31
0.0
  0
LINE
  5
AB2
330
17
100
AcDbEntity
  8
ENGRAVE_COMPASS
100
AcDbLine
 10
19.21819107523315
 20
39.40313098975548
 30
0.0
 11
19.525050877985507
 21
40.0322868221649
 31
0.0
  0
LINE
  5
AB3
330
17
100
AcDbEntity
  8
ENGRAVE_COMPASS
100
AcDbLine
 10
20.58163331253345
 20
38.70842247093535
 30
0.0
 11
20.910263406483576
 21
39.326485785936605
 31
0.0
  0
LINE
  5
AB4
330
17
100
AcDbEntity
  8
ENGRAVE_COMPASS
100
AcDbLine
 10
21.569999999999997
 20
37.360335919260685
 30
0.0
 11
22.269999999999996
 21
38.5727714845589
 31
0.0
  0
TEXT
  5
AB5
330
17
100
AcDbEntity
  8
ENGRAVE_TEXT
100
AcDbText
 10
21.059999999999995
 20
36.47699000740056
 30
0.0
 40
3.8
  1
30
 50
-30.0
 72
1
 11
21.059999999999995
 21
36.47699000740056
 31
0.0
100
AcDbText
 73
2
  0
LINE
  5
AB6
330
17
100
AcDbEntity
  8
ENGRAVE_COMPASS
100
AcDbLine
 10
23.2316605439837
 20
37.17842853549771
 30
0.0
 11
23.602604028946946
 21
37.77206220280721
 31
0.0
  0
LINE
  5
AB7
330
17
100
AcDbEntity
  8
ENGRAVE_COMPASS
100
AcDbLine
 10
24.515016888157543
 20
36.34500718081302
 30
0.0
 11
24.906451920587067
 21
36.925333481601555
 31
0.0
  0
LINE
  5
AB8
330
17
100
AcDbEntity
  8
ENGRAVE_COMPASS
100
AcDbLine
 10
25.76850546050202
 20
35.46730503339769
 30
0.0
 11
26.179955137106752
 21
36.03361692946016
 31
0.0
  0
LINE
  5
AB9
330
17
100
AcDbEntity
  8
ENGRAVE_COMPASS
100
AcDbLine
 10
26.99059907827686
 20
34.54639143811868
 30
0.0
 11
27.42156211100482
 21
35.09799896564339
 31
0.0
  0
LINE
  5
ABA
330
17
100
AcDbEntity
  8
ENGRAVE_COMPASS
100
AcDbLine
 10
27.729857481877303
 20
33.04715727615271
 30
0.0
 11
28.629760135438456
 21
34.11961949651928
 31
0.0
  0
TEXT
  5
ABB
330
17
100
AcDbEntity
  8
ENGRAVE_TEXT
100
AcDbText
 10
27.07421411999703
 20
32.265791944171355
 30
0.0
 40
3.8
  1
40
 50
-40.0
 72
1
 11
27.07421411999703
 21
32.265791944171355
 31
0.0
100
AcDbText
 73
2
  0
LINE
  5
ABC
330
17
100
AcDbEntity
  8
ENGRAVE_COMPASS
100
AcDbLine
 10
29.334685782772343
 20
32.57946914892896
 30
0.0
 11
29.803077207223545
 21
33.09967052676314
 31
0.0
  0
LINE
  5
ABD
330
17
100
AcDbEntity
  8
ENGRAVE_COMPASS
100
AcDbLine
 10
30.453822960922437
 20
31.535856846846464
 30
0.0
 11
30.940083820243736
 21
32.039394707083524
 31
0.0
  0
LINE
  5
ABE
330
17
100
AcDbEntity
  8
ENGRAVE_COMPASS
100
AcDbLine
 10
31.53585684684646
 20
30.453822960922437
 30
0.0
 11
32.03939470708352
 21
30.940083820243736
 31
0.0
  0
LINE
  5
ABF
330
17
100
AcDbEntity
  8
ENGRAVE_COMPASS
100
AcDbLine
 10
32.57946914892896
 20
29.334685782772343
 30
0.0
 11
33.09967052676314
 21
29.803077207223545
 31
0.0
  0
LINE
  5
AC0
330
17
100
AcDbEntity
  8
ENGRAVE_COMPASS
100
AcDbLine
 10
33.04715727615271
 20
27.729857481877307
 30
0.0
 11
34.11961949651928
 21
28.629760135438463
 31
0.0
  0
TEXT
  5
AC1
330
17
100
AcDbEntity
  8
ENGRAVE_TEXT
100
AcDbText
 10
32.265791944171355
 20
27.074214119997038
 30
0.0
 40
3.8
  1
50
 50
-50.0
 72
1
 11
32.265791944171355
 21
27.074214119997038
 31
0.0
100
AcDbText
 73
2
  0
LINE
  5
AC2
330
17
100
AcDbEntity
  8
ENGRAVE_COMPASS
100
AcDbLine
 10
34.54639143811869
 20
26.99059907827686
 30
0.0
 11
35.0979989656434
 21
27.42156211100482
 31
0.0
  0
LINE
  5
AC3
330
17
100
AcDbEntity
  8
ENGRAVE_COMPASS
100
AcDbLine
 10
35.46730503339769
 20
25.76850546050202
 30
0.0
 11
36.03361692946016
 21
26.179955137106752
 31
0.0
  0
LINE
  5
AC4
330
17
100
AcDbEntity
  8
ENGRAVE_COMPASS
100
AcDbLine
 10
36.34500718081303
 20
24.515016888157536
 30
0.0
 11
36.925333481601555
 21
24.906451920587063
 31
0.0
  0
LINE
  5
AC5
330
17
100
AcDbEntity
  8
ENGRAVE_COMPASS
100
AcDbLine
 10
37.17842853549771
 20
23.2316605439837
 30
0.0
 11
37.77206220280721
 21
23.602604028946946
 31
0.0
  0
LINE
  5
AC6
330
17
100
AcDbEntity
  8
ENGRAVE_COMPASS
100
AcDbLine
 10
37.360335919260685
 20
21.570000000000004
 30
0.0
 11
38.57277148455889
 21
22.270000000000003
 31
0.0
  0
TEXT
  5
AC7
330
17
100
AcDbEntity
  8
ENGRAVE_TEXT
100
AcDbText
 10
36.47699000740055
 20
21.060000000000002
 30
0.0
 40
3.8
  1
60
 50
-60.0
 72
1
 11
36.47699000740055
 21
21.060000000000002
 31
0.0
100
AcDbText
 73
2
  0
LINE
  5
AC8
330
17
100
AcDbEntity
  8
ENGRAVE_COMPASS
100
AcDbLine
 10
38.70842247093535
 20
20.581633312533455
 30
0.0
 11
39.326485785936605
 21
20.91026340648358
 31
0.0
  0
LINE
  5
AC9
330
17
100
AcDbEntity
  8
ENGRAVE_COMPASS
100
AcDbLine
 10
39.40313098975548
 20
19.218191075233154
 30
0.0
 11
40.0322868221649
 21
19.52505087798551
 31
0.0
  0
LINE
  5
ACA
330
17
100
AcDbEntity
  8
ENGRAVE_COMPASS
100
AcDbLine
 10
40.04983286305162
 20
17.83133443244308
 30
0.0
 11
40.68931468340144
 21
18.11605008259614
 31
0.0
  0
LINE
  5
ACB
330
17
100
AcDbEntity
  8
ENGRAVE_COMPASS
100
AcDbLine
 10
40.647740184207954
 20
16.422753055353578
 30
0.0
 11
41.29676888240471
 21
16.68497767074472
 31
0.0
  0
LINE
  5
ACC
330
17
100
AcDbEntity
  8
ENGRAVE_COMPASS
100
AcDbLine
 10
40.53833966070408
 20
14.754748983069353
 30
0.0
 11
41.85390932980435
 21
15.23357718372529
 31
0.0
  0
TEXT
  5
ACD
330
17
100
AcDbEntity
  8
ENGRAVE_TEXT
100
AcDbText
 10
39.57985318750246
 20
14.40588843687717
 30
0.0
 40
3.8
  1
70
 50
-70.0
 72
1
 11
39.57985318750246
 21
14.40588843687717
 31
0.0
100
AcDbText
 73
2
  0
LINE
  5
ACE
330
17
100
AcDbEntity
  8
ENGRAVE_COMPASS
100
AcDbLine
 10
41.694317674379526
 20
13.547305033397695
 30
0.0
 11
42.36005723578614
 21
13.76361692946016
 31
0.0
  0
LINE
  5
ACF
330
17
100
AcDbEntity
  8
ENGRAVE_COMPASS
100
AcDbLine
 10
42.1417127499359
 20
12.083941679017242
 30
0.0
 11
42.814595937092726
 21
12.276887828089142
 31
0.0
  0
LINE
  5
AD0
330
17
100
AcDbEntity
  8
ENGRAVE_COMPASS
100
AcDbLine
 10
42.53776463993968
 20
10.60585590308943
 30
0.0
 11
43.21697164833288
 21
10.775201230009198
 31
0.0
  0
LINE
  5
AD1
330
17
100
AcDbEntity
  8
ENGRAVE_COMPASS
100
AcDbLine
 10
42.88199081617003
 20
9.114848525450574
 30
0.0
 11
43.5666941366837
 21
9.260386709023006
 31
0.0
  0
LINE
  5
AD2
330
17
100
AcDbEntity
  8
ENGRAVE_COMPASS
100
AcDbLine
 10
42.48460646494665
 20
7.4911823845513785
 30
0.0
 11
43.86333731916375
 21
7.7342898332850805
 31
0.0
  0
TEXT
  5
AD3
330
17
100
AcDbEntity
  8
ENGRAVE_TEXT
100
AcDbText
 10
41.4801025568742
 20
7.314061243331109
 30
0.0
 40
3.8
  1
80
 50
-80.0
 72
1
 11
41.4801025568742
 21
7.314061243331109
 31
0.0
100
AcDbText
 73
2
  0
LINE
  5
AD4
330
17
100
AcDbEntity
  8
ENGRAVE_COMPASS
100
AcDbLine
 10
43.41335213363044
 20
6.101348746089269
 30
0.0
 11
44.10653978174955
 21
6.198769916761315
 31
0.0
  0
LINE
  5
AD5
330
17
100
AcDbEntity
  8
ENGRAVE_COMPASS
100
AcDbLine
 10
43.5998398929451
 20
4.582527829653928
 30
0.0
 11
44.29600521970289
 21
4.6556977539412845
 31
0.0
  0
LINE
  5
AD6
330
17
100
AcDbEntity
  8
ENGRAVE_COMPASS
100
AcDbLine
 10
43.73320796339069
 20
3.05812380894245
 30
0.0
 11
44.431502798572566
 21
3.106953340563338
 31
0.0
  0
LINE
  5
AD7
330
17
100
AcDbEntity
  8
ENGRAVE_COMPASS
100
AcDbLine
 10
43.813293856517156
 20
1.5299939354376473
 30
0.0
 11
44.51286743543052
 21
1.554423583129398
 31
0.0
  0
LINE
  5
AD8
330
17
100
AcDbEntity
  8
ENGRAVE_COMPASS
100
AcDbLine
 10
43.14
 20
2.641563145760841e-15
 30
0.0
 11
44.54
 21
2.7272884217011553e-15
 31
0.0
  0
TEXT
  5
AD9
330
17
100
AcDbEntity
  8
ENGRAVE_TEXT
100
AcDbText
 10
42.12
 20
2.5791061590043255e-15
 30
0.0
 40
3.8
  1
90
 50
-90.0
 72
1
 11
42.12
 21
2.5791061590043255e-15
 31
0.0
100
AcDbText
 73
2
  0
LINE
  5
ADA
330
17
100
AcDbEntity
  8
ENGRAVE_COMPASS
100
AcDbLine
 10
43.813293856517156
 20
-1.5299939354376417
 30
0.0
 11
44.51286743543052
 21
-1.5544235831293924
 31
0.0
  0
LINE
  5
ADB
330
17
100
AcDbEntity
  8
ENGRAVE_COMPASS
100
AcDbLine
 10
43.73320796339069
 20
-3.058123808942454
 30
0.0
 11
44.431502798572566
 21
-3.1069533405633423
 31
0.0
  0
LINE
  5
ADC
330
17
100
AcDbEntity
  8
ENGRAVE_COMPASS
100
AcDbLine
 10
43.5998398929451
 20
-4.582527829653931
 30
0.0
 11
44.29600521970289
 21
-4.655697753941289
 31
0.0
  0
LINE
  5
ADD
330
17
100
AcDbEntity
  8
ENGRAVE_COMPASS
100
AcDbLine
 10
43.41335213363044
 20
-6.101348746089265
 30
0.0
 11
44.10653978174955
 21
-6.198769916761311
 31
0.0
  0
LINE
  5
ADE
330
17
100
AcDbEntity
  8
ENGRAVE_COMPASS
100
AcDbLine
 10
42.48460646494665
 20
-7.491182384551373
 30
0.0
 11
43.86333731916375
 21
-7.734289833285075
 31
0.0
  0
TEXT
  5
ADF
330
17
100
AcDbEntity
  8
ENGRAVE_TEXT
100
AcDbText
 10
41.4801025568742
 20
-7.314061243331104
 30
0.0
 40
3.8
  1
100
 50
-100.0
 72
1
 11
41.4801025568742
 21
-7.314061243331104
 31
0.0
100
AcDbText
 73
2
  0
LINE
  5
AE0
330
17
100
AcDbEntity
  8
ENGRAVE_COMPASS
100
AcDbLine
 10
42.88199081617004
 20
-9.114848525450569
 30
0.0
 11
43.56669413668371
 21
-9.260386709023
 31
0.0
  0
LINE
  5
AE1
330
17
100
AcDbEntity
  8
ENGRAVE_COMPASS
100
AcDbLine
 10
42.53776463993968
 20
-10.605855903089434
 30
0.0
 11
43.21697164833288
 21
-10.775201230009204
 31
0.0
  0
LINE
  5
AE2
330
17
100
AcDbEntity
  8
ENGRAVE_COMPASS
100
AcDbLine
 10
42.1417127499359
 20
-12.083941679017238
 30
0.0
 11
42.814595937092726
 21
-12.276887828089137
 31
0.0
  0
LINE
  5
AE3
330
17
100
AcDbEntity
  8
ENGRAVE_COMPASS
100
AcDbLine
 10
41.69431767437953
 20
-13.54730503339769
 30
0.0
 11
42.360057235786144
 21
-13.763616929460154
 31
0.0
  0
LINE
  5
AE4
330
17
100
AcDbEntity
  8
ENGRAVE_COMPASS
100
AcDbLine
 10
40.53833966070409
 20
-14.754748983069348
 30
0.0
 11
41.85390932980436
 21
-15.233577183725284
 31
0.0
  0
TEXT
  5
AE5
330
17
100
AcDbEntity
  8
ENGRAVE_TEXT
100
AcDbText
 10
39.57985318750246
 20
-14.405888436877165
 30
0.0
 40
3.8
  1
110
 50
-110.0
 72
1
 11
39.57985318750246
 21
-14.405888436877165
 31
0.0
100
AcDbText
 73
2
  0
LINE
  5
AE6
330
17
100
AcDbEntity
  8
ENGRAVE_COMPASS
100
AcDbLine
 10
40.647740184207954
 20
-16.422753055353585
 30
0.0
 11
41.29676888240471
 21
-16.684977670744722
 31
0.0
  0
LINE
  5
AE7
330
17
100
AcDbEntity
  8
ENGRAVE_COMPASS
100
AcDbLine
 10
40.04983286305162
 20
-17.831334432443082
 30
0.0
 11
40.68931468340144
 21
-18.116050082596143
 31
0.0
  0
LINE
  5
AE8
330
17
100
AcDbEntity
  8
ENGRAVE_COMPASS
100
AcDbLine
 10
39.403130989755475
 20
-19.218191075233158
 30
0.0
 11
40.03228682216489
 21
-19.525050877985514
 31
0.0
  0
LINE
  5
AE9
330
17
100
AcDbEntity
  8
ENGRAVE_COMPASS
100
AcDbLine
 10
38.70842247093535
 20
-20.581633312533455
 30
0.0
 11
39.326485785936605
 21
-20.91026340648358
 31
0.0
  0
LINE
  5
AEA
330
17
100
AcDbEntity
  8
ENGRAVE_COMPASS
100
AcDbLine
 10
37.360335919260685
 20
-21.56999999999999
 30
0.0
 11
38.5727714845589
 21
-22.26999999999999
 31
0.0
  0
TEXT
  5
AEB
330
17
100
AcDbEntity
  8
ENGRAVE_TEXT
100
AcDbText
 10
36.47699000740056
 20
-21.059999999999988
 30
0.0
 40
3.8
  1
120
 50
-120.0
 72
1
 11
36.47699000740056
 21
-21.059999999999988
 31
0.0
100
AcDbText
 73
2
  0
LINE
  5
AEC
330
17
100
AcDbEntity
  8
ENGRAVE_COMPASS
100
AcDbLine
 10
37.178428535497716
 20
-23.231660543983697
 30
0.0
 11
37.77206220280721
 21
-23.602604028946942
 31
0.0
  0
LINE
  5
AED
330
17
100
AcDbEntity
  8
ENGRAVE_COMPASS
100
AcDbLine
 10
36.34500718081303
 20
-24.515016888157533
 30
0.0
 11
36.925333481601555
 21
-24.906451920587056
 31
0.0
  0
LINE
  5
AEE
330
17
100
AcDbEntity
  8
ENGRAVE_COMPASS
100
AcDbLine
 10
35.46730503339769
 20
-25.768505460502016
 30
0.0
 11
36.03361692946016
 21
-26.17995513710675
 31
0.0
  0
LINE
  5
AEF
330
17
100
AcDbEntity
  8
ENGRAVE_COMPASS
100
AcDbLine
 10
34.54639143811869
 20
-26.99059907827686
 30
0.0
 11
35.0979989656434
 21
-27.42156211100482
 31
0.0
  0
LINE
  5
AF0
330
17
100
AcDbEntity
  8
ENGRAVE_COMPASS
100
AcDbLine
 10
33.04715727615271
 20
-27.729857481877307
 30
0.0
 11
34.11961949651928
 21
-28.629760135438463
 31
0.0
  0
TEXT
  5
AF1
330
17
100
AcDbEntity
  8
ENGRAVE_TEXT
100
AcDbText
 10
32.265791944171355
 20
-27.074214119997038
 30
0.0
 40
3.8
  1
130
 50
-130.0
 72
1
 11
32.265791944171355
 21
-27.074214119997038
 31
0.0
100
AcDbText
 73
2
  0
LINE
  5
AF2
330
17
100
AcDbEntity
  8
ENGRAVE_COMPASS
100
AcDbLine
 10
32.57946914892896
 20
-29.334685782772343
 30
0.0
 11
33.09967052676314
 21
-29.803077207223545
 31
0.0
  0
LINE
  5
AF3
330
17
100
AcDbEntity
  8
ENGRAVE_COMPASS
100
AcDbLine
 10
31.53585684684646
 20
-30.45382296092244
 30
0.0
 11
32.03939470708352
 21
-30.940083820243743
 31
0.0
  0
LINE
  5
AF4
330
17
100
AcDbEntity
  8
ENGRAVE_COMPASS
100
AcDbLine
 10
30.453822960922434
 20
-31.535856846846464
 30
0.0
 11
30.940083820243732
 21
-32.039394707083524
 31
0.0
  0
LINE
  5
AF5
330
17
100
AcDbEntity
  8
ENGRAVE_COMPASS
100
AcDbLine
 10
29.334685782772347
 20
-32.57946914892895
 30
0.0
 11
29.80307720722355
 21
-33.09967052676313
 31
0.0
  0
LINE
  5
AF6
330
17
100
AcDbEntity
  8
ENGRAVE_COMPASS
100
AcDbLine
 10
27.729857481877314
 20
-33.04715727615271
 30
0.0
 11
28.629760135438467
 21
-34.11961949651928
 31
0.0
  0
TEXT
  5
AF7
330
17
100
AcDbEntity
  8
ENGRAVE_TEXT
100
AcDbText
 10
27.07421411999704
 20
-32.26579194417135
 30
0.0
 40
3.8
  1
140
 50
-140.0
 72
1
 11
27.07421411999704
 21
-32.26579194417135
 31
0.0
100
AcDbText
 73
2
  0
LINE
  5
AF8
330
17
100
AcDbEntity
  8
ENGRAVE_COMPASS
100
AcDbLine
 10
26.990599078276862
 20
-34.54639143811868
 30
0.0
 11
27.421562111004825
 21
-35.09799896564339
 31
0.0
  0
LINE
  5
AF9
330
17
100
AcDbEntity
  8
ENGRAVE_COMPASS
100
AcDbLine
 10
25.768505460502023
 20
-35.467305033397686
 30
0.0
 11
26.17995513710676
 21
-36.03361692946015
 31
0.0
  0
LINE
  5
AFA
330
17
100
AcDbEntity
  8
ENGRAVE_COMPASS
100
AcDbLine
 10
24.515016888157543
 20
-36.34500718081302
 30
0.0
 11
24.906451920587067
 21
-36.925333481601555
 31
0.0
  0
LINE
  5
AFB
330
17
100
AcDbEntity
  8
ENGRAVE_COMPASS
100
AcDbLine
 10
23.2316605439837
 20
-37.17842853549771
 30
0.0
 11
23.602604028946946
 21
-37.77206220280721
 31
0.0
  0
LINE
  5
AFC
330
17
100
AcDbEntity
  8
ENGRAVE_COMPASS
100
AcDbLine
 10
21.569999999999997
 20
-37.360335919260685
 30
0.0
 11
22.269999999999996
 21
-38.5727714845589
 31
0.0
  0
TEXT
  5
AFD
330
17
100
AcDbEntity
  8
ENGRAVE_TEXT
100
AcDbText
 10
21.059999999999995
 20
-36.47699000740056
 30
0.0
 40
3.8
  1
150
 50
-150.0
 72
1
 11
21.059999999999995
 21
-36.47699000740056
 31
0.0
100
AcDbText
 73
2
  0
LINE
  5
AFE
330
17
100
AcDbEntity
  8
ENGRAVE_COMPASS
100
AcDbLine
 10
20.581633312533448
 20
-38.70842247093535
 30
0.0
 11
20.910263406483573
 21
-39.326485785936605
 31
0.0
  0
LINE
  5
AFF
330
17
100
AcDbEntity
  8
ENGRAVE_COMPASS
100
AcDbLine
 10
19.218191075233147
 20
-39.40313098975548
 30
0.0
 11
19.525050877985503
 21
-40.0322868221649
 31
0.0
  0
LINE
  5
B00
330
17
100
AcDbEntity
  8
ENGRAVE_COMPASS
100
AcDbLine
 10
17.83133443244309
 20
-40.04983286305161
 30
0.0
 11
18.11605008259615
 21
-40.689314683401435
 31
0.0
  0
LINE
  5
B01
330
17
100
AcDbEntity
  8
ENGRAVE_COMPASS
100
AcDbLine
 10
16.422753055353592
 20
-40.647740184207954
 30
0.0
 11
16.68497767074473
 21
-41.296768882404706
 31
0.0
  0
LINE
  5
B02
330
17
100
AcDbEntity
  8
ENGRAVE_COMPASS
100
AcDbLine
 10
14.754748983069355
 20
-40.53833966070408
 30
0.0
 11
15.233577183725291
 21
-41.85390932980435
 31
0.0
  0
TEXT
  5
B03
330
17
100
AcDbEntity
  8
ENGRAVE_TEXT
100
AcDbText
 10
14.405888436877172
 20
-39.57985318750246
 30
0.0
 40
3.8
  1
160
 50
-160.0
 72
1
 11
14.405888436877172
 21
-39.57985318750246
 31
0.0
100
AcDbText
 73
2
  0
LINE
  5
B04
330
17
100
AcDbEntity
  8
ENGRAVE_COMPASS
100
AcDbLine
 10
13.547305033397697
 20
-41.694317674379526
 30
0.0
 11
13.763616929460161
 21
-42.36005723578614
 31
0.0
  0
LINE
  5
B05
330
17
100
AcDbEntity
  8
ENGRAVE_COMPASS
100
AcDbLine
 10
12.083941679017245
 20
-42.1417127499359
 30
0.0
 11
12.276887828089144
 21
-42.814595937092726
 31
0.0
  0
LINE
  5
B06
330
17
100
AcDbEntity
  8
ENGRAVE_COMPASS
100
AcDbLine
 10
10.605855903089433
 20
-42.53776463993968
 30
0.0
 11
10.7752012300092
 21
-43.21697164833288
 31
0.0
  0
LINE
  5
B07
330
17
100
AcDbEntity
  8
ENGRAVE_COMPASS
100
AcDbLine
 10
9.114848525450567
 20
-42.88199081617004
 30
0.0
 11
9.260386709022999
 21
-43.56669413668371
 31
0.0
  0
LINE
  5
B08
330
17
100
AcDbEntity
  8
ENGRAVE_COMPASS
100
AcDbLine
 10
7.491182384551372
 20
-42.48460646494665
 30
0.0
 11
7.734289833285074
 21
-43.86333731916375
 31
0.0
  0
TEXT
  5
B09
330
17
100
AcDbEntity
  8
ENGRAVE_TEXT
100
AcDbText
 10
7.3140612433311025
 20
-41.4801025568742
 30
0.0
 40
3.8
  1
170
 50
-170.0
 72
1
 11
7.3140612433311025
 21
-41.4801025568742
 31
0.0
100
AcDbText
 73
2
  0
LINE
  5
B0A
330
17
100
AcDbEntity
  8
ENGRAVE_COMPASS
100
AcDbLine
 10
6.101348746089263
 20
-43.41335213363044
 30
0.0
 11
6.19876991676131
 21
-44.10653978174955
 31
0.0
  0
LINE
  5
B0B
330
17
100
AcDbEntity
  8
ENGRAVE_COMPASS
100
AcDbLine
 10
4.582527829653939
 20
-43.5998398929451
 30
0.0
 11
4.655697753941297
 21
-44.29600521970289
 31
0.0
  0
LINE
  5
B0C
330
17
100
AcDbEntity
  8
ENGRAVE_COMPASS
100
AcDbLine
 10
3.058123808942463
 20
-43.73320796339069
 30
0.0
 11
3.1069533405633507
 21
-44.431502798572566
 31
0.0
  0
LINE
  5
B0D
330
17
100
AcDbEntity
  8
ENGRAVE_COMPASS
100
AcDbLine
 10
1.52999393543765
 20
-43.813293856517156
 30
0.0
 11
1.5544235831294009
 21
-44.51286743543052
 31
0.0
  0
LINE
  5
B0E
330
17
100
AcDbEntity
  8
ENGRAVE_COMPASS
100
AcDbLine
 10
5.283126291521682e-15
 20
-43.14
 30
0.0
 11
5.454576843402311e-15
 21
-44.54
 31
0.0
  0
TEXT
  5
B0F
330
17
100
AcDbEntity
  8
ENGRAVE_TEXT
100
AcDbText
 10
5.158212318008651e-15
 20
-42.12
 30
0.0
 40
3.8
  1
180
 50
-180.0
 72
1
 11
5.158212318008651e-15
 21
-42.12
 31
0.0
100
AcDbText
 73
2
  0
LINE
  5
B10
330
17
100
AcDbEntity
  8
ENGRAVE_COMPASS
100
AcDbLine
 10
-1.5299939354376393
 20
-43.813293856517156
 30
0.0
 11
-1.55442358312939
 21
-44.51286743543052
 31
0.0
  0
LINE
  5
B11
330
17
100
AcDbEntity
  8
ENGRAVE_COMPASS
100
AcDbLine
 10
-3.058123808942452
 20
-43.73320796339069
 30
0.0
 11
-3.1069533405633396
 21
-44.431502798572566
 31
0.0
  0
LINE
  5
B12
330
17
100
AcDbEntity
  8
ENGRAVE_COMPASS
100
AcDbLine
 10
-4.582527829653929
 20
-43.5998398929451
 30
0.0
 11
-4.655697753941287
 21
-44.29600521970289
 31
0.0
  0
LINE
  5
B13
330
17
100
AcDbEntity
  8
ENGRAVE_COMPASS
100
AcDbLine
 10
-6.101348746089272
 20
-43.41335213363043
 30
0.0
 11
-6.198769916761318
 21
-44.10653978174954
 31
0.0
  0
LINE
  5
B14
330
17
100
AcDbEntity
  8
ENGRAVE_COMPASS
100
AcDbLine
 10
-7.49118238455138
 20
-42.48460646494665
 30
0.0
 11
-7.734289833285083
 21
-43.86333731916375
 31
0.0
  0
TEXT
  5
B15
330
17
100
AcDbEntity
  8
ENGRAVE_TEXT
100
AcDbText
 10
-7.3140612433311105
 20
-41.4801025568742
 30
0.0
 40
3.8
  1
190
 50
-190.0
 72
1
 11
-7.3140612433311105
 21
-41.4801025568742
 31
0.0
100
AcDbText
 73
2
  0
LINE
  5
B16
330
17
100
AcDbEntity
  8
ENGRAVE_COMPASS
100
AcDbLine
 10
-9.114848525450576
 20
-42.88199081617003
 30
0.0
 11
-9.260386709023008
 21
-43.5666941366837
 31
0.0
  0
LINE
  5
B17
330
17
100
AcDbEntity
  8
ENGRAVE_COMPASS
100
AcDbLine
 10
-10.605855903089422
 20
-42.53776463993968
 30
0.0
 11
-10.775201230009191
 21
-43.21697164833288
 31
0.0
  0
LINE
  5
B18
330
17
100
AcDbEntity
  8
ENGRAVE_COMPASS
100
AcDbLine
 10
-12.083941679017235
 20
-42.1417127499359
 30
0.0
 11
-12.276887828089135
 21
-42.814595937092726
 31
0.0
  0
LINE
  5
B19
330
17
100
AcDbEntity
  8
ENGRAVE_COMPASS
100
AcDbLine
 10
-13.547305033397688
 20
-41.69431767437953
 30
0.0
 11
-13.763616929460152
 21
-42.360057235786144
 31
0.0
  0
LINE
  5
B1A
330
17
100
AcDbEntity
  8
ENGRAVE_COMPASS
100
AcDbLine
 10
-14.754748983069346
 20
-40.53833966070409
 30
0.0
 11
-15.233577183725282
 21
-41.85390932980436
 31
0.0
  0
TEXT
  5
B1B
330
17
100
AcDbEntity
  8
ENGRAVE_TEXT
100
AcDbText
 10
-14.405888436877163
 20
-39.57985318750246
 30
0.0
 40
3.8
  1
200
 50
-200.0
 72
1
 11
-14.405888436877163
 21
-39.57985318750246
 31
0.0
100
AcDbText
 73
2
  0
LINE
  5
B1C
330
17
100
AcDbEntity
  8
ENGRAVE_COMPASS
100
AcDbLine
 10
-16.42275305535358
 20
-40.647740184207954
 30
0.0
 11
-16.684977670744722
 21
-41.29676888240471
 31
0.0
  0
LINE
  5
B1D
330
17
100
AcDbEntity
  8
ENGRAVE_COMPASS
100
AcDbLine
 10
-17.83133443244308
 20
-40.04983286305162
 30
0.0
 11
-18.11605008259614
 21
-40.68931468340144
 31
0.0
  0
LINE
  5
B1E
330
17
100
AcDbEntity
  8
ENGRAVE_COMPASS
100
AcDbLine
 10
-19.218191075233154
 20
-39.403130989755475
 30
0.0
 11
-19.52505087798551
 21
-40.03228682216489
 31
0.0
  0
LINE
  5
B1F
330
17
100
AcDbEntity
  8
ENGRAVE_COMPASS
100
AcDbLine
 10
-20.581633312533455
 20
-38.70842247093535
 30
0.0
 11
-20.91026340648358
 21
-39.326485785936605
 31
0.0
  0
LINE
  5
B20
330
17
100
AcDbEntity
  8
ENGRAVE_COMPASS
100
AcDbLine
 10
-21.570000000000004
 20
-37.360335919260685
 30
0.0
 11
-22.270000000000003
 21
-38.57277148455889
 31
0.0
  0
TEXT
  5
B21
330
17
100
AcDbEntity
  8
ENGRAVE_TEXT
100
AcDbText
 10
-21.060000000000002
 20
-36.47699000740055
 30
0.0
 40
3.8
  1
210
 50
-210.0
 72
1
 11
-21.060000000000002
 21
-36.47699000740055
 31
0.0
100
AcDbText
 73
2
  0
LINE
  5
B22
330
17
100
AcDbEntity
  8
ENGRAVE_COMPASS
100
AcDbLine
 10
-23.231660543983697
 20
-37.178428535497716
 30
0.0
 11
-23.602604028946942
 21
-37.77206220280721
 31
0.0
  0
LINE
  5
B23
330
17
100
AcDbEntity
  8
ENGRAVE_COMPASS
100
AcDbLine
 10
-24.515016888157533
 20
-36.345007180813035
 30
0.0
 11
-24.906451920587056
 21
-36.92533348160156
 31
0.0
  0
LINE
  5
B24
330
17
100
AcDbEntity
  8
ENGRAVE_COMPASS
100
AcDbLine
 10
-25.768505460502016
 20
-35.4673050333977
 30
0.0
 11
-26.17995513710675
 21
-36.033616929460166
 31
0.0
  0
LINE
  5
B25
330
17
100
AcDbEntity
  8
ENGRAVE_COMPASS
100
AcDbLine
 10
-26.99059907827685
 20
-34.54639143811869
 30
0.0
 11
-27.421562111004814
 21
-35.0979989656434
 31
0.0
  0
LINE
  5
B26
330
17
100
AcDbEntity
  8
ENGRAVE_COMPASS
100
AcDbLine
 10
-27.729857481877303
 20
-33.04715727615271
 30
0.0
 11
-28.629760135438456
 21
-34.11961949651928
 31
0.0
  0
TEXT
  5
B27
330
17
100
AcDbEntity
  8
ENGRAVE_TEXT
100
AcDbText
 10
-27.07421411999703
 20
-32.265791944171355
 30
0.0
 40
3.8
  1
220
 50
-220.0
 72
1
 11
-27.07421411999703
 21
-32.265791944171355
 31
0.0
100
AcDbText
 73
2
  0
LINE
  5
B28
330
17
100
AcDbEntity
  8
ENGRAVE_COMPASS
100
AcDbLine
 10
-29.334685782772343
 20
-32.57946914892896
 30
0.0
 11
-29.803077207223545
 21
-33.09967052676314
 31
0.0
  0
LINE
  5
B29
330
17
100
AcDbEntity
  8
ENGRAVE_COMPASS
100
AcDbLine
 10
-30.45382296092244
 20
-31.53585684684646
 30
0.0
 11
-30.940083820243743
 21
-32.03939470708352
 31
0.0
  0
LINE
  5
B2A
330
17
100
AcDbEntity
  8
ENGRAVE_COMPASS
100
AcDbLine
 10
-31.535856846846464
 20
-30.453822960922437
 30
0.0
 11
-32.039394707083524
 21
-30.940083820243736
 31
0.0
  0
LINE
  5
B2B
330
17
100
AcDbEntity
  8
ENGRAVE_COMPASS
100
AcDbLine
 10
-32.579469148928965
 20
-29.334685782772336
 30
0.0
 11
-33.09967052676314
 21
-29.80307720722354
 31
0.0
  0
LINE
  5
B2C
330
17
100
AcDbEntity
  8
ENGRAVE_COMPASS
100
AcDbLine
 10
-33.04715727615271
 20
-27.729857481877314
 30
0.0
 11
-34.11961949651928
 21
-28.629760135438467
 31
0.0
  0
TEXT
  5
B2D
330
17
100
AcDbEntity
  8
ENGRAVE_TEXT
100
AcDbText
 10
-32.26579194417135
 20
-27.07421411999704
 30
0.0
 40
3.8
  1
230
 50
-230.0
 72
1
 11
-32.26579194417135
 21
-27.07421411999704
 31
0.0
100
AcDbText
 73
2
  0
LINE
  5
B2E
330
17
100
AcDbEntity
  8
ENGRAVE_COMPASS
100
AcDbLine
 10
-34.5463914381187
 20
-26.990599078276848
 30
0.0
 11
-35.097998965643406
 21
-27.42156211100481
 31
0.0
  0
LINE
  5
B2F
330
17
100
AcDbEntity
  8
ENGRAVE_COMPASS
100
AcDbLine
 10
-35.467305033397686
 20
-25.768505460502023
 30
0.0
 11
-36.03361692946015
 21
-26.17995513710676
 31
0.0
  0
LINE
  5
B30
330
17
100
AcDbEntity
  8
ENGRAVE_COMPASS
100
AcDbLine
 10
-36.345007180813035
 20
-24.51501688815753
 30
0.0
 11
-36.92533348160156
 21
-24.906451920587052
 31
0.0
  0
LINE
  5
B31
330
17
100
AcDbEntity
  8
ENGRAVE_COMPASS
100
AcDbLine
 10
-37.17842853549771
 20
-23.231660543983704
 30
0.0
 11
-37.77206220280721
 21
-23.60260402894695
 31
0.0
  0
LINE
  5
B32
330
17
100
AcDbEntity
  8
ENGRAVE_COMPASS
100
AcDbLine
 10
-37.36033591926067
 20
-21.570000000000018
 30
0.0
 11
-38.572771484558885
 21
-22.27000000000002
 31
0.0
  0
TEXT
  5
B33
330
17
100
AcDbEntity
  8
ENGRAVE_TEXT
100
AcDbText
 10
-36.476990007400545
 20
-21.060000000000016
 30
0.0
 40
3.8
  1
240
 50
-240.0
 72
1
 11
-36.476990007400545
 21
-21.060000000000016
 31
0.0
100
AcDbText
 73
2
  0
LINE
  5
B34
330
17
100
AcDbEntity
  8
ENGRAVE_COMPASS
100
AcDbLine
 10
-38.70842247093535
 20
-20.581633312533448
 30
0.0
 11
-39.326485785936605
 21
-20.910263406483573
 31
0.0
  0
LINE
  5
B35
330
17
100
AcDbEntity
  8
ENGRAVE_COMPASS
100
AcDbLine
 10
-39.40313098975547
 20
-19.218191075233165
 30
0.0
 11
-40.03228682216489
 21
-19.52505087798552
 31
0.0
  0
LINE
  5
B36
330
17
100
AcDbEntity
  8
ENGRAVE_COMPASS
100
AcDbLine
 10
-40.04983286305163
 20
-17.831334432443075
 30
0.0
 11
-40.68931468340145
 21
-18.116050082596136
 31
0.0
  0
LINE
  5
B37
330
17
100
AcDbEntity
  8
ENGRAVE_COMPASS
100
AcDbLine
 10
-40.647740184207954
 20
-16.422753055353592
 30
0.0
 11
-41.296768882404706
 21
-16.684977670744733
 31
0.0
  0
LINE
  5
B38
330
17
100
AcDbEntity
  8
ENGRAVE_COMPASS
100
AcDbLine
 10
-40.53833966070409
 20
-14.75474898306934
 30
0.0
 11
-41.85390932980436
 21
-15.233577183725277
 31
0.0
  0
TEXT
  5
B39
330
17
100
AcDbEntity
  8
ENGRAVE_TEXT
100
AcDbText
 10
-39.57985318750246
 20
-14.405888436877158
 30
0.0
 40
3.8
  1
250
 50
-250.0
 72
1
 11
-39.57985318750246
 21
-14.405888436877158
 31
0.0
100
AcDbText
 73
2
  0
LINE
  5
B3A
330
17
100
AcDbEntity
  8
ENGRAVE_COMPASS
100
AcDbLine
 10
-41.694317674379526
 20
-13.5473050333977
 30
0.0
 11
-42.36005723578614
 21
-13.763616929460165
 31
0.0
  0
LINE
  5
B3B
330
17
100
AcDbEntity
  8
ENGRAVE_COMPASS
100
AcDbLine
 10
-42.1417127499359
 20
-12.08394167901723
 30
0.0
 11
-42.814595937092726
 21
-12.27688782808913
 31
0.0
  0
LINE
  5
B3C
330
17
100
AcDbEntity
  8
ENGRAVE_COMPASS
100
AcDbLine
 10
-42.53776463993968
 20
-10.605855903089434
 30
0.0
 11
-43.21697164833288
 21
-10.775201230009204
 31
0.0
  0
LINE
  5
B3D
330
17
100
AcDbEntity
  8
ENGRAVE_COMPASS
100
AcDbLine
 10
-42.88199081617003
 20
-9.114848525450588
 30
0.0
 11
-43.5666941366837
 21
-9.26038670902302
 31
0.0
  0
LINE
  5
B3E
330
17
100
AcDbEntity
  8
ENGRAVE_COMPASS
100
AcDbLine
 10
-42.48460646494665
 20
-7.491182384551375
 30
0.0
 11
-43.86333731916375
 21
-7.734289833285077
 31
0.0
  0
TEXT
  5
B3F
330
17
100
AcDbEntity
  8
ENGRAVE_TEXT
100
AcDbText
 10
-41.4801025568742
 20
-7.314061243331105
 30
0.0
 40
3.8
  1
260
 50
-260.0
 72
1
 11
-41.4801025568742
 21
-7.314061243331105
 31
0.0
100
AcDbText
 73
2
  0
LINE
  5
B40
330
17
100
AcDbEntity
  8
ENGRAVE_COMPASS
100
AcDbLine
 10
-43.41335213363043
 20
-6.101348746089285
 30
0.0
 11
-44.10653978174954
 21
-6.198769916761332
 31
0.0
  0
LINE
  5
B41
330
17
100
AcDbEntity
  8
ENGRAVE_COMPASS
100
AcDbLine
 10
-43.599839892945106
 20
-4.582527829653923
 30
0.0
 11
-44.2960052197029
 21
-4.655697753941281
 31
0.0
  0
LINE
  5
B42
330
17
100
AcDbEntity
  8
ENGRAVE_COMPASS
100
AcDbLine
 10
-43.73320796339069
 20
-3.058123808942465
 30
0.0
 11
-44.431502798572566
 21
-3.1069533405633534
 31
0.0
  0
LINE
  5
B43
330
17
100
AcDbEntity
  8
ENGRAVE_COMPASS
100
AcDbLine
 10
-43.813293856517156
 20
-1.5299939354376333
 30
0.0
 11
-44.51286743543052
 21
-1.5544235831293838
 31
0.0
  0
LINE
  5
B44
330
17
100
AcDbEntity
  8
ENGRAVE_COMPASS
100
AcDbLine
 10
-43.14
 20
-7.924689437282522e-15
 30
0.0
 11
-44.54
 21
-8.181865265103466e-15
 31
0.0
  0
TEXT
  5
B45
330
17
100
AcDbEntity
  8
ENGRAVE_TEXT
100
AcDbText
 10
-42.12
 20
-7.737318477012977e-15
 30
0.0
 40
3.8
  1
270
 50
-270.0
 72
1
 11
-42.12
 21
-7.737318477012977e-15
 31
0.0
100
AcDbText
 73
2
  0
LINE
  5
B46
330
17
100
AcDbEntity
  8
ENGRAVE_COMPASS
100
AcDbLine
 10
-43.813293856517156
 20
1.529993935437656
 30
0.0
 11
-44.51286743543052
 21
1.554423583129407
 31
0.0
  0
LINE
  5
B47
330
17
100
AcDbEntity
  8
ENGRAVE_COMPASS
100
AcDbLine
 10
-43.7332079633907
 20
3.058123808942449
 30
0.0
 11
-44.43150279857257
 21
3.1069533405633374
 31
0.0
  0
LINE
  5
B48
330
17
100
AcDbEntity
  8
ENGRAVE_COMPASS
100
AcDbLine
 10
-43.599839892945106
 20
4.582527829653906
 30
0.0
 11
-44.2960052197029
 21
4.655697753941264
 31
0.0
  0
LINE
  5
B49
330
17
100
AcDbEntity
  8
ENGRAVE_COMPASS
100
AcDbLine
 10
-43.41335213363044
 20
6.101348746089269
 30
0.0
 11
-44.10653978174955
 21
6.198769916761315
 31
0.0
  0
LINE
  5
B4A
330
17
100
AcDbEntity
  8
ENGRAVE_COMPASS
100
AcDbLine
 10
-42.48460646494666
 20
7.491182384551359
 30
0.0
 11
-43.86333731916375
 21
7.734289833285061
 31
0.0
  0
TEXT
  5
B4B
330
17
100
AcDbEntity
  8
ENGRAVE_TEXT
100
AcDbText
 10
-41.4801025568742
 20
7.31406124333109
 30
0.0
 40
3.8
  1
280
 50
-280.0
 72
1
 11
-41.4801025568742
 21
7.31406124333109
 31
0.0
100
AcDbText
 73
2
  0
LINE
  5
B4C
330
17
100
AcDbEntity
  8
ENGRAVE_COMPASS
100
AcDbLine
 10
-42.88199081617003
 20
9.114848525450572
 30
0.0
 11
-43.5666941366837
 21
9.260386709023004
 31
0.0
  0
LINE
  5
B4D
330
17
100
AcDbEntity
  8
ENGRAVE_COMPASS
100
AcDbLine
 10
-42.53776463993969
 20
10.60585590308942
 30
0.0
 11
-43.21697164833289
 21
10.775201230009188
 31
0.0
  0
LINE
  5
B4E
330
17
100
AcDbEntity
  8
ENGRAVE_COMPASS
100
AcDbLine
 10
-42.14171274993589
 20
12.083941679017252
 30
0.0
 11
-42.81459593709272
 21
12.276887828089153
 31
0.0
  0
LINE
  5
B4F
330
17
100
AcDbEntity
  8
ENGRAVE_COMPASS
100
AcDbLine
 10
-41.69431767437953
 20
13.547305033397686
 30
0.0
 11
-42.360057235786144
 21
13.763616929460149
 31
0.0
  0
LINE
  5
B50
330
17
100
AcDbEntity
  8
ENGRAVE_COMPASS
100
AcDbLine
 10
-40.53833966070408
 20
14.75474898306936
 30
0.0
 11
-41.85390932980435
 21
15.233577183725297
 31
0.0
  0
TEXT
  5
B51
330
17
100
AcDbEntity
  8
ENGRAVE_TEXT
100
AcDbText
 10
-39.57985318750246
 20
14.405888436877177
 30
0.0
 40
3.8
  1
290
 50
-290.0
 72
1
 11
-39.57985318750246
 21
14.405888436877177
 31
0.0
100
AcDbText
 73
2
  0
LINE
  5
B52
330
17
100
AcDbEntity
  8
ENGRAVE_COMPASS
100
AcDbLine
 10
-40.647740184207954
 20
16.422753055353578
 30
0.0
 11
-41.29676888240471
 21
16.68497767074472
 31
0.0
  0
LINE
  5
B53
330
17
100
AcDbEntity
  8
ENGRAVE_COMPASS
100
AcDbLine
 10
-40.04983286305163
 20
17.83133443244306
 30
0.0
 11
-40.68931468340145
 21
18.11605008259612
 31
0.0
  0
LINE
  5
B54
330
17
100
AcDbEntity
  8
ENGRAVE_COMPASS
100
AcDbLine
 10
-39.40313098975548
 20
19.21819107523315
 30
0.0
 11
-40.0322868221649
 21
19.525050877985507
 31
0.0
  0
LINE
  5
B55
330
17
100
AcDbEntity
  8
ENGRAVE_COMPASS
100
AcDbLine
 10
-38.70842247093536
 20
20.581633312533434
 30
0.0
 11
-39.32648578593661
 21
20.91026340648356
 31
0.0
  0
LINE
  5
B56
330
17
100
AcDbEntity
  8
ENGRAVE_COMPASS
100
AcDbLine
 10
-37.360335919260685
 20
21.570000000000004
 30
0.0
 11
-38.57277148455889
 21
22.270000000000003
 31
0.0
  0
TEXT
  5
B57
330
17
100
AcDbEntity
  8
ENGRAVE_TEXT
100
AcDbText
 10
-36.47699000740055
 20
21.060000000000002
 30
0.0
 40
3.8
  1
300
 50
-300.0
 72
1
 11
-36.47699000740055
 21
21.060000000000002
 31
0.0
100
AcDbText
 73
2
  0
LINE
  5
B58
330
17
100
AcDbEntity
  8
ENGRAVE_COMPASS
100
AcDbLine
 10
-37.17842853549772
 20
23.23166054398369
 30
0.0
 11
-37.77206220280722
 21
23.602604028946935
 31
0.0
  0
LINE
  5
B59
330
17
100
AcDbEntity
  8
ENGRAVE_COMPASS
100
AcDbLine
 10
-36.34500718081302
 20
24.515016888157547
 30
0.0
 11
-36.925333481601555
 21
24.90645192058707
 31
0.0
  0
LINE
  5
B5A
330
17
100
AcDbEntity
  8
ENGRAVE_COMPASS
100
AcDbLine
 10
-35.4673050333977
 20
25.76850546050201
 30
0.0
 11
-36.033616929460166
 21
26.17995513710674
 31
0.0
  0
LINE
  5
B5B
330
17
100
AcDbEntity
  8
ENGRAVE_COMPASS
100
AcDbLine
 10
-34.54639143811868
 20
26.990599078276865
 30
0.0
 11
-35.09799896564339
 21
27.421562111004828
 31
0.0
  0
LINE
  5
B5C
330
17
100
AcDbEntity
  8
ENGRAVE_COMPASS
100
AcDbLine
 10
-33.04715727615272
 20
27.729857481877303
 30
0.0
 11
-34.119619496519284
 21
28.629760135438456
 31
0.0
  0
TEXT
  5
B5D
330
17
100
AcDbEntity
  8
ENGRAVE_TEXT
100
AcDbText
 10
-32.265791944171355
 20
27.07421411999703
 30
0.0
 40
3.8
  1
310
 50
-310.0
 72
1
 11
-32.265791944171355
 21
27.07421411999703
 31
0.0
100
AcDbText
 73
2
  0
LINE
  5
B5E
330
17
100
AcDbEntity
  8
ENGRAVE_COMPASS
100
AcDbLine
 10
-32.57946914892898
 20
29.334685782772322
 30
0.0
 11
-33.099670526763155
 21
29.803077207223527
 31
0.0
  0
LINE
  5
B5F
330
17
100
AcDbEntity
  8
ENGRAVE_COMPASS
100
AcDbLine
 10
-31.535856846846464
 20
30.453822960922437
 30
0.0
 11
-32.039394707083524
 21
30.940083820243736
 31
0.0
  0
LINE
  5
B60
330
17
100
AcDbEntity
  8
ENGRAVE_COMPASS
100
AcDbLine
 10
-30.45382296092245
 20
31.53585684684645
 30
0.0
 11
-30.940083820243753
 21
32.03939470708351
 31
0.0
  0
LINE
  5
B61
330
17
100
AcDbEntity
  8
ENGRAVE_COMPASS
100
AcDbLine
 10
-29.334685782772336
 20
32.57946914892896
 30
0.0
 11
-29.80307720722354
 21
33.09967052676314
 31
0.0
  0
LINE
  5
B62
330
17
100
AcDbEntity
  8
ENGRAVE_COMPASS
100
AcDbLine
 10
-27.729857481877318
 20
33.0471572761527
 30
0.0
 11
-28.629760135438474
 21
34.11961949651927
 31
0.0
  0
TEXT
  5
B63
330
17
100
AcDbEntity
  8
ENGRAVE_TEXT
100
AcDbText
 10
-27.074214119997045
 20
32.26579194417134
 30
0.0
 40
3.8
  1
320
 50
-320.0
 72
1
 11
-27.074214119997045
 21
32.26579194417134
 31
0.0
100
AcDbText
 73
2
  0
LINE
  5
B64
330
17
100
AcDbEntity
  8
ENGRAVE_COMPASS
100
AcDbLine
 10
-26.99059907827685
 20
34.54639143811869
 30
0.0
 11
-27.421562111004814
 21
35.0979989656434
 31
0.0
  0
LINE
  5
B65
330
17
100
AcDbEntity
  8
ENGRAVE_COMPASS
100
AcDbLine
 10
-25.76850546050203
 20
35.467305033397686
 30
0.0
 11
-26.179955137106763
 21
36.03361692946015
 31
0.0
  0
LINE
  5
B66
330
17
100
AcDbEntity
  8
ENGRAVE_COMPASS
100
AcDbLine
 10
-24.51501688815753
 20
36.345007180813035
 30
0.0
 11
-24.906451920587052
 21
36.92533348160156
 31
0.0
  0
LINE
  5
B67
330
17
100
AcDbEntity
  8
ENGRAVE_COMPASS
100
AcDbLine
 10
-23.231660543983704
 20
37.17842853549771
 30
0.0
 11
-23.60260402894695
 21
37.77206220280721
 31
0.0
  0
LINE
  5
B68
330
17
100
AcDbEntity
  8
ENGRAVE_COMPASS
100
AcDbLine
 10
-21.570000000000018
 20
37.36033591926067
 30
0.0
 11
-22.27000000000002
 21
38.572771484558885
 31
0.0
  0
TEXT
  5
B69
330
17
100
AcDbEntity
  8
ENGRAVE_TEXT
100
AcDbText
 10
-21.060000000000016
 20
36.476990007400545
 30
0.0
 40
3.8
  1
330
 50
-330.0
 72
1
 11
-21.060000000000016
 21
36.476990007400545
 31
0.0
100
AcDbText
 73
2
  0
LINE
  5
B6A
330
17
100
AcDbEntity
  8
ENGRAVE_COMPASS
100
AcDbLine
 10
-20.58163331253345
 20
38.70842247093535
 30
0.0
 11
-20.910263406483576
 21
39.326485785936605
 31
0.0
  0
LINE
  5
B6B
330
17
100
AcDbEntity
  8
ENGRAVE_COMPASS
100
AcDbLine
 10
-19.218191075233168
 20
39.40313098975547
 30
0.0
 11
-19.525050877985525
 21
40.03228682216489
 31
0.0
  0
LINE
  5
B6C
330
17
100
AcDbEntity
  8
ENGRAVE_COMPASS
100
AcDbLine
 10
-17.83133443244308
 20
40.04983286305163
 30
0.0
 11
-18.11605008259614
 21
40.68931468340145
 31
0.0
  0
LINE
  5
B6D
330
17
100
AcDbEntity
  8
ENGRAVE_COMPASS
100
AcDbLine
 10
-16.422753055353596
 20
40.647740184207954
 30
0.0
 11
-16.684977670744736
 21
41.296768882404706
 31
0.0
  0
LINE
  5
B6E
330
17
100
AcDbEntity
  8
ENGRAVE_COMPASS
100
AcDbLine
 10
-14.754748983069344
 20
40.53833966070409
 30
0.0
 11
-15.233577183725279
 21
41.85390932980436
 31
0.0
  0
TEXT
  5
B6F
330
17
100
AcDbEntity
  8
ENGRAVE_TEXT
100
AcDbText
 10
-14.405888436877161
 20
39.57985318750246
 30
0.0
 40
3.8
  1
340
 50
-340.0
 72
1
 11
-14.405888436877161
 21
39.57985318750246
 31
0.0
100
AcDbText
 73
2
  0
LINE
  5
B70
330
17
100
AcDbEntity
  8
ENGRAVE_COMPASS
100
AcDbLine
 10
-13.547305033397702
 20
41.694317674379526
 30
0.0
 11
-13.763616929460166
 21
42.36005723578614
 31
0.0
  0
LINE
  5
B71
330
17
100
AcDbEntity
  8
ENGRAVE_COMPASS
100
AcDbLine
 10
-12.083941679017233
 20
42.1417127499359
 30
0.0
 11
-12.276887828089132
 21
42.814595937092726
 31
0.0
  0
LINE
  5
B72
330
17
100
AcDbEntity
  8
ENGRAVE_COMPASS
100
AcDbLine
 10
-10.605855903089438
 20
42.53776463993968
 30
0.0
 11
-10.775201230009207
 21
43.21697164833288
 31
0.0
  0
LINE
  5
B73
330
17
100
AcDbEntity
  8
ENGRAVE_COMPASS
100
AcDbLine
 10
-9.114848525450592
 20
42.88199081617003
 30
0.0
 11
-9.260386709023024
 21
43.5666941366837
 31
0.0
  0
LINE
  5
B74
330
17
100
AcDbEntity
  8
ENGRAVE_COMPASS
100
AcDbLine
 10
-7.491182384551377
 20
42.48460646494665
 30
0.0
 11
-7.73428983328508
 21
43.86333731916375
 31
0.0
  0
TEXT
  5
B75
330
17
100
AcDbEntity
  8
ENGRAVE_TEXT
100
AcDbText
 10
-7.314061243331108
 20
41.4801025568742
 30
0.0
 40
3.8
  1
350
 50
-350.0
 72
1
 11
-7.314061243331108
 21
41.4801025568742
 31
0.0
100
AcDbText
 73
2
  0
LINE
  5
B76
330
17
100
AcDbEntity
  8
ENGRAVE_COMPASS
100
AcDbLine
 10
-6.101348746089288
 20
43.41335213363043
 30
0.0
 11
-6.198769916761334
 21
44.10653978174954
 31
0.0
  0
LINE
  5
B77
330
17
100
AcDbEntity
  8
ENGRAVE_COMPASS
100
AcDbLine
 10
-4.582527829653925
 20
43.5998398929451
 30
0.0
 11
-4.655697753941283
 21
44.29600521970289
 31
0.0
  0
LINE
  5
B78
330
17
100
AcDbEntity
  8
ENGRAVE_COMPASS
100
AcDbLine
 10
-3.0581238089424674
 20
43.73320796339069
 30
0.0
 11
-3.1069533405633556
 21
44.431502798572566
 31
0.0
  0
LINE
  5
B79
330
17
100
AcDbEntity
  8
ENGRAVE_COMPASS
100
AcDbLine
 10
-1.529993935437636
 20
43.813293856517156
 30
0.0
 11
-1.5544235831293867
 21
44.51286743543052
 31
0.0
  0
LINE
  5
B7A
330
17
100
AcDbEntity
  8
ENGRAVE_COMPASS
100
AcDbLine
 10
0.0
 20
44.54
 30
0.0
 11
0.0
 21
45.94
 31
0.0
  0
TEXT
  5
B7B
330
17
100
AcDbEntity
  8
ENGRAVE_TEXT
100
AcDbText
 10
0.0
 20
46.96
 30
0.0
 40
3.8
  1
0
 72
1
 11
0.0
 21
46.96
 31
0.0
100
AcDbText
 73
2
  0
LINE
  5
B7C
330
17
100
AcDbEntity
  8
ENGRAVE_COMPASS
100
AcDbLine
 10
2.848329957889776
 20
44.4488314407813
 30
0.0
 11
2.8930949100793324
 21
45.14739861654571
 31
0.0
  0
LINE
  5
B7D
330
17
100
AcDbEntity
  8
ENGRAVE_COMPASS
100
AcDbLine
 10
5.684520277568524
 20
44.17576065235223
 30
0.0
 11
5.773859392842389
 21
44.87003619022036
 31
0.0
  0
LINE
  5
B7E
330
17
100
AcDbEntity
  8
ENGRAVE_COMPASS
100
AcDbLine
 10
8.496495707363264
 20
43.72209007692515
 30
0.0
 11
8.630028419423306
 21
44.40923563269182
 31
0.0
  0
LINE
  5
B7F
330
17
100
AcDbEntity
  8
ENGRAVE_COMPASS
100
AcDbLine
 10
11.272309498745892
 20
43.08998304205378
 30
0.0
 11
11.449467483683524
 21
43.76719427082427
 31
0.0
  0
LINE
  5
B80
330
17
100
AcDbEntity
  8
ENGRAVE_COMPASS
100
AcDbLine
 10
14.000206984780958
 20
42.282452677006454
 30
0.0
 11
14.440267374962666
 21
43.611492500711186
 31
0.0
  0
TEXT
  5
B81
330
17
100
AcDbEntity
  8
ENGRAVE_TEXT
100
AcDbText
 10
14.760882802095056
 20
44.57979294369608
 30
0.0
 40
3.8
  1
10
 50
-18.320301852003325
 72
1
 11
14.760882802095056
 21
44.57979294369608
 31
0.0
100
AcDbText
 73
2
  0
LINE
  5
B82
330
17
100
AcDbEntity
  8
ENGRAVE_COMPASS
100
AcDbLine
 10
16.6686883555758
 20
41.30334645648815
 30
0.0
 11
16.93065696466657
 21
41.95247852922146
 31
0.0
  0
LINE
  5
B83
330
17
100
AcDbEntity
  8
ENGRAVE_COMPASS
100
AcDbLine
 10
19.266570370932815
 20
40.15732643169729
 30
0.0
 11
19.56936783971712
 21
40.78844741288697
 31
0.0
  0
LINE
  5
B84
330
17
100
AcDbEntity
  8
ENGRAVE_COMPASS
100
AcDbLine
 10
21.7830467570328
 20
38.84984522467139
 30
0.0
 11
22.125393697533987
 21
39.46041755644665
 31
0.0
  0
LINE
  5
B85
330
17
100
AcDbEntity
  8
ENGRAVE_COMPASS
100
AcDbLine
 10
24.207747042114093
 20
37.38711787695082
 30
0.0
 11
24.588201081841973
 21
37.974701678339805
 31
0.0
  0
LINE
  5
B86
330
17
100
AcDbEntity
  8
ENGRAVE_COMPASS
100
AcDbLine
 10
26.530793595637515
 20
35.77608965755872
 30
0.0
 11
27.36472065073164
 21
36.900618744235466
 31
0.0
  0
TEXT
  5
B87
330
17
100
AcDbEntity
  8
ENGRAVE_TEXT
100
AcDbText
 10
27.97229607658594
 20
37.71991850738567
 30
0.0
 40
3.8
  1
20
 50
-36.55985197496331
 72
1
 11
27.97229607658594
 21
37.71991850738567
 31
0.0
100
AcDbText
 73
2
  0
LINE
  5
B88
330
17
100
AcDbEntity
  8
ENGRAVE_COMPASS
100
AcDbLine
 10
28.74285664618419
 20
34.02439994793303
 30
0.0
 11
29.194585421494672
 21
34.559134567680516
 31
0.0
  0
LINE
  5
B89
330
17
100
AcDbEntity
  8
ENGRAVE_COMPASS
100
AcDbLine
 10
30.835207065110573
 20
32.14034233252277
 30
0.0
 11
31.31981965930854
 21
32.64546670685519
 31
0.0
  0
LINE
  5
B8A
330
17
100
AcDbEntity
  8
ENGRAVE_COMPASS
100
AcDbLine
 10
32.79976671550159
 20
30.132821033030986
 30
0.0
 11
33.315254742013735
 21
30.60639478074364
 31
0.0
  0
LINE
  5
B8B
330
17
100
AcDbEntity
  8
ENGRAVE_COMPASS
100
AcDbLine
 10
34.62915617884863
 20
28.01130383150541
 30
0.0
 11
35.17339527460961
 21
28.451535369045907
 31
0.0
  0
LINE
  5
B8C
330
17
100
AcDbEntity
  8
ENGRAVE_COMPASS
100
AcDbLine
 10
36.31673968464431
 20
25.785771632390222
 30
0.0
 11
37.458262710205645
 21
26.596280844005538
 31
0.0
  0
TEXT
  5
B8D
330
17
100
AcDbEntity
  8
ENGRAVE_TEXT
100
AcDbText
 10
38.289943771686055
 20
27.186794698182418
 30
0.0
 40
3.8
  1
30
 50
-54.624318352164074
 72
1
 11
38.289943771686055
 21
27.186794698182418
 31
0.0
100
AcDbText
 73
2
  0
LINE
  5
B8E
330
17
100
AcDbEntity
  8
ENGRAVE_COMPASS
100
AcDbLine
 10
37.856667080090844
 20
23.46666481601435
 30
0.0
 11
38.45163041543129
 21
23.835471851739765
 31
0.0
  0
LINE
  5
B8F
330
17
100
AcDbEntity
  8
ENGRAVE_COMPASS
100
AcDbLine
 10
39.24391268752391
 20
21.064826535578185
 30
0.0
 11
39.860678266357915
 21
21.39588577614632
 31
0.0
  0
LINE
  5
B90
330
17
100
AcDbEntity
  8
ENGRAVE_COMPASS
100
AcDbLine
 10
40.474310904871345
 20
18.59144310632751
 30
0.0
 11
41.11041368065513
 21
18.88363013314451
 31
0.0
  0
LINE
  5
B91
330
17
100
AcDbEntity
  8
ENGRAVE_COMPASS
100
AcDbLine
 10
41.544588408086085
 20
16.057981629168687
 30
0.0
 11
42.197511890027265
 21
16.31035224300834
 31
0.0
  0
LINE
  5
B92
330
17
100
AcDbEntity
  8
ENGRAVE_COMPASS
100
AcDbLine
 10
42.452392812215734
 20
13.476124981512058
 30
0.0
 11
43.78677426567559
 21
13.899712205897258
 31
0.0
  0
TEXT
  5
B93
330
17
100
AcDbEntity
  8
ENGRAVE_TEXT
100
AcDbText
 10
44.75896646748206
 20
14.208325755092194
 30
0.0
 40
3.8
  1
40
 50
-72.38843382457938
 72
1
 11
44.75896646748206
 21
14.208325755092194
 31
0.0
100
AcDbText
 73
2
  0
LINE
  5
B94
330
17
100
AcDbEntity
  8
ENGRAVE_COMPASS
100
AcDbLine
 10
43.19631763731124
 20
10.857704295868182
 30
0.0
 11
43.875200042926814
 21
11.028346258308858
 31
0.0
  0
LINE
  5
B95
330
17
100
AcDbEntity
  8
ENGRAVE_COMPASS
100
AcDbLine
 10
43.775923403885315
 20
8.214629032230633
 30
0.0
 11
44.46391501553147
 21
8.34373186839052
 31
0.0
  0
LINE
  5
B96
330
17
100
AcDbEntity
  8
ENGRAVE_COMPASS
100
AcDbLine
 10
44.19175464661298
 20
5.558814734595849
 30
0.0
 11
44.886281549456015
 21
5.646178235139565
 31
0.0
  0
LINE
  5
B97
330
17
100
AcDbEntity
  8
ENGRAVE_COMPASS
100
AcDbLine
 10
44.44535258024637
 20
2.902108546830604
 30
0.0
 11
45.143865081507535
 21
2.947718694625427
 31
0.0
  0
LINE
  5
B98
330
17
100
AcDbEntity
  8
ENGRAVE_COMPASS
100
AcDbLine
 10
44.53926307347943
 20
0.25621255119777686
 30
0.0
 11
45.9392399100953
 21
0.26426593179222874
 31
0.0
  0
TEXT
  5
B99
330
17
100
AcDbEntity
  8
ENGRAVE_TEXT
100
AcDbText
 10
46.95922303391545
 20
0.270133394796758
 30
0.0
 40
3.8
  1
50
 50
-89.67040909736356
 72
1
 11
46.95922303391545
 21
0.270133394796758
 31
0.0
100
AcDbText
 73
2
  0
LINE
  5
B9A
330
17
100
AcDbEntity
  8
ENGRAVE_COMPASS
100
AcDbLine
 10
44.477039479468154
 20
-2.3673950117863853
 30
0.0
 11
45.17604997869643
 21
-2.4046014892953766
 31
0.0
  0
LINE
  5
B9B
330
17
100
AcDbEntity
  8
ENGRAVE_COMPASS
100
AcDbLine
 10
44.26323973057268
 20
-4.957540575109064
 30
0.0
 11
44.95889010801769
 21
-5.035454324605614
 31
0.0
  0
LINE
  5
B9C
330
17
100
AcDbEntity
  8
ENGRAVE_COMPASS
100
AcDbLine
 10
43.90341692507086
 20
-7.503438032222437
 30
0.0
 11
44.59341225168849
 21
-7.621363641170701
 31
0.0
  0
LINE
  5
B9D
330
17
100
AcDbEntity
  8
ENGRAVE_COMPASS
100
AcDbLine
 10
43.40410241260514
 20
-9.994773321896016
 30
0.0
 11
44.08625040741483
 21
-10.151853279806371
 31
0.0
  0
LINE
  5
B9E
330
17
100
AcDbEntity
  8
ENGRAVE_COMPASS
100
AcDbLine
 10
42.772780124609774
 20
-12.421790547734531
 30
0.0
 11
44.11723212673042
 21
-12.812237489064309
 31
0.0
  0
TEXT
  5
B9F
330
17
100
AcDbEntity
  8
ENGRAVE_TEXT
100
AcDbText
 10
45.09676144256118
 20
-13.096705974890293
 30
0.0
 40
3.8
  1
60
 50
-106.19400773163439
 72
1
 11
45.09676144256118
 21
-13.096705974890293
 31
0.0
100
AcDbText
 73
2
  0
LINE
  5
BA0
330
17
100
AcDbEntity
  8
ENGRAVE_COMPASS
100
AcDbLine
 10
40.6741912423574
 20
-18.14997980109443
 30
0.0
 11
41.31343537952961
 21
-18.43522869783368
 31
0.0
  0
LINE
  5
BA1
330
17
100
AcDbEntity
  8
ENGRAVE_COMPASS
100
AcDbLine
 10
37.95903970932556
 20
-23.30070609114336
 30
0.0
 11
39.1521841995154
 21
-24.0331036782022
 31
0.0
  0
TEXT
  5
BA2
330
17
100
AcDbEntity
  8
ENGRAVE_TEXT
100
AcDbText
 10
40.02147518522516
 20
-24.566707634487926
 30
0.0
 40
3.8
  1
70
 50
-121.54318937358855
 72
1
 11
40.02147518522516
 21
-24.566707634487926
 31
0.0
100
AcDbText
 73
2
  0
LINE
  5
BA3
330
17
100
AcDbEntity
  8
ENGRAVE_COMPASS
100
AcDbLine
 10
34.80684296317342
 20
-27.790201203607445
 30
0.0
 11
35.35387462177741
 21
-28.226957845783584
 31
0.0
  0
LINE
  5
BA4
330
17
100
AcDbEntity
  8
ENGRAVE_COMPASS
100
AcDbLine
 10
31.410744870780967
 20
-31.578104861797954
 30
0.0
 11
32.398060605381175
 21
-32.570681125976606
 31
0.0
  0
TEXT
  5
BA5
330
17
100
AcDbEntity
  8
ENGRAVE_TEXT
100
AcDbText
 10
33.1173906405899
 20
-33.29384383273534
 30
0.0
 40
3.8
  1
80
 50
-135.15223327018606
 72
1
 11
33.1173906405899
 21
-33.29384383273534
 31
0.0
100
AcDbText
 73
2
  0
LINE
  5
BA6
330
17
100
AcDbEntity
  8
ENGRAVE_COMPASS
100
AcDbLine
 10
27.960151735290307
 20
-34.670470359364074
 30
0.0
 11
28.399579355737167
 21
-35.21535875746813
 31
0.0
  0
LINE
  5
BA7
330
17
100
AcDbEntity
  8
ENGRAVE_COMPASS
100
AcDbLine
 10
24.620411360404923
 20
-37.11666666666667
 30
0.0
 11
25.394290478154513
 21
-38.28333333333333
 31
0.0
  0
TEXT
  5
BA8
330
17
100
AcDbEntity
  8
ENGRAVE_TEXT
100
AcDbText
 10
25.958116692514935
 20
-39.13333333333333
 30
0.0
 40
3.8
  1
90
 50
-146.44269023807928
 72
1
 11
25.958116692514935
 21
-39.13333333333333
 31
0.0
100
AcDbText
 73
2
  0
LINE
  5
BA9
330
17
100
AcDbEntity
  8
ENGRAVE_COMPASS
100
AcDbLine
 10
21.514910207552738
 20
-38.99897740660572
 30
0.0
 11
21.85304305769389
 21
-39.61189353109211
 31
0.0
  0
LINE
  5
BAA
330
17
100
AcDbEntity
  8
ENGRAVE_COMPASS
100
AcDbLine
 10
18.71609721767656
 20
-40.416819579705674
 30
0.0
 11
19.304389451730152
 21
-41.68721803977724
 31
0.0
  0
TEXT
  5
BAB
330
17
100
AcDbEntity
  8
ENGRAVE_TEXT
100
AcDbText
 10
19.733002365112064
 20
-42.61279406068654
 30
0.0
 40
3.8
  1
100
 50
-155.15223327018606
 72
1
 11
19.733002365112064
 21
-42.61279406068654
 31
0.0
100
AcDbText
 73
2
  0
LINE
  5
BAC
330
17
100
AcDbEntity
  8
ENGRAVE_COMPASS
100
AcDbLine
 10
16.24850962984009
 20
-41.47044170019164
 30
0.0
 11
16.503874621777406
 21
-42.12219987688976
 31
0.0
  0
LINE
  5
BAD
330
17
100
AcDbEntity
  8
ENGRAVE_COMPASS
100
AcDbLine
 10
14.100906263126838
 20
-42.2489768226227
 30
0.0
 11
14.544131875349054
 21
-43.57696441920267
 31
0.0
  0
TEXT
  5
BAE
330
17
100
AcDbEntity
  8
ENGRAVE_TEXT
100
AcDbText
 10
14.867053392825243
 20
-44.54449823956808
 30
0.0
 40
3.8
  1
110
 50
-161.54318937358858
 72
1
 11
14.867053392825243
 21
-44.54449823956808
 31
0.0
100
AcDbText
 73
2
  0
LINE
  5
BAF
330
17
100
AcDbEntity
  8
ENGRAVE_COMPASS
100
AcDbLine
 10
12.241174995258008
 20
-42.82482031177095
 30
0.0
 11
12.433559873944146
 21
-43.497864187348846
 31
0.0
  0
LINE
  5
BB0
330
17
100
AcDbEntity
  8
ENGRAVE_COMPASS
100
AcDbLine
 10
10.628803887477366
 20
-43.25320945226546
 30
0.0
 11
10.962892918516168
 21
-44.612762510935674
 31
0.0
  0
TEXT
  5
BB1
330
17
100
AcDbEntity
  8
ENGRAVE_TEXT
100
AcDbText
 10
11.206300641130156
 20
-45.6032940251097
 30
0.0
 40
3.8
  1
120
 50
-166.19400773163437
 72
1
 11
11.206300641130156
 21
-45.6032940251097
 31
0.0
100
AcDbText
 73
2
  0
LINE
  5
BB2
330
17
100
AcDbEntity
  8
ENGRAVE_COMPASS
100
AcDbLine
 10
7.986481974176307
 20
-43.818120745602
 30
0.0
 11
8.23751643227794
 21
-45.19543033347453
 31
0.0
  0
LINE
  5
BB3
330
17
100
AcDbEntity
  8
ENGRAVE_COMPASS
100
AcDbLine
 10
5.899611712912622
 20
-44.14755012044116
 30
0.0
 11
6.085050787858236
 21
-45.535214470881606
 31
0.0
  0
TEXT
  5
BB4
330
17
100
AcDbEntity
  8
ENGRAVE_TEXT
100
AcDbText
 10
6.220156399604328
 20
-46.546227069059654
 30
0.0
 40
3.8
  1
140
 50
-172.38843382457938
 72
1
 11
6.220156399604328
 21
-46.546227069059654
 31
0.0
100
AcDbText
 73
2
  0
LINE
  5
BB5
330
17
100
AcDbEntity
  8
ENGRAVE_COMPASS
100
AcDbLine
 10
4.172763447511907
 20
-44.34410496572356
 30
0.0
 11
4.3039235019914015
 21
-45.73794751067221
 31
0.0
  0
LINE
  5
BB6
330
17
100
AcDbEntity
  8
ENGRAVE_COMPASS
100
AcDbLine
 10
2.672660149438797
 20
-44.45974007712597
 30
0.0
 11
2.756668326565297
 21
-45.85721731349724
 31
0.0
  0
TEXT
  5
BB7
330
17
100
AcDbEntity
  8
ENGRAVE_TEXT
100
AcDbText
 10
2.817874284186033
 20
-46.87537929999631
 30
0.0
 40
3.8
  1
160
 50
-176.55985197496332
 72
1
 11
2.817874284186033
 21
-46.87537929999631
 31
0.0
100
AcDbText
 73
2
  0
LINE
  5
BB8
330
17
100
AcDbEntity
  8
ENGRAVE_COMPASS
100
AcDbLine
 10
1.3055593316765546
 20
-44.52086156883616
 30
0.0
 11
1.3465962213116505
 21
-45.920260001624
 31
0.0
  0
LINE
  5
BB9
330
17
100
AcDbEntity
  8
ENGRAVE_COMPASS
100
AcDbLine
 10
9.090961405670518e-16
 20
-44.54
 30
0.0
 11
9.376712325471566e-16
 21
-45.94
 31
0.0
  0
TEXT
  5
BBA
330
17
100
AcDbEntity
  8
ENGRAVE_TEXT
100
AcDbText
 10
9.584902281326618e-16
 20
-46.96
 30
0.0
 40
3.8
  1
180
 50
-180.0
 72
1
 11
9.584902281326618e-16
 21
-46.96
 31
0.0
100
AcDbText
 73
2
  0
LINE
  5
BBB
330
17
100
AcDbEntity
  8
ENGRAVE_COMPASS
100
AcDbLine
 10
-2.848329957889776
 20
44.4488314407813
 30
0.0
 11
-2.8930949100793324
 21
45.14739861654571
 31
0.0
  0
LINE
  5
BBC
330
17
100
AcDbEntity
  8
ENGRAVE_COMPASS
100
AcDbLine
 10
-5.684520277568524
 20
44.17576065235223
 30
0.0
 11
-5.773859392842389
 21
44.87003619022036
 31
0.0
  0
LINE
  5
BBD
330
17
100
AcDbEntity
  8
ENGRAVE_COMPASS
100
AcDbLine
 10
-8.496495707363264
 20
43.72209007692515
 30
0.0
 11
-8.630028419423306
 21
44.40923563269182
 31
0.0
  0
LINE
  5
BBE
330
17
100
AcDbEntity
  8
ENGRAVE_COMPASS
100
AcDbLine
 10
-11.272309498745892
 20
43.08998304205378
 30
0.0
 11
-11.449467483683524
 21
43.76719427082427
 31
0.0
  0
LINE
  5
BBF
330
17
100
AcDbEntity
  8
ENGRAVE_COMPASS
100
AcDbLine
 10
-14.000206984780958
 20
42.282452677006454
 30
0.0
 11
-14.440267374962666
 21
43.611492500711186
 31
0.0
  0
TEXT
  5
BC0
330
17
100
AcDbEntity
  8
ENGRAVE_TEXT
100
AcDbText
 10
-14.760882802095056
 20
44.57979294369608
 30
0.0
 40
3.8
  1
10
 50
-341.67969814799665
 72
1
 11
-14.760882802095056
 21
44.57979294369608
 31
0.0
100
AcDbText
 73
2
  0
LINE
  5
BC1
330
17
100
AcDbEntity
  8
ENGRAVE_COMPASS
100
AcDbLine
 10
-16.6686883555758
 20
41.30334645648815
 30
0.0
 11
-16.93065696466657
 21
41.95247852922146
 31
0.0
  0
LINE
  5
BC2
330
17
100
AcDbEntity
  8
ENGRAVE_COMPASS
100
AcDbLine
 10
-19.266570370932815
 20
40.15732643169729
 30
0.0
 11
-19.56936783971712
 21
40.78844741288697
 31
0.0
  0
LINE
  5
BC3
330
17
100
AcDbEntity
  8
ENGRAVE_COMPASS
100
AcDbLine
 10
-21.7830467570328
 20
38.84984522467139
 30
0.0
 11
-22.125393697533987
 21
39.46041755644665
 31
0.0
  0
LINE
  5
BC4
330
17
100
AcDbEntity
  8
ENGRAVE_COMPASS
100
AcDbLine
 10
-24.207747042114093
 20
37.38711787695082
 30
0.0
 11
-24.588201081841973
 21
37.974701678339805
 31
0.0
  0
LINE
  5
BC5
330
17
100
AcDbEntity
  8
ENGRAVE_COMPASS
100
AcDbLine
 10
-26.530793595637515
 20
35.77608965755872
 30
0.0
 11
-27.36472065073164
 21
36.900618744235466
 31
0.0
  0
TEXT
  5
BC6
330
17
100
AcDbEntity
  8
ENGRAVE_TEXT
100
AcDbText
 10
-27.97229607658594
 20
37.71991850738567
 30
0.0
 40
3.8
  1
20
 50
-323.4401480250367
 72
1
 11
-27.97229607658594
 21
37.71991850738567
 31
0.0
100
AcDbText
 73
2
  0
LINE
  5
BC7
330
17
100
AcDbEntity
  8
ENGRAVE_COMPASS
100
AcDbLine
 10
-28.74285664618419
 20
34.02439994793303
 30
0.0
 11
-29.194585421494672
 21
34.559134567680516
 31
0.0
  0
LINE
  5
BC8
330
17
100
AcDbEntity
  8
ENGRAVE_COMPASS
100
AcDbLine
 10
-30.835207065110573
 20
32.14034233252277
 30
0.0
 11
-31.31981965930854
 21
32.64546670685519
 31
0.0
  0
LINE
  5
BC9
330
17
100
AcDbEntity
  8
ENGRAVE_COMPASS
100
AcDbLine
 10
-32.79976671550159
 20
30.132821033030986
 30
0.0
 11
-33.315254742013735
 21
30.60639478074364
 31
0.0
  0
LINE
  5
BCA
330
17
100
AcDbEntity
  8
ENGRAVE_COMPASS
100
AcDbLine
 10
-34.62915617884863
 20
28.01130383150541
 30
0.0
 11
-35.17339527460961
 21
28.451535369045907
 31
0.0
  0
LINE
  5
BCB
330
17
100
AcDbEntity
  8
ENGRAVE_COMPASS
100
AcDbLine
 10
-36.31673968464431
 20
25.785771632390222
 30
0.0
 11
-37.458262710205645
 21
26.596280844005538
 31
0.0
  0
TEXT
  5
BCC
330
17
100
AcDbEntity
  8
ENGRAVE_TEXT
100
AcDbText
 10
-38.289943771686055
 20
27.186794698182418
 30
0.0
 40
3.8
  1
30
 50
-305.3756816478359
 72
1
 11
-38.289943771686055
 21
27.186794698182418
 31
0.0
100
AcDbText
 73
2
  0
LINE
  5
BCD
330
17
100
AcDbEntity
  8
ENGRAVE_COMPASS
100
AcDbLine
 10
-37.856667080090844
 20
23.46666481601435
 30
0.0
 11
-38.45163041543129
 21
23.835471851739765
 31
0.0
  0
LINE
  5
BCE
330
17
100
AcDbEntity
  8
ENGRAVE_COMPASS
100
AcDbLine
 10
-39.24391268752391
 20
21.064826535578185
 30
0.0
 11
-39.860678266357915
 21
21.39588577614632
 31
0.0
  0
LINE
  5
BCF
330
17
100
AcDbEntity
  8
ENGRAVE_COMPASS
100
AcDbLine
 10
-40.474310904871345
 20
18.59144310632751
 30
0.0
 11
-41.11041368065513
 21
18.88363013314451
 31
0.0
  0
LINE
  5
BD0
330
17
100
AcDbEntity
  8
ENGRAVE_COMPASS
100
AcDbLine
 10
-41.544588408086085
 20
16.057981629168687
 30
0.0
 11
-42.197511890027265
 21
16.31035224300834
 31
0.0
  0
LINE
  5
BD1
330
17
100
AcDbEntity
  8
ENGRAVE_COMPASS
100
AcDbLine
 10
-42.452392812215734
 20
13.476124981512058
 30
0.0
 11
-43.78677426567559
 21
13.899712205897258
 31
0.0
  0
TEXT
  5
BD2
330
17
100
AcDbEntity
  8
ENGRAVE_TEXT
100
AcDbText
 10
-44.75896646748206
 20
14.208325755092194
 30
0.0
 40
3.8
  1
40
 50
-287.61156617542065
 72
1
 11
-44.75896646748206
 21
14.208325755092194
 31
0.0
100
AcDbText
 73
2
  0
LINE
  5
BD3
330
17
100
AcDbEntity
  8
ENGRAVE_COMPASS
100
AcDbLine
 10
-43.19631763731124
 20
10.857704295868182
 30
0.0
 11
-43.875200042926814
 21
11.028346258308858
 31
0.0
  0
LINE
  5
BD4
330
17
100
AcDbEntity
  8
ENGRAVE_COMPASS
100
AcDbLine
 10
-43.775923403885315
 20
8.214629032230633
 30
0.0
 11
-44.46391501553147
 21
8.34373186839052
 31
0.0
  0
LINE
  5
BD5
330
17
100
AcDbEntity
  8
ENGRAVE_COMPASS
100
AcDbLine
 10
-44.19175464661298
 20
5.558814734595849
 30
0.0
 11
-44.886281549456015
 21
5.646178235139565
 31
0.0
  0
LINE
  5
BD6
330
17
100
AcDbEntity
  8
ENGRAVE_COMPASS
100
AcDbLine
 10
-44.44535258024637
 20
2.902108546830604
 30
0.0
 11
-45.143865081507535
 21
2.947718694625427
 31
0.0
  0
LINE
  5
BD7
330
17
100
AcDbEntity
  8
ENGRAVE_COMPASS
100
AcDbLine
 10
-44.53926307347943
 20
0.25621255119777686
 30
0.0
 11
-45.9392399100953
 21
0.26426593179222874
 31
0.0
  0
TEXT
  5
BD8
330
17
100
AcDbEntity
  8
ENGRAVE_TEXT
100
AcDbText
 10
-46.95922303391545
 20
0.270133394796758
 30
0.0
 40
3.8
  1
50
 50
-270.3295909026364
 72
1
 11
-46.95922303391545
 21
0.270133394796758
 31
0.0
100
AcDbText
 73
2
  0
LINE
  5
BD9
330
17
100
AcDbEntity
  8
ENGRAVE_COMPASS
100
AcDbLine
 10
-44.477039479468154
 20
-2.3673950117863853
 30
0.0
 11
-45.17604997869643
 21
-2.4046014892953766
 31
0.0
  0
LINE
  5
BDA
330
17
100
AcDbEntity
  8
ENGRAVE_COMPASS
100
AcDbLine
 10
-44.26323973057268
 20
-4.957540575109064
 30
0.0
 11
-44.95889010801769
 21
-5.035454324605614
 31
0.0
  0
LINE
  5
BDB
330
17
100
AcDbEntity
  8
ENGRAVE_COMPASS
100
AcDbLine
 10
-43.90341692507086
 20
-7.503438032222437
 30
0.0
 11
-44.59341225168849
 21
-7.621363641170701
 31
0.0
  0
LINE
  5
BDC
330
17
100
AcDbEntity
  8
ENGRAVE_COMPASS
100
AcDbLine
 10
-43.40410241260514
 20
-9.994773321896016
 30
0.0
 11
-44.08625040741483
 21
-10.151853279806371
 31
0.0
  0
LINE
  5
BDD
330
17
100
AcDbEntity
  8
ENGRAVE_COMPASS
100
AcDbLine
 10
-42.772780124609774
 20
-12.421790547734531
 30
0.0
 11
-44.11723212673042
 21
-12.812237489064309
 31
0.0
  0
TEXT
  5
BDE
330
17
100
AcDbEntity
  8
ENGRAVE_TEXT
100
AcDbText
 10
-45.09676144256118
 20
-13.096705974890293
 30
0.0
 40
3.8
  1
60
 50
-253.80599226836563
 72
1
 11
-45.09676144256118
 21
-13.096705974890293
 31
0.0
100
AcDbText
 73
2
  0
LINE
  5
BDF
330
17
100
AcDbEntity
  8
ENGRAVE_COMPASS
100
AcDbLine
 10
-40.6741912423574
 20
-18.14997980109443
 30
0.0
 11
-41.31343537952961
 21
-18.43522869783368
 31
0.0
  0
LINE
  5
BE0
330
17
100
AcDbEntity
  8
ENGRAVE_COMPASS
100
AcDbLine
 10
-37.95903970932556
 20
-23.30070609114336
 30
0.0
 11
-39.1521841995154
 21
-24.0331036782022
 31
0.0
  0
TEXT
  5
BE1
330
17
100
AcDbEntity
  8
ENGRAVE_TEXT
100
AcDbText
 10
-40.02147518522516
 20
-24.566707634487926
 30
0.0
 40
3.8
  1
70
 50
-238.45681062641145
 72
1
 11
-40.02147518522516
 21
-24.566707634487926
 31
0.0
100
AcDbText
 73
2
  0
LINE
  5
BE2
330
17
100
AcDbEntity
  8
ENGRAVE_COMPASS
100
AcDbLine
 10
-34.80684296317342
 20
-27.790201203607445
 30
0.0
 11
-35.35387462177741
 21
-28.226957845783584
 31
0.0
  0
LINE
  5
BE3
330
17
100
AcDbEntity
  8
ENGRAVE_COMPASS
100
AcDbLine
 10
-31.410744870780967
 20
-31.578104861797954
 30
0.0
 11
-32.398060605381175
 21
-32.570681125976606
 31
0.0
  0
TEXT
  5
BE4
330
17
100
AcDbEntity
  8
ENGRAVE_TEXT
100
AcDbText
 10
-33.1173906405899
 20
-33.29384383273534
 30
0.0
 40
3.8
  1
80
 50
-224.84776672981394
 72
1
 11
-33.1173906405899
 21
-33.29384383273534
 31
0.0
100
AcDbText
 73
2
  0
LINE
  5
BE5
330
17
100
AcDbEntity
  8
ENGRAVE_COMPASS
100
AcDbLine
 10
-27.960151735290307
 20
-34.670470359364074
 30
0.0
 11
-28.399579355737167
 21
-35.21535875746813
 31
0.0
  0
LINE
  5
BE6
330
17
100
AcDbEntity
  8
ENGRAVE_COMPASS
100
AcDbLine
 10
-24.620411360404923
 20
-37.11666666666667
 30
0.0
 11
-25.394290478154513
 21
-38.28333333333333
 31
0.0
  0
TEXT
  5
BE7
330
17
100
AcDbEntity
  8
ENGRAVE_TEXT
100
AcDbText
 10
-25.958116692514935
 20
-39.13333333333333
 30
0.0
 40
3.8
  1
90
 50
-213.55730976192072
 72
1
 11
-25.958116692514935
 21
-39.13333333333333
 31
0.0
100
AcDbText
 73
2
  0
LINE
  5
BE8
330
17
100
AcDbEntity
  8
ENGRAVE_COMPASS
100
AcDbLine
 10
-21.514910207552738
 20
-38.99897740660572
 30
0.0
 11
-21.85304305769389
 21
-39.61189353109211
 31
0.0
  0
LINE
  5
BE9
330
17
100
AcDbEntity
  8
ENGRAVE_COMPASS
100
AcDbLine
 10
-18.71609721767656
 20
-40.416819579705674
 30
0.0
 11
-19.304389451730152
 21
-41.68721803977724
 31
0.0
  0
TEXT
  5
BEA
330
17
100
AcDbEntity
  8
ENGRAVE_TEXT
100
AcDbText
 10
-19.733002365112064
 20
-42.61279406068654
 30
0.0
 40
3.8
  1
100
 50
-204.84776672981394
 72
1
 11
-19.733002365112064
 21
-42.61279406068654
 31
0.0
100
AcDbText
 73
2
  0
LINE
  5
BEB
330
17
100
AcDbEntity
  8
ENGRAVE_COMPASS
100
AcDbLine
 10
-16.24850962984009
 20
-41.47044170019164
 30
0.0
 11
-16.503874621777406
 21
-42.12219987688976
 31
0.0
  0
LINE
  5
BEC
330
17
100
AcDbEntity
  8
ENGRAVE_COMPASS
100
AcDbLine
 10
-14.100906263126838
 20
-42.2489768226227
 30
0.0
 11
-14.544131875349054
 21
-43.57696441920267
 31
0.0
  0
TEXT
  5
BED
330
17
100
AcDbEntity
  8
ENGRAVE_TEXT
100
AcDbText
 10
-14.867053392825243
 20
-44.54449823956808
 30
0.0
 40
3.8
  1
110
 50
-198.45681062641142
 72
1
 11
-14.867053392825243
 21
-44.54449823956808
 31
0.0
100
AcDbText
 73
2
  0
LINE
  5
BEE
330
17
100
AcDbEntity
  8
ENGRAVE_COMPASS
100
AcDbLine
 10
-12.241174995258008
 20
-42.82482031177095
 30
0.0
 11
-12.433559873944146
 21
-43.497864187348846
 31
0.0
  0
LINE
  5
BEF
330
17
100
AcDbEntity
  8
ENGRAVE_COMPASS
100
AcDbLine
 10
-10.628803887477366
 20
-43.25320945226546
 30
0.0
 11
-10.962892918516168
 21
-44.612762510935674
 31
0.0
  0
TEXT
  5
BF0
330
17
100
AcDbEntity
  8
ENGRAVE_TEXT
100
AcDbText
 10
-11.206300641130156
 20
-45.6032940251097
 30
0.0
 40
3.8
  1
120
 50
-193.80599226836563
 72
1
 11
-11.206300641130156
 21
-45.6032940251097
 31
0.0
100
AcDbText
 73
2
  0
LINE
  5
BF1
330
17
100
AcDbEntity
  8
ENGRAVE_COMPASS
100
AcDbLine
 10
-7.986481974176307
 20
-43.818120745602
 30
0.0
 11
-8.23751643227794
 21
-45.19543033347453
 31
0.0
  0
LINE
  5
BF2
330
17
100
AcDbEntity
  8
ENGRAVE_COMPASS
100
AcDbLine
 10
-5.899611712912622
 20
-44.14755012044116
 30
0.0
 11
-6.085050787858236
 21
-45.535214470881606
 31
0.0
  0
TEXT
  5
BF3
330
17
100
AcDbEntity
  8
ENGRAVE_TEXT
100
AcDbText
 10
-6.220156399604328
 20
-46.546227069059654
 30
0.0
 40
3.8
  1
140
 50
-187.61156617542062
 72
1
 11
-6.220156399604328
 21
-46.546227069059654
 31
0.0
100
AcDbText
 73
2
  0
LINE
  5
BF4
330
17
100
AcDbEntity
  8
ENGRAVE_COMPASS
100
AcDbLine
 10
-4.172763447511907
 20
-44.34410496572356
 30
0.0
 11
-4.3039235019914015
 21
-45.73794751067221
 31
0.0
  0
LINE
  5
BF5
330
17
100
AcDbEntity
  8
ENGRAVE_COMPASS
100
AcDbLine
 10
-2.672660149438797
 20
-44.45974007712597
 30
0.0
 11
-2.756668326565297
 21
-45.85721731349724
 31
0.0
  0
TEXT
  5
BF6
330
17
100
AcDbEntity
  8
ENGRAVE_TEXT
100
AcDbText
 10
-2.817874284186033
 20
-46.87537929999631
 30
0.0
 40
3.8
  1
160
 50
-183.44014802503668
 72
1
 11
-2.817874284186033
 21
-46.87537929999631
 31
0.0
100
AcDbText
 73
2
  0
LINE
  5
BF7
330
17
100
AcDbEntity
  8
ENGRAVE_COMPASS
100
AcDbLine
 10
-1.3055593316765546
 20
-44.52086156883616
 30
0.0
 11
-1.3465962213116505
 21
-45.920260001624
 31
0.0
  0
CIRCLE
  5
BF8
330
17
100
AcDbEntity
  8
CUT_REFERENCE
100
AcDbCircle
 10
0.0
 20
0.0
 30
0.0
 40
53.18
  0
LINE
  5
BF9
330
17
100
AcDbEntity
  8
ENGRAVE_LOG
100
AcDbLine
 10
0.0
 20
51.78
 30
0.0
 11
0.0
 21
53.18
 31
0.0
  0
LINE
  5
BFA
330
17
100
AcDbEntity
  8
ENGRAVE_LOG
100
AcDbLine
 10
0.0
 20
53.18
 30
0.0
 11
0.0
 21
54.58
 31
0.0
  0
TEXT
  5
BFB
330
17
100
AcDbEntity
  8
ENGRAVE_TEXT
100
AcDbText
 10
0.0
 20
50.76
 30
0.0
 40
3.8
  1
1
 72
1
 11
0.0
 21
50.76
 31
0.0
100
AcDbText
 73
2
  0
TEXT
  5
BFC
330
17
100
AcDbEntity
  8
ENGRAVE_TEXT
100
AcDbText
 10
0.0
 20
55.6
 30
0.0
 40
3.8
  1
1
 72
1
 11
0.0
 21
55.6
 31
0.0
100
AcDbText
 73
2
  0
LINE
  5
BFD
330
17
100
AcDbEntity
  8
ENGRAVE_LOG
100
AcDbLine
 10
1.4247614756583955
 20
52.46065625530698
 30
0.0
 11
1.4437655349754857
 21
53.16039824041969
 31
0.0
  0
LINE
  5
BFE
330
17
100
AcDbEntity
  8
ENGRAVE_LOG
100
AcDbLine
 10
1.4437655349754857
 20
53.16039824041969
 30
0.0
 11
1.4627695942925756
 21
53.8601402255324
 31
0.0
  0
LINE
  5
BFF
330
17
100
AcDbEntity
  8
ENGRAVE_LOG
100
AcDbLine
 10
2.8344542190790722
 20
52.40339940576321
 30
0.0
 11
2.8722613447146546
 21
53.10237767527607
 31
0.0
  0
LINE
  5
C00
330
17
100
AcDbEntity
  8
ENGRAVE_LOG
100
AcDbLine
 10
2.8722613447146546
 20
53.10237767527607
 30
0.0
 11
2.910068470350237
 21
53.80135594478892
 31
0.0
  0
LINE
  5
C01
330
17
100
AcDbEntity
  8
ENGRAVE_LOG
100
AcDbLine
 10
4.228378236776148
 20
52.30937982319001
 30
0.0
 11
4.284778098928269
 21
53.00710402052677
 31
0.0
  0
LINE
  5
C02
330
17
100
AcDbEntity
  8
ENGRAVE_LOG
100
AcDbLine
 10
4.284778098928269
 20
53.00710402052677
 30
0.0
 11
4.3411779610803904
 21
53.70482821786353
 31
0.0
  0
LINE
  5
C03
330
17
100
AcDbEntity
  8
ENGRAVE_LOG
100
AcDbLine
 10
5.605883952663476
 20
52.179732321173034
 30
0.0
 11
5.680657557215008
 21
52.87572722637161
 31
0.0
  0
LINE
  5
C04
330
17
100
AcDbEntity
  8
ENGRAVE_LOG
100
AcDbLine
 10
5.680657557215008
 20
52.87572722637161
 30
0.0
 11
5.755431161766541
 21
53.57172213157018
 31
0.0
  0
LINE
  5
C05
330
17
100
AcDbEntity
  8
ENGRAVE_LOG
100
AcDbLine
 10
6.910617664806807
 20
51.59929227703477
 30
0.0
 11
7.059290192363157
 21
52.70938077780847
 31
0.0
  0
LINE
  5
C06
330
17
100
AcDbEntity
  8
ENGRAVE_LOG
100
AcDbLine
 10
7.059290192363157
 20
52.70938077780847
 30
0.0
 11
7.207962719919508
 21
53.81946927858217
 31
0.0
  0
LINE
  5
C07
330
17
100
AcDbEntity
  8
ENGRAVE_LOG
100
AcDbLine
 10
8.309280283693036
 20
51.818010972701664
 30
0.0
 11
8.420112909428273
 21
52.509181088572305
 31
0.0
  0
LINE
  5
C08
330
17
100
AcDbEntity
  8
ENGRAVE_LOG
100
AcDbLine
 10
8.420112909428273
 20
52.509181088572305
 30
0.0
 11
8.530945535163507
 21
53.200351204442946
 31
0.0
  0
LINE
  5
C09
330
17
100
AcDbEntity
  8
ENGRAVE_LOG
100
AcDbLine
 10
9.634103194448304
 20
51.58812320329865
 30
0.0
 11
9.76260685748401
 21
52.27622698078167
 31
0.0
  0
LINE
  5
C0A
330
17
100
AcDbEntity
  8
ENGRAVE_LOG
100
AcDbLine
 10
9.76260685748401
 20
52.27622698078167
 30
0.0
 11
9.891110520519716
 21
52.9643307582647
 31
0.0
  0
LINE
  5
C0B
330
17
100
AcDbEntity
  8
ENGRAVE_LOG
100
AcDbLine
 10
10.940368164134581
 20
51.32697871912188
 30
0.0
 11
11.086295330958023
 21
52.01159924319553
 31
0.0
  0
LINE
  5
C0C
330
17
100
AcDbEntity
  8
ENGRAVE_LOG
100
AcDbLine
 10
11.086295330958023
 20
52.01159924319553
 30
0.0
 11
11.232222497781464
 21
52.69621976726919
 31
0.0
  0
LINE
  5
C0D
330
17
100
AcDbEntity
  8
ENGRAVE_LOG
100
AcDbLine
 10
12.227644366927311
 20
51.03562592185924
 30
0.0
 11
12.390741757492272
 21
51.71636026151819
 31
0.0
  0
LINE
  5
C0E
330
17
100
AcDbEntity
  8
ENGRAVE_LOG
100
AcDbLine
 10
12.390741757492272
 20
51.71636026151819
 30
0.0
 11
12.553839148057232
 21
52.39709460117714
 31
0.0
  0
LINE
  5
C0F
330
17
100
AcDbEntity
  8
ENGRAVE_LOG
100
AcDbLine
 10
13.31552958809027
 20
50.038635790643745
 30
0.0
 11
13.675547769305535
 21
51.39155371468586
 31
0.0
  0
LINE
  5
C10
330
17
100
AcDbEntity
  8
ENGRAVE_LOG
100
AcDbLine
 10
13.675547769305535
 20
51.39155371468586
 30
0.0
 11
14.035565950520798
 21
52.74447163872799
 31
0.0
  0
TEXT
  5
C11
330
17
100
AcDbEntity
  8
ENGRAVE_TEXT
100
AcDbText
 10
13.053230627490578
 20
49.05293844598447
 30
0.0
 40
3.8
  1
1.1
 50
-14.901366656961025
 72
1
 11
13.053230627490578
 21
49.05293844598447
 31
0.0
100
AcDbText
 73
2
  0
TEXT
  5
C12
330
17
100
AcDbEntity
  8
ENGRAVE_TEXT
100
AcDbText
 10
14.297864911120492
 20
53.73016898338726
 30
0.0
 40
3.8
  1
1.1
 50
-14.901366656961025
 72
1
 11
14.297864911120492
 21
53.73016898338726
 31
0.0
100
AcDbText
 73
2
  0
LINE
  5
C13
330
17
100
AcDbEntity
  8
ENGRAVE_LOG
100
AcDbLine
 10
14.743693853230013
 20
50.36639645202173
 30
0.0
 11
14.94035135508331
 21
51.0382043315266
 31
0.0
  0
LINE
  5
C14
330
17
100
AcDbEntity
  8
ENGRAVE_LOG
100
AcDbLine
 10
14.94035135508331
 20
51.0382043315266
 30
0.0
 11
15.137008856936607
 21
51.71001221103147
 31
0.0
  0
LINE
  5
C15
330
17
100
AcDbEntity
  8
ENGRAVE_LOG
100
AcDbLine
 10
15.971786775021503
 20
49.99052337406808
 30
0.0
 11
16.184825089474916
 21
50.65731770260939
 31
0.0
  0
LINE
  5
C16
330
17
100
AcDbEntity
  8
ENGRAVE_LOG
100
AcDbLine
 10
16.184825089474916
 20
50.65731770260939
 30
0.0
 11
16.39786340392833
 21
51.3241120311507
 31
0.0
  0
LINE
  5
C17
330
17
100
AcDbEntity
  8
ENGRAVE_LOG
100
AcDbLine
 10
17.179526785850417
 20
49.58844885065722
 30
0.0
 11
17.40867443733851
 21
50.24988014249145
 31
0.0
  0
LINE
  5
C18
330
17
100
AcDbEntity
  8
ENGRAVE_LOG
100
AcDbLine
 10
17.40867443733851
 20
50.24988014249145
 30
0.0
 11
17.63782208882661
 21
50.911311434325675
 31
0.0
  0
LINE
  5
C19
330
17
100
AcDbEntity
  8
ENGRAVE_LOG
100
AcDbLine
 10
18.366654082348152
 20
49.16112710078323
 30
0.0
 11
18.611636129940447
 21
49.81685859793545
 31
0.0
  0
LINE
  5
C1A
330
17
100
AcDbEntity
  8
ENGRAVE_LOG
100
AcDbLine
 10
18.611636129940447
 20
49.81685859793545
 30
0.0
 11
18.856618177532745
 21
50.472590095087675
 31
0.0
  0
LINE
  5
C1B
330
17
100
AcDbEntity
  8
ENGRAVE_LOG
100
AcDbLine
 10
19.37661512479496
 20
48.31966873133101
 30
0.0
 11
19.793476610384094
 21
49.35920059800582
 31
0.0
  0
LINE
  5
C1C
330
17
100
AcDbEntity
  8
ENGRAVE_LOG
100
AcDbLine
 10
19.793476610384094
 20
49.35920059800582
 30
0.0
 11
20.210338095973228
 21
50.39873246468063
 31
0.0
  0
LINE
  5
C1D
330
17
100
AcDbEntity
  8
ENGRAVE_LOG
100
AcDbLine
 10
20.678176454192407
 20
48.23446297544197
 30
0.0
 11
20.95399054561647
 21
48.877834242263795
 31
0.0
  0
LINE
  5
C1E
330
17
100
AcDbEntity
  8
ENGRAVE_LOG
100
AcDbLine
 10
20.95399054561647
 20
48.877834242263795
 30
0.0
 11
21.22980463704053
 21
49.521205509085625
 31
0.0
  0
LINE
  5
C1F
330
17
100
AcDbEntity
  8
ENGRAVE_LOG
100
AcDbLine
 10
21.802192716054005
 20
47.73693321498608
 30
0.0
 11
22.092999402434298
 21
48.37366822357012
 31
0.0
  0
LINE
  5
C20
330
17
100
AcDbEntity
  8
ENGRAVE_LOG
100
AcDbLine
 10
22.092999402434298
 20
48.37366822357012
 30
0.0
 11
22.383806088814595
 21
49.01040323215416
 31
0.0
  0
LINE
  5
C21
330
17
100
AcDbEntity
  8
ENGRAVE_LOG
100
AcDbLine
 10
22.904835886802015
 20
47.21778153406475
 30
0.0
 11
23.210350084987258
 21
47.84759188227065
 31
0.0
  0
LINE
  5
C22
330
17
100
AcDbEntity
  8
ENGRAVE_LOG
100
AcDbLine
 10
23.210350084987258
 20
47.84759188227065
 30
0.0
 11
23.5158642831725
 21
48.47740223047654
 31
0.0
  0
LINE
  5
C23
330
17
100
AcDbEntity
  8
ENGRAVE_LOG
100
AcDbLine
 10
23.985978702019246
 20
46.677866550499914
 30
0.0
 11
24.30591363135258
 21
47.30047528878784
 31
0.0
  0
LINE
  5
C24
330
17
100
AcDbEntity
  8
ENGRAVE_LOG
100
AcDbLine
 10
24.30591363135258
 20
47.30047528878784
 30
0.0
 11
24.62584856068592
 21
47.92308402707575
 31
0.0
  0
LINE
  5
C25
330
17
100
AcDbEntity
  8
ENGRAVE_LOG
100
AcDbLine
 10
24.7114489996718
 20
45.50288659345273
 30
0.0
 11
25.379583966831717
 21
46.733169351869755
 31
0.0
  0
LINE
  5
C26
330
17
100
AcDbEntity
  8
ENGRAVE_LOG
100
AcDbLine
 10
25.379583966831717
 20
46.733169351869755
 30
0.0
 11
26.047718933991632
 21
47.96345211028678
 31
0.0
  0
TEXT
  5
C27
330
17
100
AcDbEntity
  8
ENGRAVE_TEXT
100
AcDbText
 10
24.224664952169572
 20
44.60653772660603
 30
0.0
 40
3.8
  1
1.2
 50
-28.505248577144933
 72
1
 11
24.224664952169572
 21
44.60653772660603
 31
0.0
100
AcDbText
 73
2
  0
TEXT
  5
C28
330
17
100
AcDbEntity
  8
ENGRAVE_TEXT
100
AcDbText
 10
26.53450298149386
 20
48.85980097713348
 30
0.0
 40
3.8
  1
1.2
 50
-28.505248577144933
 72
1
 11
26.53450298149386
 21
48.85980097713348
 31
0.0
100
AcDbText
 73
2
  0
LINE
  5
C29
330
17
100
AcDbEntity
  8
ENGRAVE_LOG
100
AcDbLine
 10
26.08336596144879
 20
45.539086729107055
 30
0.0
 11
26.43127671169678
 21
46.14650594996024
 31
0.0
  0
LINE
  5
C2A
330
17
100
AcDbEntity
  8
ENGRAVE_LOG
100
AcDbLine
 10
26.43127671169678
 20
46.14650594996024
 30
0.0
 11
26.779187461944762
 21
46.753925170813424
 31
0.0
  0
LINE
  5
C2B
330
17
100
AcDbEntity
  8
ENGRAVE_LOG
100
AcDbLine
 10
27.099464151968192
 20
44.94184511873306
 30
0.0
 11
27.460928041190332
 21
45.54129808335031
 31
0.0
  0
LINE
  5
C2C
330
17
100
AcDbEntity
  8
ENGRAVE_LOG
100
AcDbLine
 10
27.460928041190332
 20
45.54129808335031
 30
0.0
 11
27.82239193041247
 21
46.14075104796756
 31
0.0
  0
LINE
  5
C2D
330
17
100
AcDbEntity
  8
ENGRAVE_LOG
100
AcDbLine
 10
28.093767279054557
 20
44.32708697929882
 30
0.0
 11
28.468493595657804
 21
44.91834004495258
 31
0.0
  0
LINE
  5
C2E
330
17
100
AcDbEntity
  8
ENGRAVE_LOG
100
AcDbLine
 10
28.468493595657804
 20
44.91834004495258
 30
0.0
 11
28.84321991226105
 21
45.50959311060634
 31
0.0
  0
LINE
  5
C2F
330
17
100
AcDbEntity
  8
ENGRAVE_LOG
100
AcDbLine
 10
29.066249747770478
 20
43.695577872368645
 30
0.0
 11
29.45394743876589
 21
44.278407607708935
 31
0.0
  0
LINE
  5
C30
330
17
100
AcDbEntity
  8
ENGRAVE_LOG
100
AcDbLine
 10
29.45394743876589
 20
44.278407607708935
 30
0.0
 11
29.841645129761307
 21
44.86123734304922
 31
0.0
  0
LINE
  5
C31
330
17
100
AcDbEntity
  8
ENGRAVE_LOG
100
AcDbLine
 10
29.776676421193624
 20
42.70354951649256
 30
0.0
 11
30.417281061833975
 21
43.622258226797435
 31
0.0
  0
LINE
  5
C32
330
17
100
AcDbEntity
  8
ENGRAVE_LOG
100
AcDbLine
 10
30.417281061833975
 20
43.622258226797435
 30
0.0
 11
31.05788570247433
 21
44.540966937102304
 31
0.0
  0
LINE
  5
C33
330
17
100
AcDbEntity
  8
ENGRAVE_LOG
100
AcDbLine
 10
30.945735382683953
 20
42.38527883151062
 30
0.0
 11
31.358502432376767
 21
42.950631254949215
 31
0.0
  0
LINE
  5
C34
330
17
100
AcDbEntity
  8
ENGRAVE_LOG
100
AcDbLine
 10
31.358502432376767
 20
42.950631254949215
 30
0.0
 11
31.77126948206958
 21
43.51598367838781
 31
0.0
  0
LINE
  5
C35
330
17
100
AcDbEntity
  8
ENGRAVE_LOG
100
AcDbLine
 10
31.85276963637128
 20
41.7079304987944
 30
0.0
 11
32.27763508502715
 21
42.26424816931947
 31
0.0
  0
LINE
  5
C36
330
17
100
AcDbEntity
  8
ENGRAVE_LOG
100
AcDbLine
 10
32.27763508502715
 20
42.26424816931947
 30
0.0
 11
32.70250053368302
 21
42.820565839844555
 31
0.0
  0
LINE
  5
C37
330
17
100
AcDbEntity
  8
ENGRAVE_LOG
100
AcDbLine
 10
32.73804365252829
 20
41.016714858764004
 30
0.0
 11
33.1747172530765
 21
41.56381280848075
 31
0.0
  0
LINE
  5
C38
330
17
100
AcDbEntity
  8
ENGRAVE_LOG
100
AcDbLine
 10
33.1747172530765
 20
41.56381280848075
 30
0.0
 11
33.611390853624705
 21
42.1109107581975
 31
0.0
  0
LINE
  5
C39
330
17
100
AcDbEntity
  8
ENGRAVE_LOG
100
AcDbLine
 10
33.601608847750924
 20
40.31230932162963
 30
0.0
 11
34.04980103893663
 21
40.85001161822149
 31
0.0
  0
LINE
  5
C3A
330
17
100
AcDbEntity
  8
ENGRAVE_LOG
100
AcDbLine
 10
34.04980103893663
 20
40.85001161822149
 30
0.0
 11
34.49799323012233
 21
41.38771391481335
 31
0.0
  0
LINE
  5
C3B
330
17
100
AcDbEntity
  8
ENGRAVE_LOG
100
AcDbLine
 10
33.98410746486657
 20
39.06723486268769
 30
0.0
 11
34.9029516218927
 21
40.123513904938804
 31
0.0
  0
LINE
  5
C3C
330
17
100
AcDbEntity
  8
ENGRAVE_LOG
100
AcDbLine
 10
34.9029516218927
 20
40.123513904938804
 30
0.0
 11
35.82179577891883
 21
41.179792947189924
 31
0.0
  0
TEXT
  5
C3D
330
17
100
AcDbEntity
  8
ENGRAVE_TEXT
100
AcDbText
 10
33.31466386474752
 20
38.297660131904735
 30
0.0
 40
3.8
  1
1.3
 50
-41.01960683046124
 72
1
 11
33.31466386474752
 21
38.297660131904735
 31
0.0
100
AcDbText
 73
2
  0
TEXT
  5
C3E
330
17
100
AcDbEntity
  8
ENGRAVE_TEXT
100
AcDbText
 10
36.49123937903787
 20
41.94936767797288
 30
0.0
 40
3.8
  1
1.3
 50
-41.01960683046124
 72
1
 11
36.49123937903787
 21
41.94936767797288
 31
0.0
100
AcDbText
 73
2
  0
LINE
  5
C3F
330
17
100
AcDbEntity
  8
ENGRAVE_LOG
100
AcDbLine
 10
35.26388221893354
 20
38.866553884402755
 30
0.0
 11
35.73424650157938
 21
39.38497209551331
 31
0.0
  0
LINE
  5
C40
330
17
100
AcDbEntity
  8
ENGRAVE_LOG
100
AcDbLine
 10
35.73424650157938
 20
39.38497209551331
 30
0.0
 11
36.20461078422522
 21
39.90339030662387
 31
0.0
  0
LINE
  5
C41
330
17
100
AcDbEntity
  8
ENGRAVE_LOG
100
AcDbLine
 10
36.062754799311406
 20
38.12647526699448
 30
0.0
 11
36.54377477567417
 21
38.635022002644185
 31
0.0
  0
LINE
  5
C42
330
17
100
AcDbEntity
  8
ENGRAVE_LOG
100
AcDbLine
 10
36.54377477567417
 20
38.635022002644185
 30
0.0
 11
37.02479475203695
 21
39.14356873829388
 31
0.0
  0
LINE
  5
C43
330
17
100
AcDbEntity
  8
ENGRAVE_LOG
100
AcDbLine
 10
36.84024597433147
 20
37.3757498459998
 30
0.0
 11
37.331636450361046
 21
37.87428309470788
 31
0.0
  0
LINE
  5
C44
330
17
100
AcDbEntity
  8
ENGRAVE_LOG
100
AcDbLine
 10
37.331636450361046
 20
37.87428309470788
 30
0.0
 11
37.82302692639062
 21
38.372816343415955
 31
0.0
  0
LINE
  5
C45
330
17
100
AcDbEntity
  8
ENGRAVE_LOG
100
AcDbLine
 10
37.59646454923917
 20
36.61497307656803
 30
0.0
 11
38.09794178217491
 21
37.1033587692814
 31
0.0
  0
LINE
  5
C46
330
17
100
AcDbEntity
  8
ENGRAVE_LOG
100
AcDbLine
 10
38.09794178217491
 20
37.1033587692814
 30
0.0
 11
38.59941901511065
 21
37.59174446199477
 31
0.0
  0
LINE
  5
C47
330
17
100
AcDbEntity
  8
ENGRAVE_LOG
100
AcDbLine
 10
38.02475972985068
 20
35.55785774603311
 30
0.0
 11
38.842810649893565
 21
36.322836629543616
 31
0.0
  0
LINE
  5
C48
330
17
100
AcDbEntity
  8
ENGRAVE_LOG
100
AcDbLine
 10
38.842810649893565
 20
36.322836629543616
 30
0.0
 11
39.66086156993645
 21
37.087815513054124
 31
0.0
  0
LINE
  5
C49
330
17
100
AcDbEntity
  8
ENGRAVE_LOG
100
AcDbLine
 10
39.045566006181424
 20
35.06556965538887
 30
0.0
 11
39.56637195519681
 21
35.53328876283499
 31
0.0
  0
LINE
  5
C4A
330
17
100
AcDbEntity
  8
ENGRAVE_LOG
100
AcDbLine
 10
39.56637195519681
 20
35.53328876283499
 30
0.0
 11
40.08717790421218
 21
36.00100787028111
 31
0.0
  0
LINE
  5
C4B
330
17
100
AcDbEntity
  8
ENGRAVE_LOG
100
AcDbLine
 10
39.73871163801049
 20
34.27805708249884
 30
0.0
 11
40.26876305086506
 21
34.73527202071815
 31
0.0
  0
LINE
  5
C4C
330
17
100
AcDbEntity
  8
ENGRAVE_LOG
100
AcDbLine
 10
40.26876305086506
 20
34.73527202071815
 30
0.0
 11
40.79881446371962
 21
35.19248695893746
 31
0.0
  0
LINE
  5
C4D
330
17
100
AcDbEntity
  8
ENGRAVE_LOG
100
AcDbLine
 10
40.41110906678064
 20
33.482721872523435
 30
0.0
 11
40.95012919533907
 21
33.92932829993896
 31
0.0
  0
LINE
  5
C4E
330
17
100
AcDbEntity
  8
ENGRAVE_LOG
100
AcDbLine
 10
40.95012919533907
 20
33.92932829993896
 30
0.0
 11
41.48914932389751
 21
34.375934727354476
 31
0.0
  0
LINE
  5
C4F
330
17
100
AcDbEntity
  8
ENGRAVE_LOG
100
AcDbLine
 10
41.06290892715679
 20
32.68008430894918
 30
0.0
 11
41.610623032511405
 21
33.11598482374081
 31
0.0
  0
LINE
  5
C50
330
17
100
AcDbEntity
  8
ENGRAVE_LOG
100
AcDbLine
 10
41.610623032511405
 20
33.11598482374081
 30
0.0
 11
42.15833713786601
 21
33.551885338532436
 31
0.0
  0
LINE
  5
C51
330
17
100
AcDbEntity
  8
ENGRAVE_LOG
100
AcDbLine
 10
41.138133209356525
 20
31.44554652171334
 30
0.0
 11
42.25040409566589
 21
32.29575442303429
 31
0.0
  0
LINE
  5
C52
330
17
100
AcDbEntity
  8
ENGRAVE_LOG
100
AcDbLine
 10
42.25040409566589
 20
32.29575442303429
 30
0.0
 11
43.36267498197526
 21
33.14596232435523
 31
0.0
  0
TEXT
  5
C53
330
17
100
AcDbEntity
  8
ENGRAVE_TEXT
100
AcDbText
 10
40.32776442075969
 20
30.82610933646522
 30
0.0
 40
3.8
  1
1.4
 50
-52.60609284416569
 72
1
 11
40.32776442075969
 21
30.82610933646522
 31
0.0
100
AcDbText
 73
2
  0
TEXT
  5
C54
330
17
100
AcDbEntity
  8
ENGRAVE_TEXT
100
AcDbText
 10
44.173043770572086
 20
33.765399509603355
 30
0.0
 40
3.8
  1
1.4
 50
-52.60609284416569
 72
1
 11
44.173043770572086
 21
33.765399509603355
 31
0.0
100
AcDbText
 73
2
  0
LINE
  5
C55
330
17
100
AcDbEntity
  8
ENGRAVE_LOG
100
AcDbLine
 10
42.30535200819811
 20
31.05491251738519
 30
0.0
 11
42.869638334526975
 21
31.469135816969217
 31
0.0
  0
LINE
  5
C56
330
17
100
AcDbEntity
  8
ENGRAVE_LOG
100
AcDbLine
 10
42.869638334526975
 20
31.469135816969217
 30
0.0
 11
43.433924660855844
 21
31.883359116553244
 31
0.0
  0
LINE
  5
C57
330
17
100
AcDbEntity
  8
ENGRAVE_LOG
100
AcDbLine
 10
42.89632864665157
 20
30.23334894844532
 30
0.0
 11
43.46849766442322
 21
30.63661389249852
 31
0.0
  0
LINE
  5
C58
330
17
100
AcDbEntity
  8
ENGRAVE_LOG
100
AcDbLine
 10
43.46849766442322
 20
30.63661389249852
 30
0.0
 11
44.04066668219487
 21
31.03987883655172
 31
0.0
  0
LINE
  5
C59
330
17
100
AcDbEntity
  8
ENGRAVE_LOG
100
AcDbLine
 10
43.46737368336476
 20
29.406424894412584
 30
0.0
 11
44.04715953661086
 21
29.798659982562143
 31
0.0
  0
LINE
  5
C5A
330
17
100
AcDbEntity
  8
ENGRAVE_LOG
100
AcDbLine
 10
44.04715953661086
 20
29.798659982562143
 30
0.0
 11
44.626945389856964
 21
30.190895070711704
 31
0.0
  0
LINE
  5
C5B
330
17
100
AcDbEntity
  8
ENGRAVE_LOG
100
AcDbLine
 10
44.018667292848804
 20
28.574592381370593
 30
0.0
 11
44.60580652884336
 21
28.955732142555036
 31
0.0
  0
LINE
  5
C5C
330
17
100
AcDbEntity
  8
ENGRAVE_LOG
100
AcDbLine
 10
44.60580652884336
 20
28.955732142555036
 30
0.0
 11
45.192945764837916
 21
29.33687190373948
 31
0.0
  0
LINE
  5
C5D
330
17
100
AcDbEntity
  8
ENGRAVE_LOG
100
AcDbLine
 10
44.19385534474383
 20
27.516299710677984
 30
0.0
 11
45.14462595531073
 21
28.10827542477632
 31
0.0
  0
LINE
  5
C5E
330
17
100
AcDbEntity
  8
ENGRAVE_LOG
100
AcDbLine
 10
45.14462595531073
 20
28.10827542477632
 30
0.0
 11
46.095396565877635
 21
28.700251138874656
 31
0.0
  0
LINE
  5
C5F
330
17
100
AcDbEntity
  8
ENGRAVE_LOG
100
AcDbLine
 10
45.062743931992294
 20
26.897946191478844
 30
0.0
 11
45.66380949510957
 21
27.25672215058775
 31
0.0
  0
LINE
  5
C60
330
17
100
AcDbEntity
  8
ENGRAVE_LOG
100
AcDbLine
 10
45.66380949510957
 20
27.25672215058775
 30
0.0
 11
46.26487505822685
 21
27.615498109696652
 31
0.0
  0
LINE
  5
C61
330
17
100
AcDbEntity
  8
ENGRAVE_LOG
100
AcDbLine
 10
45.55590923206692
 20
26.053973478908738
 30
0.0
 11
46.16355283843976
 21
26.401492180037476
 31
0.0
  0
LINE
  5
C62
330
17
100
AcDbEntity
  8
ENGRAVE_LOG
100
AcDbLine
 10
46.16355283843976
 20
26.401492180037476
 30
0.0
 11
46.77119644481261
 21
26.749010881166214
 31
0.0
  0
LINE
  5
C63
330
17
100
AcDbEntity
  8
ENGRAVE_LOG
100
AcDbLine
 10
46.030086964183816
 20
25.206774765322027
 30
0.0
 11
46.64405534975791
 21
25.54299317873143
 31
0.0
  0
LINE
  5
C64
330
17
100
AcDbEntity
  8
ENGRAVE_LOG
100
AcDbLine
 10
46.64405534975791
 20
25.54299317873143
 30
0.0
 11
47.25802373533202
 21
25.879211592140834
 31
0.0
  0
LINE
  5
C65
330
17
100
AcDbEntity
  8
ENGRAVE_LOG
100
AcDbLine
 10
46.48547717808237
 20
24.35674057680919
 30
0.0
 11
47.10551974714978
 21
24.68162088175901
 31
0.0
  0
LINE
  5
C66
330
17
100
AcDbEntity
  8
ENGRAVE_LOG
100
AcDbLine
 10
47.10551974714978
 20
24.68162088175901
 30
0.0
 11
47.72556231621719
 21
25.006501186708828
 31
0.0
  0
LINE
  5
C67
330
17
100
AcDbEntity
  8
ENGRAVE_LOG
100
AcDbLine
 10
46.29641406656312
 20
23.190740492216634
 30
0.0
 11
47.54815179721566
 21
23.817759354501362
 31
0.0
  0
LINE
  5
C68
330
17
100
AcDbEntity
  8
ENGRAVE_LOG
100
AcDbLine
 10
47.54815179721566
 20
23.817759354501362
 30
0.0
 11
48.799889527868196
 21
24.44477821678609
 31
0.0
  0
TEXT
  5
C69
330
17
100
AcDbEntity
  8
ENGRAVE_TEXT
100
AcDbText
 10
45.384433719944845
 20
22.733912463980612
 30
0.0
 40
3.8
  1
1.5
 50
-63.39285326004524
 72
1
 11
45.384433719944845
 21
22.733912463980612
 31
0.0
100
AcDbText
 73
2
  0
TEXT
  5
C6A
330
17
100
AcDbEntity
  8
ENGRAVE_TEXT
100
AcDbText
 10
49.711869874486474
 20
24.90160624502211
 30
0.0
 40
3.8
  1
1.5
 50
-63.39285326004524
 72
1
 11
49.711869874486474
 21
24.90160624502211
 31
0.0
100
AcDbText
 73
2
  0
LINE
  5
C6B
330
17
100
AcDbEntity
  8
ENGRAVE_LOG
100
AcDbLine
 10
47.34071000566178
 20
22.649670553008814
 30
0.0
 11
47.97216002479218
 21
22.951781250171663
 31
0.0
  0
LINE
  5
C6C
330
17
100
AcDbEntity
  8
ENGRAVE_LOG
100
AcDbLine
 10
47.97216002479218
 20
22.951781250171663
 30
0.0
 11
48.60361004392258
 21
23.25389194733451
 31
0.0
  0
LINE
  5
C6D
330
17
100
AcDbEntity
  8
ENGRAVE_LOG
100
AcDbLine
 10
47.74096662893111
 20
21.793359202639824
 30
0.0
 11
48.377755436862735
 21
22.084048063955525
 31
0.0
  0
LINE
  5
C6E
330
17
100
AcDbEntity
  8
ENGRAVE_LOG
100
AcDbLine
 10
48.377755436862735
 20
22.084048063955525
 30
0.0
 11
49.014544244794365
 21
22.374736925271225
 31
0.0
  0
LINE
  5
C6F
330
17
100
AcDbEntity
  8
ENGRAVE_LOG
100
AcDbLine
 10
48.12326322163834
 20
20.935661845303827
 30
0.0
 11
48.76515126003672
 21
21.21491038363677
 31
0.0
  0
LINE
  5
C70
330
17
100
AcDbEntity
  8
ENGRAVE_LOG
100
AcDbLine
 10
48.76515126003672
 20
21.21491038363677
 30
0.0
 11
49.407039298435095
 21
21.49415892196971
 31
0.0
  0
LINE
  5
C71
330
17
100
AcDbEntity
  8
ENGRAVE_LOG
100
AcDbLine
 10
48.48781214787252
 20
20.076913933984624
 30
0.0
 11
49.13456269100344
 21
20.34470813661018
 31
0.0
  0
LINE
  5
C72
330
17
100
AcDbEntity
  8
ENGRAVE_LOG
100
AcDbLine
 10
49.13456269100344
 20
20.34470813661018
 30
0.0
 11
49.781313234134366
 21
20.61250233923574
 31
0.0
  0
LINE
  5
C73
330
17
100
AcDbEntity
  8
ENGRAVE_LOG
100
AcDbLine
 10
48.443999975328616
 20
19.063642526819518
 30
0.0
 11
49.486206659392536
 21
19.4737708331975
 31
0.0
  0
LINE
  5
C74
330
17
100
AcDbEntity
  8
ENGRAVE_LOG
100
AcDbLine
 10
49.486206659392536
 20
19.4737708331975
 30
0.0
 11
50.528413343456464
 21
19.883899139575483
 31
0.0
  0
LINE
  5
C75
330
17
100
AcDbEntity
  8
ENGRAVE_LOG
100
AcDbLine
 10
49.164524785615185
 20
18.357557097953688
 30
0.0
 11
49.820301602496485
 21
18.60241780619621
 31
0.0
  0
LINE
  5
C76
330
17
100
AcDbEntity
  8
ENGRAVE_LOG
100
AcDbLine
 10
49.820301602496485
 20
18.60241780619621
 30
0.0
 11
50.47607841937779
 21
18.847278514438734
 31
0.0
  0
LINE
  5
C77
330
17
100
AcDbEntity
  8
ENGRAVE_LOG
100
AcDbLine
 10
49.477120897894416
 20
17.497568621243904
 30
0.0
 11
50.13706725133432
 21
17.730958446603484
 31
0.0
  0
LINE
  5
C78
330
17
100
AcDbEntity
  8
ENGRAVE_LOG
100
AcDbLine
 10
50.13706725133432
 20
17.730958446603484
 30
0.0
 11
50.79701360477422
 21
17.964348271963065
 31
0.0
  0
LINE
  5
C79
330
17
100
AcDbEntity
  8
ENGRAVE_LOG
100
AcDbLine
 10
49.77283373370124
 20
16.637770947976517
 30
0.0
 11
50.43672442755778
 21
16.85969243546858
 31
0.0
  0
LINE
  5
C7A
330
17
100
AcDbEntity
  8
ENGRAVE_LOG
100
AcDbLine
 10
50.43672442755778
 20
16.85969243546858
 30
0.0
 11
51.100615121414315
 21
17.08161392296065
 31
0.0
  0
LINE
  5
C7B
330
17
100
AcDbEntity
  8
ENGRAVE_LOG
100
AcDbLine
 10
50.05188209413142
 20
15.778450457353719
 30
0.0
 11
50.719494850722356
 21
15.98890997183824
 31
0.0
  0
LINE
  5
C7C
330
17
100
AcDbEntity
  8
ENGRAVE_LOG
100
AcDbLine
 10
50.719494850722356
 20
15.98890997183824
 30
0.0
 11
51.38710760731329
 21
16.199369486322762
 31
0.0
  0
LINE
  5
C7D
330
17
100
AcDbEntity
  8
ENGRAVE_LOG
100
AcDbLine
 10
49.6433700164358
 20
14.7208767881279
 30
0.0
 11
50.98560095546651
 21
15.118891996767896
 31
0.0
  0
LINE
  5
C7E
330
17
100
AcDbEntity
  8
ENGRAVE_LOG
100
AcDbLine
 10
50.98560095546651
 20
15.118891996767896
 30
0.0
 11
52.327831894497216
 21
15.516907205407893
 31
0.0
  0
TEXT
  5
C7F
330
17
100
AcDbEntity
  8
ENGRAVE_TEXT
100
AcDbText
 10
48.66545890371343
 20
14.4308942789759
 30
0.0
 40
3.8
  1
1.6
 50
-73.48319375613293
 72
1
 11
48.66545890371343
 21
14.4308942789759
 31
0.0
100
AcDbText
 73
2
  0
TEXT
  5
C80
330
17
100
AcDbEntity
  8
ENGRAVE_TEXT
100
AcDbText
 10
53.3057430072196
 20
15.806889714559892
 30
0.0
 40
3.8
  1
1.6
 50
-73.48319375613293
 72
1
 11
53.3057430072196
 21
15.806889714559892
 31
0.0
100
AcDbText
 73
2
  0
LINE
  5
C81
330
17
100
AcDbEntity
  8
ENGRAVE_LOG
100
AcDbLine
 10
50.56086395052848
 20
14.062341077365092
 30
0.0
 11
51.235265718161294
 21
14.249910413381777
 31
0.0
  0
LINE
  5
C82
330
17
100
AcDbEntity
  8
ENGRAVE_LOG
100
AcDbLine
 10
51.235265718161294
 20
14.249910413381777
 30
0.0
 11
51.9096674857941
 21
14.437479749398461
 31
0.0
  0
LINE
  5
C83
330
17
100
AcDbEntity
  8
ENGRAVE_LOG
100
AcDbLine
 10
50.79123790169745
 20
13.206080130499448
 30
0.0
 11
51.46871249261186
 21
13.382228302971813
 31
0.0
  0
LINE
  5
C84
330
17
100
AcDbEntity
  8
ENGRAVE_LOG
100
AcDbLine
 10
51.46871249261186
 20
13.382228302971813
 30
0.0
 11
52.14618708352627
 21
13.558376475444176
 31
0.0
  0
LINE
  5
C85
330
17
100
AcDbEntity
  8
ENGRAVE_LOG
100
AcDbLine
 10
51.00582797215947
 20
12.351352673876406
 30
0.0
 11
51.68616485441008
 21
12.516100137133142
 31
0.0
  0
LINE
  5
C86
330
17
100
AcDbEntity
  8
ENGRAVE_LOG
100
AcDbLine
 10
51.68616485441008
 20
12.516100137133142
 30
0.0
 11
52.36650173666069
 21
12.680847600389878
 31
0.0
  0
LINE
  5
C87
330
17
100
AcDbEntity
  8
ENGRAVE_LOG
100
AcDbLine
 10
51.204854868043284
 20
11.49840153858891
 30
0.0
 11
51.88784645355453
 21
11.651771985940517
 31
0.0
  0
LINE
  5
C88
330
17
100
AcDbEntity
  8
ENGRAVE_LOG
100
AcDbLine
 10
51.88784645355453
 20
11.651771985940517
 30
0.0
 11
52.570838039065784
 21
11.805142433292122
 31
0.0
  0
LINE
  5
C89
330
17
100
AcDbEntity
  8
ENGRAVE_LOG
100
AcDbLine
 10
50.97727424503545
 20
10.562249312833186
 30
0.0
 11
52.07398087497091
 21
10.789481722175736
 31
0.0
  0
LINE
  5
C8A
330
17
100
AcDbEntity
  8
ENGRAVE_LOG
100
AcDbLine
 10
52.07398087497091
 20
10.789481722175736
 30
0.0
 11
53.170687504906354
 21
11.016714131518286
 31
0.0
  0
LINE
  5
C8B
330
17
100
AcDbEntity
  8
ENGRAVE_LOG
100
AcDbLine
 10
51.55710150931518
 20
9.798759307084232
 30
0.0
 11
52.2447915065812
 21
9.929459221622322
 31
0.0
  0
LINE
  5
C8C
330
17
100
AcDbEntity
  8
ENGRAVE_LOG
100
AcDbLine
 10
52.2447915065812
 20
9.929459221622322
 30
0.0
 11
52.93248150384722
 21
10.060159136160413
 31
0.0
  0
LINE
  5
C8D
330
17
100
AcDbEntity
  8
ENGRAVE_LOG
100
AcDbLine
 10
51.710761832219845
 20
8.952514212858592
 30
0.0
 11
52.400501414585584
 21
9.071926559447789
 31
0.0
  0
LINE
  5
C8E
330
17
100
AcDbEntity
  8
ENGRAVE_LOG
100
AcDbLine
 10
52.400501414585584
 20
9.071926559447789
 30
0.0
 11
53.09024099695132
 21
9.191338906036984
 31
0.0
  0
LINE
  5
C8F
330
17
100
AcDbEntity
  8
ENGRAVE_LOG
100
AcDbLine
 10
51.84973989622633
 20
8.10893782771052
 30
0.0
 11
52.541333225634844
 21
8.217098202699036
 31
0.0
  0
LINE
  5
C90
330
17
100
AcDbEntity
  8
ENGRAVE_LOG
100
AcDbLine
 10
52.541333225634844
 20
8.217098202699036
 30
0.0
 11
53.232926555043356
 21
8.325258577687553
 31
0.0
  0
LINE
  5
C91
330
17
100
AcDbEntity
  8
ENGRAVE_LOG
100
AcDbLine
 10
51.97425485404149
 20
7.2682344738694455
 30
0.0
 11
52.66750901558549
 21
7.365181198940114
 31
0.0
  0
LINE
  5
C92
330
17
100
AcDbEntity
  8
ENGRAVE_LOG
100
AcDbLine
 10
52.66750901558549
 20
7.365181198940114
 30
0.0
 11
53.36076317712949
 21
7.462127924010781
 31
0.0
  0
LINE
  5
C93
330
17
100
AcDbEntity
  8
ENGRAVE_LOG
100
AcDbLine
 10
51.389800217961835
 20
6.344827307182571
 30
0.0
 11
52.77925020454249
 21
6.516375361065452
 31
0.0
  0
LINE
  5
C94
330
17
100
AcDbEntity
  8
ENGRAVE_LOG
100
AcDbLine
 10
52.77925020454249
 20
6.516375361065452
 30
0.0
 11
54.16870019112315
 21
6.687923414948333
 31
0.0
  0
TEXT
  5
C95
330
17
100
AcDbEntity
  8
ENGRAVE_TEXT
100
AcDbText
 10
50.37748665631021
 20
6.219842296496472
 30
0.0
 40
3.8
  1
1.7
 50
-82.96161169617861
 72
1
 11
50.37748665631021
 21
6.219842296496472
 31
0.0
100
AcDbText
 73
2
  0
TEXT
  5
C96
330
17
100
AcDbEntity
  8
ENGRAVE_TEXT
100
AcDbText
 10
55.18101375277478
 20
6.812908425634433
 30
0.0
 40
3.8
  1
1.7
 50
-82.96161169617861
 72
1
 11
55.18101375277478
 21
6.812908425634433
 31
0.0
100
AcDbText
 73
2
  0
LINE
  5
C97
330
17
100
AcDbEntity
  8
ENGRAVE_LOG
100
AcDbLine
 10
52.18076872867605
 20
5.596228630463871
 30
0.0
 11
52.87677745790763
 21
5.67087344832448
 31
0.0
  0
LINE
  5
C98
330
17
100
AcDbEntity
  8
ENGRAVE_LOG
100
AcDbLine
 10
52.87677745790763
 20
5.67087344832448
 30
0.0
 11
53.57278618713921
 21
5.745518266185089
 31
0.0
  0
LINE
  5
C99
330
17
100
AcDbEntity
  8
ENGRAVE_LOG
100
AcDbLine
 10
52.263202330372394
 20
4.765299799021828
 30
0.0
 11
52.960310593163186
 21
4.828861343597196
 31
0.0
  0
LINE
  5
C9A
330
17
100
AcDbEntity
  8
ENGRAVE_LOG
100
AcDbLine
 10
52.960310593163186
 20
4.828861343597196
 30
0.0
 11
53.65741885595398
 21
4.892422888172563
 31
0.0
  0
LINE
  5
C9B
330
17
100
AcDbEntity
  8
ENGRAVE_LOG
100
AcDbLine
 10
52.332042017057596
 20
3.9379916613571453
 30
0.0
 11
53.03006849213268
 21
3.990518226962138
 31
0.0
  0
LINE
  5
C9C
330
17
100
AcDbEntity
  8
ENGRAVE_LOG
100
AcDbLine
 10
53.03006849213268
 20
3.990518226962138
 30
0.0
 11
53.72809496720777
 21
4.043044792567131
 31
0.0
  0
LINE
  5
C9D
330
17
100
AcDbEntity
  8
ENGRAVE_LOG
100
AcDbLine
 10
52.387502784681544
 20
3.114474592123542
 30
0.0
 11
53.08626901847112
 21
3.1560167456008
 31
0.0
  0
LINE
  5
C9E
330
17
100
AcDbEntity
  8
ENGRAVE_LOG
100
AcDbLine
 10
53.08626901847112
 20
3.1560167456008
 30
0.0
 11
53.785035252260705
 21
3.1975588990780577
 31
0.0
  0
LINE
  5
C9F
330
17
100
AcDbEntity
  8
ENGRAVE_LOG
100
AcDbLine
 10
52.01020031260085
 20
2.2765463850171392
 30
0.0
 11
53.129128940148156
 21
2.325523180084738
 31
0.0
  0
LINE
  5
CA0
330
17
100
AcDbEntity
  8
ENGRAVE_LOG
100
AcDbLine
 10
53.129128940148156
 20
2.325523180084738
 30
0.0
 11
54.24805756769547
 21
2.374499975152337
 31
0.0
  0
LINE
  5
CA1
330
17
100
AcDbEntity
  8
ENGRAVE_LOG
100
AcDbLine
 10
52.459142068436975
 20
1.4794639041037096
 30
0.0
 11
53.15886385669737
 21
1.4991976070928978
 31
0.0
  0
LINE
  5
CA2
330
17
100
AcDbEntity
  8
ENGRAVE_LOG
100
AcDbLine
 10
53.15886385669737
 20
1.4991976070928978
 30
0.0
 11
53.85858564495778
 21
1.518931310082086
 31
0.0
  0
LINE
  5
CA3
330
17
100
AcDbEntity
  8
ENGRAVE_LOG
100
AcDbLine
 10
52.47574488747038
 20
0.6682802594169927
 30
0.0
 11
53.17568813101514
 21
0.6771940586089114
 31
0.0
  0
LINE
  5
CA4
330
17
100
AcDbEntity
  8
ENGRAVE_LOG
100
AcDbLine
 10
53.17568813101514
 20
0.6771940586089114
 30
0.0
 11
53.875631374559916
 21
0.6861078578008302
 31
0.0
  0
LINE
  5
CA5
330
17
100
AcDbEntity
  8
ENGRAVE_LOG
100
AcDbLine
 10
52.47981726292413
 20
-0.13849205786019664
 30
0.0
 11
53.179814825501246
 21
-0.14033932235147215
 31
0.0
  0
LINE
  5
CA6
330
17
100
AcDbEntity
  8
ENGRAVE_LOG
100
AcDbLine
 10
53.179814825501246
 20
-0.14033932235147215
 30
0.0
 11
53.87981238807836
 21
-0.14218658684274763
 31
0.0
  0
LINE
  5
CA7
330
17
100
AcDbEntity
  8
ENGRAVE_LOG
100
AcDbLine
 10
52.471568110382755
 20
-0.9407125158428435
 30
0.0
 11
53.17145564234289
 21
-0.9532601294306864
 31
0.0
  0
LINE
  5
CA8
330
17
100
AcDbEntity
  8
ENGRAVE_LOG
100
AcDbLine
 10
53.17145564234289
 20
-0.9532601294306864
 30
0.0
 11
53.87134317430303
 21
-0.9658077430185292
 31
0.0
  0
LINE
  5
CA9
330
17
100
AcDbEntity
  8
ENGRAVE_LOG
100
AcDbLine
 10
51.751589028435426
 20
-1.7150606496337992
 30
0.0
 11
53.150820867751946
 21
-1.761431543984655
 31
0.0
  0
LINE
  5
CAA
330
17
100
AcDbEntity
  8
ENGRAVE_LOG
100
AcDbLine
 10
53.150820867751946
 20
-1.761431543984655
 30
0.0
 11
54.55005270706847
 21
-1.807802438335511
 31
0.0
  0
TEXT
  5
CAB
330
17
100
AcDbEntity
  8
ENGRAVE_TEXT
100
AcDbText
 10
50.73214868836195
 20
-1.6812761408924612
 30
0.0
 40
3.8
  1
1.8
 50
-91.89810183719018
 72
1
 11
50.73214868836195
 21
-1.6812761408924612
 31
0.0
100
AcDbText
 73
2
  0
TEXT
  5
CAC
330
17
100
AcDbEntity
  8
ENGRAVE_TEXT
100
AcDbText
 10
55.56949304714194
 20
-1.841586947076849
 30
0.0
 40
3.8
  1
1.8
 50
-91.89810183719018
 72
1
 11
55.56949304714194
 21
-1.841586947076849
 31
0.0
100
AcDbText
 73
2
  0
LINE
  5
CAD
330
17
100
AcDbEntity
  8
ENGRAVE_LOG
100
AcDbLine
 10
52.418933845660206
 20
-2.5309631534850294
 30
0.0
 11
53.11811931997351
 21
-2.5647221894499594
 31
0.0
  0
LINE
  5
CAE
330
17
100
AcDbEntity
  8
ENGRAVE_LOG
100
AcDbLine
 10
53.11811931997351
 20
-2.5647221894499594
 30
0.0
 11
53.81730479428682
 21
-2.5984812254148895
 31
0.0
  0
LINE
  5
CAF
330
17
100
AcDbEntity
  8
ENGRAVE_LOG
100
AcDbLine
 10
52.37495937628436
 20
-3.3187392685419432
 30
0.0
 11
53.07355830089182
 21
-3.3630059889683794
 31
0.0
  0
LINE
  5
CB0
330
17
100
AcDbEntity
  8
ENGRAVE_LOG
100
AcDbLine
 10
53.07355830089182
 20
-3.3630059889683794
 30
0.0
 11
53.77215722549927
 21
-3.4072727093948156
 31
0.0
  0
LINE
  5
CB1
330
17
100
AcDbEntity
  8
ENGRAVE_LOG
100
AcDbLine
 10
52.319484572395446
 20
-4.101455117257104
 30
0.0
 11
53.01734355106688
 21
-4.156162026214421
 31
0.0
  0
LINE
  5
CB2
330
17
100
AcDbEntity
  8
ENGRAVE_LOG
100
AcDbLine
 10
53.01734355106688
 20
-4.156162026214421
 30
0.0
 11
53.71520252973831
 21
-4.210868935171738
 31
0.0
  0
LINE
  5
CB3
330
17
100
AcDbEntity
  8
ENGRAVE_LOG
100
AcDbLine
 10
52.25271088450672
 20
-4.878996333279304
 30
0.0
 11
52.94967920804245
 21
-4.944074409371063
 31
0.0
  0
LINE
  5
CB4
330
17
100
AcDbEntity
  8
ENGRAVE_LOG
100
AcDbLine
 10
52.94967920804245
 20
-4.944074409371063
 30
0.0
 11
53.64664753157817
 21
-5.009152485462822
 31
0.0
  0
LINE
  5
CB5
330
17
100
AcDbEntity
  8
ENGRAVE_LOG
100
AcDbLine
 10
51.757280368376236
 20
-5.606026120996563
 30
0.0
 11
52.870767767772726
 21
-5.7266321381981795
 31
0.0
  0
LINE
  5
CB6
330
17
100
AcDbEntity
  8
ENGRAVE_LOG
100
AcDbLine
 10
52.870767767772726
 20
-5.7266321381981795
 30
0.0
 11
53.984255167169216
 21
-5.847238155399795
 31
0.0
  0
LINE
  5
CB7
330
17
100
AcDbEntity
  8
ENGRAVE_LOG
100
AcDbLine
 10
52.08606452374342
 20
-6.418121409605538
 30
0.0
 11
52.78081004902201
 21
-6.503728974139149
 31
0.0
  0
LINE
  5
CB8
330
17
100
AcDbEntity
  8
ENGRAVE_LOG
100
AcDbLine
 10
52.78081004902201
 20
-6.503728974139149
 30
0.0
 11
53.4755555743006
 21
-6.58933653867276
 31
0.0
  0
LINE
  5
CB9
330
17
100
AcDbEntity
  8
ENGRAVE_LOG
100
AcDbLine
 10
51.98658651425627
 20
-7.1795001633643025
 30
0.0
 11
52.68000516059734
 21
-7.2752633134091775
 31
0.0
  0
LINE
  5
CBA
330
17
100
AcDbEntity
  8
ENGRAVE_LOG
100
AcDbLine
 10
52.68000516059734
 20
-7.2752633134091775
 30
0.0
 11
53.37342380693842
 21
-7.3710264634540525
 31
0.0
  0
LINE
  5
CBB
330
17
100
AcDbEntity
  8
ENGRAVE_LOG
100
AcDbLine
 10
51.87659888553613
 20
-7.935293823746621
 30
0.0
 11
52.56855047128071
 21
-8.041138063011534
 31
0.0
  0
LINE
  5
CBC
330
17
100
AcDbEntity
  8
ENGRAVE_LOG
100
AcDbLine
 10
52.56855047128071
 20
-8.041138063011534
 30
0.0
 11
53.260502057025285
 21
-8.146982302276449
 31
0.0
  0
LINE
  5
CBD
330
17
100
AcDbEntity
  8
ENGRAVE_LOG
100
AcDbLine
 10
51.75629466417494
 20
-8.685410907671383
 30
0.0
 11
52.44664158233276
 21
-8.801260519625842
 31
0.0
  0
LINE
  5
CBE
330
17
100
AcDbEntity
  8
ENGRAVE_LOG
100
AcDbLine
 10
52.44664158233276
 20
-8.801260519625842
 30
0.0
 11
53.13698850049058
 21
-8.9171101315803
 31
0.0
  0
LINE
  5
CBF
330
17
100
AcDbEntity
  8
ENGRAVE_LOG
100
AcDbLine
 10
50.9372579131373
 20
-9.303986043117852
 30
0.0
 11
52.31447230244576
 21
-9.555542251313392
 31
0.0
  0
LINE
  5
CC0
330
17
100
AcDbEntity
  8
ENGRAVE_LOG
100
AcDbLine
 10
52.31447230244576
 20
-9.555542251313392
 30
0.0
 11
53.69168669175422
 21
-9.80709845950893
 31
0.0
  0
TEXT
  5
CC1
330
17
100
AcDbEntity
  8
ENGRAVE_TEXT
100
AcDbText
 10
49.9338588580697
 20
-9.120709377146817
 30
0.0
 40
3.8
  1
1.9
 50
-100.3512963430184
 72
1
 11
49.9338588580697
 21
-9.120709377146817
 31
0.0
100
AcDbText
 73
2
  0
TEXT
  5
CC2
330
17
100
AcDbEntity
  8
ENGRAVE_TEXT
100
AcDbText
 10
54.69508574682182
 20
-9.990375125479966
 30
0.0
 40
3.8
  1
1.9
 50
-100.3512963430184
 72
1
 11
54.69508574682182
 21
-9.990375125479966
 31
0.0
100
AcDbText
 73
2
  0
LINE
  5
CC3
330
17
100
AcDbEntity
  8
ENGRAVE_LOG
100
AcDbLine
 10
51.485499682615604
 20
-10.168270375604092
 30
0.0
 11
52.172234625028544
 21
-10.303898981986007
 31
0.0
  0
LINE
  5
CC4
330
17
100
AcDbEntity
  8
ENGRAVE_LOG
100
AcDbLine
 10
52.172234625028544
 20
-10.303898981986007
 30
0.0
 11
52.858969567441484
 21
-10.439527588367921
 31
0.0
  0
LINE
  5
CC5
330
17
100
AcDbEntity
  8
ENGRAVE_LOG
100
AcDbLine
 10
51.33538604326254
 20
-10.900850415871494
 30
0.0
 11
52.020118707711546
 21
-11.046250478583195
 31
0.0
  0
LINE
  5
CC6
330
17
100
AcDbEntity
  8
ENGRAVE_LOG
100
AcDbLine
 10
52.020118707711546
 20
-11.046250478583195
 30
0.0
 11
52.704851372160554
 21
-11.191650541294896
 31
0.0
  0
LINE
  5
CC7
330
17
100
AcDbEntity
  8
ENGRAVE_LOG
100
AcDbLine
 10
51.17571001459307
 20
-11.627428972145044
 30
0.0
 11
51.85831285396455
 21
-11.782520440904602
 31
0.0
  0
LINE
  5
CC8
330
17
100
AcDbEntity
  8
ENGRAVE_LOG
100
AcDbLine
 10
51.85831285396455
 20
-11.782520440904602
 30
0.0
 11
52.54091569333603
 21
-11.937611909664158
 31
0.0
  0
LINE
  5
CC9
330
17
100
AcDbEntity
  8
ENGRAVE_LOG
100
AcDbLine
 10
51.006655575556906
 20
-12.347934523494565
 30
0.0
 11
51.687003496724785
 21
-12.512636394044227
 31
0.0
  0
LINE
  5
CCA
330
17
100
AcDbEntity
  8
ENGRAVE_LOG
100
AcDbLine
 10
51.687003496724785
 20
-12.512636394044227
 30
0.0
 11
52.36735141789266
 21
-12.677338264593889
 31
0.0
  0
LINE
  5
CCB
330
17
100
AcDbEntity
  8
ENGRAVE_LOG
100
AcDbLine
 10
50.42162264151481
 20
-12.957761002452596
 30
0.0
 11
51.506375183936946
 21
-13.236529583373589
 31
0.0
  0
LINE
  5
CCC
330
17
100
AcDbEntity
  8
ENGRAVE_LOG
100
AcDbLine
 10
51.506375183936946
 20
-13.236529583373589
 30
0.0
 11
52.59112772635908
 21
-13.515298164294581
 31
0.0
  0
LINE
  5
CCD
330
17
100
AcDbEntity
  8
ENGRAVE_LOG
100
AcDbLine
 10
50.641138068804764
 20
-13.770458783070836
 30
0.0
 11
51.31661056591154
 21
-13.954134872021857
 31
0.0
  0
LINE
  5
CCE
330
17
100
AcDbEntity
  8
ENGRAVE_LOG
100
AcDbLine
 10
51.31661056591154
 20
-13.954134872021857
 30
0.0
 11
51.992083063018306
 21
-14.13781096097288
 31
0.0
  0
LINE
  5
CCF
330
17
100
AcDbEntity
  8
ENGRAVE_LOG
100
AcDbLine
 10
50.44503360988927
 20
-14.472352403708985
 30
0.0
 11
51.117890384411425
 21
-14.66539064080114
 31
0.0
  0
LINE
  5
CD0
330
17
100
AcDbEntity
  8
ENGRAVE_LOG
100
AcDbLine
 10
51.117890384411425
 20
-14.66539064080114
 30
0.0
 11
51.79074715893358
 21
-14.858428877893298
 31
0.0
  0
LINE
  5
CD1
330
17
100
AcDbEntity
  8
ENGRAVE_LOG
100
AcDbLine
 10
50.2402679382894
 20
-15.167922649093711
 30
0.0
 11
50.91039346338091
 21
-15.370238690525984
 31
0.0
  0
LINE
  5
CD2
330
17
100
AcDbEntity
  8
ENGRAVE_LOG
100
AcDbLine
 10
50.91039346338091
 20
-15.370238690525984
 30
0.0
 11
51.58051898847243
 21
-15.572554731958254
 31
0.0
  0
LINE
  5
CD3
330
17
100
AcDbEntity
  8
ENGRAVE_LOG
100
AcDbLine
 10
50.02701562393398
 20
-15.857115367010037
 30
0.0
 11
50.694296701234926
 21
-16.06862414667671
 31
0.0
  0
LINE
  5
CD4
330
17
100
AcDbEntity
  8
ENGRAVE_LOG
100
AcDbLine
 10
50.694296701234926
 20
-16.06862414667671
 30
0.0
 11
51.361577778535874
 21
-16.280132926343384
 31
0.0
  0
LINE
  5
CD5
330
17
100
AcDbEntity
  8
ENGRAVE_LOG
100
AcDbLine
 10
49.14112359621154
 20
-16.31926382230097
 30
0.0
 11
50.46977506462978
 21
-16.760495366357002
 31
0.0
  0
LINE
  5
CD6
330
17
100
AcDbEntity
  8
ENGRAVE_LOG
100
AcDbLine
 10
50.46977506462978
 20
-16.760495366357002
 30
0.0
 11
51.79842653304801
 21
-17.201726910413033
 31
0.0
  0
TEXT
  5
CD7
330
17
100
AcDbEntity
  8
ENGRAVE_TEXT
100
AcDbText
 10
48.17310609779254
 20
-15.997795125917289
 30
0.0
 40
3.8
  1
2
 50
-108.37079843903324
 72
1
 11
48.17310609779254
 21
-15.997795125917289
 31
0.0
100
AcDbText
 73
2
  0
TEXT
  5
CD8
330
17
100
AcDbEntity
  8
ENGRAVE_TEXT
100
AcDbText
 10
52.76644403146701
 20
-17.523195606796715
 30
0.0
 40
3.8
  1
2
 50
-108.37079843903324
 72
1
 11
52.76644403146701
 21
-17.523195606796715
 31
0.0
100
AcDbText
 73
2
  0
LINE
  5
CD9
330
17
100
AcDbEntity
  8
ENGRAVE_LOG
100
AcDbLine
 10
49.575739810256515
 20
-17.216167467405363
 30
0.0
 11
50.23700158364028
 21
-17.445803847496517
 31
0.0
  0
LINE
  5
CDA
330
17
100
AcDbEntity
  8
ENGRAVE_LOG
100
AcDbLine
 10
50.23700158364028
 20
-17.445803847496517
 30
0.0
 11
50.898263357024035
 21
-17.67544022758767
 31
0.0
  0
LINE
  5
CDB
330
17
100
AcDbEntity
  8
ENGRAVE_LOG
100
AcDbLine
 10
49.33805590141538
 20
-17.885934134643648
 30
0.0
 11
49.99614734827115
 21
-18.124504140250558
 31
0.0
  0
LINE
  5
CDC
330
17
100
AcDbEntity
  8
ENGRAVE_LOG
100
AcDbLine
 10
49.99614734827115
 20
-18.124504140250558
 30
0.0
 11
50.65423879512692
 21
-18.363074145857468
 31
0.0
  0
LINE
  5
CDD
330
17
100
AcDbEntity
  8
ENGRAVE_LOG
100
AcDbLine
 10
49.09256452514415
 20
-18.549137671184557
 30
0.0
 11
49.747381506234106
 21
-18.79655376054868
 31
0.0
  0
LINE
  5
CDE
330
17
100
AcDbEntity
  8
ENGRAVE_LOG
100
AcDbLine
 10
49.747381506234106
 20
-18.79655376054868
 30
0.0
 11
50.402198487324064
 21
-19.043969849912806
 31
0.0
  0
LINE
  5
CDF
330
17
100
AcDbEntity
  8
ENGRAVE_LOG
100
AcDbLine
 10
48.83943068495294
 20
-19.205738995666817
 30
0.0
 11
49.4908712619245
 21
-19.461913105746216
 31
0.0
  0
LINE
  5
CE0
330
17
100
AcDbEntity
  8
ENGRAVE_LOG
100
AcDbLine
 10
49.4908712619245
 20
-19.461913105746216
 30
0.0
 11
50.14231183889605
 21
-19.718087215825616
 31
0.0
  0
LINE
  5
CE1
330
17
100
AcDbEntity
  8
ENGRAVE_LOG
100
AcDbLine
 10
48.190038820842574
 20
-19.696795639029343
 30
0.0
 11
49.22678187653492
 21
-20.12054537233155
 31
0.0
  0
LINE
  5
CE2
330
17
100
AcDbEntity
  8
ENGRAVE_LOG
100
AcDbLine
 10
49.22678187653492
 20
-20.12054537233155
 30
0.0
 11
50.26352493222727
 21
-20.544295105633754
 31
0.0
  0
LINE
  5
CE3
330
17
100
AcDbEntity
  8
ENGRAVE_LOG
100
AcDbLine
 10
48.31088603990206
 20
-20.49899241522852
 30
0.0
 11
48.955276669245265
 21
-20.77241647564506
 31
0.0
  0
LINE
  5
CE4
330
17
100
AcDbEntity
  8
ENGRAVE_LOG
100
AcDbLine
 10
48.955276669245265
 20
-20.77241647564506
 30
0.0
 11
49.59966729858847
 21
-21.0458405360616
 31
0.0
  0
LINE
  5
CE5
330
17
100
AcDbEntity
  8
ENGRAVE_LOG
100
AcDbLine
 10
48.035795659642474
 20
-21.13557984407036
 30
0.0
 11
48.67651701943191
 21
-21.41749497156368
 31
0.0
  0
LINE
  5
CE6
330
17
100
AcDbEntity
  8
ENGRAVE_LOG
100
AcDbLine
 10
48.67651701943191
 20
-21.41749497156368
 30
0.0
 11
49.31723837922135
 21
-21.699410099056998
 31
0.0
  0
LINE
  5
CE7
330
17
100
AcDbEntity
  8
ENGRAVE_LOG
100
AcDbLine
 10
47.7537036699745
 20
-21.765435575707272
 30
0.0
 11
48.390662369840776
 21
-22.055751980108855
 31
0.0
  0
LINE
  5
CE8
330
17
100
AcDbEntity
  8
ENGRAVE_LOG
100
AcDbLine
 10
48.390662369840776
 20
-22.055751980108855
 30
0.0
 11
49.02762106970706
 21
-22.34606838451044
 31
0.0
  0
LINE
  5
CE9
330
17
100
AcDbEntity
  8
ENGRAVE_LOG
100
AcDbLine
 10
47.46476550781615
 20
-22.388533567163925
 30
0.0
 11
48.09787023067193
 21
-22.687161110933264
 31
0.0
  0
LINE
  5
CEA
330
17
100
AcDbEntity
  8
ENGRAVE_LOG
100
AcDbLine
 10
48.09787023067193
 20
-22.687161110933264
 30
0.0
 11
48.73097495352771
 21
-22.9857886547026
 31
0.0
  0
LINE
  5
CEB
330
17
100
AcDbEntity
  8
ENGRAVE_LOG
100
AcDbLine
 10
46.53997323119043
 20
-22.698001930568214
 30
0.0
 11
47.79829618452505
 21
-23.311698390645375
 31
0.0
  0
LINE
  5
CEC
330
17
100
AcDbEntity
  8
ENGRAVE_LOG
100
AcDbLine
 10
47.79829618452505
 20
-23.311698390645375
 30
0.0
 11
49.05661913785967
 21
-23.925394850722537
 31
0.0
  0
TEXT
  5
CED
330
17
100
AcDbEntity
  8
ENGRAVE_TEXT
100
AcDbText
 10
45.6231950794752
 20
-22.250880223940563
 30
0.0
 40
3.8
  1
2.1
 50
-115.99894610421094
 72
1
 11
45.6231950794752
 21
-22.250880223940563
 31
0.0
100
AcDbText
 73
2
  0
TEXT
  5
CEE
330
17
100
AcDbEntity
  8
ENGRAVE_TEXT
100
AcDbText
 10
49.97339728957489
 20
-24.372516557350185
 30
0.0
 40
3.8
  1
2.1
 50
-115.99894610421094
 72
1
 11
49.97339728957489
 21
-24.372516557350185
 31
0.0
100
AcDbText
 73
2
  0
LINE
  5
CEF
330
17
100
AcDbEntity
  8
ENGRAVE_LOG
100
AcDbLine
 10
46.866962908244695
 20
-23.614364013396926
 30
0.0
 11
47.49209389215802
 21
-23.92934219192928
 31
0.0
  0
LINE
  5
CF0
330
17
100
AcDbEntity
  8
ENGRAVE_LOG
100
AcDbLine
 10
47.49209389215802
 20
-23.92934219192928
 30
0.0
 11
48.11722487607135
 21
-24.244320370461633
 31
0.0
  0
LINE
  5
CF1
330
17
100
AcDbEntity
  8
ENGRAVE_LOG
100
AcDbLine
 10
46.55839985701714
 20
-24.217056029875014
 30
0.0
 11
47.17941509901242
 21
-24.54007316441984
 31
0.0
  0
LINE
  5
CF2
330
17
100
AcDbEntity
  8
ENGRAVE_LOG
100
AcDbLine
 10
47.17941509901242
 20
-24.54007316441984
 30
0.0
 11
47.8004303410077
 21
-24.863090298964668
 31
0.0
  0
LINE
  5
CF3
330
17
100
AcDbEntity
  8
ENGRAVE_LOG
100
AcDbLine
 10
46.24359341926323
 20
-24.81290929483833
 30
0.0
 11
46.860409642462244
 21
-25.14387416729235
 31
0.0
  0
LINE
  5
CF4
330
17
100
AcDbEntity
  8
ENGRAVE_LOG
100
AcDbLine
 10
46.860409642462244
 20
-25.14387416729235
 30
0.0
 11
47.47722586566126
 21
-25.47483903974637
 31
0.0
  0
LINE
  5
CF5
330
17
100
AcDbEntity
  8
ENGRAVE_LOG
100
AcDbLine
 10
45.92268958494425
 20
-25.401909008672025
 30
0.0
 11
46.53522545974343
 21
-25.74073020352855
 31
0.0
  0
LINE
  5
CF6
330
17
100
AcDbEntity
  8
ENGRAVE_LOG
100
AcDbLine
 10
46.53522545974343
 20
-25.74073020352855
 30
0.0
 11
47.147761334542615
 21
-26.079551398385075
 31
0.0
  0
LINE
  5
CF7
330
17
100
AcDbEntity
  8
ENGRAVE_LOG
100
AcDbLine
 10
45.23092680584945
 20
-25.776090865061175
 30
0.0
 11
46.20400859652465
 21
-26.33062835581931
 31
0.0
  0
LINE
  5
CF8
330
17
100
AcDbEntity
  8
ENGRAVE_LOG
100
AcDbLine
 10
46.20400859652465
 20
-26.33062835581931
 30
0.0
 11
47.17709038719986
 21
-26.885165846577443
 31
0.0
  0
LINE
  5
CF9
330
17
100
AcDbEntity
  8
ENGRAVE_LOG
100
AcDbLine
 10
45.263164362164424
 20
-26.559298784487677
 30
0.0
 11
45.86690321608049
 21
-26.913557724067353
 31
0.0
  0
LINE
  5
CFA
330
17
100
AcDbEntity
  8
ENGRAVE_LOG
100
AcDbLine
 10
45.86690321608049
 20
-26.913557724067353
 30
0.0
 11
46.47064206999656
 21
-27.26781666364703
 31
0.0
  0
LINE
  5
CFB
330
17
100
AcDbEntity
  8
ENGRAVE_LOG
100
AcDbLine
 10
44.92482565705022
 20
-27.127669263754335
 30
0.0
 11
45.52405160903069
 21
-27.489509364452278
 31
0.0
  0
LINE
  5
CFC
330
17
100
AcDbEntity
  8
ENGRAVE_LOG
100
AcDbLine
 10
45.52405160903069
 20
-27.489509364452278
 30
0.0
 11
46.123277561011164
 21
-27.851349465150225
 31
0.0
  0
LINE
  5
CFD
330
17
100
AcDbEntity
  8
ENGRAVE_LOG
100
AcDbLine
 10
44.580954941810404
 20
-27.689146907701403
 30
0.0
 11
45.17559420361047
 21
-28.058476230022116
 31
0.0
  0
LINE
  5
CFE
330
17
100
AcDbEntity
  8
ENGRAVE_LOG
100
AcDbLine
 10
45.17559420361047
 20
-28.058476230022116
 30
0.0
 11
45.770233465410534
 21
-28.42780555234283
 31
0.0
  0
LINE
  5
CFF
330
17
100
AcDbEntity
  8
ENGRAVE_LOG
100
AcDbLine
 10
44.23168896900121
 20
-28.243726576879627
 30
0.0
 11
44.821669576438346
 21
-28.620453112775508
 31
0.0
  0
LINE
  5
D00
330
17
100
AcDbEntity
  8
ENGRAVE_LOG
100
AcDbLine
 10
44.821669576438346
 20
-28.620453112775508
 30
0.0
 11
45.41165018387549
 21
-28.99717964867139
 31
0.0
  0
LINE
  5
D01
330
17
100
AcDbEntity
  8
ENGRAVE_LOG
100
AcDbLine
 10
43.291910886290815
 20
-28.407373194532706
 30
0.0
 11
44.462414463749425
 21
-29.175436587200643
 31
0.0
  0
LINE
  5
D02
330
17
100
AcDbEntity
  8
ENGRAVE_LOG
100
AcDbLine
 10
44.462414463749425
 20
-29.175436587200643
 30
0.0
 11
45.63291804120804
 21
-29.943499979868577
 31
0.0
  0
TEXT
  5
D03
330
17
100
AcDbEntity
  8
ENGRAVE_TEXT
100
AcDbText
 10
42.43911542271382
 20
-27.847784151303205
 30
0.0
 40
3.8
  1
2.2
 50
-123.27216509599427
 72
1
 11
42.43911542271382
 21
-27.847784151303205
 31
0.0
100
AcDbText
 73
2
  0
TEXT
  5
D04
330
17
100
AcDbEntity
  8
ENGRAVE_TEXT
100
AcDbText
 10
46.48571350478504
 20
-30.503089023098077
 30
0.0
 40
3.8
  1
2.2
 50
-123.27216509599427
 72
1
 11
46.48571350478504
 21
-30.503089023098077
 31
0.0
100
AcDbText
 73
2
  0
LINE
  5
D05
330
17
100
AcDbEntity
  8
ENGRAVE_LOG
100
AcDbLine
 10
43.5175091916213
 20
-29.332180173951535
 30
0.0
 11
44.09796377306442
 21
-29.72342495523519
 31
0.0
  0
LINE
  5
D06
330
17
100
AcDbEntity
  8
ENGRAVE_LOG
100
AcDbLine
 10
44.09796377306442
 20
-29.72342495523519
 30
0.0
 11
44.67841835450754
 21
-30.11466973651884
 31
0.0
  0
LINE
  5
D07
330
17
100
AcDbEntity
  8
ENGRAVE_LOG
100
AcDbLine
 10
43.15285985783106
 20
-29.866052402190558
 30
0.0
 11
43.72845059526402
 21
-30.26441819261612
 31
0.0
  0
LINE
  5
D08
330
17
100
AcDbEntity
  8
ENGRAVE_LOG
100
AcDbLine
 10
43.72845059526402
 20
-30.26441819261612
 30
0.0
 11
44.30404133269698
 21
-30.66278398304168
 31
0.0
  0
LINE
  5
D09
330
17
100
AcDbEntity
  8
ENGRAVE_LOG
100
AcDbLine
 10
42.78334423223721
 20
-30.393023151800715
 30
0.0
 11
43.354006217042205
 21
-30.798417896584645
 31
0.0
  0
LINE
  5
D0A
330
17
100
AcDbEntity
  8
ENGRAVE_LOG
100
AcDbLine
 10
43.354006217042205
 20
-30.798417896584645
 30
0.0
 11
43.924668201847204
 21
-31.20381264136857
 31
0.0
  0
LINE
  5
D0B
330
17
100
AcDbEntity
  8
ENGRAVE_LOG
100
AcDbLine
 10
42.409090105625104
 20
-30.913095548860365
 30
0.0
 11
42.97476013371081
 21
-31.32542723491605
 31
0.0
  0
LINE
  5
D0C
330
17
100
AcDbEntity
  8
ENGRAVE_LOG
100
AcDbLine
 10
42.97476013371081
 20
-31.32542723491605
 30
0.0
 11
43.540430161796515
 21
-31.737758920971736
 31
0.0
  0
LINE
  5
D0D
330
17
100
AcDbEntity
  8
ENGRAVE_LOG
100
AcDbLine
 10
41.693853584899536
 20
-31.174768214711083
 30
0.0
 11
42.5908400623311
 21
-31.845450896241555
 31
0.0
  0
LINE
  5
D0E
330
17
100
AcDbEntity
  8
ENGRAVE_LOG
100
AcDbLine
 10
42.5908400623311
 20
-31.845450896241555
 30
0.0
 11
43.487826539762665
 21
-32.516133577772024
 31
0.0
  0
LINE
  5
D0F
330
17
100
AcDbEntity
  8
ENGRAVE_LOG
100
AcDbLine
 10
41.646868751525325
 20
-31.932565246049723
 30
0.0
 11
42.20237195514705
 21
-32.35849504163347
 31
0.0
  0
LINE
  5
D10
330
17
100
AcDbEntity
  8
ENGRAVE_LOG
100
AcDbLine
 10
42.20237195514705
 20
-32.35849504163347
 30
0.0
 11
42.75787515876877
 21
-32.78442483721721
 31
0.0
  0
LINE
  5
D11
330
17
100
AcDbEntity
  8
ENGRAVE_LOG
100
AcDbLine
 10
41.25914838469171
 20
-32.431976112626735
 30
0.0
 11
41.8094800132985
 21
-32.86456725742168
 31
0.0
  0
LINE
  5
D12
330
17
100
AcDbEntity
  8
ENGRAVE_LOG
100
AcDbLine
 10
41.8094800132985
 20
-32.86456725742168
 30
0.0
 11
42.35981164190529
 21
-33.29715840221663
 31
0.0
  0
LINE
  5
D13
330
17
100
AcDbEntity
  8
ENGRAVE_LOG
100
AcDbLine
 10
40.86718326546685
 20
-32.924515667610756
 30
0.0
 11
41.41228670079129
 21
-33.3636765092138
 31
0.0
  0
LINE
  5
D14
330
17
100
AcDbEntity
  8
ENGRAVE_LOG
100
AcDbLine
 10
41.41228670079129
 20
-33.3636765092138
 30
0.0
 11
41.95739013611574
 21
-33.802837350816844
 31
0.0
  0
LINE
  5
D15
330
17
100
AcDbEntity
  8
ENGRAVE_LOG
100
AcDbLine
 10
40.47109254563319
 20
-33.41019407550327
 30
0.0
 11
41.01091275870375
 21
-33.85583309708963
 31
0.0
  0
LINE
  5
D16
330
17
100
AcDbEntity
  8
ENGRAVE_LOG
100
AcDbLine
 10
41.01091275870375
 20
-33.85583309708963
 30
0.0
 11
41.55073297177432
 21
-34.301472118675996
 31
0.0
  0
LINE
  5
D17
330
17
100
AcDbEntity
  8
ENGRAVE_LOG
100
AcDbLine
 10
39.536510162305404
 20
-33.43699693731364
 30
0.0
 11
40.60547721960992
 21
-34.341048611941666
 31
0.0
  0
LINE
  5
D18
330
17
100
AcDbEntity
  8
ENGRAVE_LOG
100
AcDbLine
 10
40.60547721960992
 20
-34.341048611941666
 30
0.0
 11
41.67444427691442
 21
-35.24510028656969
 31
0.0
  0
TEXT
  5
D19
330
17
100
AcDbEntity
  8
ENGRAVE_TEXT
100
AcDbText
 10
38.75769130626926
 20
-32.778330717227504
 30
0.0
 40
3.8
  1
2.3
 50
-130.22202096633342
 72
1
 11
38.75769130626926
 21
-32.778330717227504
 31
0.0
100
AcDbText
 73
2
  0
TEXT
  5
D1A
330
17
100
AcDbEntity
  8
ENGRAVE_TEXT
100
AcDbText
 10
42.45326313295057
 20
-35.90376650665582
 30
0.0
 40
3.8
  1
2.3
 50
-130.22202096633342
 72
1
 11
42.45326313295057
 21
-35.90376650665582
 31
0.0
100
AcDbText
 73
2
  0
LINE
  5
D1B
330
17
100
AcDbEntity
  8
ENGRAVE_LOG
100
AcDbLine
 10
39.667002495619215
 20
-34.36101443514929
 30
0.0
 11
40.19609742219951
 21
-34.81933589293521
 31
0.0
  0
LINE
  5
D1C
330
17
100
AcDbEntity
  8
ENGRAVE_LOG
100
AcDbLine
 10
40.19609742219951
 20
-34.81933589293521
 30
0.0
 11
40.72519234877979
 21
-35.277657350721114
 31
0.0
  0
LINE
  5
D1D
330
17
100
AcDbEntity
  8
ENGRAVE_LOG
100
AcDbLine
 10
39.259233096813944
 20
-34.826182918172755
 30
0.0
 11
39.782889026077854
 21
-35.29070898605997
 31
0.0
  0
LINE
  5
D1E
330
17
100
AcDbEntity
  8
ENGRAVE_LOG
100
AcDbLine
 10
39.782889026077854
 20
-35.29070898605997
 30
0.0
 11
40.306544955341764
 21
-35.75523505394719
 31
0.0
  0
LINE
  5
D1F
330
17
100
AcDbEntity
  8
ENGRAVE_LOG
100
AcDbLine
 10
38.847797989519194
 20
-35.28454323589167
 30
0.0
 11
39.36596602672696
 21
-35.75518310374846
 31
0.0
  0
LINE
  5
D20
330
17
100
AcDbEntity
  8
ENGRAVE_LOG
100
AcDbLine
 10
39.36596602672696
 20
-35.75518310374846
 30
0.0
 11
39.884134063934724
 21
-36.22582297160525
 31
0.0
  0
LINE
  5
D21
330
17
100
AcDbEntity
  8
ENGRAVE_LOG
100
AcDbLine
 10
38.43280804140195
 20
-35.73611151276463
 30
0.0
 11
38.94544077061273
 21
-36.21277458553398
 31
0.0
  0
LINE
  5
D22
330
17
100
AcDbEntity
  8
ENGRAVE_LOG
100
AcDbLine
 10
38.94544077061273
 20
-36.21277458553398
 30
0.0
 11
39.4580734998235
 21
-36.689437658303326
 31
0.0
  0
LINE
  5
D23
330
17
100
AcDbEntity
  8
ENGRAVE_LOG
100
AcDbLine
 10
37.7101416303147
 20
-35.89134740047532
 30
0.0
 11
38.52142397042136
 21
-36.66350085972488
 31
0.0
  0
LINE
  5
D24
330
17
100
AcDbEntity
  8
ENGRAVE_LOG
100
AcDbLine
 10
38.52142397042136
 20
-36.66350085972488
 30
0.0
 11
39.33270631052801
 21
-37.43565431897444
 31
0.0
  0
LINE
  5
D25
330
17
100
AcDbEntity
  8
ENGRAVE_LOG
100
AcDbLine
 10
37.59259904714488
 20
-36.6189417771814
 30
0.0
 11
38.094024720410914
 21
-37.10738040606911
 31
0.0
  0
LINE
  5
D26
330
17
100
AcDbEntity
  8
ENGRAVE_LOG
100
AcDbLine
 10
38.094024720410914
 20
-37.10738040606911
 30
0.0
 11
38.59545039367695
 21
-37.595819034956826
 31
0.0
  0
LINE
  5
D27
330
17
100
AcDbEntity
  8
ENGRAVE_LOG
100
AcDbLine
 10
37.1675937356637
 20
-37.05024123943935
 30
0.0
 11
37.663350511863484
 21
-37.544432719386144
 31
0.0
  0
LINE
  5
D28
330
17
100
AcDbEntity
  8
ENGRAVE_LOG
100
AcDbLine
 10
37.663350511863484
 20
-37.544432719386144
 30
0.0
 11
38.15910728806327
 21
-38.038624199332936
 31
0.0
  0
LINE
  5
D29
330
17
100
AcDbEntity
  8
ENGRAVE_LOG
100
AcDbLine
 10
36.739461083260736
 20
-37.474823539432045
 30
0.0
 11
37.22950724862435
 21
-37.974678274142455
 31
0.0
  0
LINE
  5
D2A
330
17
100
AcDbEntity
  8
ENGRAVE_LOG
100
AcDbLine
 10
37.22950724862435
 20
-37.974678274142455
 30
0.0
 11
37.71955341398797
 21
-38.474533008852866
 31
0.0
  0
LINE
  5
D2B
330
17
100
AcDbEntity
  8
ENGRAVE_LOG
100
AcDbLine
 10
36.308304048651806
 20
-37.89270981482658
 30
0.0
 11
36.79259926271538
 21
-38.39813848994813
 31
0.0
  0
LINE
  5
D2C
330
17
100
AcDbEntity
  8
ENGRAVE_LOG
100
AcDbLine
 10
36.79259926271538
 20
-38.39813848994813
 30
0.0
 11
37.27689447677895
 21
-38.903567165069674
 31
0.0
  0
LINE
  5
D2D
330
17
100
AcDbEntity
  8
ENGRAVE_LOG
100
AcDbLine
 10
35.395718779765886
 20
-37.79300850770853
 30
0.0
 11
36.35272933001061
 21
-38.81483569795171
 31
0.0
  0
LINE
  5
D2E
330
17
100
AcDbEntity
  8
ENGRAVE_LOG
100
AcDbLine
 10
36.35272933001061
 20
-38.81483569795171
 30
0.0
 11
37.30973988025534
 21
-39.83666288819489
 31
0.0
  0
TEXT
  5
D2F
330
17
100
AcDbEntity
  8
ENGRAVE_TEXT
100
AcDbText
 10
34.69846823601615
 20
-37.04853441195992
 30
0.0
 40
3.8
  1
2.4
 50
-136.87604701617818
 72
1
 11
34.69846823601615
 21
-37.04853441195992
 31
0.0
100
AcDbText
 73
2
  0
TEXT
  5
D30
330
17
100
AcDbEntity
  8
ENGRAVE_TEXT
100
AcDbText
 10
38.00699042400508
 20
-40.581136983943495
 30
0.0
 40
3.8
  1
2.4
 50
-136.87604701617818
 72
1
 11
38.00699042400508
 21
-40.581136983943495
 31
0.0
100
AcDbText
 73
2
  0
LINE
  5
D31
330
17
100
AcDbEntity
  8
ENGRAVE_LOG
100
AcDbLine
 10
35.43732100487575
 20
-38.708483307892486
 30
0.0
 11
35.90999868596213
 21
-39.224793108112095
 31
0.0
  0
LINE
  5
D32
330
17
100
AcDbEntity
  8
ENGRAVE_LOG
100
AcDbLine
 10
35.90999868596213
 20
-39.224793108112095
 30
0.0
 11
36.38267636704851
 21
-39.7411029083317
 31
0.0
  0
LINE
  5
D33
330
17
100
AcDbEntity
  8
ENGRAVE_LOG
100
AcDbLine
 10
34.997693296932
 20
-39.10641717025328
 30
0.0
 11
35.46450704136517
 21
-39.62803477732602
 31
0.0
  0
LINE
  5
D34
330
17
100
AcDbEntity
  8
ENGRAVE_LOG
100
AcDbLine
 10
35.46450704136517
 20
-39.62803477732602
 30
0.0
 11
35.931320785798334
 21
-40.14965238439876
 31
0.0
  0
LINE
  5
D35
330
17
100
AcDbEntity
  8
ENGRAVE_LOG
100
AcDbLine
 10
34.55543784037305
 20
-39.49774823531227
 30
0.0
 11
35.01635259815242
 21
-40.024585578389996
 31
0.0
  0
LINE
  5
D36
330
17
100
AcDbEntity
  8
ENGRAVE_LOG
100
AcDbLine
 10
35.01635259815242
 20
-40.024585578389996
 30
0.0
 11
35.47726735593179
 21
-40.55142292146771
 31
0.0
  0
LINE
  5
D37
330
17
100
AcDbEntity
  8
ENGRAVE_LOG
100
AcDbLine
 10
34.110650071118215
 20
-39.88250182380391
 30
0.0
 11
34.56563206520706
 21
-40.41447116977691
 31
0.0
  0
LINE
  5
D38
330
17
100
AcDbEntity
  8
ENGRAVE_LOG
100
AcDbLine
 10
34.56563206520706
 20
-40.41447116977691
 30
0.0
 11
35.020614059295916
 21
-40.94644051574991
 31
0.0
  0
LINE
  5
D39
330
17
100
AcDbEntity
  8
ENGRAVE_LOG
100
AcDbLine
 10
33.3940139431756
 20
-39.93849562468514
 30
0.0
 11
34.11244067418514
 21
-40.79771796620737
 31
0.0
  0
LINE
  5
D3A
330
17
100
AcDbEntity
  8
ENGRAVE_LOG
100
AcDbLine
 10
34.11244067418514
 20
-40.79771796620737
 30
0.0
 11
34.83086740519468
 21
-41.6569403077296
 31
0.0
  0
LINE
  5
D3B
330
17
100
AcDbEntity
  8
ENGRAVE_LOG
100
AcDbLine
 10
33.21385206490007
 20
-40.63238155721288
 30
0.0
 11
33.6568721953389
 21
-41.17435310999583
 31
0.0
  0
LINE
  5
D3C
330
17
100
AcDbEntity
  8
ENGRAVE_LOG
100
AcDbLine
 10
33.6568721953389
 20
-41.17435310999583
 30
0.0
 11
34.09989232577774
 21
-41.716324662778774
 31
0.0
  0
LINE
  5
D3D
330
17
100
AcDbEntity
  8
ENGRAVE_LOG
100
AcDbLine
 10
32.76202547331408
 20
-40.997561962706015
 30
0.0
 11
33.19901895333161
 21
-41.544404443153695
 31
0.0
  0
LINE
  5
D3E
330
17
100
AcDbEntity
  8
ENGRAVE_LOG
100
AcDbLine
 10
33.19901895333161
 20
-41.544404443153695
 30
0.0
 11
33.636012433349144
 21
-42.091246923601375
 31
0.0
  0
LINE
  5
D3F
330
17
100
AcDbEntity
  8
ENGRAVE_LOG
100
AcDbLine
 10
32.3080338909849
 20
-41.35627335845157
 30
0.0
 11
32.73897184303691
 21
-41.90790048022969
 31
0.0
  0
LINE
  5
D40
330
17
100
AcDbEntity
  8
ENGRAVE_LOG
100
AcDbLine
 10
32.73897184303691
 20
-41.90790048022969
 30
0.0
 11
33.16990979508892
 21
-42.459527602007824
 31
0.0
  0
LINE
  5
D41
330
17
100
AcDbEntity
  8
ENGRAVE_LOG
100
AcDbLine
 10
31.851965620949365
 20
-41.708544521259185
 30
0.0
 11
32.276820345314164
 21
-42.264870381870494
 31
0.0
  0
LINE
  5
D42
330
17
100
AcDbEntity
  8
ENGRAVE_LOG
100
AcDbLine
 10
32.276820345314164
 20
-42.264870381870494
 30
0.0
 11
32.70167506967896
 21
-42.821196242481804
 31
0.0
  0
LINE
  5
D43
330
17
100
AcDbEntity
  8
ENGRAVE_LOG
100
AcDbLine
 10
30.975162630006793
 20
-41.493465751183415
 30
0.0
 11
31.81265254275321
 21
-42.61534392908331
 31
0.0
  0
LINE
  5
D44
330
17
100
AcDbEntity
  8
ENGRAVE_LOG
100
AcDbLine
 10
31.81265254275321
 20
-42.61534392908331
 30
0.0
 11
32.650142455499626
 21
-43.73722210698321
 31
0.0
  0
TEXT
  5
D45
330
17
100
AcDbEntity
  8
ENGRAVE_TEXT
100
AcDbText
 10
30.364991407862973
 20
-40.67609736442777
 30
0.0
 40
3.8
  1
2.5
 50
-143.25840312193353
 72
1
 11
30.364991407862973
 21
-40.67609736442777
 31
0.0
100
AcDbText
 73
2
  0
TEXT
  5
D46
330
17
100
AcDbEntity
  8
ENGRAVE_TEXT
100
AcDbText
 10
33.260313677643445
 20
-44.55459049373885
 30
0.0
 40
3.8
  1
2.5
 50
-143.25840312193353
 72
1
 11
33.260313677643445
 21
-44.55459049373885
 31
0.0
100
AcDbText
 73
2
  0
LINE
  5
D47
330
17
100
AcDbEntity
  8
ENGRAVE_LOG
100
AcDbLine
 10
30.933945346085096
 20
-42.39388429155106
 30
0.0
 11
31.3465551353812
 21
-42.9593514981838
 31
0.0
  0
LINE
  5
D48
330
17
100
AcDbEntity
  8
ENGRAVE_LOG
100
AcDbLine
 10
31.3465551353812
 20
-42.9593514981838
 30
0.0
 11
31.759164924677307
 21
-43.52481870481653
 31
0.0
  0
LINE
  5
D49
330
17
100
AcDbEntity
  8
ENGRAVE_LOG
100
AcDbLine
 10
30.472163109965607
 20
-42.72701341539859
 30
0.0
 11
30.87861345632567
 21
-43.29692403641191
 31
0.0
  0
LINE
  5
D4A
330
17
100
AcDbEntity
  8
ENGRAVE_LOG
100
AcDbLine
 10
30.87861345632567
 20
-43.29692403641191
 30
0.0
 11
31.28506380268573
 21
-43.86683465742523
 31
0.0
  0
LINE
  5
D4B
330
17
100
AcDbEntity
  8
ENGRAVE_LOG
100
AcDbLine
 10
30.00864375442244
 20
-43.05382329155173
 30
0.0
 11
30.408911487427314
 21
-43.62809303819972
 31
0.0
  0
LINE
  5
D4C
330
17
100
AcDbEntity
  8
ENGRAVE_LOG
100
AcDbLine
 10
30.408911487427314
 20
-43.62809303819972
 30
0.0
 11
30.80917922043219
 21
-44.20236278484771
 31
0.0
  0
LINE
  5
D4D
330
17
100
AcDbEntity
  8
ENGRAVE_LOG
100
AcDbLine
 10
29.543468837708307
 20
-43.37434551708369
 30
0.0
 11
29.937531874796644
 21
-43.95289052207528
 31
0.0
  0
LINE
  5
D4E
330
17
100
AcDbEntity
  8
ENGRAVE_LOG
100
AcDbLine
 10
29.937531874796644
 20
-43.95289052207528
 30
0.0
 11
30.33159491188498
 21
-44.53143552706687
 31
0.0
  0
LINE
  5
D4F
330
17
100
AcDbEntity
  8
ENGRAVE_LOG
100
AcDbLine
 10
28.844016217765322
 20
-43.33897008962363
 30
0.0
 11
29.464555944309637
 21
-44.271349008186405
 31
0.0
  0
LINE
  5
D50
330
17
100
AcDbEntity
  8
ENGRAVE_LOG
100
AcDbLine
 10
29.464555944309637
 20
-44.271349008186405
 30
0.0
 11
30.085095670853953
 21
-45.20372792674919
 31
0.0
  0
LINE
  5
D51
330
17
100
AcDbEntity
  8
ENGRAVE_LOG
100
AcDbLine
 10
28.608472054721393
 20
-43.99665585807886
 30
0.0
 11
28.99006371703666
 21
-44.58350149642976
 31
0.0
  0
LINE
  5
D52
330
17
100
AcDbEntity
  8
ENGRAVE_LOG
100
AcDbLine
 10
28.99006371703666
 20
-44.58350149642976
 30
0.0
 11
29.37165537935192
 21
-45.17034713478066
 31
0.0
  0
LINE
  5
D53
330
17
100
AcDbEntity
  8
ENGRAVE_LOG
100
AcDbLine
 10
28.138806851504903
 20
-44.29850955702347
 30
0.0
 11
28.514133924600436
 21
-44.889381445169754
 31
0.0
  0
LINE
  5
D54
330
17
100
AcDbEntity
  8
ENGRAVE_LOG
100
AcDbLine
 10
28.514133924600436
 20
-44.889381445169754
 30
0.0
 11
28.889460997695966
 21
-45.48025333331603
 31
0.0
  0
LINE
  5
D55
330
17
100
AcDbEntity
  8
ENGRAVE_LOG
100
AcDbLine
 10
27.667799443466624
 20
-44.59420673087602
 30
0.0
 11
28.036844024457988
 21
-45.18902275053328
 31
0.0
  0
LINE
  5
D56
330
17
100
AcDbEntity
  8
ENGRAVE_LOG
100
AcDbLine
 10
28.036844024457988
 20
-45.18902275053328
 30
0.0
 11
28.40588860544935
 21
-45.78383877019055
 31
0.0
  0
LINE
  5
D57
330
17
100
AcDbEntity
  8
ENGRAVE_LOG
100
AcDbLine
 10
27.19552502611117
 20
-44.88378124171537
 30
0.0
 11
27.55827021510275
 21
-45.482459726265695
 31
0.0
  0
LINE
  5
D58
330
17
100
AcDbEntity
  8
ENGRAVE_LOG
100
AcDbLine
 10
27.55827021510275
 20
-45.482459726265695
 30
0.0
 11
27.921015404094323
 21
-46.081138210816015
 31
0.0
  0
LINE
  5
D59
330
17
100
AcDbEntity
  8
ENGRAVE_LOG
100
AcDbLine
 10
26.365627683757726
 20
-44.56480760467242
 30
0.0
 11
27.078487451182617
 21
-45.769727084134395
 31
0.0
  0
LINE
  5
D5A
330
17
100
AcDbEntity
  8
ENGRAVE_LOG
100
AcDbLine
 10
27.078487451182617
 20
-45.769727084134395
 30
0.0
 11
27.791347218607505
 21
-46.97464656359637
 31
0.0
  0
TEXT
  5
D5B
330
17
100
AcDbEntity
  8
ENGRAVE_TEXT
100
AcDbText
 10
25.846258424633877
 20
-43.68693769820725
 30
0.0
 40
3.8
  1
2.6
 50
-149.39040526949447
 72
1
 11
25.846258424633877
 21
-43.68693769820725
 31
0.0
100
AcDbText
 73
2
  0
TEXT
  5
D5C
330
17
100
AcDbEntity
  8
ENGRAVE_TEXT
100
AcDbText
 10
28.310716477731354
 20
-47.85251647006154
 30
0.0
 40
3.8
  1
2.6
 50
-149.39040526949447
 72
1
 11
28.310716477731354
 21
-47.85251647006154
 31
0.0
100
AcDbText
 73
2
  0
LINE
  5
D5D
330
17
100
AcDbEntity
  8
ENGRAVE_LOG
100
AcDbLine
 10
26.24746982293487
 20
-45.444699667773385
 30
0.0
 11
26.597569458530423
 21
-46.05085991486641
 31
0.0
  0
LINE
  5
D5E
330
17
100
AcDbEntity
  8
ENGRAVE_LOG
100
AcDbLine
 10
26.597569458530423
 20
-46.05085991486641
 30
0.0
 11
26.947669094125974
 21
-46.65702016195942
 31
0.0
  0
LINE
  5
D5F
330
17
100
AcDbEntity
  8
ENGRAVE_LOG
100
AcDbLine
 10
25.771833349998587
 20
-45.71611319633265
 30
0.0
 11
26.115588749102994
 21
-46.325893669606906
 31
0.0
  0
LINE
  5
D60
330
17
100
AcDbEntity
  8
ENGRAVE_LOG
100
AcDbLine
 10
26.115588749102994
 20
-46.325893669606906
 30
0.0
 11
26.459344148207396
 21
-46.93567414288116
 31
0.0
  0
LINE
  5
D61
330
17
100
AcDbEntity
  8
ENGRAVE_LOG
100
AcDbLine
 10
25.295218522906115
 20
-45.98154325246628
 30
0.0
 11
25.632616635825975
 21
-46.594864141885616
 31
0.0
  0
LINE
  5
D62
330
17
100
AcDbEntity
  8
ENGRAVE_LOG
100
AcDbLine
 10
25.632616635825975
 20
-46.594864141885616
 30
0.0
 11
25.970014748745836
 21
-47.20818503130494
 31
0.0
  0
LINE
  5
D63
330
17
100
AcDbEntity
  8
ENGRAVE_LOG
100
AcDbLine
 10
24.81769454720673
 20
-46.241025479129945
 30
0.0
 11
25.148723247340968
 21
-46.85780745007871
 31
0.0
  0
LINE
  5
D64
330
17
100
AcDbEntity
  8
ENGRAVE_LOG
100
AcDbLine
 10
25.148723247340968
 20
-46.85780745007871
 30
0.0
 11
25.479751947475204
 21
-47.474589421027474
 31
0.0
  0
LINE
  5
D65
330
17
100
AcDbEntity
  8
ENGRAVE_LOG
100
AcDbLine
 10
24.144540633141904
 20
-46.122497304618705
 30
0.0
 11
24.663977542652447
 21
-47.11476002035388
 31
0.0
  0
LINE
  5
D66
330
17
100
AcDbEntity
  8
ENGRAVE_LOG
100
AcDbLine
 10
24.663977542652447
 20
-47.11476002035388
 30
0.0
 11
25.183414452162992
 21
-48.10702273608904
 31
0.0
  0
LINE
  5
D67
330
17
100
AcDbEntity
  8
ENGRAVE_LOG
100
AcDbLine
 10
23.860190215329943
 20
-46.74229051820495
 30
0.0
 11
24.178447325671616
 21
-47.3657585700865
 31
0.0
  0
LINE
  5
D68
330
17
100
AcDbEntity
  8
ENGRAVE_LOG
100
AcDbLine
 10
24.178447325671616
 20
-47.3657585700865
 30
0.0
 11
24.49670443601329
 21
-47.98922662196805
 31
0.0
  0
LINE
  5
D69
330
17
100
AcDbEntity
  8
ENGRAVE_LOG
100
AcDbLine
 10
23.3803425563499
 20
-46.984146070219616
 30
0.0
 11
23.692199259654874
 21
-47.610840091735504
 31
0.0
  0
LINE
  5
D6A
330
17
100
AcDbEntity
  8
ENGRAVE_LOG
100
AcDbLine
 10
23.692199259654874
 20
-47.610840091735504
 30
0.0
 11
24.004055962959846
 21
-48.23753411325139
 31
0.0
  0
LINE
  5
D6B
330
17
100
AcDbEntity
  8
ENGRAVE_LOG
100
AcDbLine
 10
22.89985117154824
 20
-47.220199240589196
 30
0.0
 11
23.205298881534592
 21
-47.850041837167176
 31
0.0
  0
LINE
  5
D6C
330
17
100
AcDbEntity
  8
ENGRAVE_LOG
100
AcDbLine
 10
23.205298881534592
 20
-47.850041837167176
 30
0.0
 11
23.510746591520945
 21
-48.47988443374516
 31
0.0
  0
LINE
  5
D6D
330
17
100
AcDbEntity
  8
ENGRAVE_LOG
100
AcDbLine
 10
22.418779637740457
 20
-47.45048703179382
 30
0.0
 11
22.717810616140195
 21
-48.08340130241608
 31
0.0
  0
LINE
  5
D6E
330
17
100
AcDbEntity
  8
ENGRAVE_LOG
100
AcDbLine
 10
22.717810616140195
 20
-48.08340130241608
 30
0.0
 11
23.016841594539937
 21
-48.71631557303833
 31
0.0
  0
LINE
  5
D6F
330
17
100
AcDbEntity
  8
ENGRAVE_LOG
100
AcDbLine
 10
21.644583106094537
 20
-47.039137132428
 30
0.0
 11
22.229797790307213
 21
-48.31095621287218
 31
0.0
  0
LINE
  5
D70
330
17
100
AcDbEntity
  8
ENGRAVE_LOG
100
AcDbLine
 10
22.229797790307213
 20
-48.31095621287218
 30
0.0
 11
22.81501247451989
 21
-49.582775293316345
 31
0.0
  0
TEXT
  5
D71
330
17
100
AcDbEntity
  8
ENGRAVE_TEXT
100
AcDbText
 10
21.21821240759673
 20
-46.11252608810439
 30
0.0
 40
3.8
  1
2.7
 50
-155.29095509723544
 72
1
 11
21.21821240759673
 21
-46.11252608810439
 31
0.0
100
AcDbText
 73
2
  0
TEXT
  5
D72
330
17
100
AcDbEntity
  8
ENGRAVE_TEXT
100
AcDbText
 10
23.241383173017695
 20
-50.50938633763996
 30
0.0
 40
3.8
  1
2.7
 50
-155.29095509723544
 72
1
 11
23.241383173017695
 21
-50.50938633763996
 31
0.0
100
AcDbText
 73
2
  0
LINE
  5
D73
330
17
100
AcDbEntity
  8
ENGRAVE_LOG
100
AcDbLine
 10
21.455145026474582
 20
-47.89391560410302
 30
0.0
 11
21.741322646873442
 21
-48.53274450888336
 31
0.0
  0
LINE
  5
D74
330
17
100
AcDbEntity
  8
ENGRAVE_LOG
100
AcDbLine
 10
21.741322646873442
 20
-48.53274450888336
 30
0.0
 11
22.027500267272305
 21
-49.1715734136637
 31
0.0
  0
LINE
  5
D75
330
17
100
AcDbEntity
  8
ENGRAVE_LOG
100
AcDbLine
 10
20.972703740075094
 20
-48.107131465418306
 30
0.0
 11
21.25244635855933
 21
-48.748804331763445
 31
0.0
  0
LINE
  5
D76
330
17
100
AcDbEntity
  8
ENGRAVE_LOG
100
AcDbLine
 10
21.25244635855933
 20
-48.748804331763445
 30
0.0
 11
21.53218897704356
 21
-49.390477198108584
 31
0.0
  0
LINE
  5
D77
330
17
100
AcDbEntity
  8
ENGRAVE_LOG
100
AcDbLine
 10
20.48992591406757
 20
-48.314732080764166
 30
0.0
 11
20.763229041732345
 21
-48.95917401019509
 31
0.0
  0
LINE
  5
D78
330
17
100
AcDbEntity
  8
ENGRAVE_LOG
100
AcDbLine
 10
20.763229041732345
 20
-48.95917401019509
 30
0.0
 11
21.03653216939712
 21
-49.60361593962602
 31
0.0
  0
LINE
  5
D79
330
17
100
AcDbEntity
  8
ENGRAVE_LOG
100
AcDbLine
 10
20.006869844535245
 20
-48.516755446173704
 30
0.0
 11
20.273729770053055
 21
-49.16389204701825
 31
0.0
  0
LINE
  5
D7A
330
17
100
AcDbEntity
  8
ENGRAVE_LOG
100
AcDbLine
 10
20.273729770053055
 20
-49.16389204701825
 30
0.0
 11
20.540589695570866
 21
-49.8110286478628
 31
0.0
  0
LINE
  5
D7B
330
17
100
AcDbEntity
  8
ENGRAVE_LOG
100
AcDbLine
 10
19.36734454628457
 20
-48.323385283168044
 30
0.0
 11
19.784006588002562
 21
-49.36299710639409
 31
0.0
  0
LINE
  5
D7C
330
17
100
AcDbEntity
  8
ENGRAVE_LOG
100
AcDbLine
 10
19.784006588002562
 20
-49.36299710639409
 30
0.0
 11
20.200668629720553
 21
-50.402608929620136
 31
0.0
  0
LINE
  5
D7D
330
17
100
AcDbEntity
  8
ENGRAVE_LOG
100
AcDbLine
 10
19.040151094296597
 20
-48.904223194999794
 30
0.0
 11
19.294116524289123
 21
-49.556528001335536
 31
0.0
  0
LINE
  5
D7E
330
17
100
AcDbEntity
  8
ENGRAVE_LOG
100
AcDbLine
 10
19.294116524289123
 20
-49.556528001335536
 30
0.0
 11
19.548081954281646
 21
-50.208832807671286
 31
0.0
  0
LINE
  5
D7F
330
17
100
AcDbEntity
  8
ENGRAVE_LOG
100
AcDbLine
 10
18.556599980395696
 20
-49.08974431760241
 30
0.0
 11
18.804115605134207
 21
-49.74452368159482
 31
0.0
  0
LINE
  5
D80
330
17
100
AcDbEntity
  8
ENGRAVE_LOG
100
AcDbLine
 10
18.804115605134207
 20
-49.74452368159482
 30
0.0
 11
19.05163122987272
 21
-50.39930304558724
 31
0.0
  0
LINE
  5
D81
330
17
100
AcDbEntity
  8
ENGRAVE_LOG
100
AcDbLine
 10
18.072993782682452
 20
-49.26984164507859
 30
0.0
 11
18.31405886743622
 21
-49.92702322189938
 31
0.0
  0
LINE
  5
D82
330
17
100
AcDbEntity
  8
ENGRAVE_LOG
100
AcDbLine
 10
18.31405886743622
 20
-49.92702322189938
 30
0.0
 11
18.555123952189987
 21
-50.58420479872018
 31
0.0
  0
LINE
  5
D83
330
17
100
AcDbEntity
  8
ENGRAVE_LOG
100
AcDbLine
 10
17.589385850181806
 20
-49.44455384987738
 30
0.0
 11
17.82400037181152
 21
-50.10406581052742
 31
0.0
  0
LINE
  5
D84
330
17
100
AcDbEntity
  8
ENGRAVE_LOG
100
AcDbLine
 10
17.82400037181152
 20
-50.10406581052742
 30
0.0
 11
18.05861489344123
 21
-50.76357777117747
 31
0.0
  0
LINE
  5
D85
330
17
100
AcDbEntity
  8
ENGRAVE_LOG
100
AcDbLine
 10
16.87766394695801
 20
-48.95214867289845
 30
0.0
 11
17.3339932155123
 21
-50.275690738214365
 31
0.0
  0
LINE
  5
D86
330
17
100
AcDbEntity
  8
ENGRAVE_LOG
100
AcDbLine
 10
17.3339932155123
 20
-50.275690738214365
 30
0.0
 11
17.790322484066593
 21
-51.59923280353027
 31
0.0
  0
TEXT
  5
D87
330
17
100
AcDbEntity
  8
ENGRAVE_TEXT
100
AcDbText
 10
16.545195479868454
 20
-47.98785373959686
 30
0.0
 40
3.8
  1
2.8
 50
-160.9768912831989
 72
1
 11
16.545195479868454
 21
-47.98785373959686
 31
0.0
100
AcDbText
 73
2
  0
TEXT
  5
D88
330
17
100
AcDbEntity
  8
ENGRAVE_TEXT
100
AcDbText
 10
18.122790951156148
 20
-52.563527736831865
 30
0.0
 40
3.8
  1
2.8
 50
-160.9768912831989
 72
1
 11
18.122790951156148
 21
-52.563527736831865
 31
0.0
100
AcDbText
 73
2
  0
LINE
  5
D89
330
17
100
AcDbEntity
  8
ENGRAVE_LOG
100
AcDbLine
 10
16.622373436125493
 20
-49.777978076153204
 30
0.0
 11
16.844089545220157
 21
-50.44193738738239
 31
0.0
  0
LINE
  5
D8A
330
17
100
AcDbEntity
  8
ENGRAVE_LOG
100
AcDbLine
 10
16.844089545220157
 20
-50.44193738738239
 30
0.0
 11
17.06580565431482
 21
-51.105896698611566
 31
0.0
  0
LINE
  5
D8B
330
17
100
AcDbEntity
  8
ENGRAVE_LOG
100
AcDbLine
 10
16.139070949580297
 20
-49.936767905866844
 30
0.0
 11
16.354340569715703
 21
-50.60284522168443
 31
0.0
  0
LINE
  5
D8C
330
17
100
AcDbEntity
  8
ENGRAVE_LOG
100
AcDbLine
 10
16.354340569715703
 20
-50.60284522168443
 30
0.0
 11
16.56961018985111
 21
-51.26892253750202
 31
0.0
  0
LINE
  5
D8D
330
17
100
AcDbEntity
  8
ENGRAVE_LOG
100
AcDbLine
 10
15.655970743150773
 20
-50.09032820904258
 30
0.0
 11
15.864796572422984
 21
-50.75845377585527
 31
0.0
  0
LINE
  5
D8E
330
17
100
AcDbEntity
  8
ENGRAVE_LOG
100
AcDbLine
 10
15.864796572422984
 20
-50.75845377585527
 30
0.0
 11
16.073622401695193
 21
-51.42657934266796
 31
0.0
  0
LINE
  5
D8F
330
17
100
AcDbEntity
  8
ENGRAVE_LOG
100
AcDbLine
 10
15.173121537468338
 20
-50.23869806045151
 30
0.0
 11
15.375506923829388
 21
-50.9088026458615
 31
0.0
  0
LINE
  5
D90
330
17
100
AcDbEntity
  8
ENGRAVE_LOG
100
AcDbLine
 10
15.375506923829388
 20
-50.9088026458615
 30
0.0
 11
15.577892310190439
 21
-51.57890723127149
 31
0.0
  0
LINE
  5
D91
330
17
100
AcDbEntity
  8
ENGRAVE_LOG
100
AcDbLine
 10
14.573001806735379
 20
-49.97870764976709
 30
0.0
 11
14.88652009378001
 21
-51.053931479343326
 31
0.0
  0
LINE
  5
D92
330
17
100
AcDbEntity
  8
ENGRAVE_LOG
100
AcDbLine
 10
14.88652009378001
 20
-51.053931479343326
 30
0.0
 11
15.200038380824644
 21
-52.129155308919565
 31
0.0
  0
LINE
  5
D93
330
17
100
AcDbEntity
  8
ENGRAVE_LOG
100
AcDbLine
 10
14.208366578943
 20
-50.52002295286865
 30
0.0
 11
14.397883663646889
 21
-51.1938799663406
 31
0.0
  0
LINE
  5
D94
330
17
100
AcDbEntity
  8
ENGRAVE_LOG
100
AcDbLine
 10
14.397883663646889
 20
-51.1938799663406
 30
0.0
 11
14.58740074835078
 21
-51.86773697981256
 31
0.0
  0
LINE
  5
D95
330
17
100
AcDbEntity
  8
ENGRAVE_LOG
100
AcDbLine
 10
13.72655387133875
 20
-50.653056362052176
 30
0.0
 11
13.909644338372614
 21
-51.32868783029602
 31
0.0
  0
LINE
  5
D96
330
17
100
AcDbEntity
  8
ENGRAVE_LOG
100
AcDbLine
 10
13.909644338372614
 20
-51.32868783029602
 30
0.0
 11
14.092734805406478
 21
-52.004319298539855
 31
0.0
  0
LINE
  5
D97
330
17
100
AcDbEntity
  8
ENGRAVE_LOG
100
AcDbLine
 10
13.245178278605762
 20
-50.78105603832939
 30
0.0
 11
13.421847958388994
 21
-51.45839481932845
 31
0.0
  0
LINE
  5
D98
330
17
100
AcDbEntity
  8
ENGRAVE_LOG
100
AcDbLine
 10
13.421847958388994
 20
-51.45839481932845
 30
0.0
 11
13.598517638172227
 21
-52.13573360032751
 31
0.0
  0
LINE
  5
D99
330
17
100
AcDbEntity
  8
ENGRAVE_LOG
100
AcDbLine
 10
12.764284196291666
 20
-50.90406122262052
 30
0.0
 11
12.934539511409886
 21
-51.58304069776981
 31
0.0
  0
LINE
  5
D9A
330
17
100
AcDbEntity
  8
ENGRAVE_LOG
100
AcDbLine
 10
12.934539511409886
 20
-51.58304069776981
 30
0.0
 11
13.104794826528106
 21
-52.262020172919094
 31
0.0
  0
LINE
  5
D9B
330
17
100
AcDbEntity
  8
ENGRAVE_LOG
100
AcDbLine
 10
12.120067235830705
 20
-50.341557089535314
 30
0.0
 11
12.447763144099591
 21
-51.702665237958435
 31
0.0
  0
LINE
  5
D9C
330
17
100
AcDbEntity
  8
ENGRAVE_LOG
100
AcDbLine
 10
12.447763144099591
 20
-51.702665237958435
 30
0.0
 11
12.775459052368479
 21
-53.06377338638156
 31
0.0
  0
TEXT
  5
D9D
330
17
100
AcDbEntity
  8
ENGRAVE_TEXT
100
AcDbText
 10
11.881317359806228
 20
-49.349892581398464
 30
0.0
 40
3.8
  1
2.9
 50
-166.46327924362419
 72
1
 11
11.881317359806228
 21
-49.349892581398464
 31
0.0
100
AcDbText
 73
2
  0
TEXT
  5
D9E
330
17
100
AcDbEntity
  8
ENGRAVE_TEXT
100
AcDbText
 10
13.014208928392954
 20
-54.05543789451841
 30
0.0
 40
3.8
  1
2.9
 50
-166.46327924362419
 72
1
 11
13.014208928392954
 21
-54.05543789451841
 31
0.0
100
AcDbText
 73
2
  0
LINE
  5
D9F
330
17
100
AcDbEntity
  8
ENGRAVE_LOG
100
AcDbLine
 10
11.804114006606786
 20
-51.13524511057935
 30
0.0
 11
11.961562173615643
 21
-51.81730821228296
 31
0.0
  0
LINE
  5
DA0
330
17
100
AcDbEntity
  8
ENGRAVE_LOG
100
AcDbLine
 10
11.961562173615643
 20
-51.81730821228296
 30
0.0
 11
12.1190103406245
 21
-52.49937131398658
 31
0.0
  0
LINE
  5
DA1
330
17
100
AcDbEntity
  8
ENGRAVE_LOG
100
AcDbLine
 10
11.324922585877474
 20
-51.24350230442765
 30
0.0
 11
11.475979099027516
 21
-51.927009385469944
 31
0.0
  0
LINE
  5
DA2
330
17
100
AcDbEntity
  8
ENGRAVE_LOG
100
AcDbLine
 10
11.475979099027516
 20
-51.927009385469944
 30
0.0
 11
11.62703561217756
 21
-52.61051646651224
 31
0.0
  0
LINE
  5
DA3
330
17
100
AcDbEntity
  8
ENGRAVE_LOG
100
AcDbLine
 10
10.846382071263623
 20
-51.346921971664194
 30
0.0
 11
10.99105561261051
 21
-52.03180850710941
 31
0.0
  0
LINE
  5
DA4
330
17
100
AcDbEntity
  8
ENGRAVE_LOG
100
AcDbLine
 10
10.99105561261051
 20
-52.03180850710941
 30
0.0
 11
11.135729153957394
 21
-52.716695042554626
 31
0.0
  0
LINE
  5
DA5
330
17
100
AcDbEntity
  8
ENGRAVE_LOG
100
AcDbLine
 10
10.368532821100336
 20
-51.445543316576654
 30
0.0
 11
10.506832611015927
 21
-52.13174530441209
 31
0.0
  0
LINE
  5
DA6
330
17
100
AcDbEntity
  8
ENGRAVE_LOG
100
AcDbLine
 10
10.506832611015927
 20
-52.13174530441209
 30
0.0
 11
10.64513240093152
 21
-52.81794729224753
 31
0.0
  0
LINE
  5
DA7
330
17
100
AcDbEntity
  8
ENGRAVE_LOG
100
AcDbLine
 10
9.812252947365499
 20
-51.12693313799408
 30
0.0
 11
10.023350206317657
 21
-52.22685947519257
 31
0.0
  0
LINE
  5
DA8
330
17
100
AcDbEntity
  8
ENGRAVE_LOG
100
AcDbLine
 10
10.023350206317657
 20
-52.22685947519257
 30
0.0
 11
10.234447465269813
 21
-53.32678581239105
 31
0.0
  0
LINE
  5
DA9
330
17
100
AcDbEntity
  8
ENGRAVE_LOG
100
AcDbLine
 10
9.415065686994648
 20
-51.62854770482679
 30
0.0
 11
9.540647736935506
 21
-52.317190681072574
 31
0.0
  0
LINE
  5
DAA
330
17
100
AcDbEntity
  8
ENGRAVE_LOG
100
AcDbLine
 10
9.540647736935506
 20
-52.317190681072574
 30
0.0
 11
9.666229786876364
 21
-53.00583365731836
 31
0.0
  0
LINE
  5
DAB
330
17
100
AcDbEntity
  8
ENGRAVE_LOG
100
AcDbLine
 10
8.939524691468845
 20
-51.713008985076655
 30
0.0
 11
9.058763778435846
 21
-52.40277854089894
 31
0.0
  0
LINE
  5
DAC
330
17
100
AcDbEntity
  8
ENGRAVE_LOG
100
AcDbLine
 10
9.058763778435846
 20
-52.40277854089894
 30
0.0
 11
9.178002865402847
 21
-53.09254809672124
 31
0.0
  0
LINE
  5
DAD
330
17
100
AcDbEntity
  8
ENGRAVE_LOG
100
AcDbLine
 10
8.464828758423412
 20
-51.79282840404227
 30
0.0
 11
8.57773615421031
 21
-52.48366262437058
 31
0.0
  0
LINE
  5
DAE
330
17
100
AcDbEntity
  8
ENGRAVE_LOG
100
AcDbLine
 10
8.57773615421031
 20
-52.48366262437058
 30
0.0
 11
8.690643549997208
 21
-53.17449684469889
 31
0.0
  0
LINE
  5
DAF
330
17
100
AcDbEntity
  8
ENGRAVE_LOG
100
AcDbLine
 10
7.991014481530721
 20
-51.86804495598389
 30
0.0
 11
8.097601946032846
 21
-52.55988244586935
 31
0.0
  0
LINE
  5
DB0
330
17
100
AcDbEntity
  8
ENGRAVE_LOG
100
AcDbLine
 10
8.097601946032846
 20
-52.55988244586935
 30
0.0
 11
8.20418941053497
 21
-53.25171993575481
 31
0.0
  0
LINE
  5
DB1
330
17
100
AcDbEntity
  8
ENGRAVE_LOG
100
AcDbLine
 10
7.417837961316256
 20
-51.24591769087227
 30
0.0
 11
7.618397504495916
 21
-52.63147745848952
 31
0.0
  0
LINE
  5
DB2
330
17
100
AcDbEntity
  8
ENGRAVE_LOG
100
AcDbLine
 10
7.618397504495916
 20
-52.63147745848952
 30
0.0
 11
7.818957047675575
 21
-54.017037226106766
 31
0.0
  0
TEXT
  5
DB3
330
17
100
AcDbEntity
  8
ENGRAVE_TEXT
100
AcDbText
 10
7.271716008428219
 20
-50.23643843160827
 30
0.0
 40
3.8
  1
3
 50
-171.76365169907848
 72
1
 11
7.271716008428219
 21
-50.23643843160827
 31
0.0
100
AcDbText
 73
2
  0
TEXT
  5
DB4
330
17
100
AcDbEntity
  8
ENGRAVE_TEXT
100
AcDbText
 10
7.9650790005636125
 20
-55.02651648537076
 30
0.0
 40
3.8
  1
3
 50
-171.76365169907848
 72
1
 11
7.9650790005636125
 21
-55.02651648537076
 31
0.0
100
AcDbText
 73
2
  0
LINE
  5
DB5
330
17
100
AcDbEntity
  8
ENGRAVE_LOG
100
AcDbLine
 10
6.575216762098133
 20
-52.06646641103488
 30
0.0
 11
6.662919729580388
 21
-52.76095052856012
 31
0.0
  0
LINE
  5
DB6
330
17
100
AcDbEntity
  8
ENGRAVE_LOG
100
AcDbLine
 10
6.662919729580388
 20
-52.76095052856012
 30
0.0
 11
6.750622697062642
 21
-53.455434646085365
 31
0.0
  0
LINE
  5
DB7
330
17
100
AcDbEntity
  8
ENGRAVE_LOG
100
AcDbLine
 10
5.636398775673306
 20
-52.17644496170267
 30
0.0
 11
5.711579399586632
 21
-52.872396018737575
 31
0.0
  0
LINE
  5
DB8
330
17
100
AcDbEntity
  8
ENGRAVE_LOG
100
AcDbLine
 10
5.711579399586632
 20
-52.872396018737575
 30
0.0
 11
5.786760023499958
 21
-53.568347075772486
 31
0.0
  0
LINE
  5
DB9
330
17
100
AcDbEntity
  8
ENGRAVE_LOG
100
AcDbLine
 10
4.7019257976944155
 20
-52.268941961675246
 30
0.0
 11
4.764642033563053
 21
-52.96612678204821
 31
0.0
  0
LINE
  5
DBA
330
17
100
AcDbEntity
  8
ENGRAVE_LOG
100
AcDbLine
 10
4.764642033563053
 20
-52.96612678204821
 30
0.0
 11
4.8273582694316906
 21
-53.66331160242116
 31
0.0
  0
LINE
  5
DBB
330
17
100
AcDbEntity
  8
ENGRAVE_LOG
100
AcDbLine
 10
3.772049255564678
 20
-52.34426467545029
 30
0.0
 11
3.822362412555823
 21
-53.04245418141095
 31
0.0
  0
LINE
  5
DBC
330
17
100
AcDbEntity
  8
ENGRAVE_LOG
100
AcDbLine
 10
3.822362412555823
 20
-53.04245418141095
 30
0.0
 11
3.8726755695469675
 21
-53.74064368737161
 31
0.0
  0
LINE
  5
DBD
330
17
100
AcDbEntity
  8
ENGRAVE_LOG
100
AcDbLine
 10
2.809035678054227
 20
-51.70374955996343
 30
0.0
 11
2.8849848852631093
 21
-53.10168794126796
 31
0.0
  0
LINE
  5
DBE
330
17
100
AcDbEntity
  8
ENGRAVE_LOG
100
AcDbLine
 10
2.8849848852631093
 20
-53.10168794126796
 30
0.0
 11
2.9609340924719914
 21
-54.499626322572496
 31
0.0
  0
TEXT
  5
DBF
330
17
100
AcDbEntity
  8
ENGRAVE_TEXT
100
AcDbText
 10
2.7537012556591844
 20
-50.685251596441546
 30
0.0
 40
3.8
  1
3.1
 50
-176.89020978033818
 72
1
 11
2.7537012556591844
 21
-50.685251596441546
 31
0.0
100
AcDbText
 73
2
  0
TEXT
  5
DC0
330
17
100
AcDbEntity
  8
ENGRAVE_TEXT
100
AcDbText
 10
3.016268514867034
 20
-55.51812428609437
 30
0.0
 40
3.8
  1
3.1
 50
-176.89020978033818
 72
1
 11
3.016268514867034
 21
-55.51812428609437
 31
0.0
100
AcDbText
 73
2
  0
LINE
  5
DC1
330
17
100
AcDbEntity
  8
ENGRAVE_LOG
100
AcDbLine
 10
1.9270400077354837
 20
-52.44460808137082
 30
0.0
 11
1.9527436663752484
 21
-53.144136009285454
 31
0.0
  0
LINE
  5
DC2
330
17
100
AcDbEntity
  8
ENGRAVE_LOG
100
AcDbLine
 10
1.9527436663752484
 20
-53.144136009285454
 30
0.0
 11
1.978447325015013
 21
-53.843663937200084
 31
0.0
  0
LINE
  5
DC3
330
17
100
AcDbEntity
  8
ENGRAVE_LOG
100
AcDbLine
 10
1.0123598522425477
 20
-52.470234681479816
 30
0.0
 11
1.025863127710722
 21
-53.17010442761236
 31
0.0
  0
LINE
  5
DC4
330
17
100
AcDbEntity
  8
ENGRAVE_LOG
100
AcDbLine
 10
1.025863127710722
 20
-53.17010442761236
 30
0.0
 11
1.0393664031788963
 21
-53.86997417374491
 31
0.0
  0
LINE
  5
DC5
330
17
100
AcDbEntity
  8
ENGRAVE_LOG
100
AcDbLine
 10
0.1031818006214565
 20
-52.47989856617503
 30
0.0
 11
0.1045580822608433
 21
-53.17989721320862
 31
0.0
  0
LINE
  5
DC6
330
17
100
AcDbEntity
  8
ENGRAVE_LOG
100
AcDbLine
 10
0.1045580822608433
 20
-53.17989721320862
 30
0.0
 11
0.10593436390023012
 21
-53.87989586024221
 31
0.0
  0
LINE
  5
DC7
330
17
100
AcDbEntity
  8
ENGRAVE_LOG
100
AcDbLine
 10
-0.800291321269071
 20
-52.473897642552735
 30
0.0
 11
-0.8109659387402667
 21
-53.173816246778856
 31
0.0
  0
LINE
  5
DC8
330
17
100
AcDbEntity
  8
ENGRAVE_LOG
100
AcDbLine
 10
-0.8109659387402667
 20
-53.173816246778856
 30
0.0
 11
-0.8216405562114624
 21
-53.87373485100498
 31
0.0
  0
LINE
  5
DC9
330
17
100
AcDbEntity
  8
ENGRAVE_LOG
100
AcDbLine
 10
-1.6752187453906426
 20
-51.7528940461796
 30
0.0
 11
-1.7205124156020544
 21
-53.152161169869274
 31
0.0
  0
LINE
  5
DCA
330
17
100
AcDbEntity
  8
ENGRAVE_LOG
100
AcDbLine
 10
-1.7205124156020544
 20
-53.152161169869274
 30
0.0
 11
-1.765806085813466
 21
-54.55142829355895
 31
0.0
  0
TEXT
  5
DCB
330
17
100
AcDbEntity
  8
ENGRAVE_TEXT
100
AcDbText
 10
-1.6422190713794713
 20
-50.73342799891997
 30
0.0
 40
3.8
  1
3.2
 50
-181.85399219516617
 72
1
 11
-1.6422190713794713
 21
-50.73342799891997
 31
0.0
100
AcDbText
 73
2
  0
TEXT
  5
DCC
330
17
100
AcDbEntity
  8
ENGRAVE_TEXT
100
AcDbText
 10
-1.7988057598246376
 20
-55.570894340818576
 30
0.0
 40
3.8
  1
3.2
 50
-181.85399219516617
 72
1
 11
-1.7988057598246376
 21
-55.570894340818576
 31
0.0
100
AcDbText
 73
2
  0
LINE
  5
DCD
330
17
100
AcDbEntity
  8
ENGRAVE_LOG
100
AcDbLine
 10
-2.5893556770424917
 20
-52.41608185640899
 30
0.0
 11
-2.6238935766981655
 21
-53.11522928970713
 31
0.0
  0
LINE
  5
DCE
330
17
100
AcDbEntity
  8
ENGRAVE_LOG
100
AcDbLine
 10
-2.6238935766981655
 20
-53.11522928970713
 30
0.0
 11
-2.6584314763538393
 21
-53.81437672300527
 31
0.0
  0
LINE
  5
DCF
330
17
100
AcDbEntity
  8
ENGRAVE_LOG
100
AcDbLine
 10
-3.474584690318775
 20
-52.3648513912701
 30
0.0
 11
-3.520930141599704
 21
-53.06331549138232
 31
0.0
  0
LINE
  5
DD0
330
17
100
AcDbEntity
  8
ENGRAVE_LOG
100
AcDbLine
 10
-3.520930141599704
 20
-53.06331549138232
 30
0.0
 11
-3.567275592880633
 21
-53.76177959149454
 31
0.0
  0
LINE
  5
DD1
330
17
100
AcDbEntity
  8
ENGRAVE_LOG
100
AcDbLine
 10
-4.353383832082044
 20
-52.2991247461233
 30
0.0
 11
-4.411451070695944
 21
-52.996712156990036
 31
0.0
  0
LINE
  5
DD2
330
17
100
AcDbEntity
  8
ENGRAVE_LOG
100
AcDbLine
 10
-4.411451070695944
 20
-52.996712156990036
 30
0.0
 11
-4.4695183093098425
 21
-53.694299567856774
 31
0.0
  0
LINE
  5
DD3
330
17
100
AcDbEntity
  8
ENGRAVE_LOG
100
AcDbLine
 10
-5.22559220563081
 20
-52.219187911154364
 30
0.0
 11
-5.295293321178477
 21
-52.915709091371745
 31
0.0
  0
LINE
  5
DD4
330
17
100
AcDbEntity
  8
ENGRAVE_LOG
100
AcDbLine
 10
-5.295293321178477
 20
-52.915709091371745
 30
0.0
 11
-5.364994436726144
 21
-53.61223027158913
 31
0.0
  0
LINE
  5
DD5
330
17
100
AcDbEntity
  8
ENGRAVE_LOG
100
AcDbLine
 10
-6.009811533050047
 20
-51.43005507810796
 30
0.0
 11
-6.172301609262292
 21
-52.820593454109336
 31
0.0
  0
LINE
  5
DD6
330
17
100
AcDbEntity
  8
ENGRAVE_LOG
100
AcDbLine
 10
-6.172301609262292
 20
-52.820593454109336
 30
0.0
 11
-6.334791685474538
 21
-54.21113183011071
 31
0.0
  0
TEXT
  5
DD7
330
17
100
AcDbEntity
  8
ENGRAVE_TEXT
100
AcDbText
 10
-5.891425906095411
 20
-50.41694854702124
 30
0.0
 40
3.8
  1
3.3
 50
-186.66501835603947
 72
1
 11
-5.891425906095411
 21
-50.41694854702124
 31
0.0
100
AcDbText
 73
2
  0
TEXT
  5
DD8
330
17
100
AcDbEntity
  8
ENGRAVE_TEXT
100
AcDbText
 10
-6.453177312429174
 20
-55.22423836119743
 30
0.0
 40
3.8
  1
3.3
 50
-186.66501835603947
 72
1
 11
-6.453177312429174
 21
-55.22423836119743
 31
0.0
100
AcDbText
 73
2
  0
LINE
  5
DD9
330
17
100
AcDbEntity
  8
ENGRAVE_LOG
100
AcDbLine
 10
-6.949631117124585
 20
-52.01781451902697
 30
0.0
 11
-7.042328178519159
 21
-52.711649697443875
 31
0.0
  0
LINE
  5
DDA
330
17
100
AcDbEntity
  8
ENGRAVE_LOG
100
AcDbLine
 10
-7.042328178519159
 20
-52.711649697443875
 30
0.0
 11
-7.135025239913733
 21
-53.40548487586078
 31
0.0
  0
LINE
  5
DDB
330
17
100
AcDbEntity
  8
ENGRAVE_LOG
100
AcDbLine
 10
-7.801177237567429
 20
-51.89693665051974
 30
0.0
 11
-7.905232574196568
 21
-52.58915950980641
 31
0.0
  0
LINE
  5
DDC
330
17
100
AcDbEntity
  8
ENGRAVE_LOG
100
AcDbLine
 10
-7.905232574196568
 20
-52.58915950980641
 30
0.0
 11
-8.009287910825707
 21
-53.281382369093066
 31
0.0
  0
LINE
  5
DDD
330
17
100
AcDbEntity
  8
ENGRAVE_LOG
100
AcDbLine
 10
-8.645563315154192
 20
-51.762965863285494
 30
0.0
 11
-8.760881423397484
 21
-52.45340176466316
 31
0.0
  0
LINE
  5
DDE
330
17
100
AcDbEntity
  8
ENGRAVE_LOG
100
AcDbLine
 10
-8.760881423397484
 20
-52.45340176466316
 30
0.0
 11
-8.876199531640776
 21
-53.14383766604083
 31
0.0
  0
LINE
  5
DDF
330
17
100
AcDbEntity
  8
ENGRAVE_LOG
100
AcDbLine
 10
-9.482664509925534
 20
-51.61617453659462
 30
0.0
 11
-9.609148220995426
 21
-52.304652474392185
 31
0.0
  0
LINE
  5
DE0
330
17
100
AcDbEntity
  8
ENGRAVE_LOG
100
AcDbLine
 10
-9.609148220995426
 20
-52.304652474392185
 30
0.0
 11
-9.735631932065317
 21
-52.99313041218976
 31
0.0
  0
LINE
  5
DE1
330
17
100
AcDbEntity
  8
ENGRAVE_LOG
100
AcDbLine
 10
-10.174811985967226
 20
-50.770479622022656
 30
0.0
 11
-10.449913121161396
 21
-52.14318474892168
 31
0.0
  0
LINE
  5
DE2
330
17
100
AcDbEntity
  8
ENGRAVE_LOG
100
AcDbLine
 10
-10.449913121161396
 20
-52.14318474892168
 30
0.0
 11
-10.725014256355566
 21
-53.51588987582071
 31
0.0
  0
TEXT
  5
DE3
330
17
100
AcDbEntity
  8
ENGRAVE_TEXT
100
AcDbText
 10
-9.974381158897188
 20
-49.7703658867105
 30
0.0
 40
3.8
  1
3.4
 50
-191.33241013521186
 72
1
 11
-9.974381158897188
 21
-49.7703658867105
 31
0.0
100
AcDbText
 73
2
  0
TEXT
  5
DE4
330
17
100
AcDbEntity
  8
ENGRAVE_TEXT
100
AcDbText
 10
-10.925445083425604
 20
-54.51600361113286
 30
0.0
 40
3.8
  1
3.4
 50
-191.33241013521186
 72
1
 11
-10.925445083425604
 21
-54.51600361113286
 31
0.0
100
AcDbText
 73
2
  0
LINE
  5
DE5
330
17
100
AcDbEntity
  8
ENGRAVE_LOG
100
AcDbLine
 10
-11.134545549081771
 20
-51.28520542432703
 30
0.0
 11
-11.283062734378213
 21
-51.96926875887408
 31
0.0
  0
LINE
  5
DE6
330
17
100
AcDbEntity
  8
ENGRAVE_LOG
100
AcDbLine
 10
-11.283062734378213
 20
-51.96926875887408
 30
0.0
 11
-11.431579919674654
 21
-52.65333209342113
 31
0.0
  0
LINE
  5
DE7
330
17
100
AcDbEntity
  8
ENGRAVE_LOG
100
AcDbLine
 10
-11.949107775799709
 20
-51.10155793478632
 30
0.0
 11
-12.108489929821427
 21
-51.78317170297136
 31
0.0
  0
LINE
  5
DE8
330
17
100
AcDbEntity
  8
ENGRAVE_LOG
100
AcDbLine
 10
-12.108489929821427
 20
-51.78317170297136
 30
0.0
 11
-12.267872083843146
 21
-52.46478547115639
 31
0.0
  0
LINE
  5
DE9
330
17
100
AcDbEntity
  8
ENGRAVE_LOG
100
AcDbLine
 10
-12.755949499507539
 20
-50.906150437506206
 30
0.0
 11
-12.926093642984203
 21
-51.585157779469895
 31
0.0
  0
LINE
  5
DEA
330
17
100
AcDbEntity
  8
ENGRAVE_LOG
100
AcDbLine
 10
-12.926093642984203
 20
-51.585157779469895
 30
0.0
 11
-13.096237786460867
 21
-52.264165121433585
 31
0.0
  0
LINE
  5
DEB
330
17
100
AcDbEntity
  8
ENGRAVE_LOG
100
AcDbLine
 10
-13.554976787677509
 20
-50.699240667741
 30
0.0
 11
-13.73577868842778
 21
-51.37548816140371
 31
0.0
  0
LINE
  5
DEC
330
17
100
AcDbEntity
  8
ENGRAVE_LOG
100
AcDbLine
 10
-13.73577868842778
 20
-51.37548816140371
 30
0.0
 11
-13.916580589178054
 21
-52.051735655066416
 31
0.0
  0
LINE
  5
DED
330
17
100
AcDbEntity
  8
ENGRAVE_LOG
100
AcDbLine
 10
-14.154747081702249
 20
-49.807745733500546
 30
0.0
 11
-14.537455577538154
 21
-51.154420975426014
 31
0.0
  0
LINE
  5
DEE
330
17
100
AcDbEntity
  8
ENGRAVE_LOG
100
AcDbLine
 10
-14.537455577538154
 20
-51.154420975426014
 30
0.0
 11
-14.920164073374059
 21
-52.501096217351474
 31
0.0
  0
TEXT
  5
DEF
330
17
100
AcDbEntity
  8
ENGRAVE_TEXT
100
AcDbText
 10
-13.87591660616466
 20
-48.82659662866913
 30
0.0
 40
3.8
  1
3.5
 50
-195.86449596609924
 72
1
 11
-13.87591660616466
 21
-48.82659662866913
 31
0.0
100
AcDbText
 73
2
  0
TEXT
  5
DF0
330
17
100
AcDbEntity
  8
ENGRAVE_TEXT
100
AcDbText
 10
-15.198994548911646
 20
-53.48224532218289
 30
0.0
 40
3.8
  1
3.5
 50
-195.86449596609924
 72
1
 11
-15.198994548911646
 21
-53.48224532218289
 31
0.0
100
AcDbText
 73
2
  0
LINE
  5
DF1
330
17
100
AcDbEntity
  8
ENGRAVE_LOG
100
AcDbLine
 10
-15.129240261465727
 20
-50.25193020283743
 30
0.0
 11
-15.331040341172777
 21
-50.922211284049055
 31
0.0
  0
LINE
  5
DF2
330
17
100
AcDbEntity
  8
ENGRAVE_LOG
100
AcDbLine
 10
-15.331040341172777
 20
-50.922211284049055
 30
0.0
 11
-15.532840420879829
 21
-51.59249236526069
 31
0.0
  0
LINE
  5
DF3
330
17
100
AcDbEntity
  8
ENGRAVE_LOG
100
AcDbLine
 10
-15.904315995856939
 20
-50.01202987985919
 30
0.0
 11
-16.116454357082166
 21
-50.67911107109207
 31
0.0
  0
LINE
  5
DF4
330
17
100
AcDbEntity
  8
ENGRAVE_LOG
100
AcDbLine
 10
-16.116454357082166
 20
-50.67911107109207
 30
0.0
 11
-16.32859271830739
 21
-51.346192262324955
 31
0.0
  0
LINE
  5
DF5
330
17
100
AcDbEntity
  8
ENGRAVE_LOG
100
AcDbLine
 10
-16.671256056241873
 20
-49.76162800298256
 30
0.0
 11
-16.89362418199205
 21
-50.4253692301565
 31
0.0
  0
LINE
  5
DF6
330
17
100
AcDbEntity
  8
ENGRAVE_LOG
100
AcDbLine
 10
-16.89362418199205
 20
-50.4253692301565
 30
0.0
 11
-17.11599230774223
 21
-51.08911045733043
 31
0.0
  0
LINE
  5
DF7
330
17
100
AcDbEntity
  8
ENGRAVE_LOG
100
AcDbLine
 10
-17.429992915656722
 20
-49.50096713156376
 30
0.0
 11
-17.66248138823599
 21
-50.161231555955816
 31
0.0
  0
LINE
  5
DF8
330
17
100
AcDbEntity
  8
ENGRAVE_LOG
100
AcDbLine
 10
-17.66248138823599
 20
-50.161231555955816
 30
0.0
 11
-17.89496986081525
 21
-50.82149598034786
 31
0.0
  0
LINE
  5
DF9
330
17
100
AcDbEntity
  8
ENGRAVE_LOG
100
AcDbLine
 10
-17.937965274951456
 20
-48.573632783585744
 30
0.0
 11
-18.422962404826542
 21
-49.886940738336996
 31
0.0
  0
LINE
  5
DFA
330
17
100
AcDbEntity
  8
ENGRAVE_LOG
100
AcDbLine
 10
-18.422962404826542
 20
-49.886940738336996
 30
0.0
 11
-18.90795953470163
 21
-51.200248693088255
 31
0.0
  0
TEXT
  5
DFB
330
17
100
AcDbEntity
  8
ENGRAVE_TEXT
100
AcDbText
 10
-17.58461022318532
 20
-47.61679413083839
 30
0.0
 40
3.8
  1
3.6
 50
-200.2689002762234
 72
1
 11
-17.58461022318532
 21
-47.61679413083839
 31
0.0
100
AcDbText
 73
2
  0
TEXT
  5
DFC
330
17
100
AcDbEntity
  8
ENGRAVE_TEXT
100
AcDbText
 10
-19.261314586467766
 20
-52.1570873458356
 30
0.0
 40
3.8
  1
3.6
 50
-200.2689002762234
 72
1
 11
-19.261314586467766
 21
-52.1570873458356
 31
0.0
100
AcDbText
 73
2
  0
LINE
  5
DFD
330
17
100
AcDbEntity
  8
ENGRAVE_LOG
100
AcDbLine
 10
-18.9226107349157
 20
-48.94982331913827
 30
0.0
 11
-19.175008362858556
 21
-49.60273635883715
 31
0.0
  0
LINE
  5
DFE
330
17
100
AcDbEntity
  8
ENGRAVE_LOG
100
AcDbLine
 10
-19.175008362858556
 20
-49.60273635883715
 30
0.0
 11
-19.42740599080141
 21
-50.25564939853602
 31
0.0
  0
LINE
  5
DFF
330
17
100
AcDbEntity
  8
ENGRAVE_LOG
100
AcDbLine
 10
-19.65637999851099
 20
-48.6598101656196
 30
0.0
 11
-19.918564945137472
 21
-49.30885488962748
 31
0.0
  0
LINE
  5
E00
330
17
100
AcDbEntity
  8
ENGRAVE_LOG
100
AcDbLine
 10
-19.918564945137472
 20
-49.30885488962748
 30
0.0
 11
-20.180749891763952
 21
-49.95789961363537
 31
0.0
  0
LINE
  5
E01
330
17
100
AcDbEntity
  8
ENGRAVE_LOG
100
AcDbLine
 10
-20.381722375920685
 20
-48.36047759266748
 30
0.0
 11
-20.653582239928774
 21
-49.005529694703824
 31
0.0
  0
LINE
  5
E02
330
17
100
AcDbEntity
  8
ENGRAVE_LOG
100
AcDbLine
 10
-20.653582239928774
 20
-49.005529694703824
 30
0.0
 11
-20.925442103936863
 21
-49.65058179674017
 31
0.0
  0
LINE
  5
E03
330
17
100
AcDbEntity
  8
ENGRAVE_LOG
100
AcDbLine
 10
-21.098592819502155
 20
-48.052052828540546
 30
0.0
 11
-21.380014598725698
 21
-48.69299103318953
 31
0.0
  0
LINE
  5
E04
330
17
100
AcDbEntity
  8
ENGRAVE_LOG
100
AcDbLine
 10
-21.380014598725698
 20
-48.69299103318953
 30
0.0
 11
-21.661436377949244
 21
-49.33392923783851
 31
0.0
  0
LINE
  5
E05
330
17
100
AcDbEntity
  8
ENGRAVE_LOG
100
AcDbLine
 10
-21.516080206527334
 20
-47.09805402080093
 30
0.0
 11
-22.097820497935952
 21
-48.371466064623284
 31
0.0
  0
LINE
  5
E06
330
17
100
AcDbEntity
  8
ENGRAVE_LOG
100
AcDbLine
 10
-22.097820497935952
 20
-48.371466064623284
 30
0.0
 11
-22.67956078934457
 21
-49.64487810844563
 31
0.0
  0
TEXT
  5
E07
330
17
100
AcDbEntity
  8
ENGRAVE_TEXT
100
AcDbText
 10
-21.092240851358195
 20
-46.17028238887322
 30
0.0
 40
3.8
  1
3.7
 50
-204.5526206641182
 72
1
 11
-21.092240851358195
 21
-46.17028238887322
 31
0.0
100
AcDbText
 73
2
  0
TEXT
  5
E08
330
17
100
AcDbEntity
  8
ENGRAVE_TEXT
100
AcDbText
 10
-23.103400144513706
 20
-50.57264974037334
 30
0.0
 40
3.8
  1
3.7
 50
-204.5526206641182
 72
1
 11
-23.103400144513706
 21
-50.57264974037334
 31
0.0
100
AcDbText
 73
2
  0
LINE
  5
E09
330
17
100
AcDbEntity
  8
ENGRAVE_LOG
100
AcDbLine
 10
-22.506757934980225
 20
-47.408820352928046
 30
0.0
 11
-22.806962404387356
 21
-48.04117885611116
 31
0.0
  0
LINE
  5
E0A
330
17
100
AcDbEntity
  8
ENGRAVE_LOG
100
AcDbLine
 10
-22.806962404387356
 20
-48.04117885611116
 30
0.0
 11
-23.107166873794487
 21
-48.67353735929427
 31
0.0
  0
LINE
  5
E0B
330
17
100
AcDbEntity
  8
ENGRAVE_LOG
100
AcDbLine
 10
-23.197982337464822
 20
-47.07445183399027
 30
0.0
 11
-23.507406644557534
 21
-47.702350391227185
 31
0.0
  0
LINE
  5
E0C
330
17
100
AcDbEntity
  8
ENGRAVE_LOG
100
AcDbLine
 10
-23.507406644557534
 20
-47.702350391227185
 30
0.0
 11
-23.816830951650243
 21
-48.330248948464096
 31
0.0
  0
LINE
  5
E0D
330
17
100
AcDbEntity
  8
ENGRAVE_LOG
100
AcDbLine
 10
-23.880594012779778
 20
-46.73186952815804
 30
0.0
 11
-24.199123277431948
 21
-47.35519858055345
 31
0.0
  0
LINE
  5
E0E
330
17
100
AcDbEntity
  8
ENGRAVE_LOG
100
AcDbLine
 10
-24.199123277431948
 20
-47.35519858055345
 30
0.0
 11
-24.517652542084118
 21
-47.97852763294885
 31
0.0
  0
LINE
  5
E0F
330
17
100
AcDbEntity
  8
ENGRAVE_LOG
100
AcDbLine
 10
-24.554566975418734
 20
-46.3812854570642
 30
0.0
 11
-24.88208597089879
 21
-46.99993827375523
 31
0.0
  0
LINE
  5
E10
330
17
100
AcDbEntity
  8
ENGRAVE_LOG
100
AcDbLine
 10
-24.88208597089879
 20
-46.99993827375523
 30
0.0
 11
-25.20960496637884
 21
-47.61859109044625
 31
0.0
  0
LINE
  5
E11
330
17
100
AcDbEntity
  8
ENGRAVE_LOG
100
AcDbLine
 10
-24.883485483803714
 20
-45.409035997005375
 30
0.0
 11
-25.556271881589062
 21
-46.636781273092815
 31
0.0
  0
LINE
  5
E12
330
17
100
AcDbEntity
  8
ENGRAVE_LOG
100
AcDbLine
 10
-25.556271881589062
 20
-46.636781273092815
 30
0.0
 11
-26.229058279374406
 21
-47.86452654918025
 31
0.0
  0
TEXT
  5
E13
330
17
100
AcDbEntity
  8
ENGRAVE_TEXT
100
AcDbText
 10
-24.39331253684582
 20
-44.51453586728453
 30
0.0
 40
3.8
  1
3.8
 50
-208.72209478205164
 72
1
 11
-24.39331253684582
 21
-44.51453586728453
 31
0.0
100
AcDbText
 73
2
  0
TEXT
  5
E14
330
17
100
AcDbEntity
  8
ENGRAVE_TEXT
100
AcDbText
 10
-26.7192312263323
 20
-48.7590266789011
 30
0.0
 40
3.8
  1
3.8
 50
-208.72209478205164
 72
1
 11
-26.7192312263323
 21
-48.7590266789011
 31
0.0
100
AcDbText
 73
2
  0
LINE
  5
E15
330
17
100
AcDbEntity
  8
ENGRAVE_LOG
100
AcDbLine
 10
-25.87650991948346
 20
-45.65694508381911
 30
0.0
 11
-26.22166153807413
 21
-46.26593634827554
 31
0.0
  0
LINE
  5
E16
330
17
100
AcDbEntity
  8
ENGRAVE_LOG
100
AcDbLine
 10
-26.22166153807413
 20
-46.26593634827554
 30
0.0
 11
-26.566813156664804
 21
-46.87492761273197
 31
0.0
  0
LINE
  5
E17
330
17
100
AcDbEntity
  8
ENGRAVE_LOG
100
AcDbLine
 10
-26.52444468616886
 20
-45.28359784834204
 30
0.0
 11
-26.87823872733346
 21
-45.88760925256917
 31
0.0
  0
LINE
  5
E18
330
17
100
AcDbEntity
  8
ENGRAVE_LOG
100
AcDbLine
 10
-26.87823872733346
 20
-45.88760925256917
 30
0.0
 11
-27.232032768498062
 21
-46.49162065679629
 31
0.0
  0
LINE
  5
E19
330
17
100
AcDbEntity
  8
ENGRAVE_LOG
100
AcDbLine
 10
-27.16367008976563
 20
-44.903067013895296
 30
0.0
 11
-27.525990384408086
 21
-45.5020027400715
 31
0.0
  0
LINE
  5
E1A
330
17
100
AcDbEntity
  8
ENGRAVE_LOG
100
AcDbLine
 10
-27.525990384408086
 20
-45.5020027400715
 30
0.0
 11
-27.88831067905054
 21
-46.10093846624769
 31
0.0
  0
LINE
  5
E1B
330
17
100
AcDbEntity
  8
ENGRAVE_LOG
100
AcDbLine
 10
-27.794176238078908
 20
-44.515549724187494
 30
0.0
 11
-28.164906485156944
 21
-45.10931658407567
 31
0.0
  0
LINE
  5
E1C
330
17
100
AcDbEntity
  8
ENGRAVE_LOG
100
AcDbLine
 10
-28.164906485156944
 20
-45.10931658407567
 30
0.0
 11
-28.535636732234977
 21
-45.70308344396384
 31
0.0
  0
LINE
  5
E1D
330
17
100
AcDbEntity
  8
ENGRAVE_LOG
100
AcDbLine
 10
-28.03693233167648
 20
-43.53273280451153
 30
0.0
 11
-28.79497994203467
 21
-44.70974759644502
 31
0.0
  0
LINE
  5
E1E
330
17
100
AcDbEntity
  8
ENGRAVE_LOG
100
AcDbLine
 10
-28.79497994203467
 20
-44.70974759644502
 30
0.0
 11
-29.553027552392855
 21
-45.88676238837851
 31
0.0
  0
TEXT
  5
E1F
330
17
100
AcDbEntity
  8
ENGRAVE_TEXT
100
AcDbText
 10
-27.484640501272654
 20
-42.67519345610284
 30
0.0
 40
3.8
  1
3.9
 50
-212.78325852953972
 72
1
 11
-27.484640501272654
 21
-42.67519345610284
 31
0.0
100
AcDbText
 73
2
  0
TEXT
  5
E20
330
17
100
AcDbEntity
  8
ENGRAVE_TEXT
100
AcDbText
 10
-30.105319382796683
 20
-46.7443017367872
 30
0.0
 40
3.8
  1
3.9
 50
-212.78325852953972
 72
1
 11
-30.105319382796683
 21
-46.7443017367872
 31
0.0
100
AcDbText
 73
2
  0
LINE
  5
E21
330
17
100
AcDbEntity
  8
ENGRAVE_LOG
100
AcDbLine
 10
-29.02900558983802
 20
-43.720329761624086
 30
0.0
 11
-29.416206502812233
 21
-44.303489647926234
 31
0.0
  0
LINE
  5
E22
330
17
100
AcDbEntity
  8
ENGRAVE_LOG
100
AcDbLine
 10
-29.416206502812233
 20
-44.303489647926234
 30
0.0
 11
-29.803407415786445
 21
-44.88664953422839
 31
0.0
  0
LINE
  5
E23
330
17
100
AcDbEntity
  8
ENGRAVE_LOG
100
AcDbLine
 10
-29.633323101645743
 20
-43.31300684498213
 30
0.0
 11
-30.028584652163122
 21
-43.890733689332116
 31
0.0
  0
LINE
  5
E24
330
17
100
AcDbEntity
  8
ENGRAVE_LOG
100
AcDbLine
 10
-30.028584652163122
 20
-43.890733689332116
 30
0.0
 11
-30.4238462026805
 21
-44.46846053368211
 31
0.0
  0
LINE
  5
E25
330
17
100
AcDbEntity
  8
ENGRAVE_LOG
100
AcDbLine
 10
-30.228909783409108
 20
-42.89945702810833
 30
0.0
 11
-30.63211551603842
 21
-43.47166777352898
 31
0.0
  0
LINE
  5
E26
330
17
100
AcDbEntity
  8
ENGRAVE_LOG
100
AcDbLine
 10
-30.63211551603842
 20
-43.47166777352898
 30
0.0
 11
-31.03532124866774
 21
-44.04387851894963
 31
0.0
  0
LINE
  5
E27
330
17
100
AcDbEntity
  8
ENGRAVE_LOG
100
AcDbLine
 10
-30.81576926108492
 20
-42.47986305118666
 30
0.0
 11
-31.226802768759452
 21
-43.04647707816514
 31
0.0
  0
LINE
  5
E28
330
17
100
AcDbEntity
  8
ENGRAVE_LOG
100
AcDbLine
 10
-31.226802768759452
 20
-43.04647707816514
 30
0.0
 11
-31.637836276433987
 21
-43.613091105143624
 31
0.0
  0
LINE
  5
E29
330
17
100
AcDbEntity
  8
ENGRAVE_LOG
100
AcDbLine
 10
-30.975162630006782
 20
-41.49346575118342
 30
0.0
 11
-31.8126525427532
 21
-42.615343929083316
 31
0.0
  0
LINE
  5
E2A
330
17
100
AcDbEntity
  8
ENGRAVE_LOG
100
AcDbLine
 10
-31.8126525427532
 20
-42.615343929083316
 30
0.0
 11
-32.65014245549961
 21
-43.73722210698322
 31
0.0
  0
TEXT
  5
E2B
330
17
100
AcDbEntity
  8
ENGRAVE_TEXT
100
AcDbText
 10
-30.364991407862963
 20
-40.676097364427775
 30
0.0
 40
3.8
  1
4
 50
-216.74159687806647
 72
1
 11
-30.364991407862963
 21
-40.676097364427775
 31
0.0
100
AcDbText
 73
2
  0
TEXT
  5
E2C
330
17
100
AcDbEntity
  8
ENGRAVE_TEXT
100
AcDbText
 10
-33.26031367764344
 20
-44.55459049373886
 30
0.0
 40
3.8
  1
4
 50
-216.74159687806647
 72
1
 11
-33.26031367764344
 21
-44.55459049373886
 31
0.0
100
AcDbText
 73
2
  0
LINE
  5
E2D
330
17
100
AcDbEntity
  8
ENGRAVE_LOG
100
AcDbLine
 10
-31.96333315021566
 20
-41.623259530319395
 30
0.0
 11
-32.38967334086259
 21
-42.17844782435948
 31
0.0
  0
LINE
  5
E2E
330
17
100
AcDbEntity
  8
ENGRAVE_LOG
100
AcDbLine
 10
-32.38967334086259
 20
-42.17844782435948
 30
0.0
 11
-32.816013531509526
 21
-42.733636118399566
 31
0.0
  0
LINE
  5
E2F
330
17
100
AcDbEntity
  8
ENGRAVE_LOG
100
AcDbLine
 10
-32.524056598664586
 20
-41.1866014908594
 30
0.0
 11
-32.95787595116202
 21
-41.735965458915835
 31
0.0
  0
LINE
  5
E30
330
17
100
AcDbEntity
  8
ENGRAVE_LOG
100
AcDbLine
 10
-32.95787595116202
 20
-41.735965458915835
 30
0.0
 11
-33.39169530365945
 21
-42.285329426972275
 31
0.0
  0
LINE
  5
E31
330
17
100
AcDbEntity
  8
ENGRAVE_LOG
100
AcDbLine
 10
-33.07609075129362
 20
-40.74460234941787
 30
0.0
 11
-33.51727336421103
 21
-41.28807074965782
 31
0.0
  0
LINE
  5
E32
330
17
100
AcDbEntity
  8
ENGRAVE_LOG
100
AcDbLine
 10
-33.51727336421103
 20
-41.28807074965782
 30
0.0
 11
-33.95845597712844
 21
-41.83153914989777
 31
0.0
  0
LINE
  5
E33
330
17
100
AcDbEntity
  8
ENGRAVE_LOG
100
AcDbLine
 10
-33.61945052184956
 20
-40.29743101748434
 30
0.0
 11
-34.06788069268215
 21
-40.83493486108647
 31
0.0
  0
LINE
  5
E34
330
17
100
AcDbEntity
  8
ENGRAVE_LOG
100
AcDbLine
 10
-34.06788069268215
 20
-40.83493486108647
 30
0.0
 11
-34.516310863514754
 21
-41.372438704688584
 31
0.0
  0
LINE
  5
E35
330
17
100
AcDbEntity
  8
ENGRAVE_LOG
100
AcDbLine
 10
-33.698590589149404
 20
-39.31378120080656
 30
0.0
 11
-34.6097150932979
 21
-40.376726231342076
 31
0.0
  0
LINE
  5
E36
330
17
100
AcDbEntity
  8
ENGRAVE_LOG
100
AcDbLine
 10
-34.6097150932979
 20
-40.376726231342076
 30
0.0
 11
-35.5208395974464
 21
-41.4396712618776
 31
0.0
  0
TEXT
  5
E37
330
17
100
AcDbEntity
  8
ENGRAVE_TEXT
100
AcDbText
 10
-33.034771307555495
 20
-38.539349821416394
 30
0.0
 40
3.8
  1
4.1
 50
-220.60218841910478
 72
1
 11
-33.034771307555495
 21
-38.539349821416394
 31
0.0
100
AcDbText
 73
2
  0
TEXT
  5
E38
330
17
100
AcDbEntity
  8
ENGRAVE_TEXT
100
AcDbText
 10
-36.184658879040306
 20
-42.214102641267765
 30
0.0
 40
3.8
  1
4.1
 50
-220.60218841910478
 72
1
 11
-36.184658879040306
 21
-42.214102641267765
 31
0.0
100
AcDbText
 73
2
  0
LINE
  5
E39
330
17
100
AcDbEntity
  8
ENGRAVE_LOG
100
AcDbLine
 10
-34.680216582634735
 20
-39.388234001812606
 30
0.0
 11
-35.14279569101591
 21
-39.91361059863557
 31
0.0
  0
LINE
  5
E3A
330
17
100
AcDbEntity
  8
ENGRAVE_LOG
100
AcDbLine
 10
-35.14279569101591
 20
-39.91361059863557
 30
0.0
 11
-35.6053747993971
 21
-40.43898719545853
 31
0.0
  0
LINE
  5
E3B
330
17
100
AcDbEntity
  8
ENGRAVE_LOG
100
AcDbLine
 10
-35.19766248897074
 20
-38.92653279335962
 30
0.0
 11
-35.66714350540138
 21
-39.445751028027146
 31
0.0
  0
LINE
  5
E3C
330
17
100
AcDbEntity
  8
ENGRAVE_LOG
100
AcDbLine
 10
-35.66714350540138
 20
-39.445751028027146
 30
0.0
 11
-36.136624521832005
 21
-39.96496926269467
 31
0.0
  0
LINE
  5
E3D
330
17
100
AcDbEntity
  8
ENGRAVE_LOG
100
AcDbLine
 10
-35.706513102230716
 20
-38.460308398142445
 30
0.0
 11
-36.182781379127846
 21
-38.97330793851401
 31
0.0
  0
LINE
  5
E3E
330
17
100
AcDbEntity
  8
ENGRAVE_LOG
100
AcDbLine
 10
-36.182781379127846
 20
-38.97330793851401
 30
0.0
 11
-36.65904965602498
 21
-39.48630747888558
 31
0.0
  0
LINE
  5
E3F
330
17
100
AcDbEntity
  8
ENGRAVE_LOG
100
AcDbLine
 10
-36.20679269501035
 20
-37.98971653935504
 30
0.0
 11
-36.68973390854898
 21
-38.49643913039064
 31
0.0
  0
LINE
  5
E40
330
17
100
AcDbEntity
  8
ENGRAVE_LOG
100
AcDbLine
 10
-36.68973390854898
 20
-38.49643913039064
 30
0.0
 11
-37.17267512208761
 21
-39.003161721426245
 31
0.0
  0
LINE
  5
E41
330
17
100
AcDbEntity
  8
ENGRAVE_LOG
100
AcDbLine
 10
-36.2090270316671
 20
-37.01452095353932
 30
0.0
 11
-37.18802737628537
 21
-38.01529981284706
 31
0.0
  0
LINE
  5
E42
330
17
100
AcDbEntity
  8
ENGRAVE_LOG
100
AcDbLine
 10
-37.18802737628537
 20
-38.01529981284706
 30
0.0
 11
-38.16702772090363
 21
-39.016078672154805
 31
0.0
  0
TEXT
  5
E43
330
17
100
AcDbEntity
  8
ENGRAVE_TEXT
100
AcDbText
 10
-35.495755352016644
 20
-36.28538207032939
 30
0.0
 40
3.8
  1
4.2
 50
-224.36974454324417
 72
1
 11
-35.495755352016644
 21
-36.28538207032939
 31
0.0
100
AcDbText
 73
2
  0
TEXT
  5
E44
330
17
100
AcDbEntity
  8
ENGRAVE_TEXT
100
AcDbText
 10
-38.88029940055409
 20
-39.74521755536474
 30
0.0
 40
3.8
  1
4.2
 50
-224.36974454324417
 72
1
 11
-38.88029940055409
 21
-39.74521755536474
 31
0.0
100
AcDbText
 73
2
  0
LINE
  5
E45
330
17
100
AcDbEntity
  8
ENGRAVE_LOG
100
AcDbLine
 10
-37.181744165274395
 20
-37.03604056629276
 30
0.0
 11
-37.67768968577158
 21
-37.53004263177304
 31
0.0
  0
LINE
  5
E46
330
17
100
AcDbEntity
  8
ENGRAVE_LOG
100
AcDbLine
 10
-37.67768968577158
 20
-37.53004263177304
 30
0.0
 11
-38.17363520626876
 21
-38.024044697253316
 31
0.0
  0
LINE
  5
E47
330
17
100
AcDbEntity
  8
ENGRAVE_LOG
100
AcDbLine
 10
-37.65647265182137
 20
-36.55325522333994
 30
0.0
 11
-38.15875029771075
 21
-37.04081769773663
 31
0.0
  0
LINE
  5
E48
330
17
100
AcDbEntity
  8
ENGRAVE_LOG
100
AcDbLine
 10
-38.15875029771075
 20
-37.04081769773663
 30
0.0
 11
-38.661027943600146
 21
-37.52838017213331
 31
0.0
  0
LINE
  5
E49
330
17
100
AcDbEntity
  8
ENGRAVE_LOG
100
AcDbLine
 10
-38.122743212425924
 20
-36.06670001482577
 30
0.0
 11
-38.63124016838435
 21
-36.54777261410889
 31
0.0
  0
LINE
  5
E4A
330
17
100
AcDbEntity
  8
ENGRAVE_LOG
100
AcDbLine
 10
-38.63124016838435
 20
-36.54777261410889
 30
0.0
 11
-39.13973712434278
 21
-37.02884521339201
 31
0.0
  0
LINE
  5
E4B
330
17
100
AcDbEntity
  8
ENGRAVE_LOG
100
AcDbLine
 10
-38.58058781269233
 20
-35.57651815491696
 30
0.0
 11
-39.09519168976711
 21
-36.05105250530648
 31
0.0
  0
LINE
  5
E4C
330
17
100
AcDbEntity
  8
ENGRAVE_LOG
100
AcDbLine
 10
-39.09519168976711
 20
-36.05105250530648
 30
0.0
 11
-39.6097955668419
 21
-36.525586855696
 31
0.0
  0
LINE
  5
E4D
330
17
100
AcDbEntity
  8
ENGRAVE_LOG
100
AcDbLine
 10
-38.50944092391457
 20
-34.61490083370937
 30
0.0
 11
-39.550638631397774
 21
-35.55080004512677
 31
0.0
  0
LINE
  5
E4E
330
17
100
AcDbEntity
  8
ENGRAVE_LOG
100
AcDbLine
 10
-39.550638631397774
 20
-35.55080004512677
 30
0.0
 11
-40.59183633888098
 21
-36.48669925654418
 31
0.0
  0
TEXT
  5
E4F
330
17
100
AcDbEntity
  8
ENGRAVE_TEXT
100
AcDbText
 10
-37.750854022748236
 20
-33.93303140824812
 30
0.0
 40
3.8
  1
4.3
 50
-228.04864400865114
 72
1
 11
-37.750854022748236
 21
-33.93303140824812
 31
0.0
100
AcDbText
 73
2
  0
TEXT
  5
E50
330
17
100
AcDbEntity
  8
ENGRAVE_TEXT
100
AcDbText
 10
-41.35042324004732
 20
-37.16856868200543
 30
0.0
 40
3.8
  1
4.3
 50
-228.04864400865114
 72
1
 11
-41.35042324004732
 21
-37.16856868200543
 31
0.0
100
AcDbText
 73
2
  0
LINE
  5
E51
330
17
100
AcDbEntity
  8
ENGRAVE_LOG
100
AcDbLine
 10
-39.47113373610571
 20
-34.58583527380042
 30
0.0
 11
-39.99761608395774
 21
-35.047155485150654
 31
0.0
  0
LINE
  5
E52
330
17
100
AcDbEntity
  8
ENGRAVE_LOG
100
AcDbLine
 10
-39.99761608395774
 20
-35.047155485150654
 30
0.0
 11
-40.52409843180976
 21
-35.50847569650089
 31
0.0
  0
LINE
  5
E53
330
17
100
AcDbEntity
  8
ENGRAVE_LOG
100
AcDbLine
 10
-39.90390556654266
 20
-34.08560870127516
 30
0.0
 11
-40.43616040451103
 21
-34.54025668319004
 31
0.0
  0
LINE
  5
E54
330
17
100
AcDbEntity
  8
ENGRAVE_LOG
100
AcDbLine
 10
-40.43616040451103
 20
-34.54025668319004
 30
0.0
 11
-40.9684152424794
 21
-34.99490466510492
 31
0.0
  0
LINE
  5
E55
330
17
100
AcDbEntity
  8
ENGRAVE_LOG
100
AcDbLine
 10
-40.32839234473792
 20
-33.582304430888655
 30
0.0
 11
-40.86630916336057
 21
-34.03023913175798
 31
0.0
  0
LINE
  5
E56
330
17
100
AcDbEntity
  8
ENGRAVE_LOG
100
AcDbLine
 10
-40.86630916336057
 20
-34.03023913175798
 30
0.0
 11
-41.40422598198322
 21
-34.478173832627306
 31
0.0
  0
LINE
  5
E57
330
17
100
AcDbEntity
  8
ENGRAVE_LOG
100
AcDbLine
 10
-40.744632292837714
 20
-33.07605386562076
 30
0.0
 11
-41.288101092475415
 21
-33.51723598654177
 31
0.0
  0
LINE
  5
E58
330
17
100
AcDbEntity
  8
ENGRAVE_LOG
100
AcDbLine
 10
-41.288101092475415
 20
-33.51723598654177
 30
0.0
 11
-41.831569892113116
 21
-33.95841810746278
 31
0.0
  0
LINE
  5
E59
330
17
100
AcDbEntity
  8
ENGRAVE_LOG
100
AcDbLine
 10
-40.60375342451061
 20
-32.13259416607292
 30
0.0
 11
-41.70157603544755
 21
-33.001378094858204
 31
0.0
  0
LINE
  5
E5A
330
17
100
AcDbEntity
  8
ENGRAVE_LOG
100
AcDbLine
 10
-41.70157603544755
 20
-33.001378094858204
 30
0.0
 11
-42.79939864638449
 21
-33.87016202364349
 31
0.0
  0
TEXT
  5
E5B
330
17
100
AcDbEntity
  8
ENGRAVE_TEXT
100
AcDbText
 10
-39.80391123654226
 20
-31.499623017957923
 30
0.0
 40
3.8
  1
4.4
 50
-231.64296353502746
 72
1
 11
-39.80391123654226
 21
-31.499623017957923
 31
0.0
100
AcDbText
 73
2
  0
TEXT
  5
E5C
330
17
100
AcDbEntity
  8
ENGRAVE_TEXT
100
AcDbText
 10
-43.599240834352834
 20
-34.503133171758485
 30
0.0
 40
3.8
  1
4.4
 50
-231.64296353502746
 72
1
 11
-43.599240834352834
 21
-34.503133171758485
 31
0.0
100
AcDbText
 73
2
  0
LINE
  5
E5D
330
17
100
AcDbEntity
  8
ENGRAVE_LOG
100
AcDbLine
 10
-41.55253002437182
 20
-32.05522810047806
 30
0.0
 11
-42.10677489893471
 21
-32.48279402407438
 31
0.0
  0
LINE
  5
E5E
330
17
100
AcDbEntity
  8
ENGRAVE_LOG
100
AcDbLine
 10
-42.10677489893471
 20
-32.48279402407438
 30
0.0
 11
-42.66101977349759
 21
-32.9103599476707
 31
0.0
  0
LINE
  5
E5F
330
17
100
AcDbEntity
  8
ENGRAVE_LOG
100
AcDbLine
 10
-41.94426954680769
 20
-31.54090442876901
 30
0.0
 11
-42.50373960554941
 21
-31.961610089975917
 31
0.0
  0
LINE
  5
E60
330
17
100
AcDbEntity
  8
ENGRAVE_LOG
100
AcDbLine
 10
-42.50373960554941
 20
-31.961610089975917
 30
0.0
 11
-43.06320966429113
 21
-32.38231575118282
 31
0.0
  0
LINE
  5
E61
330
17
100
AcDbEntity
  8
ENGRAVE_LOG
100
AcDbLine
 10
-42.32792562555727
 20
-31.024137574432135
 30
0.0
 11
-42.892513048154264
 21
-31.43795038506671
 31
0.0
  0
LINE
  5
E62
330
17
100
AcDbEntity
  8
ENGRAVE_LOG
100
AcDbLine
 10
-42.892513048154264
 20
-31.43795038506671
 30
0.0
 11
-43.45710047075126
 21
-31.851763195701288
 31
0.0
  0
LINE
  5
E63
330
17
100
AcDbEntity
  8
ENGRAVE_LOG
100
AcDbLine
 10
-42.70354150261631
 20
-30.50504783038909
 30
0.0
 11
-43.27313904552469
 21
-30.911936806785288
 31
0.0
  0
LINE
  5
E64
330
17
100
AcDbEntity
  8
ENGRAVE_LOG
100
AcDbLine
 10
-43.27313904552469
 20
-30.911936806785288
 30
0.0
 11
-43.84273658843306
 21
-31.318825783181484
 31
0.0
  0
LINE
  5
E65
330
17
100
AcDbEntity
  8
ENGRAVE_LOG
100
AcDbLine
 10
-42.496660283187275
 20
-29.583817616652745
 30
0.0
 11
-43.64566229934143
 21
-30.383689085623654
 31
0.0
  0
LINE
  5
E66
330
17
100
AcDbEntity
  8
ENGRAVE_LOG
100
AcDbLine
 10
-43.64566229934143
 20
-30.383689085623654
 30
0.0
 11
-44.79466431549559
 21
-31.183560554594568
 31
0.0
  0
TEXT
  5
E67
330
17
100
AcDbEntity
  8
ENGRAVE_TEXT
100
AcDbText
 10
-41.65953024284639
 20
-29.001054117831078
 30
0.0
 40
3.8
  1
4.5
 50
-235.15650495912374
 72
1
 11
-41.65953024284639
 21
-29.001054117831078
 31
0.0
100
AcDbText
 73
2
  0
TEXT
  5
E68
330
17
100
AcDbEntity
  8
ENGRAVE_TEXT
100
AcDbText
 10
-45.631794355836476
 20
-31.766324053416234
 30
0.0
 40
3.8
  1
4.5
 50
-235.15650495912374
 72
1
 11
-45.631794355836476
 21
-31.766324053416234
 31
0.0
100
AcDbText
 73
2
  0
LINE
  5
E69
330
17
100
AcDbEntity
  8
ENGRAVE_LOG
100
AcDbLine
 10
-43.43082993489962
 20
-29.46037018039364
 30
0.0
 11
-44.01012835247641
 21
-29.853324813135174
 31
0.0
  0
LINE
  5
E6A
330
17
100
AcDbEntity
  8
ENGRAVE_LOG
100
AcDbLine
 10
-44.01012835247641
 20
-29.853324813135174
 30
0.0
 11
-44.589426770053194
 21
-30.246279445876706
 31
0.0
  0
LINE
  5
E6B
330
17
100
AcDbEntity
  8
ENGRAVE_LOG
100
AcDbLine
 10
-43.78259316711504
 20
-28.93501227860273
 30
0.0
 11
-44.36658354853617
 21
-29.320959469818852
 31
0.0
  0
LINE
  5
E6C
330
17
100
AcDbEntity
  8
ENGRAVE_LOG
100
AcDbLine
 10
-44.36658354853617
 20
-29.320959469818852
 30
0.0
 11
-44.950573929957294
 21
-29.70690666103497
 31
0.0
  0
LINE
  5
E6D
330
17
100
AcDbEntity
  8
ENGRAVE_LOG
100
AcDbLine
 10
-44.126497472980695
 20
-28.40779155033048
 30
0.0
 11
-44.715074992627926
 21
-28.78670645286919
 31
0.0
  0
LINE
  5
E6E
330
17
100
AcDbEntity
  8
ENGRAVE_LOG
100
AcDbLine
 10
-44.715074992627926
 20
-28.78670645286919
 30
0.0
 11
-45.30365251227516
 21
-29.165621355407897
 31
0.0
  0
LINE
  5
E6F
330
17
100
AcDbEntity
  8
ENGRAVE_LOG
100
AcDbLine
 10
-44.46259005149992
 20
-27.87881787149985
 30
0.0
 11
-45.0556505133149
 21
-28.25067710377977
 31
0.0
  0
LINE
  5
E70
330
17
100
AcDbEntity
  8
ENGRAVE_LOG
100
AcDbLine
 10
-45.0556505133149
 20
-28.25067710377977
 30
0.0
 11
-45.64871097512988
 21
-28.622536336059685
 31
0.0
  0
LINE
  5
E71
330
17
100
AcDbEntity
  8
ENGRAVE_LOG
100
AcDbLine
 10
-44.19347893268486
 20
-26.98341749716554
 30
0.0
 11
-45.38835862572771
 21
-27.712980735791103
 31
0.0
  0
LINE
  5
E72
330
17
100
AcDbEntity
  8
ENGRAVE_LOG
100
AcDbLine
 10
-45.38835862572771
 20
-27.712980735791103
 30
0.0
 11
-46.58323831877056
 21
-28.44254397441667
 31
0.0
  0
TEXT
  5
E73
330
17
100
AcDbEntity
  8
ENGRAVE_TEXT
100
AcDbText
 10
-43.32292372775364
 20
-26.45187856616691
 30
0.0
 40
3.8
  1
4.6
 50
-238.59281940536667
 72
1
 11
-43.32292372775364
 21
-26.45187856616691
 31
0.0
100
AcDbText
 73
2
  0
TEXT
  5
E74
330
17
100
AcDbEntity
  8
ENGRAVE_TEXT
100
AcDbText
 10
-47.45379352370178
 20
-28.974082905415294
 30
0.0
 40
3.8
  1
4.6
 50
-238.59281940536667
 72
1
 11
-47.45379352370178
 21
-28.974082905415294
 31
0.0
100
AcDbText
 73
2
  0
LINE
  5
E75
330
17
100
AcDbEntity
  8
ENGRAVE_LOG
100
AcDbLine
 10
-45.111532174869865
 20
-26.816041185001204
 30
0.0
 11
-45.71324849579992
 21
-27.173724661173097
 31
0.0
  0
LINE
  5
E76
330
17
100
AcDbEntity
  8
ENGRAVE_LOG
100
AcDbLine
 10
-45.71324849579992
 20
-27.173724661173097
 30
0.0
 11
-46.31496481672996
 21
-27.53140813734499
 31
0.0
  0
LINE
  5
E77
330
17
100
AcDbEntity
  8
ENGRAVE_LOG
100
AcDbLine
 10
-45.42447936528227
 20
-26.282448028923124
 30
0.0
 11
-46.03036990559663
 21
-26.6330142183333
 31
0.0
  0
LINE
  5
E78
330
17
100
AcDbEntity
  8
ENGRAVE_LOG
100
AcDbLine
 10
-46.03036990559663
 20
-26.6330142183333
 30
0.0
 11
-46.63626044591099
 21
-26.98358040774348
 31
0.0
  0
LINE
  5
E79
330
17
100
AcDbEntity
  8
ENGRAVE_LOG
100
AcDbLine
 10
-45.72981005209036
 20
-25.7475216787895
 30
0.0
 11
-46.3397732197059
 21
-26.09095279874287
 31
0.0
  0
LINE
  5
E7A
330
17
100
AcDbEntity
  8
ENGRAVE_LOG
100
AcDbLine
 10
-46.3397732197059
 20
-26.09095279874287
 30
0.0
 11
-46.94973638732143
 21
-26.434383918696238
 31
0.0
  0
LINE
  5
E7B
330
17
100
AcDbEntity
  8
ENGRAVE_LOG
100
AcDbLine
 10
-46.02757447964954
 20
-25.21136227022082
 30
0.0
 11
-46.641509352663164
 21
-25.5476418736727
 31
0.0
  0
LINE
  5
E7C
330
17
100
AcDbEntity
  8
ENGRAVE_LOG
100
AcDbLine
 10
-46.641509352663164
 20
-25.5476418736727
 30
0.0
 11
-47.25544422567678
 21
-25.883921477124577
 31
0.0
  0
LINE
  5
E7D
330
17
100
AcDbEntity
  8
ENGRAVE_LOG
100
AcDbLine
 10
-45.70001707035659
 20
-24.34495511947221
 30
0.0
 11
-46.93562973738052
 21
-25.003181020732562
 31
0.0
  0
LINE
  5
E7E
330
17
100
AcDbEntity
  8
ENGRAVE_LOG
100
AcDbLine
 10
-46.93562973738052
 20
-25.003181020732562
 30
0.0
 11
-48.17124240440445
 21
-25.661406921992914
 31
0.0
  0
TEXT
  5
E7F
330
17
100
AcDbEntity
  8
ENGRAVE_TEXT
100
AcDbText
 10
-44.79978498438201
 20
-23.865390534268236
 30
0.0
 40
3.8
  1
4.7
 50
-241.9552288568583
 72
1
 11
-44.79978498438201
 21
-23.865390534268236
 31
0.0
100
AcDbText
 73
2
  0
TEXT
  5
E80
330
17
100
AcDbEntity
  8
ENGRAVE_TEXT
100
AcDbText
 10
-49.07147449037903
 20
-26.140971507196888
 30
0.0
 40
3.8
  1
4.7
 50
-241.9552288568583
 72
1
 11
-49.07147449037903
 21
-26.140971507196888
 31
0.0
100
AcDbText
 73
2
  0
LINE
  5
E81
330
17
100
AcDbEntity
  8
ENGRAVE_LOG
100
AcDbLine
 10
-46.60060806201783
 20
-24.13573550257375
 30
0.0
 11
-47.222186294552365
 21
-24.457667950207167
 31
0.0
  0
LINE
  5
E82
330
17
100
AcDbEntity
  8
ENGRAVE_LOG
100
AcDbLine
 10
-47.222186294552365
 20
-24.457667950207167
 30
0.0
 11
-47.843764527086904
 21
-24.779600397840582
 31
0.0
  0
LINE
  5
E83
330
17
100
AcDbEntity
  8
ENGRAVE_LOG
100
AcDbLine
 10
-46.87598014347509
 20
-23.59645917481115
 30
0.0
 11
-47.50123140301077
 21
-23.91119853118249
 31
0.0
  0
LINE
  5
E84
330
17
100
AcDbEntity
  8
ENGRAVE_LOG
100
AcDbLine
 10
-47.50123140301077
 20
-23.91119853118249
 30
0.0
 11
-48.12648266254645
 21
-24.22593788755383
 31
0.0
  0
LINE
  5
E85
330
17
100
AcDbEntity
  8
ENGRAVE_LOG
100
AcDbLine
 10
-47.14399176138159
 20
-23.056331902598558
 30
0.0
 11
-47.77281787100368
 21
-23.363866817457914
 31
0.0
  0
LINE
  5
E86
330
17
100
AcDbEntity
  8
ENGRAVE_LOG
100
AcDbLine
 10
-47.77281787100368
 20
-23.363866817457914
 30
0.0
 11
-48.40164398062577
 21
-23.67140173231727
 31
0.0
  0
LINE
  5
E87
330
17
100
AcDbEntity
  8
ENGRAVE_LOG
100
AcDbLine
 10
-47.4046954251842
 20
-22.51544473568132
 30
0.0
 11
-48.036998908370734
 21
-22.815765073238047
 31
0.0
  0
LINE
  5
E88
330
17
100
AcDbEntity
  8
ENGRAVE_LOG
100
AcDbLine
 10
-48.036998908370734
 20
-22.815765073238047
 30
0.0
 11
-48.66930239155727
 21
-23.116085410794774
 31
0.0
  0
LINE
  5
E89
330
17
100
AcDbEntity
  8
ENGRAVE_LOG
100
AcDbLine
 10
-47.022459928484956
 20
-21.68079016719702
 30
0.0
 11
-48.29382809959115
 21
-22.26698379860057
 31
0.0
  0
LINE
  5
E8A
330
17
100
AcDbEntity
  8
ENGRAVE_LOG
100
AcDbLine
 10
-48.29382809959115
 20
-22.26698379860057
 30
0.0
 11
-49.56519627069735
 21
-22.85317743000412
 31
0.0
  0
TEXT
  5
E8B
330
17
100
AcDbEntity
  8
ENGRAVE_TEXT
100
AcDbText
 10
-46.09617740382186
 20
-21.25370623574586
 30
0.0
 40
3.8
  1
4.8
 50
-245.24684545521137
 72
1
 11
-46.09617740382186
 21
-21.25370623574586
 31
0.0
100
AcDbText
 73
2
  0
TEXT
  5
E8C
330
17
100
AcDbEntity
  8
ENGRAVE_TEXT
100
AcDbText
 10
-50.491478795360436
 20
-23.280261361455278
 30
0.0
 40
3.8
  1
4.8
 50
-245.24684545521137
 72
1
 11
-50.491478795360436
 21
-23.280261361455278
 31
0.0
100
AcDbText
 73
2
  0
LINE
  5
E8D
330
17
100
AcDbEntity
  8
ENGRAVE_LOG
100
AcDbLine
 10
-47.9043907510462
 20
-21.431746237091343
 30
0.0
 11
-48.54335937767983
 21
-21.717611754735472
 31
0.0
  0
LINE
  5
E8E
330
17
100
AcDbEntity
  8
ENGRAVE_LOG
100
AcDbLine
 10
-48.54335937767983
 20
-21.717611754735472
 30
0.0
 11
-49.18232800431345
 21
-22.003477272379605
 31
0.0
  0
LINE
  5
E8F
330
17
100
AcDbEntity
  8
ENGRAVE_LOG
100
AcDbLine
 10
-48.14348917831272
 20
-20.889108399778234
 30
0.0
 11
-48.785646998907595
 21
-21.167735988952106
 31
0.0
  0
LINE
  5
E90
330
17
100
AcDbEntity
  8
ENGRAVE_LOG
100
AcDbLine
 10
-48.785646998907595
 20
-21.167735988952106
 30
0.0
 11
-49.42780481950247
 21
-21.44636357812598
 31
0.0
  0
LINE
  5
E91
330
17
100
AcDbEntity
  8
ENGRAVE_LOG
100
AcDbLine
 10
-48.375493132786715
 20
-20.346057705602448
 30
0.0
 11
-49.020745518323125
 21
-20.617441859450043
 31
0.0
  0
LINE
  5
E92
330
17
100
AcDbEntity
  8
ENGRAVE_LOG
100
AcDbLine
 10
-49.020745518323125
 20
-20.617441859450043
 30
0.0
 11
-49.665997903859534
 21
-20.88882601329764
 31
0.0
  0
LINE
  5
E93
330
17
100
AcDbEntity
  8
ENGRAVE_LOG
100
AcDbLine
 10
-48.60045672287461
 20
-19.802676746540893
 30
0.0
 11
-49.2487097660532
 21
-20.066813059852226
 31
0.0
  0
LINE
  5
E94
330
17
100
AcDbEntity
  8
ENGRAVE_LOG
100
AcDbLine
 10
-49.2487097660532
 20
-20.066813059852226
 30
0.0
 11
-49.896962809231795
 21
-20.330949373163556
 31
0.0
  0
LINE
  5
E95
330
17
100
AcDbEntity
  8
ENGRAVE_LOG
100
AcDbLine
 10
-48.167273787239466
 20
-19.00216134825495
 30
0.0
 11
-49.469594824360655
 21
-19.515931643495524
 31
0.0
  0
LINE
  5
E96
330
17
100
AcDbEntity
  8
ENGRAVE_LOG
100
AcDbLine
 10
-49.469594824360655
 20
-19.515931643495524
 30
0.0
 11
-50.771915861481844
 21
-20.029701938736096
 31
0.0
  0
TEXT
  5
E97
330
17
100
AcDbEntity
  8
ENGRAVE_TEXT
100
AcDbText
 10
-47.21843988876545
 20
-18.62784299029396
 30
0.0
 40
3.8
  1
4.9
 50
-248.47058881026496
 72
1
 11
-47.21843988876545
 21
-18.62784299029396
 31
0.0
100
AcDbText
 73
2
  0
TEXT
  5
E98
330
17
100
AcDbEntity
  8
ENGRAVE_TEXT
100
AcDbText
 10
-51.72074975995586
 20
-20.404020296697087
 30
0.0
 40
3.8
  1
4.9
 50
-248.47058881026496
 72
1
 11
-51.72074975995586
 21
-20.404020296697087
 31
0.0
100
AcDbText
 73
2
  0
LINE
  5
E99
330
17
100
AcDbEntity
  8
ENGRAVE_LOG
100
AcDbLine
 10
-49.02948046568955
 20
-18.715246331923247
 30
0.0
 11
-49.6834560054377
 21
-18.964878047478624
 31
0.0
  0
LINE
  5
E9A
330
17
100
AcDbEntity
  8
ENGRAVE_LOG
100
AcDbLine
 10
-49.6834560054377
 20
-18.964878047478624
 30
0.0
 11
-50.33743154518585
 21
-19.214509763034005
 31
0.0
  0
LINE
  5
E9B
330
17
100
AcDbEntity
  8
ENGRAVE_LOG
100
AcDbLine
 10
-49.23364999236452
 20
-18.1713540615262
 30
0.0
 11
-49.89034882991512
 21
-18.413731116462717
 31
0.0
  0
LINE
  5
E9C
330
17
100
AcDbEntity
  8
ENGRAVE_LOG
100
AcDbLine
 10
-49.89034882991512
 20
-18.413731116462717
 30
0.0
 11
-50.54704766746571
 21
-18.656108171399232
 31
0.0
  0
LINE
  5
E9D
330
17
100
AcDbEntity
  8
ENGRAVE_LOG
100
AcDbLine
 10
-49.43099786081889
 20
-17.627445943293033
 30
0.0
 11
-50.09032900606609
 21
-17.862568126225675
 31
0.0
  0
LINE
  5
E9E
330
17
100
AcDbEntity
  8
ENGRAVE_LOG
100
AcDbLine
 10
-50.09032900606609
 20
-17.862568126225675
 30
0.0
 11
-50.7496601513133
 21
-18.09769030915832
 31
0.0
  0
LINE
  5
E9F
330
17
100
AcDbEntity
  8
ENGRAVE_LOG
100
AcDbLine
 10
-49.6215792113639
 20
-17.083596710597494
 30
0.0
 11
-50.28345240968621
 21
-17.311464806965983
 31
0.0
  0
LINE
  5
EA0
330
17
100
AcDbEntity
  8
ENGRAVE_LOG
100
AcDbLine
 10
-50.28345240968621
 20
-17.311464806965983
 30
0.0
 11
-50.945325608008524
 21
-17.539332903334472
 31
0.0
  0
LINE
  5
EA1
330
17
100
AcDbEntity
  8
ENGRAVE_LOG
100
AcDbLine
 10
-49.14112359621154
 20
-16.31926382230096
 30
0.0
 11
-50.46977506462978
 21
-16.76049536635699
 31
0.0
  0
LINE
  5
EA2
330
17
100
AcDbEntity
  8
ENGRAVE_LOG
100
AcDbLine
 10
-50.46977506462978
 20
-16.76049536635699
 30
0.0
 11
-51.79842653304801
 21
-17.201726910413026
 31
0.0
  0
TEXT
  5
EA3
330
17
100
AcDbEntity
  8
ENGRAVE_TEXT
100
AcDbText
 10
-48.17310609779254
 20
-15.99779512591728
 30
0.0
 40
3.8
  1
5
 50
-251.62920156096678
 72
1
 11
-48.17310609779254
 21
-15.99779512591728
 31
0.0
100
AcDbText
 73
2
  0
TEXT
  5
EA4
330
17
100
AcDbEntity
  8
ENGRAVE_TEXT
100
AcDbText
 10
-52.76644403146701
 20
-17.523195606796705
 30
0.0
 40
3.8
  1
5
 50
-251.62920156096678
 72
1
 11
-52.76644403146701
 21
-17.523195606796705
 31
0.0
100
AcDbText
 73
2
  0
LINE
  5
EA5
330
17
100
AcDbEntity
  8
ENGRAVE_LOG
100
AcDbLine
 10
-49.982663631942906
 20
-15.996366345393929
 30
0.0
 11
-50.64935312398483
 21
-16.2097325123485
 31
0.0
  0
LINE
  5
EA6
330
17
100
AcDbEntity
  8
ENGRAVE_LOG
100
AcDbLine
 10
-50.64935312398483
 20
-16.2097325123485
 30
0.0
 11
-51.316042616026756
 21
-16.423098679303067
 31
0.0
  0
LINE
  5
EA7
330
17
100
AcDbEntity
  8
ENGRAVE_LOG
100
AcDbLine
 10
-50.15327763945165
 20
-15.453127256969015
 30
0.0
 11
-50.822242851868126
 21
-15.659247475716697
 31
0.0
  0
LINE
  5
EA8
330
17
100
AcDbEntity
  8
ENGRAVE_LOG
100
AcDbLine
 10
-50.822242851868126
 20
-15.659247475716697
 30
0.0
 11
-51.49120806428459
 21
-15.865367694464378
 31
0.0
  0
LINE
  5
EA9
330
17
100
AcDbEntity
  8
ENGRAVE_LOG
100
AcDbLine
 10
-50.31734696866473
 20
-14.910231186504333
 30
0.0
 11
-50.988500605822985
 21
-15.109110032360908
 31
0.0
  0
LINE
  5
EAA
330
17
100
AcDbEntity
  8
ENGRAVE_LOG
100
AcDbLine
 10
-50.988500605822985
 20
-15.109110032360908
 30
0.0
 11
-51.65965424298125
 21
-15.307988878217484
 31
0.0
  0
LINE
  5
EAB
330
17
100
AcDbEntity
  8
ENGRAVE_LOG
100
AcDbLine
 10
-50.47492731070458
 20
-14.367745577476262
 30
0.0
 11
-51.14818281980316
 21
-14.559388525346563
 31
0.0
  0
LINE
  5
EAC
330
17
100
AcDbEntity
  8
ENGRAVE_LOG
100
AcDbLine
 10
-51.14818281980316
 20
-14.559388525346563
 30
0.0
 11
-51.821438328901735
 21
-14.751031473216864
 31
0.0
  0
LINE
  5
EAD
330
17
100
AcDbEntity
  8
ENGRAVE_LOG
100
AcDbLine
 10
-49.9508028440098
 20
-13.641323075085591
 30
0.0
 11
-51.30134598772578
 21
-14.010149886694704
 31
0.0
  0
LINE
  5
EAE
330
17
100
AcDbEntity
  8
ENGRAVE_LOG
100
AcDbLine
 10
-51.30134598772578
 20
-14.010149886694704
 30
0.0
 11
-52.65188913144177
 21
-14.378976698303815
 31
0.0
  0
TEXT
  5
EAF
330
17
100
AcDbEntity
  8
ENGRAVE_TEXT
100
AcDbText
 10
-48.966835696445294
 20
-13.372606398056094
 30
0.0
 40
3.8
  1
5.1
 50
-254.7252633952571
 72
1
 11
-48.966835696445294
 21
-13.372606398056094
 31
0.0
100
AcDbText
 73
2
  0
TEXT
  5
EB0
330
17
100
AcDbEntity
  8
ENGRAVE_TEXT
100
AcDbText
 10
-53.635856279006276
 20
-14.647693375333311
 30
0.0
 40
3.8
  1
5.1
 50
-254.7252633952571
 72
1
 11
-53.635856279006276
 21
-14.647693375333311
 31
0.0
100
AcDbText
 73
2
  0
LINE
  5
EB1
330
17
100
AcDbEntity
  8
ENGRAVE_LOG
100
AcDbLine
 10
-50.77084407794053
 20
-13.284268576532577
 30
0.0
 11
-51.4480466475777
 21
-13.46145965891773
 31
0.0
  0
LINE
  5
EB2
330
17
100
AcDbEntity
  8
ENGRAVE_LOG
100
AcDbLine
 10
-51.4480466475777
 20
-13.46145965891773
 30
0.0
 11
-52.125249217214865
 21
-13.638650741302884
 31
0.0
  0
LINE
  5
EB3
330
17
100
AcDbEntity
  8
ENGRAVE_LOG
100
AcDbLine
 10
-50.90929211904455
 20
-12.743405193973386
 30
0.0
 11
-51.588341366059254
 21
-12.913382016301538
 31
0.0
  0
LINE
  5
EB4
330
17
100
AcDbEntity
  8
ENGRAVE_LOG
100
AcDbLine
 10
-51.588341366059254
 20
-12.913382016301538
 30
0.0
 11
-52.26739061307395
 21
-13.083358838629689
 31
0.0
  0
LINE
  5
EB5
330
17
100
AcDbEntity
  8
ENGRAVE_LOG
100
AcDbLine
 10
-51.04147437499866
 20
-12.203208333317727
 30
0.0
 11
-51.72228672375054
 21
-12.365979785934389
 31
0.0
  0
LINE
  5
EB6
330
17
100
AcDbEntity
  8
ENGRAVE_LOG
100
AcDbLine
 10
-51.72228672375054
 20
-12.365979785934389
 30
0.0
 11
-52.403099072502435
 21
-12.528751238551052
 31
0.0
  0
LINE
  5
EB7
330
17
100
AcDbEntity
  8
ENGRAVE_LOG
100
AcDbLine
 10
-51.16744668118102
 20
-11.663738685708699
 30
0.0
 11
-51.84993930078519
 21
-11.819314468483016
 31
0.0
  0
LINE
  5
EB8
330
17
100
AcDbEntity
  8
ENGRAVE_LOG
100
AcDbLine
 10
-51.84993930078519
 20
-11.819314468483016
 30
0.0
 11
-52.53243192038936
 21
-11.974890251257333
 31
0.0
  0
LINE
  5
EB9
330
17
100
AcDbEntity
  8
ENGRAVE_LOG
100
AcDbLine
 10
-50.60317405473928
 20
-10.97666504844535
 30
0.0
 11
-51.97135566301728
 21
-11.273446258716177
 31
0.0
  0
LINE
  5
EBA
330
17
100
AcDbEntity
  8
ENGRAVE_LOG
100
AcDbLine
 10
-51.97135566301728
 20
-11.273446258716177
 30
0.0
 11
-53.33953727129528
 21
-11.570227468987005
 31
0.0
  0
TEXT
  5
EBB
330
17
100
AcDbEntity
  8
ENGRAVE_TEXT
100
AcDbText
 10
-49.606356025851014
 20
-10.760438738105174
 30
0.0
 40
3.8
  1
5.2
 50
-257.7612037085277
 72
1
 11
-49.606356025851014
 21
-10.760438738105174
 31
0.0
100
AcDbText
 73
2
  0
TEXT
  5
EBC
330
17
100
AcDbEntity
  8
ENGRAVE_TEXT
100
AcDbText
 10
-54.33635530018354
 20
-11.78645377932718
 30
0.0
 40
3.8
  1
5.2
 50
-257.7612037085277
 72
1
 11
-54.33635530018354
 21
-11.78645377932718
 31
0.0
100
AcDbText
 73
2
  0
LINE
  5
EBD
330
17
100
AcDbEntity
  8
ENGRAVE_LOG
100
AcDbLine
 10
-51.40098470210743
 20
-10.58721737066532
 30
0.0
 11
-52.08659234866755
 21
-10.72843406577709
 31
0.0
  0
LINE
  5
EBE
330
17
100
AcDbEntity
  8
ENGRAVE_LOG
100
AcDbLine
 10
-52.08659234866755
 20
-10.72843406577709
 30
0.0
 11
-52.77219999522768
 21
-10.869650760888861
 31
0.0
  0
LINE
  5
EBF
330
17
100
AcDbEntity
  8
ENGRAVE_LOG
100
AcDbLine
 10
-51.50866196489729
 20
-10.050280721748182
 30
0.0
 11
-52.19570585543518
 21
-10.184335533204429
 31
0.0
  0
LINE
  5
EC0
330
17
100
AcDbEntity
  8
ENGRAVE_LOG
100
AcDbLine
 10
-52.19570585543518
 20
-10.184335533204429
 30
0.0
 11
-52.88274974597306
 21
-10.318390344660674
 31
0.0
  0
LINE
  5
EC1
330
17
100
AcDbEntity
  8
ENGRAVE_LOG
100
AcDbLine
 10
-51.61035234901605
 20
-9.514301362181726
 30
0.0
 11
-52.298752628061614
 21
-9.64120705870473
 31
0.0
  0
LINE
  5
EC2
330
17
100
AcDbEntity
  8
ENGRAVE_LOG
100
AcDbLine
 10
-52.298752628061614
 20
-9.64120705870473
 30
0.0
 11
-52.98715290710718
 21
-9.768112755227733
 31
0.0
  0
LINE
  5
EC3
330
17
100
AcDbEntity
  8
ENGRAVE_LOG
100
AcDbLine
 10
-51.70611149213284
 20
-8.979333737150437
 30
0.0
 11
-52.39578904633431
 21
-9.09910381367493
 31
0.0
  0
LINE
  5
EC4
330
17
100
AcDbEntity
  8
ENGRAVE_LOG
100
AcDbLine
 10
-52.39578904633431
 20
-9.09910381367493
 30
0.0
 11
-53.08546660053578
 21
-9.21887389019942
 31
0.0
  0
LINE
  5
EC5
330
17
100
AcDbEntity
  8
ENGRAVE_LOG
100
AcDbLine
 10
-51.105118499283705
 20
-8.332782438907797
 30
0.0
 11
-52.486871413516944
 21
-8.558079762478112
 31
0.0
  0
LINE
  5
EC6
330
17
100
AcDbEntity
  8
ENGRAVE_LOG
100
AcDbLine
 10
-52.486871413516944
 20
-8.558079762478112
 30
0.0
 11
-53.86862432775018
 21
-8.783377086048427
 31
0.0
  0
TEXT
  5
EC7
330
17
100
AcDbEntity
  8
ENGRAVE_TEXT
100
AcDbText
 10
-50.098412804628055
 20
-8.168637246020852
 30
0.0
 40
3.8
  1
5.3
 50
-260.73931305628406
 72
1
 11
-50.098412804628055
 21
-8.168637246020852
 31
0.0
100
AcDbText
 73
2
  0
TEXT
  5
EC8
330
17
100
AcDbEntity
  8
ENGRAVE_TEXT
100
AcDbText
 10
-54.875330022405834
 20
-8.94752227893537
 30
0.0
 40
3.8
  1
5.3
 50
-260.73931305628406
 72
1
 11
-54.875330022405834
 21
-8.94752227893537
 31
0.0
100
AcDbText
 73
2
  0
LINE
  5
EC9
330
17
100
AcDbEntity
  8
ENGRAVE_LOG
100
AcDbLine
 10
-51.8800582174467
 20
-7.912645534480898
 30
0.0
 11
-52.57205594519466
 21
-8.018187681472831
 31
0.0
  0
LINE
  5
ECA
330
17
100
AcDbEntity
  8
ENGRAVE_LOG
100
AcDbLine
 10
-52.57205594519466
 20
-8.018187681472831
 30
0.0
 11
-53.264053672942616
 21
-8.123729828464764
 31
0.0
  0
LINE
  5
ECB
330
17
100
AcDbEntity
  8
ENGRAVE_LOG
100
AcDbLine
 10
-51.958356653765236
 20
-7.381027966356015
 30
0.0
 11
-52.651398758522014
 21
-7.4794791777975025
 31
0.0
  0
LINE
  5
ECC
330
17
100
AcDbEntity
  8
ENGRAVE_LOG
100
AcDbLine
 10
-52.651398758522014
 20
-7.4794791777975025
 30
0.0
 11
-53.3444408632788
 21
-7.577930389238989
 31
0.0
  0
LINE
  5
ECD
330
17
100
AcDbEntity
  8
ENGRAVE_LOG
100
AcDbLine
 10
-52.03094553648999
 20
-6.850628188627133
 30
0.0
 11
-52.72495586186238
 21
-6.942004707911413
 31
0.0
  0
LINE
  5
ECE
330
17
100
AcDbEntity
  8
ENGRAVE_LOG
100
AcDbLine
 10
-52.72495586186238
 20
-6.942004707911413
 30
0.0
 11
-53.41896618723477
 21
-7.033381227195693
 31
0.0
  0
LINE
  5
ECF
330
17
100
AcDbEntity
  8
ENGRAVE_LOG
100
AcDbLine
 10
-52.097880019546714
 20
-6.321494876128211
 30
0.0
 11
-52.79278314480744
 21
-6.405813595893641
 31
0.0
  0
LINE
  5
ED0
330
17
100
AcDbEntity
  8
ENGRAVE_LOG
100
AcDbLine
 10
-52.79278314480744
 20
-6.405813595893641
 30
0.0
 11
-53.48768627006816
 21
-6.490132315659071
 31
0.0
  0
LINE
  5
ED1
330
17
100
AcDbEntity
  8
ENGRAVE_LOG
100
AcDbLine
 10
-51.46349389177024
 20
-5.716397156577462
 30
0.0
 11
-52.85493636856588
 21
-5.870954051502306
 31
0.0
  0
LINE
  5
ED2
330
17
100
AcDbEntity
  8
ENGRAVE_LOG
100
AcDbLine
 10
-52.85493636856588
 20
-5.870954051502306
 30
0.0
 11
-54.24637884536153
 21
-6.025510946427151
 31
0.0
  0
TEXT
  5
ED3
330
17
100
AcDbEntity
  8
ENGRAVE_TEXT
100
AcDbText
 10
-50.44972865867627
 20
-5.6037914188465034
 30
0.0
 40
3.8
  1
5.4
 50
-263.66175353626863
 72
1
 11
-50.44972865867627
 21
-5.6037914188465034
 31
0.0
100
AcDbText
 73
2
  0
TEXT
  5
ED4
330
17
100
AcDbEntity
  8
ENGRAVE_TEXT
100
AcDbText
 10
-55.2601440784555
 20
-6.138116684158109
 30
0.0
 40
3.8
  1
5.4
 50
-263.66175353626863
 72
1
 11
-55.2601440784555
 21
-6.138116684158109
 31
0.0
100
AcDbText
 73
2
  0
LINE
  5
ED5
330
17
100
AcDbEntity
  8
ENGRAVE_LOG
100
AcDbLine
 10
-52.21500575976281
 20
-5.267216865474268
 30
0.0
 11
-52.91147115671087
 21
-5.337473187993932
 31
0.0
  0
LINE
  5
ED6
330
17
100
AcDbEntity
  8
ENGRAVE_LOG
100
AcDbLine
 10
-52.91147115671087
 20
-5.337473187993932
 30
0.0
 11
-53.607936553658924
 21
-5.4077295105135965
 31
0.0
  0
LINE
  5
ED7
330
17
100
AcDbEntity
  8
ENGRAVE_LOG
100
AcDbLine
 10
-52.265306655128654
 20
-4.742164088827381
 30
0.0
 11
-52.96244298627557
 21
-4.8054170397073195
 31
0.0
  0
LINE
  5
ED8
330
17
100
AcDbEntity
  8
ENGRAVE_LOG
100
AcDbLine
 10
-52.96244298627557
 20
-4.8054170397073195
 30
0.0
 11
-53.65957931742249
 21
-4.868669990587258
 31
0.0
  0
LINE
  5
ED9
330
17
100
AcDbEntity
  8
ENGRAVE_LOG
100
AcDbLine
 10
-52.31017240999901
 20
-4.218561654898244
 30
0.0
 11
-53.007907179187264
 21
-4.274830579410987
 31
0.0
  0
LINE
  5
EDA
330
17
100
AcDbEntity
  8
ENGRAVE_LOG
100
AcDbLine
 10
-53.007907179187264
 20
-4.274830579410987
 30
0.0
 11
-53.705641948375515
 21
-4.331099503923731
 31
0.0
  0
LINE
  5
EDB
330
17
100
AcDbEntity
  8
ENGRAVE_LOG
100
AcDbLine
 10
-52.34965745691386
 20
-3.6964529137786606
 30
0.0
 11
-53.04791889402971
 21
-3.745757735418239
 31
0.0
  0
LINE
  5
EDC
330
17
100
AcDbEntity
  8
ENGRAVE_LOG
100
AcDbLine
 10
-53.04791889402971
 20
-3.745757735418239
 30
0.0
 11
-53.74618033114557
 21
-3.7950625570578174
 31
0.0
  0
LINE
  5
EDD
330
17
100
AcDbEntity
  8
ENGRAVE_LOG
100
AcDbLine
 10
-51.68509900068633
 20
-3.133518994557569
 30
0.0
 11
-53.082533118124736
 21
-3.2182414084699023
 31
0.0
  0
LINE
  5
EDE
330
17
100
AcDbEntity
  8
ENGRAVE_LOG
100
AcDbLine
 10
-53.082533118124736
 20
-3.2182414084699023
 30
0.0
 11
-54.479967235563144
 21
-3.302963822382235
 31
0.0
  0
TEXT
  5
EDF
330
17
100
AcDbEntity
  8
ENGRAVE_TEXT
100
AcDbText
 10
-50.66696842940977
 20
-3.071792664421441
 30
0.0
 40
3.8
  1
5.5
 50
-266.5305682179278
 72
1
 11
-50.66696842940977
 21
-3.071792664421441
 31
0.0
100
AcDbText
 73
2
  0
TEXT
  5
EE0
330
17
100
AcDbEntity
  8
ENGRAVE_TEXT
100
AcDbText
 10
-55.49809780683971
 20
-3.3646901525183632
 30
0.0
 40
3.8
  1
5.5
 50
-266.5305682179278
 72
1
 11
-55.49809780683971
 21
-3.3646901525183632
 31
0.0
100
AcDbText
 73
2
  0
LINE
  5
EE1
330
17
100
AcDbEntity
  8
ENGRAVE_LOG
100
AcDbLine
 10
-52.412702304490125
 20
-2.656884856536924
 30
0.0
 11
-53.11180465992349
 21
-2.692323488388598
 31
0.0
  0
LINE
  5
EE2
330
17
100
AcDbEntity
  8
ENGRAVE_LOG
100
AcDbLine
 10
-53.11180465992349
 20
-2.692323488388598
 30
0.0
 11
-53.81090701535687
 21
-2.727762120240272
 31
0.0
  0
LINE
  5
EE3
330
17
100
AcDbEntity
  8
ENGRAVE_LOG
100
AcDbLine
 10
-52.43637009545588
 20
-2.1395072358792566
 30
0.0
 11
-53.135788141698626
 21
-2.1680448705041706
 31
0.0
  0
LINE
  5
EE4
330
17
100
AcDbEntity
  8
ENGRAVE_LOG
100
AcDbLine
 10
-53.135788141698626
 20
-2.1680448705041706
 30
0.0
 11
-53.83520618794137
 21
-2.1965825051290846
 31
0.0
  0
LINE
  5
EE5
330
17
100
AcDbEntity
  8
ENGRAVE_LOG
100
AcDbLine
 10
-52.45487314493971
 20
-1.6237867311573946
 30
0.0
 11
-53.15453799252847
 21
-1.6454454718549971
 31
0.0
  0
LINE
  5
EE6
330
17
100
AcDbEntity
  8
ENGRAVE_LOG
100
AcDbLine
 10
-53.15453799252847
 20
-1.6454454718549971
 30
0.0
 11
-53.854202840117225
 21
-1.6671042125525997
 31
0.0
  0
LINE
  5
EE7
330
17
100
AcDbEntity
  8
ENGRAVE_LOG
100
AcDbLine
 10
-52.46826496828362
 20
-1.1097617843399488
 30
0.0
 11
-53.16810844156485
 21
-1.1245642471646051
 31
0.0
  0
LINE
  5
EE8
330
17
100
AcDbEntity
  8
ENGRAVE_LOG
100
AcDbLine
 10
-53.16810844156485
 20
-1.1245642471646051
 30
0.0
 11
-53.867951914846074
 21
-1.1393667099892617
 31
0.0
  0
LINE
  5
EE9
330
17
100
AcDbEntity
  8
ENGRAVE_LOG
100
AcDbLine
 10
-51.77664424274954
 20
-0.5895006019940989
 30
0.0
 11
-53.176553511576294
 21
-0.6054392045972611
 31
0.0
  0
LINE
  5
EEA
330
17
100
AcDbEntity
  8
ENGRAVE_LOG
100
AcDbLine
 10
-53.176553511576294
 20
-0.6054392045972611
 30
0.0
 11
-54.57646278040304
 21
-0.6213778072004232
 31
0.0
  0
TEXT
  5
EEB
330
17
100
AcDbEntity
  8
ENGRAVE_TEXT
100
AcDbText
 10
-50.756710346890046
 20
-0.5778881915260806
 30
0.0
 40
3.8
  1
5.6
 50
-269.3476897222322
 72
1
 11
-50.756710346890046
 21
-0.5778881915260806
 31
0.0
100
AcDbText
 73
2
  0
TEXT
  5
EEC
330
17
100
AcDbEntity
  8
ENGRAVE_TEXT
100
AcDbText
 10
-55.59639667626254
 20
-0.6329902176684414
 30
0.0
 40
3.8
  1
5.6
 50
-269.3476897222322
 72
1
 11
-55.59639667626254
 21
-0.6329902176684414
 31
0.0
100
AcDbText
 73
2
  0
LINE
  5
EED
330
17
100
AcDbEntity
  8
ENGRAVE_LOG
100
AcDbLine
 10
-52.479927973478034
 20
-0.08694767712576487
 30
0.0
 11
-53.17992701275843
 21
-0.08810742129474422
 31
0.0
  0
LINE
  5
EEE
330
17
100
AcDbEntity
  8
ENGRAVE_LOG
100
AcDbLine
 10
-53.17992701275843
 20
-0.08810742129474422
 30
0.0
 11
-53.87992605203881
 21
-0.08926716546372356
 31
0.0
  0
LINE
  5
EEF
330
17
100
AcDbEntity
  8
ENGRAVE_LOG
100
AcDbLine
 10
-52.478305143502645
 20
0.4217692087195924
 30
0.0
 11
-53.17828253680394
 21
0.4273949413054101
 31
0.0
  0
LINE
  5
EF0
330
17
100
AcDbEntity
  8
ENGRAVE_LOG
100
AcDbLine
 10
-53.17828253680394
 20
0.4273949413054101
 30
0.0
 11
-53.87825993010523
 21
0.4330206738912279
 31
0.0
  0
LINE
  5
EF1
330
17
100
AcDbEntity
  8
ENGRAVE_LOG
100
AcDbLine
 10
-52.47178305228014
 20
0.9286459575350792
 30
0.0
 11
-53.17167345122443
 21
0.941032622365006
 31
0.0
  0
LINE
  5
EF2
330
17
100
AcDbEntity
  8
ENGRAVE_LOG
100
AcDbLine
 10
-53.17167345122443
 20
0.941032622365006
 30
0.0
 11
-53.87156385016871
 21
0.9534192871949327
 31
0.0
  0
LINE
  5
EF3
330
17
100
AcDbEntity
  8
ENGRAVE_LOG
100
AcDbLine
 10
-52.460414138261555
 20
1.433648646665841
 30
0.0
 11
-53.160152893916724
 21
1.4527712467547529
 31
0.0
  0
LINE
  5
EF4
330
17
100
AcDbEntity
  8
ENGRAVE_LOG
100
AcDbLine
 10
-53.160152893916724
 20
1.4527712467547529
 30
0.0
 11
-53.85989164957189
 21
1.4718938468436646
 31
0.0
  0
LINE
  5
EF5
330
17
100
AcDbEntity
  8
ENGRAVE_LOG
100
AcDbLine
 10
-51.744727448388616
 20
1.910911115666584
 30
0.0
 11
-53.14377376796652
 21
1.9625773103736757
 31
0.0
  0
LINE
  5
EF6
330
17
100
AcDbEntity
  8
ENGRAVE_LOG
100
AcDbLine
 10
-53.14377376796652
 20
1.9625773103736757
 30
0.0
 11
-54.54282008754443
 21
2.0142435050807674
 31
0.0
  0
TEXT
  5
EF7
330
17
100
AcDbEntity
  8
ENGRAVE_TEXT
100
AcDbText
 10
-50.725422272696136
 20
1.8732686023799883
 30
0.0
 40
3.8
  1
5.7
 50
-272.1149480420969
 72
1
 11
-50.725422272696136
 21
1.8732686023799883
 31
0.0
100
AcDbText
 73
2
  0
TEXT
  5
EF8
330
17
100
AcDbEntity
  8
ENGRAVE_TEXT
100
AcDbText
 10
-55.56212526323691
 20
2.0518860183673633
 30
0.0
 40
3.8
  1
5.7
 50
-272.1149480420969
 72
1
 11
-55.56212526323691
 21
2.0518860183673633
 31
0.0
100
AcDbText
 73
2
  0
LINE
  5
EF9
330
17
100
AcDbEntity
  8
ENGRAVE_LOG
100
AcDbLine
 10
-52.42334443213783
 20
2.4379004387880174
 30
0.0
 11
-53.12258873668236
 21
2.4704181656773394
 31
0.0
  0
LINE
  5
EFA
330
17
100
AcDbEntity
  8
ENGRAVE_LOG
100
AcDbLine
 10
-53.12258873668236
 20
2.4704181656773394
 30
0.0
 11
-53.82183304122688
 21
2.5029358925666614
 31
0.0
  0
LINE
  5
EFB
330
17
100
AcDbEntity
  8
ENGRAVE_LOG
100
AcDbLine
 10
-52.397747338950936
 20
2.93708593736376
 30
0.0
 11
-53.09665021885311
 21
2.9762620074124384
 31
0.0
  0
LINE
  5
EFC
330
17
100
AcDbEntity
  8
ENGRAVE_LOG
100
AcDbLine
 10
-53.09665021885311
 20
2.9762620074124384
 30
0.0
 11
-53.79555309875527
 21
3.0154380774611167
 31
0.0
  0
LINE
  5
EFD
330
17
100
AcDbEntity
  8
ENGRAVE_LOG
100
AcDbLine
 10
-52.36751081165829
 20
3.4342701394694113
 30
0.0
 11
-53.06601038422234
 21
3.480077858555322
 31
0.0
  0
LINE
  5
EFE
330
17
100
AcDbEntity
  8
ENGRAVE_LOG
100
AcDbLine
 10
-53.06601038422234
 20
3.480077858555322
 30
0.0
 11
-53.76450995678638
 21
3.5258855776412332
 31
0.0
  0
LINE
  5
EFF
330
17
100
AcDbEntity
  8
ENGRAVE_LOG
100
AcDbLine
 10
-52.33268608327588
 20
3.9294232794778923
 30
0.0
 11
-53.03072114917324
 21
3.9818355564526358
 31
0.0
  0
LINE
  5
F00
330
17
100
AcDbEntity
  8
ENGRAVE_LOG
100
AcDbLine
 10
-53.03072114917324
 20
3.9818355564526358
 30
0.0
 11
-53.72875621507059
 21
4.034247833427379
 31
0.0
  0
LINE
  5
F01
330
17
100
AcDbEntity
  8
ENGRAVE_LOG
100
AcDbLine
 10
-51.59581409285712
 20
4.363527024704558
 30
0.0
 11
-52.990834172617646
 21
4.481505739161614
 31
0.0
  0
LINE
  5
F02
330
17
100
AcDbEntity
  8
ENGRAVE_LOG
100
AcDbLine
 10
-52.990834172617646
 20
4.481505739161614
 30
0.0
 11
-54.38585425237817
 21
4.59948445361867
 31
0.0
  0
TEXT
  5
F03
330
17
100
AcDbEntity
  8
ENGRAVE_TEXT
100
AcDbText
 10
-50.57944232046016
 20
4.277571104171559
 30
0.0
 40
3.8
  1
5.8
 50
-274.83407768265744
 72
1
 11
-50.57944232046016
 21
4.277571104171559
 31
0.0
100
AcDbText
 73
2
  0
TEXT
  5
F04
330
17
100
AcDbEntity
  8
ENGRAVE_TEXT
100
AcDbText
 10
-55.402226024775125
 20
4.685440374151669
 30
0.0
 40
3.8
  1
5.8
 50
-274.83407768265744
 72
1
 11
-55.402226024775125
 21
4.685440374151669
 31
0.0
100
AcDbText
 73
2
  0
LINE
  5
F05
330
17
100
AcDbEntity
  8
ENGRAVE_LOG
100
AcDbLine
 10
-52.24947568103295
 20
4.9135212482644475
 30
0.0
 11
-52.946400852083315
 21
4.979059831987487
 31
0.0
  0
LINE
  5
F06
330
17
100
AcDbEntity
  8
ENGRAVE_LOG
100
AcDbLine
 10
-52.946400852083315
 20
4.979059831987487
 30
0.0
 11
-53.64332602313368
 21
5.044598415710527
 31
0.0
  0
LINE
  5
F07
330
17
100
AcDbEntity
  8
ENGRAVE_LOG
100
AcDbLine
 10
-52.20119118753765
 20
5.402410443694648
 30
0.0
 11
-52.897472319993376
 21
5.474470034216489
 31
0.0
  0
LINE
  5
F08
330
17
100
AcDbEntity
  8
ENGRAVE_LOG
100
AcDbLine
 10
-52.897472319993376
 20
5.474470034216489
 30
0.0
 11
-53.5937534524491
 21
5.546529624738332
 31
0.0
  0
LINE
  5
F09
330
17
100
AcDbEntity
  8
ENGRAVE_LOG
100
AcDbLine
 10
-52.148520846523866
 20
5.8891572843374895
 30
0.0
 11
-52.844099440132226
 21
5.967709306041686
 31
0.0
  0
LINE
  5
F0A
330
17
100
AcDbEntity
  8
ENGRAVE_LOG
100
AcDbLine
 10
-52.844099440132226
 20
5.967709306041686
 30
0.0
 11
-53.53967803374059
 21
6.046261327745884
 31
0.0
  0
LINE
  5
F0B
330
17
100
AcDbEntity
  8
ENGRAVE_LOG
100
AcDbLine
 10
-52.09151458385228
 20
6.373735824483573
 30
0.0
 11
-52.786332804292385
 21
6.4587513556790475
 31
0.0
  0
LINE
  5
F0C
330
17
100
AcDbEntity
  8
ENGRAVE_LOG
100
AcDbLine
 10
-52.786332804292385
 20
6.4587513556790475
 30
0.0
 11
-53.48115102473249
 21
6.543766886874522
 31
0.0
  0
LINE
  5
F0D
330
17
100
AcDbEntity
  8
ENGRAVE_LOG
100
AcDbLine
 10
-51.336221378575075
 20
6.764671061473103
 30
0.0
 11
-52.7242227290966
 21
6.947570626673225
 31
0.0
  0
LINE
  5
F0E
330
17
100
AcDbEntity
  8
ENGRAVE_LOG
100
AcDbLine
 10
-52.7242227290966
 20
6.947570626673225
 30
0.0
 11
-54.11222407961814
 21
7.130470191873347
 31
0.0
  0
TEXT
  5
F0F
330
17
100
AcDbEntity
  8
ENGRAVE_TEXT
100
AcDbText
 10
-50.32496325176652
 20
6.631415663970156
 30
0.0
 40
3.8
  1
5.9
 50
-277.50672419117194
 72
1
 11
-50.32496325176652
 21
6.631415663970156
 31
0.0
100
AcDbText
 73
2
  0
TEXT
  5
F10
330
17
100
AcDbEntity
  8
ENGRAVE_TEXT
100
AcDbText
 10
-55.123482206426694
 20
7.263725589376294
 30
0.0
 40
3.8
  1
5.9
 50
-277.50672419117194
 72
1
 11
-55.123482206426694
 21
7.263725589376294
 31
0.0
100
AcDbText
 73
2
  0
LINE
  5
F11
330
17
100
AcDbEntity
  8
ENGRAVE_LOG
100
AcDbLine
 10
-51.964692636271835
 20
7.336287836351227
 30
0.0
 11
-52.65781925299041
 21
7.434142285387924
 31
0.0
  0
LINE
  5
F12
330
17
100
AcDbEntity
  8
ENGRAVE_LOG
100
AcDbLine
 10
-52.65781925299041
 20
7.434142285387924
 30
0.0
 11
-53.35094586970897
 21
7.531996734424622
 31
0.0
  0
LINE
  5
F13
330
17
100
AcDbEntity
  8
ENGRAVE_LOG
100
AcDbLine
 10
-51.89497543363661
 20
7.814212995705505
 30
0.0
 11
-52.58717213339929
 21
7.9184422086817605
 31
0.0
  0
LINE
  5
F14
330
17
100
AcDbEntity
  8
ENGRAVE_LOG
100
AcDbLine
 10
-52.58717213339929
 20
7.9184422086817605
 30
0.0
 11
-53.27936883316198
 21
8.022671421658016
 31
0.0
  0
LINE
  5
F15
330
17
100
AcDbEntity
  8
ENGRAVE_LOG
100
AcDbLine
 10
-51.82111926843818
 20
8.289873205683222
 30
0.0
 11
-52.51233084404617
 21
8.400446971765124
 31
0.0
  0
LINE
  5
F16
330
17
100
AcDbEntity
  8
ENGRAVE_LOG
100
AcDbLine
 10
-52.51233084404617
 20
8.400446971765124
 30
0.0
 11
-53.20354241965415
 21
8.511020737847028
 31
0.0
  0
LINE
  5
F17
330
17
100
AcDbEntity
  8
ENGRAVE_LOG
100
AcDbLine
 10
-51.74317268072207
 20
8.763246027185222
 30
0.0
 11
-52.43334457242377
 21
8.880133836236855
 31
0.0
  0
LINE
  5
F18
330
17
100
AcDbEntity
  8
ENGRAVE_LOG
100
AcDbLine
 10
-52.43334457242377
 20
8.880133836236855
 30
0.0
 11
-53.12351646412548
 21
8.997021645288488
 31
0.0
  0
LINE
  5
F19
330
17
100
AcDbEntity
  8
ENGRAVE_LOG
100
AcDbLine
 10
-50.97210563403316
 20
9.111138635371827
 30
0.0
 11
-52.3502622174176
 21
9.357480738298063
 31
0.0
  0
LINE
  5
F1A
330
17
100
AcDbEntity
  8
ENGRAVE_LOG
100
AcDbLine
 10
-52.3502622174176
 20
9.357480738298063
 30
0.0
 11
-53.72841880080204
 21
9.6038228412243
 31
0.0
  0
TEXT
  5
F1B
330
17
100
AcDbEntity
  8
ENGRAVE_TEXT
100
AcDbText
 10
-49.96802012328163
 20
8.931660817525566
 30
0.0
 40
3.8
  1
6
 50
-280.13445013811173
 72
1
 11
-49.96802012328163
 21
8.931660817525566
 31
0.0
100
AcDbText
 73
2
  0
TEXT
  5
F1C
330
17
100
AcDbEntity
  8
ENGRAVE_TEXT
100
AcDbText
 10
-54.73250431155357
 20
9.783300659070559
 30
0.0
 40
3.8
  1
6
 50
-280.13445013811173
 72
1
 11
-54.73250431155357
 21
9.783300659070559
 31
0.0
100
AcDbText
 73
2
  0
LINE
  5
F1D
330
17
100
AcDbEntity
  8
ENGRAVE_LOG
100
AcDbLine
 10
-51.43884163600144
 20
10.401729238274005
 30
0.0
 11
-52.12495423404262
 21
10.540471815766226
 31
0.0
  0
LINE
  5
F1E
330
17
100
AcDbEntity
  8
ENGRAVE_LOG
100
AcDbLine
 10
-52.12495423404262
 20
10.540471815766226
 30
0.0
 11
-52.8110668320838
 21
10.67921439325845
 31
0.0
  0
LINE
  5
F1F
330
17
100
AcDbEntity
  8
ENGRAVE_LOG
100
AcDbLine
 10
-50.78258208736038
 20
11.461804244555251
 30
0.0
 11
-51.87510018067278
 21
11.708389353158822
 31
0.0
  0
LINE
  5
F20
330
17
100
AcDbEntity
  8
ENGRAVE_LOG
100
AcDbLine
 10
-51.87510018067278
 20
11.708389353158822
 30
0.0
 11
-52.967618273985174
 21
11.954974461762392
 31
0.0
  0
LINE
  5
F21
330
17
100
AcDbEntity
  8
ENGRAVE_LOG
100
AcDbLine
 10
-50.92221822902588
 20
12.691654369524235
 30
0.0
 11
-51.601439889855115
 21
12.860940917898224
 31
0.0
  0
LINE
  5
F22
330
17
100
AcDbEntity
  8
ENGRAVE_LOG
100
AcDbLine
 10
-51.601439889855115
 20
12.860940917898224
 30
0.0
 11
-52.28066155068435
 21
13.030227466272216
 31
0.0
  0
LINE
  5
F23
330
17
100
AcDbEntity
  8
ENGRAVE_LOG
100
AcDbLine
 10
-50.22419624208529
 20
13.703054835930045
 30
0.0
 11
-51.30470142439677
 21
13.997857398669993
 31
0.0
  0
LINE
  5
F24
330
17
100
AcDbEntity
  8
ENGRAVE_LOG
100
AcDbLine
 10
-51.30470142439677
 20
13.997857398669993
 30
0.0
 11
-52.38520660670824
 21
14.292659961409939
 31
0.0
  0
LINE
  5
F25
330
17
100
AcDbEntity
  8
ENGRAVE_LOG
100
AcDbLine
 10
-50.31448548595116
 20
14.919884392447873
 30
0.0
 11
-50.985600955466516
 21
15.118891996767873
 31
0.0
  0
LINE
  5
F26
330
17
100
AcDbEntity
  8
ENGRAVE_LOG
100
AcDbLine
 10
-50.985600955466516
 20
15.118891996767873
 30
0.0
 11
-51.65671642498187
 21
15.317899601087872
 31
0.0
  0
LINE
  5
F27
330
17
100
AcDbEntity
  8
ENGRAVE_LOG
100
AcDbLine
 10
-49.57823447250412
 20
15.882136713597573
 30
0.0
 11
-50.64484266707202
 21
16.22381925526544
 31
0.0
  0
LINE
  5
F28
330
17
100
AcDbEntity
  8
ENGRAVE_LOG
100
AcDbLine
 10
-50.64484266707202
 20
16.22381925526544
 30
0.0
 11
-51.71145086163991
 21
16.565501796933308
 31
0.0
  0
LINE
  5
F29
330
17
100
AcDbEntity
  8
ENGRAVE_LOG
100
AcDbLine
 10
-49.621249879304294
 20
17.084553269419803
 30
0.0
 11
-50.28311868485905
 21
17.312434124766487
 31
0.0
  0
LINE
  5
F2A
330
17
100
AcDbEntity
  8
ENGRAVE_LOG
100
AcDbLine
 10
-50.28311868485905
 20
17.312434124766487
 30
0.0
 11
-50.944987490413794
 21
17.54031498011317
 31
0.0
  0
LINE
  5
F2B
330
17
100
AcDbEntity
  8
ENGRAVE_LOG
100
AcDbLine
 10
-48.85016427157196
 20
17.997362324530627
 30
0.0
 11
-49.90110902731842
 21
18.384551064512845
 31
0.0
  0
LINE
  5
F2C
330
17
100
AcDbEntity
  8
ENGRAVE_LOG
100
AcDbLine
 10
-49.90110902731842
 20
18.384551064512845
 30
0.0
 11
-50.952053783064876
 21
18.771739804495063
 31
0.0
  0
LINE
  5
F2D
330
17
100
AcDbEntity
  8
ENGRAVE_LOG
100
AcDbLine
 10
-48.84792766440945
 20
19.184117464523155
 30
0.0
 11
-49.49948157761613
 21
19.440003177655132
 31
0.0
  0
LINE
  5
F2E
330
17
100
AcDbEntity
  8
ENGRAVE_LOG
100
AcDbLine
 10
-49.49948157761613
 20
19.440003177655132
 30
0.0
 11
-50.151035490822814
 21
19.695888890787113
 31
0.0
  0
LINE
  5
F2F
330
17
100
AcDbEntity
  8
ENGRAVE_LOG
100
AcDbLine
 10
-47.78685655531373
 20
19.939527089724802
 30
0.0
 11
-49.07889207438363
 21
20.478641379520372
 31
0.0
  0
LINE
  5
F30
330
17
100
AcDbEntity
  8
ENGRAVE_LOG
100
AcDbLine
 10
-49.07889207438363
 20
20.478641379520372
 30
0.0
 11
-50.37092759345352
 21
21.017755669315942
 31
0.0
  0
TEXT
  5
F31
330
17
100
AcDbEntity
  8
ENGRAVE_TEXT
100
AcDbText
 10
-46.84551639141995
 20
19.54674382144517
 30
0.0
 40
3.8
  1
6.5
 50
-292.648808391428
 72
1
 11
-46.84551639141995
 21
19.54674382144517
 31
0.0
100
AcDbText
 73
2
  0
TEXT
  5
F32
330
17
100
AcDbEntity
  8
ENGRAVE_TEXT
100
AcDbText
 10
-51.31226775734731
 20
21.410538937595575
 30
0.0
 40
3.8
  1
6.5
 50
-292.648808391428
 72
1
 11
-51.31226775734731
 21
21.410538937595575
 31
0.0
100
AcDbText
 73
2
  0
LINE
  5
F33
330
17
100
AcDbEntity
  8
ENGRAVE_LOG
100
AcDbLine
 10
-47.9997436369559
 20
21.21732807840119
 30
0.0
 11
-48.639984119918346
 21
21.500333597739626
 31
0.0
  0
LINE
  5
F34
330
17
100
AcDbEntity
  8
ENGRAVE_LOG
100
AcDbLine
 10
-48.639984119918346
 20
21.500333597739626
 30
0.0
 11
-49.28022460288079
 21
21.783339117078057
 31
0.0
  0
LINE
  5
F35
330
17
100
AcDbEntity
  8
ENGRAVE_LOG
100
AcDbLine
 10
-47.16862057123886
 20
22.030997104227993
 30
0.0
 11
-48.18338920435041
 21
22.504964003128016
 31
0.0
  0
LINE
  5
F36
330
17
100
AcDbEntity
  8
ENGRAVE_LOG
100
AcDbLine
 10
-48.18338920435041
 20
22.504964003128016
 30
0.0
 11
-49.19815783746197
 21
22.978930902028043
 31
0.0
  0
LINE
  5
F37
330
17
100
AcDbEntity
  8
ENGRAVE_LOG
100
AcDbLine
 10
-47.08173109341324
 20
23.183205068487073
 30
0.0
 11
-47.70972674443057
 21
23.492432270239
 31
0.0
  0
LINE
  5
F38
330
17
100
AcDbEntity
  8
ENGRAVE_LOG
100
AcDbLine
 10
-47.70972674443057
 20
23.492432270239
 30
0.0
 11
-48.33772239544789
 21
23.801659471990924
 31
0.0
  0
LINE
  5
F39
330
17
100
AcDbEntity
  8
ENGRAVE_LOG
100
AcDbLine
 10
-46.225133345314106
 20
23.947455965257145
 30
0.0
 11
-47.21960413568583
 21
24.462652866545813
 31
0.0
  0
LINE
  5
F3A
330
17
100
AcDbEntity
  8
ENGRAVE_LOG
100
AcDbLine
 10
-47.21960413568583
 20
24.462652866545813
 30
0.0
 11
-48.21407492605754
 21
24.977849767834478
 31
0.0
  0
LINE
  5
F3B
330
17
100
AcDbEntity
  8
ENGRAVE_LOG
100
AcDbLine
 10
-46.09873280452127
 20
25.081013412885735
 30
0.0
 11
-46.7136168167767
 21
25.41555436923139
 31
0.0
  0
LINE
  5
F3C
330
17
100
AcDbEntity
  8
ENGRAVE_LOG
100
AcDbLine
 10
-46.7136168167767
 20
25.41555436923139
 30
0.0
 11
-47.32850082903213
 21
25.75009532557705
 31
0.0
  0
LINE
  5
F3D
330
17
100
AcDbEntity
  8
ENGRAVE_LOG
100
AcDbLine
 10
-45.21951212559398
 20
25.796110620077194
 30
0.0
 11
-46.19234834496903
 21
26.35107880859979
 31
0.0
  0
LINE
  5
F3E
330
17
100
AcDbEntity
  8
ENGRAVE_LOG
100
AcDbLine
 10
-46.19234834496903
 20
26.35107880859979
 30
0.0
 11
-47.16518456434408
 21
26.906046997122388
 31
0.0
  0
LINE
  5
F3F
330
17
100
AcDbEntity
  8
ENGRAVE_LOG
100
AcDbLine
 10
-45.05540283715924
 20
26.910241083671146
 30
0.0
 11
-45.65637048170977
 21
27.26918103714999
 31
0.0
  0
LINE
  5
F40
330
17
100
AcDbEntity
  8
ENGRAVE_LOG
100
AcDbLine
 10
-45.65637048170977
 20
27.26918103714999
 30
0.0
 11
-46.257338126260294
 21
27.62812099062884
 31
0.0
  0
LINE
  5
F41
330
17
100
AcDbEntity
  8
ENGRAVE_LOG
100
AcDbLine
 10
-44.15628103686063
 20
27.576556075655688
 30
0.0
 11
-45.10624328736551
 21
28.16982812338397
 31
0.0
  0
LINE
  5
F42
330
17
100
AcDbEntity
  8
ENGRAVE_LOG
100
AcDbLine
 10
-45.10624328736551
 20
28.16982812338397
 30
0.0
 11
-46.05620553787038
 21
28.76310017111225
 31
0.0
  0
LINE
  5
F43
330
17
100
AcDbEntity
  8
ENGRAVE_LOG
100
AcDbLine
 10
-43.95620908177045
 20
28.670578702908674
 30
0.0
 11
-44.54251522424833
 21
29.052998769448998
 31
0.0
  0
LINE
  5
F44
330
17
100
AcDbEntity
  8
ENGRAVE_LOG
100
AcDbLine
 10
-44.54251522424833
 20
29.052998769448998
 30
0.0
 11
-45.12882136672622
 21
29.43541883598932
 31
0.0
  0
LINE
  5
F45
330
17
100
AcDbEntity
  8
ENGRAVE_LOG
100
AcDbLine
 10
-42.808295426311034
 20
29.131052893667917
 30
0.0
 11
-43.965723267115116
 21
29.91868275174314
 31
0.0
  0
LINE
  5
F46
330
17
100
AcDbEntity
  8
ENGRAVE_LOG
100
AcDbLine
 10
-43.965723267115116
 20
29.91868275174314
 30
0.0
 11
-45.1231511079192
 21
30.70631260981836
 31
0.0
  0
TEXT
  5
F47
330
17
100
AcDbEntity
  8
ENGRAVE_TEXT
100
AcDbText
 10
-41.965026570868055
 20
28.557208282784536
 30
0.0
 40
3.8
  1
7
 50
-304.23529440513244
 72
1
 11
-41.965026570868055
 21
28.557208282784536
 31
0.0
100
AcDbText
 73
2
  0
TEXT
  5
F48
330
17
100
AcDbEntity
  8
ENGRAVE_TEXT
100
AcDbText
 10
-45.96641996336217
 20
31.280157220701742
 30
0.0
 40
3.8
  1
7
 50
-304.23529440513244
 72
1
 11
-45.96641996336217
 21
31.280157220701742
 31
0.0
100
AcDbText
 73
2
  0
LINE
  5
F49
330
17
100
AcDbEntity
  8
ENGRAVE_LOG
100
AcDbLine
 10
-42.80543636159632
 20
30.36190076219417
 30
0.0
 11
-43.376393020382864
 21
30.766880383641123
 31
0.0
  0
LINE
  5
F4A
330
17
100
AcDbEntity
  8
ENGRAVE_LOG
100
AcDbLine
 10
-43.376393020382864
 20
30.766880383641123
 30
0.0
 11
-43.9473496791694
 21
31.171860005088075
 31
0.0
  0
LINE
  5
F4B
330
17
100
AcDbEntity
  8
ENGRAVE_LOG
100
AcDbLine
 10
-41.87417303649976
 20
30.932139151847814
 30
0.0
 11
-42.77503884135723
 21
31.597601999524908
 31
0.0
  0
LINE
  5
F4C
330
17
100
AcDbEntity
  8
ENGRAVE_LOG
100
AcDbLine
 10
-42.77503884135723
 20
31.597601999524908
 30
0.0
 11
-43.6759046462147
 21
32.263064847202
 31
0.0
  0
LINE
  5
F4D
330
17
100
AcDbEntity
  8
ENGRAVE_LOG
100
AcDbLine
 10
-41.6071900166167
 20
31.984248293826624
 30
0.0
 11
-42.16216396882005
 21
32.41086745933117
 31
0.0
  0
LINE
  5
F4E
330
17
100
AcDbEntity
  8
ENGRAVE_LOG
100
AcDbLine
 10
-42.16216396882005
 20
32.41086745933117
 30
0.0
 11
-42.7171379210234
 21
32.83748662483572
 31
0.0
  0
LINE
  5
F4F
330
17
100
AcDbEntity
  8
ENGRAVE_LOG
100
AcDbLine
 10
-40.66344207917609
 20
32.507354218291766
 30
0.0
 11
-41.538260656369275
 21
33.20670567285356
 31
0.0
  0
LINE
  5
F50
330
17
100
AcDbEntity
  8
ENGRAVE_LOG
100
AcDbLine
 10
-41.538260656369275
 20
33.20670567285356
 30
0.0
 11
-42.413079233562456
 21
33.906057127415345
 31
0.0
  0
LINE
  5
F51
330
17
100
AcDbEntity
  8
ENGRAVE_LOG
100
AcDbLine
 10
-40.36539986961383
 20
33.53781288883011
 30
0.0
 11
-40.90381030994786
 21
33.985154143063745
 31
0.0
  0
LINE
  5
F52
330
17
100
AcDbEntity
  8
ENGRAVE_LOG
100
AcDbLine
 10
-40.90381030994786
 20
33.985154143063745
 30
0.0
 11
-41.44222075028189
 21
34.43249539729738
 31
0.0
  0
LINE
  5
F53
330
17
100
AcDbEntity
  8
ENGRAVE_LOG
100
AcDbLine
 10
-39.41140101029983
 20
34.014483244720005
 30
0.0
 11
-40.25928362903851
 21
34.746258527741254
 31
0.0
  0
LINE
  5
F54
330
17
100
AcDbEntity
  8
ENGRAVE_LOG
100
AcDbLine
 10
-40.25928362903851
 20
34.746258527741254
 30
0.0
 11
-41.10716624777719
 21
35.47803381076251
 31
0.0
  0
LINE
  5
F55
330
17
100
AcDbEntity
  8
ENGRAVE_LOG
100
AcDbLine
 10
-39.08382449444511
 20
35.022921963871205
 30
0.0
 11
-39.605140751040224
 21
35.49007221872467
 31
0.0
  0
LINE
  5
F56
330
17
100
AcDbEntity
  8
ENGRAVE_LOG
100
AcDbLine
 10
-39.605140751040224
 20
35.49007221872467
 30
0.0
 11
-40.126457007635345
 21
35.95722247357814
 31
0.0
  0
LINE
  5
F57
330
17
100
AcDbEntity
  8
ENGRAVE_LOG
100
AcDbLine
 10
-38.121695047000436
 20
35.45391327827581
 30
0.0
 11
-38.94183139837655
 21
36.216655938123466
 31
0.0
  0
LINE
  5
F58
330
17
100
AcDbEntity
  8
ENGRAVE_LOG
100
AcDbLine
 10
-38.94183139837655
 20
36.216655938123466
 30
0.0
 11
-39.761967749752664
 21
36.97939859797112
 31
0.0
  0
LINE
  5
F59
330
17
100
AcDbEntity
  8
ENGRAVE_LOG
100
AcDbLine
 10
-37.76605571766162
 20
36.440025185645496
 30
0.0
 11
-38.26979502792007
 21
36.92607735085037
 31
0.0
  0
LINE
  5
F5A
330
17
100
AcDbEntity
  8
ENGRAVE_LOG
100
AcDbLine
 10
-38.26979502792007
 20
36.92607735085037
 30
0.0
 11
-38.773534338178514
 21
37.41212951605525
 31
0.0
  0
LINE
  5
F5B
330
17
100
AcDbEntity
  8
ENGRAVE_LOG
100
AcDbLine
 10
-36.59989262252635
 20
36.62808021203871
 30
0.0
 11
-37.589460982347454
 21
37.6184106928586
 31
0.0
  0
LINE
  5
F5C
330
17
100
AcDbEntity
  8
ENGRAVE_LOG
100
AcDbLine
 10
-37.589460982347454
 20
37.6184106928586
 30
0.0
 11
-38.57902934216856
 21
38.608741173678496
 31
0.0
  0
TEXT
  5
F5D
330
17
100
AcDbEntity
  8
ENGRAVE_TEXT
100
AcDbText
 10
-35.878921388942395
 20
35.90655371886992
 30
0.0
 40
3.8
  1
7.5
 50
-315.02205482101203
 72
1
 11
-35.878921388942395
 21
35.90655371886992
 31
0.0
100
AcDbText
 73
2
  0
TEXT
  5
F5E
330
17
100
AcDbEntity
  8
ENGRAVE_TEXT
100
AcDbText
 10
-39.300000575752506
 20
39.330267666847284
 30
0.0
 40
3.8
  1
7.5
 50
-315.02205482101203
 72
1
 11
-39.300000575752506
 21
39.330267666847284
 31
0.0
100
AcDbText
 73
2
  0
LINE
  5
F5F
330
17
100
AcDbEntity
  8
ENGRAVE_LOG
100
AcDbLine
 10
-36.415523294250974
 20
37.78968196751415
 30
0.0
 11
-36.90124864306911
 21
38.29373641448938
 31
0.0
  0
LINE
  5
F60
330
17
100
AcDbEntity
  8
ENGRAVE_LOG
100
AcDbLine
 10
-36.90124864306911
 20
38.29373641448938
 30
0.0
 11
-37.38697399188725
 21
38.797790861464605
 31
0.0
  0
LINE
  5
F61
330
17
100
AcDbEntity
  8
ENGRAVE_LOG
100
AcDbLine
 10
-35.44305845137395
 20
38.131787364513734
 30
0.0
 11
-36.205567584403894
 21
38.95214083835652
 31
0.0
  0
LINE
  5
F62
330
17
100
AcDbEntity
  8
ENGRAVE_LOG
100
AcDbLine
 10
-36.205567584403894
 20
38.95214083835652
 30
0.0
 11
-36.96807671743383
 21
39.7724943121993
 31
0.0
  0
LINE
  5
F63
330
17
100
AcDbEntity
  8
ENGRAVE_LOG
100
AcDbLine
 10
-35.035499706692065
 20
39.072549959049
 30
0.0
 11
-35.50281772869444
 21
39.593715831216194
 31
0.0
  0
LINE
  5
F64
330
17
100
AcDbEntity
  8
ENGRAVE_LOG
100
AcDbLine
 10
-35.50281772869444
 20
39.593715831216194
 30
0.0
 11
-35.97013575069681
 21
40.11488170338339
 31
0.0
  0
LINE
  5
F65
330
17
100
AcDbEntity
  8
ENGRAVE_LOG
100
AcDbLine
 10
-34.06062161486398
 20
39.37153356435409
 30
0.0
 11
-34.79338950208349
 21
40.21855848928833
 31
0.0
  0
LINE
  5
F66
330
17
100
AcDbEntity
  8
ENGRAVE_LOG
100
AcDbLine
 10
-34.79338950208349
 20
40.21855848928833
 30
0.0
 11
-35.526157389303
 21
41.06558341422257
 31
0.0
  0
LINE
  5
F67
330
17
100
AcDbEntity
  8
ENGRAVE_LOG
100
AcDbLine
 10
-33.629105043841186
 20
40.289374454690844
 30
0.0
 11
-34.07766399069121
 21
40.826770836517895
 31
0.0
  0
LINE
  5
F68
330
17
100
AcDbEntity
  8
ENGRAVE_LOG
100
AcDbLine
 10
-34.07766399069121
 20
40.826770836517895
 30
0.0
 11
-34.52622293754122
 21
41.364167218344946
 31
0.0
  0
LINE
  5
F69
330
17
100
AcDbEntity
  8
ENGRAVE_LOG
100
AcDbLine
 10
-32.65351714606141
 20
40.5461640354778
 30
0.0
 11
-33.35601309695632
 21
41.418459535280626
 31
0.0
  0
LINE
  5
F6A
330
17
100
AcDbEntity
  8
ENGRAVE_LOG
100
AcDbLine
 10
-33.35601309695632
 20
41.418459535280626
 30
0.0
 11
-34.05850904785122
 21
42.29075503508345
 31
0.0
  0
LINE
  5
F6B
330
17
100
AcDbEntity
  8
ENGRAVE_LOG
100
AcDbLine
 10
-32.19931192256391
 20
41.44097865294006
 30
0.0
 11
-32.62879969592127
 21
41.99373560905778
 31
0.0
  0
LINE
  5
F6C
330
17
100
AcDbEntity
  8
ENGRAVE_LOG
100
AcDbLine
 10
-32.62879969592127
 20
41.99373560905778
 30
0.0
 11
-33.058287469278646
 21
42.546492565175505
 31
0.0
  0
LINE
  5
F6D
330
17
100
AcDbEntity
  8
ENGRAVE_LOG
100
AcDbLine
 10
-31.224622561358306
 20
41.656530651276206
 30
0.0
 11
-31.89637779126075
 21
42.5527141766206
 31
0.0
  0
LINE
  5
F6E
330
17
100
AcDbEntity
  8
ENGRAVE_LOG
100
AcDbLine
 10
-31.89637779126075
 20
42.5527141766206
 30
0.0
 11
-32.56813302116319
 21
43.448897701964995
 31
0.0
  0
LINE
  5
F6F
330
17
100
AcDbEntity
  8
ENGRAVE_LOG
100
AcDbLine
 10
-30.748950420593943
 20
42.528254702395856
 30
0.0
 11
-31.159092670868635
 21
43.095514197282995
 31
0.0
  0
LINE
  5
F70
330
17
100
AcDbEntity
  8
ENGRAVE_LOG
100
AcDbLine
 10
-31.159092670868635
 20
43.095514197282995
 30
0.0
 11
-31.569234921143327
 21
43.66277369217014
 31
0.0
  0
LINE
  5
F71
330
17
100
AcDbEntity
  8
ENGRAVE_LOG
100
AcDbLine
 10
-29.61652526103355
 20
42.47387233891633
 30
0.0
 11
-30.417281061833993
 21
43.62225822679742
 31
0.0
  0
LINE
  5
F72
330
17
100
AcDbEntity
  8
ENGRAVE_LOG
100
AcDbLine
 10
-30.417281061833993
 20
43.62225822679742
 30
0.0
 11
-31.218036862634438
 21
44.77064411467851
 31
0.0
  0
TEXT
  5
F73
330
17
100
AcDbEntity
  8
ENGRAVE_TEXT
100
AcDbText
 10
-29.033117463307512
 20
41.63719119203154
 30
0.0
 40
3.8
  1
8
 50
-325.1123953170997
 72
1
 11
-29.033117463307512
 21
41.63719119203154
 31
0.0
100
AcDbText
 73
2
  0
TEXT
  5
F74
330
17
100
AcDbEntity
  8
ENGRAVE_TEXT
100
AcDbText
 10
-31.801444660360477
 20
45.607325261563304
 30
0.0
 40
3.8
  1
8
 50
-325.1123953170997
 72
1
 11
-31.801444660360477
 21
45.607325261563304
 31
0.0
100
AcDbText
 73
2
  0
LINE
  5
F75
330
17
100
AcDbEntity
  8
ENGRAVE_LOG
100
AcDbLine
 10
-29.280712993955614
 20
43.552155475539884
 30
0.0
 11
-29.67127128465243
 21
44.13307218348344
 31
0.0
  0
LINE
  5
F76
330
17
100
AcDbEntity
  8
ENGRAVE_LOG
100
AcDbLine
 10
-29.67127128465243
 20
44.13307218348344
 30
0.0
 11
-30.06182957534925
 21
44.71398889142701
 31
0.0
  0
LINE
  5
F77
330
17
100
AcDbEntity
  8
ENGRAVE_LOG
100
AcDbLine
 10
-28.312283191876233
 20
43.68819314715364
 30
0.0
 11
-28.921383406530502
 21
44.62808512419575
 31
0.0
  0
LINE
  5
F78
330
17
100
AcDbEntity
  8
ENGRAVE_LOG
100
AcDbLine
 10
-28.921383406530502
 20
44.62808512419575
 30
0.0
 11
-29.530483621184775
 21
45.56797710123785
 31
0.0
  0
LINE
  5
F79
330
17
100
AcDbEntity
  8
ENGRAVE_LOG
100
AcDbLine
 10
-27.79715935650687
 20
44.51368701544461
 30
0.0
 11
-28.167929393655402
 21
45.10742902975122
 31
0.0
  0
LINE
  5
F7A
330
17
100
AcDbEntity
  8
ENGRAVE_LOG
100
AcDbLine
 10
-28.167929393655402
 20
45.10742902975122
 30
0.0
 11
-28.53869943080393
 21
45.701171044057844
 31
0.0
  0
LINE
  5
F7B
330
17
100
AcDbEntity
  8
ENGRAVE_LOG
100
AcDbLine
 10
-26.833918060098256
 20
44.611483292353476
 30
0.0
 11
-27.4112132623132
 21
45.57123859944982
 31
0.0
  0
LINE
  5
F7C
330
17
100
AcDbEntity
  8
ENGRAVE_LOG
100
AcDbLine
 10
-27.4112132623132
 20
45.57123859944982
 30
0.0
 11
-27.98850846452814
 21
46.530993906546165
 31
0.0
  0
LINE
  5
F7D
330
17
100
AcDbEntity
  8
ENGRAVE_LOG
100
AcDbLine
 10
-26.30072130283437
 20
45.41390160458177
 30
0.0
 11
-26.6515312287487
 21
46.019651054338
 31
0.0
  0
LINE
  5
F7E
330
17
100
AcDbEntity
  8
ENGRAVE_LOG
100
AcDbLine
 10
-26.6515312287487
 20
46.019651054338
 30
0.0
 11
-27.002341154663032
 21
46.62540050409424
 31
0.0
  0
LINE
  5
F7F
330
17
100
AcDbEntity
  8
ENGRAVE_LOG
100
AcDbLine
 10
-25.343931683159855
 20
45.474484349350526
 30
0.0
 11
-25.889171857672704
 21
46.45280594887555
 31
0.0
  0
LINE
  5
F80
330
17
100
AcDbEntity
  8
ENGRAVE_LOG
100
AcDbLine
 10
-25.889171857672704
 20
46.45280594887555
 30
0.0
 11
-26.434412032185556
 21
47.43112754840057
 31
0.0
  0
LINE
  5
F81
330
17
100
AcDbEntity
  8
ENGRAVE_LOG
100
AcDbLine
 10
-24.793707458924146
 20
46.253891408629485
 30
0.0
 11
-25.124416209329006
 21
46.87084499068057
 31
0.0
  0
LINE
  5
F82
330
17
100
AcDbEntity
  8
ENGRAVE_LOG
100
AcDbLine
 10
-25.124416209329006
 20
46.87084499068057
 30
0.0
 11
-25.455124959733865
 21
47.48779857273165
 31
0.0
  0
LINE
  5
F83
330
17
100
AcDbEntity
  8
ENGRAVE_LOG
100
AcDbLine
 10
-23.844554860876546
 20
46.27829732700469
 30
0.0
 11
-24.357537985044463
 21
47.27391186803897
 31
0.0
  0
LINE
  5
F84
330
17
100
AcDbEntity
  8
ENGRAVE_LOG
100
AcDbLine
 10
-24.357537985044463
 20
47.27391186803897
 30
0.0
 11
-24.870521109212376
 21
48.269526409073265
 31
0.0
  0
LINE
  5
F85
330
17
100
AcDbEntity
  8
ENGRAVE_LOG
100
AcDbLine
 10
-23.27830794780367
 20
47.034782651642175
 30
0.0
 11
-23.58880367119282
 21
47.66215208487674
 31
0.0
  0
LINE
  5
F86
330
17
100
AcDbEntity
  8
ENGRAVE_LOG
100
AcDbLine
 10
-23.58880367119282
 20
47.66215208487674
 30
0.0
 11
-23.89929939458197
 21
48.28952151811129
 31
0.0
  0
LINE
  5
F87
330
17
100
AcDbEntity
  8
ENGRAVE_LOG
100
AcDbLine
 10
-22.217760726750406
 20
46.77113969414116
 30
0.0
 11
-22.818472681509974
 21
48.03571280290512
 31
0.0
  0
LINE
  5
F88
330
17
100
AcDbEntity
  8
ENGRAVE_LOG
100
AcDbLine
 10
-22.818472681509974
 20
48.03571280290512
 30
0.0
 11
-23.419184636269545
 21
49.30028591166907
 31
0.0
  0
TEXT
  5
F89
330
17
100
AcDbEntity
  8
ENGRAVE_TEXT
100
AcDbText
 10
-21.780099159711288
 20
45.84980785775599
 30
0.0
 40
3.8
  1
8.5
 50
-334.5908132571454
 72
1
 11
-21.780099159711288
 21
45.84980785775599
 31
0.0
100
AcDbText
 73
2
  0
TEXT
  5
F8A
330
17
100
AcDbEntity
  8
ENGRAVE_TEXT
100
AcDbText
 10
-23.856846203308663
 20
50.22161774805424
 30
0.0
 40
3.8
  1
8.5
 50
-334.5908132571454
 72
1
 11
-23.856846203308663
 21
50.22161774805424
 31
0.0
100
AcDbText
 73
2
  0
LINE
  5
F8B
330
17
100
AcDbEntity
  8
ENGRAVE_LOG
100
AcDbLine
 10
-21.75659895975315
 20
47.75773028216969
 30
0.0
 11
-22.046797497707175
 21
48.394742690659
 31
0.0
  0
LINE
  5
F8C
330
17
100
AcDbEntity
  8
ENGRAVE_LOG
100
AcDbLine
 10
-22.046797497707175
 20
48.394742690659
 30
0.0
 11
-22.3369960356612
 21
49.031755099148306
 31
0.0
  0
LINE
  5
F8D
330
17
100
AcDbEntity
  8
ENGRAVE_LOG
100
AcDbLine
 10
-20.825981185818748
 20
47.712913426533945
 30
0.0
 11
-21.27402380833348
 21
48.73939177916011
 31
0.0
  0
LINE
  5
F8E
330
17
100
AcDbEntity
  8
ENGRAVE_LOG
100
AcDbLine
 10
-21.27402380833348
 20
48.73939177916011
 30
0.0
 11
-21.722066430848212
 21
49.765870131786265
 31
0.0
  0
LINE
  5
F8F
330
17
100
AcDbEntity
  8
ENGRAVE_LOG
100
AcDbLine
 10
-20.230547218766006
 20
48.42391309290565
 30
0.0
 11
-20.500390645845584
 21
49.069811323946695
 31
0.0
  0
LINE
  5
F90
330
17
100
AcDbEntity
  8
ENGRAVE_LOG
100
AcDbLine
 10
-20.500390645845584
 20
49.069811323946695
 30
0.0
 11
-20.77023407292516
 21
49.71570955498774
 31
0.0
  0
LINE
  5
F91
330
17
100
AcDbEntity
  8
ENGRAVE_LOG
100
AcDbLine
 10
-19.310687381862984
 20
48.346054159982465
 30
0.0
 11
-19.726130521849278
 21
49.38615367322066
 31
0.0
  0
LINE
  5
F92
330
17
100
AcDbEntity
  8
ENGRAVE_LOG
100
AcDbLine
 10
-19.726130521849278
 20
49.38615367322066
 30
0.0
 11
-20.141573661835572
 21
50.42625318645885
 31
0.0
  0
LINE
  5
F93
330
17
100
AcDbEntity
  8
ENGRAVE_LOG
100
AcDbLine
 10
-18.70201433873747
 20
49.034529259223625
 30
0.0
 11
-18.9514695604813
 21
49.68857214187334
 31
0.0
  0
LINE
  5
F94
330
17
100
AcDbEntity
  8
ENGRAVE_LOG
100
AcDbLine
 10
-18.9514695604813
 20
49.68857214187334
 30
0.0
 11
-19.200924782225133
 21
50.34261502452304
 31
0.0
  0
LINE
  5
F95
330
17
100
AcDbEntity
  8
ENGRAVE_LOG
100
AcDbLine
 10
-17.793817871622657
 20
48.92467317776914
 30
0.0
 11
-18.17662762990574
 21
49.977220891159476
 31
0.0
  0
LINE
  5
F96
330
17
100
AcDbEntity
  8
ENGRAVE_LOG
100
AcDbLine
 10
-18.17662762990574
 20
49.977220891159476
 30
0.0
 11
-18.559437388188826
 21
51.02976860454982
 31
0.0
  0
LINE
  5
F97
330
17
100
AcDbEntity
  8
ENGRAVE_LOG
100
AcDbLine
 10
-17.172761064413145
 20
49.59079226453814
 30
0.0
 11
-17.40181847190341
 21
50.252254813798366
 31
0.0
  0
LINE
  5
F98
330
17
100
AcDbEntity
  8
ENGRAVE_LOG
100
AcDbLine
 10
-17.40181847190341
 20
50.252254813798366
 30
0.0
 11
-17.63087587939368
 21
50.913717363058595
 31
0.0
  0
LINE
  5
F99
330
17
100
AcDbEntity
  8
ENGRAVE_LOG
100
AcDbLine
 10
-16.277070818459137
 20
49.449980440550895
 30
0.0
 11
-16.627249829536247
 21
50.51382942428921
 31
0.0
  0
LINE
  5
F9A
330
17
100
AcDbEntity
  8
ENGRAVE_LOG
100
AcDbLine
 10
-16.627249829536247
 20
50.51382942428921
 30
0.0
 11
-16.977428840613353
 21
51.57767840802753
 31
0.0
  0
LINE
  5
F9B
330
17
100
AcDbEntity
  8
ENGRAVE_LOG
100
AcDbLine
 10
-15.64445139346532
 20
50.093927182818284
 30
0.0
 11
-15.853123572875111
 21
50.762100754235455
 31
0.0
  0
LINE
  5
F9C
330
17
100
AcDbEntity
  8
ENGRAVE_LOG
100
AcDbLine
 10
-15.853123572875111
 20
50.762100754235455
 30
0.0
 11
-16.0617957522849
 21
51.43027432565262
 31
0.0
  0
LINE
  5
F9D
330
17
100
AcDbEntity
  8
ENGRAVE_LOG
100
AcDbLine
 10
-14.68265405986252
 20
49.65468829585382
 30
0.0
 11
-15.07963582277885
 21
50.997225252481776
 31
0.0
  0
LINE
  5
F9E
330
17
100
AcDbEntity
  8
ENGRAVE_LOG
100
AcDbLine
 10
-15.07963582277885
 20
50.997225252481776
 30
0.0
 11
-15.476617585695177
 21
52.33976220910973
 31
0.0
  0
TEXT
  5
F9F
330
17
100
AcDbEntity
  8
ENGRAVE_TEXT
100
AcDbText
 10
-14.393424489737765
 20
48.67655422745346
 30
0.0
 40
3.8
  1
9
 50
-343.52730339815696
 72
1
 11
-14.393424489737765
 21
48.67655422745346
 31
0.0
100
AcDbText
 73
2
  0
TEXT
  5
FA0
330
17
100
AcDbEntity
  8
ENGRAVE_TEXT
100
AcDbText
 10
-15.765847155819932
 20
53.317896277510094
 30
0.0
 40
3.8
  1
9
 50
-343.52730339815696
 72
1
 11
-15.765847155819932
 21
53.317896277510094
 31
0.0
100
AcDbText
 73
2
  0
LINE
  5
FA1
330
17
100
AcDbEntity
  8
ENGRAVE_LOG
100
AcDbLine
 10
-14.118656577215221
 20
50.54516729079702
 30
0.0
 11
-14.306977072719237
 21
51.21935968987396
 31
0.0
  0
LINE
  5
FA2
330
17
100
AcDbEntity
  8
ENGRAVE_LOG
100
AcDbLine
 10
-14.306977072719237
 20
51.21935968987396
 30
0.0
 11
-14.49529756822325
 21
51.893552088950905
 31
0.0
  0
LINE
  5
FA3
330
17
100
AcDbEntity
  8
ENGRAVE_LOG
100
AcDbLine
 10
-13.25027077826727
 20
50.34554522798017
 30
0.0
 11
-13.535332308648739
 21
51.428661068459185
 31
0.0
  0
LINE
  5
FA4
330
17
100
AcDbEntity
  8
ENGRAVE_LOG
100
AcDbLine
 10
-13.535332308648739
 20
51.428661068459185
 30
0.0
 11
-13.820393839030208
 21
52.5117769089382
 31
0.0
  0
LINE
  5
FA5
330
17
100
AcDbEntity
  8
ENGRAVE_LOG
100
AcDbLine
 10
-12.59685899849908
 20
50.94575098447301
 30
0.0
 11
-12.76488112690894
 21
51.62528653495188
 31
0.0
  0
LINE
  5
FA6
330
17
100
AcDbEntity
  8
ENGRAVE_LOG
100
AcDbLine
 10
-12.76488112690894
 20
51.62528653495188
 30
0.0
 11
-12.932903255318799
 21
52.30482208543076
 31
0.0
  0
LINE
  5
FA7
330
17
100
AcDbEntity
  8
ENGRAVE_LOG
100
AcDbLine
 10
-11.743159760822342
 20
50.71825902800493
 30
0.0
 11
-11.995797850183099
 21
51.809393298296236
 31
0.0
  0
LINE
  5
FA8
330
17
100
AcDbEntity
  8
ENGRAVE_LOG
100
AcDbLine
 10
-11.995797850183099
 20
51.809393298296236
 30
0.0
 11
-12.248435939543855
 21
52.90052756858754
 31
0.0
  0
LINE
  5
FA9
330
17
100
AcDbEntity
  8
ENGRAVE_LOG
100
AcDbLine
 10
-11.080455926019226
 20
51.29691897640193
 30
0.0
 11
-11.228251641495856
 21
51.9811385511634
 31
0.0
  0
LINE
  5
FAA
330
17
100
AcDbEntity
  8
ENGRAVE_LOG
100
AcDbLine
 10
-11.228251641495856
 20
51.9811385511634
 30
0.0
 11
-11.376047356972483
 21
52.665358125924854
 31
0.0
  0
LINE
  5
FAB
330
17
100
AcDbEntity
  8
ENGRAVE_LOG
100
AcDbLine
 10
-10.242062588244918
 20
51.04256805783261
 30
0.0
 11
-10.46240661626709
 21
52.140679395227394
 31
0.0
  0
LINE
  5
FAC
330
17
100
AcDbEntity
  8
ENGRAVE_LOG
100
AcDbLine
 10
-10.46240661626709
 20
52.140679395227394
 30
0.0
 11
-10.682750644289262
 21
53.23879073262218
 31
0.0
  0
LINE
  5
FAD
330
17
100
AcDbEntity
  8
ENGRAVE_LOG
100
AcDbLine
 10
-9.570763145232123
 20
51.599911752035645
 30
0.0
 11
-9.698421952428436
 21
52.28817277006966
 31
0.0
  0
LINE
  5
FAE
330
17
100
AcDbEntity
  8
ENGRAVE_LOG
100
AcDbLine
 10
-9.698421952428436
 20
52.28817277006966
 30
0.0
 11
-9.826080759624748
 21
52.97643378810367
 31
0.0
  0
LINE
  5
FAF
330
17
100
AcDbEntity
  8
ENGRAVE_LOG
100
AcDbLine
 10
-8.748245412706552
 20
51.31970189117489
 30
0.0
 11
-8.93645199861188
 21
52.4237753855682
 31
0.0
  0
LINE
  5
FB0
330
17
100
AcDbEntity
  8
ENGRAVE_LOG
100
AcDbLine
 10
-8.93645199861188
 20
52.4237753855682
 30
0.0
 11
-9.124658584517206
 21
53.5278488799615
 31
0.0
  0
LINE
  5
FB1
330
17
100
AcDbEntity
  8
ENGRAVE_LOG
100
AcDbLine
 10
-8.069018466428322
 20
51.85596726499698
 30
0.0
 11
-8.176646380424126
 21
52.547643657632236
 31
0.0
  0
LINE
  5
FB2
330
17
100
AcDbEntity
  8
ENGRAVE_LOG
100
AcDbLine
 10
-8.176646380424126
 20
52.547643657632236
 30
0.0
 11
-8.284274294419932
 21
53.23932005026749
 31
0.0
  0
LINE
  5
FB3
330
17
100
AcDbEntity
  8
ENGRAVE_LOG
100
AcDbLine
 10
-7.223835886187598
 20
51.27362475083489
 30
0.0
 11
-7.419150104817622
 21
52.65993364714947
 31
0.0
  0
LINE
  5
FB4
330
17
100
AcDbEntity
  8
ENGRAVE_LOG
100
AcDbLine
 10
-7.419150104817622
 20
52.65993364714947
 30
0.0
 11
-7.614464323447646
 21
54.04624254346405
 31
0.0
  0
TEXT
  5
FB5
330
17
100
AcDbEntity
  8
ENGRAVE_TEXT
100
AcDbText
 10
-7.0815355269000095
 20
50.263599697805695
 30
0.0
 40
3.8
  1
9.5
 50
-351.98049790398517
 72
1
 11
-7.0815355269000095
 21
50.263599697805695
 31
0.0
100
AcDbText
 73
2
  0
TEXT
  5
FB6
330
17
100
AcDbEntity
  8
ENGRAVE_TEXT
100
AcDbText
 10
-7.756764682735235
 20
55.05626759649324
 30
0.0
 40
3.8
  1
9.5
 50
-351.98049790398517
 72
1
 11
-7.756764682735235
 21
55.05626759649324
 31
0.0
100
AcDbText
 73
2
  0
LINE
  5
FB7
330
17
100
AcDbEntity
  8
ENGRAVE_LOG
100
AcDbLine
 10
-6.576385111169155
 20
52.06631885268625
 30
0.0
 11
-6.664103662575756
 21
52.760801002017054
 31
0.0
  0
LINE
  5
FB8
330
17
100
AcDbEntity
  8
ENGRAVE_LOG
100
AcDbLine
 10
-6.664103662575756
 20
52.760801002017054
 30
0.0
 11
-6.751822213982357
 21
53.45528315134786
 31
0.0
  0
LINE
  5
FB9
330
17
100
AcDbEntity
  8
ENGRAVE_LOG
100
AcDbLine
 10
-5.787140678674149
 20
51.73734244011027
 30
0.0
 11
-5.9116431289260705
 21
52.85040090213338
 31
0.0
  0
LINE
  5
FBA
330
17
100
AcDbEntity
  8
ENGRAVE_LOG
100
AcDbLine
 10
-5.9116431289260705
 20
52.85040090213338
 30
0.0
 11
-6.036145579177992
 21
53.9634593641565
 31
0.0
  0
LINE
  5
FBB
330
17
100
AcDbEntity
  8
ENGRAVE_LOG
100
AcDbLine
 10
-5.093954978666717
 20
52.23219335501158
 30
0.0
 11
-5.161900262299848
 21
52.928888007231635
 31
0.0
  0
LINE
  5
FBC
330
17
100
AcDbEntity
  8
ENGRAVE_LOG
100
AcDbLine
 10
-5.161900262299848
 20
52.928888007231635
 30
0.0
 11
-5.229845545932979
 21
53.62558265945169
 31
0.0
  0
LINE
  5
FBD
330
17
100
AcDbEntity
  8
ENGRAVE_LOG
100
AcDbLine
 10
-4.322020222290617
 20
51.880282778702274
 30
0.0
 11
-4.415002601256531
 21
52.99641640744116
 31
0.0
  0
LINE
  5
FBE
330
17
100
AcDbEntity
  8
ENGRAVE_LOG
100
AcDbLine
 10
-4.415002601256531
 20
52.99641640744116
 30
0.0
 11
-4.507984980222445
 21
54.112550036180046
 31
0.0
  0
LINE
  5
FBF
330
17
100
AcDbEntity
  8
ENGRAVE_LOG
100
AcDbLine
 10
-3.6227517940452354
 20
52.354809420326816
 30
0.0
 11
-3.6710735595908086
 21
53.05313957646685
 31
0.0
  0
LINE
  5
FC0
330
17
100
AcDbEntity
  8
ENGRAVE_LOG
100
AcDbLine
 10
-3.6710735595908086
 20
53.05313957646685
 30
0.0
 11
-3.7193953251363814
 21
53.75146973260688
 31
0.0
  0
LINE
  5
FC1
330
17
100
AcDbEntity
  8
ENGRAVE_LOG
100
AcDbLine
 10
-2.868520213852101
 20
51.98091180214832
 30
0.0
 11
-2.930232519643771
 21
53.09921032728097
 31
0.0
  0
LINE
  5
FC2
330
17
100
AcDbEntity
  8
ENGRAVE_LOG
100
AcDbLine
 10
-2.930232519643771
 20
53.09921032728097
 30
0.0
 11
-2.991944825435441
 21
54.21750885241363
 31
0.0
  0
LINE
  5
FC3
330
17
100
AcDbEntity
  8
ENGRAVE_LOG
100
AcDbLine
 10
-2.163734140711328
 20
52.435375983855785
 30
0.0
 11
-2.1925949238381945
 21
53.13478077022582
 31
0.0
  0
LINE
  5
FC4
330
17
100
AcDbEntity
  8
ENGRAVE_LOG
100
AcDbLine
 10
-2.1925949238381945
 20
53.13478077022582
 30
0.0
 11
-2.221455706965061
 21
53.83418555659585
 31
0.0
  0
LINE
  5
FC5
330
17
100
AcDbEntity
  8
ENGRAVE_LOG
100
AcDbLine
 10
-1.4275603477566456
 20
52.040423436531654
 30
0.0
 11
-1.4582723644582867
 21
53.16000227342976
 31
0.0
  0
LINE
  5
FC6
330
17
100
AcDbEntity
  8
ENGRAVE_LOG
100
AcDbLine
 10
-1.4582723644582867
 20
53.16000227342976
 30
0.0
 11
-1.488984381159928
 21
54.27958111032786
 31
0.0
  0
LINE
  5
FC7
330
17
100
AcDbEntity
  8
ENGRAVE_LOG
100
AcDbLine
 10
-0.7177983792917515
 20
52.47509090498735
 30
0.0
 11
-0.7273726716984632
 21
53.17502542544259
 31
0.0
  0
LINE
  5
FC8
330
17
100
AcDbEntity
  8
ENGRAVE_LOG
100
AcDbLine
 10
-0.7273726716984632
 20
53.17502542544259
 30
0.0
 11
-0.7369469641051749
 21
53.874959945897835
 31
0.0
  0
LINE
  5
FC9
330
17
100
AcDbEntity
  8
ENGRAVE_LOG
100
AcDbLine
 10
-1.268244225196999e-14
 20
51.78
 30
0.0
 11
-1.302534335573125e-14
 21
53.18
 31
0.0
  0
LINE
  5
FCA
330
17
100
AcDbEntity
  8
ENGRAVE_LOG
100
AcDbLine
 10
-1.302534335573125e-14
 20
53.18
 30
0.0
 11
-1.3368244459492507e-14
 21
54.58
 31
0.0
  0
TEXT
  5
FCB
330
17
100
AcDbEntity
  8
ENGRAVE_TEXT
100
AcDbText
 10
-1.243261430494393e-14
 20
50.76
 30
0.0
 40
3.8
  1
1
 50
-360.0
 72
1
 11
-1.243261430494393e-14
 21
50.76
 31
0.0
100
AcDbText
 73
2
  0
TEXT
  5
FCC
330
17
100
AcDbEntity
  8
ENGRAVE_TEXT
100
AcDbText
 10
-1.3618072406518569e-14
 20
55.6
 30
0.0
 40
3.8
  1
1
 50
-360.0
 72
1
 11
-1.3618072406518569e-14
 21
55.6
 31
0.0
100
AcDbText
 73
2
  0
ENDSEC
  0
SECTION
  2
OBJECTS
  0
DICTIONARY
  5
A
330
0
100
AcDbDictionary
281
1
  3
ACAD_COLOR
350
B
  3
ACAD_GROUP
350
C
  3
ACAD_LAYOUT
350
D
  3
ACAD_MATERIAL
350
E
  3
ACAD_MLEADERSTYLE
350
F
  3
ACAD_MLINESTYLE
350
10
  3
ACAD_PLOTSETTINGS
350
11
  3
ACAD_PLOTSTYLENAME
350
12
  3
ACAD_SCALELIST
350
14
  3
ACAD_TABLESTYLE
350
15
  3
ACAD_VISUALSTYLE
350
16
  3
EZDXF_META
350
2D
  0
DICTIONARY
  5
B
330
A
100
AcDbDictionary
281
1
  0
DICTIONARY
  5
C
330
A
100
AcDbDictionary
281
1
  0
DICTIONARY
  5
D
330
A
100
AcDbDictionary
281
1
  3
Model
350
1A
  3
Layout1
350
1E
  0
DICTIONARY
  5
E
330
A
100
AcDbDictionary
281
1
  3
ByBlock
350
1F
  3
ByLayer
350
20
  3
Global
350
21
  0
DICTIONARY
  5
F
330
A
100
AcDbDictionary
281
1
  3
Standard
350
2C
  0
DICTIONARY
  5
10
330
A
100
AcDbDictionary
281
1
  3
Standard
350
22
  0
DICTIONARY
  5
11
330
A
100
AcDbDictionary
281
1
  0
ACDBDICTIONARYWDFLT
  5
12
330
A
100
AcDbDictionary
281
1
  3
Normal
350
13
100
AcDbDictionaryWithDefault
340
13
  0
ACDBPLACEHOLDER
  5
13
330
12
  0
DICTIONARY
  5
14
330
A
100
AcDbDictionary
281
1
  0
DICTIONARY
  5
15
330
A
100
AcDbDictionary
281
1
  0
DICTIONARY
  5
16
330
A
100
AcDbDictionary
281
1
  0
LAYOUT
  5
1A
330
D
100
AcDbPlotSettings
  1

  4
A3
  6

 40
7.5
 41
20.0
 42
7.5
 43
20.0
 44
420.0
 45
297.0
 46
0.0
 47
0.0
 48
0.0
 49
0.0
140
0.0
141
0.0
142
1.0
143
1.0
 70
1024
 72
1
 73
0
 74
5
  7

 75
16
 76
0
 77
2
 78
300
147
1.0
148
0.0
149
0.0
100
AcDbLayout
  1
Model
 70
1
 71
0
 10
0.0
 20
0.0
 11
420.0
 21
297.0
 12
0.0
 22
0.0
 32
0.0
 14
1e+20
 24
1e+20
 34
1e+20
 15
-1e+20
 25
-1e+20
 35
-1e+20
146
0.0
 13
0.0
 23
0.0
 33
0.0
 16
1.0
 26
0.0
 36
0.0
 17
0.0
 27
1.0
 37
0.0
 76
1
330
17
  0
LAYOUT
  5
1E
330
D
100
AcDbPlotSettings
  1

  4
A3
  6

 40
7.5
 41
20.0
 42
7.5
 43
20.0
 44
420.0
 45
297.0
 46
0.0
 47
0.0
 48
0.0
 49
0.0
140
0.0
141
0.0
142
1.0
143
1.0
 70
0
 72
1
 73
0
 74
5
  7

 75
16
 76
0
 77
2
 78
300
147
1.0
148
0.0
149
0.0
100
AcDbLayout
  1
Layout1
 70
1
 71
1
 10
0.0
 20
0.0
 11
420.0
 21
297.0
 12
0.0
 22
0.0
 32
0.0
 14
1e+20
 24
1e+20
 34
1e+20
 15
-1e+20
 25
-1e+20
 35
-1e+20
146
0.0
 13
0.0
 23
0.0
 33
0.0
 16
1.0
 26
0.0
 36
0.0
 17
0.0
 27
1.0
 37
0.0
 76
1
330
1B
  0
MATERIAL
  5
1F
102
{ACAD_REACTORS
330
E
102
}
330
E
100
AcDbMaterial
  1
ByBlock
  2

 70
0
 40
1.0
 71
1
 41
1.0
 91
-1023410177
 42
1.0
 72
1
  3

 73
1
 74
1
 75
1
 44
0.5
 73
0
 45
1.0
 46
1.0
 77
1
  4

 78
1
 79
1
170
1
 48
1.0
171
1
  6

172
1
173
1
174
1
140
1.0
141
1.0
175
1
  7

176
1
177
1
178
1
143
1.0
179
1
  8

270
1
271
1
272
1
145
1.0
146
1.0
273
1
  9

274
1
275
1
276
1
 42
1.0
 72
1
  3

 73
1
 74
1
 75
1
 94
63
  0
MATERIAL
  5
20
102
{ACAD_REACTORS
330
E
102
}
330
E
100
AcDbMaterial
  1
ByLayer
  2

 70
0
 40
1.0
 71
1
 41
1.0
 91
-1023410177
 42
1.0
 72
1
  3

 73
1
 74
1
 75
1
 44
0.5
 73
0
 45
1.0
 46
1.0
 77
1
  4

 78
1
 79
1
170
1
 48
1.0
171
1
  6

172
1
173
1
174
1
140
1.0
141
1.0
175
1
  7

176
1
177
1
178
1
143
1.0
179
1
  8

270
1
271
1
272
1
145
1.0
146
1.0
273
1
  9

274
1
275
1
276
1
 42
1.0
 72
1
  3

 73
1
 74
1
 75
1
 94
63
  0
MATERIAL
  5
21
102
{ACAD_REACTORS
330
E
102
}
330
E
100
AcDbMaterial
  1
Global
  2

 70
0
 40
1.0
 71
1
 41
1.0
 91
-1023410177
 42
1.0
 72
1
  3

 73
1
 74
1
 75
1
 44
0.5
 73
0
 45
1.0
 46
1.0
 77
1
  4

 78
1
 79
1
170
1
 48
1.0
171
1
  6

172
1
173
1
174
1
140
1.0
141
1.0
175
1
  7

176
1
177
1
178
1
143
1.0
179
1
  8

270
1
271
1
272
1
145
1.0
146
1.0
273
1
  9

274
1
275
1
276
1
 42
1.0
 72
1
  3

 73
1
 74
1
 75
1
 94
63
  0
MLINESTYLE
  5
22
102
{ACAD_REACTORS
330
10
102
}
330
10
100
AcDbMlineStyle
  2
Standard
 70
0
  3

 62
256
 51
90.0
 52
90.0
 71
2
 49
0.5
 62
256
  6
BYLAYER
 49
-0.5
 62
256
  6
BYLAYER
  0
MLEADERSTYLE
  5
2C
102
{ACAD_REACTORS
330
F
102
}
330
F
100
AcDbMLeaderStyle
179
2
170
2
171
1
172
0
 90
2
 40
0.0
 41
0.0
173
1
 91
-1056964608
 92
-2
290
1
 42
2.0
291
1
 43
8.0
  3
Standard
 44
4.0
300

342
29
174
1
175
1
176
0
178
1
 93
-1056964608
 45
4.0
292
0
297
0
 46
4.0
 94
-1056964608
 47
1.0
 49
1.0
140
1.0
294
1
141
0.0
177
0
142
1.0
295
0
296
0
143
3.75
271
0
272
9
273
9
  0
DICTIONARY
  5
2D
330
A
100
AcDbDictionary
280
1
281
1
  3
CREATED_BY_EZDXF
350
2E
  3
WRITTEN_BY_EZDXF
350
FCF
  0
DICTIONARYVAR
  5
2E
330
2D
100
DictionaryVariables
280
0
  1
1.4.4 @ 2026-08-30T08:20:08.769336+00:00
  0
DICTIONARYVAR
  5
FCF
330
2D
100
DictionaryVariables
280
0
  1
1.4.4 @ 2026-08-30T08:20:09.744805+00:00
  0
ENDSEC
  0
EOF
