999
dxfrw 0.6.3
  0
SECTION
  2
HEADER
  9
$ACADVER
  1
AC1021
  9
$DWGCODEPAGE
  3
ANSI_1252
  9
$INSBASE
 10
0
 20
0
 30
0
  9
$EXTMIN
 10
-69.20397994500983
 20
-67.75476951484329
 30
0
  9
$EXTMAX
 10
65.96378671063611
 20
67.66666666666667
 30
0
  9
$LIMMIN
 10
0
 20
0
  9
$LIMMAX
 10
420
 20
297
  9
$ORTHOMODE
 70
    0
  9
$REGENMODE
 70
    1
  9
$FILLMODE
 70
    1
  9
$QTEXTMODE
 70
    0
  9
$MIRRTEXT
 70
    1
  9
$LTSCALE
 40
1
  9
$ATTMODE
 70
    1
  9
$TEXTSIZE
 40
2.5
  9
$TRACEWID
 40
1
  9
$TEXTSTYLE
  7
Standard
  9
$CLAYER
  8
polarSpd
  9
$CELTYPE
  6
ByLayer
  9
$CECOLOR
 62
  256
  9
$CELTSCALE
 40
1
  9
$DISPSILH
 70
    0
  9
$DIMSCALE
 40
1
  9
$DIMASZ
 40
2.5
  9
$DIMEXO
 40
0.625
  9
$DIMDLI
 40
3.75
  9
$DIMRND
 40
0
  9
$DIMDLE
 40
0
  9
$DIMEXE
 40
1.25
  9
$DIMTP
 40
0
  9
$DIMTM
 40
0
  9
$DIMTXT
 40
2.5
  9
$DIMCEN
 40
2.5
  9
$DIMTSZ
 40
0
  9
$DIMTOL
 70
    0
  9
$DIMLIM
 70
    0
  9
$DIMTIH
 70
    0
  9
$DIMTOH
 70
    0
  9
$DIMSE1
 70
    0
  9
$DIMSE2
 70
    0
  9
$DIMTAD
 70
    1
  9
$DIMZIN
 70
    8
  9
$DIMBLK
  1

  9
$DIMASO
 70
    1
  9
$DIMSHO
 70
    1
  9
$DIMPOST
  1

  9
$DIMAPOST
  1

  9
$DIMALT
 70
    0
  9
$DIMALTD
 70
    3
  9
$DIMALTF
 40
0.03937007874
  9
$DIMLFAC
 40
1
  9
$DIMTOFL
 70
    1
  9
$DIMTVP
 40
0
  9
$DIMTIX
 70
    0
  9
$DIMSOXD
 70
    0
  9
$DIMSAH
 70
    0
  9
$DIMBLK1
  1

  9
$DIMBLK2
  1

  9
$DIMSTYLE
  2
ISO-25
  9
$DIMCLRD
 70
    0
  9
$DIMCLRE
 70
    0
  9
$DIMCLRT
 70
    0
  9
$DIMTFAC
 40
1
  9
$DIMGAP
 40
0.625
  9
$DIMJUST
 70
    0
  9
$DIMSD1
 70
    0
  9
$DIMSD2
 70
    0
  9
$DIMTOLJ
 70
    0
  9
$DIMTZIN
 70
    8
  9
$DIMALTZ
 70
    0
  9
$DIMALTTZ
 70
    0
  9
$DIMUPT
 70
    0
  9
$DIMDEC
 70
    2
  9
$DIMTDEC
 70
    2
  9
$DIMALTU
 70
    2
  9
$DIMALTTD
 70
    3
  9
$DIMTXSTY
  7
Standard
  9
$DIMAUNIT
 70
    0
  9
$DIMADEC
 70
    0
  9
$DIMALTRND
 40
0
  9
$DIMAZIN
 70
    0
  9
$DIMDSEP
 70
   44
  9
$DIMATFIT
 70
    3
  9
$DIMFRAC
 70
    0
  9
$DIMLDRBLK
  1

  9
$DIMLUNIT
 70
    2
  9
$DIMLWD
 70
   -2
  9
$DIMLWE
 70
   -2
  9
$DIMTMOVE
 70
    0
  9
$DIMFXL
 40
1
  9
$DIMFXLON
 70
    0
  9
$DIMJOGANG
 40
0.785398163397
  9
$DIMTFILL
 70
    0
  9
$DIMTFILLCLR
 70
    0
  9
$DIMARCSYM
 70
    0
  9
$DIMLTYPE
  6

  9
$DIMLTEX1
  6

  9
$DIMLTEX2
  6

  9
$LUNITS
 70
    2
  9
$LUPREC
 70
    4
  9
$SKETCHINC
 40
1
  9
$FILLETRAD
 40
10
  9
$AUNITS
 70
    0
  9
$AUPREC
 70
    2
  9
$MENU
  1
.
  9
$ELEVATION
 40
0
  9
$PELEVATION
 40
0
  9
$THICKNESS
 40
0
  9
$LIMCHECK
 70
    0
  9
$CHAMFERA
 40
0
  9
$CHAMFERB
 40
0
  9
$CHAMFERC
 40
0
  9
$CHAMFERD
 40
0
  9
$SKPOLY
 70
    0
  9
$USRTIMER
 70
    1
  9
$ANGBASE
 50
0
  9
$ANGDIR
 70
    0
  9
$PDMODE
 70
    0
  9
$PDSIZE
 40
0
  9
$PLINEWID
 40
0
  9
$SPLFRAME
 70
    0
  9
$SPLINETYPE
 70
    6
  9
$SPLINESEGS
 70
    8
  9
$HANDSEED
  5
20000
  9
$SURFTAB1
 70
    6
  9
$SURFTAB2
 70
    6
  9
$SURFTYPE
 70
    6
  9
$SURFU
 70
    6
  9
$SURFV
 70
    6
  9
$UCSBASE
  2

  9
$UCSNAME
  2

  9
$UCSORG
 10
0
 20
0
 30
0
  9
$UCSXDIR
 10
1
 20
0
 30
0
  9
$UCSYDIR
 10
0
 20
1
 30
0
  9
$UCSORTHOREF
  2

  9
$UCSORTHOVIEW
 70
    0
  9
$UCSORGTOP
 10
0
 20
0
 30
0
  9
$UCSORGBOTTOM
 10
0
 20
0
 30
0
  9
$UCSORGLEFT
 10
0
 20
0
 30
0
  9
$UCSORGRIGHT
 10
0
 20
0
 30
0
  9
$UCSORGFRONT
 10
0
 20
0
 30
0
  9
$UCSORGBACK
 10
0
 20
0
 30
0
  9
$PUCSBASE
  2

  9
$PUCSNAME
  2

  9
$PUCSORG
 10
0
 20
0
 30
0
  9
$PUCSXDIR
 10
1
 20
0
 30
0
  9
$PUCSYDIR
 10
0
 20
1
 30
0
  9
$PUCSORTHOREF
  2

  9
$PUCSORTHOVIEW
 70
    0
  9
$PUCSORGTOP
 10
0
 20
0
 30
0
  9
$PUCSORGBOTTOM
 10
0
 20
0
 30
0
  9
$PUCSORGLEFT
 10
0
 20
0
 30
0
  9
$PUCSORGRIGHT
 10
0
 20
0
 30
0
  9
$PUCSORGFRONT
 10
0
 20
0
 30
0
  9
$PUCSORGBACK
 10
0
 20
0
 30
0
  9
$USERI1
 70
    0
  9
$USERI2
 70
    0
  9
$USERI3
 70
    0
  9
$USERI4
 70
    0
  9
$USERI5
 70
    0
  9
$USERR1
 40
0
  9
$USERR2
 40
0
  9
$USERR3
 40
0
  9
$USERR4
 40
0
  9
$USERR5
 40
0
  9
$WORLDVIEW
 70
    1
  9
$SHADEDGE
 70
    3
  9
$SHADEDIF
 70
   70
  9
$TILEMODE
 70
    1
  9
$MAXACTVP
 70
   64
  9
$PINSBASE
 10
213.5528215211379
 20
148.5966034036967
 30
0
  9
$PLIMCHECK
 70
    0
  9
$PEXTMIN
 10
1e+20
 20
1e+20
 30
1e+20
  9
$PEXTMAX
 10
-1e+20
 20
-1e+20
 30
-1e+20
  9
$GRIDMODE
 70
    0
  9
$SNAPSTYLE
 70
    0
  9
$PLIMMIN
 10
0
 20
0
  9
$PLIMMAX
 10
420
 20
297
  9
$UNITMODE
 70
    0
  9
$VISRETAIN
 70
    1
  9
$PLINEGEN
 70
    0
  9
$PSLTSCALE
 70
    1
  9
$TREEDEPTH
 70
 3020
  9
$CMLSTYLE
  2
Standard
  9
$CMLJUST
 70
    0
  9
$CMLSCALE
 40
20
  9
$PROXYGRAPHICS
 70
    1
  9
$MEASUREMENT
 70
    1
  9
$CELWEIGHT
370
   -1
  9
$ENDCAPS
280
    0
  9
$JOINSTYLE
280
    0
  9
$LWDISPLAY
290
    0
  9
$INSUNITS
 70
    6
  9
$HYPERLINKBASE
  1

  9
$STYLESHEET
  1

  9
$XEDIT
290
    1
  9
$CEPSNTYPE
380
    0
  9
$PSTYLEMODE
290
    1
  9
$EXTNAMES
290
    1
  9
$PSVPSCALE
 40
2.19297
  9
$OLESTARTUP
290
    0
  9
$SORTENTS
280
  127
  9
$INDEXCTL
280
    0
  9
$HIDETEXT
280
    1
  9
$XCLIPFRAME
290
    2
  9
$HALOGAP
280
    0
  9
$OBSCOLOR
 70
  257
  9
$OBSLTYPE
280
    0
  9
$INTERSECTIONDISPLAY
280
    0
  9
$INTERSECTIONCOLOR
 70
  257
  9
$DIMASSOC
280
    2
  9
$PROJECTNAME
  1

  9
$CAMERADISPLAY
290
    0
  9
$LENSLENGTH
 40
50
  9
$CAMERAHEIGHT
 40
0
  9
$STEPSPERSEC
 40
24
  9
$STEPSIZE
 40
100
  9
$3DDWFPREC
 40
2
  9
$PSOLWIDTH
 40
0.005
  9
$PSOLHEIGHT
 40
0.08
  9
$LOFTANG1
 40
1.570796326795
  9
$LOFTANG2
 40
1.570796326795
  9
$LOFTMAG1
 40
0
  9
$LOFTMAG2
 40
0
  9
$LOFTPARAM
 70
    7
  9
$LOFTNORMALS
280
    1
  9
$LATITUDE
 40
37.795
  9
$LONGITUDE
 40
-122.394
  9
$NORTHDIRECTION
 40
0
  9
$TIMEZONE
 70
-8000
  9
$LIGHTGLYPHDISPLAY
280
    1
  9
$TILEMODELIGHTSYNCH
280
    1
  9
$SOLIDHIST
280
    0
  9
$SHOWHIST
280
    1
  9
$DWFFRAME
280
    2
  9
$DGNFRAME
280
    2
  9
$REALWORLDSCALE
290
    1
  9
$INTERFERECOLOR
 62
  256
  9
$CSHADOW
280
    0
  9
$SHADOWPLANELOCATION
 40
0
  0
ENDSEC
  0
SECTION
  2
CLASSES
  0
ENDSEC
  0
SECTION
  2
TABLES
  0
TABLE
  2
VPORT
  5
8
330
0
100
AcDbSymbolTable
 70
    1
  0
VPORT
  5
31
330
2
100
AcDbSymbolTableRecord
100
AcDbViewportTableRecord
  2
*ACTIVE
 70
    0
 10
0
 20
0
 11
1
 21
1
 12
41.04439825007493
 22
34.69129383662138
 13
0
 23
0
 14
10
 24
10
 15
10
 25
10
 16
0
 26
0
 36
1
 17
0
 27
0
 37
0
 40
138.7651753464855
 41
1.206024096385542
 42
50
 43
0
 44
0
 50
0
 51
0
 71
    0
 72
  100
 73
    1
 74
    3
 75
    0
 76
    0
 77
    0
 78
    0
281
    0
 65
    1
110
0
120
0
130
0
111
1
121
0
131
0
112
0
122
1
132
0
 79
    0
146
0
348
10020
 60
    7
 61
    5
292
1
282
    1
141
0
142
0
 63
  250
421
3358443
  0
ENDTAB
  0
TABLE
  2
LTYPE
  5
5
330
0
100
AcDbSymbolTable
 70
    4
  0
LTYPE
  5
14
330
5
100
AcDbSymbolTableRecord
100
AcDbLinetypeTableRecord
  2
ByBlock
 70
    0
  3

 72
   65
 73
    0
 40
0
  0
LTYPE
  5
15
330
5
100
AcDbSymbolTableRecord
100
AcDbLinetypeTableRecord
  2
ByLayer
 70
    0
  3

 72
   65
 73
    0
 40
0
  0
LTYPE
  5
16
330
5
100
AcDbSymbolTableRecord
100
AcDbLinetypeTableRecord
  2
Continuous
 70
    0
  3
Solid line
 72
   65
 73
    0
 40
0
  0
LTYPE
  5
32
330
5
100
AcDbSymbolTableRecord
100
AcDbLinetypeTableRecord
  2
DOT
 70
    0
  3
Dot . . . . . . . . . . . . . . . . . . . . . .
 72
   65
 73
    2
 40
6.35
 49
0
 74
    0
 49
-6.35
 74
    0
  0
LTYPE
  5
33
330
5
100
AcDbSymbolTableRecord
100
AcDbLinetypeTableRecord
  2
DOTTINY
 70
    0
  3
Dot (.15x) .....................................
 72
   65
 73
    2
 40
0.9525
 49
0
 74
    0
 49
-0.9525
 74
    0
  0
LTYPE
  5
34
330
5
100
AcDbSymbolTableRecord
100
AcDbLinetypeTableRecord
  2
DOT2
 70
    0
  3
Dot (.5x) .....................................
 72
   65
 73
    2
 40
3.175
 49
0
 74
    0
 49
-3.175
 74
    0
  0
LTYPE
  5
35
330
5
100
AcDbSymbolTableRecord
100
AcDbLinetypeTableRecord
  2
DOTX2
 70
    0
  3
Dot (2x) .  .  .  .  .  .  .  .  .  .  .  .  .
 72
   65
 73
    2
 40
12.7
 49
0
 74
    0
 49
-12.7
 74
    0
  0
LTYPE
  5
36
330
5
100
AcDbSymbolTableRecord
100
AcDbLinetypeTableRecord
  2
DASHED
 70
    0
  3
Dashed _ _ _ _ _ _ _ _ _ _ _ _ _ _ _ _ _
 72
   65
 73
    2
 40
19.05
 49
12.7
 74
    0
 49
-6.35
 74
    0
  0
LTYPE
  5
37
330
5
100
AcDbSymbolTableRecord
100
AcDbLinetypeTableRecord
  2
DASHEDTINY
 70
    0
  3
Dashed (.15x) _ _ _ _ _ _ _ _ _ _ _ _ _ _ _ _ _
 72
   65
 73
    2
 40
2.8575
 49
1.905
 74
    0
 49
-0.9525
 74
    0
  0
LTYPE
  5
38
330
5
100
AcDbSymbolTableRecord
100
AcDbLinetypeTableRecord
  2
DASHED2
 70
    0
  3
Dashed (.5x) _ _ _ _ _ _ _ _ _ _ _ _ _ _ _ _ _
 72
   65
 73
    2
 40
9.524999999999999
 49
6.35
 74
    0
 49
-3.175
 74
    0
  0
LTYPE
  5
39
330
5
100
AcDbSymbolTableRecord
100
AcDbLinetypeTableRecord
  2
DASHEDX2
 70
    0
  3
Dashed (2x) ____  ____  ____  ____  ____  ___
 72
   65
 73
    2
 40
38.09999999999999
 49
25.4
 74
    0
 49
-12.7
 74
    0
  0
LTYPE
  5
3A
330
5
100
AcDbSymbolTableRecord
100
AcDbLinetypeTableRecord
  2
DASHDOT
 70
    0
  3
Dash dot __ . __ . __ . __ . __ . __ . __ . __
 72
   65
 73
    4
 40
25.4
 49
12.7
 74
    0
 49
-6.35
 74
    0
 49
0
 74
    0
 49
-6.35
 74
    0
  0
LTYPE
  5
3B
330
5
100
AcDbSymbolTableRecord
100
AcDbLinetypeTableRecord
  2
DASHDOTTINY
 70
    0
  3
Dash dot (.15x) _._._._._._._._._._._._._._._.
 72
   65
 73
    4
 40
3.81
 49
1.905
 74
    0
 49
-0.9525
 74
    0
 49
0
 74
    0
 49
-0.9525
 74
    0
  0
LTYPE
  5
3C
330
5
100
AcDbSymbolTableRecord
100
AcDbLinetypeTableRecord
  2
DASHDOT2
 70
    0
  3
Dash dot (.5x) _._._._._._._._._._._._._._._.
 72
   65
 73
    4
 40
12.7
 49
6.35
 74
    0
 49
-3.175
 74
    0
 49
0
 74
    0
 49
-3.175
 74
    0
  0
LTYPE
  5
3D
330
5
100
AcDbSymbolTableRecord
100
AcDbLinetypeTableRecord
  2
DASHDOTX2
 70
    0
  3
Dash dot (2x) ____  .  ____  .  ____  .  ___
 72
   65
 73
    4
 40
50.8
 49
25.4
 74
    0
 49
-12.7
 74
    0
 49
0
 74
    0
 49
-12.7
 74
    0
  0
LTYPE
  5
3E
330
5
100
AcDbSymbolTableRecord
100
AcDbLinetypeTableRecord
  2
DIVIDE
 70
    0
  3
Divide ____ . . ____ . . ____ . . ____ . . ____
 72
   65
 73
    6
 40
31.75
 49
12.7
 74
    0
 49
-6.35
 74
    0
 49
0
 74
    0
 49
-6.35
 74
    0
 49
0
 74
    0
 49
-6.35
 74
    0
  0
LTYPE
  5
3F
330
5
100
AcDbSymbolTableRecord
100
AcDbLinetypeTableRecord
  2
DIVIDETINY
 70
    0
  3
Divide (.15x) __..__..__..__..__..__..__..__.._
 72
   65
 73
    6
 40
4.7625
 49
1.905
 74
    0
 49
-0.9525
 74
    0
 49
0
 74
    0
 49
-0.9525
 74
    0
 49
0
 74
    0
 49
-0.9525
 74
    0
  0
LTYPE
  5
40
330
5
100
AcDbSymbolTableRecord
100
AcDbLinetypeTableRecord
  2
DIVIDE2
 70
    0
  3
Divide (.5x) __..__..__..__..__..__..__..__.._
 72
   65
 73
    6
 40
15.875
 49
6.35
 74
    0
 49
-3.175
 74
    0
 49
0
 74
    0
 49
-3.175
 74
    0
 49
0
 74
    0
 49
-3.175
 74
    0
  0
LTYPE
  5
41
330
5
100
AcDbSymbolTableRecord
100
AcDbLinetypeTableRecord
  2
DIVIDEX2
 70
    0
  3
Divide (2x) ________  .  .  ________  .  .  _
 72
   65
 73
    6
 40
63.5
 49
25.4
 74
    0
 49
-12.7
 74
    0
 49
0
 74
    0
 49
-12.7
 74
    0
 49
0
 74
    0
 49
-12.7
 74
    0
  0
LTYPE
  5
42
330
5
100
AcDbSymbolTableRecord
100
AcDbLinetypeTableRecord
  2
BORDER
 70
    0
  3
Border __ __ . __ __ . __ __ . __ __ . __ __ .
 72
   65
 73
    6
 40
44.45
 49
12.7
 74
    0
 49
-6.35
 74
    0
 49
12.7
 74
    0
 49
-6.35
 74
    0
 49
0
 74
    0
 49
-6.35
 74
    0
  0
LTYPE
  5
43
330
5
100
AcDbSymbolTableRecord
100
AcDbLinetypeTableRecord
  2
BORDERTINY
 70
    0
  3
Border (.15x) __.__.__.__.__.__.__.__.__.__.__.
 72
   65
 73
    6
 40
6.6675
 49
1.905
 74
    0
 49
-0.9525
 74
    0
 49
1.905
 74
    0
 49
-0.9525
 74
    0
 49
0
 74
    0
 49
-0.9525
 74
    0
  0
LTYPE
  5
44
330
5
100
AcDbSymbolTableRecord
100
AcDbLinetypeTableRecord
  2
BORDER2
 70
    0
  3
Border (.5x) __.__.__.__.__.__.__.__.__.__.__.
 72
   65
 73
    6
 40
22.225
 49
6.35
 74
    0
 49
-3.175
 74
    0
 49
6.35
 74
    0
 49
-3.175
 74
    0
 49
0
 74
    0
 49
-3.175
 74
    0
  0
LTYPE
  5
45
330
5
100
AcDbSymbolTableRecord
100
AcDbLinetypeTableRecord
  2
BORDERX2
 70
    0
  3
Border (2x) ____  ____  .  ____  ____  .  ___
 72
   65
 73
    6
 40
88.89999999999999
 49
25.4
 74
    0
 49
-12.7
 74
    0
 49
25.4
 74
    0
 49
-12.7
 74
    0
 49
0
 74
    0
 49
-12.7
 74
    0
  0
LTYPE
  5
46
330
5
100
AcDbSymbolTableRecord
100
AcDbLinetypeTableRecord
  2
CENTER
 70
    0
  3
Center ____ _ ____ _ ____ _ ____ _ ____ _ ____
 72
   65
 73
    4
 40
50.8
 49
31.75
 74
    0
 49
-6.35
 74
    0
 49
6.35
 74
    0
 49
-6.35
 74
    0
  0
LTYPE
  5
47
330
5
100
AcDbSymbolTableRecord
100
AcDbLinetypeTableRecord
  2
CENTERTINY
 70
    0
  3
Center (.15x) ___ _ ___ _ ___ _ ___ _ ___ _ ___
 72
   65
 73
    4
 40
7.619999999999999
 49
4.7625
 74
    0
 49
-0.9525
 74
    0
 49
0.9525
 74
    0
 49
-0.9525
 74
    0
  0
LTYPE
  5
48
330
5
100
AcDbSymbolTableRecord
100
AcDbLinetypeTableRecord
  2
CENTER2
 70
    0
  3
Center (.5x) ___ _ ___ _ ___ _ ___ _ ___ _ ___
 72
   65
 73
    4
 40
28.575
 49
19.05
 74
    0
 49
-3.175
 74
    0
 49
3.175
 74
    0
 49
-3.175
 74
    0
  0
LTYPE
  5
49
330
5
100
AcDbSymbolTableRecord
100
AcDbLinetypeTableRecord
  2
CENTERX2
 70
    0
  3
Center (2x) ________  __  ________  __  _____
 72
   65
 73
    4
 40
101.6
 49
63.5
 74
    0
 49
-12.7
 74
    0
 49
12.7
 74
    0
 49
-12.7
 74
    0
  0
ENDTAB
  0
TABLE
  2
LAYER
  5
2
330
0
100
AcDbSymbolTable
 70
    1
  0
LAYER
  5
10
330
2
100
AcDbSymbolTableRecord
100
AcDbLayerTableRecord
  2
0
 70
    0
 62
    7
  6
CONTINUOUS
370
   -3
390
F
  0
LAYER
  5
4A
330
2
100
AcDbSymbolTableRecord
100
AcDbLayerTableRecord
  2
Compass
 70
    0
 62
    1
  6
CONTINUOUS
370
   -3
390
F
  0
LAYER
  5
4B
330
2
100
AcDbSymbolTableRecord
100
AcDbLayerTableRecord
  2
CompassNumbers
 70
    0
 62
    1
  6
CONTINUOUS
370
   -3
390
F
  0
LAYER
  5
4C
330
2
100
AcDbSymbolTableRecord
100
AcDbLayerTableRecord
  2
Defpoints
 70
    0
 62
    7
  6
CONTINUOUS
290
0
370
   -3
390
F
  0
LAYER
  5
4D
330
2
100
AcDbSymbolTableRecord
100
AcDbLayerTableRecord
  2
InnerRing
 70
    0
 62
  253
420
10526884
  6
CONTINUOUS
370
   -3
390
F
  0
LAYER
  5
4E
330
2
100
AcDbSymbolTableRecord
100
AcDbLayerTableRecord
  2
Numbers
 70
    0
 62
  253
420
10526884
  6
CONTINUOUS
370
   -3
390
F
  0
LAYER
  5
4F
330
2
100
AcDbSymbolTableRecord
100
AcDbLayerTableRecord
  2
OuterRing
 70
    0
 62
  253
420
10526884
  6
CONTINUOUS
370
   -3
390
F
  0
LAYER
  5
50
330
2
100
AcDbSymbolTableRecord
100
AcDbLayerTableRecord
  2
awaAngle
 70
    0
 62
    6
  6
CONTINUOUS
370
   -3
390
F
  0
LAYER
  5
51
330
2
100
AcDbSymbolTableRecord
100
AcDbLayerTableRecord
  2
awaSpeed
 70
    0
 62
    6
  6
CONTINUOUS
370
   -3
390
F
  0
LAYER
  5
52
330
2
100
AcDbSymbolTableRecord
100
AcDbLayerTableRecord
  2
polarSpd
 70
    0
 62
   56
420
8421376
  6
CONTINUOUS
370
   -3
390
F
  0
ENDTAB
  0
TABLE
  2
STYLE
  5
3
330
0
100
AcDbSymbolTable
 70
    3
  0
STYLE
  5
53
330
2
100
AcDbSymbolTableRecord
100
AcDbTextStyleTableRecord
  2
opensans-italic
 70
    0
 40
0
 41
1
 50
0
 71
    0
 42
1
  3
opensans-italic
  4

  0
STYLE
  5
54
330
2
100
AcDbSymbolTableRecord
100
AcDbTextStyleTableRecord
  2
Standard
 70
    0
 40
0
 41
1
 50
0
 71
    0
 42
1
  3
txt
  4

  0
ENDTAB
  0
TABLE
  2
VIEW
  5
6
330
0
100
AcDbSymbolTable
 70
    0
  0
ENDTAB
  0
TABLE
  2
UCS
  5
7
330
0
100
AcDbSymbolTable
 70
    0
  0
ENDTAB
  0
TABLE
  2
APPID
  5
9
330
0
100
AcDbSymbolTable
 70
    1
  0
APPID
  5
12
330
9
100
AcDbSymbolTableRecord
100
AcDbRegAppTableRecord
  2
ACAD
 70
    0
  0
APPID
  5
55
330
9
100
AcDbSymbolTableRecord
100
AcDbRegAppTableRecord
  2
LibreCad
 70
    0
  0
ENDTAB
  0
TABLE
  2
DIMSTYLE
  5
A
330
0
100
AcDbSymbolTable
 70
    1
100
AcDbDimStyleTable
 71
    1
  0
DIMSTYLE
105
56
330
A
100
AcDbSymbolTableRecord
100
AcDbDimStyleTableRecord
  2
Standard
 70
    0
 40
1
 41
2.5
 42
0.625
 43
0.38
 44
1.25
 45
0
 46
0
 47
0
 48
0
 49
1
140
2.5
141
0.09
142
0
143
25.4
144
1
145
0
146
1
147
0.625
148
0
 71
    0
 72
    0
 73
    0
 74
    1
 75
    0
 76
    0
 77
    0
 78
    8
 79
    0
170
    0
171
    2
172
    0
173
    0
174
    0
175
    0
176
    0
177
    0
178
    0
179
    0
271
    2
272
    4
273
    2
274
    2
275
    0
276
    0
277
    2
278
   44
279
    0
280
    0
281
    0
282
    0
283
    1
284
    0
285
    0
286
    0
288
    0
289
    3
340
Standard
341

371
   -2
372
   -2
  0
ENDTAB
  0
TABLE
  2
BLOCK_RECORD
  5
1
330
0
100
AcDbSymbolTable
 70
    2
  0
BLOCK_RECORD
  5
1F
330
1
100
AcDbSymbolTableRecord
100
AcDbBlockTableRecord
  2
*Model_Space
 70
    0
280
    1
281
    0
  0
BLOCK_RECORD
  5
1E
330
1
100
AcDbSymbolTableRecord
100
AcDbBlockTableRecord
  2
*Paper_Space
 70
    0
280
    1
281
    0
  0
ENDTAB
  0
ENDSEC
  0
SECTION
  2
BLOCKS
  0
BLOCK
  5
20
330
1F
100
AcDbEntity
  8
0
100
AcDbBlockBegin
  2
*Model_Space
 70
    0
 10
0
 20
0
 30
0
  3
*Model_Space
  1

  0
ENDBLK
  5
21
330
1F
100
AcDbEntity
  8
0
100
AcDbBlockEnd
  0
BLOCK
  5
1C
330
1B
100
AcDbEntity
  8
0
100
AcDbBlockBegin
  2
*Paper_Space
 70
    0
 10
0
 20
0
 30
0
  3
*Paper_Space
  1

  0
ENDBLK
  5
1D
330
1F
100
AcDbEntity
  8
0
100
AcDbBlockEnd
  0
ENDSEC
  0
SECTION
  2
ENTITIES
  0
LWPOLYLINE
  5
57
100
AcDbEntity
  8
polarSpd
  6
ByLayer
 62
  256
370
   -1
100
AcDbPolyline
 90
   73
 70
    0
 43
0
 10
0
 20
0
 10
0.4580221981847556
 20
5.235217681077481
 10
1.776905947583666
 20
10.07733439570182
 10
3.86487607899486
 20
14.4239138917664
 10
6.619812951761608
 20
18.18778660597826
 10
9.931404390117292
 20
21.29796544498554
 10
13.68336707152497
 20
23.70028698649621
 10
17.75570460254243
 20
25.35777413642275
 10
22.02696947228805
 20
26.25072000256228
 10
26.37649643612546
 20
26.37649643612545
 10
30.71680291224592
 20
25.77445799461075
 10
34.67503326345927
 20
24.27971967874661
 10
38.09401487672319
 20
21.99358974358974
 10
41.03263722971735
 20
19.13383297451311
 10
43.39452333424155
 20
15.79431482383408
 10
45.08698727702744
 20
12.0810218300318
 10
46.19758420861115
 20
8.145880539529461
 10
46.79294658007758
 20
4.093852358730943
 10
46.98076923076923
 20
0
 10
47.08895795871731
 20
-4.1197499986366
 10
47.00037087052175
 20
-8.287433487777188
 10
46.38959398026822
 20
-12.43005424422054
 10
44.96067770221808
 20
-16.36434839604353
 10
42.71481371430218
 20
-19.91824475164327
 10
39.87602868835656
 20
-23.02243589743589
 10
36.52367922600327
 20
-25.57415551720087
 10
32.75723891767998
 20
-27.48658709421132
 10
28.69675020315406
 20
-28.69675020315405
 10
24.46301306864734
 20
-29.15388371023957
 10
20.44755057266696
 20
-29.20212859311289
 10
16.67895299145298
 20
-28.88879399824948
 10
13.17882673470891
 20
-28.26208513677966
 10
9.961945684586828
 20
-27.37022082223572
 10
7.036504530687875
 20
-26.26059241621575
 10
4.404467292724991
 20
-24.97897528233207
 10
2.062003067556241
 20
-23.56880291062217
 10
1.351429144059082e-15
 20
-22.07051282051282
 10
-2.062003067556243
 20
-23.56880291062217
 10
-4.404467292724988
 20
-24.97897528233207
 10
-7.036504530687878
 20
-26.26059241621575
 10
-9.961945684586825
 20
-27.37022082223572
 10
-13.17882673470891
 20
-28.26208513677966
 10
-16.67895299145297
 20
-28.88879399824948
 10
-20.44755057266696
 20
-29.20212859311288
 10
-24.46301306864734
 20
-29.15388371023957
 10
-28.69675020315405
 20
-28.69675020315406
 10
-32.75723891767998
 20
-27.48658709421133
 10
-36.52367922600328
 20
-25.57415551720087
 10
-39.87602868835656
 20
-23.02243589743589
 10
-42.71481371430218
 20
-19.91824475164327
 10
-44.96067770221808
 20
-16.36434839604354
 10
-46.38959398026822
 20
-12.43005424422055
 10
-47.00037087052175
 20
-8.287433487777184
 10
-47.08895795871731
 20
-4.119749998636602
 10
-46.98076923076923
 20
-5.753484865994199e-15
 10
-46.79294658007758
 20
4.093852358730933
 10
-46.19758420861115
 20
8.145880539529468
 10
-45.08698727702744
 20
12.08102183003181
 10
-43.39452333424155
 20
15.79431482383408
 10
-41.03263722971736
 20
19.1338329745131
 10
-38.09401487672319
 20
21.99358974358974
 10
-34.67503326345927
 20
24.27971967874661
 10
-30.71680291224592
 20
25.77445799461075
 10
-26.37649643612546
 20
26.37649643612545
 10
-22.02696947228806
 20
26.25072000256227
 10
-17.75570460254243
 20
25.35777413642274
 10
-13.68336707152498
 20
23.7002869864962
 10
-9.931404390117285
 20
21.29796544498554
 10
-6.619812951761602
 20
18.18778660597826
 10
-3.864876078994858
 20
14.4239138917664
 10
-1.776905947583665
 20
10.07733439570182
 10
-0.4580221981847562
 20
5.235217681077481
 10
-0
 20
0
  0
LWPOLYLINE
  5
58
100
AcDbEntity
  8
polarSpd
  6
ByLayer
 62
  256
370
   -1
100
AcDbPolyline
 90
   73
 70
    0
 43
0
 10
0
 20
0
 10
0.4381191508653907
 20
5.007724809232806
 10
1.687872635540034
 20
9.57240139176842
 10
3.644082299583878
 20
13.59990028900946
 10
6.192479442327182
 20
17.01369743823088
 10
9.212194225864829
 20
19.75561427044532
 10
12.57829129281284
 20
21.78623959155305
 10
16.16431357951711
 20
23.08503221894185
 10
19.84479662296378
 20
23.65010766971853
 10
23.5078223231163
 20
23.5078223231163
 10
27.02528451091489
 20
22.67690626556974
 10
30.19507279727008
 20
21.14281758943946
 10
32.94643759685704
 20
19.02163461538461
 10
35.28338336973408
 20
16.45291187092572
 10
37.15400054491977
 20
13.52295028226106
 10
38.50032900583492
 20
10.31613206544599
 10
39.40177942580574
 20
6.94759680069324
 10
39.93679089549451
 20
3.494016460961104
 10
40.15384615384615
 20
0
 10
40.24889997157936
 20
-3.521322466902079
 10
40.14985454588233
 20
-7.079502627959467
 10
39.65520246220637
 20
-10.62557947544086
 10
38.58161048803682
 20
-14.04255780769813
 10
36.94453310214171
 20
-17.22751871248953
 10
34.83254100029141
 20
-20.11057692307692
 10
32.26785638906454
 20
-22.59419628549133
 10
29.32396071794732
 20
-24.60572462308664
 10
26.05416524525817
 20
-26.05416524525817
 10
22.49804997906127
 20
-26.81213188891036
 10
18.99175311473464
 20
-27.12303435534661
 10
15.66758241758243
 20
-27.13704877902558
 10
12.5180664365905
 20
-26.84508010466677
 10
9.565079820272011
 20
-26.27984082147842
 10
6.82599679391264
 20
-25.47496684718424
 10
4.313747251187462
 20
-24.46447636008531
 10
2.036932932763034
 20
-23.28224995869854
 10
1.344756389063728e-15
 20
-21.96153846153846
 10
-2.036932932763036
 20
-23.28224995869854
 10
-4.313747251187459
 20
-24.46447636008531
 10
-6.825996793912643
 20
-25.47496684718424
 10
-9.565079820272008
 20
-26.27984082147842
 10
-12.5180664365905
 20
-26.84508010466677
 10
-15.66758241758242
 20
-27.13704877902559
 10
-18.99175311473464
 20
-27.1230343553466
 10
-22.49804997906127
 20
-26.81213188891036
 10
-26.05416524525817
 20
-26.05416524525817
 10
-29.32396071794731
 20
-24.60572462308664
 10
-32.26785638906455
 20
-22.59419628549133
 10
-34.83254100029141
 20
-20.11057692307692
 10
-36.94453310214171
 20
-17.22751871248953
 10
-38.58161048803681
 20
-14.04255780769813
 10
-39.65520246220637
 20
-10.62557947544088
 10
-40.14985454588233
 20
-7.079502627959465
 10
-40.24889997157936
 20
-3.52132246690208
 10
-40.15384615384615
 20
-4.917427916576296e-15
 10
-39.93679089549451
 20
3.494016460961095
 10
-39.40177942580574
 20
6.947596800693246
 10
-38.50032900583492
 20
10.316132065446
 10
-37.15400054491977
 20
13.52295028226105
 10
-35.28338336973408
 20
16.45291187092572
 10
-32.94643759685703
 20
19.02163461538462
 10
-30.19507279727008
 20
21.14281758943946
 10
-27.02528451091489
 20
22.67690626556974
 10
-23.50782232311631
 20
23.5078223231163
 10
-19.84479662296378
 20
23.65010766971853
 10
-16.16431357951711
 20
23.08503221894184
 10
-12.57829129281285
 20
21.78623959155304
 10
-9.212194225864822
 20
19.75561427044532
 10
-6.192479442327177
 20
17.01369743823088
 10
-3.644082299583876
 20
13.59990028900946
 10
-1.687872635540034
 20
9.57240139176842
 10
-0.4381191508653913
 20
5.007724809232806
 10
-0
 20
0
  0
LWPOLYLINE
  5
59
100
AcDbEntity
  8
polarSpd
  6
ByLayer
 62
  256
370
   -1
100
AcDbPolyline
 90
   73
 70
    0
 43
0
 10
0
 20
0
 10
0.416081644805932
 20
4.755834962350772
 10
1.591398210476578
 20
9.025267738847973
 10
3.409031606752164
 20
12.72267916100724
 10
5.74421818821546
 20
15.78210976454251
 10
8.467134992851896
 20
18.15782958905954
 10
11.4457100591716
 20
19.82455135118738
 10
14.54841418641545
 20
20.77728872158793
 10
17.64699214593276
 20
21.03086628839717
 10
20.60692714384561
 20
20.60692714384561
 10
23.33569495195248
 20
19.58097302744884
 10
25.76383324345074
 20
18.04003025024213
 10
27.85604019942023
 20
16.08269230769231
 10
29.70227695808694
 20
13.8503992101967
 10
31.28453586739547
 20
11.38663984856534
 10
32.66292113218979
 20
8.752003339811704
 10
33.69557604152539
 20
5.941439186634663
 10
34.19558036139591
 20
2.991725624311861
 10
34.36153846153846
 20
0
 10
34.40176392751538
 20
-3.009764348952662
 10
34.24227060185139
 20
-6.037836187826686
 10
33.8134409565317
 20
-9.060284197620117
 10
33.05188083495051
 20
-12.02990081043554
 10
32.02637546530578
 20
-14.93414414241944
 10
30.57069675359069
 20
-17.65
 10
28.47586567672661
 20
-19.93901580389111
 10
25.94521484052311
 20
-21.77062020349823
 10
23.20670063024927
 20
-23.20670063024927
 10
20.33355074007984
 20
-24.23258214468681
 10
17.40051464229717
 20
-24.85051030268368
 10
14.54594683440837
 20
-25.19431896139096
 10
11.77429952844791
 20
-25.25006682290897
 10
9.109466353895334
 20
-25.02805311060905
 10
6.577546600613971
 20
-24.5477381026433
 10
4.202032091992667
 20
-23.83090820876817
 10
2.003610063835858
 20
-22.90136782398287
 10
1.333922975071271e-15
 20
-21.78461538461539
 10
-2.003610063835861
 20
-22.90136782398287
 10
-4.202032091992664
 20
-23.83090820876817
 10
-6.577546600613974
 20
-24.5477381026433
 10
-9.109466353895332
 20
-25.02805311060905
 10
-11.7742995284479
 20
-25.25006682290897
 10
-14.54594683440836
 20
-25.19431896139096
 10
-17.40051464229717
 20
-24.85051030268368
 10
-20.33355074007984
 20
-24.23258214468681
 10
-23.20670063024927
 20
-23.20670063024927
 10
-25.94521484052311
 20
-21.77062020349824
 10
-28.47586567672661
 20
-19.9390158038911
 10
-30.57069675359069
 20
-17.65
 10
-32.02637546530578
 20
-14.93414414241944
 10
-33.0518808349505
 20
-12.02990081043554
 10
-33.81344095653169
 20
-9.060284197620126
 10
-34.24227060185139
 20
-6.037836187826684
 10
-34.40176392751538
 20
-3.009764348952663
 10
-34.36153846153846
 20
-4.208074809070174e-15
 10
-34.19558036139591
 20
2.991725624311854
 10
-33.69557604152539
 20
5.941439186634667
 10
-32.66292113218979
 20
8.752003339811706
 10
-31.28453586739547
 20
11.38663984856534
 10
-29.70227695808694
 20
13.85039921019669
 10
-27.85604019942023
 20
16.08269230769231
 10
-25.76383324345074
 20
18.04003025024213
 10
-23.33569495195248
 20
19.58097302744884
 10
-20.60692714384562
 20
20.60692714384561
 10
-17.64699214593276
 20
21.03086628839717
 10
-14.54841418641546
 20
20.77728872158792
 10
-11.44571005917161
 20
19.82455135118738
 10
-8.467134992851891
 20
18.15782958905955
 10
-5.744218188215455
 20
15.78210976454251
 10
-3.409031606752162
 20
12.72267916100724
 10
-1.591398210476578
 20
9.025267738847973
 10
-0.4160816448059325
 20
4.755834962350772
 10
-0
 20
0
  0
LWPOLYLINE
  5
5A
100
AcDbEntity
  8
polarSpd
  6
ByLayer
 62
  256
370
   -1
100
AcDbPolyline
 90
   73
 70
    0
 43
0
 10
0
 20
0
 10
0.3860624347476315
 20
4.412713821296817
 10
1.469792660249581
 20
8.335608392680994
 10
3.132716410897231
 20
11.69145681117329
 10
5.24954205503856
 20
14.42299825869585
 10
7.690993423022968
 20
16.49338862126626
 10
10.3266533567647
 20
17.88628828606814
 10
13.02777458783441
 20
18.60559030990129
 10
15.66181550930598
 20
18.66502489976312
 10
18.0716006269006
 20
18.07160062690059
 10
20.25944151005946
 20
16.99968989894857
 10
22.25901044134146
 20
15.58592690411593
 10
24.02665351012212
 20
13.87179487179487
 10
25.66480164292019
 20
11.96769355112267
 10
27.11856524857794
 20
9.870350546488206
 10
28.36575087269602
 20
7.600580039041312
 10
29.3769415297584
 20
5.179947402391413
 10
30.13582088902834
 20
2.636542693837712
 10
30.59615384615384
 20
0
 10
30.64236620326234
 20
-2.680859666395364
 10
30.30861595848951
 20
-5.344226741412853
 10
29.7372417093821
 20
-7.968069901158032
 10
29.06421086725646
 20
-10.57850763811764
 10
28.40040358483325
 20
-13.24332568630042
 10
27.37972622733879
 20
-15.80769230769231
 10
25.72427068789437
 20
-18.01232825061071
 10
23.63199584130756
 20
-19.82959899442419
 10
21.26759626491847
 20
-21.26759626491847
 10
18.66306809091029
 20
-22.2417784461727
 10
15.91657145309359
 20
-22.73121979490404
 10
13.232338368702
 20
-22.91908235753494
 10
10.71030628012377
 20
-22.96832593850242
 10
8.30427152105135
 20
-22.81579848910867
 10
6.021615126266338
 20
-22.47297359485125
 10
3.872310886213654
 20
-21.96096632889122
 10
1.863573828073017
 20
-21.30074632493177
 10
1.25604799912549e-15
 20
-20.51282051282051
 10
-1.863573828073019
 20
-21.30074632493177
 10
-3.872310886213651
 20
-21.96096632889122
 10
-6.02161512626634
 20
-22.47297359485125
 10
-8.304271521051346
 20
-22.81579848910867
 10
-10.71030628012377
 20
-22.96832593850242
 10
-13.232338368702
 20
-22.91908235753494
 10
-15.91657145309359
 20
-22.73121979490404
 10
-18.66306809091029
 20
-22.2417784461727
 10
-21.26759626491847
 20
-21.26759626491847
 10
-23.63199584130755
 20
-19.82959899442419
 10
-25.72427068789437
 20
-18.01232825061071
 10
-27.37972622733879
 20
-15.80769230769231
 10
-28.40040358483325
 20
-13.24332568630042
 10
-29.06421086725646
 20
-10.57850763811764
 10
-29.7372417093821
 20
-7.96806990115804
 10
-30.30861595848951
 20
-5.344226741412852
 10
-30.64236620326234
 20
-2.680859666395365
 10
-30.59615384615384
 20
-3.746948187391229e-15
 10
-30.13582088902834
 20
2.636542693837705
 10
-29.3769415297584
 20
5.179947402391416
 10
-28.36575087269602
 20
7.600580039041315
 10
-27.11856524857794
 20
9.870350546488206
 10
-25.66480164292019
 20
11.96769355112267
 10
-24.02665351012212
 20
13.87179487179487
 10
-22.25901044134146
 20
15.58592690411593
 10
-20.25944151005946
 20
16.99968989894857
 10
-18.0716006269006
 20
18.07160062690059
 10
-15.66181550930598
 20
18.66502489976312
 10
-13.02777458783442
 20
18.60559030990128
 10
-10.3266533567647
 20
17.88628828606814
 10
-7.690993423022964
 20
16.49338862126626
 10
-5.249542055038556
 20
14.42299825869586
 10
-3.132716410897229
 20
11.69145681117329
 10
-1.46979266024958
 20
8.335608392680994
 10
-0.386062434747632
 20
4.412713821296817
 10
-0
 20
0
  0
LWPOLYLINE
  5
5B
100
AcDbEntity
  8
polarSpd
  6
ByLayer
 62
  256
370
   -1
100
AcDbPolyline
 90
   73
 70
    0
 43
0
 10
0
 20
0
 10
0.3519370045567948
 20
4.022658369361324
 10
1.336655989798333
 20
7.580552814026396
 10
2.841422205835058
 20
10.60433203793087
 10
4.747505063483424
 20
13.04366296066719
 10
6.93287784781715
 20
14.86760452369129
 10
9.274921701362365
 20
16.06463562298278
 10
11.65309250370464
 20
16.64234083154725
 10
13.92510591601807
 20
16.59529500266942
 10
15.95017176952236
 20
15.95017176952235
 10
17.7943257008028
 20
14.93121213259202
 10
19.5476831880186
 20
13.68743512278583
 10
21.14386748195689
 20
12.20741758241758
 10
22.63087684590836
 20
10.55295118400971
 10
23.96474340317469
 20
8.722453270582919
 10
25.11573001000322
 20
6.729739573498476
 10
26.07576132838368
 20
4.597860264708446
 10
26.85181458803875
 20
2.34922937155342
 10
27.38461538461538
 20
0
 10
27.59274579807208
 20
-2.414052452883882
 10
27.49435344879404
 20
-4.847996330157224
 10
27.14244937766332
 20
-7.272797391347515
 10
26.59020328048038
 20
-9.678042517182384
 10
25.8684892000182
 20
-12.06267461886836
 10
24.88633440545393
 20
-14.36813186813187
 10
23.63254368137129
 20
-16.54768523276642
 10
22.10923463153607
 20
-18.55185062493386
 10
20.24384551303574
 20
-20.24384551303574
 10
18.00177274398845
 20
-21.45367734071277
 10
15.51059515216266
 20
-22.151425549945
 10
12.94577919103225
 20
-22.42274730243578
 10
10.44242192295769
 20
-22.3938460806635
 10
8.087444038505868
 20
-22.22006987689776
 10
5.867321444457777
 20
-21.89714173505484
 10
3.768125529071384
 20
-21.37010180705989
 10
1.80731786393333
 20
-20.65773771247288
 10
1.211189142013866e-15
 20
-19.78021978021978
 10
-1.807317863933332
 20
-20.65773771247288
 10
-3.768125529071381
 20
-21.37010180705989
 10
-5.867321444457779
 20
-21.89714173505484
 10
-8.087444038505865
 20
-22.22006987689777
 10
-10.44242192295769
 20
-22.3938460806635
 10
-12.94577919103224
 20
-22.42274730243578
 10
-15.51059515216266
 20
-22.151425549945
 10
-18.00177274398845
 20
-21.45367734071277
 10
-20.24384551303574
 20
-20.24384551303574
 10
-22.10923463153606
 20
-18.55185062493387
 10
-23.6325436813713
 20
-16.54768523276642
 10
-24.88633440545393
 20
-14.36813186813187
 10
-25.8684892000182
 20
-12.06267461886836
 10
-26.59020328048037
 20
-9.678042517182389
 10
-27.14244937766331
 20
-7.272797391347522
 10
-27.49435344879404
 20
-4.847996330157222
 10
-27.59274579807208
 20
-2.414052452883883
 10
-27.38461538461538
 20
-3.353648157665059e-15
 10
-26.85181458803875
 20
2.349229371553414
 10
-26.07576132838368
 20
4.59786026470845
 10
-25.11573001000322
 20
6.729739573498478
 10
-23.96474340317469
 20
8.722453270582918
 10
-22.63087684590836
 20
10.55295118400971
 10
-21.14386748195689
 20
12.20741758241758
 10
-19.5476831880186
 20
13.68743512278584
 10
-17.7943257008028
 20
14.93121213259202
 10
-15.95017176952236
 20
15.95017176952235
 10
-13.92510591601807
 20
16.59529500266942
 10
-11.65309250370464
 20
16.64234083154724
 10
-9.27492170136237
 20
16.06463562298278
 10
-6.932877847817146
 20
14.86760452369129
 10
-4.747505063483421
 20
13.04366296066719
 10
-2.841422205835056
 20
10.60433203793087
 10
-1.336655989798332
 20
7.580552814026396
 10
-0.3519370045567953
 20
4.022658369361324
 10
-0
 20
0
  0
LWPOLYLINE
  5
5C
100
AcDbEntity
  8
polarSpd
  6
ByLayer
 62
  256
370
   -1
100
AcDbPolyline
 90
   73
 70
    0
 43
0
 10
0
 20
0
 10
0.3201630707461278
 20
3.659480644040922
 10
1.214311062125492
 20
6.886700249992972
 10
2.577433493844294
 20
9.619112752156674
 10
4.299178866439855
 20
11.81189685774002
 10
6.266371445649751
 20
13.43827693167938
 10
8.365529077292898
 20
14.48952139406608
 10
10.48534345326887
 20
14.97462235279242
 10
12.47630707860766
 20
14.86868378323925
 10
14.2279267439134
 20
14.22792674391339
 10
15.83385211479129
 20
13.28617946963696
 10
17.40600599821727
 20
12.18781661007515
 10
18.86519761801582
 20
10.89182692307692
 10
20.21667453639723
 20
9.427190158749184
 10
21.44125566466309
 20
7.803978847228961
 10
22.52946526864073
 20
6.03675202463731
 10
23.4673059029087
 20
4.137919195221828
 10
24.26009480214652
 20
2.122483271252015
 10
24.84855769230769
 20
0
 10
25.15226977139605
 20
-2.200538466942938
 10
25.18637937240965
 20
-4.441038229714956
 10
24.99492708697381
 20
-6.697370527829426
 10
24.62175376578462
 20
-8.961585486177377
 10
24.08301435922521
 20
-11.23009402716351
 10
23.31606856342719
 20
-13.46153846153846
 10
22.39241287510531
 20
-15.67933629385289
 10
21.22021503800715
 20
-17.80587461189437
 10
19.54742303760888
 20
-19.54742303760888
 10
17.36750950419292
 20
-20.697791846036
 10
15.10000814092756
 20
-21.56504652825539
 10
12.78727764342596
 20
-22.14821456890338
 10
10.46463507167481
 20
-22.44148233181367
 10
8.169733641003752
 20
-22.4461587016166
 10
5.939989371925884
 20
-22.16834213244654
 10
3.811993608964699
 20
-21.61889005102039
 10
1.820929445017878
 20
-20.81331879619254
 10
1.210663452282089e-15
 20
-19.77163461538461
 10
-1.82092944501788
 20
-20.81331879619254
 10
-3.811993608964697
 20
-21.61889005102039
 10
-5.939989371925885
 20
-22.16834213244654
 10
-8.169733641003749
 20
-22.4461587016166
 10
-10.46463507167481
 20
-22.44148233181367
 10
-12.78727764342595
 20
-22.14821456890338
 10
-15.10000814092756
 20
-21.56504652825539
 10
-17.36750950419292
 20
-20.697791846036
 10
-19.54742303760888
 20
-19.54742303760888
 10
-21.22021503800715
 20
-17.80587461189438
 10
-22.39241287510531
 20
-15.67933629385289
 10
-23.31606856342719
 20
-13.46153846153846
 10
-24.08301435922521
 20
-11.23009402716351
 10
-24.62175376578462
 20
-8.961585486177382
 10
-24.99492708697381
 20
-6.697370527829433
 10
-25.18637937240965
 20
-4.441038229714955
 10
-25.15226977139605
 20
-2.200538466942939
 10
-24.84855769230769
 20
-3.043070664131296e-15
 10
-24.26009480214652
 20
2.122483271252009
 10
-23.4673059029087
 20
4.137919195221831
 10
-22.52946526864073
 20
6.036752024637311
 10
-21.44125566466309
 20
7.80397884722896
 10
-20.21667453639723
 20
9.42719015874918
 10
-18.86519761801582
 20
10.89182692307692
 10
-17.40600599821727
 20
12.18781661007516
 10
-15.83385211479129
 20
13.28617946963696
 10
-14.2279267439134
 20
14.22792674391339
 10
-12.47630707860766
 20
14.86868378323925
 10
-10.48534345326888
 20
14.97462235279241
 10
-8.365529077292903
 20
14.48952139406608
 10
-6.266371445649747
 20
13.43827693167938
 10
-4.299178866439852
 20
11.81189685774002
 10
-2.577433493844294
 20
9.619112752156674
 10
-1.214311062125492
 20
6.886700249992972
 10
-0.3201630707461282
 20
3.659480644040922
 10
-0
 20
0
  0
LWPOLYLINE
  5
5D
100
AcDbEntity
  8
polarSpd
  6
ByLayer
 62
  256
370
   -1
100
AcDbPolyline
 90
   73
 70
    0
 43
0
 10
0
 20
0
 10
0.2577070552997324
 20
2.945605120866552
 10
0.9782243141190872
 20
5.54778576817158
 10
2.078197191209322
 20
7.755937505740124
 10
3.469917825052789
 20
9.533520871695629
 10
5.063321881492227
 20
10.85832881562756
 10
6.767987548576866
 20
11.72249829912867
 10
8.495106118386472
 20
12.13226887003638
 10
10.12752206806323
 20
12.06951080869149
 10
11.57123441906927
 20
11.57123441906927
 10
12.90331494089638
 20
10.82716680787043
 10
14.21722898523187
 20
9.955010907912934
 10
15.45022629020815
 20
8.920192307692306
 10
16.60430181153125
 20
7.742713093033937
 10
17.67525677674417
 20
6.433267349746857
 10
18.67150875776346
 20
5.003015693113354
 10
19.56737250792718
 20
3.450255714720624
 10
20.35098849165381
 20
1.780480784566252
 10
20.98653846153846
 20
0
 10
21.42872268366389
 20
-1.874770308661404
 10
21.67713373264948
 20
-3.822263541491701
 10
21.73843935308537
 20
-5.824797269372162
 10
21.62015868285117
 20
-7.86909422066981
 10
21.30118866258336
 20
-9.932907401167054
 10
20.81791836020285
 20
-12.01923076923077
 10
20.29249698152528
 20
-14.20895935556178
 10
19.59738192181444
 20
-16.44415594263479
 10
18.49356196949432
 20
-18.49356196949432
 10
16.95615810750067
 20
-20.20756234120937
 10
15.13074820896153
 20
-21.60894789514523
 10
13.07754460330452
 20
-22.65097169117161
 10
10.86401679149759
 20
-23.29795919389863
 10
8.562926402393167
 20
-23.52644693502702
 10
6.249772724444148
 20
-23.32446934338373
 10
4.00117777791059
 20
-22.6918067889227
 10
1.89325688443753
 20
-21.64002521168396
 10
1.236422249139155e-15
 20
-20.19230769230769
 10
-1.893256884437532
 20
-21.64002521168396
 10
-4.001177777910588
 20
-22.6918067889227
 10
-6.249772724444151
 20
-23.32446934338373
 10
-8.562926402393163
 20
-23.52644693502702
 10
-10.86401679149759
 20
-23.29795919389863
 10
-13.07754460330451
 20
-22.65097169117161
 10
-15.13074820896153
 20
-21.60894789514523
 10
-16.95615810750067
 20
-20.20756234120937
 10
-18.49356196949432
 20
-18.49356196949432
 10
-19.59738192181444
 20
-16.4441559426348
 10
-20.29249698152529
 20
-14.20895935556178
 10
-20.81791836020285
 20
-12.01923076923077
 10
-21.30118866258336
 20
-9.932907401167055
 10
-21.62015868285117
 20
-7.869094220669813
 10
-21.73843935308537
 20
-5.824797269372168
 10
-21.67713373264948
 20
-3.8222635414917
 10
-21.42872268366389
 20
-1.874770308661405
 10
-20.98653846153846
 20
-2.570109715210589e-15
 10
-20.35098849165381
 20
1.780480784566247
 10
-19.56737250792718
 20
3.450255714720627
 10
-18.67150875776346
 20
5.003015693113355
 10
-17.67525677674417
 20
6.433267349746856
 10
-16.60430181153125
 20
7.742713093033935
 10
-15.45022629020815
 20
8.920192307692309
 10
-14.21722898523187
 20
9.955010907912936
 10
-12.90331494089638
 20
10.82716680787043
 10
-11.57123441906927
 20
11.57123441906927
 10
-10.12752206806323
 20
12.06951080869149
 10
-8.495106118386474
 20
12.13226887003638
 10
-6.767987548576872
 20
11.72249829912866
 10
-5.063321881492224
 20
10.85832881562756
 10
-3.469917825052786
 20
9.533520871695629
 10
-2.078197191209321
 20
7.755937505740124
 10
-0.9782243141190867
 20
5.54778576817158
 10
-0.2577070552997328
 20
2.945605120866552
 10
-0
 20
0
  0
LINE
  5
5E
100
AcDbEntity
  8
InnerRing
  6
ByLayer
 62
  256
370
   -1
100
AcDbLine
 10
1.764662650872632
 20
64.97604147475141
 11
1.751088322788996
 21
64.47622577109948
  0
LINE
  5
5F
100
AcDbEntity
  8
OuterRing
  6
ByLayer
 62
  256
370
   -1
100
AcDbLine
 10
1.764662650872632
 20
64.97604147475141
 11
1.778236978956267
 21
65.47585717840334
  0
LINE
  5
60
100
AcDbEntity
  8
InnerRing
  6
ByLayer
 62
  256
370
   -1
100
AcDbLine
 10
3.510661666161206
 20
64.90512502619301
 11
3.483656576421504
 21
64.40585483368383
  0
LINE
  5
61
100
AcDbEntity
  8
OuterRing
  6
ByLayer
 62
  256
370
   -1
100
AcDbLine
 10
3.510661666161206
 20
64.90512502619301
 11
3.537666755900907
 21
65.40439521870218
  0
LINE
  5
62
100
AcDbEntity
  8
InnerRing
  6
ByLayer
 62
  256
370
   -1
100
AcDbLine
 10
5.237130056982661
 20
64.78867546698457
 11
5.196844441159717
 21
64.29030104031546
  0
LINE
  5
63
100
AcDbEntity
  8
OuterRing
  6
ByLayer
 62
  256
370
   -1
100
AcDbLine
 10
5.237130056982661
 20
64.78867546698457
 11
5.277415672805605
 21
65.28704989365369
  0
LINE
  5
64
100
AcDbEntity
  8
InnerRing
  6
ByLayer
 62
  256
370
   -1
100
AcDbLine
 10
6.943263279785179
 20
64.62809833986752
 11
6.88985356224837
 21
64.13095912186854
  0
LINE
  5
65
100
AcDbEntity
  8
OuterRing
  6
ByLayer
 62
  256
370
   -1
100
AcDbLine
 10
6.943263279785179
 20
64.62809833986752
 11
6.996672997321989
 21
65.1252375578665
  0
LINE
  5
66
100
AcDbEntity
  8
InnerRing
  6
ByLayer
 62
  256
370
   -1
100
AcDbLine
 10
8.628316331395355
 20
64.42477906275951
 11
8.561944667307699
 21
63.92920383919982
  0
LINE
  5
67
100
AcDbEntity
  8
OuterRing
  6
ByLayer
 62
  256
370
   -1
100
AcDbLine
 10
8.628316331395355
 20
64.42477906275951
 11
8.694687995483013
 21
64.9203542863192
  0
LINE
  5
68
100
AcDbEntity
  8
InnerRing
  6
ByLayer
 62
  256
370
   -1
100
AcDbLine
 10
10.29160096112896
 20
64.18008218798796
 11
10.2124347998895
 21
63.68638924808036
  0
LINE
  5
69
100
AcDbEntity
  8
OuterRing
  6
ByLayer
 62
  256
370
   -1
100
AcDbLine
 10
10.29160096112896
 20
64.18008218798796
 11
10.37076712236841
 21
64.67377512789557
  0
LINE
  5
6A
100
AcDbEntity
  8
InnerRing
  6
ByLayer
 62
  256
370
   -1
100
AcDbLine
 10
11.93248299617265
 20
63.89535076628072
 11
11.84069466543286
 21
63.40384806807857
  0
LINE
  5
6B
100
AcDbEntity
  8
OuterRing
  6
ByLayer
 62
  256
370
   -1
100
AcDbLine
 10
11.93248299617265
 20
63.89535076628072
 11
12.02427132691244
 21
64.38685346448288
  0
LINE
  5
6C
100
AcDbEntity
  8
InnerRing
  6
ByLayer
 62
  256
370
   -1
100
AcDbLine
 10
13.55037977646242
 20
63.57190580683923
 11
13.44614608587425
 21
63.08289114678661
  0
LINE
  5
6D
100
AcDbEntity
  8
OuterRing
  6
ByLayer
 62
  256
370
   -1
100
AcDbLine
 10
13.55037977646242
 20
63.57190580683923
 11
13.6546134670506
 21
64.06092046689183
  0
LINE
  5
6E
100
AcDbEntity
  8
InnerRing
  6
ByLayer
 62
  256
370
   -1
100
AcDbLine
 10
15.14475769531775
 20
63.21104582547352
 11
15.02825955919992
 21
62.72480701143142
  0
LINE
  5
6F
100
AcDbEntity
  8
OuterRing
  6
ByLayer
 62
  256
370
   -1
100
AcDbLine
 10
15.14475769531775
 20
63.21104582547352
 11
15.26125583143558
 21
63.69728463951562
  0
LINE
  5
70
100
AcDbEntity
  8
InnerRing
  6
ByLayer
 62
  256
370
   -1
100
AcDbLine
 10
16.71512984213728
 20
62.81404647338437
 11
16.45797399841209
 21
61.84767652764
  0
LINE
  5
71
100
AcDbEntity
  8
OuterRing
  6
ByLayer
 62
  256
370
   -1
100
AcDbLine
 10
16.71512984213728
 20
62.81404647338437
 11
16.97228568586246
 21
63.78041641912875
  0
LINE
  5
72
100
AcDbEntity
  8
InnerRing
  6
ByLayer
 62
  256
370
   -1
100
AcDbLine
 10
18.2610537435204
 20
62.38216023973729
 11
18.12058409933947
 21
61.90229746866238
  0
LINE
  5
73
100
AcDbEntity
  8
OuterRing
  6
ByLayer
 62
  256
370
   -1
100
AcDbLine
 10
18.2610537435204
 20
62.38216023973729
 11
18.40152338770133
 21
62.86202301081219
  0
LINE
  5
74
100
AcDbEntity
  8
InnerRing
  6
ByLayer
 62
  256
370
   -1
100
AcDbLine
 10
19.7821291992454
 20
61.91661622169256
 11
19.62995897463582
 21
61.44033455844878
  0
LINE
  5
75
100
AcDbEntity
  8
OuterRing
  6
ByLayer
 62
  256
370
   -1
100
AcDbLine
 10
19.7821291992454
 20
61.91661622169256
 11
19.93429942385497
 21
62.39289788493635
  0
LINE
  5
76
100
AcDbEntity
  8
InnerRing
  6
ByLayer
 62
  256
370
   -1
100
AcDbLine
 10
21.27799620960893
 20
61.41861995603506
 11
21.11431931568886
 21
60.94616903329633
  0
LINE
  5
77
100
AcDbEntity
  8
OuterRing
  6
ByLayer
 62
  256
370
   -1
100
AcDbLine
 10
21.27799620960893
 20
61.41861995603506
 11
21.441673103529
 21
61.89107087877379
  0
LINE
  5
78
100
AcDbEntity
  8
InnerRing
  6
ByLayer
 62
  256
370
   -1
100
AcDbLine
 10
22.74833299071323
 20
60.88935330699142
 11
22.57334581386159
 21
60.42097366616841
  0
LINE
  5
79
100
AcDbEntity
  8
OuterRing
  6
ByLayer
 62
  256
370
   -1
100
AcDbLine
 10
22.74833299071323
 20
60.88935330699142
 11
22.92332016756487
 21
61.35773294781444
  0
LINE
  5
7A
100
AcDbEntity
  8
InnerRing
  6
ByLayer
 62
  256
370
   -1
100
AcDbLine
 10
24.19285407436943
 20
60.32997440523464
 11
24.00675519687428
 21
59.86589767904053
  0
LINE
  5
7B
100
AcDbEntity
  8
OuterRing
  6
ByLayer
 62
  256
370
   -1
100
AcDbLine
 10
24.19285407436943
 20
60.32997440523464
 11
24.37895295186458
 21
60.79405113142875
  0
LINE
  5
7C
100
AcDbEntity
  8
InnerRing
  6
ByLayer
 62
  256
370
   -1
100
AcDbLine
 10
25.61130848937703
 20
59.74161763345518
 11
25.41429842407414
 21
59.28206672858246
  0
LINE
  5
7D
100
AcDbEntity
  8
OuterRing
  6
ByLayer
 62
  256
370
   -1
100
AcDbLine
 10
25.61130848937703
 20
59.74161763345518
 11
25.80831855467994
 21
60.20116853832792
  0
LINE
  5
7E
100
AcDbEntity
  8
InnerRing
  6
ByLayer
 62
  256
370
   -1
100
AcDbLine
 10
27.00347802102726
 20
59.125393654232
 11
26.79575895932705
 21
58.67058293381483
  0
LINE
  5
7F
100
AcDbEntity
  8
OuterRing
  6
ByLayer
 62
  256
370
   -1
100
AcDbLine
 10
27.00347802102726
 20
59.125393654232
 11
27.21119708272747
 21
59.58020437464917
  0
LINE
  5
80
100
AcDbEntity
  8
InnerRing
  6
ByLayer
 62
  256
370
   -1
100
AcDbLine
 10
28.36917554577233
 20
58.4823894762616
 11
28.15095111849715
 21
58.03252494182882
  0
LINE
  5
81
100
AcDbEntity
  8
OuterRing
  6
ByLayer
 62
  256
370
   -1
100
AcDbLine
 10
28.36917554577233
 20
58.4823894762616
 11
28.5873999730475
 21
58.93225401069438
  0
LINE
  5
82
100
AcDbEntity
  8
InnerRing
  6
ByLayer
 62
  256
370
   -1
100
AcDbLine
 10
29.70824343809549
 20
57.81366855530668
 11
29.47971848857168
 21
57.36894802795817
  0
LINE
  5
83
100
AcDbEntity
  8
OuterRing
  6
ByLayer
 62
  256
370
   -1
100
AcDbLine
 10
29.70824343809549
 20
57.81366855530668
 11
29.9367683876193
 21
58.25838908265519
  0
LINE
  5
84
100
AcDbEntity
  8
InnerRing
  6
ByLayer
 62
  256
370
   -1
100
AcDbLine
 10
31.02055204671045
 20
57.12027092650496
 11
30.54331278445337
 21
56.24149752763565
  0
LINE
  5
85
100
AcDbEntity
  8
OuterRing
  6
ByLayer
 62
  256
370
   -1
100
AcDbLine
 10
31.02055204671045
 20
57.12027092650496
 11
31.49779130896754
 21
57.99904432537426
  0
LINE
  5
86
100
AcDbEntity
  8
InnerRing
  6
ByLayer
 62
  256
370
   -1
100
AcDbLine
 10
32.30599823731272
 20
56.40321336493823
 11
32.05749055856416
 21
55.96934249290025
  0
LINE
  5
87
100
AcDbEntity
  8
OuterRing
  6
ByLayer
 62
  256
370
   -1
100
AcDbLine
 10
32.30599823731272
 20
56.40321336493823
 11
32.55450591606128
 21
56.83708423697622
  0
LINE
  5
88
100
AcDbEntity
  8
InnerRing
  6
ByLayer
 62
  256
370
   -1
100
AcDbLine
 10
33.56450399919841
 20
55.66348957160154
 11
33.30631550689689
 21
55.23530888258922
  0
LINE
  5
89
100
AcDbEntity
  8
OuterRing
  6
ByLayer
 62
  256
370
   -1
100
AcDbLine
 10
33.56450399919841
 20
55.66348957160154
 11
33.82269249149994
 21
56.09167026061386
  0
LINE
  5
8A
100
AcDbEntity
  8
InnerRing
  6
ByLayer
 62
  256
370
   -1
100
AcDbLine
 10
34.79601511315828
 20
54.90207038213459
 11
34.52835345844168
 21
54.47974676381048
  0
LINE
  5
8B
100
AcDbEntity
  8
OuterRing
  6
ByLayer
 62
  256
370
   -1
100
AcDbLine
 10
34.79601511315828
 20
54.90207038213459
 11
35.06367676787488
 21
55.3243940004587
  0
LINE
  5
8C
100
AcDbEntity
  8
InnerRing
  6
ByLayer
 62
  256
370
   -1
100
AcDbLine
 10
36.0004998781456
 20
54.11990399588342
 11
35.72357295600602
 21
53.70359704206894
  0
LINE
  5
8D
100
AcDbEntity
  8
OuterRing
  6
ByLayer
 62
  256
370
   -1
100
AcDbLine
 10
36.0004998781456
 20
54.11990399588342
 11
36.27742680028518
 21
54.53621094969791
  0
LINE
  5
8E
100
AcDbEntity
  8
InnerRing
  6
ByLayer
 62
  256
370
   -1
100
AcDbLine
 10
37.1779478943063
 20
53.31791622305063
 11
36.89196367973471
 21
52.90777840595025
  0
LINE
  5
8F
100
AcDbEntity
  8
OuterRing
  6
ByLayer
 62
  256
370
   -1
100
AcDbLine
 10
37.1779478943063
 20
53.31791622305063
 11
37.46393210887788
 21
53.72805404015102
  0
LINE
  5
90
100
AcDbEntity
  8
InnerRing
  6
ByLayer
 62
  256
370
   -1
100
AcDbLine
 10
38.32836890004683
 20
52.49701074786947
 11
38.03353529312339
 21
52.09318758827047
  0
LINE
  5
91
100
AcDbEntity
  8
OuterRing
  6
ByLayer
 62
  256
370
   -1
100
AcDbLine
 10
38.32836890004683
 20
52.49701074786947
 11
38.62320250697027
 21
52.90083390746847
  0
LINE
  5
92
100
AcDbEntity
  8
InnerRing
  6
ByLayer
 62
  256
370
   -1
100
AcDbLine
 10
39.45179166090193
 20
51.65806940590007
 11
39.14831634043345
 21
51.26069964123931
  0
LINE
  5
93
100
AcDbEntity
  8
OuterRing
  6
ByLayer
 62
  256
370
   -1
100
AcDbLine
 10
39.45179166090193
 20
51.65806940590007
 11
39.7552669813704
 21
52.05543917056085
  0
LINE
  5
94
100
AcDbEntity
  8
InnerRing
  6
ByLayer
 62
  256
370
   -1
100
AcDbLine
 10
40.54826290804761
 20
50.8019524736978
 11
40.23635319337033
 21
50.41116822390012
  0
LINE
  5
95
100
AcDbEntity
  8
OuterRing
  6
ByLayer
 62
  256
370
   -1
100
AcDbLine
 10
40.54826290804761
 20
50.8019524736978
 11
40.8601726227249
 21
51.19273672349547
  0
LINE
  5
96
100
AcDbEntity
  8
InnerRing
  6
ByLayer
 62
  256
370
   -1
100
AcDbLine
 10
41.61784632438663
 20
49.929498969244
 11
41.29770904496827
 21
49.54542590024982
  0
LINE
  5
97
100
AcDbEntity
  8
OuterRing
  6
ByLayer
 62
  256
370
   -1
100
AcDbLine
 10
41.61784632438663
 20
49.929498969244
 11
41.93798360380499
 21
50.31357203823818
  0
LINE
  5
98
100
AcDbEntity
  8
InnerRing
  6
ByLayer
 62
  256
370
   -1
100
AcDbLine
 10
42.66062157621334
 20
49.04152696165893
 11
42.00430432119468
 21
48.28704193147956
  0
LINE
  5
99
100
AcDbEntity
  8
OuterRing
  6
ByLayer
 62
  256
370
   -1
100
AcDbLine
 10
42.66062157621334
 20
49.04152696165893
 11
43.31693883123202
 21
49.7960119918383
  0
LINE
  5
9A
100
AcDbEntity
  8
InnerRing
  6
ByLayer
 62
  256
370
   -1
100
AcDbLine
 10
43.67668338854192
 20
48.13883388883725
 11
43.34070890093776
 21
47.76853516661543
  0
LINE
  5
9B
100
AcDbEntity
  8
OuterRing
  6
ByLayer
 62
  256
370
   -1
100
AcDbLine
 10
43.67668338854192
 20
48.13883388883725
 11
44.01265787614609
 21
48.50913261105908
  0
LINE
  5
9C
100
AcDbEntity
  8
InnerRing
  6
ByLayer
 62
  256
370
   -1
100
AcDbLine
 10
44.66614066225689
 20
47.22219688175764
 11
44.32255496485492
 21
46.85894921343643
  0
LINE
  5
9D
100
AcDbEntity
  8
OuterRing
  6
ByLayer
 62
  256
370
   -1
100
AcDbLine
 10
44.66614066225689
 20
47.22219688175764
 11
45.00972635965887
 21
47.58544455007885
  0
LINE
  5
9E
100
AcDbEntity
  8
InnerRing
  6
ByLayer
 62
  256
370
   -1
100
AcDbLine
 10
45.62911563131755
 20
46.2923730943214
 11
45.27812243415357
 21
45.93627791667277
  0
LINE
  5
9F
100
AcDbEntity
  8
OuterRing
  6
ByLayer
 62
  256
370
   -1
100
AcDbLine
 10
45.62911563131755
 20
46.2923730943214
 11
45.98010882848153
 21
46.64846827197002
  0
LINE
  5
A0
100
AcDbEntity
  8
InnerRing
  6
ByLayer
 62
  256
370
   -1
100
AcDbLine
 10
46.56574305831834
 20
45.35010003767001
 11
46.20754503479282
 21
45.00125311430332
  0
LINE
  5
A1
100
AcDbEntity
  8
OuterRing
  6
ByLayer
 62
  256
370
   -1
100
AcDbLine
 10
46.56574305831834
 20
45.35010003767001
 11
46.92394108184387
 21
45.6989469610367
  0
LINE
  5
A2
100
AcDbEntity
  8
InnerRing
  6
ByLayer
 62
  256
370
   -1
100
AcDbLine
 10
47.47616946677476
 20
44.39609591802059
 11
47.11096816318418
 21
44.05458748788197
  0
LINE
  5
A3
100
AcDbEntity
  8
OuterRing
  6
ByLayer
 62
  256
370
   -1
100
AcDbLine
 10
47.47616946677476
 20
44.39609591802059
 11
47.84137077036533
 21
44.73760434815921
  0
LINE
  5
A4
100
AcDbEntity
  8
InnerRing
  6
ByLayer
 62
  256
370
   -1
100
AcDbLine
 10
48.36055240857075
 20
43.43105997713942
 11
47.98854815927406
 21
43.0969749003922
  0
LINE
  5
A5
100
AcDbEntity
  8
OuterRing
  6
ByLayer
 62
  256
370
   -1
100
AcDbLine
 10
48.36055240857075
 20
43.43105997713942
 11
48.73255665786746
 21
43.76514505388665
  0
LINE
  5
A6
100
AcDbEntity
  8
InnerRing
  6
ByLayer
 62
  256
370
   -1
100
AcDbLine
 10
49.21905976506635
 20
42.45567283464986
 11
48.84045161302738
 21
42.12909073592179
  0
LINE
  5
A7
100
AcDbEntity
  8
OuterRing
  6
ByLayer
 62
  256
370
   -1
100
AcDbLine
 10
49.21905976506635
 20
42.45567283464986
 11
49.59766791710533
 21
42.78225493337793
  0
LINE
  5
A8
100
AcDbEntity
  8
InnerRing
  6
ByLayer
 62
  256
370
   -1
100
AcDbLine
 10
50.05186908042572
 20
41.47059683144099
 11
49.66685470288399
 21
41.15159224042991
  0
LINE
  5
A9
100
AcDbEntity
  8
OuterRing
  6
ByLayer
 62
  256
370
   -1
100
AcDbLine
 10
50.05186908042572
 20
41.47059683144099
 11
50.43688345796746
 21
41.78960142245208
  0
LINE
  5
AA
100
AcDbEntity
  8
InnerRing
  6
ByLayer
 62
  256
370
   -1
100
AcDbLine
 10
50.8591669257849
 20
40.47647637350795
 11
50.46794256481733
 21
40.1651188629425
  0
LINE
  5
AB
100
AcDbEntity
  8
OuterRing
  6
ByLayer
 62
  256
370
   -1
100
AcDbLine
 10
50.8591669257849
 20
40.47647637350795
 11
51.25039128675248
 21
40.78783388407339
  0
LINE
  5
AC
100
AcDbEntity
  8
InnerRing
  6
ByLayer
 62
  256
370
   -1
100
AcDbLine
 10
51.64114829293499
 20
39.47393827561544
 11
50.8466690884283
 21
38.86664691752905
  0
LINE
  5
AD
100
AcDbEntity
  8
OuterRing
  6
ByLayer
 62
  256
370
   -1
100
AcDbLine
 10
51.64114829293499
 20
39.47393827561544
 11
52.43562749744169
 21
40.08122963370183
  0
LINE
  5
AE
100
AcDbEntity
  8
InnerRing
  6
ByLayer
 62
  256
370
   -1
100
AcDbLine
 10
52.39801601625147
 20
38.4635921042309
 11
51.994954354588
 21
38.16771831881373
  0
LINE
  5
AF
100
AcDbEntity
  8
OuterRing
  6
ByLayer
 62
  256
370
   -1
100
AcDbLine
 10
52.39801601625147
 20
38.4635921042309
 11
52.80107767791495
 21
38.75946588964806
  0
LINE
  5
B0
100
AcDbEntity
  8
InnerRing
  6
ByLayer
 62
  256
370
   -1
100
AcDbLine
 10
53.12998022165305
 20
37.44603051922535
 11
52.72128806610188
 21
37.15798413061592
  0
LINE
  5
B1
100
AcDbEntity
  8
OuterRing
  6
ByLayer
 62
  256
370
   -1
100
AcDbLine
 10
53.12998022165305
 20
37.44603051922535
 11
53.53867237720423
 21
37.73407690783477
  0
LINE
  5
B2
100
AcDbEntity
  8
InnerRing
  6
ByLayer
 62
  256
370
   -1
100
AcDbLine
 10
53.83725780142359
 20
36.42182961388753
 11
53.42312504910495
 21
36.1416616937807
  0
LINE
  5
B3
100
AcDbEntity
  8
OuterRing
  6
ByLayer
 62
  256
370
   -1
100
AcDbLine
 10
53.83725780142359
 20
36.42182961388753
 11
54.25139055374223
 21
36.70199753399436
  0
LINE
  5
B4
100
AcDbEntity
  8
InnerRing
  6
ByLayer
 62
  256
370
   -1
100
AcDbLine
 10
54.52007191377996
 20
35.39154925284087
 11
54.10068674521242
 21
35.11930656628056
  0
LINE
  5
B5
100
AcDbEntity
  8
OuterRing
  6
ByLayer
 62
  256
370
   -1
100
AcDbLine
 10
54.52007191377996
 20
35.39154925284087
 11
54.9394570823475
 21
35.66379193940119
  0
LINE
  5
B6
100
AcDbEntity
  8
InnerRing
  6
ByLayer
 62
  256
370
   -1
100
AcDbLine
 10
55.17865150611504
 20
34.35573340749268
 11
54.75420034068338
 21
34.09145853512735
  0
LINE
  5
B7
100
AcDbEntity
  8
OuterRing
  6
ByLayer
 62
  256
370
   -1
100
AcDbLine
 10
55.17865150611504
 20
34.35573340749268
 11
55.60310267154669
 21
34.62000827985801
  0
LINE
  5
B8
100
AcDbEntity
  8
InnerRing
  6
ByLayer
 62
  256
370
   -1
100
AcDbLine
 10
55.81323086088985
 20
33.31491048868379
 11
55.38389831580608
 21
33.05864194646315
  0
LINE
  5
B9
100
AcDbEntity
  8
OuterRing
  6
ByLayer
 62
  256
370
   -1
100
AcDbLine
 10
55.81323086088985
 20
33.31491048868379
 11
56.24256340597361
 21
33.57117903090444
  0
LINE
  5
BA
100
AcDbEntity
  8
InnerRing
  6
ByLayer
 62
  256
370
   -1
100
AcDbLine
 10
56.42404916319265
 20
32.26959367623986
 11
55.99001801578347
 21
32.02136603257647
  0
LINE
  5
BB
100
AcDbEntity
  8
OuterRing
  6
ByLayer
 62
  256
370
   -1
100
AcDbLine
 10
56.42404916319265
 20
32.26959367623986
 11
56.85808031060182
 21
32.51782131990324
  0
LINE
  5
BC
100
AcDbEntity
  8
InnerRing
  6
ByLayer
 62
  256
370
   -1
100
AcDbLine
 10
57.0113500890234
 20
31.22028124515876
 11
56.57280124218476
 21
30.98012523558061
  0
LINE
  5
BD
100
AcDbEntity
  8
OuterRing
  6
ByLayer
 62
  256
370
   -1
100
AcDbLine
 10
57.0113500890234
 20
31.22028124515876
 11
57.44989893586204
 21
31.4604372547369
  0
LINE
  5
BE
100
AcDbEntity
  8
InnerRing
  6
ByLayer
 62
  256
370
   -1
100
AcDbLine
 10
57.57538141340233
 20
30.16745688819736
 11
57.13249386406846
 21
29.93539952751892
  0
LINE
  5
BF
100
AcDbEntity
  8
OuterRing
  6
ByLayer
 62
  256
370
   -1
100
AcDbLine
 10
57.57538141340233
 20
30.16745688819736
 11
58.01826896273619
 21
30.3995142488758
  0
LINE
  5
C0
100
AcDbEntity
  8
InnerRing
  6
ByLayer
 62
  256
370
   -1
100
AcDbLine
 10
58.11639463743924
 20
29.11159003464814
 11
56.77524706888294
 21
28.43978411077164
  0
LINE
  5
C1
100
AcDbEntity
  8
OuterRing
  6
ByLayer
 62
  256
370
   -1
100
AcDbLine
 10
58.11639463743924
 20
29.11159003464814
 11
59.45754220599552
 21
29.78339595852464
  0
TEXT
  5
C2
100
AcDbEntity
  8
Numbers
  6
ByLayer
 62
  256
370
   -1
100
AcDbText
 10
56.77524706888294
 20
28.43978411077164
 30
0
 40
1.8
  1
1.5
 50
26.60714673995476
 41
1
 51
0
  7
opensans-italic
 71
    0
 72
    2
 11
56.77524706888294
 21
28.43978411077164
 31
0
210
0
220
0
230
1
100
AcDbText
 73
    2
  0
TEXT
  5
C3
100
AcDbEntity
  8
Numbers
  6
ByLayer
 62
  256
370
   -1
100
AcDbText
 10
59.45754220599552
 20
29.78339595852464
 30
0
 40
1.8
  1
1.5
 50
26.60714673995476
 41
1
 51
0
  7
opensans-italic
 71
    0
 11
59.45754220599552
 21
29.78339595852464
 31
0
210
0
220
0
230
1
100
AcDbText
 73
    2
  0
LINE
  5
C4
100
AcDbEntity
  8
InnerRing
  6
ByLayer
 62
  256
370
   -1
100
AcDbLine
 10
58.63464463353689
 20
28.05313616512144
 11
58.1836089055866
 21
27.83734281000512
  0
LINE
  5
C5
100
AcDbEntity
  8
OuterRing
  6
ByLayer
 62
  256
370
   -1
100
AcDbLine
 10
58.63464463353689
 20
28.05313616512144
 11
59.08568036148717
 21
28.26892952023776
  0
LINE
  5
C6
100
AcDbEntity
  8
InnerRing
  6
ByLayer
 62
  256
370
   -1
100
AcDbLine
 10
59.13038930793678
 20
26.99253712217204
 11
58.67554015941419
 21
26.78490222123225
  0
LINE
  5
C7
100
AcDbEntity
  8
OuterRing
  6
ByLayer
 62
  256
370
   -1
100
AcDbLine
 10
59.13038930793678
 20
26.99253712217204
 11
59.58523845645937
 21
27.20017202311183
  0
LINE
  5
C8
100
AcDbEntity
  8
InnerRing
  6
ByLayer
 62
  256
370
   -1
100
AcDbLine
 10
59.60388927984931
 20
25.93022141663012
 11
59.14539782385047
 21
25.73075817496374
  0
LINE
  5
C9
100
AcDbEntity
  8
OuterRing
  6
ByLayer
 62
  256
370
   -1
100
AcDbLine
 10
59.60388927984931
 20
25.93022141663012
 11
60.06238073584816
 21
26.1296846582965
  0
LINE
  5
CA
100
AcDbEntity
  8
InnerRing
  6
ByLayer
 62
  256
370
   -1
100
AcDbLine
 10
60.05540757644272
 20
24.86660452951602
 11
59.59344290277777
 21
24.67532295621205
  0
LINE
  5
CB
100
AcDbEntity
  8
OuterRing
  6
ByLayer
 62
  256
370
   -1
100
AcDbLine
 10
60.05540757644272
 20
24.86660452951602
 11
60.51737225010766
 21
25.05788610281999
  0
LINE
  5
CC
100
AcDbEntity
  8
InnerRing
  6
ByLayer
 62
  256
370
   -1
100
AcDbLine
 10
60.48520934299577
 20
23.80208920943658
 11
60.0199385018958
 21
23.61899621551783
  0
LINE
  5
CD
100
AcDbEntity
  8
OuterRing
  6
ByLayer
 62
  256
370
   -1
100
AcDbLine
 10
60.48520934299577
 20
23.80208920943658
 11
60.95048018409574
 21
23.98518220335532
  0
LINE
  5
CE
100
AcDbEntity
  8
InnerRing
  6
ByLayer
 62
  256
370
   -1
100
AcDbLine
 10
60.8935615675493
 20
22.7370657653771
 11
60.42514955549123
 21
22.56216525948958
  0
LINE
  5
CF
100
AcDbEntity
  8
OuterRing
  6
ByLayer
 62
  256
370
   -1
100
AcDbLine
 10
60.8935615675493
 20
22.7370657653771
 11
61.36197357960737
 21
22.91196627126461
  0
LINE
  5
D0
100
AcDbEntity
  8
InnerRing
  6
ByLayer
 62
  256
370
   -1
100
AcDbLine
 10
61.28073281941954
 20
21.67191235481809
 11
60.80934256696246
 21
21.5052053367041
  0
LINE
  5
D1
100
AcDbEntity
  8
OuterRing
  6
ByLayer
 62
  256
370
   -1
100
AcDbLine
 10
61.28073281941954
 20
21.67191235481809
 11
61.75212307187661
 21
21.83861937293208
  0
LINE
  5
D2
100
AcDbEntity
  8
InnerRing
  6
ByLayer
 62
  256
370
   -1
100
AcDbLine
 10
61.64699300096382
 20
20.6069952671203
 11
61.17278536249486
 21
20.44847991891169
  0
LINE
  5
D3
100
AcDbEntity
  8
OuterRing
  6
ByLayer
 62
  256
370
   -1
100
AcDbLine
 10
61.64699300096382
 20
20.6069952671203
 11
62.12120063943276
 21
20.76551061532892
  0
LINE
  5
D4
100
AcDbEntity
  8
InnerRing
  6
ByLayer
 62
  256
370
   -1
100
AcDbLine
 10
61.99261311201492
 20
19.542669202134
 11
61.51574685730711
 21
19.3923409775022
  0
LINE
  5
D5
100
AcDbEntity
  8
OuterRing
  6
ByLayer
 62
  256
370
   -1
100
AcDbLine
 10
61.99261311201492
 20
19.542669202134
 11
62.46947936672272
 21
19.6929974267658
  0
LINE
  5
D6
100
AcDbEntity
  8
InnerRing
  6
ByLayer
 62
  256
370
   -1
100
AcDbLine
 10
62.31786502642579
 20
18.47927754399987
 11
61.35912864140385
 21
18.19498096639987
  0
LINE
  5
D7
100
AcDbEntity
  8
OuterRing
  6
ByLayer
 62
  256
370
   -1
100
AcDbLine
 10
62.31786502642579
 20
18.47927754399987
 11
63.27660141144772
 21
18.76357412159987
  0
LINE
  5
D8
100
AcDbEntity
  8
InnerRing
  6
ByLayer
 62
  256
370
   -1
100
AcDbLine
 10
62.62302128018962
 20
17.41715263012063
 11
62.14130573188047
 21
17.28317453296586
  0
LINE
  5
D9
100
AcDbEntity
  8
OuterRing
  6
ByLayer
 62
  256
370
   -1
100
AcDbLine
 10
62.62302128018962
 20
17.41715263012063
 11
63.10473682849877
 21
17.5511307272754
  0
LINE
  5
DA
100
AcDbEntity
  8
InnerRing
  6
ByLayer
 62
  256
370
   -1
100
AcDbLine
 10
62.90835487062375
 20
16.35661601529085
 11
62.42444444854203
 21
16.23079589209631
  0
LINE
  5
DB
100
AcDbEntity
  8
OuterRing
  6
ByLayer
 62
  256
370
   -1
100
AcDbLine
 10
62.90835487062375
 20
16.35661601529085
 11
63.39226529270547
 21
16.4824361384854
  0
LINE
  5
DC
100
AcDbEntity
  8
InnerRing
  6
ByLayer
 62
  256
370
   -1
100
AcDbLine
 10
63.1741390661274
 20
15.2979787309826
 11
62.68818415023411
 21
15.1803019715135
  0
LINE
  5
DD
100
AcDbEntity
  8
OuterRing
  6
ByLayer
 62
  256
370
   -1
100
AcDbLine
 10
63.1741390661274
 20
15.2979787309826
 11
63.66009398202069
 21
15.41565549045169
  0
LINE
  5
DE
100
AcDbEntity
  8
InnerRing
  6
ByLayer
 62
  256
370
   -1
100
AcDbLine
 10
63.42064722604447
 20
14.2415415397919
 11
62.93279609353643
 21
14.13199122025504
  0
LINE
  5
DF
100
AcDbEntity
  8
OuterRing
  6
ByLayer
 62
  256
370
   -1
100
AcDbLine
 10
63.42064722604447
 20
14.2415415397919
 11
63.9084983585525
 21
14.35109185932876
  0
LINE
  5
E0
100
AcDbEntity
  8
InnerRing
  6
ByLayer
 62
  256
370
   -1
100
AcDbLine
 10
63.64815263018257
 20
13.18759518505872
 11
63.15855145610424
 21
13.08615214517366
  0
LINE
  5
E1
100
AcDbEntity
  8
OuterRing
  6
ByLayer
 62
  256
370
   -1
100
AcDbLine
 10
63.64815263018257
 20
13.18759518505872
 11
64.1377538042609
 21
13.28903822494379
  0
LINE
  5
E2
100
AcDbEntity
  8
InnerRing
  6
ByLayer
 62
  256
370
   -1
100
AcDbLine
 10
63.85692831755882
 20
12.13642063567979
 11
63.36572117665452
 21
12.04306355386687
  0
LINE
  5
E3
100
AcDbEntity
  8
OuterRing
  6
ByLayer
 62
  256
370
   -1
100
AcDbLine
 10
63.85692831755882
 20
12.13642063567979
 11
64.34813545846312
 21
12.22977771749271
  0
LINE
  5
E4
100
AcDbEntity
  8
InnerRing
  6
ByLayer
 62
  256
370
   -1
100
AcDbLine
 10
64.04724693396132
 20
11.08828932613965
 11
63.55457580370008
 21
11.00299479286165
  0
LINE
  5
E5
100
AcDbEntity
  8
OuterRing
  6
ByLayer
 62
  256
370
   -1
100
AcDbLine
 10
64.04724693396132
 20
11.08828932613965
 11
64.53991806422256
 21
11.17358385941765
  0
LINE
  5
E6
100
AcDbEntity
  8
InnerRing
  6
ByLayer
 62
  256
370
   -1
100
AcDbLine
 10
64.21938058793278
 20
10.04346339179084
 11
63.72538535264098
 21
9.966205981084761
  0
LINE
  5
E7
100
AcDbEntity
  8
OuterRing
  6
ByLayer
 62
  256
370
   -1
100
AcDbLine
 10
64.21938058793278
 20
10.04346339179084
 11
64.71337582322457
 21
10.12072080249693
  0
LINE
  5
E8
100
AcDbEntity
  8
InnerRing
  6
ByLayer
 62
  256
370
   -1
100
AcDbLine
 10
64.37360071479986
 20
9.002195899419091
 11
63.87841917083987
 21
8.93294823865433
  0
LINE
  5
E9
100
AcDbEntity
  8
OuterRing
  6
ByLayer
 62
  256
370
   -1
100
AcDbLine
 10
64.37360071479986
 20
9.002195899419091
 11
64.86878225875986
 21
9.071443560183853
  0
LINE
  5
EA
100
AcDbEntity
  8
InnerRing
  6
ByLayer
 62
  256
370
   -1
100
AcDbLine
 10
64.51017794838778
 20
7.964731073133782
 11
63.51771367225874
 21
7.842196748931724
  0
LINE
  5
EB
100
AcDbEntity
  8
OuterRing
  6
ByLayer
 62
  256
370
   -1
100
AcDbLine
 10
64.51017794838778
 20
7.964731073133782
 11
65.50264222451682
 21
8.087265397335841
  0
LINE
  5
EC
100
AcDbEntity
  8
InnerRing
  6
ByLayer
 62
  256
370
   -1
100
AcDbLine
 10
64.62938200007514
 20
6.931304515627884
 11
64.13223290776688
 21
6.877986788584592
  0
LINE
  5
ED
100
AcDbEntity
  8
OuterRing
  6
ByLayer
 62
  256
370
   -1
100
AcDbLine
 10
64.62938200007514
 20
6.931304515627884
 11
65.12653109238342
 21
6.984622242671175
  0
LINE
  5
EE
100
AcDbEntity
  8
InnerRing
  6
ByLayer
 62
  256
370
   -1
100
AcDbLine
 10
64.73148154485911
 20
5.902143424855542
 11
64.23354707143712
 21
5.856742321587422
  0
LINE
  5
EF
100
AcDbEntity
  8
OuterRing
  6
ByLayer
 62
  256
370
   -1
100
AcDbLine
 10
64.73148154485911
 20
5.902143424855542
 11
65.2294160182811
 21
5.947544528123661
  0
LINE
  5
F0
100
AcDbEntity
  8
InnerRing
  6
ByLayer
 62
  256
370
   -1
100
AcDbLine
 10
64.81674411411478
 20
4.877466806177862
 11
64.31815377477544
 21
4.839947830745725
  0
LINE
  5
F1
100
AcDbEntity
  8
OuterRing
  6
ByLayer
 62
  256
370
   -1
100
AcDbLine
 10
64.81674411411478
 20
4.877466806177862
 11
65.31533445345413
 21
4.91498578161
  0
LINE
  5
F2
100
AcDbEntity
  8
InnerRing
  6
ByLayer
 62
  256
370
   -1
100
AcDbLine
 10
64.88543599474657
 20
3.857485680031067
 11
64.38631725632546
 21
3.827812713261597
  0
LINE
  5
F3
100
AcDbEntity
  8
OuterRing
  6
ByLayer
 62
  256
370
   -1
100
AcDbLine
 10
64.88543599474657
 20
3.857485680031067
 11
65.3845547331677
 21
3.887158646800537
  0
LINE
  5
F4
100
AcDbEntity
  8
InnerRing
  6
ByLayer
 62
  256
370
   -1
100
AcDbLine
 10
64.93782213444209
 20
2.842403285173145
 11
64.43830042571561
 21
2.820538644517967
  0
LINE
  5
F5
100
AcDbEntity
  8
OuterRing
  6
ByLayer
 62
  256
370
   -1
100
AcDbLine
 10
64.93782213444209
 20
2.842403285173145
 11
65.43734384316856
 21
2.864267925828323
  0
LINE
  5
F6
100
AcDbEntity
  8
InnerRing
  6
ByLayer
 62
  256
370
   -1
100
AcDbLine
 10
64.97416605275158
 20
1.832415277567479
 11
64.47436477542273
 21
1.818319775432344
  0
LINE
  5
F7
100
AcDbEntity
  8
OuterRing
  6
ByLayer
 62
  256
370
   -1
100
AcDbLine
 10
64.97416605275158
 20
1.832415277567479
 11
65.47396733008044
 21
1.846510779702613
  0
LINE
  5
F8
100
AcDbEntity
  8
InnerRing
  6
ByLayer
 62
  256
370
   -1
100
AcDbLine
 10
64.99472975772818
 20
0.8277099249638856
 11
64.49477029805334
 21
0.8213429255410866
  0
LINE
  5
F9
100
AcDbEntity
  8
OuterRing
  6
ByLayer
 62
  256
370
   -1
100
AcDbLine
 10
64.99472975772818
 20
0.8277099249638856
 11
65.49468921740301
 21
0.8340769243866848
  0
LINE
  5
FA
100
AcDbEntity
  8
InnerRing
  6
ByLayer
 62
  256
370
   -1
100
AcDbLine
 10
64.99977366787479
 20
-0.171531702761295
 11
64.49977540889114
 21
-0.1702122281246696
  0
LINE
  5
FB
100
AcDbEntity
  8
OuterRing
  6
ByLayer
 62
  256
370
   -1
100
AcDbLine
 10
64.99977366787479
 20
-0.171531702761295
 11
65.49977192685844
 21
-0.1728511773979203
  0
LINE
  5
FC
100
AcDbEntity
  8
InnerRing
  6
ByLayer
 62
  256
370
   -1
100
AcDbLine
 10
64.98955653915547
 20
-1.165135547442551
 11
64.48963687346966
 21
-1.156172966308378
  0
LINE
  5
FD
100
AcDbEntity
  8
OuterRing
  6
ByLayer
 62
  256
370
   -1
100
AcDbLine
 10
64.98955653915547
 20
-1.165135547442551
 11
65.48947620484128
 21
-1.174098128576724
  0
LINE
  5
FE
100
AcDbEntity
  8
InnerRing
  6
ByLayer
 62
  256
370
   -1
100
AcDbLine
 10
64.96433539683859
 20
-2.152934380575449
 11
63.96488408304108
 21
-2.11981231318198
  0
LINE
  5
FF
100
AcDbEntity
  8
OuterRing
  6
ByLayer
 62
  256
370
   -1
100
AcDbLine
 10
64.96433539683859
 20
-2.152934380575449
 11
65.96378671063611
 21
-2.186056447968917
  0
LINE
  5
100
100
AcDbEntity
  8
InnerRing
  6
ByLayer
 62
  256
370
   -1
100
AcDbLine
 10
64.92436547194957
 20
-3.134767625314923
 11
64.42494727601149
 21
-3.110654028197116
  0
LINE
  5
101
100
AcDbEntity
  8
OuterRing
  6
ByLayer
 62
  256
370
   -1
100
AcDbLine
 10
64.92436547194957
 20
-3.134767625314923
 11
65.42378366788765
 21
-3.158881222432731
  0
LINE
  5
102
100
AcDbEntity
  8
InnerRing
  6
ByLayer
 62
  256
370
   -1
100
AcDbLine
 10
64.8699001421205
 20
-4.110481182454778
 11
64.37090091025803
 21
-4.078862096435896
  0
LINE
  5
103
100
AcDbEntity
  8
OuterRing
  6
ByLayer
 62
  256
370
   -1
100
AcDbLine
 10
64.8699001421205
 20
-4.110481182454778
 11
65.36889937398297
 21
-4.142100268473662
  0
LINE
  5
104
100
AcDbEntity
  8
InnerRing
  6
ByLayer
 62
  256
370
   -1
100
AcDbLine
 10
64.80119087663309
 20
-5.079927260322256
 11
64.30272017758206
 21
-5.040850896781315
  0
LINE
  5
105
100
AcDbEntity
  8
OuterRing
  6
ByLayer
 62
  256
370
   -1
100
AcDbLine
 10
64.80119087663309
 20
-5.079927260322256
 11
65.2996615756841
 21
-5.119003623863196
  0
LINE
  5
106
100
AcDbEntity
  8
InnerRing
  6
ByLayer
 62
  256
370
   -1
100
AcDbLine
 10
64.71848718545992
 20
-6.042964208520473
 11
64.2206526686487
 21
-5.996479868454932
  0
LINE
  5
107
100
AcDbEntity
  8
OuterRing
  6
ByLayer
 62
  256
370
   -1
100
AcDbLine
 10
64.71848718545992
 20
-6.042964208520473
 11
65.21632170227116
 21
-6.089448548586016
  0
LINE
  5
108
100
AcDbEntity
  8
InnerRing
  6
ByLayer
 62
  256
370
   -1
100
AcDbLine
 10
64.62203657211785
 20
-6.999456355450959
 11
64.12494398310156
 21
-6.945614383485951
  0
LINE
  5
109
100
AcDbEntity
  8
OuterRing
  6
ByLayer
 62
  256
370
   -1
100
AcDbLine
 10
64.62203657211785
 20
-6.999456355450959
 11
65.11912916113414
 21
-7.053298327415966
  0
LINE
  5
10A
100
AcDbEntity
  8
InnerRing
  6
ByLayer
 62
  256
370
   -1
100
AcDbLine
 10
64.51208449015476
 20
-7.949273849549541
 11
64.01583768638434
 21
-7.888125589168391
  0
LINE
  5
10B
100
AcDbEntity
  8
OuterRing
  6
ByLayer
 62
  256
370
   -1
100
AcDbLine
 10
64.51208449015476
 20
-7.949273849549541
 11
65.0083312939252
 21
-8.01042210993069
  0
LINE
  5
10C
100
AcDbEntity
  8
InnerRing
  6
ByLayer
 62
  256
370
   -1
100
AcDbLine
 10
64.38887430309943
 20
-8.892292504166914
 11
63.89357526999866
 21
-8.823890254134859
  0
LINE
  5
10D
100
AcDbEntity
  8
OuterRing
  6
ByLayer
 62
  256
370
   -1
100
AcDbLine
 10
64.38887430309943
 20
-8.892292504166914
 11
64.88417333620019
 21
-8.960694754198967
  0
LINE
  5
10E
100
AcDbEntity
  8
InnerRing
  6
ByLayer
 62
  256
370
   -1
100
AcDbLine
 10
64.25264724771053
 20
-9.828393646027633
 11
63.75839611503584
 21
-9.752790617981267
  0
LINE
  5
10F
100
AcDbEntity
  8
OuterRing
  6
ByLayer
 62
  256
370
   -1
100
AcDbLine
 10
64.25264724771053
 20
-9.828393646027633
 11
64.74689838038523
 21
-9.903996674074
  0
LINE
  5
110
100
AcDbEntity
  8
InnerRing
  6
ByLayer
 62
  256
370
   -1
100
AcDbLine
 10
64.10364240036911
 20
-10.75746396719969
 11
63.61053745882781
 21
-10.67471424437508
  0
LINE
  5
111
100
AcDbEntity
  8
OuterRing
  6
ByLayer
 62
  256
370
   -1
100
AcDbLine
 10
64.10364240036911
 20
-10.75746396719969
 11
64.59674734191042
 21
-10.84021369002431
  0
LINE
  5
112
100
AcDbEntity
  8
InnerRing
  6
ByLayer
 62
  256
370
   -1
100
AcDbLine
 10
63.94209664646436
 20
-11.67939538050715
 11
62.9583720826726
 21
-11.49971237465319
  0
LINE
  5
113
100
AcDbEntity
  8
OuterRing
  6
ByLayer
 62
  256
370
   -1
100
AcDbLine
 10
63.94209664646436
 20
-11.67939538050715
 11
64.92582121025612
 21
-11.85907838636111
  0
LINE
  5
114
100
AcDbEntity
  8
InnerRing
  6
ByLayer
 62
  256
370
   -1
100
AcDbLine
 10
63.76824465262985
 20
-12.59408487832063
 11
63.27771969376347
 21
-12.49720730233354
  0
LINE
  5
115
100
AcDbEntity
  8
OuterRing
  6
ByLayer
 62
  256
370
   -1
100
AcDbLine
 10
63.76824465262985
 20
-12.59408487832063
 11
64.25876961149623
 21
-12.69096245430771
  0
LINE
  5
116
100
AcDbEntity
  8
InnerRing
  6
ByLayer
 62
  256
370
   -1
100
AcDbLine
 10
63.58231884169331
 20
-13.50143439465791
 11
63.0932240813726
 21
-13.3975772070067
  0
LINE
  5
117
100
AcDbEntity
  8
OuterRing
  6
ByLayer
 62
  256
370
   -1
100
AcDbLine
 10
63.58231884169331
 20
-13.50143439465791
 11
64.07141360201403
 21
-13.60529158230913
  0
LINE
  5
118
100
AcDbEntity
  8
InnerRing
  6
ByLayer
 62
  256
370
   -1
100
AcDbLine
 10
63.38454937020865
 20
-14.40135067053025
 11
62.89697591351474
 21
-14.29057104998771
  0
LINE
  5
119
100
AcDbEntity
  8
OuterRing
  6
ByLayer
 62
  256
370
   -1
100
AcDbLine
 10
63.38454937020865
 20
-14.40135067053025
 11
63.87212282690257
 21
-14.51213029107279
  0
LINE
  5
11A
100
AcDbEntity
  8
InnerRing
  6
ByLayer
 62
  256
370
   -1
100
AcDbLine
 10
63.17516410844511
 20
-15.29374512246849
 11
62.68920130761092
 21
-15.17610092921874
  0
LINE
  5
11B
100
AcDbEntity
  8
OuterRing
  6
ByLayer
 62
  256
370
   -1
100
AcDbLine
 10
63.17516410844511
 20
-15.29374512246849
 11
63.6611269092793
 21
-15.41138931571825
  0
LINE
  5
11C
100
AcDbEntity
  8
InnerRing
  6
ByLayer
 62
  256
370
   -1
100
AcDbLine
 10
62.95438862271345
 20
-16.17853371416479
 11
62.47012409484643
 21
-16.05408345482505
  0
LINE
  5
11D
100
AcDbEntity
  8
OuterRing
  6
ByLayer
 62
  256
370
   -1
100
AcDbLine
 10
62.95438862271345
 20
-16.17853371416479
 11
63.43865315058048
 21
-16.30298397350451
  0
LINE
  5
11E
100
AcDbEntity
  8
InnerRing
  6
ByLayer
 62
  256
370
   -1
100
AcDbLine
 10
62.72244615991444
 20
-17.05563683116624
 11
62.23996580483817
 21
-16.92443962477266
  0
LINE
  5
11F
100
AcDbEntity
  8
OuterRing
  6
ByLayer
 62
  256
370
   -1
100
AcDbLine
 10
62.72244615991444
 20
-17.05563683116624
 11
63.2049265149907
 21
-17.18683403755983
  0
LINE
  5
120
100
AcDbEntity
  8
InnerRing
  6
ByLayer
 62
  256
370
   -1
100
AcDbLine
 10
62.47955763419976
 20
-17.92497915855724
 11
61.99894565239822
 21
-17.78709470349142
  0
LINE
  5
121
100
AcDbEntity
  8
OuterRing
  6
ByLayer
 62
  256
370
   -1
100
AcDbLine
 10
62.47955763419976
 20
-17.92497915855724
 11
62.96016961600129
 21
-18.06286361362307
  0
LINE
  5
122
100
AcDbEntity
  8
InnerRing
  6
ByLayer
 62
  256
370
   -1
100
AcDbLine
 10
62.22594161564046
 20
-18.78648956156806
 11
61.74728052628937
 21
-18.64197810340215
  0
LINE
  5
123
100
AcDbEntity
  8
OuterRing
  6
ByLayer
 62
  256
370
   -1
100
AcDbLine
 10
62.22594161564046
 20
-18.78648956156806
 11
62.70460270499154
 21
-18.93100101973397
  0
LINE
  5
124
100
AcDbEntity
  8
InnerRing
  6
ByLayer
 62
  256
370
   -1
100
AcDbLine
 10
61.96181432080237
 20
-19.64010096904826
 11
61.48518497987312
 21
-19.48902326928635
  0
LINE
  5
125
100
AcDbEntity
  8
OuterRing
  6
ByLayer
 62
  256
370
   -1
100
AcDbLine
 10
61.96181432080237
 20
-19.64010096904826
 11
62.43844366173162
 21
-19.79117866881017
  0
LINE
  5
126
100
AcDbEntity
  8
InnerRing
  6
ByLayer
 62
  256
370
   -1
100
AcDbLine
 10
61.68738960513229
 20
-20.48575025974436
 11
59.78931607882053
 21
-19.85541948252146
  0
LINE
  5
127
100
AcDbEntity
  8
OuterRing
  6
ByLayer
 62
  256
370
   -1
100
AcDbLine
 10
61.68738960513229
 20
-20.48575025974436
 11
63.58546313144405
 21
-21.11608103696727
  0
TEXT
  5
128
100
AcDbEntity
  8
Numbers
  6
ByLayer
 62
  256
370
   -1
100
AcDbText
 10
59.78931607882053
 20
-19.85541948252146
 30
0
 40
3
  1
2
 50
-18.37079843903324
 41
1
 51
0
  7
opensans-italic
 71
    0
 72
    2
 11
59.78931607882053
 21
-19.85541948252146
 31
0
210
0
220
0
230
1
100
AcDbText
 73
    2
  0
TEXT
  5
129
100
AcDbEntity
  8
Numbers
  6
ByLayer
 62
  256
370
   -1
100
AcDbText
 10
63.58546313144405
 20
-21.11608103696727
 30
0
 40
3
  1
2
 50
-18.37079843903324
 41
1
 51
0
  7
opensans-italic
 71
    0
 11
63.58546313144405
 21
-21.11608103696727
 31
0
210
0
220
0
230
1
100
AcDbText
 73
    2
  0
LINE
  5
12A
100
AcDbEntity
  8
InnerRing
  6
ByLayer
 62
  256
370
   -1
100
AcDbLine
 10
61.40287895706314
 20
-21.32337815132143
 11
60.93054911893189
 21
-21.15935216554204
  0
LINE
  5
12B
100
AcDbEntity
  8
OuterRing
  6
ByLayer
 62
  256
370
   -1
100
AcDbLine
 10
61.40287895706314
 20
-21.32337815132143
 11
61.8752087951944
 21
-21.48740413710082
  0
LINE
  5
12C
100
AcDbEntity
  8
InnerRing
  6
ByLayer
 62
  256
370
   -1
100
AcDbLine
 10
61.10849149374999
 20
-22.15292909207007
 11
60.63842617456731
 21
-21.982521945208
  0
LINE
  5
12D
100
AcDbEntity
  8
OuterRing
  6
ByLayer
 62
  256
370
   -1
100
AcDbLine
 10
61.10849149374999
 20
-22.15292909207007
 11
61.57855681293269
 21
-22.32333623893215
  0
LINE
  5
12E
100
AcDbEntity
  8
InnerRing
  6
ByLayer
 62
  256
370
   -1
100
AcDbLine
 10
60.80443395835309
 20
-22.97435115524002
 11
60.33670754328883
 21
-22.79762537712279
  0
LINE
  5
12F
100
AcDbEntity
  8
OuterRing
  6
ByLayer
 62
  256
370
   -1
100
AcDbLine
 10
60.80443395835309
 20
-22.97435115524002
 11
61.27216037341734
 21
-23.15107693335725
  0
LINE
  5
130
100
AcDbEntity
  8
InnerRing
  6
ByLayer
 62
  256
370
   -1
100
AcDbLine
 10
60.49091071878699
 20
-23.78759593594404
 11
60.02559602095016
 21
-23.60461442874448
  0
LINE
  5
131
100
AcDbEntity
  8
OuterRing
  6
ByLayer
 62
  256
370
   -1
100
AcDbLine
 10
60.49091071878699
 20
-23.78759593594404
 11
60.95622541662381
 21
-23.97057744314361
  0
LINE
  5
132
100
AcDbEntity
  8
InnerRing
  6
ByLayer
 62
  256
370
   -1
100
AcDbLine
 10
60.16812376785953
 20
-24.59261845057448
 11
59.7052920465683
 21
-24.40344446249314
  0
LINE
  5
133
100
AcDbEntity
  8
OuterRing
  6
ByLayer
 62
  256
370
   -1
100
AcDbLine
 10
60.16812376785953
 20
-24.59261845057448
 11
60.63095548915076
 21
-24.78179243865582
  0
LINE
  5
134
100
AcDbEntity
  8
InnerRing
  6
ByLayer
 62
  256
370
   -1
100
AcDbLine
 10
59.83627272472625
 20
-25.38937703867862
 11
59.37599370376682
 21
-25.1940741383811
  0
LINE
  5
135
100
AcDbEntity
  8
OuterRing
  6
ByLayer
 62
  256
370
   -1
100
AcDbLine
 10
59.83627272472625
 20
-25.38937703867862
 11
60.29655174568568
 21
-25.58467993897616
  0
LINE
  5
136
100
AcDbEntity
  8
InnerRing
  6
ByLayer
 62
  256
370
   -1
100
AcDbLine
 10
59.49555483759072
 20
-26.17783326723654
 11
59.0378967234554
 21
-25.97646531902703
  0
LINE
  5
137
100
AcDbEntity
  8
OuterRing
  6
ByLayer
 62
  256
370
   -1
100
AcDbLine
 10
59.49555483759072
 20
-26.17783326723654
 11
59.95321295172603
 21
-26.37920121544605
  0
LINE
  5
138
100
AcDbEntity
  8
InnerRing
  6
ByLayer
 62
  256
370
   -1
100
AcDbLine
 10
59.14616498758275
 20
-26.95795183728987
 11
58.69119448767827
 21
-26.75058297700303
  0
LINE
  5
139
100
AcDbEntity
  8
OuterRing
  6
ByLayer
 62
  256
370
   -1
100
AcDbLine
 10
59.14616498758275
 20
-26.95795183728987
 11
59.60113548748723
 21
-27.16532069757672
  0
LINE
  5
13A
100
AcDbEntity
  8
InnerRing
  6
ByLayer
 62
  256
370
   -1
100
AcDbLine
 10
58.78829569375095
 20
-27.72970049286691
 11
58.33607803456825
 21
-27.51639510446024
  0
LINE
  5
13B
100
AcDbEntity
  8
OuterRing
  6
ByLayer
 62
  256
370
   -1
100
AcDbLine
 10
58.78829569375095
 20
-27.72970049286691
 11
59.24051335293365
 21
-27.94300588127357
  0
LINE
  5
13C
100
AcDbEntity
  8
InnerRing
  6
ByLayer
 62
  256
370
   -1
100
AcDbLine
 10
58.42213711910733
 20
-28.493049932154
 11
57.5233350095826
 21
-28.05469531781317
  0
LINE
  5
13D
100
AcDbEntity
  8
OuterRing
  6
ByLayer
 62
  256
370
   -1
100
AcDbLine
 10
58.42213711910733
 20
-28.493049932154
 11
59.32093922863206
 21
-28.93140454649483
  0
LINE
  5
13E
100
AcDbEntity
  8
InnerRing
  6
ByLayer
 62
  256
370
   -1
100
AcDbLine
 10
58.04787707766587
 20
-29.2479737208613
 11
57.60135494629921
 21
-29.0229893076239
  0
LINE
  5
13F
100
AcDbEntity
  8
OuterRing
  6
ByLayer
 62
  256
370
   -1
100
AcDbLine
 10
58.04787707766587
 20
-29.2479737208613
 11
58.49439920903253
 21
-29.47295813409869
  0
LINE
  5
140
100
AcDbEntity
  8
InnerRing
  6
ByLayer
 62
  256
370
   -1
100
AcDbLine
 10
57.66570104241834
 20
-29.99444820773391
 11
57.22211872670744
 21
-29.76372168305903
  0
LINE
  5
141
100
AcDbEntity
  8
OuterRing
  6
ByLayer
 62
  256
370
   -1
100
AcDbLine
 10
57.66570104241834
 20
-29.99444820773391
 11
58.10928335812925
 21
-30.22517473240879
  0
LINE
  5
142
100
AcDbEntity
  8
InnerRing
  6
ByLayer
 62
  256
370
   -1
100
AcDbLine
 10
57.27579215419417
 20
-30.73245244215875
 11
56.83520913762345
 21
-30.49604896183445
  0
LINE
  5
143
100
AcDbEntity
  8
OuterRing
  6
ByLayer
 62
  256
370
   -1
100
AcDbLine
 10
57.27579215419417
 20
-30.73245244215875
 11
57.7163751707649
 21
-30.96885592248305
  0
LINE
  5
144
100
AcDbEntity
  8
InnerRing
  6
ByLayer
 62
  256
370
   -1
100
AcDbLine
 10
56.87833123135245
 20
-31.46196809382015
 11
56.44080560649589
 21
-31.21995295463692
  0
LINE
  5
145
100
AcDbEntity
  8
OuterRing
  6
ByLayer
 62
  256
370
   -1
100
AcDbLine
 10
56.87833123135245
 20
-31.46196809382015
 11
57.315856856209
 21
-31.70398323300338
  0
LINE
  5
146
100
AcDbEntity
  8
InnerRing
  6
ByLayer
 62
  256
370
   -1
100
AcDbLine
 10
56.47349678025766
 20
-32.18297937435606
 11
56.03908526656338
 21
-31.93541799455332
  0
LINE
  5
147
100
AcDbEntity
  8
OuterRing
  6
ByLayer
 62
  256
370
   -1
100
AcDbLine
 10
56.47349678025766
 20
-32.18297937435606
 11
56.90790829395196
 21
-32.4305407541588
  0
LINE
  5
148
100
AcDbEntity
  8
InnerRing
  6
ByLayer
 62
  256
370
   -1
100
AcDbLine
 10
56.06146500649175
 20
-32.89547296096988
 11
55.63022296798028
 21
-32.64243086127011
  0
LINE
  5
149
100
AcDbEntity
  8
OuterRing
  6
ByLayer
 62
  256
370
   -1
100
AcDbLine
 10
56.06146500649175
 20
-32.89547296096988
 11
56.49270704500323
 21
-33.14851506066965
  0
LINE
  5
14A
100
AcDbEntity
  8
InnerRing
  6
ByLayer
 62
  256
370
   -1
100
AcDbLine
 10
55.64240982675809
 20
-33.59943792195183
 11
55.21439128962918
 21
-33.34098070716759
  0
LINE
  5
14B
100
AcDbEntity
  8
OuterRing
  6
ByLayer
 62
  256
370
   -1
100
AcDbLine
 10
55.64240982675809
 20
-33.59943792195183
 11
56.070428363887
 21
-33.85789513673608
  0
LINE
  5
14C
100
AcDbEntity
  8
InnerRing
  6
ByLayer
 62
  256
370
   -1
100
AcDbLine
 10
55.21650288143439
 20
-34.29486564406614
 11
54.79176055157721
 21
-34.03105898526563
  0
LINE
  5
14D
100
AcDbEntity
  8
OuterRing
  6
ByLayer
 62
  256
370
   -1
100
AcDbLine
 10
55.21650288143439
 20
-34.29486564406614
 11
55.64124521129158
 21
-34.55867230286665
  0
LINE
  5
14E
100
AcDbEntity
  8
InnerRing
  6
ByLayer
 62
  256
370
   -1
100
AcDbLine
 10
54.78391354773397
 20
-34.98174976176022
 11
54.36249882813601
 21
-34.71265937897745
  0
LINE
  5
14F
100
AcDbEntity
  8
OuterRing
  6
ByLayer
 62
  256
370
   -1
100
AcDbLine
 10
54.78391354773397
 20
-34.98174976176022
 11
55.20532826733191
 21
-35.25084014454299
  0
LINE
  5
150
100
AcDbEntity
  8
InnerRing
  6
ByLayer
 62
  256
370
   -1
100
AcDbLine
 10
54.34480895343575
 20
-35.66008608815422
 11
53.50873496953674
 21
-35.11146937910569
  0
LINE
  5
151
100
AcDbEntity
  8
OuterRing
  6
ByLayer
 62
  256
370
   -1
100
AcDbLine
 10
54.34480895343575
 20
-35.66008608815422
 11
55.18088293733476
 21
-36.20870279720275
  0
LINE
  5
152
100
AcDbEntity
  8
InnerRing
  6
ByLayer
 62
  256
370
   -1
100
AcDbLine
 10
53.89935399114681
 20
-36.32987254776772
 11
53.4847435758303
 21
-36.05041198970797
  0
LINE
  5
153
100
AcDbEntity
  8
OuterRing
  6
ByLayer
 62
  256
370
   -1
100
AcDbLine
 10
53.89935399114681
 20
-36.32987254776772
 11
54.31396440646333
 21
-36.60933310582747
  0
LINE
  5
154
100
AcDbEntity
  8
InnerRing
  6
ByLayer
 62
  256
370
   -1
100
AcDbLine
 10
53.44771133306058
 20
-36.99110911094485
 11
53.03657509203704
 21
-36.70656211778374
  0
LINE
  5
155
100
AcDbEntity
  8
OuterRing
  6
ByLayer
 62
  256
370
   -1
100
AcDbLine
 10
53.44771133306058
 20
-36.99110911094485
 11
53.85884757408413
 21
-37.27565610410597
  0
LINE
  5
156
100
AcDbEntity
  8
InnerRing
  6
ByLayer
 62
  256
370
   -1
100
AcDbLine
 10
52.99004144617795
 20
-37.64379772993612
 11
52.58242574274581
 21
-37.35423005509045
  0
LINE
  5
157
100
AcDbEntity
  8
OuterRing
  6
ByLayer
 62
  256
370
   -1
100
AcDbLine
 10
52.99004144617795
 20
-37.64379772993612
 11
53.39765714961008
 21
-37.93336540478177
  0
LINE
  5
158
100
AcDbEntity
  8
InnerRing
  6
ByLayer
 62
  256
370
   -1
100
AcDbLine
 10
52.52650260795794
 20
-38.28794227659915
 11
52.12245258789672
 21
-37.99341964370223
  0
LINE
  5
159
100
AcDbEntity
  8
OuterRing
  6
ByLayer
 62
  256
370
   -1
100
AcDbLine
 10
52.52650260795794
 20
-38.28794227659915
 11
52.93055262801915
 21
-38.58246490949607
  0
LINE
  5
15A
100
AcDbEntity
  8
InnerRing
  6
ByLayer
 62
  256
370
   -1
100
AcDbLine
 10
52.05725092236783
 20
-38.92354848167923
 11
51.65681053065731
 21
-38.6241365702817
  0
LINE
  5
15B
100
AcDbEntity
  8
OuterRing
  6
ByLayer
 62
  256
370
   -1
100
AcDbLine
 10
52.05725092236783
 20
-38.92354848167923
 11
52.45769131407835
 21
-39.22296039307676
  0
LINE
  5
15C
100
AcDbEntity
  8
InnerRing
  6
ByLayer
 62
  256
370
   -1
100
AcDbLine
 10
51.58244033630233
 20
-39.55062387563324
 11
51.18565233371539
 21
-39.24638830735913
  0
LINE
  5
15D
100
AcDbEntity
  8
OuterRing
  6
ByLayer
 62
  256
370
   -1
100
AcDbLine
 10
51.58244033630233
 20
-39.55062387563324
 11
51.97922833888927
 21
-39.85485944390734
  0
LINE
  5
15E
100
AcDbEntity
  8
InnerRing
  6
ByLayer
 62
  256
370
   -1
100
AcDbLine
 10
51.10222265634454
 20
-40.16917773095918
 11
50.70912863591111
 21
-39.86018405610564
  0
LINE
  5
15F
100
AcDbEntity
  8
OuterRing
  6
ByLayer
 62
  256
370
   -1
100
AcDbLine
 10
51.10222265634454
 20
-40.16917773095918
 11
51.49531667677795
 21
-40.47817140581271
  0
LINE
  5
160
100
AcDbEntity
  8
InnerRing
  6
ByLayer
 62
  256
370
   -1
100
AcDbLine
 10
50.61674756584117
 20
-40.77922100599656
 11
50.22738796918086
 21
-40.46553469056582
  0
LINE
  5
161
100
AcDbEntity
  8
OuterRing
  6
ByLayer
 62
  256
370
   -1
100
AcDbLine
 10
50.61674756584117
 20
-40.77922100599656
 11
51.00610716250149
 21
-41.0929073214273
  0
LINE
  5
162
100
AcDbEntity
  8
InnerRing
  6
ByLayer
 62
  256
370
   -1
100
AcDbLine
 10
50.12616264226673
 20
-41.38076629016219
 11
49.74057677578775
 21
-41.06245270331479
  0
LINE
  5
163
100
AcDbEntity
  8
OuterRing
  6
ByLayer
 62
  256
370
   -1
100
AcDbLine
 10
50.12616264226673
 20
-41.38076629016219
 11
50.5117485087457
 21
-41.69907987700959
  0
LINE
  5
164
100
AcDbEntity
  8
InnerRing
  6
ByLayer
 62
  256
370
   -1
100
AcDbLine
 10
49.63061337485227
 20
-41.97382775058685
 11
48.86706547677763
 21
-41.32807655442397
  0
LINE
  5
165
100
AcDbEntity
  8
OuterRing
  6
ByLayer
 62
  256
370
   -1
100
AcDbLine
 10
49.63061337485227
 20
-41.97382775058685
 11
50.39416127292693
 21
-42.61957894674972
  0
LINE
  5
166
100
AcDbEntity
  8
InnerRing
  6
ByLayer
 62
  256
370
   -1
100
AcDbLine
 10
49.1302431824552
 20
-42.55842108012013
 11
48.75231823489786
 21
-42.23104861027306
  0
LINE
  5
167
100
AcDbEntity
  8
OuterRing
  6
ByLayer
 62
  256
370
   -1
100
AcDbLine
 10
49.1302431824552
 20
-42.55842108012013
 11
49.50816813001256
 21
-42.88579354996721
  0
LINE
  5
168
100
AcDbEntity
  8
InnerRing
  6
ByLayer
 62
  256
370
   -1
100
AcDbLine
 10
48.62519343164838
 20
-43.13456344666977
 11
48.25115348217415
 21
-42.80275911246462
  0
LINE
  5
169
100
AcDbEntity
  8
OuterRing
  6
ByLayer
 62
  256
370
   -1
100
AcDbLine
 10
48.62519343164838
 20
-43.13456344666977
 11
48.99923338112259
 21
-43.46636778087493
  0
LINE
  5
16A
100
AcDbEntity
  8
InnerRing
  6
ByLayer
 62
  256
370
   -1
100
AcDbLine
 10
48.11560345500661
 20
-43.70227344384449
 11
47.74548342842964
 21
-43.36610210966107
  0
LINE
  5
16B
100
AcDbEntity
  8
OuterRing
  6
ByLayer
 62
  256
370
   -1
100
AcDbLine
 10
48.11560345500661
 20
-43.70227344384449
 11
48.48572348158359
 21
-44.03844477802791
  0
LINE
  5
16C
100
AcDbEntity
  8
InnerRing
  6
ByLayer
 62
  256
370
   -1
100
AcDbLine
 10
47.60161056957178
 20
-44.26157104286779
 11
47.23544433442122
 21
-43.92109741946111
  0
LINE
  5
16D
100
AcDbEntity
  8
OuterRing
  6
ByLayer
 62
  256
370
   -1
100
AcDbLine
 10
47.60161056957178
 20
-44.26157104286779
 11
47.96777680472233
 21
-44.60204466627447
  0
LINE
  5
16E
100
AcDbEntity
  8
InnerRing
  6
ByLayer
 62
  256
370
   -1
100
AcDbLine
 10
47.08335009547551
 20
-44.81247754573369
 11
46.72117047935647
 21
-44.46776617999728
  0
LINE
  5
16F
100
AcDbEntity
  8
OuterRing
  6
ByLayer
 62
  256
370
   -1
100
AcDbLine
 10
47.08335009547551
 20
-44.81247754573369
 11
47.44552971159455
 21
-45.15718891147011
  0
LINE
  5
170
100
AcDbEntity
  8
InnerRing
  6
ByLayer
 62
  256
370
   -1
100
AcDbLine
 10
46.56095537470308
 20
-45.35501553957301
 11
46.20279417951305
 21
-45.00613080465322
  0
LINE
  5
171
100
AcDbEntity
  8
OuterRing
  6
ByLayer
 62
  256
370
   -1
100
AcDbLine
 10
46.56095537470308
 20
-45.35501553957301
 11
46.9191165698931
 21
-45.7039002744928
  0
LINE
  5
172
100
AcDbEntity
  8
InnerRing
  6
ByLayer
 62
  256
370
   -1
100
AcDbLine
 10
46.03455778997982
 20
-45.88920885220194
 11
45.68044580697998
 21
-45.53621493795423
  0
LINE
  5
173
100
AcDbEntity
  8
OuterRing
  6
ByLayer
 62
  256
370
   -1
100
AcDbLine
 10
46.03455778997982
 20
-45.88920885220194
 11
46.38866977297966
 21
-46.24220276644964
  0
LINE
  5
174
100
AcDbEntity
  8
InnerRing
  6
ByLayer
 62
  256
370
   -1
100
AcDbLine
 10
45.50428678376425
 20
-46.41508250882399
 11
45.15425380850452
 21
-46.05804341260227
  0
LINE
  5
175
100
AcDbEntity
  8
OuterRing
  6
ByLayer
 62
  256
370
   -1
100
AcDbLine
 10
45.50428678376425
 20
-46.41508250882399
 11
45.85431975902397
 21
-46.77212160504571
  0
LINE
  5
176
100
AcDbEntity
  8
InnerRing
  6
ByLayer
 62
  256
370
   -1
100
AcDbLine
 10
44.9702698773317
 20
-46.93266268985762
 11
44.62434472442914
 21
-46.57164220762795
  0
LINE
  5
177
100
AcDbEntity
  8
OuterRing
  6
ByLayer
 62
  256
370
   -1
100
AcDbLine
 10
44.9702698773317
 20
-46.93266268985762
 11
45.31619503023425
 21
-47.2936831720873
  0
LINE
  5
178
100
AcDbEntity
  8
InnerRing
  6
ByLayer
 62
  256
370
   -1
100
AcDbLine
 10
44.432632689934
 20
-47.441976689862
 11
43.74905372547347
 21
-46.71210012540258
  0
LINE
  5
179
100
AcDbEntity
  8
OuterRing
  6
ByLayer
 62
  256
370
   -1
100
AcDbLine
 10
44.432632689934
 20
-47.441976689862
 11
45.11621165439452
 21
-48.17185325432141
  0
LINE
  5
17A
100
AcDbEntity
  8
InnerRing
  6
ByLayer
 62
  256
370
   -1
100
AcDbLine
 10
43.89149895802065
 20
-47.94305287753453
 11
43.55387204295895
 21
-47.57426016309196
  0
LINE
  5
17B
100
AcDbEntity
  8
OuterRing
  6
ByLayer
 62
  256
370
   -1
100
AcDbLine
 10
43.89149895802065
 20
-47.94305287753453
 11
44.22912587308235
 21
-48.3118455919771
  0
LINE
  5
17C
100
AcDbEntity
  8
InnerRing
  6
ByLayer
 62
  256
370
   -1
100
AcDbLine
 10
43.346990554508
 20
-48.43592065675426
 11
43.01355216562717
 21
-48.06333665170231
  0
LINE
  5
17D
100
AcDbEntity
  8
OuterRing
  6
ByLayer
 62
  256
370
   -1
100
AcDbLine
 10
43.346990554508
 20
-48.43592065675426
 11
43.68042894338883
 21
-48.80850466180622
  0
LINE
  5
17E
100
AcDbEntity
  8
InnerRing
  6
ByLayer
 62
  256
370
   -1
100
AcDbLine
 10
42.799227508084
 20
-48.92061042864515
 11
42.47000268109874
 21
-48.5442980407325
  0
LINE
  5
17F
100
AcDbEntity
  8
OuterRing
  6
ByLayer
 62
  256
370
   -1
100
AcDbLine
 10
42.799227508084
 20
-48.92061042864515
 11
43.12845233506926
 21
-49.29692281655781
  0
LINE
  5
180
100
AcDbEntity
  8
InnerRing
  6
ByLayer
 62
  256
370
   -1
100
AcDbLine
 10
42.2483280225359
 20
-49.39715355463519
 11
41.92334088390101
 21
-49.01717545036877
  0
LINE
  5
181
100
AcDbEntity
  8
OuterRing
  6
ByLayer
 62
  256
370
   -1
100
AcDbLine
 10
42.2483280225359
 20
-49.39715355463519
 11
42.57331516117079
 21
-49.77713165890162
  0
LINE
  5
182
100
AcDbEntity
  8
InnerRing
  6
ByLayer
 62
  256
370
   -1
100
AcDbLine
 10
41.6944084960894
 20
-49.86558232048662
 11
41.37368227688872
 21
-49.48200091802134
  0
LINE
  5
183
100
AcDbEntity
  8
OuterRing
  6
ByLayer
 62
  256
370
   -1
100
AcDbLine
 10
41.6944084960894
 20
-49.86558232048662
 11
42.01513471529009
 21
-50.24916372295191
  0
LINE
  5
184
100
AcDbEntity
  8
InnerRing
  6
ByLayer
 62
  256
370
   -1
100
AcDbLine
 10
41.13758354074893
 20
-50.32592990127358
 11
40.82114059043548
 21
-49.93880736357148
  0
LINE
  5
185
100
AcDbEntity
  8
OuterRing
  6
ByLayer
 62
  256
370
   -1
100
AcDbLine
 10
41.13758354074893
 20
-50.32592990127358
 11
41.45402649106239
 21
-50.71305243897569
  0
LINE
  5
186
100
AcDbEntity
  8
InnerRing
  6
ByLayer
 62
  256
370
   -1
100
AcDbLine
 10
40.57796600162758
 20
-50.77823032728451
 11
40.26582780161506
 21
-50.38762855553617
  0
LINE
  5
187
100
AcDbEntity
  8
OuterRing
  6
ByLayer
 62
  256
370
   -1
100
AcDbLine
 10
40.57796600162758
 20
-50.77823032728451
 11
40.8901042016401
 21
-51.16883209903285
  0
LINE
  5
188
100
AcDbEntity
  8
InnerRing
  6
ByLayer
 62
  256
370
   -1
100
AcDbLine
 10
40.01566697625798
 20
-51.22251845082606
 11
39.70785415336369
 21
-50.8284990781274
  0
LINE
  5
189
100
AcDbEntity
  8
OuterRing
  6
ByLayer
 62
  256
370
   -1
100
AcDbLine
 10
40.01566697625798
 20
-51.22251845082606
 11
40.32347979915227
 21
-51.61653782352472
  0
LINE
  5
18A
100
AcDbEntity
  8
InnerRing
  6
ByLayer
 62
  256
370
   -1
100
AcDbLine
 10
39.45079583387403
 20
-51.65882991390714
 11
39.14732817361347
 21
-51.26145429918478
  0
LINE
  5
18B
100
AcDbEntity
  8
OuterRing
  6
ByLayer
 62
  256
370
   -1
100
AcDbLine
 10
39.45079583387403
 20
-51.65882991390714
 11
39.75426349413461
 21
-52.0562055286295
  0
LINE
  5
18C
100
AcDbEntity
  8
InnerRing
  6
ByLayer
 62
  256
370
   -1
100
AcDbLine
 10
38.8834602346551
 20
-52.08720111678103
 11
37.98614961385537
 21
-50.88518878331686
  0
LINE
  5
18D
100
AcDbEntity
  8
OuterRing
  6
ByLayer
 62
  256
370
   -1
100
AcDbLine
 10
38.8834602346551
 20
-52.08720111678103
 11
39.78077085545483
 21
-53.28921345024521
  0
TEXT
  5
18E
100
AcDbEntity
  8
Numbers
  6
ByLayer
 62
  256
370
   -1
100
AcDbText
 10
37.98614961385537
 20
-50.88518878331686
 30
0
 40
1.8
  1
2.5
 50
-53.25840312193353
 41
1
 51
0
  7
opensans-italic
 71
    0
 72
    2
 11
37.98614961385537
 21
-50.88518878331686
 31
0
210
0
220
0
230
1
100
AcDbText
 73
    2
  0
TEXT
  5
18F
100
AcDbEntity
  8
Numbers
  6
ByLayer
 62
  256
370
   -1
100
AcDbText
 10
39.78077085545483
 20
-53.28921345024521
 30
0
 40
1.8
  1
2.5
 50
-53.25840312193353
 41
1
 51
0
  7
opensans-italic
 71
    0
 11
39.78077085545483
 21
-53.28921345024521
 31
0
210
0
220
0
230
1
100
AcDbText
 73
    2
  0
LINE
  5
190
100
AcDbEntity
  8
InnerRing
  6
ByLayer
 62
  256
370
   -1
100
AcDbLine
 10
38.31376614892399
 20
-52.50766918732507
 11
38.01904487085534
 21
-52.10376403973026
  0
LINE
  5
191
100
AcDbEntity
  8
OuterRing
  6
ByLayer
 62
  256
370
   -1
100
AcDbLine
 10
38.31376614892399
 20
-52.50766918732507
 11
38.60848742699263
 21
-52.91157433491988
  0
LINE
  5
192
100
AcDbEntity
  8
InnerRing
  6
ByLayer
 62
  256
370
   -1
100
AcDbLine
 10
37.74181787629124
 20
-52.92027195123683
 11
37.45149620031977
 21
-52.51319293622731
  0
LINE
  5
193
100
AcDbEntity
  8
OuterRing
  6
ByLayer
 62
  256
370
   -1
100
AcDbLine
 10
37.74181787629124
 20
-52.92027195123683
 11
38.03213955226271
 21
-53.32735096624634
  0
LINE
  5
194
100
AcDbEntity
  8
InnerRing
  6
ByLayer
 62
  256
370
   -1
100
AcDbLine
 10
37.16771806473816
 20
-53.32504790302712
 11
36.88181254116326
 21
-52.91485522684999
  0
LINE
  5
195
100
AcDbEntity
  8
OuterRing
  6
ByLayer
 62
  256
370
   -1
100
AcDbLine
 10
37.16771806473816
 20
-53.32504790302712
 11
37.45362358831307
 21
-53.73524057920425
  0
LINE
  5
196
100
AcDbEntity
  8
InnerRing
  6
ByLayer
 62
  256
370
   -1
100
AcDbLine
 10
36.59156772963109
 20
-53.7220361777904
 11
36.31009413171085
 21
-53.30878974565356
  0
LINE
  5
197
100
AcDbEntity
  8
OuterRing
  6
ByLayer
 62
  256
370
   -1
100
AcDbLine
 10
36.59156772963109
 20
-53.7220361777904
 11
36.87304132755133
 21
-54.13528260992725
  0
LINE
  5
198
100
AcDbEntity
  8
InnerRing
  6
ByLayer
 62
  256
370
   -1
100
AcDbLine
 10
36.01346627266127
 20
-54.11127652373292
 11
35.73643960902542
 21
-53.69503593508882
  0
LINE
  5
199
100
AcDbEntity
  8
OuterRing
  6
ByLayer
 62
  256
370
   -1
100
AcDbLine
 10
36.01346627266127
 20
-54.11127652373292
 11
36.29049293629713
 21
-54.52751711237701
  0
LINE
  5
19A
100
AcDbEntity
  8
InnerRing
  6
ByLayer
 62
  256
370
   -1
100
AcDbLine
 10
35.43351150070295
 20
-54.49280927544066
 11
35.16094602762062
 21
-54.07363381947573
  0
LINE
  5
19B
100
AcDbEntity
  8
OuterRing
  6
ByLayer
 62
  256
370
   -1
100
AcDbLine
 10
35.43351150070295
 20
-54.49280927544066
 11
35.70607697378528
 21
-54.91198473140559
  0
LINE
  5
19C
100
AcDbEntity
  8
InnerRing
  6
ByLayer
 62
  256
370
   -1
100
AcDbLine
 10
34.85179964458497
 20
-54.86667532786826
 11
34.58370887808816
 21
-54.44462397919234
  0
LINE
  5
19D
100
AcDbEntity
  8
OuterRing
  6
ByLayer
 62
  256
370
   -1
100
AcDbLine
 10
34.85179964458497
 20
-54.86667532786826
 11
35.11989041108178
 21
-55.28872667654417
  0
LINE
  5
19E
100
AcDbEntity
  8
InnerRing
  6
ByLayer
 62
  256
370
   -1
100
AcDbLine
 10
34.26842537776925
 20
-55.23291611103166
 11
34.00482210563256
 21
-54.80804752556218
  0
LINE
  5
19F
100
AcDbEntity
  8
OuterRing
  6
ByLayer
 62
  256
370
   -1
100
AcDbLine
 10
34.26842537776925
 20
-55.23291611103166
 11
34.53202864990594
 21
-55.65778469650112
  0
LINE
  5
1A0
100
AcDbEntity
  8
InnerRing
  6
ByLayer
 62
  256
370
   -1
100
AcDbLine
 10
33.6834818349319
 20
-55.5915735653868
 11
33.42437812850934
 21
-55.16394607642228
  0
LINE
  5
1A1
100
AcDbEntity
  8
OuterRing
  6
ByLayer
 62
  256
370
   -1
100
AcDbLine
 10
33.6834818349319
 20
-55.5915735653868
 11
33.94258554135445
 21
-56.01920105435131
  0
LINE
  5
1A2
100
AcDbEntity
  8
InnerRing
  6
ByLayer
 62
  256
370
   -1
100
AcDbLine
 10
33.09706063044134
 20
-55.94269011787768
 11
32.5878750822807
 21
-55.08203334683341
  0
LINE
  5
1A3
100
AcDbEntity
  8
OuterRing
  6
ByLayer
 62
  256
370
   -1
100
AcDbLine
 10
33.09706063044134
 20
-55.94269011787768
 11
33.60624617860198
 21
-56.80334688892196
  0
LINE
  5
1A4
100
AcDbEntity
  8
InnerRing
  6
ByLayer
 62
  256
370
   -1
100
AcDbLine
 10
32.50925187672954
 20
-56.28630865863702
 11
32.25918070844701
 21
-55.85333705357058
  0
LINE
  5
1A5
100
AcDbEntity
  8
OuterRing
  6
ByLayer
 62
  256
370
   -1
100
AcDbLine
 10
32.50925187672954
 20
-56.28630865863702
 11
32.75932304501208
 21
-56.71928026370346
  0
LINE
  5
1A6
100
AcDbEntity
  8
InnerRing
  6
ByLayer
 62
  256
370
   -1
100
AcDbLine
 10
31.92014420255162
 20
-56.62247251832359
 11
31.67460463176275
 21
-56.18691503741341
  0
LINE
  5
1A7
100
AcDbEntity
  8
OuterRing
  6
ByLayer
 62
  256
370
   -1
100
AcDbLine
 10
31.92014420255162
 20
-56.62247251832359
 11
32.16568377334048
 21
-57.05802999923377
  0
LINE
  5
1A8
100
AcDbEntity
  8
InnerRing
  6
ByLayer
 62
  256
370
   -1
100
AcDbLine
 10
31.32982477112991
 20
-56.95122544608056
 11
31.0888261190443
 21
-56.51313909649533
  0
LINE
  5
1A9
100
AcDbEntity
  8
OuterRing
  6
ByLayer
 62
  256
370
   -1
100
AcDbLine
 10
31.32982477112991
 20
-56.95122544608056
 11
31.57082342321553
 21
-57.3893117956658
  0
LINE
  5
1AA
100
AcDbEntity
  8
InnerRing
  6
ByLayer
 62
  256
370
   -1
100
AcDbLine
 10
30.73837929817908
 20
-57.27261158809921
 11
30.50193022665463
 21
-56.83205303742152
  0
LINE
  5
1AB
100
AcDbEntity
  8
OuterRing
  6
ByLayer
 62
  256
370
   -1
100
AcDbLine
 10
30.73837929817908
 20
-57.27261158809921
 11
30.97482836970353
 21
-57.7131701387769
  0
LINE
  5
1AC
100
AcDbEntity
  8
InnerRing
  6
ByLayer
 62
  256
370
   -1
100
AcDbLine
 10
30.14589206980838
 20
-57.58667546677325
 11
29.91400059234832
 21
-57.14370104010576
  0
LINE
  5
1AD
100
AcDbEntity
  8
OuterRing
  6
ByLayer
 62
  256
370
   -1
100
AcDbLine
 10
30.14589206980838
 20
-57.58667546677325
 11
30.37778354726845
 21
-58.02964989344073
  0
LINE
  5
1AE
100
AcDbEntity
  8
InnerRing
  6
ByLayer
 62
  256
370
   -1
100
AcDbLine
 10
29.55244596029812
 20
-57.89346196042916
 11
29.32511945291121
 21
-57.44812763765663
  0
LINE
  5
1AF
100
AcDbEntity
  8
OuterRing
  6
ByLayer
 62
  256
370
   -1
100
AcDbLine
 10
29.55244596029812
 20
-57.89346196042916
 11
29.77977246768503
 21
-58.3387962832017
  0
LINE
  5
1B0
100
AcDbEntity
  8
InnerRing
  6
ByLayer
 62
  256
370
   -1
100
AcDbLine
 10
28.95812244974741
 20
-58.19301628361804
 11
28.73536766167243
 21
-57.74537769682098
  0
LINE
  5
1B1
100
AcDbEntity
  8
OuterRing
  6
ByLayer
 62
  256
370
   -1
100
AcDbLine
 10
28.95812244974741
 20
-58.19301628361804
 11
29.18087723782239
 21
-58.6406548704151
  0
LINE
  5
1B2
100
AcDbEntity
  8
InnerRing
  6
ByLayer
 62
  256
370
   -1
100
AcDbLine
 10
28.36300164158985
 20
-58.48538396795538
 11
28.14482470588531
 21
-58.03549639897111
  0
LINE
  5
1B3
100
AcDbEntity
  8
OuterRing
  6
ByLayer
 62
  256
370
   -1
100
AcDbLine
 10
28.36300164158985
 20
-58.48538396795538
 11
28.58117857729439
 21
-58.93527153693964
  0
LINE
  5
1B4
100
AcDbEntity
  8
InnerRing
  6
ByLayer
 62
  256
370
   -1
100
AcDbLine
 10
27.76716227997579
 20
-58.77061084349464
 11
27.55356872397598
 21
-58.3185292216216
  0
LINE
  5
1B5
100
AcDbEntity
  8
OuterRing
  6
ByLayer
 62
  256
370
   -1
100
AcDbLine
 10
27.76716227997579
 20
-58.77061084349464
 11
27.9807558359756
 21
-59.22269246536767
  0
LINE
  5
1B6
100
AcDbEntity
  8
InnerRing
  6
ByLayer
 62
  256
370
   -1
100
AcDbLine
 10
27.1706817670171
 20
-59.04874302062225
 11
26.75267127829376
 21
-58.14030082030498
  0
LINE
  5
1B7
100
AcDbEntity
  8
OuterRing
  6
ByLayer
 62
  256
370
   -1
100
AcDbLine
 10
27.1706817670171
 20
-59.04874302062225
 11
27.58869225574044
 21
-59.95718522093951
  0
LINE
  5
1B8
100
AcDbEntity
  8
InnerRing
  6
ByLayer
 62
  256
370
   -1
100
AcDbLine
 10
26.5736361798942
 20
-59.31982687245992
 11
26.36922359389501
 21
-58.86352051190254
  0
LINE
  5
1B9
100
AcDbEntity
  8
OuterRing
  6
ByLayer
 62
  256
370
   -1
100
AcDbLine
 10
26.5736361798942
 20
-59.31982687245992
 11
26.77804876589339
 21
-59.7761332330173
  0
LINE
  5
1BA
100
AcDbEntity
  8
InnerRing
  6
ByLayer
 62
  256
370
   -1
100
AcDbLine
 10
25.97610028782165
 20
-59.58390901776277
 11
25.77628413176149
 21
-59.12557125608767
  0
LINE
  5
1BB
100
AcDbEntity
  8
OuterRing
  6
ByLayer
 62
  256
370
   -1
100
AcDbLine
 10
25.97610028782165
 20
-59.58390901776277
 11
26.17591644388182
 21
-60.04224677943787
  0
LINE
  5
1BC
100
AcDbEntity
  8
InnerRing
  6
ByLayer
 62
  256
370
   -1
100
AcDbLine
 10
25.37814756887178
 20
-59.84103630430014
 11
25.18293104911123
 21
-59.3807206404209
  0
LINE
  5
1BD
100
AcDbEntity
  8
OuterRing
  6
ByLayer
 62
  256
370
   -1
100
AcDbLine
 10
25.37814756887178
 20
-59.84103630430014
 11
25.57336408863234
 21
-60.30135196817937
  0
LINE
  5
1BE
100
AcDbEntity
  8
InnerRing
  6
ByLayer
 62
  256
370
   -1
100
AcDbLine
 10
24.77985022665379
 20
-60.09125579270753
 11
24.58923599414107
 21
-59.62901536353285
  0
LINE
  5
1BF
100
AcDbEntity
  8
OuterRing
  6
ByLayer
 62
  256
370
   -1
100
AcDbLine
 10
24.77985022665379
 20
-60.09125579270753
 11
24.97046445916651
 21
-60.5534962218822
  0
LINE
  5
1C0
100
AcDbEntity
  8
InnerRing
  6
ByLayer
 62
  256
370
   -1
100
AcDbLine
 10
24.1812792068478
 20
-60.33461474079759
 11
23.99526936679513
 21
-59.87050231971453
  0
LINE
  5
1C1
100
AcDbEntity
  8
OuterRing
  6
ByLayer
 62
  256
370
   -1
100
AcDbLine
 10
24.1812792068478
 20
-60.33461474079759
 11
24.36728904690048
 21
-60.79872716188065
  0
LINE
  5
1C2
100
AcDbEntity
  8
InnerRing
  6
ByLayer
 62
  256
370
   -1
100
AcDbLine
 10
23.58250421359143
 20
-60.57116058831911
 11
23.40110033502534
 21
-60.10522858379358
  0
LINE
  5
1C3
100
AcDbEntity
  8
OuterRing
  6
ByLayer
 62
  256
370
   -1
100
AcDbLine
 10
23.58250421359143
 20
-60.57116058831911
 11
23.76390809215752
 21
-61.03709259284464
  0
LINE
  5
1C4
100
AcDbEntity
  8
InnerRing
  6
ByLayer
 62
  256
370
   -1
100
AcDbLine
 10
22.98359372571875
 20
-60.80094094215238
 11
22.80679685090553
 21
-60.33324139644352
  0
LINE
  5
1C5
100
AcDbEntity
  8
OuterRing
  6
ByLayer
 62
  256
370
   -1
100
AcDbLine
 10
22.98359372571875
 20
-60.80094094215238
 11
23.16039060053198
 21
-61.26864048786125
  0
LINE
  5
1C6
100
AcDbEntity
  8
InnerRing
  6
ByLayer
 62
  256
370
   -1
100
AcDbLine
 10
22.38461501284982
 20
-61.02400356193044
 11
22.21242566659713
 21
-60.55458814991558
  0
LINE
  5
1C7
100
AcDbEntity
  8
OuterRing
  6
ByLayer
 62
  256
370
   -1
100
AcDbLine
 10
22.38461501284982
 20
-61.02400356193044
 11
22.55680435910251
 21
-61.49341897394528
  0
LINE
  5
1C8
100
AcDbEntity
  8
InnerRing
  6
ByLayer
 62
  256
370
   -1
100
AcDbLine
 10
21.78563415133035
 20
-61.24039634607526
 11
21.61805235016627
 21
-60.76931637418237
  0
LINE
  5
1C9
100
AcDbEntity
  8
OuterRing
  6
ByLayer
 62
  256
370
   -1
100
AcDbLine
 10
21.78563415133035
 20
-61.24039634607526
 11
21.95321595249442
 21
-61.71147631796815
  0
LINE
  5
1CA
100
AcDbEntity
  8
InnerRing
  6
ByLayer
 62
  256
370
   -1
100
AcDbLine
 10
21.18671604002067
 20
-61.45016731823869
 11
20.86076656248189
 21
-60.50478012872733
  0
LINE
  5
1CB
100
AcDbEntity
  8
OuterRing
  6
ByLayer
 62
  256
370
   -1
100
AcDbLine
 10
21.18671604002067
 20
-61.45016731823869
 11
21.51266551755945
 21
-62.39555450775006
  0
LINE
  5
1CC
100
AcDbEntity
  8
InnerRing
  6
ByLayer
 62
  256
370
   -1
100
AcDbLine
 10
20.58792441593288
 20
-61.65336461413793
 11
20.42955576657955
 21
-61.17910796325994
  0
LINE
  5
1CD
100
AcDbEntity
  8
OuterRing
  6
ByLayer
 62
  256
370
   -1
100
AcDbLine
 10
20.58792441593288
 20
-61.65336461413793
 11
20.74629306528621
 21
-62.12762126501591
  0
LINE
  5
1CE
100
AcDbEntity
  8
InnerRing
  6
ByLayer
 62
  256
370
   -1
100
AcDbLine
 10
19.98932186971646
 20
-61.85003646877563
 11
19.83555785533403
 21
-61.37426695747735
  0
LINE
  5
1CF
100
AcDbEntity
  8
OuterRing
  6
ByLayer
 62
  256
370
   -1
100
AcDbLine
 10
19.98932186971646
 20
-61.85003646877563
 11
20.14308588409889
 21
-62.3258059800739
  0
LINE
  5
1D0
100
AcDbEntity
  8
InnerRing
  6
ByLayer
 62
  256
370
   -1
100
AcDbLine
 10
19.39096986099087
 20
-62.0402312040352
 11
19.24180855436786
 21
-61.56299865631185
  0
LINE
  5
1D1
100
AcDbEntity
  8
OuterRing
  6
ByLayer
 62
  256
370
   -1
100
AcDbLine
 10
19.39096986099087
 20
-62.0402312040352
 11
19.54013116761387
 21
-62.51746375175855
  0
LINE
  5
1D2
100
AcDbEntity
  8
InnerRing
  6
ByLayer
 62
  256
370
   -1
100
AcDbLine
 10
18.79292873352595
 20
-62.22399721664154
 11
18.64836774326806
 21
-61.74535108420584
  0
LINE
  5
1D3
100
AcDbEntity
  8
OuterRing
  6
ByLayer
 62
  256
370
   -1
100
AcDbLine
 10
18.79292873352595
 20
-62.22399721664154
 11
18.93748972378384
 21
-62.70264334907725
  0
LINE
  5
1D4
100
AcDbEntity
  8
InnerRing
  6
ByLayer
 62
  256
370
   -1
100
AcDbLine
 10
18.19525773026892
 20
-62.40138296647831
 11
18.05529420926685
 21
-61.92137232827463
  0
LINE
  5
1D5
100
AcDbEntity
  8
OuterRing
  6
ByLayer
 62
  256
370
   -1
100
AcDbLine
 10
18.19525773026892
 20
-62.40138296647831
 11
18.33522125127099
 21
-62.88139360468199
  0
LINE
  5
1D6
100
AcDbEntity
  8
InnerRing
  6
ByLayer
 62
  256
370
   -1
100
AcDbLine
 10
17.59801500821828
 20
-62.57243696525271
 11
17.46264566200122
 21
-62.09111052705846
  0
LINE
  5
1D7
100
AcDbEntity
  8
OuterRing
  6
ByLayer
 62
  256
370
   -1
100
AcDbLine
 10
17.59801500821828
 20
-62.57243696525271
 11
17.73338435443535
 21
-63.05376340344696
  0
LINE
  5
1D8
100
AcDbEntity
  8
InnerRing
  6
ByLayer
 62
  256
370
   -1
100
AcDbLine
 10
17.00125765314442
 20
-62.73720776549908
 11
16.87047874812023
 21
-62.25461385961063
  0
LINE
  5
1D9
100
AcDbEntity
  8
OuterRing
  6
ByLayer
 62
  256
370
   -1
100
AcDbLine
 10
17.00125765314442
 20
-62.73720776549908
 11
17.13203655816861
 21
-63.21980167138754
  0
LINE
  5
1DA
100
AcDbEntity
  8
InnerRing
  6
ByLayer
 62
  256
370
   -1
100
AcDbLine
 10
16.4050416941573
 20
-62.89574394991255
 11
16.2788490657407
 21
-62.41193053491322
  0
LINE
  5
1DB
100
AcDbEntity
  8
OuterRing
  6
ByLayer
 62
  256
370
   -1
100
AcDbLine
 10
16.4050416941573
 20
-62.89574394991255
 11
16.53123432257389
 21
-63.37955736491188
  0
LINE
  5
1DC
100
AcDbEntity
  8
InnerRing
  6
ByLayer
 62
  256
370
   -1
100
AcDbLine
 10
15.8094221181204
 20
-63.04809412100484
 11
15.68781117875025
 21
-62.5631087816125
  0
LINE
  5
1DD
100
AcDbEntity
  8
OuterRing
  6
ByLayer
 62
  256
370
   -1
100
AcDbLine
 10
15.8094221181204
 20
-63.04809412100484
 11
15.93103305749056
 21
-63.53307946039719
  0
LINE
  5
1DE
100
AcDbEntity
  8
InnerRing
  6
ByLayer
 62
  256
370
   -1
100
AcDbLine
 10
15.21445288391264
 20
-63.19430689107368
 11
14.98038437800629
 21
-62.22208678505717
  0
LINE
  5
1DF
100
AcDbEntity
  8
OuterRing
  6
ByLayer
 62
  256
370
   -1
100
AcDbLine
 10
15.21445288391264
 20
-63.19430689107368
 11
15.44852138981899
 21
-64.1665269970902
  0
LINE
  5
1E0
100
AcDbEntity
  8
InnerRing
  6
ByLayer
 62
  256
370
   -1
100
AcDbLine
 10
14.62018693653661
 20
-63.33443087247824
 11
14.50772396010171
 21
-62.84724294268994
  0
LINE
  5
1E1
100
AcDbEntity
  8
OuterRing
  6
ByLayer
 62
  256
370
   -1
100
AcDbLine
 10
14.62018693653661
 20
-63.33443087247824
 11
14.7326499129715
 21
-63.82161880226653
  0
LINE
  5
1E2
100
AcDbEntity
  8
InnerRing
  6
ByLayer
 62
  256
370
   -1
100
AcDbLine
 10
14.02667622107536
 20
-63.46851466821261
 11
13.91877871168247
 21
-62.98029532461097
  0
LINE
  5
1E3
100
AcDbEntity
  8
OuterRing
  6
ByLayer
 62
  256
370
   -1
100
AcDbLine
 10
14.02667622107536
 20
-63.46851466821261
 11
14.13457373046825
 21
-63.95673401181424
  0
LINE
  5
1E4
100
AcDbEntity
  8
InnerRing
  6
ByLayer
 62
  256
370
   -1
100
AcDbLine
 10
13.43397169649647
 20
-63.59660686277006
 11
13.33063345267726
 21
-63.1074021945949
  0
LINE
  5
1E5
100
AcDbEntity
  8
OuterRing
  6
ByLayer
 62
  256
370
   -1
100
AcDbLine
 10
13.43397169649647
 20
-63.59660686277006
 11
13.53730994031567
 21
-64.08581153094521
  0
LINE
  5
1E6
100
AcDbEntity
  8
InnerRing
  6
ByLayer
 62
  256
370
   -1
100
AcDbLine
 10
12.84212334930492
 20
-63.71875601329045
 11
12.7433377850795
 21
-63.22861173626513
  0
LINE
  5
1E7
100
AcDbEntity
  8
OuterRing
  6
ByLayer
 62
  256
370
   -1
100
AcDbLine
 10
12.84212334930492
 20
-63.71875601329045
 11
12.94090891353035
 21
-64.20890029031575
  0
LINE
  5
1E8
100
AcDbEntity
  8
InnerRing
  6
ByLayer
 62
  256
370
   -1
100
AcDbLine
 10
12.25118020704491
 20
-63.83501064098377
 11
12.15694035929841
 21
-63.34397209759159
  0
LINE
  5
1E9
100
AcDbEntity
  8
OuterRing
  6
ByLayer
 62
  256
370
   -1
100
AcDbLine
 10
12.25118020704491
 20
-63.83501064098377
 11
12.34542005479141
 21
-64.32604918437595
  0
LINE
  5
1EA
100
AcDbEntity
  8
InnerRing
  6
ByLayer
 62
  256
370
   -1
100
AcDbLine
 10
11.66119035165116
 20
-63.94541922282282
 11
11.57148888740769
 21
-63.45353138264726
  0
LINE
  5
1EB
100
AcDbEntity
  8
OuterRing
  6
ByLayer
 62
  256
370
   -1
100
AcDbLine
 10
11.66119035165116
 20
-63.94541922282282
 11
11.75089181589463
 21
-64.43730706299839
  0
LINE
  5
1EC
100
AcDbEntity
  8
InnerRing
  6
ByLayer
 62
  256
370
   -1
100
AcDbLine
 10
11.07220093265004
 20
-64.05003018349815
 11
10.98703015624504
 21
-63.55733764362508
  0
LINE
  5
1ED
100
AcDbEntity
  8
OuterRing
  6
ByLayer
 62
  256
370
   -1
100
AcDbLine
 10
11.07220093265004
 20
-64.05003018349815
 11
11.15737170905504
 21
-64.54272272337121
  0
LINE
  5
1EE
100
AcDbEntity
  8
InnerRing
  6
ByLayer
 62
  256
370
   -1
100
AcDbLine
 10
10.48425818021192
 20
-64.14889188762858
 11
10.40361004036414
 21
-63.65543887310836
  0
LINE
  5
1EF
100
AcDbEntity
  8
OuterRing
  6
ByLayer
 62
  256
370
   -1
100
AcDbLine
 10
10.48425818021192
 20
-64.14889188762858
 11
10.5649063200597
 21
-64.64234490214879
  0
LINE
  5
1F0
100
AcDbEntity
  8
InnerRing
  6
ByLayer
 62
  256
370
   -1
100
AcDbLine
 10
9.897407418054447
 20
-64.2420526322209
 11
9.821273514838644
 21
-63.74788299658844
  0
LINE
  5
1F1
100
AcDbEntity
  8
OuterRing
  6
ByLayer
 62
  256
370
   -1
100
AcDbLine
 10
9.897407418054447
 20
-64.2420526322209
 11
9.973541321270252
 21
-64.73622226785338
  0
LINE
  5
1F2
100
AcDbEntity
  8
InnerRing
  6
ByLayer
 62
  256
370
   -1
100
AcDbLine
 10
9.311693076198464
 20
-64.3295606393723
 11
9.025179443084665
 21
-62.35018954277623
  0
LINE
  5
1F3
100
AcDbEntity
  8
OuterRing
  6
ByLayer
 62
  256
370
   -1
100
AcDbLine
 10
9.311693076198464
 20
-64.3295606393723
 11
9.598206709312263
 21
-66.30893173596837
  0
TEXT
  5
1F4
100
AcDbEntity
  8
Numbers
  6
ByLayer
 62
  256
370
   -1
100
AcDbText
 10
9.025179443084665
 20
-62.35018954277623
 30
0
 40
3
  1
3
 50
-81.76365169907848
 41
1
 51
0
  7
opensans-italic
 71
    0
 72
    2
 11
9.025179443084665
 21
-62.35018954277623
 31
0
210
0
220
0
230
1
100
AcDbText
 73
    2
  0
TEXT
  5
1F5
100
AcDbEntity
  8
Numbers
  6
ByLayer
 62
  256
370
   -1
100
AcDbText
 10
9.598206709312263
 20
-66.30893173596837
 30
0
 40
3
  1
3
 50
-81.76365169907848
 41
1
 51
0
  7
opensans-italic
 71
    0
 11
9.598206709312263
 21
-66.30893173596837
 31
0
210
0
220
0
230
1
100
AcDbText
 73
    2
  0
LINE
  5
1F6
100
AcDbEntity
  8
InnerRing
  6
ByLayer
 62
  256
370
   -1
100
AcDbLine
 10
8.727158703576436
 20
-64.41146404920936
 11
8.660026713548923
 21
-63.91599124883083
  0
LINE
  5
1F7
100
AcDbEntity
  8
OuterRing
  6
ByLayer
 62
  256
370
   -1
100
AcDbLine
 10
8.727158703576436
 20
-64.41146404920936
 11
8.794290693603946
 21
-64.90693684958789
  0
LINE
  5
1F8
100
AcDbEntity
  8
InnerRing
  6
ByLayer
 62
  256
370
   -1
100
AcDbLine
 10
8.143846980495017
 20
-64.48781091305769
 11
8.081202003721978
 21
-63.99175082911109
  0
LINE
  5
1F9
100
AcDbEntity
  8
OuterRing
  6
ByLayer
 62
  256
370
   -1
100
AcDbLine
 10
8.143846980495017
 20
-64.48781091305769
 11
8.206491957268057
 21
-64.98387099700429
  0
LINE
  5
1FA
100
AcDbEntity
  8
InnerRing
  6
ByLayer
 62
  256
370
   -1
100
AcDbLine
 10
7.56179973095204
 20
-64.55864918683611
 11
7.503632040713947
 21
-64.06204419309121
  0
LINE
  5
1FB
100
AcDbEntity
  8
OuterRing
  6
ByLayer
 62
  256
370
   -1
100
AcDbLine
 10
7.56179973095204
 20
-64.55864918683611
 11
7.619967421190132
 21
-65.05525418058099
  0
LINE
  5
1FC
100
AcDbEntity
  8
InnerRing
  6
ByLayer
 62
  256
370
   -1
100
AcDbLine
 10
6.981057934808779
 20
-64.62402672466985
 11
6.927357489156404
 21
-64.12691882678777
  0
LINE
  5
1FD
100
AcDbEntity
  8
OuterRing
  6
ByLayer
 62
  256
370
   -1
100
AcDbLine
 10
6.981057934808779
 20
-64.62402672466985
 11
7.034758380461154
 21
-65.12113462255192
  0
LINE
  5
1FE
100
AcDbEntity
  8
InnerRing
  6
ByLayer
 62
  256
370
   -1
100
AcDbLine
 10
6.401661739819353
 20
-64.68399127271702
 11
6.352418187974589
 21
-64.18642210908074
  0
LINE
  5
1FF
100
AcDbEntity
  8
OuterRing
  6
ByLayer
 62
  256
370
   -1
100
AcDbLine
 10
6.401661739819353
 20
-64.68399127271702
 11
6.450905291664117
 21
-65.18156043635331
  0
LINE
  5
200
100
AcDbEntity
  8
InnerRing
  6
ByLayer
 62
  256
370
   -1
100
AcDbLine
 10
5.823650473516327
 20
-64.73859046320295
 11
5.778853162181586
 21
-64.2406013057937
  0
LINE
  5
201
100
AcDbEntity
  8
OuterRing
  6
ByLayer
 62
  256
370
   -1
100
AcDbLine
 10
5.823650473516327
 20
-64.73859046320295
 11
5.868447784851068
 21
-65.23657962061222
  0
LINE
  5
202
100
AcDbEntity
  8
InnerRing
  6
ByLayer
 62
  256
370
   -1
100
AcDbLine
 10
5.247062654955717
 20
-64.78787180865697
 11
5.20670063453298
 21
-64.28950356397499
  0
LINE
  5
203
100
AcDbEntity
  8
OuterRing
  6
ByLayer
 62
  256
370
   -1
100
AcDbLine
 10
5.247062654955717
 20
-64.78787180865697
 11
5.287424675378453
 21
-65.28624005333894
  0
LINE
  5
204
100
AcDbEntity
  8
InnerRing
  6
ByLayer
 62
  256
370
   -1
100
AcDbLine
 10
4.671936006320577
 20
-64.8318826963466
 11
4.635998037041188
 21
-64.33317590637469
  0
LINE
  5
205
100
AcDbEntity
  8
OuterRing
  6
ByLayer
 62
  256
370
   -1
100
AcDbLine
 10
4.671936006320577
 20
-64.8318826963466
 11
4.707873975599966
 21
-65.33058948631849
  0
LINE
  5
206
100
AcDbEntity
  8
InnerRing
  6
ByLayer
 62
  256
370
   -1
100
AcDbLine
 10
4.098307464385313
 20
-64.87067038290388
 11
4.066782022351581
 21
-64.37166522611231
  0
LINE
  5
207
100
AcDbEntity
  8
OuterRing
  6
ByLayer
 62
  256
370
   -1
100
AcDbLine
 10
4.098307464385313
 20
-64.87067038290388
 11
4.129832906419047
 21
-65.36967553969545
  0
LINE
  5
208
100
AcDbEntity
  8
InnerRing
  6
ByLayer
 62
  256
370
   -1
100
AcDbLine
 10
3.526213191840939
 20
-64.90428198913911
 11
3.471963758120309
 21
-63.90575457392158
  0
LINE
  5
209
100
AcDbEntity
  8
OuterRing
  6
ByLayer
 62
  256
370
   -1
100
AcDbLine
 10
3.526213191840939
 20
-64.90428198913911
 11
3.580462625561569
 21
-65.90280940435663
  0
LINE
  5
20A
100
AcDbEntity
  8
InnerRing
  6
ByLayer
 62
  256
370
   -1
100
AcDbLine
 10
2.955688588483279
 20
-64.93276449503679
 11
2.932952522418023
 21
-64.43328169122881
  0
LINE
  5
20B
100
AcDbEntity
  8
OuterRing
  6
ByLayer
 62
  256
370
   -1
100
AcDbLine
 10
2.955688588483279
 20
-64.93276449503679
 11
2.978424654548535
 21
-65.43224729884476
  0
LINE
  5
20C
100
AcDbEntity
  8
InnerRing
  6
ByLayer
 62
  256
370
   -1
100
AcDbLine
 10
2.386768302263838
 20
-64.95616473492957
 11
2.368408546092578
 21
-64.45650192927627
  0
LINE
  5
20D
100
AcDbEntity
  8
OuterRing
  6
ByLayer
 62
  256
370
   -1
100
AcDbLine
 10
2.386768302263838
 20
-64.95616473492957
 11
2.405128058435099
 21
-65.45582754058289
  0
LINE
  5
20E
100
AcDbEntity
  8
InnerRing
  6
ByLayer
 62
  256
370
   -1
100
AcDbLine
 10
1.819486240206333
 20
-64.97452939284517
 11
1.805490192204746
 21
-64.47472532059251
  0
LINE
  5
20F
100
AcDbEntity
  8
OuterRing
  6
ByLayer
 62
  256
370
   -1
100
AcDbLine
 10
1.819486240206333
 20
-64.97452939284517
 11
1.83348228820792
 21
-65.47433346509781
  0
LINE
  5
210
100
AcDbEntity
  8
InnerRing
  6
ByLayer
 62
  256
370
   -1
100
AcDbLine
 10
1.253875579187588
 20
-64.98790499802188
 11
1.244230382424607
 21
-64.48799803649864
  0
LINE
  5
211
100
AcDbEntity
  8
OuterRing
  6
ByLayer
 62
  256
370
   -1
100
AcDbLine
 10
1.253875579187588
 20
-64.98790499802188
 11
1.26352077595057
 21
-65.48781195954513
  0
LINE
  5
212
100
AcDbEntity
  8
InnerRing
  6
ByLayer
 62
  256
370
   -1
100
AcDbLine
 10
0.6899687765865853
 20
-64.99633792058854
 11
0.6846613244589962
 21
-64.49636609043017
  0
LINE
  5
213
100
AcDbEntity
  8
OuterRing
  6
ByLayer
 62
  256
370
   -1
100
AcDbLine
 10
0.6899687765865853
 20
-64.99633792058854
 11
0.6952762287141745
 21
-65.49630975074692
  0
LINE
  5
214
100
AcDbEntity
  8
InnerRing
  6
ByLayer
 62
  256
370
   -1
100
AcDbLine
 10
0.1277975808002138
 20
-64.99987436740429
 11
0.126814522486366
 21
-64.49987533380887
  0
LINE
  5
215
100
AcDbEntity
  8
OuterRing
  6
ByLayer
 62
  256
370
   -1
100
AcDbLine
 10
0.1277975808002138
 20
-64.99987436740429
 11
0.1287806391140616
 21
-65.49987340099972
  0
LINE
  5
216
100
AcDbEntity
  8
InnerRing
  6
ByLayer
 62
  256
370
   -1
100
AcDbLine
 10
-0.4326069583711318
 20
-64.99856037805429
 11
-0.4292792125375078
 21
-64.49857145206926
  0
LINE
  5
217
100
AcDbEntity
  8
OuterRing
  6
ByLayer
 62
  256
370
   -1
100
AcDbLine
 10
-0.4326069583711318
 20
-64.99856037805429
 11
-0.4359347042047559
 21
-65.49854930403932
  0
LINE
  5
218
100
AcDbEntity
  8
InnerRing
  6
ByLayer
 62
  256
370
   -1
100
AcDbLine
 10
-0.9912144794681607
 20
-64.9924418209971
 11
-0.983589752703021
 21
-64.49249996083559
  0
LINE
  5
219
100
AcDbEntity
  8
OuterRing
  6
ByLayer
 62
  256
370
   -1
100
AcDbLine
 10
-0.9912144794681607
 20
-64.9924418209971
 11
-0.9988392062333004
 21
-65.49238368115861
  0
LINE
  5
21A
100
AcDbEntity
  8
InnerRing
  6
ByLayer
 62
  256
370
   -1
100
AcDbLine
 10
-1.547995299245547
 20
-64.98156438985994
 11
-1.536087643097505
 21
-64.48170620224563
  0
LINE
  5
21B
100
AcDbEntity
  8
OuterRing
  6
ByLayer
 62
  256
370
   -1
100
AcDbLine
 10
-1.547995299245547
 20
-64.98156438985994
 11
-1.55990295539359
 21
-65.48142257747425
  0
LINE
  5
21C
100
AcDbEntity
  8
InnerRing
  6
ByLayer
 62
  256
370
   -1
100
AcDbLine
 10
-2.102920402672678
 20
-64.96597359987783
 11
-2.070567781093098
 21
-63.96649708295663
  0
LINE
  5
21D
100
AcDbEntity
  8
OuterRing
  6
ByLayer
 62
  256
370
   -1
100
AcDbLine
 10
-2.102920402672678
 20
-64.96597359987783
 11
-2.135273024252257
 21
-65.96545011679902
  0
LINE
  5
21E
100
AcDbEntity
  8
InnerRing
  6
ByLayer
 62
  256
370
   -1
100
AcDbLine
 10
-2.655961433060284
 20
-64.94571478447286
 11
-2.635530960498282
 21
-64.44613236305383
  0
LINE
  5
21F
100
AcDbEntity
  8
OuterRing
  6
ByLayer
 62
  256
370
   -1
100
AcDbLine
 10
-2.655961433060284
 20
-64.94571478447286
 11
-2.676391905622286
 21
-65.44529720589188
  0
LINE
  5
220
100
AcDbEntity
  8
InnerRing
  6
ByLayer
 62
  256
370
   -1
100
AcDbLine
 10
-3.207090682312527
 20
-64.92083309196998
 11
-3.182420753987046
 21
-64.4214420681856
  0
LINE
  5
221
100
AcDbEntity
  8
OuterRing
  6
ByLayer
 62
  256
370
   -1
100
AcDbLine
 10
-3.207090682312527
 20
-64.92083309196998
 11
-3.231760610638008
 21
-65.42022411575437
  0
LINE
  5
222
100
AcDbEntity
  8
InnerRing
  6
ByLayer
 62
  256
370
   -1
100
AcDbLine
 10
-3.756281081302725
 20
-64.89137348244563
 11
-3.727386611446549
 21
-64.3922090710422
  0
LINE
  5
223
100
AcDbEntity
  8
OuterRing
  6
ByLayer
 62
  256
370
   -1
100
AcDbLine
 10
-3.756281081302725
 20
-64.89137348244563
 11
-3.785175551158899
 21
-65.39053789384906
  0
LINE
  5
224
100
AcDbEntity
  8
InnerRing
  6
ByLayer
 62
  256
370
   -1
100
AcDbLine
 10
-4.303506190371949
 20
-64.85738072470573
 11
-4.270402296599856
 21
-64.35847779605415
  0
LINE
  5
225
100
AcDbEntity
  8
OuterRing
  6
ByLayer
 62
  256
370
   -1
100
AcDbLine
 10
-4.303506190371949
 20
-64.85738072470573
 11
-4.33661008414404
 21
-65.35628365335731
  0
LINE
  5
226
100
AcDbEntity
  8
InnerRing
  6
ByLayer
 62
  256
370
   -1
100
AcDbLine
 10
-4.848740189948978
 20
-64.81889939338969
 11
-4.811442188487831
 21
-64.320292474979
  0
LINE
  5
227
100
AcDbEntity
  8
OuterRing
  6
ByLayer
 62
  256
370
   -1
100
AcDbLine
 10
-4.848740189948978
 20
-64.81889939338969
 11
-4.886038191410123
 21
-65.31750631180037
  0
LINE
  5
228
100
AcDbEntity
  8
InnerRing
  6
ByLayer
 62
  256
370
   -1
100
AcDbLine
 10
-5.391957871290646
 20
-64.77597386619692
 11
-5.350481272280717
 21
-64.27769714414926
  0
LINE
  5
229
100
AcDbEntity
  8
OuterRing
  6
ByLayer
 62
  256
370
   -1
100
AcDbLine
 10
-5.391957871290646
 20
-64.77597386619692
 11
-5.433434470300574
 21
-65.2742505882446
  0
LINE
  5
22A
100
AcDbEntity
  8
InnerRing
  6
ByLayer
 62
  256
370
   -1
100
AcDbLine
 10
-5.933134627341783
 20
-64.72864832123284
 11
-5.887495130208384
 21
-64.23073564183873
  0
LINE
  5
22B
100
AcDbEntity
  8
OuterRing
  6
ByLayer
 62
  256
370
   -1
100
AcDbLine
 10
-5.933134627341783
 20
-64.72864832123284
 11
-5.978774124475181
 21
-65.22656100062693
  0
LINE
  5
22C
100
AcDbEntity
  8
InnerRing
  6
ByLayer
 62
  256
370
   -1
100
AcDbLine
 10
-6.472246443711944
 20
-64.67696673447092
 11
-6.422459932606468
 21
-64.17945160574422
  0
LINE
  5
22D
100
AcDbEntity
  8
OuterRing
  6
ByLayer
 62
  256
370
   -1
100
AcDbLine
 10
-6.472246443711944
 20
-64.67696673447092
 11
-6.522032954817421
 21
-65.17448186319763
  0
LINE
  5
22E
100
AcDbEntity
  8
InnerRing
  6
ByLayer
 62
  256
370
   -1
100
AcDbLine
 10
-7.009269889770196
 20
-64.620972877328
 11
-6.955352429079656
 21
-64.12388847057933
  0
LINE
  5
22F
100
AcDbEntity
  8
OuterRing
  6
ByLayer
 62
  256
370
   -1
100
AcDbLine
 10
-7.009269889770196
 20
-64.620972877328
 11
-7.063187350460735
 21
-65.11805728407668
  0
LINE
  5
230
100
AcDbEntity
  8
InnerRing
  6
ByLayer
 62
  256
370
   -1
100
AcDbLine
 10
-7.544182109854254
 20
-64.56071031434951
 11
-7.42811776970265
 21
-63.56746861720567
  0
LINE
  5
231
100
AcDbEntity
  8
OuterRing
  6
ByLayer
 62
  256
370
   -1
100
AcDbLine
 10
-7.544182109854254
 20
-64.56071031434951
 11
-7.660246450005858
 21
-65.55395201149335
  0
LINE
  5
232
100
AcDbEntity
  8
InnerRing
  6
ByLayer
 62
  256
370
   -1
100
AcDbLine
 10
-8.076960814595051
 20
-64.49622240100187
 11
-8.014830346790474
 21
-64.00009761330186
  0
LINE
  5
233
100
AcDbEntity
  8
OuterRing
  6
ByLayer
 62
  256
370
   -1
100
AcDbLine
 10
-8.076960814595051
 20
-64.49622240100187
 11
-8.139091282399628
 21
-64.9923471887019
  0
LINE
  5
234
100
AcDbEntity
  8
InnerRing
  6
ByLayer
 62
  256
370
   -1
100
AcDbLine
 10
-8.607584272353259
 20
-64.42755228156923
 11
-8.541372085642848
 21
-63.93195572555717
  0
LINE
  5
235
100
AcDbEntity
  8
OuterRing
  6
ByLayer
 62
  256
370
   -1
100
AcDbLine
 10
-8.607584272353259
 20
-64.42755228156923
 11
-8.673796459063668
 21
-64.92314883758131
  0
LINE
  5
236
100
AcDbEntity
  8
InnerRing
  6
ByLayer
 62
  256
370
   -1
100
AcDbLine
 10
-9.136031300768725
 20
-64.35474288715147
 11
-9.065754136916658
 21
-63.85970640340416
  0
LINE
  5
237
100
AcDbEntity
  8
OuterRing
  6
ByLayer
 62
  256
370
   -1
100
AcDbLine
 10
-9.136031300768725
 20
-64.35474288715147
 11
-9.206308464620792
 21
-64.8497793708988
  0
LINE
  5
238
100
AcDbEntity
  8
InnerRing
  6
ByLayer
 62
  256
370
   -1
100
AcDbLine
 10
-9.662281258420043
 20
-64.27783693376112
 11
-9.587956017970658
 21
-63.78339203427065
  0
LINE
  5
239
100
AcDbEntity
  8
OuterRing
  6
ByLayer
 62
  256
370
   -1
100
AcDbLine
 10
-9.662281258420043
 20
-64.27783693376112
 11
-9.736606498869428
 21
-64.7722818332516
  0
LINE
  5
23A
100
AcDbEntity
  8
InnerRing
  6
ByLayer
 62
  256
370
   -1
100
AcDbLine
 10
-10.1863140365939
 20
-64.19687692051608
 11
-10.10795777477395
 21
-63.70305479035827
  0
LINE
  5
23B
100
AcDbEntity
  8
OuterRing
  6
ByLayer
 62
  256
370
   -1
100
AcDbLine
 10
-10.1863140365939
 20
-64.19687692051608
 11
-10.26467029841386
 21
-64.6906990506739
  0
LINE
  5
23C
100
AcDbEntity
  8
InnerRing
  6
ByLayer
 62
  256
370
   -1
100
AcDbLine
 10
-10.70811005116278
 20
-64.11190512792602
 11
-10.62573997384614
 21
-63.61873662694197
  0
LINE
  5
23D
100
AcDbEntity
  8
OuterRing
  6
ByLayer
 62
  256
370
   -1
100
AcDbLine
 10
-10.70811005116278
 20
-64.11190512792602
 11
-10.79048012847942
 21
-64.60507362891006
  0
LINE
  5
23E
100
AcDbEntity
  8
InnerRing
  6
ByLayer
 62
  256
370
   -1
100
AcDbLine
 10
-11.22765023456954
 20
-64.02296361626952
 11
-11.14128369430362
 21
-63.53047928075975
  0
LINE
  5
23F
100
AcDbEntity
  8
OuterRing
  6
ByLayer
 62
  256
370
   -1
100
AcDbLine
 10
-11.22765023456954
 20
-64.02296361626952
 11
-11.31401677483546
 21
-64.51544795177928
  0
LINE
  5
240
100
AcDbEntity
  8
InnerRing
  6
ByLayer
 62
  256
370
   -1
100
AcDbLine
 10
-11.74491602791844
 20
-63.93009422405964
 11
-11.65457052001138
 21
-63.43832426848995
  0
LINE
  5
241
100
AcDbEntity
  8
OuterRing
  6
ByLayer
 62
  256
370
   -1
100
AcDbLine
 10
-11.74491602791844
 20
-63.93009422405964
 11
-11.83526153582551
 21
-64.42186417962934
  0
LINE
  5
242
100
AcDbEntity
  8
InnerRing
  6
ByLayer
 62
  256
370
   -1
100
AcDbLine
 10
-12.25988937317073
 20
-63.83333856659555
 11
-12.16558253183865
 21
-63.34231288531405
  0
LINE
  5
243
100
AcDbEntity
  8
OuterRing
  6
ByLayer
 62
  256
370
   -1
100
AcDbLine
 10
-12.25988937317073
 20
-63.83333856659555
 11
-12.35419621450282
 21
-64.32436424787706
  0
LINE
  5
244
100
AcDbEntity
  8
InnerRing
  6
ByLayer
 62
  256
370
   -1
100
AcDbLine
 10
-12.7725527054436
 20
-63.73273803459777
 11
-12.57605189459063
 21
-62.75223437252703
  0
LINE
  5
245
100
AcDbEntity
  8
OuterRing
  6
ByLayer
 62
  256
370
   -1
100
AcDbLine
 10
-12.7725527054436
 20
-63.73273803459777
 11
-12.96905351629658
 21
-64.7132416966685
  0
LINE
  5
246
100
AcDbEntity
  8
InnerRing
  6
ByLayer
 62
  256
370
   -1
100
AcDbLine
 10
-13.28288894541219
 20
-63.62833379292472
 11
-13.18071287660132
 21
-63.13888507144069
  0
LINE
  5
247
100
AcDbEntity
  8
OuterRing
  6
ByLayer
 62
  256
370
   -1
100
AcDbLine
 10
-13.28288894541219
 20
-63.62833379292472
 11
-13.38506501422305
 21
-64.11778251440876
  0
LINE
  5
248
100
AcDbEntity
  8
InnerRing
  6
ByLayer
 62
  256
370
   -1
100
AcDbLine
 10
-13.7908814918124
 20
-63.52016677936847
 11
-13.68479778802922
 21
-63.03155011183487
  0
LINE
  5
249
100
AcDbEntity
  8
OuterRing
  6
ByLayer
 62
  256
370
   -1
100
AcDbLine
 10
-13.7908814918124
 20
-63.52016677936847
 11
-13.89696519559557
 21
-64.00878344690209
  0
LINE
  5
24A
100
AcDbEntity
  8
InnerRing
  6
ByLayer
 62
  256
370
   -1
100
AcDbLine
 10
-14.29651421404428
 20
-63.40827770352724
 11
-14.1865410277824
 21
-62.92052172119242
  0
LINE
  5
24B
100
AcDbEntity
  8
OuterRing
  6
ByLayer
 62
  256
370
   -1
100
AcDbLine
 10
-14.29651421404428
 20
-63.40827770352724
 11
-14.40648740030616
 21
-63.89603368586206
  0
LINE
  5
24C
100
AcDbEntity
  8
InnerRing
  6
ByLayer
 62
  256
370
   -1
100
AcDbLine
 10
-14.79977144487388
 20
-63.29270704575287
 11
-14.68592704914408
 21
-62.80584006847785
  0
LINE
  5
24D
100
AcDbEntity
  8
OuterRing
  6
ByLayer
 62
  256
370
   -1
100
AcDbLine
 10
-14.79977144487388
 20
-63.29270704575287
 11
-14.91361584060368
 21
-63.77957402302789
  0
LINE
  5
24E
100
AcDbEntity
  8
InnerRing
  6
ByLayer
 62
  256
370
   -1
100
AcDbLine
 10
-15.30063797323357
 20
-63.17349505617085
 11
-15.18294075805485
 21
-62.68754509420031
  0
LINE
  5
24F
100
AcDbEntity
  8
OuterRing
  6
ByLayer
 62
  256
370
   -1
100
AcDbLine
 10
-15.30063797323357
 20
-63.17349505617085
 11
-15.41833518841229
 21
-63.6594450181414
  0
LINE
  5
250
100
AcDbEntity
  8
InnerRing
  6
ByLayer
 62
  256
370
   -1
100
AcDbLine
 10
-15.7990990371187
 20
-63.05068175377103
 11
-15.67756750606394
 21
-62.56567650951125
  0
LINE
  5
251
100
AcDbEntity
  8
OuterRing
  6
ByLayer
 62
  256
370
   -1
100
AcDbLine
 10
-15.7990990371187
 20
-63.05068175377103
 11
-15.92063056817346
 21
-63.5356869980308
  0
LINE
  5
252
100
AcDbEntity
  8
InnerRing
  6
ByLayer
 62
  256
370
   -1
100
AcDbLine
 10
-16.29514031658016
 20
-62.92430692556704
 11
-16.16979308337569
 21
-62.44027379537037
  0
LINE
  5
253
100
AcDbEntity
  8
OuterRing
  6
ByLayer
 62
  256
370
   -1
100
AcDbLine
 10
-16.29514031658016
 20
-62.92430692556704
 11
-16.42048754978462
 21
-63.40834005576371
  0
LINE
  5
254
100
AcDbEntity
  8
InnerRing
  6
ByLayer
 62
  256
370
   -1
100
AcDbLine
 10
-16.78874792681094
 20
-62.79441012582252
 11
-16.65960371198932
 21
-62.31137620177773
  0
LINE
  5
255
100
AcDbEntity
  8
OuterRing
  6
ByLayer
 62
  256
370
   -1
100
AcDbLine
 10
-16.78874792681094
 20
-62.79441012582252
 11
-16.91789214163257
 21
-63.2774440498673
  0
LINE
  5
256
100
AcDbEntity
  8
InnerRing
  6
ByLayer
 62
  256
370
   -1
100
AcDbLine
 10
-17.27990841132677
 20
-62.66103067534206
 11
-17.14698603893195
 21
-62.1790227470702
  0
LINE
  5
257
100
AcDbEntity
  8
OuterRing
  6
ByLayer
 62
  256
370
   -1
100
AcDbLine
 10
-17.27990841132677
 20
-62.66103067534206
 11
-17.41283078372159
 21
-63.14303860361392
  0
LINE
  5
258
100
AcDbEntity
  8
InnerRing
  6
ByLayer
 62
  256
370
   -1
100
AcDbLine
 10
-17.76860873523842
 20
-62.52420766082533
 11
-17.35856391827138
 21
-61.0813413301909
  0
LINE
  5
259
100
AcDbEntity
  8
OuterRing
  6
ByLayer
 62
  256
370
   -1
100
AcDbLine
 10
-17.76860873523842
 20
-62.52420766082533
 11
-18.17865355220546
 21
-63.96707399145976
  0
TEXT
  5
25A
100
AcDbEntity
  8
Numbers
  6
ByLayer
 62
  256
370
   -1
100
AcDbText
 10
-17.35856391827138
 20
-61.0813413301909
 30
0
 40
1.8
  1
3.5
 50
-105.8644959660992
 41
1
 51
0
  7
opensans-italic
 71
    0
 72
    2
 11
-17.35856391827138
 21
-61.0813413301909
 31
0
210
0
220
0
230
1
100
AcDbText
 73
    2
  0
TEXT
  5
25B
100
AcDbEntity
  8
Numbers
  6
ByLayer
 62
  256
370
   -1
100
AcDbText
 10
-18.17865355220546
 20
-63.96707399145976
 30
0
 40
1.8
  1
3.5
 50
-105.8644959660992
 41
1
 51
0
  7
opensans-italic
 71
    0
 11
-18.17865355220546
 21
-63.96707399145976
 31
0
210
0
220
0
230
1
100
AcDbText
 73
    2
  0
LINE
  5
25C
100
AcDbEntity
  8
InnerRing
  6
ByLayer
 62
  256
370
   -1
100
AcDbLine
 10
-18.25483627861554
 20
-62.38397993428234
 11
-18.11441446108773
 21
-61.9041031655571
  0
LINE
  5
25D
100
AcDbEntity
  8
OuterRing
  6
ByLayer
 62
  256
370
   -1
100
AcDbLine
 10
-18.25483627861554
 20
-62.38397993428234
 11
-18.39525809614335
 21
-62.86385670300759
  0
LINE
  5
25E
100
AcDbEntity
  8
InnerRing
  6
ByLayer
 62
  256
370
   -1
100
AcDbLine
 10
-18.73857882994042
 20
-62.24038611250825
 11
-18.59443591586395
 21
-61.7616139116428
  0
LINE
  5
25F
100
AcDbEntity
  8
OuterRing
  6
ByLayer
 62
  256
370
   -1
100
AcDbLine
 10
-18.73857882994042
 20
-62.24038611250825
 11
-18.88272174401688
 21
-62.71915831337369
  0
LINE
  5
260
100
AcDbEntity
  8
InnerRing
  6
ByLayer
 62
  256
370
   -1
100
AcDbLine
 10
-19.21982457965089
 20
-62.09346457661585
 11
-19.07197977519203
 21
-61.61582254141111
  0
LINE
  5
261
100
AcDbEntity
  8
OuterRing
  6
ByLayer
 62
  256
370
   -1
100
AcDbLine
 10
-19.21982457965089
 20
-62.09346457661585
 11
-19.36766938410974
 21
-62.57110661182059
  0
LINE
  5
262
100
AcDbEntity
  8
InnerRing
  6
ByLayer
 62
  256
370
   -1
100
AcDbLine
 10
-19.69856211377099
 20
-61.94325347162438
 11
-19.54703471289582
 21
-61.46676690645804
  0
LINE
  5
263
100
AcDbEntity
  8
OuterRing
  6
ByLayer
 62
  256
370
   -1
100
AcDbLine
 10
-19.69856211377099
 20
-61.94325347162438
 11
-19.85008951464615
 21
-62.41974003679073
  0
LINE
  5
264
100
AcDbEntity
  8
InnerRing
  6
ByLayer
 62
  256
370
   -1
100
AcDbLine
 10
-20.17478040762866
 20
-61.7897907061026
 11
-20.01958978910843
 21
-61.31448462374797
  0
LINE
  5
265
100
AcDbEntity
  8
OuterRing
  6
ByLayer
 62
  256
370
   -1
100
AcDbLine
 10
-20.17478040762866
 20
-61.7897907061026
 11
-20.32997102614888
 21
-62.26509678845724
  0
LINE
  5
266
100
AcDbEntity
  8
InnerRing
  6
ByLayer
 62
  256
370
   -1
100
AcDbLine
 10
-20.64846881965935
 20
-61.63311395186484
 11
-20.48963444412351
 21
-61.15901307531202
  0
LINE
  5
267
100
AcDbEntity
  8
OuterRing
  6
ByLayer
 62
  256
370
   -1
100
AcDbLine
 10
-20.64846881965935
 20
-61.63311395186484
 11
-20.80730319519519
 21
-62.10721482841764
  0
LINE
  5
268
100
AcDbEntity
  8
InnerRing
  6
ByLayer
 62
  256
370
   -1
100
AcDbLine
 10
-21.1196170852941
 20
-61.47326064371853
 11
-20.9571584923303
 21
-61.00038940799762
  0
LINE
  5
269
100
AcDbEntity
  8
OuterRing
  6
ByLayer
 62
  256
370
   -1
100
AcDbLine
 10
-21.1196170852941
 20
-61.47326064371853
 11
-21.2820756782579
 21
-61.94613187943944
  0
LINE
  5
26A
100
AcDbEntity
  8
InnerRing
  6
ByLayer
 62
  256
370
   -1
100
AcDbLine
 10
-21.58821531093154
 20
-61.31026797926152
 11
-21.42215211623207
 21
-60.83865053326721
  0
LINE
  5
26B
100
AcDbEntity
  8
OuterRing
  6
ByLayer
 62
  256
370
   -1
100
AcDbLine
 10
-21.58821531093154
 20
-61.31026797926152
 11
-21.75427850563101
 21
-61.78188542525584
  0
LINE
  5
26C
100
AcDbEntity
  8
InnerRing
  6
ByLayer
 62
  256
370
   -1
100
AcDbLine
 10
-22.05425396799281
 20
-61.14417291872769
 11
-21.88460586054671
 21
-60.67383312704517
  0
LINE
  5
26D
100
AcDbEntity
  8
OuterRing
  6
ByLayer
 62
  256
370
   -1
100
AcDbLine
 10
-22.05425396799281
 20
-61.14417291872769
 11
-22.22390207543891
 21
-61.61451271041021
  0
LINE
  5
26E
100
AcDbEntity
  8
InnerRing
  6
ByLayer
 62
  256
370
   -1
100
AcDbLine
 10
-22.51772388705766
 20
-60.97501218487974
 11
-22.17129736571831
 21
-60.03693507434313
  0
LINE
  5
26F
100
AcDbEntity
  8
OuterRing
  6
ByLayer
 62
  256
370
   -1
100
AcDbLine
 10
-22.51772388705766
 20
-60.97501218487974
 11
-22.864150408397
 21
-61.91308929541636
  0
LINE
  5
270
100
AcDbEntity
  8
InnerRing
  6
ByLayer
 62
  256
370
   -1
100
AcDbLine
 10
-22.97861625208184
 20
-60.8028222629473
 11
-22.80185766552736
 21
-60.33510824554002
  0
LINE
  5
271
100
AcDbEntity
  8
OuterRing
  6
ByLayer
 62
  256
370
   -1
100
AcDbLine
 10
-22.97861625208184
 20
-60.8028222629473
 11
-23.15537483863631
 21
-61.27053628035459
  0
LINE
  5
272
100
AcDbEntity
  8
InnerRing
  6
ByLayer
 62
  256
370
   -1
100
AcDbLine
 10
-23.43692259469361
 20
-60.62763940060952
 11
-23.25663857473443
 21
-60.16127294368175
  0
LINE
  5
273
100
AcDbEntity
  8
OuterRing
  6
ByLayer
 62
  256
370
   -1
100
AcDbLine
 10
-23.43692259469361
 20
-60.62763940060952
 11
-23.61720661465279
 21
-61.09400585753728
  0
LINE
  5
274
100
AcDbEntity
  8
InnerRing
  6
ByLayer
 62
  256
370
   -1
100
AcDbLine
 10
-23.89263478856957
 20
-60.4494996080202
 11
-23.70884529019596
 21
-59.98450345718928
  0
LINE
  5
275
100
AcDbEntity
  8
OuterRing
  6
ByLayer
 62
  256
370
   -1
100
AcDbLine
 10
-23.89263478856957
 20
-60.4494996080202
 11
-24.07642428694319
 21
-60.91449575885113
  0
LINE
  5
276
100
AcDbEntity
  8
InnerRing
  6
ByLayer
 62
  256
370
   -1
100
AcDbLine
 10
-24.34574504388748
 20
-60.26843865787489
 11
-24.15847008201142
 21
-59.80483528358354
  0
LINE
  5
277
100
AcDbEntity
  8
OuterRing
  6
ByLayer
 62
  256
370
   -1
100
AcDbLine
 10
-24.34574504388748
 20
-60.26843865787489
 11
-24.53302000576353
 21
-60.73204203216623
  0
LINE
  5
278
100
AcDbEntity
  8
InnerRing
  6
ByLayer
 62
  256
370
   -1
100
AcDbLine
 10
-24.79624590185642
 20
-60.08449208551794
 11
-24.60550554876522
 21
-59.62230368486011
  0
LINE
  5
279
100
AcDbEntity
  8
OuterRing
  6
ByLayer
 62
  256
370
   -1
100
AcDbLine
 10
-24.79624590185642
 20
-60.08449208551794
 11
-24.98698625494762
 21
-60.54668048617577
  0
LINE
  5
27A
100
AcDbEntity
  8
InnerRing
  6
ByLayer
 62
  256
370
   -1
100
AcDbLine
 10
-25.24413022932249
 20
-59.89769518908893
 11
-25.04994461217385
 21
-59.4369436876344
  0
LINE
  5
27B
100
AcDbEntity
  8
OuterRing
  6
ByLayer
 62
  256
370
   -1
100
AcDbLine
 10
-25.24413022932249
 20
-59.89769518908893
 11
-25.43831584647112
 21
-60.35844669054346
  0
LINE
  5
27C
100
AcDbEntity
  8
InnerRing
  6
ByLayer
 62
  256
370
   -1
100
AcDbLine
 10
-25.68939121344911
 20
-59.70808302970682
 11
-25.49178051180719
 21
-59.24879008332447
  0
LINE
  5
27D
100
AcDbEntity
  8
OuterRing
  6
ByLayer
 62
  256
370
   -1
100
AcDbLine
 10
-25.68939121344911
 20
-59.70808302970682
 11
-25.88700191509102
 21
-60.16737597608918
  0
LINE
  5
27E
100
AcDbEntity
  8
InnerRing
  6
ByLayer
 62
  256
370
   -1
100
AcDbLine
 10
-26.1320223564718
 20
-59.51569043169085
 11
-25.93100679988356
 21
-59.05787742837015
  0
LINE
  5
27F
100
AcDbEntity
  8
OuterRing
  6
ByLayer
 62
  256
370
   -1
100
AcDbLine
 10
-26.1320223564718
 20
-59.51569043169085
 11
-26.33303791306005
 21
-59.97350343501155
  0
LINE
  5
280
100
AcDbEntity
  8
InnerRing
  6
ByLayer
 62
  256
370
   -1
100
AcDbLine
 10
-26.57201747052537
 20
-59.320551982817
 11
-26.36761733613671
 21
-58.86424004448764
  0
LINE
  5
281
100
AcDbEntity
  8
OuterRing
  6
ByLayer
 62
  256
370
   -1
100
AcDbLine
 10
-26.57201747052537
 20
-59.320551982817
 11
-26.77641760491403
 21
-59.77686392114637
  0
LINE
  5
282
100
AcDbEntity
  8
InnerRing
  6
ByLayer
 62
  256
370
   -1
100
AcDbLine
 10
-27.00937067254301
 20
-59.12270203460913
 11
-26.59384189296542
 21
-58.21312200330745
  0
LINE
  5
283
100
AcDbEntity
  8
OuterRing
  6
ByLayer
 62
  256
370
   -1
100
AcDbLine
 10
-27.00937067254301
 20
-59.12270203460913
 11
-27.42489945212059
 21
-60.03228206591081
  0
LINE
  5
284
100
AcDbEntity
  8
InnerRing
  6
ByLayer
 62
  256
370
   -1
100
AcDbLine
 10
-27.44407637922733
 20
-58.92217470266297
 11
-27.23296809938712
 21
-58.46892720495018
  0
LINE
  5
285
100
AcDbEntity
  8
OuterRing
  6
ByLayer
 62
  256
370
   -1
100
AcDbLine
 10
-27.44407637922733
 20
-58.92217470266297
 11
-27.65518465906754
 21
-59.37542220037577
  0
LINE
  5
286
100
AcDbEntity
  8
InnerRing
  6
ByLayer
 62
  256
370
   -1
100
AcDbLine
 10
-27.8761293020906
 20
-58.7190038670031
 11
-27.66169753822837
 21
-58.26731922187231
  0
LINE
  5
287
100
AcDbEntity
  8
OuterRing
  6
ByLayer
 62
  256
370
   -1
100
AcDbLine
 10
-27.8761293020906
 20
-58.7190038670031
 11
-28.09056106595284
 21
-59.17068851213389
  0
LINE
  5
288
100
AcDbEntity
  8
InnerRing
  6
ByLayer
 62
  256
370
   -1
100
AcDbLine
 10
-28.3055244425648
 20
-58.51322317247074
 11
-28.08778963916045
 21
-58.06312145575943
  0
LINE
  5
289
100
AcDbEntity
  8
OuterRing
  6
ByLayer
 62
  256
370
   -1
100
AcDbLine
 10
-28.3055244425648
 20
-58.51322317247074
 11
-28.52325924596914
 21
-58.96332488918205
  0
LINE
  5
28A
100
AcDbEntity
  8
InnerRing
  6
ByLayer
 62
  256
370
   -1
100
AcDbLine
 10
-28.73225708718014
 20
-58.30486602914191
 11
-28.51123972497106
 21
-57.85636705968697
  0
LINE
  5
28B
100
AcDbEntity
  8
OuterRing
  6
ByLayer
 62
  256
370
   -1
100
AcDbLine
 10
-28.73225708718014
 20
-58.30486602914191
 11
-28.95327444938922
 21
-58.75336499859685
  0
LINE
  5
28C
100
AcDbEntity
  8
InnerRing
  6
ByLayer
 62
  256
370
   -1
100
AcDbLine
 10
-29.15632280281062
 20
-58.09396561277519
 11
-28.93204339663515
 21
-57.64708895421538
  0
LINE
  5
28D
100
AcDbEntity
  8
OuterRing
  6
ByLayer
 62
  256
370
   -1
100
AcDbLine
 10
-29.15632280281062
 20
-58.09396561277519
 11
-29.38060220898608
 21
-58.54084227133499
  0
LINE
  5
28E
100
AcDbEntity
  8
InnerRing
  6
ByLayer
 62
  256
370
   -1
100
AcDbLine
 10
-29.57771743198713
 20
-57.88055486528723
 11
-29.35019652866415
 21
-57.43531982786194
  0
LINE
  5
28F
100
AcDbEntity
  8
OuterRing
  6
ByLayer
 62
  256
370
   -1
100
AcDbLine
 10
-29.57771743198713
 20
-57.88055486528723
 11
-29.80523833531011
 21
-58.32578990271251
  0
LINE
  5
290
100
AcDbEntity
  8
InnerRing
  6
ByLayer
 62
  256
370
   -1
100
AcDbLine
 10
-29.99643708827528
 20
-57.66466649525638
 11
-29.76569526451932
 21
-57.22109213760056
  0
LINE
  5
291
100
AcDbEntity
  8
OuterRing
  6
ByLayer
 62
  256
370
   -1
100
AcDbLine
 10
-29.99643708827528
 20
-57.66466649525638
 11
-30.22717891203125
 21
-58.10824085291219
  0
LINE
  5
292
100
AcDbEntity
  8
InnerRing
  6
ByLayer
 62
  256
370
   -1
100
AcDbLine
 10
-30.41247815171909
 20
-57.44633297845223
 11
-30.17853601209049
 21
-57.00443810938722
  0
LINE
  5
293
100
AcDbEntity
  8
OuterRing
  6
ByLayer
 62
  256
370
   -1
100
AcDbLine
 10
-30.41247815171909
 20
-57.44633297845223
 11
-30.6464202913477
 21
-57.88822784751725
  0
LINE
  5
294
100
AcDbEntity
  8
InnerRing
  6
ByLayer
 62
  256
370
   -1
100
AcDbLine
 10
-30.82583726434809
 20
-57.22558655839124
 11
-30.58871543923772
 21
-56.78538973871131
  0
LINE
  5
295
100
AcDbEntity
  8
OuterRing
  6
ByLayer
 62
  256
370
   -1
100
AcDbLine
 10
-30.82583726434809
 20
-57.22558655839124
 11
-31.06295908945846
 21
-57.66578337807118
  0
LINE
  5
296
100
AcDbEntity
  8
InnerRing
  6
ByLayer
 62
  256
370
   -1
100
AcDbLine
 10
-31.2365113257482
 20
-57.00245924691674
 11
-30.75594961304438
 21
-56.12549833542572
  0
LINE
  5
297
100
AcDbEntity
  8
OuterRing
  6
ByLayer
 62
  256
370
   -1
100
AcDbLine
 10
-31.2365113257482
 20
-57.00245924691674
 11
-31.71707303845201
 21
-57.87942015840777
  0
LINE
  5
298
100
AcDbEntity
  8
InnerRing
  6
ByLayer
 62
  256
370
   -1
100
AcDbLine
 10
-31.64449748869496
 20
-56.77698282480303
 11
-31.40107827724346
 21
-56.34023680307378
  0
LINE
  5
299
100
AcDbEntity
  8
OuterRing
  6
ByLayer
 62
  256
370
   -1
100
AcDbLine
 10
-31.64449748869496
 20
-56.77698282480303
 11
-31.88791670014646
 21
-57.21372884653228
  0
LINE
  5
29A
100
AcDbEntity
  8
InnerRing
  6
ByLayer
 62
  256
370
   -1
100
AcDbLine
 10
-32.04979315484804
 20
-56.54918884238266
 11
-31.80325628442613
 21
-56.11419508205665
  0
LINE
  5
29B
100
AcDbEntity
  8
OuterRing
  6
ByLayer
 62
  256
370
   -1
100
AcDbLine
 10
-32.04979315484804
 20
-56.54918884238266
 11
-32.29633002526995
 21
-56.98418260270869
  0
LINE
  5
29C
100
AcDbEntity
  8
InnerRing
  6
ByLayer
 62
  256
370
   -1
100
AcDbLine
 10
-32.45239597050708
 20
-56.31910862019583
 11
-32.20276215534933
 21
-55.88588470773279
  0
LINE
  5
29D
100
AcDbEntity
  8
OuterRing
  6
ByLayer
 62
  256
370
   -1
100
AcDbLine
 10
-32.45239597050708
 20
-56.31910862019583
 11
-32.70202978566482
 21
-56.75233253265888
  0
LINE
  5
29E
100
AcDbEntity
  8
InnerRing
  6
ByLayer
 62
  256
370
   -1
100
AcDbLine
 10
-32.85230382242714
 20
-56.08677324966146
 11
-32.59959379302386
 21
-55.65533653235637
  0
LINE
  5
29F
100
AcDbEntity
  8
OuterRing
  6
ByLayer
 62
  256
370
   -1
100
AcDbLine
 10
-32.85230382242714
 20
-56.08677324966146
 11
-33.10501385183043
 21
-56.51820996696654
  0
LINE
  5
2A0
100
AcDbEntity
  8
InnerRing
  6
ByLayer
 62
  256
370
   -1
100
AcDbLine
 10
-33.24951483369376
 20
-55.85221359376886
 11
-32.99374933497304
 21
-55.4225811815091
  0
LINE
  5
2A1
100
AcDbEntity
  8
OuterRing
  6
ByLayer
 62
  256
370
   -1
100
AcDbLine
 10
-33.24951483369376
 20
-55.85221359376886
 11
-33.50528033241448
 21
-56.28184600602862
  0
LINE
  5
2A2
100
AcDbEntity
  8
InnerRing
  6
ByLayer
 62
  256
370
   -1
100
AcDbLine
 10
-33.64402735965636
 20
-55.61546028778952
 11
-33.38522714919747
 21
-55.18764905480653
  0
LINE
  5
2A3
100
AcDbEntity
  8
OuterRing
  6
ByLayer
 62
  256
370
   -1
100
AcDbLine
 10
-33.64402735965636
 20
-55.61546028778952
 11
-33.90282757011526
 21
-56.04327152077252
  0
LINE
  5
2A4
100
AcDbEntity
  8
InnerRing
  6
ByLayer
 62
  256
370
   -1
100
AcDbLine
 10
-34.03583998391908
 20
-55.37654374000833
 11
-33.77402583019662
 21
-54.95057032662366
  0
LINE
  5
2A5
100
AcDbEntity
  8
OuterRing
  6
ByLayer
 62
  256
370
   -1
100
AcDbLine
 10
-34.03583998391908
 20
-55.37654374000833
 11
-34.29765413764153
 21
-55.80251715339301
  0
LINE
  5
2A6
100
AcDbEntity
  8
InnerRing
  6
ByLayer
 62
  256
370
   -1
100
AcDbLine
 10
-34.4249515143889
 20
-55.13549413247308
 11
-34.16014419504744
 21
-54.71137494683867
  0
LINE
  5
2A7
100
AcDbEntity
  8
OuterRing
  6
ByLayer
 62
  256
370
   -1
100
AcDbLine
 10
-34.4249515143889
 20
-55.13549413247308
 11
-34.68975883373035
 21
-55.55961331810749
  0
LINE
  5
2A8
100
AcDbEntity
  8
InnerRing
  6
ByLayer
 62
  256
370
   -1
100
AcDbLine
 10
-34.81136097937996
 20
-54.89234142176213
 11
-34.54358127953857
 21
-54.47009264159473
  0
LINE
  5
2A9
100
AcDbEntity
  8
OuterRing
  6
ByLayer
 62
  256
370
   -1
100
AcDbLine
 10
-34.81136097937996
 20
-54.89234142176213
 11
-35.07914067922134
 21
-55.31459020192953
  0
LINE
  5
2AA
100
AcDbEntity
  8
InnerRing
  6
ByLayer
 62
  256
370
   -1
100
AcDbLine
 10
-35.19506762377308
 20
-54.64711533976921
 11
-34.65360504494581
 21
-53.80639048838815
  0
LINE
  5
2AB
100
AcDbEntity
  8
OuterRing
  6
ByLayer
 62
  256
370
   -1
100
AcDbLine
 10
-35.19506762377308
 20
-54.64711533976921
 11
-35.73653020260036
 21
-55.48784019115028
  0
LINE
  5
2AC
100
AcDbEntity
  8
InnerRing
  6
ByLayer
 62
  256
370
   -1
100
AcDbLine
 10
-35.57607090523013
 20
-54.39984539450492
 11
-35.30240882134375
 21
-53.98138504531642
  0
LINE
  5
2AD
100
AcDbEntity
  8
OuterRing
  6
ByLayer
 62
  256
370
   -1
100
AcDbLine
 10
-35.57607090523013
 20
-54.39984539450492
 11
-35.84973298911652
 21
-54.81830574369342
  0
LINE
  5
2AE
100
AcDbEntity
  8
InnerRing
  6
ByLayer
 62
  256
370
   -1
100
AcDbLine
 10
-35.95437049046249
 20
-54.15056087091398
 11
-35.67779840976662
 21
-53.73401809498387
  0
LINE
  5
2AF
100
AcDbEntity
  8
OuterRing
  6
ByLayer
 62
  256
370
   -1
100
AcDbLine
 10
-35.95437049046249
 20
-54.15056087091398
 11
-36.23094257115836
 21
-54.56710364684409
  0
LINE
  5
2B0
100
AcDbEntity
  8
InnerRing
  6
ByLayer
 62
  256
370
   -1
100
AcDbLine
 10
-36.32996625155259
 20
-53.89929083170807
 11
-36.05050497269449
 21
-53.48468090223339
  0
LINE
  5
2B1
100
AcDbEntity
  8
OuterRing
  6
ByLayer
 62
  256
370
   -1
100
AcDbLine
 10
-36.32996625155259
 20
-53.89929083170807
 11
-36.60942753041068
 21
-54.31390076118274
  0
LINE
  5
2B2
100
AcDbEntity
  8
InnerRing
  6
ByLayer
 62
  256
370
   -1
100
AcDbLine
 10
-36.70285826232798
 20
-53.6460641182134
 11
-36.42052858338699
 21
-53.23340208653483
  0
LINE
  5
2B3
100
AcDbEntity
  8
OuterRing
  6
ByLayer
 62
  256
370
   -1
100
AcDbLine
 10
-36.70285826232798
 20
-53.6460641182134
 11
-36.98518794126896
 21
-54.05872614989196
  0
LINE
  5
2B4
100
AcDbEntity
  8
InnerRing
  6
ByLayer
 62
  256
370
   -1
100
AcDbLine
 10
-37.07304679478764
 20
-53.39090935123212
 11
-36.78786951175082
 21
-52.98021004853033
  0
LINE
  5
2B5
100
AcDbEntity
  8
OuterRing
  6
ByLayer
 62
  256
370
   -1
100
AcDbLine
 10
-37.07304679478764
 20
-53.39090935123212
 11
-37.35822407782447
 21
-53.8016086539339
  0
LINE
  5
2B6
100
AcDbEntity
  8
InnerRing
  6
ByLayer
 62
  256
370
   -1
100
AcDbLine
 10
-37.44053231557912
 20
-53.13385493191771
 11
-37.15252822084389
 21
-52.72513297090295
  0
LINE
  5
2B7
100
AcDbEntity
  8
OuterRing
  6
ByLayer
 62
  256
370
   -1
100
AcDbLine
 10
-37.44053231557912
 20
-53.13385493191771
 11
-37.72853641031434
 21
-53.54257689293246
  0
LINE
  5
2B8
100
AcDbEntity
  8
InnerRing
  6
ByLayer
 62
  256
370
   -1
100
AcDbLine
 10
-37.80531548252622
 20
-52.87492904266315
 11
-37.51450536342986
 21
-52.46819881925805
  0
LINE
  5
2B9
100
AcDbEntity
  8
OuterRing
  6
ByLayer
 62
  256
370
   -1
100
AcDbLine
 10
-37.80531548252622
 20
-52.87492904266315
 11
-38.09612560162257
 21
-53.28165926606825
  0
LINE
  5
2BA
100
AcDbEntity
  8
InnerRing
  6
ByLayer
 62
  256
370
   -1
100
AcDbLine
 10
-38.16739714120655
 20
-52.61415964800177
 11
-37.87380177858189
 21
-52.20943534301713
  0
LINE
  5
2BB
100
AcDbEntity
  8
OuterRing
  6
ByLayer
 62
  256
370
   -1
100
AcDbLine
 10
-38.16739714120655
 20
-52.61415964800177
 11
-38.46099250383122
 21
-53.01888395298639
  0
LINE
  5
2BC
100
AcDbEntity
  8
InnerRing
  6
ByLayer
 62
  256
370
   -1
100
AcDbLine
 10
-38.52677832157824
 20
-52.3515744955199
 11
-38.23041848833533
 21
-51.94887007632359
  0
LINE
  5
2BD
100
AcDbEntity
  8
OuterRing
  6
ByLayer
 62
  256
370
   -1
100
AcDbLine
 10
-38.52677832157824
 20
-52.3515744955199
 11
-38.82313815482115
 21
-52.7542789147162
  0
LINE
  5
2BE
100
AcDbEntity
  8
InnerRing
  6
ByLayer
 62
  256
370
   -1
100
AcDbLine
 10
-38.8834602346551
 20
-52.08720111678104
 11
-37.68704607358879
 21
-50.48451800549547
  0
LINE
  5
2BF
100
AcDbEntity
  8
OuterRing
  6
ByLayer
 62
  256
370
   -1
100
AcDbLine
 10
-38.8834602346551
 20
-52.08720111678104
 11
-40.07987439572141
 21
-53.68988422806661
  0
TEXT
  5
2C0
100
AcDbEntity
  8
Numbers
  6
ByLayer
 62
  256
370
   -1
100
AcDbText
 10
-37.68704607358879
 20
-50.48451800549547
 30
0
 40
3
  1
4
 50
-126.7415968780665
 41
1
 51
0
  7
opensans-italic
 71
    0
 72
    2
 11
-37.68704607358879
 21
-50.48451800549547
 31
0
210
0
220
0
230
1
100
AcDbText
 73
    2
  0
TEXT
  5
2C1
100
AcDbEntity
  8
Numbers
  6
ByLayer
 62
  256
370
   -1
100
AcDbText
 10
-40.07987439572141
 20
-53.68988422806661
 30
0
 40
3
  1
4
 50
-126.7415968780665
 41
1
 51
0
  7
opensans-italic
 71
    0
 11
-40.07987439572141
 21
-53.68988422806661
 31
0
210
0
220
0
230
1
100
AcDbText
 73
    2
  0
LINE
  5
2C2
100
AcDbEntity
  8
InnerRing
  6
ByLayer
 62
  256
370
   -1
100
AcDbLine
 10
-39.23744426922972
 20
-51.821066828261
 11
-38.93561777485102
 21
-51.42244323727437
  0
LINE
  5
2C3
100
AcDbEntity
  8
OuterRing
  6
ByLayer
 62
  256
370
   -1
100
AcDbLine
 10
-39.23744426922972
 20
-51.821066828261
 11
-39.53927076360841
 21
-52.21969041924762
  0
LINE
  5
2C4
100
AcDbEntity
  8
InnerRing
  6
ByLayer
 62
  256
370
   -1
100
AcDbLine
 10
-39.58873198864364
 20
-51.55319873229346
 11
-39.28420328103869
 21
-51.15663566512197
  0
LINE
  5
2C5
100
AcDbEntity
  8
OuterRing
  6
ByLayer
 62
  256
370
   -1
100
AcDbLine
 10
-39.58873198864364
 20
-51.55319873229346
 11
-39.8932606962486
 21
-51.94976179946494
  0
LINE
  5
2C6
100
AcDbEntity
  8
InnerRing
  6
ByLayer
 62
  256
370
   -1
100
AcDbLine
 10
-39.93732512760424
 20
-51.28362371802553
 11
-39.63011493431497
 21
-50.88913430480995
  0
LINE
  5
2C7
100
AcDbEntity
  8
OuterRing
  6
ByLayer
 62
  256
370
   -1
100
AcDbLine
 10
-39.93732512760424
 20
-51.28362371802553
 11
-40.2445353208935
 21
-51.67811313124111
  0
LINE
  5
2C8
100
AcDbEntity
  8
InnerRing
  6
ByLayer
 62
  256
370
   -1
100
AcDbLine
 10
-40.28322558904723
 20
-51.01236846238303
 11
-39.97335462297764
 21
-50.619965628057
  0
LINE
  5
2C9
100
AcDbEntity
  8
OuterRing
  6
ByLayer
 62
  256
370
   -1
100
AcDbLine
 10
-40.28322558904723
 20
-51.01236846238303
 11
-40.59309655511682
 21
-51.40477129670905
  0
LINE
  5
2CA
100
AcDbEntity
  8
InnerRing
  6
ByLayer
 62
  256
370
   -1
100
AcDbLine
 10
-40.62643544104502
 20
-50.73945943104441
 11
-40.31392439919082
 21
-50.34915589695945
  0
LINE
  5
2CB
100
AcDbEntity
  8
OuterRing
  6
ByLayer
 62
  256
370
   -1
100
AcDbLine
 10
-40.62643544104502
 20
-50.73945943104441
 11
-40.9389464828992
 21
-51.12976296512937
  0
LINE
  5
2CC
100
AcDbEntity
  8
InnerRing
  6
ByLayer
 62
  256
370
   -1
100
AcDbLine
 10
-40.96695691375926
 20
-50.46492287942381
 11
-40.65182647596111
 21
-50.0767311649667
  0
LINE
  5
2CD
100
AcDbEntity
  8
OuterRing
  6
ByLayer
 62
  256
370
   -1
100
AcDbLine
 10
-40.96695691375926
 20
-50.46492287942381
 11
-41.28208735155741
 21
-50.85311459388091
  0
LINE
  5
2CE
100
AcDbEntity
  8
InnerRing
  6
ByLayer
 62
  256
370
   -1
100
AcDbLine
 10
-41.30479239643795
 20
-50.18878485366189
 11
-40.98706322415767
 21
-49.80271727786449
  0
LINE
  5
2CF
100
AcDbEntity
  8
OuterRing
  6
ByLayer
 62
  256
370
   -1
100
AcDbLine
 10
-41.30479239643795
 20
-50.18878485366189
 11
-41.62252156871825
 21
-50.57485242945929
  0
LINE
  5
2D0
100
AcDbEntity
  8
InnerRing
  6
ByLayer
 62
  256
370
   -1
100
AcDbLine
 10
-41.63994443445544
 20
-49.91107119162505
 11
-41.31963716957501
 21
-49.5271398747664
  0
LINE
  5
2D1
100
AcDbEntity
  8
OuterRing
  6
ByLayer
 62
  256
370
   -1
100
AcDbLine
 10
-41.63994443445544
 20
-49.91107119162505
 11
-41.96025169933586
 21
-50.29500250848371
  0
LINE
  5
2D2
100
AcDbEntity
  8
InnerRing
  6
ByLayer
 62
  256
370
   -1
100
AcDbLine
 10
-41.97241572639622
 20
-49.63180752391118
 11
-41.64955099003932
 21
-49.25002438911186
  0
LINE
  5
2D3
100
AcDbEntity
  8
OuterRing
  6
ByLayer
 62
  256
370
   -1
100
AcDbLine
 10
-41.97241572639622
 20
-49.63180752391118
 11
-42.29528046275311
 21
-50.0135906587105
  0
LINE
  5
2D4
100
AcDbEntity
  8
InnerRing
  6
ByLayer
 62
  256
370
   -1
100
AcDbLine
 10
-42.30220912118022
 20
-49.35101927486338
 11
-41.65140590393129
 21
-48.59177282448087
  0
LINE
  5
2D5
100
AcDbEntity
  8
OuterRing
  6
ByLayer
 62
  256
370
   -1
100
AcDbLine
 10
-42.30220912118022
 20
-49.35101927486338
 11
-42.95301233842915
 21
-50.1102657252459
  0
LINE
  5
2D6
100
AcDbEntity
  8
InnerRing
  6
ByLayer
 62
  256
370
   -1
100
AcDbLine
 10
-42.62932761523031
 20
-49.06873166358962
 11
-42.30140971049777
 21
-48.69127988156201
  0
LINE
  5
2D7
100
AcDbEntity
  8
OuterRing
  6
ByLayer
 62
  256
370
   -1
100
AcDbLine
 10
-42.62932761523031
 20
-49.06873166358962
 11
-42.95724551996285
 21
-49.44618344561724
  0
LINE
  5
2D8
100
AcDbEntity
  8
InnerRing
  6
ByLayer
 62
  256
370
   -1
100
AcDbLine
 10
-42.95377434968098
 20
-48.78496970498894
 11
-42.62336070083728
 21
-48.40970070725825
  0
LINE
  5
2D9
100
AcDbEntity
  8
OuterRing
  6
ByLayer
 62
  256
370
   -1
100
AcDbLine
 10
-42.95377434968098
 20
-48.78496970498894
 11
-43.28418799852468
 21
-49.16023870271962
  0
LINE
  5
2DA
100
AcDbEntity
  8
InnerRing
  6
ByLayer
 62
  256
370
   -1
100
AcDbLine
 10
-43.2755526076276
 20
-48.49975821078345
 11
-42.94266374141508
 21
-48.12668314762357
  0
LINE
  5
2DB
100
AcDbEntity
  8
OuterRing
  6
ByLayer
 62
  256
370
   -1
100
AcDbLine
 10
-43.2755526076276
 20
-48.49975821078345
 11
-43.60844147384012
 21
-48.87283327394332
  0
LINE
  5
2DC
100
AcDbEntity
  8
InnerRing
  6
ByLayer
 62
  256
370
   -1
100
AcDbLine
 10
-43.59466581141574
 20
-48.21312179055593
 11
-43.25932222825101
 21
-47.84225162293627
  0
LINE
  5
2DD
100
AcDbEntity
  8
OuterRing
  6
ByLayer
 62
  256
370
   -1
100
AcDbLine
 10
-43.59466581141574
 20
-48.21312179055593
 11
-43.93000939458048
 21
-48.5839919581756
  0
LINE
  5
2DE
100
AcDbEntity
  8
InnerRing
  6
ByLayer
 62
  256
370
   -1
100
AcDbLine
 10
-43.91111751997007
 20
-47.92508485279267
 11
-43.57333969289338
 21
-47.55643035392504
  0
LINE
  5
2DF
100
AcDbEntity
  8
OuterRing
  6
ByLayer
 62
  256
370
   -1
100
AcDbLine
 10
-43.91111751997007
 20
-47.92508485279267
 11
-44.24889534704676
 21
-48.29373935166031
  0
LINE
  5
2E0
100
AcDbEntity
  8
InnerRing
  6
ByLayer
 62
  256
370
   -1
100
AcDbLine
 10
-44.22491142616228
 20
-47.63567160593099
 11
-43.88471979980719
 21
-47.26924336280845
  0
LINE
  5
2E1
100
AcDbEntity
  8
OuterRing
  6
ByLayer
 62
  256
370
   -1
100
AcDbLine
 10
-44.22491142616228
 20
-47.63567160593099
 11
-44.56510305251738
 21
-48.00209984905354
  0
LINE
  5
2E2
100
AcDbEntity
  8
InnerRing
  6
ByLayer
 62
  256
370
   -1
100
AcDbLine
 10
-44.53605135421745
 20
-47.34490605941157
 11
-44.1934663438004
 21
-46.98071447433917
  0
LINE
  5
2E3
100
AcDbEntity
  8
OuterRing
  6
ByLayer
 62
  256
370
   -1
100
AcDbLine
 10
-44.53605135421745
 20
-47.34490605941157
 11
-44.87863636463451
 21
-47.70909764448397
  0
LINE
  5
2E4
100
AcDbEntity
  8
InnerRing
  6
ByLayer
 62
  256
370
   -1
100
AcDbLine
 10
-44.8445412571584
 20
-47.0528120247347
 11
-44.49958324748795
 21
-46.69086731685212
  0
LINE
  5
2E5
100
AcDbEntity
  8
OuterRing
  6
ByLayer
 62
  256
370
   -1
100
AcDbLine
 10
-44.8445412571584
 20
-47.0528120247347
 11
-45.18949926682885
 21
-47.41475673261727
  0
LINE
  5
2E6
100
AcDbEntity
  8
InnerRing
  6
ByLayer
 62
  256
370
   -1
100
AcDbLine
 10
-45.15038521428754
 20
-46.75941311652068
 11
-44.80307455879301
 21
-46.39972532331667
  0
LINE
  5
2E7
100
AcDbEntity
  8
OuterRing
  6
ByLayer
 62
  256
370
   -1
100
AcDbLine
 10
-45.15038521428754
 20
-46.75941311652068
 11
-45.49769586978206
 21
-47.11910090972468
  0
LINE
  5
2E8
100
AcDbEntity
  8
InnerRing
  6
ByLayer
 62
  256
370
   -1
100
AcDbLine
 10
-45.45358742870532
 20
-46.46473275357388
 11
-44.7543014682637
 21
-45.74989071121121
  0
LINE
  5
2E9
100
AcDbEntity
  8
OuterRing
  6
ByLayer
 62
  256
370
   -1
100
AcDbLine
 10
-45.45358742870532
 20
-46.46473275357388
 11
-46.15287338914694
 21
-47.17957479593656
  0
LINE
  5
2EA
100
AcDbEntity
  8
InnerRing
  6
ByLayer
 62
  256
370
   -1
100
AcDbLine
 10
-45.75415222486566
 20
-46.16879415994986
 11
-45.40219720775131
 21
-45.8136495894887
  0
LINE
  5
2EB
100
AcDbEntity
  8
OuterRing
  6
ByLayer
 62
  256
370
   -1
100
AcDbLine
 10
-45.75415222486566
 20
-46.16879415994986
 11
-46.10610724198001
 21
-46.52393873041101
  0
LINE
  5
2EC
100
AcDbEntity
  8
InnerRing
  6
ByLayer
 62
  256
370
   -1
100
AcDbLine
 10
-46.05208404616685
 20
-45.87162036602572
 11
-45.69783724581172
 21
-45.51876174782551
  0
LINE
  5
2ED
100
AcDbEntity
  8
OuterRing
  6
ByLayer
 62
  256
370
   -1
100
AcDbLine
 10
-46.05208404616685
 20
-45.87162036602572
 11
-46.40633084652198
 21
-46.22447898422591
  0
LINE
  5
2EE
100
AcDbEntity
  8
InnerRing
  6
ByLayer
 62
  256
370
   -1
100
AcDbLine
 10
-46.34738745257788
 20
-45.57323420957334
 11
-45.99086908755805
 21
-45.2226708694997
  0
LINE
  5
2EF
100
AcDbEntity
  8
OuterRing
  6
ByLayer
 62
  256
370
   -1
100
AcDbLine
 10
-46.34738745257788
 20
-45.57323420957334
 11
-46.70390581759771
 21
-45.92379754964698
  0
LINE
  5
2F0
100
AcDbEntity
  8
InnerRing
  6
ByLayer
 62
  256
370
   -1
100
AcDbLine
 10
-46.6400671183001
 20
-45.27365833683491
 11
-46.28129737123626
 21
-44.92539942655157
  0
LINE
  5
2F1
100
AcDbEntity
  8
OuterRing
  6
ByLayer
 62
  256
370
   -1
100
AcDbLine
 10
-46.6400671183001
 20
-45.27365833683491
 11
-46.99883686536395
 21
-45.62191724711826
  0
LINE
  5
2F2
100
AcDbEntity
  8
InnerRing
  6
ByLayer
 62
  256
370
   -1
100
AcDbLine
 10
-46.93012782946288
 20
-44.97291520360086
 11
-46.56912684615932
 21
-44.62696970203471
  0
LINE
  5
2F3
100
AcDbEntity
  8
OuterRing
  6
ByLayer
 62
  256
370
   -1
100
AcDbLine
 10
-46.93012782946288
 20
-44.97291520360086
 11
-47.29112881276644
 21
-45.31886070516703
  0
LINE
  5
2F4
100
AcDbEntity
  8
InnerRing
  6
ByLayer
 62
  256
370
   -1
100
AcDbLine
 10
-47.21757448185376
 20
-44.67102707628953
 11
-46.85436237045488
 21
-44.32740379108731
  0
LINE
  5
2F5
100
AcDbEntity
  8
OuterRing
  6
ByLayer
 62
  256
370
   -1
100
AcDbLine
 10
-47.21757448185376
 20
-44.67102707628953
 11
-47.58078659325263
 21
-45.01465036149176
  0
LINE
  5
2F6
100
AcDbEntity
  8
InnerRing
  6
ByLayer
 62
  256
370
   -1
100
AcDbLine
 10
-47.50241207868147
 20
-44.36801603302921
 11
-47.13700890884546
 21
-44.02672360200592
  0
LINE
  5
2F7
100
AcDbEntity
  8
OuterRing
  6
ByLayer
 62
  256
370
   -1
100
AcDbLine
 10
-47.50241207868147
 20
-44.36801603302921
 11
-47.86781524851748
 21
-44.70930846405251
  0
LINE
  5
2F8
100
AcDbEntity
  8
InnerRing
  6
ByLayer
 62
  256
370
   -1
100
AcDbLine
 10
-47.78464572837274
 20
-44.06390396474089
 11
-47.41707153046218
 21
-43.72495085731981
  0
LINE
  5
2F9
100
AcDbEntity
  8
OuterRing
  6
ByLayer
 62
  256
370
   -1
100
AcDbLine
 10
-47.78464572837274
 20
-44.06390396474089
 11
-48.1522199262833
 21
-44.40285707216198
  0
LINE
  5
2FA
100
AcDbEntity
  8
InnerRing
  6
ByLayer
 62
  256
370
   -1
100
AcDbLine
 10
-48.06428064240125
 20
-43.75871257622295
 11
-47.69455540669048
 21
-43.42210709486739
  0
LINE
  5
2FB
100
AcDbEntity
  8
OuterRing
  6
ByLayer
 62
  256
370
   -1
100
AcDbLine
 10
-48.06428064240125
 20
-43.75871257622295
 11
-48.43400587811203
 21
-44.09531805757851
  0
LINE
  5
2FC
100
AcDbEntity
  8
InnerRing
  6
ByLayer
 62
  256
370
   -1
100
AcDbLine
 10
-48.34132213314883
 20
-43.45246338723658
 11
-47.59760948494654
 21
-42.78396395050986
  0
LINE
  5
2FD
100
AcDbEntity
  8
OuterRing
  6
ByLayer
 62
  256
370
   -1
100
AcDbLine
 10
-48.34132213314883
 20
-43.45246338723658
 11
-49.08503478135112
 21
-44.1209628239633
  0
LINE
  5
2FE
100
AcDbEntity
  8
InnerRing
  6
ByLayer
 62
  256
370
   -1
100
AcDbLine
 10
-48.61577561179855
 20
-43.14517773359212
 11
-48.24180810709241
 21
-42.81329175102603
  0
LINE
  5
2FF
100
AcDbEntity
  8
OuterRing
  6
ByLayer
 62
  256
370
   -1
100
AcDbLine
 10
-48.61577561179855
 20
-43.14517773359212
 11
-48.98974311650469
 21
-43.47706371615821
  0
LINE
  5
300
100
AcDbEntity
  8
InnerRing
  6
ByLayer
 62
  256
370
   -1
100
AcDbLine
 10
-48.88764658625899
 20
-42.83687676823603
 11
-48.51158776636468
 21
-42.50736233155729
  0
LINE
  5
301
100
AcDbEntity
  8
OuterRing
  6
ByLayer
 62
  256
370
   -1
100
AcDbLine
 10
-48.88764658625899
 20
-42.83687676823603
 11
-49.26370540615329
 21
-43.16639120491477
  0
LINE
  5
302
100
AcDbEntity
  8
InnerRing
  6
ByLayer
 62
  256
370
   -1
100
AcDbLine
 10
-49.15694065911905
 20
-42.52758146233863
 11
-48.77881034635659
 21
-42.20044622032064
  0
LINE
  5
303
100
AcDbEntity
  8
OuterRing
  6
ByLayer
 62
  256
370
   -1
100
AcDbLine
 10
-49.15694065911905
 20
-42.52758146233863
 11
-49.5350709718815
 21
-42.85471670435663
  0
LINE
  5
304
100
AcDbEntity
  8
InnerRing
  6
ByLayer
 62
  256
370
   -1
100
AcDbLine
 10
-49.42366352563402
 20
-42.21731260638121
 11
-49.04348149851376
 21
-41.89256404787059
  0
LINE
  5
305
100
AcDbEntity
  8
OuterRing
  6
ByLayer
 62
  256
370
   -1
100
AcDbLine
 10
-49.42366352563402
 20
-42.21731260638121
 11
-49.80384555275428
 21
-42.54206116489183
  0
LINE
  5
306
100
AcDbEntity
  8
InnerRing
  6
ByLayer
 62
  256
370
   -1
100
AcDbLine
 10
-49.68782097174075
 20
-41.90609081124413
 11
-49.30560696426582
 21
-41.58373626654226
  0
LINE
  5
307
100
AcDbEntity
  8
OuterRing
  6
ByLayer
 62
  256
370
   -1
100
AcDbLine
 10
-49.68782097174075
 20
-41.90609081124413
 11
-50.07003497921568
 21
-42.22844535594601
  0
LINE
  5
308
100
AcDbEntity
  8
InnerRing
  6
ByLayer
 62
  256
370
   -1
100
AcDbLine
 10
-49.94941887210299
 20
-41.59393650929425
 11
-49.56519257308681
 21
-41.27398315153045
  0
LINE
  5
309
100
AcDbEntity
  8
OuterRing
  6
ByLayer
 62
  256
370
   -1
100
AcDbLine
 10
-49.94941887210299
 20
-41.59393650929425
 11
-50.33364517111917
 21
-41.91388986705806
  0
LINE
  5
30A
100
AcDbEntity
  8
InnerRing
  6
ByLayer
 62
  256
370
   -1
100
AcDbLine
 10
-50.20846318818553
 20
-41.28086995547234
 11
-49.82224424058411
 21
-40.9633248019687
  0
LINE
  5
30B
100
AcDbEntity
  8
OuterRing
  6
ByLayer
 62
  256
370
   -1
100
AcDbLine
 10
-50.20846318818553
 20
-41.28086995547234
 11
-50.59468213578696
 21
-41.59841510897597
  0
LINE
  5
30C
100
AcDbEntity
  8
InnerRing
  6
ByLayer
 62
  256
370
   -1
100
AcDbLine
 10
-50.46495996635769
 20
-40.96691122837937
 11
-50.07676796661647
 21
-40.65178114200722
  0
LINE
  5
30D
100
AcDbEntity
  8
OuterRing
  6
ByLayer
 62
  256
370
   -1
100
AcDbLine
 10
-50.46495996635769
 20
-40.96691122837937
 11
-50.8531519660989
 21
-41.28204131475152
  0
LINE
  5
30E
100
AcDbEntity
  8
InnerRing
  6
ByLayer
 62
  256
370
   -1
100
AcDbLine
 10
-50.71891533602455
 20
-40.65208023136299
 11
-50.32876983343974
 21
-40.33937192189097
  0
LINE
  5
30F
100
AcDbEntity
  8
OuterRing
  6
ByLayer
 62
  256
370
   -1
100
AcDbLine
 10
-50.71891533602455
 20
-40.65208023136299
 11
-51.10906083860935
 21
-40.96478854083501
  0
LINE
  5
310
100
AcDbEntity
  8
InnerRing
  6
ByLayer
 62
  256
370
   -1
100
AcDbLine
 10
-50.97033550778661
 20
-40.33639669360252
 11
-50.18617649997451
 21
-39.71583674447017
  0
LINE
  5
311
100
AcDbEntity
  8
OuterRing
  6
ByLayer
 62
  256
370
   -1
100
AcDbLine
 10
-50.97033550778661
 20
-40.33639669360252
 11
-51.75449451559871
 21
-40.95695664273486
  0
LINE
  5
312
100
AcDbEntity
  8
InnerRing
  6
ByLayer
 62
  256
370
   -1
100
AcDbLine
 10
-51.21922677162685
 20
-40.01988017119321
 11
-50.82523271953742
 21
-39.71203493910711
  0
LINE
  5
313
100
AcDbEntity
  8
OuterRing
  6
ByLayer
 62
  256
370
   -1
100
AcDbLine
 10
-51.21922677162685
 20
-40.01988017119321
 11
-51.61322082371629
 21
-40.32772540327931
  0
LINE
  5
314
100
AcDbEntity
  8
InnerRing
  6
ByLayer
 62
  256
370
   -1
100
AcDbLine
 10
-51.46559549512516
 20
-39.70255004822931
 11
-51.06970629900881
 21
-39.39714581708908
  0
LINE
  5
315
100
AcDbEntity
  8
OuterRing
  6
ByLayer
 62
  256
370
   -1
100
AcDbLine
 10
-51.46559549512516
 20
-39.70255004822931
 11
-51.86148469124151
 21
-40.00795427936953
  0
LINE
  5
316
100
AcDbEntity
  8
InnerRing
  6
ByLayer
 62
  256
370
   -1
100
AcDbLine
 10
-51.70944812169956
 20
-39.38442553788568
 11
-51.31168313614802
 21
-39.08146841836349
  0
LINE
  5
317
100
AcDbEntity
  8
OuterRing
  6
ByLayer
 62
  256
370
   -1
100
AcDbLine
 10
-51.70944812169956
 20
-39.38442553788568
 11
-52.10721310725109
 21
-39.68738265740788
  0
LINE
  5
318
100
AcDbEntity
  8
InnerRing
  6
ByLayer
 62
  256
370
   -1
100
AcDbLine
 10
-51.95079116887386
 20
-39.06552568349821
 11
-51.55116969834406
 21
-38.76502163977899
  0
LINE
  5
319
100
AcDbEntity
  8
OuterRing
  6
ByLayer
 62
  256
370
   -1
100
AcDbLine
 10
-51.95079116887386
 20
-39.06552568349821
 11
-52.35041263940366
 21
-39.36602972721742
  0
LINE
  5
31A
100
AcDbEntity
  8
InnerRing
  6
ByLayer
 62
  256
370
   -1
100
AcDbLine
 10
-52.18963122657145
 20
-38.74586935964243
 11
-51.78817252482859
 21
-38.4478242107221
  0
LINE
  5
31B
100
AcDbEntity
  8
OuterRing
  6
ByLayer
 62
  256
370
   -1
100
AcDbLine
 10
-52.18963122657145
 20
-38.74586935964243
 11
-52.5910899283143
 21
-39.04391450856276
  0
LINE
  5
31C
100
AcDbEntity
  8
InnerRing
  6
ByLayer
 62
  256
370
   -1
100
AcDbLine
 10
-52.42597495543491
 20
-38.42547527321051
 11
-52.02269822500848
 21
-38.12989469418581
  0
LINE
  5
31D
100
AcDbEntity
  8
OuterRing
  6
ByLayer
 62
  256
370
   -1
100
AcDbLine
 10
-52.42597495543491
 20
-38.42547527321051
 11
-52.82925168586133
 21
-38.7210558522352
  0
LINE
  5
31E
100
AcDbEntity
  8
InnerRing
  6
ByLayer
 62
  256
370
   -1
100
AcDbLine
 10
-52.65982908517091
 20
-38.10436196448627
 11
-52.25475347682344
 21
-37.81125148783637
  0
LINE
  5
31F
100
AcDbEntity
  8
OuterRing
  6
ByLayer
 62
  256
370
   -1
100
AcDbLine
 10
-52.65982908517091
 20
-38.10436196448627
 11
-53.06490469351838
 21
-38.39747244113616
  0
LINE
  5
320
100
AcDbEntity
  8
InnerRing
  6
ByLayer
 62
  256
370
   -1
100
AcDbLine
 10
-52.89120041292036
 20
-37.78254780821819
 11
-52.48434502512866
 21
-37.49191282507805
  0
LINE
  5
321
100
AcDbEntity
  8
OuterRing
  6
ByLayer
 62
  256
370
   -1
100
AcDbLine
 10
-52.89120041292036
 20
-37.78254780821819
 11
-53.29805580071205
 21
-38.07318279135833
  0
LINE
  5
322
100
AcDbEntity
  8
InnerRing
  6
ByLayer
 62
  256
370
   -1
100
AcDbLine
 10
-53.12009580165285
 20
-37.46005101469061
 11
-52.71147968010168
 21
-37.17189677611607
  0
LINE
  5
323
100
AcDbEntity
  8
OuterRing
  6
ByLayer
 62
  256
370
   -1
100
AcDbLine
 10
-53.12009580165285
 20
-37.46005101469061
 11
-53.52871192320403
 21
-37.74820525326516
  0
LINE
  5
324
100
AcDbEntity
  8
InnerRing
  6
ByLayer
 62
  256
370
   -1
100
AcDbLine
 10
-53.34652217858581
 20
-37.13688963079236
 11
-52.11544858984921
 21
-36.27988448546638
  0
LINE
  5
325
100
AcDbEntity
  8
OuterRing
  6
ByLayer
 62
  256
370
   -1
100
AcDbLine
 10
-53.34652217858581
 20
-37.13688963079236
 11
-54.5775957673224
 21
-37.99389477611834
  0
TEXT
  5
326
100
AcDbEntity
  8
Numbers
  6
ByLayer
 62
  256
370
   -1
100
AcDbText
 10
-52.11544858984921
 20
-36.27988448546638
 30
0
 40
1.8
  1
4.5
 50
-145.1565049591237
 41
1
 51
0
  7
opensans-italic
 71
    0
 72
    2
 11
-52.11544858984921
 21
-36.27988448546638
 31
0
210
0
220
0
230
1
100
AcDbText
 73
    2
  0
TEXT
  5
327
100
AcDbEntity
  8
Numbers
  6
ByLayer
 62
  256
370
   -1
100
AcDbText
 10
-54.5775957673224
 20
-37.99389477611834
 30
0
 40
1.8
  1
4.5
 50
-145.1565049591237
 41
1
 51
0
  7
opensans-italic
 71
    0
 11
-54.5775957673224
 21
-37.99389477611834
 31
0
210
0
220
0
230
1
100
AcDbText
 73
    2
  0
LINE
  5
328
100
AcDbEntity
  8
InnerRing
  6
ByLayer
 62
  256
370
   -1
100
AcDbLine
 10
-53.57048653362764
 20
-36.81308154108292
 11
-53.15840586798434
 21
-36.5299039907669
  0
LINE
  5
329
100
AcDbEntity
  8
OuterRing
  6
ByLayer
 62
  256
370
   -1
100
AcDbLine
 10
-53.57048653362764
 20
-36.81308154108292
 11
-53.98256719927092
 21
-37.09625909139894
  0
LINE
  5
32A
100
AcDbEntity
  8
InnerRing
  6
ByLayer
 62
  256
370
   -1
100
AcDbLine
 10
-53.79199591784444
 20
-36.48864446885644
 11
-53.37821133386102
 21
-36.20796258832677
  0
LINE
  5
32B
100
AcDbEntity
  8
OuterRing
  6
ByLayer
 62
  256
370
   -1
100
AcDbLine
 10
-53.79199591784444
 20
-36.48864446885644
 11
-54.20578050182786
 21
-36.7693263493861
  0
LINE
  5
32C
100
AcDbEntity
  8
InnerRing
  6
ByLayer
 62
  256
370
   -1
100
AcDbLine
 10
-54.0110574419499
 20
-36.16359597720322
 11
-53.59558776931952
 21
-35.88541446968627
  0
LINE
  5
32D
100
AcDbEntity
  8
OuterRing
  6
ByLayer
 62
  256
370
   -1
100
AcDbLine
 10
-54.0110574419499
 20
-36.16359597720322
 11
-54.42652711458029
 21
-36.44177748472016
  0
LINE
  5
32E
100
AcDbEntity
  8
InnerRing
  6
ByLayer
 62
  256
370
   -1
100
AcDbLine
 10
-54.22767827481857
 20
-35.83795347006816
 11
-53.81054228808919
 21
-35.56227690491379
  0
LINE
  5
32F
100
AcDbEntity
  8
OuterRing
  6
ByLayer
 62
  256
370
   -1
100
AcDbLine
 10
-54.22767827481857
 20
-35.83795347006816
 11
-54.64481426154794
 21
-36.11363003522253
  0
LINE
  5
330
100
AcDbEntity
  8
InnerRing
  6
ByLayer
 62
  256
370
   -1
100
AcDbLine
 10
-54.44186564202172
 20
-35.51173419330652
 11
-54.02308206016001
 21
-35.23856700720416
  0
LINE
  5
331
100
AcDbEntity
  8
OuterRing
  6
ByLayer
 62
  256
370
   -1
100
AcDbLine
 10
-54.44186564202172
 20
-35.51173419330652
 11
-54.86064922388342
 21
-35.78490137940888
  0
LINE
  5
332
100
AcDbEntity
  8
InnerRing
  6
ByLayer
 62
  256
370
   -1
100
AcDbLine
 10
-54.65362682438538
 20
-35.18495523573709
 11
-54.23321431035165
 21
-34.91430173392373
  0
LINE
  5
333
100
AcDbEntity
  8
OuterRing
  6
ByLayer
 62
  256
370
   -1
100
AcDbLine
 10
-54.65362682438538
 20
-35.18495523573709
 11
-55.07403933841911
 21
-35.45560873755045
  0
LINE
  5
334
100
AcDbEntity
  8
InnerRing
  6
ByLayer
 62
  256
370
   -1
100
AcDbLine
 10
-54.86296915657083
 20
-34.85763353019188
 11
-54.44094631690491
 21
-34.58949788765194
  0
LINE
  5
335
100
AcDbEntity
  8
OuterRing
  6
ByLayer
 62
  256
370
   -1
100
AcDbLine
 10
-54.86296915657083
 20
-34.85763353019188
 11
-55.28499199623677
 21
-35.12576917273182
  0
LINE
  5
336
100
AcDbEntity
  8
InnerRing
  6
ByLayer
 62
  256
370
   -1
100
AcDbLine
 10
-55.06990002567635
 20
-34.52978585456346
 11
-54.64628541009423
 21
-34.26417211722067
  0
LINE
  5
337
100
AcDbEntity
  8
OuterRing
  6
ByLayer
 62
  256
370
   -1
100
AcDbLine
 10
-55.06990002567635
 20
-34.52978585456346
 11
-55.49351464125849
 21
-34.79539959190626
  0
LINE
  5
338
100
AcDbEntity
  8
InnerRing
  6
ByLayer
 62
  256
370
   -1
100
AcDbLine
 10
-55.2744268698611
 20
-34.20142883284815
 11
-54.84923897086217
 21
-33.93834091874932
  0
LINE
  5
339
100
AcDbEntity
  8
OuterRing
  6
ByLayer
 62
  256
370
   -1
100
AcDbLine
 10
-55.2744268698611
 20
-34.20142883284815
 11
-55.69961476886004
 21
-34.46451674694698
  0
LINE
  5
33A
100
AcDbEntity
  8
InnerRing
  6
ByLayer
 62
  256
370
   -1
100
AcDbLine
 10
-55.4765571769895
 20
-33.87257893618695
 11
-54.62307168195889
 21
-33.35146233716868
  0
LINE
  5
33B
100
AcDbEntity
  8
OuterRing
  6
ByLayer
 62
  256
370
   -1
100
AcDbLine
 10
-55.4765571769895
 20
-33.87257893618695
 11
-56.33004267202011
 21
-34.3936955352052
  0
LINE
  5
33C
100
AcDbEntity
  8
InnerRing
  6
ByLayer
 62
  256
370
   -1
100
AcDbLine
 10
-55.67629848329694
 20
-33.54325248390244
 11
-55.24801926419466
 21
-33.2852274647955
  0
LINE
  5
33D
100
AcDbEntity
  8
OuterRing
  6
ByLayer
 62
  256
370
   -1
100
AcDbLine
 10
-55.67629848329694
 20
-33.54325248390244
 11
-56.10457770239923
 21
-33.80127750300938
  0
LINE
  5
33E
100
AcDbEntity
  8
InnerRing
  6
ByLayer
 62
  256
370
   -1
100
AcDbLine
 10
-55.87365837207587
 20
-33.21346564453273
 11
-55.44386099998297
 21
-32.9579774472671
  0
LINE
  5
33F
100
AcDbEntity
  8
OuterRing
  6
ByLayer
 62
  256
370
   -1
100
AcDbLine
 10
-55.87365837207587
 20
-33.21346564453273
 11
-56.30345574416876
 21
-33.46895384179837
  0
LINE
  5
340
100
AcDbEntity
  8
InnerRing
  6
ByLayer
 62
  256
370
   -1
100
AcDbLine
 10
-56.06864447238223
 20
-32.88323443686161
 11
-55.63734720721006
 21
-32.63028647965498
  0
LINE
  5
341
100
AcDbEntity
  8
OuterRing
  6
ByLayer
 62
  256
370
   -1
100
AcDbLine
 10
-56.06864447238223
 20
-32.88323443686161
 11
-56.49994173755441
 21
-33.13618239406823
  0
LINE
  5
342
100
AcDbEntity
  8
InnerRing
  6
ByLayer
 62
  256
370
   -1
100
AcDbLine
 10
-56.26126445776197
 20
-32.55257473094518
 11
-55.82848550039456
 21
-32.30217030993791
  0
LINE
  5
343
100
AcDbEntity
  8
OuterRing
  6
ByLayer
 62
  256
370
   -1
100
AcDbLine
 10
-56.26126445776197
 20
-32.55257473094518
 11
-56.69404341512936
 21
-32.80297915195245
  0
LINE
  5
344
100
AcDbEntity
  8
InnerRing
  6
ByLayer
 62
  256
370
   -1
100
AcDbLine
 10
-56.45152604499702
 20
-32.22150224913518
 11
-56.01728353695858
 21
-31.97364453952644
  0
LINE
  5
345
100
AcDbEntity
  8
OuterRing
  6
ByLayer
 62
  256
370
   -1
100
AcDbLine
 10
-56.45152604499702
 20
-32.22150224913518
 11
-56.88576855303546
 21
-32.46935995874391
  0
LINE
  5
346
100
AcDbEntity
  8
InnerRing
  6
ByLayer
 62
  256
370
   -1
100
AcDbLine
 10
-56.63943699287105
 20
-31.8900325670983
 11
-56.20374901600281
 21
-31.64472462427447
  0
LINE
  5
347
100
AcDbEntity
  8
OuterRing
  6
ByLayer
 62
  256
370
   -1
100
AcDbLine
 10
-56.63943699287105
 20
-31.8900325670983
 11
-57.07512496973929
 21
-32.13534050992214
  0
LINE
  5
348
100
AcDbEntity
  8
InnerRing
  6
ByLayer
 62
  256
370
   -1
100
AcDbLine
 10
-56.82500510095437
 20
-31.55818111483153
 11
-56.38788967710088
 21
-31.31542587548667
  0
LINE
  5
349
100
AcDbEntity
  8
OuterRing
  6
ByLayer
 62
  256
370
   -1
100
AcDbLine
 10
-56.82500510095437
 20
-31.55818111483153
 11
-57.26212052480787
 21
-31.80093635417639
  0
LINE
  5
34A
100
AcDbEntity
  8
InnerRing
  6
ByLayer
 62
  256
370
   -1
100
AcDbLine
 10
-57.00823820840742
 20
-31.22596317767439
 11
-56.56971329911197
 21
-30.98576346092305
  0
LINE
  5
34B
100
AcDbEntity
  8
OuterRing
  6
ByLayer
 62
  256
370
   -1
100
AcDbLine
 10
-57.00823820840742
 20
-31.22596317767439
 11
-57.44676311770286
 21
-31.46616289442573
  0
LINE
  5
34C
100
AcDbEntity
  8
InnerRing
  6
ByLayer
 62
  256
370
   -1
100
AcDbLine
 10
-57.18914419280324
 20
-30.89339389731661
 11
-56.74922769901245
 21
-30.65575240579879
  0
LINE
  5
34D
100
AcDbEntity
  8
OuterRing
  6
ByLayer
 62
  256
370
   -1
100
AcDbLine
 10
-57.18914419280324
 20
-30.89339389731661
 11
-57.62906068659404
 21
-31.13103538883443
  0
LINE
  5
34E
100
AcDbEntity
  8
InnerRing
  6
ByLayer
 62
  256
370
   -1
100
AcDbLine
 10
-57.3677309689683
 20
-30.56048827280211
 11
-56.48515049252264
 21
-30.090326914759
  0
LINE
  5
34F
100
AcDbEntity
  8
OuterRing
  6
ByLayer
 62
  256
370
   -1
100
AcDbLine
 10
-57.3677309689683
 20
-30.56048827280211
 11
-58.25031144541397
 21
-31.03064963084522
  0
LINE
  5
350
100
AcDbEntity
  8
InnerRing
  6
ByLayer
 62
  256
370
   -1
100
AcDbLine
 10
-57.54400648784126
 20
-30.22726116152905
 11
-57.10136028408863
 21
-29.99474376797883
  0
LINE
  5
351
100
AcDbEntity
  8
OuterRing
  6
ByLayer
 62
  256
370
   -1
100
AcDbLine
 10
-57.54400648784126
 20
-30.22726116152905
 11
-57.98665269159389
 21
-30.45977855507928
  0
LINE
  5
352
100
AcDbEntity
  8
InnerRing
  6
ByLayer
 62
  256
370
   -1
100
AcDbLine
 10
-57.71797873534984
 20
-29.89372728024566
 11
-57.27399428353946
 21
-29.66377553193608
  0
LINE
  5
353
100
AcDbEntity
  8
OuterRing
  6
ByLayer
 62
  256
370
   -1
100
AcDbLine
 10
-57.71797873534984
 20
-29.89372728024566
 11
-58.16196318716023
 21
-30.12367902855524
  0
LINE
  5
354
100
AcDbEntity
  8
InnerRing
  6
ByLayer
 62
  256
370
   -1
100
AcDbLine
 10
-57.88965573130508
 20
-29.55990120604224
 11
-57.44435068721812
 21
-29.33251735061114
  0
LINE
  5
355
100
AcDbEntity
  8
OuterRing
  6
ByLayer
 62
  256
370
   -1
100
AcDbLine
 10
-57.88965573130508
 20
-29.55990120604224
 11
-58.33496077539204
 21
-29.78728506147333
  0
LINE
  5
356
100
AcDbEntity
  8
InnerRing
  6
ByLayer
 62
  256
370
   -1
100
AcDbLine
 10
-58.05904552831328
 20
-29.22579737733851
 11
-57.61243748578779
 21
-29.00098355135898
  0
LINE
  5
357
100
AcDbEntity
  8
OuterRing
  6
ByLayer
 62
  256
370
   -1
100
AcDbLine
 10
-58.05904552831328
 20
-29.22579737733851
 11
-58.50565357083877
 21
-29.45061120331803
  0
LINE
  5
358
100
AcDbEntity
  8
InnerRing
  6
ByLayer
 62
  256
370
   -1
100
AcDbLine
 10
-58.22615621070468
 20
-28.89143009486751
 11
-57.77826270139157
 21
-28.66918832490699
  0
LINE
  5
359
100
AcDbEntity
  8
OuterRing
  6
ByLayer
 62
  256
370
   -1
100
AcDbLine
 10
-58.22615621070468
 20
-28.89143009486751
 11
-58.6740497200178
 21
-29.11367186482803
  0
LINE
  5
35A
100
AcDbEntity
  8
InnerRing
  6
ByLayer
 62
  256
370
   -1
100
AcDbLine
 10
-58.39099589347948
 20
-28.55681352265449
 11
-57.94183438660657
 21
-28.33714572632638
  0
LINE
  5
35B
100
AcDbEntity
  8
OuterRing
  6
ByLayer
 62
  256
370
   -1
100
AcDbLine
 10
-58.39099589347948
 20
-28.55681352265449
 11
-58.8401574003524
 21
-28.7764813189826
  0
LINE
  5
35C
100
AcDbEntity
  8
InnerRing
  6
ByLayer
 62
  256
370
   -1
100
AcDbLine
 10
-58.55357272127017
 20
-28.22196168899188
 11
-58.10316062341425
 21
-28.00486967599964
  0
LINE
  5
35D
100
AcDbEntity
  8
OuterRing
  6
ByLayer
 62
  256
370
   -1
100
AcDbLine
 10
-58.55357272127017
 20
-28.22196168899188
 11
-59.0039848191261
 21
-28.43905370198413
  0
LINE
  5
35E
100
AcDbEntity
  8
InnerRing
  6
ByLayer
 62
  256
370
   -1
100
AcDbLine
 10
-58.71389486732038
 20
-27.88688848741015
 11
-58.26224952218715
 21
-27.67237396058391
  0
LINE
  5
35F
100
AcDbEntity
  8
OuterRing
  6
ByLayer
 62
  256
370
   -1
100
AcDbLine
 10
-58.71389486732038
 20
-27.88688848741015
 11
-59.16554021245362
 21
-28.10140301423638
  0
LINE
  5
360
100
AcDbEntity
  8
InnerRing
  6
ByLayer
 62
  256
370
   -1
100
AcDbLine
 10
-58.87197053248004
 20
-27.55160767764382
 11
-58.41910922069174
 21
-27.33967223396964
  0
LINE
  5
361
100
AcDbEntity
  8
OuterRing
  6
ByLayer
 62
  256
370
   -1
100
AcDbLine
 10
-58.87197053248004
 20
-27.55160767764382
 11
-59.32483184426835
 21
-27.763543121318
  0
LINE
  5
362
100
AcDbEntity
  8
InnerRing
  6
ByLayer
 62
  256
370
   -1
100
AcDbLine
 10
-59.02780794421633
 20
-27.21613288659342
 11
-58.11968782199762
 21
-26.7974231498766
  0
LINE
  5
363
100
AcDbEntity
  8
OuterRing
  6
ByLayer
 62
  256
370
   -1
100
AcDbLine
 10
-59.02780794421633
 20
-27.21613288659342
 11
-59.93592806643504
 21
-27.63484262331025
  0
LINE
  5
364
100
AcDbEntity
  8
InnerRing
  6
ByLayer
 62
  256
370
   -1
100
AcDbLine
 10
-59.18141535564055
 20
-26.88047760928279
 11
-58.7261736990587
 21
-26.67370470459599
  0
LINE
  5
365
100
AcDbEntity
  8
OuterRing
  6
ByLayer
 62
  256
370
   -1
100
AcDbLine
 10
-59.18141535564055
 20
-26.88047760928279
 11
-59.6366570122224
 21
-27.08725051396958
  0
LINE
  5
366
100
AcDbEntity
  8
InnerRing
  6
ByLayer
 62
  256
370
   -1
100
AcDbLine
 10
-59.33280104455035
 20
-26.54465520981209
 11
-58.8763948826692
 21
-26.340465554352
  0
LINE
  5
367
100
AcDbEntity
  8
OuterRing
  6
ByLayer
 62
  256
370
   -1
100
AcDbLine
 10
-59.33280104455035
 20
-26.54465520981209
 11
-59.78920720643151
 21
-26.74884486527218
  0
LINE
  5
368
100
AcDbEntity
  8
InnerRing
  6
ByLayer
 62
  256
370
   -1
100
AcDbLine
 10
-59.48197331248727
 20
-26.20867892230647
 11
-59.02441967162198
 21
-26.00707369982719
  0
LINE
  5
369
100
AcDbEntity
  8
OuterRing
  6
ByLayer
 62
  256
370
   -1
100
AcDbLine
 10
-59.48197331248727
 20
-26.20867892230647
 11
-59.93952695335256
 21
-26.41028414478575
  0
LINE
  5
36A
100
AcDbEntity
  8
InnerRing
  6
ByLayer
 62
  256
370
   -1
100
AcDbLine
 10
-59.6289404838096
 20
-25.87256185185944
 11
-59.17025632624183
 21
-25.67354214530668
  0
LINE
  5
36B
100
AcDbEntity
  8
OuterRing
  6
ByLayer
 62
  256
370
   -1
100
AcDbLine
 10
-59.6289404838096
 20
-25.87256185185944
 11
-60.08762464137737
 21
-26.07158155841221
  0
LINE
  5
36C
100
AcDbEntity
  8
InnerRing
  6
ByLayer
 62
  256
370
   -1
100
AcDbLine
 10
-59.77371090477971
 20
-25.53631697547277
 11
-59.3139131285891
 21
-25.33988376796914
  0
LINE
  5
36D
100
AcDbEntity
  8
OuterRing
  6
ByLayer
 62
  256
370
   -1
100
AcDbLine
 10
-59.77371090477971
 20
-25.53631697547277
 11
-60.23350868097032
 21
-25.73275018297641
  0
LINE
  5
36E
100
AcDbEntity
  8
InnerRing
  6
ByLayer
 62
  256
370
   -1
100
AcDbLine
 10
-59.91629294266648
 20
-25.19995714299084
 11
-59.45539838156905
 21
-25.00611131881399
  0
LINE
  5
36F
100
AcDbEntity
  8
OuterRing
  6
ByLayer
 62
  256
370
   -1
100
AcDbLine
 10
-59.91629294266648
 20
-25.19995714299084
 11
-60.37718750376392
 21
-25.39380296716769
  0
LINE
  5
370
100
AcDbEntity
  8
InnerRing
  6
ByLayer
 62
  256
370
   -1
100
AcDbLine
 10
-60.05669498486181
 20
-24.86349507803105
 11
-59.59472040805518
 21
-24.67223742358466
  0
LINE
  5
371
100
AcDbEntity
  8
OuterRing
  6
ByLayer
 62
  256
370
   -1
100
AcDbLine
 10
-60.05669498486181
 20
-24.86349507803105
 11
-60.51866956166844
 21
-25.05475273247744
  0
LINE
  5
372
100
AcDbEntity
  8
InnerRing
  6
ByLayer
 62
  256
370
   -1
100
AcDbLine
 10
-60.19492543801162
 20
-24.52694337890926
 11
-59.73188755002692
 21
-24.33827458368688
  0
LINE
  5
373
100
AcDbEntity
  8
OuterRing
  6
ByLayer
 62
  256
370
   -1
100
AcDbLine
 10
-60.19492543801162
 20
-24.52694337890926
 11
-60.65796332599633
 21
-24.71561217413164
  0
LINE
  5
374
100
AcDbEntity
  8
InnerRing
  6
ByLayer
 62
  256
370
   -1
100
AcDbLine
 10
-60.3309927271609
 20
-24.19031451956046
 11
-59.86690816772121
 21
-24.0042351771023
  0
LINE
  5
375
100
AcDbEntity
  8
OuterRing
  6
ByLayer
 62
  256
370
   -1
100
AcDbLine
 10
-60.3309927271609
 20
-24.19031451956046
 11
-60.79507728660061
 21
-24.37639386201862
  0
LINE
  5
376
100
AcDbEntity
  8
InnerRing
  6
ByLayer
 62
  256
370
   -1
100
AcDbLine
 10
-60.46490529491241
 20
-23.85362085045525
 11
-59.53467598268298
 21
-23.48664206814055
  0
LINE
  5
377
100
AcDbEntity
  8
OuterRing
  6
ByLayer
 62
  256
370
   -1
100
AcDbLine
 10
-60.46490529491241
 20
-23.85362085045525
 11
-61.39513460714183
 21
-24.22059963276995
  0
LINE
  5
378
100
AcDbEntity
  8
InnerRing
  6
ByLayer
 62
  256
370
   -1
100
AcDbLine
 10
-60.59667160059917
 20
-23.51687459951125
 11
-60.13054335751765
 21
-23.3359755641304
  0
LINE
  5
379
100
AcDbEntity
  8
OuterRing
  6
ByLayer
 62
  256
370
   -1
100
AcDbLine
 10
-60.59667160059917
 20
-23.51687459951125
 11
-61.06279984368071
 21
-23.69777363489211
  0
LINE
  5
37A
100
AcDbEntity
  8
InnerRing
  6
ByLayer
 62
  256
370
   -1
100
AcDbLine
 10
-60.72630011947068
 20
-23.18008787299944
 11
-60.25917473393628
 21
-23.0017795047456
  0
LINE
  5
37B
100
AcDbEntity
  8
OuterRing
  6
ByLayer
 62
  256
370
   -1
100
AcDbLine
 10
-60.72630011947068
 20
-23.18008787299944
 11
-61.19342550500507
 21
-23.35839624125329
  0
LINE
  5
37C
100
AcDbEntity
  8
InnerRing
  6
ByLayer
 62
  256
370
   -1
100
AcDbLine
 10
-60.85379934189173
 20
-22.84327265644696
 11
-60.38569319310795
 21
-22.66755517447429
  0
LINE
  5
37D
100
AcDbEntity
  8
OuterRing
  6
ByLayer
 62
  256
370
   -1
100
AcDbLine
 10
-60.85379934189173
 20
-22.84327265644696
 11
-61.32190549067551
 21
-23.01899013841963
  0
LINE
  5
37E
100
AcDbEntity
  8
InnerRing
  6
ByLayer
 62
  256
370
   -1
100
AcDbLine
 10
-60.97917777255515
 20
-22.50644081553359
 11
-60.51010717430472
 21
-22.3333143477218
  0
LINE
  5
37F
100
AcDbEntity
  8
OuterRing
  6
ByLayer
 62
  256
370
   -1
100
AcDbLine
 10
-60.97917777255515
 20
-22.50644081553359
 11
-61.44824837080557
 21
-22.67956728334539
  0
LINE
  5
380
100
AcDbEntity
  8
InnerRing
  6
ByLayer
 62
  256
370
   -1
100
AcDbLine
 10
-61.10244392970668
 20
-22.16960409698493
 11
-60.6324251302474
 21
-21.99906868085428
  0
LINE
  5
381
100
AcDbEntity
  8
OuterRing
  6
ByLayer
 62
  256
370
   -1
100
AcDbLine
 10
-61.10244392970668
 20
-22.16960409698493
 11
-61.57246272916596
 21
-22.34013951311559
  0
LINE
  5
382
100
AcDbEntity
  8
InnerRing
  6
ByLayer
 62
  256
370
   -1
100
AcDbLine
 10
-61.22360634438316
 20
-21.83277412945974
 11
-60.75265552634944
 21
-21.66482971307928
  0
LINE
  5
383
100
AcDbEntity
  8
OuterRing
  6
ByLayer
 62
  256
370
   -1
100
AcDbLine
 10
-61.22360634438316
 20
-21.83277412945974
 11
-61.69455716241687
 21
-22.0007185458402
  0
LINE
  5
384
100
AcDbEntity
  8
InnerRing
  6
ByLayer
 62
  256
370
   -1
100
AcDbLine
 10
-61.34267355966292
 20
-21.49596242443291
 11
-60.87080683997321
 21
-21.33060886732189
  0
LINE
  5
385
100
AcDbEntity
  8
OuterRing
  6
ByLayer
 62
  256
370
   -1
100
AcDbLine
 10
-61.34267355966292
 20
-21.49596242443291
 11
-61.81454027935263
 21
-21.66131598154393
  0
LINE
  5
386
100
AcDbEntity
  8
InnerRing
  6
ByLayer
 62
  256
370
   -1
100
AcDbLine
 10
-61.45965412992861
 20
-21.1591803770739
 11
-60.98688755969839
 21
-20.99641745109641
  0
LINE
  5
387
100
AcDbEntity
  8
OuterRing
  6
ByLayer
 62
  256
370
   -1
100
AcDbLine
 10
-61.45965412992861
 20
-21.1591803770739
 11
-61.93242070015883
 21
-21.32194330305139
  0
LINE
  5
388
100
AcDbEntity
  8
InnerRing
  6
ByLayer
 62
  256
370
   -1
100
AcDbLine
 10
-61.57455662014223
 20
-20.82243926711992
 11
-61.10090618460268
 21
-20.66226665737284
  0
LINE
  5
389
100
AcDbEntity
  8
OuterRing
  6
ByLayer
 62
  256
370
   -1
100
AcDbLine
 10
-61.57455662014223
 20
-20.82243926711992
 11
-62.04820705568179
 21
-20.982611876867
  0
LINE
  5
38A
100
AcDbEntity
  8
InnerRing
  6
ByLayer
 62
  256
370
   -1
100
AcDbLine
 10
-61.6873896051323
 20
-20.48575025974435
 11
-59.78931607882053
 21
-19.85541948252144
  0
LINE
  5
38B
100
AcDbEntity
  8
OuterRing
  6
ByLayer
 62
  256
370
   -1
100
AcDbLine
 10
-61.6873896051323
 20
-20.48575025974435
 11
-63.58546313144406
 21
-21.11608103696725
  0
TEXT
  5
38C
100
AcDbEntity
  8
Numbers
  6
ByLayer
 62
  256
370
   -1
100
AcDbText
 10
-59.78931607882053
 20
-19.85541948252144
 30
0
 40
3
  1
5
 50
-161.6292015609668
 41
1
 51
0
  7
opensans-italic
 71
    0
 72
    2
 11
-59.78931607882053
 21
-19.85541948252144
 31
0
210
0
220
0
230
1
100
AcDbText
 73
    2
  0
TEXT
  5
38D
100
AcDbEntity
  8
Numbers
  6
ByLayer
 62
  256
370
   -1
100
AcDbText
 10
-63.58546313144406
 20
-21.11608103696725
 30
0
 40
3
  1
5
 50
-161.6292015609668
 41
1
 51
0
  7
opensans-italic
 71
    0
 11
-63.58546313144406
 21
-21.11608103696725
 31
0
210
0
220
0
230
1
100
AcDbText
 73
    2
  0
LINE
  5
38E
100
AcDbEntity
  8
InnerRing
  6
ByLayer
 62
  256
370
   -1
100
AcDbLine
 10
-61.90688140389272
 20
-19.81257264578132
 11
-61.43067462386277
 21
-19.66016824081377
  0
LINE
  5
38F
100
AcDbEntity
  8
OuterRing
  6
ByLayer
 62
  256
370
   -1
100
AcDbLine
 10
-61.90688140389272
 20
-19.81257264578132
 11
-62.38308818392266
 21
-19.96497705074887
  0
LINE
  5
390
100
AcDbEntity
  8
InnerRing
  6
ByLayer
 62
  256
370
   -1
100
AcDbLine
 10
-62.11819829581475
 20
-19.13973459799894
 11
-61.64036600123156
 21
-18.99250587032202
  0
LINE
  5
391
100
AcDbEntity
  8
OuterRing
  6
ByLayer
 62
  256
370
   -1
100
AcDbLine
 10
-62.11819829581475
 20
-19.13973459799894
 11
-62.59603059039794
 21
-19.28696332567585
  0
LINE
  5
392
100
AcDbEntity
  8
InnerRing
  6
ByLayer
 62
  256
370
   -1
100
AcDbLine
 10
-62.32140916469526
 20
-18.46732140096763
 11
-61.84201370958223
 21
-18.32526508249865
  0
LINE
  5
393
100
AcDbEntity
  8
OuterRing
  6
ByLayer
 62
  256
370
   -1
100
AcDbLine
 10
-62.32140916469526
 20
-18.46732140096763
 11
-62.8008046198083
 21
-18.60937771943662
  0
LINE
  5
394
100
AcDbEntity
  8
InnerRing
  6
ByLayer
 62
  256
370
   -1
100
AcDbLine
 10
-62.51658298772481
 20
-17.79541658795649
 11
-62.03568619551154
 21
-17.65852876804913
  0
LINE
  5
395
100
AcDbEntity
  8
OuterRing
  6
ByLayer
 62
  256
370
   -1
100
AcDbLine
 10
-62.51658298772481
 20
-17.79541658795649
 11
-62.99747977993808
 21
-17.93230440786385
  0
LINE
  5
396
100
AcDbEntity
  8
InnerRing
  6
ByLayer
 62
  256
370
   -1
100
AcDbLine
 10
-62.70378881538503
 20
-17.12410196756592
 11
-61.73911514130219
 21
-16.86065424498798
  0
LINE
  5
397
100
AcDbEntity
  8
OuterRing
  6
ByLayer
 62
  256
370
   -1
100
AcDbLine
 10
-62.70378881538503
 20
-17.12410196756592
 11
-63.66846248946788
 21
-17.38754969014385
  0
LINE
  5
398
100
AcDbEntity
  8
InnerRing
  6
ByLayer
 62
  256
370
   -1
100
AcDbLine
 10
-62.88309575202238
 20
-16.45345765004987
 11
-62.39937963085298
 21
-16.32689259120334
  0
LINE
  5
399
100
AcDbEntity
  8
OuterRing
  6
ByLayer
 62
  256
370
   -1
100
AcDbLine
 10
-62.88309575202238
 20
-16.45345765004987
 11
-63.36681187319179
 21
-16.58002270889641
  0
LINE
  5
39A
100
AcDbEntity
  8
InnerRing
  6
ByLayer
 62
  256
370
   -1
100
AcDbLine
 10
-63.05457293707882
 20
-15.78356207332831
 11
-62.56953776063975
 21
-15.66215005737964
  0
LINE
  5
39B
100
AcDbEntity
  8
OuterRing
  6
ByLayer
 62
  256
370
   -1
100
AcDbLine
 10
-63.05457293707882
 20
-15.78356207332831
 11
-63.53960811351788
 21
-15.90497408927699
  0
LINE
  5
39C
100
AcDbEntity
  8
InnerRing
  6
ByLayer
 62
  256
370
   -1
100
AcDbLine
 10
-63.21828952696099
 20
-15.11449202869002
 11
-62.73199499213821
 21
-14.9982267053924
  0
LINE
  5
39D
100
AcDbEntity
  8
OuterRing
  6
ByLayer
 62
  256
370
   -1
100
AcDbLine
 10
-63.21828952696099
 20
-15.11449202869002
 11
-63.70458406178377
 21
-15.23075735198763
  0
LINE
  5
39E
100
AcDbEntity
  8
InnerRing
  6
ByLayer
 62
  256
370
   -1
100
AcDbLine
 10
-63.37431467752985
 20
-14.44632268618646
 11
-62.88681994924115
 21
-14.33519712706195
  0
LINE
  5
39F
100
AcDbEntity
  8
OuterRing
  6
ByLayer
 62
  256
370
   -1
100
AcDbLine
 10
-63.37431467752985
 20
-14.44632268618646
 11
-63.86180940581853
 21
-14.55744824531097
  0
LINE
  5
3A0
100
AcDbEntity
  8
InnerRing
  6
ByLayer
 62
  256
370
   -1
100
AcDbLine
 10
-63.52271752719298
 20
-13.77912761971705
 11
-62.54544494985155
 21
-13.56714104095217
  0
LINE
  5
3A1
100
AcDbEntity
  8
OuterRing
  6
ByLayer
 62
  256
370
   -1
100
AcDbLine
 10
-63.52271752719298
 20
-13.77912761971705
 11
-64.4999901045344
 21
-13.99111419848193
  0
LINE
  5
3A2
100
AcDbEntity
  8
InnerRing
  6
ByLayer
 62
  256
370
   -1
100
AcDbLine
 10
-63.66356718058277
 20
-13.11297883180727
 11
-63.17384743303982
 21
-13.01210976387029
  0
LINE
  5
3A3
100
AcDbEntity
  8
OuterRing
  6
ByLayer
 62
  256
370
   -1
100
AcDbLine
 10
-63.66356718058277
 20
-13.11297883180727
 11
-64.15328692812571
 21
-13.21384789974425
  0
LINE
  5
3A4
100
AcDbEntity
  8
InnerRing
  6
ByLayer
 62
  256
370
   -1
100
AcDbLine
 10
-63.79693269280343
 20
-12.44794677807987
 11
-63.30618705670494
 21
-12.35219334132541
  0
LINE
  5
3A5
100
AcDbEntity
  8
OuterRing
  6
ByLayer
 62
  256
370
   -1
100
AcDbLine
 10
-63.79693269280343
 20
-12.44794677807987
 11
-64.28767832890192
 21
-12.54370021483433
  0
LINE
  5
3A6
100
AcDbEntity
  8
InnerRing
  6
ByLayer
 62
  256
370
   -1
100
AcDbLine
 10
-63.92288305423101
 20
-11.78410039142175
 11
-63.43116856919846
 21
-11.69345346533389
  0
LINE
  5
3A7
100
AcDbEntity
  8
OuterRing
  6
ByLayer
 62
  256
370
   -1
100
AcDbLine
 10
-63.92288305423101
 20
-11.78410039142175
 11
-64.41459753926355
 21
-11.87474731750961
  0
LINE
  5
3A8
100
AcDbEntity
  8
InnerRing
  6
ByLayer
 62
  256
370
   -1
100
AcDbLine
 10
-64.04148717585051
 20
-11.12150710584562
 11
-63.54886035142089
 21
-11.03595705118527
  0
LINE
  5
3A9
100
AcDbEntity
  8
OuterRing
  6
ByLayer
 62
  256
370
   -1
100
AcDbLine
 10
-64.04148717585051
 20
-11.12150710584562
 11
-64.53411400028013
 21
-11.20705716050597
  0
LINE
  5
3AA
100
AcDbEntity
  8
InnerRing
  6
ByLayer
 62
  256
370
   -1
100
AcDbLine
 10
-64.15281387511473
 20
-10.46023288005037
 11
-63.16584750780527
 21
-10.29930622035729
  0
LINE
  5
3AB
100
AcDbEntity
  8
OuterRing
  6
ByLayer
 62
  256
370
   -1
100
AcDbLine
 10
-64.15281387511473
 20
-10.46023288005037
 11
-65.13978024242419
 21
-10.62115953974345
  0
LINE
  5
3AC
100
AcDbEntity
  8
InnerRing
  6
ByLayer
 62
  256
370
   -1
100
AcDbLine
 10
-64.25693186231013
 20
-9.800342220679491
 11
-63.76264777106159
 21
-9.724954972828112
  0
LINE
  5
3AD
100
AcDbEntity
  8
OuterRing
  6
ByLayer
 62
  256
370
   -1
100
AcDbLine
 10
-64.25693186231013
 20
-9.800342220679491
 11
-64.75121595355867
 21
-9.875729468530873
  0
LINE
  5
3AE
100
AcDbEntity
  8
InnerRing
  6
ByLayer
 62
  256
370
   -1
100
AcDbLine
 10
-64.35390972741502
 20
-9.141898205280913
 11
-63.85887965258875
 21
-9.071575911394138
  0
LINE
  5
3AF
100
AcDbEntity
  8
OuterRing
  6
ByLayer
 62
  256
370
   -1
100
AcDbLine
 10
-64.35390972741502
 20
-9.141898205280913
 11
-64.84893980224129
 21
-9.212220499167691
  0
LINE
  5
3B0
100
AcDbEntity
  8
InnerRing
  6
ByLayer
 62
  256
370
   -1
100
AcDbLine
 10
-64.44381592743615
 20
-8.484962504968816
 11
-63.94809426645588
 21
-8.419693562622903
  0
LINE
  5
3B1
100
AcDbEntity
  8
OuterRing
  6
ByLayer
 62
  256
370
   -1
100
AcDbLine
 10
-64.44381592743615
 20
-8.484962504968816
 11
-64.93953758841643
 21
-8.550231447314731
  0
LINE
  5
3B2
100
AcDbEntity
  8
InnerRing
  6
ByLayer
 62
  256
370
   -1
100
AcDbLine
 10
-64.52671877420991
 20
-7.829595406789864
 11
-64.03035939902368
 21
-7.769367749814557
  0
LINE
  5
3B3
100
AcDbEntity
  8
OuterRing
  6
ByLayer
 62
  256
370
   -1
100
AcDbLine
 10
-64.52671877420991
 20
-7.829595406789864
 11
-65.02307814939614
 21
-7.889823063765171
  0
LINE
  5
3B4
100
AcDbEntity
  8
InnerRing
  6
ByLayer
 62
  256
370
   -1
100
AcDbLine
 10
-64.60268642265481
 20
-7.175855835796317
 11
-63.60879893922935
 21
-7.065458053707143
  0
LINE
  5
3B5
100
AcDbEntity
  8
OuterRing
  6
ByLayer
 62
  256
370
   -1
100
AcDbLine
 10
-64.60268642265481
 20
-7.175855835796317
 11
-65.59657390608027
 21
-7.286253617885492
  0
LINE
  5
3B6
100
AcDbEntity
  8
InnerRing
  6
ByLayer
 62
  256
370
   -1
100
AcDbLine
 10
-64.67178685946233
 20
-6.523801376825975
 11
-64.174311575928
 21
-6.47361828931193
  0
LINE
  5
3B7
100
AcDbEntity
  8
OuterRing
  6
ByLayer
 62
  256
370
   -1
100
AcDbLine
 10
-64.67178685946233
 20
-6.523801376825975
 11
-65.16926214299664
 21
-6.573984464340022
  0
LINE
  5
3B8
100
AcDbEntity
  8
InnerRing
  6
ByLayer
 62
  256
370
   -1
100
AcDbLine
 10
-64.73408789221347
 20
-5.873488295994246
 11
-64.23613336996567
 21
-5.828307616794291
  0
LINE
  5
3B9
100
AcDbEntity
  8
OuterRing
  6
ByLayer
 62
  256
370
   -1
100
AcDbLine
 10
-64.73408789221347
 20
-5.873488295994246
 11
-65.23204241446126
 21
-5.918668975194202
  0
LINE
  5
3BA
100
AcDbEntity
  8
InnerRing
  6
ByLayer
 62
  256
370
   -1
100
AcDbLine
 10
-64.78965713890885
 20
-5.224971561897593
 11
-64.29127516091724
 21
-5.184779472959919
  0
LINE
  5
3BB
100
AcDbEntity
  8
OuterRing
  6
ByLayer
 62
  256
370
   -1
100
AcDbLine
 10
-64.78965713890885
 20
-5.224971561897593
 11
-65.28803911690045
 21
-5.265163650835267
  0
LINE
  5
3BC
100
AcDbEntity
  8
InnerRing
  6
ByLayer
 62
  256
370
   -1
100
AcDbLine
 10
-64.83856201790017
 20
-4.578304866532227
 11
-64.33980384853172
 21
-4.543087136789671
  0
LINE
  5
3BD
100
AcDbEntity
  8
OuterRing
  6
ByLayer
 62
  256
370
   -1
100
AcDbLine
 10
-64.83856201790017
 20
-4.578304866532227
 11
-65.33732018726865
 21
-4.613522596274782
  0
LINE
  5
3BE
100
AcDbEntity
  8
InnerRing
  6
ByLayer
 62
  256
370
   -1
100
AcDbLine
 10
-64.88086973821189
 20
-3.933540645929737
 11
-63.3836188980993
 21
-3.842766631023666
  0
LINE
  5
3BF
100
AcDbEntity
  8
OuterRing
  6
ByLayer
 62
  256
370
   -1
100
AcDbLine
 10
-64.88086973821189
 20
-3.933540645929737
 11
-66.37812057832447
 21
-4.024314660835808
  0
TEXT
  5
3C0
100
AcDbEntity
  8
Numbers
  6
ByLayer
 62
  256
370
   -1
100
AcDbText
 10
-63.3836188980993
 20
-3.842766631023666
 30
0
 40
1.8
  1
5.5
 50
-176.5305682179278
 41
1
 51
0
  7
opensans-italic
 71
    0
 72
    2
 11
-63.3836188980993
 21
-3.842766631023666
 31
0
210
0
220
0
230
1
100
AcDbText
 73
    2
  0
TEXT
  5
3C1
100
AcDbEntity
  8
Numbers
  6
ByLayer
 62
  256
370
   -1
100
AcDbText
 10
-66.37812057832447
 20
-4.024314660835808
 30
0
 40
1.8
  1
5.5
 50
-176.5305682179278
 41
1
 51
0
  7
opensans-italic
 71
    0
 11
-66.37812057832447
 21
-4.024314660835808
 31
0
210
0
220
0
230
1
100
AcDbText
 73
    2
  0
LINE
  5
3C2
100
AcDbEntity
  8
InnerRing
  6
ByLayer
 62
  256
370
   -1
100
AcDbLine
 10
-64.9166472902412
 20
-3.290730100512544
 11
-64.41728846493166
 21
-3.265416792047064
  0
LINE
  5
3C3
100
AcDbEntity
  8
OuterRing
  6
ByLayer
 62
  256
370
   -1
100
AcDbLine
 10
-64.9166472902412
 20
-3.290730100512544
 11
-65.41600611555076
 21
-3.316043408978026
  0
LINE
  5
3C4
100
AcDbEntity
  8
InnerRing
  6
ByLayer
 62
  256
370
   -1
100
AcDbLine
 10
-64.94596143682608
 20
-2.64992321517054
 11
-64.44637711808127
 21
-2.62953919043846
  0
LINE
  5
3C5
100
AcDbEntity
  8
OuterRing
  6
ByLayer
 62
  256
370
   -1
100
AcDbLine
 10
-64.94596143682608
 20
-2.64992321517054
 11
-65.4455457555709
 21
-2.670307239902622
  0
LINE
  5
3C6
100
AcDbEntity
  8
InnerRing
  6
ByLayer
 62
  256
370
   -1
100
AcDbLine
 10
-64.96887870466999
 20
-2.011168779063109
 11
-64.46911809924946
 21
-1.995698249993393
  0
LINE
  5
3C7
100
AcDbEntity
  8
OuterRing
  6
ByLayer
 62
  256
370
   -1
100
AcDbLine
 10
-64.96887870466999
 20
-2.011168779063109
 11
-65.46863931009054
 21
-2.026639308132825
  0
LINE
  5
3C8
100
AcDbEntity
  8
InnerRing
  6
ByLayer
 62
  256
370
   -1
100
AcDbLine
 10
-64.98546537611348
 20
-1.374514405146655
 11
-64.48557718091261
 21
-1.363941217414758
  0
LINE
  5
3C9
100
AcDbEntity
  8
OuterRing
  6
ByLayer
 62
  256
370
   -1
100
AcDbLine
 10
-64.98546537611348
 20
-1.374514405146655
 11
-65.48535357131436
 21
-1.385087592878553
  0
LINE
  5
3CA
100
AcDbEntity
  8
InnerRing
  6
ByLayer
 62
  256
370
   -1
100
AcDbLine
 10
-64.99578748124217
 20
-0.7400065494325264
 11
-63.99585228922307
 21
-0.7286218332874106
  0
LINE
  5
3CB
100
AcDbEntity
  8
OuterRing
  6
ByLayer
 62
  256
370
   -1
100
AcDbLine
 10
-64.99578748124217
 20
-0.7400065494325264
 11
-65.99572267326128
 21
-0.7513912655776421
  0
LINE
  5
3CC
100
AcDbEntity
  8
InnerRing
  6
ByLayer
 62
  256
370
   -1
100
AcDbLine
 10
-64.99991079032151
 20
-0.1076905299766195
 11
-64.4999114765498
 21
-0.1068621412844917
  0
LINE
  5
3CD
100
AcDbEntity
  8
OuterRing
  6
ByLayer
 62
  256
370
   -1
100
AcDbLine
 10
-64.99991079032151
 20
-0.1076905299766195
 11
-65.4999101040932
 21
-0.1085189186687474
  0
LINE
  5
3CE
100
AcDbEntity
  8
InnerRing
  6
ByLayer
 62
  256
370
   -1
100
AcDbLine
 10
-64.99790080654863
 20
0.5223894543973649
 11
-64.49791695419056
 21
0.5183710739789237
  0
LINE
  5
3CF
100
AcDbEntity
  8
OuterRing
  6
ByLayer
 62
  256
370
   -1
100
AcDbLine
 10
-64.99790080654863
 20
0.5223894543973649
 11
-65.4978846589067
 21
0.5264078348158062
  0
LINE
  5
3D0
100
AcDbEntity
  8
InnerRing
  6
ByLayer
 62
  256
370
   -1
100
AcDbLine
 10
-64.98982275911222
 20
1.150190305636059
 11
-64.48990104558058
 21
1.141342687900397
  0
LINE
  5
3D1
100
AcDbEntity
  8
OuterRing
  6
ByLayer
 62
  256
370
   -1
100
AcDbLine
 10
-64.98982275911222
 20
1.150190305636059
 11
-65.48974447264385
 21
1.159037923371721
  0
LINE
  5
3D2
100
AcDbEntity
  8
InnerRing
  6
ByLayer
 62
  256
370
   -1
100
AcDbLine
 10
-64.97574159655109
 20
1.775670008256124
 11
-64.47592819965455
 21
1.762011008192615
  0
LINE
  5
3D3
100
AcDbEntity
  8
OuterRing
  6
ByLayer
 62
  256
370
   -1
100
AcDbLine
 10
-64.97574159655109
 20
1.775670008256124
 11
-65.47555499344764
 21
1.789329008319633
  0
LINE
  5
3D4
100
AcDbEntity
  8
InnerRing
  6
ByLayer
 62
  256
370
   -1
100
AcDbLine
 10
-64.95572198040286
 20
2.398787611400699
 11
-63.95640318070435
 21
2.361883186609918
  0
LINE
  5
3D5
100
AcDbEntity
  8
OuterRing
  6
ByLayer
 62
  256
370
   -1
100
AcDbLine
 10
-64.95572198040286
 20
2.398787611400699
 11
-65.95504078010136
 21
2.435692036191478
  0
LINE
  5
3D6
100
AcDbEntity
  8
InnerRing
  6
ByLayer
 62
  256
370
   -1
100
AcDbLine
 10
-64.92982827913413
 20
3.019503211151322
 11
-64.43036806160234
 21
2.996276263373234
  0
LINE
  5
3D7
100
AcDbEntity
  8
OuterRing
  6
ByLayer
 62
  256
370
   -1
100
AcDbLine
 10
-64.92982827913413
 20
3.019503211151322
 11
-65.42928849666593
 21
3.042730158929408
  0
LINE
  5
3D8
100
AcDbEntity
  8
InnerRing
  6
ByLayer
 62
  256
370
   -1
100
AcDbLine
 10
-64.89812456234397
 20
3.637777933091523
 11
-64.3989082195567
 21
3.609795025913896
  0
LINE
  5
3D9
100
AcDbEntity
  8
OuterRing
  6
ByLayer
 62
  256
370
   -1
100
AcDbLine
 10
-64.89812456234397
 20
3.637777933091523
 11
-65.39734090513122
 21
3.66576084026915
  0
LINE
  5
3DA
100
AcDbEntity
  8
InnerRing
  6
ByLayer
 62
  256
370
   -1
100
AcDbLine
 10
-64.86067459523227
 20
4.253573915120246
 11
-64.36174632911509
 21
4.220854115773166
  0
LINE
  5
3DB
100
AcDbEntity
  8
OuterRing
  6
ByLayer
 62
  256
370
   -1
100
AcDbLine
 10
-64.86067459523227
 20
4.253573915120246
 11
-65.35960286134944
 21
4.286293714467324
  0
LINE
  5
3DC
100
AcDbEntity
  8
InnerRing
  6
ByLayer
 62
  256
370
   -1
100
AcDbLine
 10
-64.81754183332569
 20
4.866854290511875
 11
-64.31894535768473
 21
4.82941694981563
  0
LINE
  5
3DD
100
AcDbEntity
  8
OuterRing
  6
ByLayer
 62
  256
370
   -1
100
AcDbLine
 10
-64.81754183332569
 20
4.866854290511875
 11
-65.31613830896666
 21
4.90429163120812
  0
LINE
  5
3DE
100
AcDbEntity
  8
InnerRing
  6
ByLayer
 62
  256
370
   -1
100
AcDbLine
 10
-64.76878941745294
 20
5.47758317122048
 11
-63.77234650333827
 21
5.393312660894011
  0
LINE
  5
3DF
100
AcDbEntity
  8
OuterRing
  6
ByLayer
 62
  256
370
   -1
100
AcDbLine
 10
-64.76878941745294
 20
5.47758317122048
 11
-65.76523233156759
 21
5.561853681546948
  0
LINE
  5
3E0
100
AcDbEntity
  8
InnerRing
  6
ByLayer
 62
  256
370
   -1
100
AcDbLine
 10
-64.71448016896231
 20
6.085725631425129
 11
-64.2166764753549
 21
6.038912357337244
  0
LINE
  5
3E1
100
AcDbEntity
  8
OuterRing
  6
ByLayer
 62
  256
370
   -1
100
AcDbLine
 10
-64.71448016896231
 20
6.085725631425129
 11
-65.21228386256971
 21
6.132538905513015
  0
LINE
  5
3E2
100
AcDbEntity
  8
InnerRing
  6
ByLayer
 62
  256
370
   -1
100
AcDbLine
 10
-64.6546765851743
 20
6.691247691313879
 11
-64.1573329191345
 21
6.639776555226849
  0
LINE
  5
3E3
100
AcDbEntity
  8
OuterRing
  6
ByLayer
 62
  256
370
   -1
100
AcDbLine
 10
-64.6546765851743
 20
6.691247691313879
 11
-65.15202025121411
 21
6.742718827400909
  0
LINE
  5
3E4
100
AcDbEntity
  8
InnerRing
  6
ByLayer
 62
  256
370
   -1
100
AcDbLine
 10
-64.58944083506196
 20
7.294116301103955
 11
-64.09259898248456
 21
7.238007714172387
  0
LINE
  5
3E5
100
AcDbEntity
  8
OuterRing
  6
ByLayer
 62
  256
370
   -1
100
AcDbLine
 10
-64.58944083506196
 20
7.294116301103955
 11
-65.08628268763937
 21
7.350224888035524
  0
LINE
  5
3E6
100
AcDbEntity
  8
InnerRing
  6
ByLayer
 62
  256
370
   -1
100
AcDbLine
 10
-64.51883475515241
 20
7.894299325294064
 11
-64.02253602626662
 21
7.833573945868725
  0
LINE
  5
3E7
100
AcDbEntity
  8
OuterRing
  6
ByLayer
 62
  256
370
   -1
100
AcDbLine
 10
-64.51883475515241
 20
7.894299325294064
 11
-65.01513348403819
 21
7.955024704719403
  0
LINE
  5
3E8
100
AcDbEntity
  8
InnerRing
  6
ByLayer
 62
  256
370
   -1
100
AcDbLine
 10
-64.44291984564272
 20
8.49176552714852
 11
-63.45149030955591
 21
8.361122980577004
  0
LINE
  5
3E9
100
AcDbEntity
  8
OuterRing
  6
ByLayer
 62
  256
370
   -1
100
AcDbLine
 10
-64.44291984564272
 20
8.49176552714852
 11
-65.43434938172953
 21
8.622408073720036
  0
LINE
  5
3EA
100
AcDbEntity
  8
InnerRing
  6
ByLayer
 62
  256
370
   -1
100
AcDbLine
 10
-64.3617572667239
 20
9.086484553407557
 11
-63.86666682621063
 21
9.016588518381344
  0
LINE
  5
3EB
100
AcDbEntity
  8
OuterRing
  6
ByLayer
 62
  256
370
   -1
100
AcDbLine
 10
-64.3617572667239
 20
9.086484553407557
 11
-64.85684770723715
 21
9.156380588433768
  0
LINE
  5
3EC
100
AcDbEntity
  8
InnerRing
  6
ByLayer
 62
  256
370
   -1
100
AcDbLine
 10
-64.27540783510632
 20
9.678426919223668
 11
-63.78098162099012
 21
9.603977481383485
  0
LINE
  5
3ED
100
AcDbEntity
  8
OuterRing
  6
ByLayer
 62
  256
370
   -1
100
AcDbLine
 10
-64.27540783510632
 20
9.678426919223668
 11
-64.76983404922252
 21
9.752876357063849
  0
LINE
  5
3EE
100
AcDbEntity
  8
InnerRing
  6
ByLayer
 62
  256
370
   -1
100
AcDbLine
 10
-64.18393202074088
 20
10.26756399331957
 11
-63.69020946673519
 21
10.1885827318325
  0
LINE
  5
3EF
100
AcDbEntity
  8
OuterRing
  6
ByLayer
 62
  256
370
   -1
100
AcDbLine
 10
-64.18393202074088
 20
10.26756399331957
 11
-64.67765457474658
 21
10.34654525480665
  0
LINE
  5
3F0
100
AcDbEntity
  8
InnerRing
  6
ByLayer
 62
  256
370
   -1
100
AcDbLine
 10
-64.08738994372969
 20
10.85386798336582
 11
-63.59441002108562
 21
10.77037669118608
  0
LINE
  5
3F1
100
AcDbEntity
  8
OuterRing
  6
ByLayer
 62
  256
370
   -1
100
AcDbLine
 10
-64.08738994372969
 20
10.85386798336582
 11
-64.58036986637377
 21
10.93735927554556
  0
LINE
  5
3F2
100
AcDbEntity
  8
InnerRing
  6
ByLayer
 62
  256
370
   -1
100
AcDbLine
 10
-63.98584137142053
 20
11.43731192157533
 11
-62.0170462522999
 21
11.0853946316807
  0
LINE
  5
3F3
100
AcDbEntity
  8
OuterRing
  6
ByLayer
 62
  256
370
   -1
100
AcDbLine
 10
-63.98584137142053
 20
11.43731192157533
 11
-65.95463649054116
 21
11.78922921146995
  0
TEXT
  5
3F4
100
AcDbEntity
  8
Numbers
  6
ByLayer
 62
  256
370
   -1
100
AcDbText
 10
-62.0170462522999
 20
11.0853946316807
 30
0
 40
3
  1
6
 50
-190.1344501381118
 41
1
 51
0
  7
opensans-italic
 71
    0
 72
    2
 11
-62.0170462522999
 21
11.0853946316807
 31
0
210
0
220
0
230
1
100
AcDbText
 73
    2
  0
TEXT
  5
3F5
100
AcDbEntity
  8
Numbers
  6
ByLayer
 62
  256
370
   -1
100
AcDbText
 10
-65.95463649054116
 20
11.78922921146995
 30
0
 40
3
  1
6
 50
-190.1344501381118
 41
1
 51
0
  7
opensans-italic
 71
    0
 11
-65.95463649054116
 21
11.78922921146995
 31
0
210
0
220
0
230
1
100
AcDbText
 73
    2
  0
LINE
  5
3F6
100
AcDbEntity
  8
InnerRing
  6
ByLayer
 62
  256
370
   -1
100
AcDbLine
 10
-63.87934571567956
 20
12.01786965051175
 11
-63.38796613325125
 21
11.92542449935397
  0
LINE
  5
3F7
100
AcDbEntity
  8
OuterRing
  6
ByLayer
 62
  256
370
   -1
100
AcDbLine
 10
-63.87934571567956
 20
12.01786965051175
 11
-64.37072529810787
 21
12.11031480166953
  0
LINE
  5
3F8
100
AcDbEntity
  8
InnerRing
  6
ByLayer
 62
  256
370
   -1
100
AcDbLine
 10
-63.76796203033671
 20
12.5955158091098
 11
-63.27743924548797
 21
12.4986272259628
  0
LINE
  5
3F9
100
AcDbEntity
  8
OuterRing
  6
ByLayer
 62
  256
370
   -1
100
AcDbLine
 10
-63.76796203033671
 20
12.5955158091098
 11
-64.25848481518545
 21
12.6924043922568
  0
LINE
  5
3FA
100
AcDbEntity
  8
InnerRing
  6
ByLayer
 62
  256
370
   -1
100
AcDbLine
 10
-63.65174900879848
 20
13.17022581890387
 11
-63.16212017026926
 21
13.06891638952769
  0
LINE
  5
3FB
100
AcDbEntity
  8
OuterRing
  6
ByLayer
 62
  256
370
   -1
100
AcDbLine
 10
-63.65174900879848
 20
13.17022581890387
 11
-64.1413778473277
 21
13.27153524828005
  0
LINE
  5
3FC
100
AcDbEntity
  8
InnerRing
  6
ByLayer
 62
  256
370
   -1
100
AcDbLine
 10
-63.53076498182294
 20
13.74197587046275
 11
-63.04206678965507
 21
13.63626836376689
  0
LINE
  5
3FD
100
AcDbEntity
  8
OuterRing
  6
ByLayer
 62
  256
370
   -1
100
AcDbLine
 10
-63.53076498182294
 20
13.74197587046275
 11
-64.0194631739908
 21
13.84768337715862
  0
LINE
  5
3FE
100
AcDbEntity
  8
InnerRing
  6
ByLayer
 62
  256
370
   -1
100
AcDbLine
 10
-63.40506791545188
 20
14.31074291002862
 11
-62.42960533213724
 21
14.09057763448972
  0
LINE
  5
3FF
100
AcDbEntity
  8
OuterRing
  6
ByLayer
 62
  256
370
   -1
100
AcDbLine
 10
-63.40506791545188
 20
14.31074291002862
 11
-64.38053049876652
 21
14.53090818556752
  0
LINE
  5
400
100
AcDbEntity
  8
InnerRing
  6
ByLayer
 62
  256
370
   -1
100
AcDbLine
 10
-63.27471540909539
 20
14.87650462635586
 11
-62.78798682902542
 21
14.76206997538389
  0
LINE
  5
401
100
AcDbEntity
  8
OuterRing
  6
ByLayer
 62
  256
370
   -1
100
AcDbLine
 10
-63.27471540909539
 20
14.87650462635586
 11
-63.76144398916535
 21
14.99093927732783
  0
LINE
  5
402
100
AcDbEntity
  8
InnerRing
  6
ByLayer
 62
  256
370
   -1
100
AcDbLine
 10
-63.13976469376376
 20
15.43923943774899
 11
-62.65407419611942
 21
15.32047605745861
  0
LINE
  5
403
100
AcDbEntity
  8
OuterRing
  6
ByLayer
 62
  256
370
   -1
100
AcDbLine
 10
-63.13976469376376
 20
15.43923943774899
 11
-63.62545519140809
 21
15.55800281803936
  0
LINE
  5
404
100
AcDbEntity
  8
InnerRing
  6
ByLayer
 62
  256
370
   -1
100
AcDbLine
 10
-63.00027263044243
 20
15.99892647929623
 11
-62.51565514866979
 21
15.87585781407088
  0
LINE
  5
405
100
AcDbEntity
  8
OuterRing
  6
ByLayer
 62
  256
370
   -1
100
AcDbLine
 10
-63.00027263044243
 20
15.99892647929623
 11
-63.48489011221506
 21
16.12199514452159
  0
LINE
  5
406
100
AcDbEntity
  8
InnerRing
  6
ByLayer
 62
  256
370
   -1
100
AcDbLine
 10
-62.85629570860543
 20
16.55554559029546
 11
-62.37278574161616
 21
16.42819523960087
  0
LINE
  5
407
100
AcDbEntity
  8
OuterRing
  6
ByLayer
 62
  256
370
   -1
100
AcDbLine
 10
-62.85629570860543
 20
16.55554559029546
 11
-63.3398056755947
 21
16.68289594099004
  0
LINE
  5
408
100
AcDbEntity
  8
InnerRing
  6
ByLayer
 62
  256
370
   -1
100
AcDbLine
 10
-62.70789004486254
 20
17.10907730187194
 11
-61.74315327494158
 21
16.84586072799699
  0
LINE
  5
409
100
AcDbEntity
  8
OuterRing
  6
ByLayer
 62
  256
370
   -1
100
AcDbLine
 10
-62.70789004486254
 20
17.10907730187194
 11
-63.6726268147835
 21
17.37229387574689
  0
LINE
  5
40A
100
AcDbEntity
  8
InnerRing
  6
ByLayer
 62
  256
370
   -1
100
AcDbLine
 10
-62.55511138173662
 20
17.65950282478319
 11
-62.07391821726172
 21
17.52366049536177
  0
LINE
  5
40B
100
AcDbEntity
  8
OuterRing
  6
ByLayer
 62
  256
370
   -1
100
AcDbLine
 10
-62.55511138173662
 20
17.65950282478319
 11
-63.03630454621152
 21
17.79534515420459
  0
LINE
  5
40C
100
AcDbEntity
  8
InnerRing
  6
ByLayer
 62
  256
370
   -1
100
AcDbLine
 10
-62.39801508656626
 20
18.20680403741
 11
-61.91803035513114
 21
18.06675169866069
  0
LINE
  5
40D
100
AcDbEntity
  8
OuterRing
  6
ByLayer
 62
  256
370
   -1
100
AcDbLine
 10
-62.39801508656626
 20
18.20680403741
 11
-62.87799981800138
 21
18.34685637615931
  0
LINE
  5
40E
100
AcDbEntity
  8
InnerRing
  6
ByLayer
 62
  256
370
   -1
100
AcDbLine
 10
-62.23665615053026
 20
18.7509634739302
 11
-61.75791264168002
 21
18.6067252933615
  0
LINE
  5
40F
100
AcDbEntity
  8
OuterRing
  6
ByLayer
 62
  256
370
   -1
100
AcDbLine
 10
-62.23665615053026
 20
18.7509634739302
 11
-62.71539965938049
 21
18.89520165449889
  0
LINE
  5
410
100
AcDbEntity
  8
InnerRing
  6
ByLayer
 62
  256
370
   -1
100
AcDbLine
 10
-62.07108918778969
 20
19.29196431267324
 11
-61.59361927096054
 21
19.14356458719113
  0
LINE
  5
411
100
AcDbEntity
  8
OuterRing
  6
ByLayer
 62
  256
370
   -1
100
AcDbLine
 10
-62.07108918778969
 20
19.29196431267324
 11
-62.54855910461884
 21
19.44036403815534
  0
LINE
  5
412
100
AcDbEntity
  8
InnerRing
  6
ByLayer
 62
  256
370
   -1
100
AcDbLine
 10
-61.90136843474392
 20
19.82979036465311
 11
-60.94903968959401
 21
19.52471666673537
  0
LINE
  5
413
100
AcDbEntity
  8
OuterRing
  6
ByLayer
 62
  256
370
   -1
100
AcDbLine
 10
-61.90136843474392
 20
19.82979036465311
 11
-62.85369717989382
 21
20.13486406257085
  0
LINE
  5
414
100
AcDbEntity
  8
InnerRing
  6
ByLayer
 62
  256
370
   -1
100
AcDbLine
 10
-61.72754774939683
 20
20.36442606227671
 11
-61.25272045901685
 21
20.20777663102843
  0
LINE
  5
415
100
AcDbEntity
  8
OuterRing
  6
ByLayer
 62
  256
370
   -1
100
AcDbLine
 10
-61.72754774939683
 20
20.36442606227671
 11
-62.2023750397768
 21
20.52107549352499
  0
LINE
  5
416
100
AcDbEntity
  8
InnerRing
  6
ByLayer
 62
  256
370
   -1
100
AcDbLine
 10
-61.54968061082971
 20
20.89585644822563
 11
-61.07622152920795
 21
20.73511909093158
  0
LINE
  5
417
100
AcDbEntity
  8
OuterRing
  6
ByLayer
 62
  256
370
   -1
100
AcDbLine
 10
-61.54968061082971
 20
20.89585644822563
 11
-62.02313969245148
 21
21.05659380551967
  0
LINE
  5
418
100
AcDbEntity
  8
InnerRing
  6
ByLayer
 62
  256
370
   -1
100
AcDbLine
 10
-61.36782011877713
 20
21.42406716450949
 11
-60.8957599640173
 21
21.25926664785942
  0
LINE
  5
419
100
AcDbEntity
  8
OuterRing
  6
ByLayer
 62
  256
370
   -1
100
AcDbLine
 10
-61.36782011877713
 20
21.42406716450949
 11
-61.83988027353695
 21
21.58886768115956
  0
LINE
  5
41A
100
AcDbEntity
  8
InnerRing
  6
ByLayer
 62
  256
370
   -1
100
AcDbLine
 10
-61.18201899330275
 20
21.94904444168678
 11
-60.71138807796965
 21
21.78020563828919
  0
LINE
  5
41B
100
AcDbEntity
  8
OuterRing
  6
ByLayer
 62
  256
370
   -1
100
AcDbLine
 10
-61.18201899330275
 20
21.94904444168678
 11
-61.65264990863585
 21
22.11788324508437
  0
LINE
  5
41C
100
AcDbEntity
  8
InnerRing
  6
ByLayer
 62
  256
370
   -1
100
AcDbLine
 10
-60.99232957457122
 20
22.47077508825374
 11
-60.05398604265474
 21
22.12507085612676
  0
LINE
  5
41D
100
AcDbEntity
  8
OuterRing
  6
ByLayer
 62
  256
370
   -1
100
AcDbLine
 10
-60.99232957457122
 20
22.47077508825374
 11
-61.9306731064877
 21
22.81647932038072
  0
LINE
  5
41E
100
AcDbEntity
  8
InnerRing
  6
ByLayer
 62
  256
370
   -1
100
AcDbLine
 10
-60.79880382271373
 20
22.98924648019527
 11
-60.33112071638516
 21
22.8124061226553
  0
LINE
  5
41F
100
AcDbEntity
  8
OuterRing
  6
ByLayer
 62
  256
370
   -1
100
AcDbLine
 10
-60.79880382271373
 20
22.98924648019527
 11
-61.26648692904229
 21
23.16608683773523
  0
LINE
  5
420
100
AcDbEntity
  8
InnerRing
  6
ByLayer
 62
  256
370
   -1
100
AcDbLine
 10
-60.60149331778322
 20
23.5044465506992
 11
-60.13532798456951
 21
23.32364311569382
  0
LINE
  5
421
100
AcDbEntity
  8
OuterRing
  6
ByLayer
 62
  256
370
   -1
100
AcDbLine
 10
-60.60149331778322
 20
23.5044465506992
 11
-61.06765865099694
 21
23.68524998570457
  0
LINE
  5
422
100
AcDbEntity
  8
InnerRing
  6
ByLayer
 62
  256
370
   -1
100
AcDbLine
 10
-60.40044925979696
 20
24.0163637800291
 11
-59.93583041933698
 21
23.83162252018272
  0
LINE
  5
423
100
AcDbEntity
  8
OuterRing
  6
ByLayer
 62
  256
370
   -1
100
AcDbLine
 10
-60.40044925979696
 20
24.0163637800291
 11
-60.86506810025693
 21
24.20110503987547
  0
LINE
  5
424
100
AcDbEntity
  8
InnerRing
  6
ByLayer
 62
  256
370
   -1
100
AcDbLine
 10
-60.19572246886302
 20
24.52498718555467
 11
-59.73267844987176
 21
24.33633343797348
  0
LINE
  5
425
100
AcDbEntity
  8
OuterRing
  6
ByLayer
 62
  256
370
   -1
100
AcDbLine
 10
-60.19572246886302
 20
24.52498718555467
 11
-60.65876648785427
 21
24.71364093313586
  0
LINE
  5
426
100
AcDbEntity
  8
InnerRing
  6
ByLayer
 62
  256
370
   -1
100
AcDbLine
 10
-59.98736338538804
 20
25.03030631193725
 11
-58.60303961495601
 21
24.45268385858486
  0
LINE
  5
427
100
AcDbEntity
  8
OuterRing
  6
ByLayer
 62
  256
370
   -1
100
AcDbLine
 10
-59.98736338538804
 20
25.03030631193725
 11
-61.37168715582008
 21
25.60792876528965
  0
LINE
  5
428
100
AcDbEntity
  8
InnerRing
  6
ByLayer
 62
  256
370
   -1
100
AcDbLine
 10
-59.77542207036359
 20
25.53231122146777
 11
-59.3156111313608
 21
25.33590882745648
  0
LINE
  5
429
100
AcDbEntity
  8
OuterRing
  6
ByLayer
 62
  256
370
   -1
100
AcDbLine
 10
-59.77542207036359
 20
25.53231122146777
 11
-60.23523300936639
 21
25.72871361547906
  0
LINE
  5
42A
100
AcDbEntity
  8
InnerRing
  6
ByLayer
 62
  256
370
   -1
100
AcDbLine
 10
-59.55994820572797
 20
26.03099248455582
 11
-59.10179475799161
 21
25.83075408082847
  0
LINE
  5
42B
100
AcDbEntity
  8
OuterRing
  6
ByLayer
 62
  256
370
   -1
100
AcDbLine
 10
-59.55994820572797
 20
26.03099248455582
 11
-60.01810165346434
 21
26.23123088828317
  0
LINE
  5
42C
100
AcDbEntity
  8
InnerRing
  6
ByLayer
 62
  256
370
   -1
100
AcDbLine
 10
-59.34099109480134
 20
26.52634117036701
 11
-58.88452193253364
 21
26.32229239213342
  0
LINE
  5
42D
100
AcDbEntity
  8
OuterRing
  6
ByLayer
 62
  256
370
   -1
100
AcDbLine
 10
-59.34099109480134
 20
26.52634117036701
 11
-59.79746025706904
 21
26.73038994860061
  0
LINE
  5
42E
100
AcDbEntity
  8
InnerRing
  6
ByLayer
 62
  256
370
   -1
100
AcDbLine
 10
-59.11859966279141
 20
27.01834883760662
 11
-58.66384120384686
 21
26.81051538500965
  0
LINE
  5
42F
100
AcDbEntity
  8
OuterRing
  6
ByLayer
 62
  256
370
   -1
100
AcDbLine
 10
-59.11859966279141
 20
27.01834883760662
 11
-59.57335812173596
 21
27.2261822902036
  0
LINE
  5
430
100
AcDbEntity
  8
InnerRing
  6
ByLayer
 62
  256
370
   -1
100
AcDbLine
 10
-58.892822457367
 20
27.50700752544794
 11
-57.98677903494597
 21
27.0838227942872
  0
LINE
  5
431
100
AcDbEntity
  8
OuterRing
  6
ByLayer
 62
  256
370
   -1
100
AcDbLine
 10
-58.892822457367
 20
27.50700752544794
 11
-59.79886587978803
 21
27.93019225660868
  0
LINE
  5
432
100
AcDbEntity
  8
InnerRing
  6
ByLayer
 62
  256
370
   -1
100
AcDbLine
 10
-58.66370764929736
 20
27.99230974460253
 11
-58.21244835968739
 21
27.77698428502866
  0
LINE
  5
433
100
AcDbEntity
  8
OuterRing
  6
ByLayer
 62
  256
370
   -1
100
AcDbLine
 10
-58.66370764929736
 20
27.99230974460253
 11
-59.11496693890734
 21
28.20763520417639
  0
LINE
  5
434
100
AcDbEntity
  8
InnerRing
  6
ByLayer
 62
  256
370
   -1
100
AcDbLine
 10
-58.43130303315475
 20
28.47424846853102
 11
-57.98183147136125
 21
28.25521578800385
  0
LINE
  5
435
100
AcDbEntity
  8
OuterRing
  6
ByLayer
 62
  256
370
   -1
100
AcDbLine
 10
-58.43130303315475
 20
28.47424846853102
 11
-58.88077459494825
 21
28.69328114905818
  0
LINE
  5
436
100
AcDbEntity
  8
InnerRing
  6
ByLayer
 62
  256
370
   -1
100
AcDbLine
 10
-58.19565602807806
 20
28.95281712479154
 11
-57.74799713555438
 21
28.73010314690853
  0
LINE
  5
437
100
AcDbEntity
  8
OuterRing
  6
ByLayer
 62
  256
370
   -1
100
AcDbLine
 10
-58.19565602807806
 20
28.95281712479154
 11
-58.64331492060173
 21
29.17553110267455
  0
LINE
  5
438
100
AcDbEntity
  8
InnerRing
  6
ByLayer
 62
  256
370
   -1
100
AcDbLine
 10
-57.95681367859511
 20
29.42800958652505
 11
-57.51099203491361
 21
29.20164028201332
  0
LINE
  5
439
100
AcDbEntity
  8
OuterRing
  6
ByLayer
 62
  256
370
   -1
100
AcDbLine
 10
-57.95681367859511
 20
29.42800958652505
 11
-58.40263532227661
 21
29.65437889103679
  0
LINE
  5
43A
100
AcDbEntity
  8
InnerRing
  6
ByLayer
 62
  256
370
   -1
100
AcDbLine
 10
-57.71482265550167
 20
29.89982016407443
 11
-56.82690230695549
 21
29.43982293078097
  0
LINE
  5
43B
100
AcDbEntity
  8
OuterRing
  6
ByLayer
 62
  256
370
   -1
100
AcDbLine
 10
-57.71482265550167
 20
29.89982016407443
 11
-58.60274300404784
 21
30.35981739736788
  0
LINE
  5
43C
100
AcDbEntity
  8
InnerRing
  6
ByLayer
 62
  256
370
   -1
100
AcDbLine
 10
-57.46972925679497
 20
30.36824359673579
 11
-57.02765441635809
 21
30.13464172291474
  0
LINE
  5
43D
100
AcDbEntity
  8
OuterRing
  6
ByLayer
 62
  256
370
   -1
100
AcDbLine
 10
-57.46972925679497
 20
30.36824359673579
 11
-57.91180409723185
 21
30.60184547055683
  0
LINE
  5
43E
100
AcDbEntity
  8
InnerRing
  6
ByLayer
 62
  256
370
   -1
100
AcDbLine
 10
-57.22157940865964
 20
30.83327504464063
 11
-56.78141341320842
 21
30.5960960058357
  0
LINE
  5
43F
100
AcDbEntity
  8
OuterRing
  6
ByLayer
 62
  256
370
   -1
100
AcDbLine
 10
-57.22157940865964
 20
30.83327504464063
 11
-57.66174540411087
 21
31.07045408344556
  0
LINE
  5
440
100
AcDbEntity
  8
InnerRing
  6
ByLayer
 62
  256
370
   -1
100
AcDbLine
 10
-56.97041866650428
 20
31.29491008076586
 11
-56.53218467676194
 21
31.05418000322151
  0
LINE
  5
441
100
AcDbEntity
  8
OuterRing
  6
ByLayer
 62
  256
370
   -1
100
AcDbLine
 10
-56.97041866650428
 20
31.29491008076586
 11
-57.40865265624662
 21
31.53564015831021
  0
LINE
  5
442
100
AcDbEntity
  8
InnerRing
  6
ByLayer
 62
  256
370
   -1
100
AcDbLine
 10
-56.71629221604657
 20
31.7531446830706
 11
-56.28001304515391
 21
31.50888972397006
  0
LINE
  5
443
100
AcDbEntity
  8
OuterRing
  6
ByLayer
 62
  256
370
   -1
100
AcDbLine
 10
-56.71629221604657
 20
31.7531446830706
 11
-57.15257138693924
 21
31.99739964217114
  0
LINE
  5
444
100
AcDbEntity
  8
InnerRing
  6
ByLayer
 62
  256
370
   -1
100
AcDbLine
 10
-56.45924487444503
 20
32.20797522675793
 11
-55.59064110714588
 21
31.71246791557704
  0
LINE
  5
445
100
AcDbEntity
  8
OuterRing
  6
ByLayer
 62
  256
370
   -1
100
AcDbLine
 10
-56.45924487444503
 20
32.20797522675793
 11
-57.32784864174419
 21
32.70348253793882
  0
LINE
  5
446
100
AcDbEntity
  8
InnerRing
  6
ByLayer
 62
  256
370
   -1
100
AcDbLine
 10
-56.19932109147568
 20
32.65939847665931
 11
-55.76701862154125
 21
32.40817233453116
  0
LINE
  5
447
100
AcDbEntity
  8
OuterRing
  6
ByLayer
 62
  256
370
   -1
100
AcDbLine
 10
-56.19932109147568
 20
32.65939847665931
 11
-56.63162356141011
 21
32.91062461878746
  0
LINE
  5
448
100
AcDbEntity
  8
InnerRing
  6
ByLayer
 62
  256
370
   -1
100
AcDbLine
 10
-55.93656495075209
 20
33.10741157973987
 11
-55.50628368190015
 21
32.85273918297263
  0
LINE
  5
449
100
AcDbEntity
  8
OuterRing
  6
ByLayer
 62
  256
370
   -1
100
AcDbLine
 10
-55.93656495075209
 20
33.10741157973987
 11
-56.36684621960403
 21
33.36208397650709
  0
LINE
  5
44A
100
AcDbEntity
  8
InnerRing
  6
ByLayer
 62
  256
370
   -1
100
AcDbLine
 10
-55.67102017098632
 20
33.55201205772365
 11
-55.24278155428643
 21
33.29391965727962
  0
LINE
  5
44B
100
AcDbEntity
  8
OuterRing
  6
ByLayer
 62
  256
370
   -1
100
AcDbLine
 10
-55.67102017098632
 20
33.55201205772365
 11
-56.09925878768622
 21
33.81010445816768
  0
LINE
  5
44C
100
AcDbEntity
  8
InnerRing
  6
ByLayer
 62
  256
370
   -1
100
AcDbLine
 10
-55.40273010729042
 20
33.99319779983542
 11
-54.97655526031126
 21
33.73171166291361
  0
LINE
  5
44D
100
AcDbEntity
  8
OuterRing
  6
ByLayer
 62
  256
370
   -1
100
AcDbLine
 10
-55.40273010729042
 20
33.99319779983542
 11
-55.82890495426957
 21
34.25468393675723
  0
LINE
  5
44E
100
AcDbEntity
  8
InnerRing
  6
ByLayer
 62
  256
370
   -1
100
AcDbLine
 10
-55.13173775251517
 20
34.43096705565926
 11
-54.28355717170724
 21
33.90125987018758
  0
LINE
  5
44F
100
AcDbEntity
  8
OuterRing
  6
ByLayer
 62
  256
370
   -1
100
AcDbLine
 10
-55.13173775251517
 20
34.43096705565926
 11
-55.9799183333231
 21
34.96067424113095
  0
LINE
  5
450
100
AcDbEntity
  8
InnerRing
  6
ByLayer
 62
  256
370
   -1
100
AcDbLine
 10
-54.85808573862614
 20
34.86531842811052
 11
-54.43610046371364
 21
34.59712367097121
  0
LINE
  5
451
100
AcDbEntity
  8
OuterRing
  6
ByLayer
 62
  256
370
   -1
100
AcDbLine
 10
-54.85808573862614
 20
34.86531842811052
 11
-55.28007101353865
 21
35.13351318524983
  0
LINE
  5
452
100
AcDbEntity
  8
InnerRing
  6
ByLayer
 62
  256
370
   -1
100
AcDbLine
 10
-54.58181633811422
 20
35.29625086652076
 11
-54.16195621243642
 21
35.0247412444706
  0
LINE
  5
453
100
AcDbEntity
  8
OuterRing
  6
ByLayer
 62
  256
370
   -1
100
AcDbLine
 10
-54.58181633811422
 20
35.29625086652076
 11
-55.00167646379203
 21
35.56776048857092
  0
LINE
  5
454
100
AcDbEntity
  8
InnerRing
  6
ByLayer
 62
  256
370
   -1
100
AcDbLine
 10
-54.30297146544044
 20
35.72376365983239
 11
-53.88525630032167
 21
35.44896547783367
  0
LINE
  5
455
100
AcDbEntity
  8
OuterRing
  6
ByLayer
 62
  256
370
   -1
100
AcDbLine
 10
-54.30297146544044
 20
35.72376365983239
 11
-54.72068663055922
 21
35.9985618418311
  0
LINE
  5
456
100
AcDbEntity
  8
InnerRing
  6
ByLayer
 62
  256
370
   -1
100
AcDbLine
 10
-54.02159267851192
 20
36.14785642990394
 11
-53.60604196560029
 21
35.86979599582775
  0
LINE
  5
457
100
AcDbEntity
  8
OuterRing
  6
ByLayer
 62
  256
370
   -1
100
AcDbLine
 10
-54.02159267851192
 20
36.14785642990394
 11
-54.43714339142355
 21
36.42591686398012
  0
LINE
  5
458
100
AcDbEntity
  8
InnerRing
  6
ByLayer
 62
  256
370
   -1
100
AcDbLine
 10
-53.7377211801896
 20
36.56852912492108
 11
-52.08425283618377
 21
35.44334361338505
  0
LINE
  5
459
100
AcDbEntity
  8
OuterRing
  6
ByLayer
 62
  256
370
   -1
100
AcDbLine
 10
-53.7377211801896
 20
36.56852912492108
 11
-55.39118952419544
 21
37.69371463645711
  0
TEXT
  5
45A
100
AcDbEntity
  8
Numbers
  6
ByLayer
 62
  256
370
   -1
100
AcDbText
 10
-52.08425283618377
 20
35.44334361338505
 30
0
 40
3
  1
7
 50
-214.2352944051324
 41
1
 51
0
  7
opensans-italic
 71
    0
 72
    2
 11
-52.08425283618377
 21
35.44334361338505
 31
0
210
0
220
0
230
1
100
AcDbText
 73
    2
  0
TEXT
  5
45B
100
AcDbEntity
  8
Numbers
  6
ByLayer
 62
  256
370
   -1
100
AcDbText
 10
-55.39118952419544
 20
37.69371463645711
 30
0
 40
3
  1
7
 50
-214.2352944051324
 41
1
 51
0
  7
opensans-italic
 71
    0
 11
-55.39118952419544
 21
37.69371463645711
 31
0
210
0
220
0
230
1
100
AcDbText
 73
    2
  0
LINE
  5
45C
100
AcDbEntity
  8
InnerRing
  6
ByLayer
 62
  256
370
   -1
100
AcDbLine
 10
-53.45139781982449
 20
36.98578201291493
 11
-53.04023322121045
 21
36.70127599743098
  0
LINE
  5
45D
100
AcDbEntity
  8
OuterRing
  6
ByLayer
 62
  256
370
   -1
100
AcDbLine
 10
-53.45139781982449
 20
36.98578201291493
 11
-53.86256241843851
 21
37.27028802839889
  0
LINE
  5
45E
100
AcDbEntity
  8
InnerRing
  6
ByLayer
 62
  256
370
   -1
100
AcDbLine
 10
-53.16266309482261
 20
37.39961567538343
 11
-52.75371953255474
 21
37.11192632403432
  0
LINE
  5
45F
100
AcDbEntity
  8
OuterRing
  6
ByLayer
 62
  256
370
   -1
100
AcDbLine
 10
-53.16266309482261
 20
37.39961567538343
 11
-53.57160665709048
 21
37.68730502673253
  0
LINE
  5
460
100
AcDbEntity
  8
InnerRing
  6
ByLayer
 62
  256
370
   -1
100
AcDbLine
 10
-52.87155715223631
 20
37.81003100101623
 11
-52.46485286644988
 21
37.51918460870073
  0
LINE
  5
461
100
AcDbEntity
  8
OuterRing
  6
ByLayer
 62
  256
370
   -1
100
AcDbLine
 10
-52.87155715223631
 20
37.81003100101623
 11
-53.27826143802275
 21
38.10087739333175
  0
LINE
  5
462
100
AcDbEntity
  8
InnerRing
  6
ByLayer
 62
  256
370
   -1
100
AcDbLine
 10
-52.57811979038129
 20
38.21702917952042
 11
-52.17367271507067
 21
37.92305203198566
  0
LINE
  5
463
100
AcDbEntity
  8
OuterRing
  6
ByLayer
 62
  256
370
   -1
100
AcDbLine
 10
-52.57811979038129
 20
38.21702917952042
 11
-52.98256686569191
 21
38.5110063270552
  0
LINE
  5
464
100
AcDbEntity
  8
InnerRing
  6
ByLayer
 62
  256
370
   -1
100
AcDbLine
 10
-52.282390460478
 20
38.62061169554568
 11
-51.47804599185526
 21
38.02644843869113
  0
LINE
  5
465
100
AcDbEntity
  8
OuterRing
  6
ByLayer
 62
  256
370
   -1
100
AcDbLine
 10
-52.282390460478
 20
38.62061169554568
 11
-53.08673492910074
 21
39.21477495240023
  0
LINE
  5
466
100
AcDbEntity
  8
InnerRing
  6
ByLayer
 62
  256
370
   -1
100
AcDbLine
 10
-51.98440826831602
 20
39.02078032270801
 11
-51.58452820471359
 21
38.72062047407179
  0
LINE
  5
467
100
AcDbEntity
  8
OuterRing
  6
ByLayer
 62
  256
370
   -1
100
AcDbLine
 10
-51.98440826831602
 20
39.02078032270801
 11
-52.38428833191846
 21
39.32094017134423
  0
LINE
  5
468
100
AcDbEntity
  8
InnerRing
  6
ByLayer
 62
  256
370
   -1
100
AcDbLine
 10
-51.68421197594073
 20
39.41753711770974
 11
-51.28664111458733
 21
39.11432529372735
  0
LINE
  5
469
100
AcDbEntity
  8
OuterRing
  6
ByLayer
 62
  256
370
   -1
100
AcDbLine
 10
-51.68421197594073
 20
39.41753711770974
 11
-52.08178283729411
 21
39.72074894169212
  0
LINE
  5
46A
100
AcDbEntity
  8
InnerRing
  6
ByLayer
 62
  256
370
   -1
100
AcDbLine
 10
-51.38184000336059
 20
39.81088441455494
 11
-50.98659508025781
 21
39.50464684213529
  0
LINE
  5
46B
100
AcDbEntity
  8
OuterRing
  6
ByLayer
 62
  256
370
   -1
100
AcDbLine
 10
-51.38184000336059
 20
39.81088441455494
 11
-51.77708492646336
 21
40.1171219869746
  0
LINE
  5
46C
100
AcDbEntity
  8
InnerRing
  6
ByLayer
 62
  256
370
   -1
100
AcDbLine
 10
-51.07733043027473
 20
40.20082481885827
 11
-50.68442788850339
 21
39.89158770486705
  0
LINE
  5
46D
100
AcDbEntity
  8
OuterRing
  6
ByLayer
 62
  256
370
   -1
100
AcDbLine
 10
-51.07733043027473
 20
40.20082481885827
 11
-51.47023297204608
 21
40.51006193284949
  0
LINE
  5
46E
100
AcDbEntity
  8
InnerRing
  6
ByLayer
 62
  256
370
   -1
100
AcDbLine
 10
-50.7707209978188
 20
40.58736120224671
 11
-49.98963298246774
 21
39.96294026067368
  0
LINE
  5
46F
100
AcDbEntity
  8
OuterRing
  6
ByLayer
 62
  256
370
   -1
100
AcDbLine
 10
-50.7707209978188
 20
40.58736120224671
 11
-51.55180901316986
 21
41.21178214381973
  0
LINE
  5
470
100
AcDbEntity
  8
InnerRing
  6
ByLayer
 62
  256
370
   -1
100
AcDbLine
 10
-50.4620491103291
 20
40.97049669685167
 11
-50.07387950178811
 21
40.65533902995281
  0
LINE
  5
471
100
AcDbEntity
  8
OuterRing
  6
ByLayer
 62
  256
370
   -1
100
AcDbLine
 10
-50.4620491103291
 20
40.97049669685167
 11
-50.8502187188701
 21
41.28565436375053
  0
LINE
  5
472
100
AcDbEntity
  8
InnerRing
  6
ByLayer
 62
  256
370
   -1
100
AcDbLine
 10
-50.15135183712333
 20
41.35023468989101
 11
-49.765572207607
 21
41.03215596150723
  0
LINE
  5
473
100
AcDbEntity
  8
OuterRing
  6
ByLayer
 62
  256
370
   -1
100
AcDbLine
 10
-50.15135183712333
 20
41.35023468989101
 11
-50.53713146663966
 21
41.66831341827478
  0
LINE
  5
474
100
AcDbEntity
  8
InnerRing
  6
ByLayer
 62
  256
370
   -1
100
AcDbLine
 10
-49.83866591429722
 20
41.72657881833914
 11
-49.45529156111031
 21
41.40560513512115
  0
LINE
  5
475
100
AcDbEntity
  8
OuterRing
  6
ByLayer
 62
  256
370
   -1
100
AcDbLine
 10
-49.83866591429722
 20
41.72657881833914
 11
-50.22204026748412
 21
42.04755250155713
  0
LINE
  5
476
100
AcDbEntity
  8
InnerRing
  6
ByLayer
 62
  256
370
   -1
100
AcDbLine
 10
-49.52402774653622
 20
42.09953296368393
 11
-49.14307368694748
 21
41.77569040242483
  0
LINE
  5
477
100
AcDbEntity
  8
OuterRing
  6
ByLayer
 62
  256
370
   -1
100
AcDbLine
 10
-49.52402774653622
 20
42.09953296368393
 11
-49.90498180612497
 21
42.42337552494305
  0
LINE
  5
478
100
AcDbEntity
  8
InnerRing
  6
ByLayer
 62
  256
370
   -1
100
AcDbLine
 10
-49.20747340894138
 20
42.46910124676912
 11
-48.45043535649613
 21
41.81573045835729
  0
LINE
  5
479
100
AcDbEntity
  8
OuterRing
  6
ByLayer
 62
  256
370
   -1
100
AcDbLine
 10
-49.20747340894138
 20
42.46910124676912
 11
-49.96451146138664
 21
43.12247203518096
  0
LINE
  5
47A
100
AcDbEntity
  8
InnerRing
  6
ByLayer
 62
  256
370
   -1
100
AcDbLine
 10
-48.88903864886806
 20
42.83528802272124
 11
-48.51296912079984
 21
42.50578580716184
  0
LINE
  5
47B
100
AcDbEntity
  8
OuterRing
  6
ByLayer
 62
  256
370
   -1
100
AcDbLine
 10
-48.88903864886806
 20
42.83528802272124
 11
-49.26510817693628
 21
43.16479023828063
  0
LINE
  5
47C
100
AcDbEntity
  8
InnerRing
  6
ByLayer
 62
  256
370
   -1
100
AcDbLine
 10
-48.56875888777726
 20
43.19809787595928
 11
-48.19515305017897
 21
42.86580481537499
  0
LINE
  5
47D
100
AcDbEntity
  8
OuterRing
  6
ByLayer
 62
  256
370
   -1
100
AcDbLine
 10
-48.56875888777726
 20
43.19809787595928
 11
-48.94236472537554
 21
43.53039093654359
  0
LINE
  5
47E
100
AcDbEntity
  8
InnerRing
  6
ByLayer
 62
  256
370
   -1
100
AcDbLine
 10
-48.24666922309875
 20
43.55753561528586
 11
-47.87554099830568
 21
43.22247764901443
  0
LINE
  5
47F
100
AcDbEntity
  8
OuterRing
  6
ByLayer
 62
  256
370
   -1
100
AcDbLine
 10
-48.24666922309875
 20
43.55753561528586
 11
-48.61779744789182
 21
43.89259358155729
  0
LINE
  5
480
100
AcDbEntity
  8
InnerRing
  6
ByLayer
 62
  256
370
   -1
100
AcDbLine
 10
-47.92280443010444
 20
43.91360626905928
 11
-47.55416747294979
 21
43.57580929775882
  0
LINE
  5
481
100
AcDbEntity
  8
OuterRing
  6
ByLayer
 62
  256
370
   -1
100
AcDbLine
 10
-47.92280443010444
 20
43.91360626905928
 11
-48.29144138725909
 21
44.25140324035974
  0
LINE
  5
482
100
AcDbEntity
  8
InnerRing
  6
ByLayer
 62
  256
370
   -1
100
AcDbLine
 10
-47.5971989637923
 20
44.26631508044429
 11
-46.86493436434935
 21
43.58529484843745
  0
LINE
  5
483
100
AcDbEntity
  8
OuterRing
  6
ByLayer
 62
  256
370
   -1
100
AcDbLine
 10
-47.5971989637923
 20
44.26631508044429
 11
-48.32946356323527
 21
44.94733531245112
  0
LINE
  5
484
100
AcDbEntity
  8
InnerRing
  6
ByLayer
 62
  256
370
   -1
100
AcDbLine
 10
-47.26988696077906
 20
44.61566750274134
 11
-46.90627244569615
 21
44.27247006041256
  0
LINE
  5
485
100
AcDbEntity
  8
OuterRing
  6
ByLayer
 62
  256
370
   -1
100
AcDbLine
 10
-47.26988696077906
 20
44.61566750274134
 11
-47.63350147586198
 21
44.95886494507012
  0
LINE
  5
486
100
AcDbEntity
  8
InnerRing
  6
ByLayer
 62
  256
370
   -1
100
AcDbLine
 10
-46.94090224120183
 20
44.96166919479228
 11
-46.57981837780797
 21
44.61581020098619
  0
LINE
  5
487
100
AcDbEntity
  8
OuterRing
  6
ByLayer
 62
  256
370
   -1
100
AcDbLine
 10
-46.94090224120183
 20
44.96166919479228
 11
-47.30198610459569
 21
45.30752818859838
  0
LINE
  5
488
100
AcDbEntity
  8
InnerRing
  6
ByLayer
 62
  256
370
   -1
100
AcDbLine
 10
-46.61027831062747
 20
45.30432601646172
 11
-46.25173770823802
 21
44.95583120095048
  0
LINE
  5
489
100
AcDbEntity
  8
OuterRing
  6
ByLayer
 62
  256
370
   -1
100
AcDbLine
 10
-46.61027831062747
 20
45.30432601646172
 11
-46.96881891301691
 21
45.65282083197297
  0
LINE
  5
48A
100
AcDbEntity
  8
InnerRing
  6
ByLayer
 62
  256
370
   -1
100
AcDbLine
 10
-46.27804836196891
 20
45.64364402419319
 11
-45.92206337456914
 21
45.29253907016094
  0
LINE
  5
48B
100
AcDbEntity
  8
OuterRing
  6
ByLayer
 62
  256
370
   -1
100
AcDbLine
 10
-46.27804836196891
 20
45.64364402419319
 11
-46.63403334936866
 21
45.99474897822545
  0
LINE
  5
48C
100
AcDbEntity
  8
InnerRing
  6
ByLayer
 62
  256
370
   -1
100
AcDbLine
 10
-45.9442452774085
 20
45.97962946663802
 11
-44.88399346331445
 21
44.91856109433098
  0
LINE
  5
48D
100
AcDbEntity
  8
OuterRing
  6
ByLayer
 62
  256
370
   -1
100
AcDbLine
 10
-45.9442452774085
 20
45.97962946663802
 11
-47.00449709150254
 21
47.04069783894504
  0
LINE
  5
48E
100
AcDbEntity
  8
InnerRing
  6
ByLayer
 62
  256
370
   -1
100
AcDbLine
 10
-45.60890163032668
 20
46.31228878035704
 11
-45.25806392547801
 21
45.95604040512352
  0
LINE
  5
48F
100
AcDbEntity
  8
OuterRing
  6
ByLayer
 62
  256
370
   -1
100
AcDbLine
 10
-45.60890163032668
 20
46.31228878035704
 11
-45.95973933517535
 21
46.66853715559055
  0
LINE
  5
490
100
AcDbEntity
  8
InnerRing
  6
ByLayer
 62
  256
370
   -1
100
AcDbLine
 10
-45.27204968723626
 20
46.64162858559306
 11
-44.92380315118059
 21
46.28284682724235
  0
LINE
  5
491
100
AcDbEntity
  8
OuterRing
  6
ByLayer
 62
  256
370
   -1
100
AcDbLine
 10
-45.27204968723626
 20
46.64162858559306
 11
-45.62029622329192
 21
47.00041034394378
  0
LINE
  5
492
100
AcDbEntity
  8
InnerRing
  6
ByLayer
 62
  256
370
   -1
100
AcDbLine
 10
-44.93372140972142
 20
46.96765568211323
 11
-44.58807739887741
 21
46.60636602302005
  0
LINE
  5
493
100
AcDbEntity
  8
OuterRing
  6
ByLayer
 62
  256
370
   -1
100
AcDbLine
 10
-44.93372140972142
 20
46.96765568211323
 11
-45.27936542056543
 21
47.32894534120641
  0
LINE
  5
494
100
AcDbEntity
  8
InnerRing
  6
ByLayer
 62
  256
370
   -1
100
AcDbLine
 10
-44.59394845638074
 20
47.29037704512047
 11
-44.25091808363936
 21
46.92660491400416
  0
LINE
  5
495
100
AcDbEntity
  8
OuterRing
  6
ByLayer
 62
  256
370
   -1
100
AcDbLine
 10
-44.59394845638074
 20
47.29037704512047
 11
-44.93697882912214
 21
47.65414917623678
  0
LINE
  5
496
100
AcDbEntity
  8
InnerRing
  6
ByLayer
 62
  256
370
   -1
100
AcDbLine
 10
-44.25276218477347
 20
47.60979982123306
 11
-43.57195045885388
 21
46.87734136244486
  0
LINE
  5
497
100
AcDbEntity
  8
OuterRing
  6
ByLayer
 62
  256
370
   -1
100
AcDbLine
 10
-44.25276218477347
 20
47.60979982123306
 11
-44.93357391069306
 21
48.34225828002126
  0
LINE
  5
498
100
AcDbEntity
  8
InnerRing
  6
ByLayer
 62
  256
370
   -1
100
AcDbLine
 10
-43.91019365336947
 20
47.92593132453027
 11
-43.57242293295893
 21
47.55727031434158
  0
LINE
  5
499
100
AcDbEntity
  8
OuterRing
  6
ByLayer
 62
  256
370
   -1
100
AcDbLine
 10
-43.91019365336947
 20
47.92593132453027
 11
-44.24796437378
 21
48.29459233471897
  0
LINE
  5
49A
100
AcDbEntity
  8
InnerRing
  6
ByLayer
 62
  256
370
   -1
100
AcDbLine
 10
-43.56627362350115
 20
48.23877903266445
 11
-43.23114844178192
 21
47.86771150164395
  0
LINE
  5
49B
100
AcDbEntity
  8
OuterRing
  6
ByLayer
 62
  256
370
   -1
100
AcDbLine
 10
-43.56627362350115
 20
48.23877903266445
 11
-43.9013988052204
 21
48.60984656368495
  0
LINE
  5
49C
100
AcDbEntity
  8
InnerRing
  6
ByLayer
 62
  256
370
   -1
100
AcDbLine
 10
-43.22103256131757
 20
48.54835058303759
 11
-42.88856308007667
 21
48.17490173239884
  0
LINE
  5
49D
100
AcDbEntity
  8
OuterRing
  6
ByLayer
 62
  256
370
   -1
100
AcDbLine
 10
-43.22103256131757
 20
48.54835058303759
 11
-43.55350204255848
 21
48.92179943367633
  0
LINE
  5
49E
100
AcDbEntity
  8
InnerRing
  6
ByLayer
 62
  256
370
   -1
100
AcDbLine
 10
-42.87450063973985
 20
48.85465376904177
 11
-42.54469678866493
 21
48.47884874004914
  0
LINE
  5
49F
100
AcDbEntity
  8
OuterRing
  6
ByLayer
 62
  256
370
   -1
100
AcDbLine
 10
-42.87450063973985
 20
48.85465376904177
 11
-43.20430449081477
 21
49.23045879803439
  0
LINE
  5
4A0
100
AcDbEntity
  8
InnerRing
  6
ByLayer
 62
  256
370
   -1
100
AcDbLine
 10
-42.52670774041795
 20
49.1576965363622
 11
-41.87245069825767
 21
48.40142428195663
  0
LINE
  5
4A1
100
AcDbEntity
  8
OuterRing
  6
ByLayer
 62
  256
370
   -1
100
AcDbLine
 10
-42.52670774041795
 20
49.1576965363622
 11
-43.18096478257822
 21
49.91396879076778
  0
LINE
  5
4A2
100
AcDbEntity
  8
InnerRing
  6
ByLayer
 62
  256
370
   -1
100
AcDbLine
 10
-42.17768345568785
 20
49.45748697934213
 11
-41.85323973679795
 21
49.07704477180872
  0
LINE
  5
4A3
100
AcDbEntity
  8
OuterRing
  6
ByLayer
 62
  256
370
   -1
100
AcDbLine
 10
-42.17768345568785
 20
49.45748697934213
 11
-42.50212717457776
 21
49.83792918687553
  0
LINE
  5
4A4
100
AcDbEntity
  8
InnerRing
  6
ByLayer
 62
  256
370
   -1
100
AcDbLine
 10
-41.82745709052853
 20
49.75403333740888
 11
-41.50570742060139
 21
49.3713100040442
  0
LINE
  5
4A5
100
AcDbEntity
  8
OuterRing
  6
ByLayer
 62
  256
370
   -1
100
AcDbLine
 10
-41.82745709052853
 20
49.75403333740888
 11
-42.14920676045568
 21
50.13675667077356
  0
LINE
  5
4A6
100
AcDbEntity
  8
InnerRing
  6
ByLayer
 62
  256
370
   -1
100
AcDbLine
 10
-41.47605766451961
 20
50.04734399155907
 11
-41.15701106710023
 21
49.66236442239323
  0
LINE
  5
4A7
100
AcDbEntity
  8
OuterRing
  6
ByLayer
 62
  256
370
   -1
100
AcDbLine
 10
-41.47605766451961
 20
50.04734399155907
 11
-41.795104261939
 21
50.43232356072491
  0
LINE
  5
4A8
100
AcDbEntity
  8
InnerRing
  6
ByLayer
 62
  256
370
   -1
100
AcDbLine
 10
-41.12351391379686
 20
50.33742746090384
 11
-40.80717919138304
 21
49.95021648043534
  0
LINE
  5
4A9
100
AcDbEntity
  8
OuterRing
  6
ByLayer
 62
  256
370
   -1
100
AcDbLine
 10
-41.12351391379686
 20
50.33742746090384
 11
-41.43984863621069
 21
50.72463844137233
  0
LINE
  5
4AA
100
AcDbEntity
  8
InnerRing
  6
ByLayer
 62
  256
370
   -1
100
AcDbLine
 10
-40.7698542930079
 20
50.62429239927118
 11
-40.14262576542317
 21
49.84545713159008
  0
LINE
  5
4AB
100
AcDbEntity
  8
OuterRing
  6
ByLayer
 62
  256
370
   -1
100
AcDbLine
 10
-40.7698542930079
 20
50.62429239927118
 11
-41.39708282059264
 21
51.40312766695227
  0
LINE
  5
4AC
100
AcDbEntity
  8
InnerRing
  6
ByLayer
 62
  256
370
   -1
100
AcDbLine
 10
-40.41510697726589
 20
50.90794759186578
 11
-40.10422153897923
 21
50.51634799500528
  0
LINE
  5
4AD
100
AcDbEntity
  8
OuterRing
  6
ByLayer
 62
  256
370
   -1
100
AcDbLine
 10
-40.41510697726589
 20
50.90794759186578
 11
-40.72599241555255
 21
51.29954718872629
  0
LINE
  5
4AE
100
AcDbEntity
  8
InnerRing
  6
ByLayer
 62
  256
370
   -1
100
AcDbLine
 10
-40.05929986410098
 20
51.18840195198556
 11
-39.7511514036079
 21
50.79464501389337
  0
LINE
  5
4AF
100
AcDbEntity
  8
OuterRing
  6
ByLayer
 62
  256
370
   -1
100
AcDbLine
 10
-40.05929986410098
 20
51.18840195198556
 11
-40.36744832459406
 21
51.58215889007776
  0
LINE
  5
4B0
100
AcDbEntity
  8
InnerRing
  6
ByLayer
 62
  256
370
   -1
100
AcDbLine
 10
-39.70246057541023
 20
51.4656645177928
 11
-39.39705703252246
 21
51.06977479073285
  0
LINE
  5
4B1
100
AcDbEntity
  8
OuterRing
  6
ByLayer
 62
  256
370
   -1
100
AcDbLine
 10
-39.70246057541023
 20
51.4656645177928
 11
-40.007864118298
 21
51.86155424485274
  0
LINE
  5
4B2
100
AcDbEntity
  8
InnerRing
  6
ByLayer
 62
  256
370
   -1
100
AcDbLine
 10
-39.34461645940446
 20
51.73974444914045
 11
-39.04196556356289
 21
51.34174641491629
  0
LINE
  5
4B3
100
AcDbEntity
  8
OuterRing
  6
ByLayer
 62
  256
370
   -1
100
AcDbLine
 10
-39.34461645940446
 20
51.73974444914045
 11
-39.64726735524604
 21
52.1377424833646
  0
LINE
  5
4B4
100
AcDbEntity
  8
InnerRing
  6
ByLayer
 62
  256
370
   -1
100
AcDbLine
 10
-38.98579459255263
 20
52.01065102445166
 11
-38.38601313728259
 21
51.21048716253702
  0
LINE
  5
4B5
100
AcDbEntity
  8
OuterRing
  6
ByLayer
 62
  256
370
   -1
100
AcDbLine
 10
-38.98579459255263
 20
52.01065102445166
 11
-39.58557604782267
 21
52.8108148863663
  0
LINE
  5
4B6
100
AcDbEntity
  8
InnerRing
  6
ByLayer
 62
  256
370
   -1
100
AcDbLine
 10
-38.62602178152224
 20
52.27839363765273
 11
-38.32889853704899
 21
51.87625214813232
  0
LINE
  5
4B7
100
AcDbEntity
  8
OuterRing
  6
ByLayer
 62
  256
370
   -1
100
AcDbLine
 10
-38.62602178152224
 20
52.27839363765273
 11
-38.92314502599549
 21
52.68053512717314
  0
LINE
  5
4B8
100
AcDbEntity
  8
InnerRing
  6
ByLayer
 62
  256
370
   -1
100
AcDbLine
 10
-38.26532456511704
 20
52.54298179515748
 11
-37.97097591461614
 21
52.13880501211781
  0
LINE
  5
4B9
100
AcDbEntity
  8
OuterRing
  6
ByLayer
 62
  256
370
   -1
100
AcDbLine
 10
-38.26532456511704
 20
52.54298179515748
 11
-38.55967321561794
 21
52.94715857819715
  0
LINE
  5
4BA
100
AcDbEntity
  8
InnerRing
  6
ByLayer
 62
  256
370
   -1
100
AcDbLine
 10
-37.90372921621041
 20
52.80442511290315
 11
-37.61216206839341
 21
52.39823722741929
  0
LINE
  5
4BB
100
AcDbEntity
  8
OuterRing
  6
ByLayer
 62
  256
370
   -1
100
AcDbLine
 10
-37.90372921621041
 20
52.80442511290315
 11
-38.19529636402741
 21
53.21061299838703
  0
LINE
  5
4BC
100
AcDbEntity
  8
InnerRing
  6
ByLayer
 62
  256
370
   -1
100
AcDbLine
 10
-37.54126174367478
 20
53.06273331343665
 11
-37.25248280718498
 21
52.65455844179483
  0
LINE
  5
4BD
100
AcDbEntity
  8
OuterRing
  6
ByLayer
 62
  256
370
   -1
100
AcDbLine
 10
-37.54126174367478
 20
53.06273331343665
 11
-37.83004068016459
 21
53.47090818507848
  0
LINE
  5
4BE
100
AcDbEntity
  8
InnerRing
  6
ByLayer
 62
  256
370
   -1
100
AcDbLine
 10
-37.17794789430631
 20
53.31791622305062
 11
-36.03401103601995
 21
51.67736495464907
  0
LINE
  5
4BF
100
AcDbEntity
  8
OuterRing
  6
ByLayer
 62
  256
370
   -1
100
AcDbLine
 10
-37.17794789430631
 20
53.31791622305062
 11
-38.32188475259265
 21
54.95846749145218
  0
TEXT
  5
4C0
100
AcDbEntity
  8
Numbers
  6
ByLayer
 62
  256
370
   -1
100
AcDbText
 10
-36.03401103601995
 20
51.67736495464907
 30
0
 40
3
  1
8
 50
-235.1123953170997
 41
1
 51
0
  7
opensans-italic
 71
    0
 72
    2
 11
-36.03401103601995
 21
51.67736495464907
 31
0
210
0
220
0
230
1
100
AcDbText
 73
    2
  0
TEXT
  5
4C1
100
AcDbEntity
  8
Numbers
  6
ByLayer
 62
  256
370
   -1
100
AcDbText
 10
-38.32188475259265
 20
54.95846749145218
 30
0
 40
3
  1
8
 50
-235.1123953170997
 41
1
 51
0
  7
opensans-italic
 71
    0
 11
-38.32188475259265
 21
54.95846749145218
 31
0
210
0
220
0
230
1
100
AcDbText
 73
    2
  0
LINE
  5
4C2
100
AcDbEntity
  8
InnerRing
  6
ByLayer
 62
  256
370
   -1
100
AcDbLine
 10
-36.81381315474545
 20
53.56998376896797
 11
-36.53062997663202
 21
53.15790697074513
  0
LINE
  5
4C3
100
AcDbEntity
  8
OuterRing
  6
ByLayer
 62
  256
370
   -1
100
AcDbLine
 10
-36.81381315474545
 20
53.56998376896797
 11
-37.09699633285887
 21
53.98206056719079
  0
LINE
  5
4C4
100
AcDbEntity
  8
InnerRing
  6
ByLayer
 62
  256
370
   -1
100
AcDbLine
 10
-36.44888275339214
 20
53.81894597657476
 11
-36.1685067322122
 21
53.40495408444726
  0
LINE
  5
4C5
100
AcDbEntity
  8
OuterRing
  6
ByLayer
 62
  256
370
   -1
100
AcDbLine
 10
-36.44888275339214
 20
53.81894597657476
 11
-36.72925877457208
 21
54.23293786870226
  0
LINE
  5
4C6
100
AcDbEntity
  8
InnerRing
  6
ByLayer
 62
  256
370
   -1
100
AcDbLine
 10
-36.08318166231584
 20
54.06481296670057
 11
-35.80561872645187
 21
53.64892979003365
  0
LINE
  5
4C7
100
AcDbEntity
  8
OuterRing
  6
ByLayer
 62
  256
370
   -1
100
AcDbLine
 10
-36.08318166231584
 20
54.06481296670057
 11
-36.36074459817981
 21
54.4806961433675
  0
LINE
  5
4C8
100
AcDbEntity
  8
InnerRing
  6
ByLayer
 62
  256
370
   -1
100
AcDbLine
 10
-35.71673459916026
 20
54.3075949529451
 11
-35.44199048685903
 21
53.88984422253783
  0
LINE
  5
4C9
100
AcDbEntity
  8
OuterRing
  6
ByLayer
 62
  256
370
   -1
100
AcDbLine
 10
-35.71673459916026
 20
54.3075949529451
 11
-35.9914787114615
 21
54.72534568335237
  0
LINE
  5
4CA
100
AcDbEntity
  8
InnerRing
  6
ByLayer
 62
  256
370
   -1
100
AcDbLine
 10
-35.34956602904254
 20
54.54730223905085
 11
-34.80572655167266
 21
53.70811297383468
  0
LINE
  5
4CB
100
AcDbEntity
  8
OuterRing
  6
ByLayer
 62
  256
370
   -1
100
AcDbLine
 10
-35.34956602904254
 20
54.54730223905085
 11
-35.89340550641243
 21
55.38649150426701
  0
LINE
  5
4CC
100
AcDbEntity
  8
InnerRing
  6
ByLayer
 62
  256
370
   -1
100
AcDbLine
 10
-34.981700166446
 20
54.78394521632111
 11
-34.71261016516564
 21
54.36253025311864
  0
LINE
  5
4CD
100
AcDbEntity
  8
OuterRing
  6
ByLayer
 62
  256
370
   -1
100
AcDbLine
 10
-34.981700166446
 20
54.78394521632111
 11
-35.25079016772635
 21
55.20536017952358
  0
LINE
  5
4CE
100
AcDbEntity
  8
InnerRing
  6
ByLayer
 62
  256
370
   -1
100
AcDbLine
 10
-34.61316097710753
 20
55.01753436108202
 11
-34.34690589266824
 21
54.59432255830446
  0
LINE
  5
4CF
100
AcDbEntity
  8
OuterRing
  6
ByLayer
 62
  256
370
   -1
100
AcDbLine
 10
-34.61316097710753
 20
55.01753436108202
 11
-34.87941606154682
 21
55.44074616385957
  0
LINE
  5
4D0
100
AcDbEntity
  8
InnerRing
  6
ByLayer
 62
  256
370
   -1
100
AcDbLine
 10
-34.24397217989819
 20
55.24808023218869
 11
-33.98055700928359
 21
54.8230949996334
  0
LINE
  5
4D1
100
AcDbEntity
  8
OuterRing
  6
ByLayer
 62
  256
370
   -1
100
AcDbLine
 10
-34.24397217989819
 20
55.24808023218869
 11
-34.5073873505128
 21
55.67306546474399
  0
LINE
  5
4D2
100
AcDbEntity
  8
InnerRing
  6
ByLayer
 62
  256
370
   -1
100
AcDbLine
 10
-33.87415724869732
 20
55.47559346857433
 11
-33.61358680832272
 21
55.04885813420068
  0
LINE
  5
4D3
100
AcDbEntity
  8
OuterRing
  6
ByLayer
 62
  256
370
   -1
100
AcDbLine
 10
-33.87415724869732
 20
55.47559346857433
 11
-34.13472768907192
 21
55.90232880294798
  0
LINE
  5
4D4
100
AcDbEntity
  8
InnerRing
  6
ByLayer
 62
  256
370
   -1
100
AcDbLine
 10
-33.5037394142602
 20
55.70008478684164
 11
-32.98829726942543
 21
54.84316040550561
  0
LINE
  5
4D5
100
AcDbEntity
  8
OuterRing
  6
ByLayer
 62
  256
370
   -1
100
AcDbLine
 10
-33.5037394142602
 20
55.70008478684164
 11
-34.01918155909497
 21
56.55700916817766
  0
LINE
  5
4D6
100
AcDbEntity
  8
InnerRing
  6
ByLayer
 62
  256
370
   -1
100
AcDbLine
 10
-33.1327416660787
 20
55.92156497889604
 11
-32.87787442249348
 21
55.491399094443
  0
LINE
  5
4D7
100
AcDbEntity
  8
OuterRing
  6
ByLayer
 62
  256
370
   -1
100
AcDbLine
 10
-33.1327416660787
 20
55.92156497889604
 11
-33.38760890966392
 21
56.35173086334909
  0
LINE
  5
4D8
100
AcDbEntity
  8
InnerRing
  6
ByLayer
 62
  256
370
   -1
100
AcDbLine
 10
-32.76118675423468
 20
56.14004490962007
 11
-32.50917762535595
 21
55.7081984103153
  0
LINE
  5
4D9
100
AcDbEntity
  8
OuterRing
  6
ByLayer
 62
  256
370
   -1
100
AcDbLine
 10
-32.76118675423468
 20
56.14004490962007
 11
-33.0131958831134
 21
56.57189140892484
  0
LINE
  5
4DA
100
AcDbEntity
  8
InnerRing
  6
ByLayer
 62
  256
370
   -1
100
AcDbLine
 10
-32.38909719124656
 20
56.35553551458796
 11
-32.13995028977543
 21
55.92203139524497
  0
LINE
  5
4DB
100
AcDbEntity
  8
OuterRing
  6
ByLayer
 62
  256
370
   -1
100
AcDbLine
 10
-32.38909719124656
 20
56.35553551458796
 11
-32.63824409271768
 21
56.78903963393094
  0
LINE
  5
4DC
100
AcDbEntity
  8
InnerRing
  6
ByLayer
 62
  256
370
   -1
100
AcDbLine
 10
-32.0164952539083
 20
56.56804779782016
 11
-31.77021452118593
 21
56.13290896860617
  0
LINE
  5
4DD
100
AcDbEntity
  8
OuterRing
  6
ByLayer
 62
  256
370
   -1
100
AcDbLine
 10
-32.0164952539083
 20
56.56804779782016
 11
-32.26277598663068
 21
57.00318662703417
  0
LINE
  5
4DE
100
AcDbEntity
  8
InnerRing
  6
ByLayer
 62
  256
370
   -1
100
AcDbLine
 10
-31.64340298512083
 20
56.77759282957712
 11
-31.15658140073436
 21
55.90409140142977
  0
LINE
  5
4DF
100
AcDbEntity
  8
OuterRing
  6
ByLayer
 62
  256
370
   -1
100
AcDbLine
 10
-31.64340298512083
 20
56.77759282957712
 11
-32.13022456950731
 21
57.65109425772445
  0
LINE
  5
4E0
100
AcDbEntity
  8
InnerRing
  6
ByLayer
 62
  256
370
   -1
100
AcDbLine
 10
-31.26984219571582
 20
56.98418174419135
 11
-31.02930494805647
 21
56.54584188462065
  0
LINE
  5
4E1
100
AcDbEntity
  8
OuterRing
  6
ByLayer
 62
  256
370
   -1
100
AcDbLine
 10
-31.26984219571582
 20
56.98418174419135
 11
-31.51037944337517
 21
57.42252160376206
  0
LINE
  5
4E2
100
AcDbEntity
  8
InnerRing
  6
ByLayer
 62
  256
370
   -1
100
AcDbLine
 10
-30.89583446627172
 20
57.18782573793776
 11
-30.65817420114655
 21
56.74791938610747
  0
LINE
  5
4E3
100
AcDbEntity
  8
OuterRing
  6
ByLayer
 62
  256
370
   -1
100
AcDbLine
 10
-30.89583446627172
 20
57.18782573793776
 11
-31.13349473139689
 21
57.62773208976805
  0
LINE
  5
4E4
100
AcDbEntity
  8
InnerRing
  6
ByLayer
 62
  256
370
   -1
100
AcDbLine
 10
-30.52140114892175
 20
57.38853606694109
 11
-30.28662114008389
 21
56.94708578950308
  0
LINE
  5
4E5
100
AcDbEntity
  8
OuterRing
  6
ByLayer
 62
  256
370
   -1
100
AcDbLine
 10
-30.52140114892175
 20
57.38853606694109
 11
-30.75618115775961
 21
57.82998634437909
  0
LINE
  5
4E6
100
AcDbEntity
  8
InnerRing
  6
ByLayer
 62
  256
370
   -1
100
AcDbLine
 10
-30.14656336915382
 20
57.58632404512024
 11
-29.91466672785264
 21
57.14335232169623
  0
LINE
  5
4E7
100
AcDbEntity
  8
OuterRing
  6
ByLayer
 62
  256
370
   -1
100
AcDbLine
 10
-30.14656336915382
 20
57.58632404512024
 11
-30.37846001045501
 21
58.02929576854424
  0
LINE
  5
4E8
100
AcDbEntity
  8
InnerRing
  6
ByLayer
 62
  256
370
   -1
100
AcDbLine
 10
-29.77134202760229
 20
57.78120104216874
 11
-29.31332138102379
 21
56.89225948767383
  0
LINE
  5
4E9
100
AcDbEntity
  8
OuterRing
  6
ByLayer
 62
  256
370
   -1
100
AcDbLine
 10
-29.77134202760229
 20
57.78120104216874
 11
-30.22936267418079
 21
58.67014259666364
  0
LINE
  5
4EA
100
AcDbEntity
  8
InnerRing
  6
ByLayer
 62
  256
370
   -1
100
AcDbLine
 10
-29.3957578018316
 20
57.97317848157074
 11
-29.16963658797135
 21
57.52723095478942
  0
LINE
  5
4EB
100
AcDbEntity
  8
OuterRing
  6
ByLayer
 62
  256
370
   -1
100
AcDbLine
 10
-29.3957578018316
 20
57.97317848157074
 11
-29.62187901569184
 21
58.41912600835205
  0
LINE
  5
4EC
100
AcDbEntity
  8
InnerRing
  6
ByLayer
 62
  256
370
   -1
100
AcDbLine
 10
-29.01983114811107
 20
58.16226783865226
 11
-28.79660167774098
 21
57.71486577835493
  0
LINE
  5
4ED
100
AcDbEntity
  8
OuterRing
  6
ByLayer
 62
  256
370
   -1
100
AcDbLine
 10
-29.01983114811107
 20
58.16226783865226
 11
-29.24306061848115
 21
58.60966989894958
  0
LINE
  5
4EE
100
AcDbEntity
  8
InnerRing
  6
ByLayer
 62
  256
370
   -1
100
AcDbLine
 10
-28.64358230318117
 20
58.34848063866691
 11
-28.42324705469516
 21
57.89964617221562
  0
LINE
  5
4EF
100
AcDbEntity
  8
OuterRing
  6
ByLayer
 62
  256
370
   -1
100
AcDbLine
 10
-28.64358230318117
 20
58.34848063866691
 11
-28.86391755166717
 21
58.79731510511819
  0
LINE
  5
4F0
100
AcDbEntity
  8
InnerRing
  6
ByLayer
 62
  256
370
   -1
100
AcDbLine
 10
-28.26703128601183
 20
58.53182845491526
 11
-28.04959258381173
 21
58.08158362064669
  0
LINE
  5
4F1
100
AcDbEntity
  8
OuterRing
  6
ByLayer
 62
  256
370
   -1
100
AcDbLine
 10
-28.26703128601183
 20
58.53182845491526
 11
-28.48446998821192
 21
58.98207328918384
  0
LINE
  5
4F2
100
AcDbEntity
  8
InnerRing
  6
ByLayer
 62
  256
370
   -1
100
AcDbLine
 10
-27.89019789955149
 20
58.71232290689795
 11
-27.24657794802338
 21
57.35742314750799
  0
LINE
  5
4F3
100
AcDbEntity
  8
OuterRing
  6
ByLayer
 62
  256
370
   -1
100
AcDbLine
 10
-27.89019789955149
 20
58.71232290689795
 11
-28.5338178510796
 21
60.0672226662879
  0
LINE
  5
4F4
100
AcDbEntity
  8
InnerRing
  6
ByLayer
 62
  256
370
   -1
100
AcDbLine
 10
-27.51310173246698
 20
58.8899756585017
 11
-27.30146248837108
 21
58.43697584574399
  0
LINE
  5
4F5
100
AcDbEntity
  8
OuterRing
  6
ByLayer
 62
  256
370
   -1
100
AcDbLine
 10
-27.51310173246698
 20
58.8899756585017
 11
-27.72474097656288
 21
59.3429754712594
  0
LINE
  5
4F6
100
AcDbEntity
  8
InnerRing
  6
ByLayer
 62
  256
370
   -1
100
AcDbLine
 10
-27.13576216087536
 20
59.06479841621746
 11
-26.92702552886863
 21
58.61045381301579
  0
LINE
  5
4F7
100
AcDbEntity
  8
OuterRing
  6
ByLayer
 62
  256
370
   -1
100
AcDbLine
 10
-27.13576216087536
 20
59.06479841621746
 11
-27.34449879288209
 21
59.51914301941914
  0
LINE
  5
4F8
100
AcDbEntity
  8
InnerRing
  6
ByLayer
 62
  256
370
   -1
100
AcDbLine
 10
-26.75819835006617
 20
59.23680292739063
 11
-26.55236605506566
 21
58.78113521256456
  0
LINE
  5
4F9
100
AcDbEntity
  8
OuterRing
  6
ByLayer
 62
  256
370
   -1
100
AcDbLine
 10
-26.75819835006617
 20
59.23680292739063
 11
-26.96403064506668
 21
59.69247064221672
  0
LINE
  5
4FA
100
AcDbEntity
  8
InnerRing
  6
ByLayer
 62
  256
370
   -1
100
AcDbLine
 10
-26.3804292562149
 20
59.40600097850251
 11
-26.17750287732093
 21
58.94903174020634
  0
LINE
  5
4FB
100
AcDbEntity
  8
OuterRing
  6
ByLayer
 62
  256
370
   -1
100
AcDbLine
 10
-26.3804292562149
 20
59.40600097850251
 11
-26.58335563510886
 21
59.86297021679868
  0
LINE
  5
4FC
100
AcDbEntity
  8
InnerRing
  6
ByLayer
 62
  256
370
   -1
100
AcDbLine
 10
-26.00247362808718
 20
59.57240439348265
 11
-25.60243557227045
 21
58.65590586435215
  0
LINE
  5
4FD
100
AcDbEntity
  8
OuterRing
  6
ByLayer
 62
  256
370
   -1
100
AcDbLine
 10
-26.00247362808718
 20
59.57240439348265
 11
-26.4025116839039
 21
60.48890292261316
  0
LINE
  5
4FE
100
AcDbEntity
  8
InnerRing
  6
ByLayer
 62
  256
370
   -1
100
AcDbLine
 10
-25.62435000873385
 20
59.73602503205165
 11
-25.42723962405128
 21
59.27651714718971
  0
LINE
  5
4FF
100
AcDbEntity
  8
OuterRing
  6
ByLayer
 62
  256
370
   -1
100
AcDbLine
 10
-25.62435000873385
 20
59.73602503205165
 11
-25.82146039341642
 21
60.19553291691359
  0
LINE
  5
500
100
AcDbEntity
  8
InnerRing
  6
ByLayer
 62
  256
370
   -1
100
AcDbLine
 10
-25.24607673717655
 20
59.89687478809385
 11
-25.05187614689058
 21
59.4361295974162
  0
LINE
  5
501
100
AcDbEntity
  8
OuterRing
  6
ByLayer
 62
  256
370
   -1
100
AcDbLine
 10
-25.24607673717655
 20
59.89687478809385
 11
-25.44027732746253
 21
60.3576199787715
  0
LINE
  5
502
100
AcDbEntity
  8
InnerRing
  6
ByLayer
 62
  256
370
   -1
100
AcDbLine
 10
-24.86767195008462
 20
60.0549655880592
 11
-24.6763821658532
 21
59.59300431430489
  0
LINE
  5
503
100
AcDbEntity
  8
OuterRing
  6
ByLayer
 62
  256
370
   -1
100
AcDbLine
 10
-24.86767195008462
 20
60.0549655880592
 11
-25.05896173431604
 21
60.5169268618135
  0
LINE
  5
504
100
AcDbEntity
  8
InnerRing
  6
ByLayer
 62
  256
370
   -1
100
AcDbLine
 10
-24.48915358344196
 20
60.21030938939437
 11
-24.30077547895394
 21
59.7471531633221
  0
LINE
  5
505
100
AcDbEntity
  8
OuterRing
  6
ByLayer
 62
  256
370
   -1
100
AcDbLine
 10
-24.48915358344196
 20
60.21030938939437
 11
-24.67753168792997
 21
60.67346561546663
  0
LINE
  5
506
100
AcDbEntity
  8
InnerRing
  6
ByLayer
 62
  256
370
   -1
100
AcDbLine
 10
-24.11053937420464
 20
60.36291817900231
 11
-23.73960799921688
 21
59.43425789932535
  0
LINE
  5
507
100
AcDbEntity
  8
OuterRing
  6
ByLayer
 62
  256
370
   -1
100
AcDbLine
 10
-24.11053937420464
 20
60.36291817900231
 11
-24.48147074919241
 21
61.29157845867927
  0
LINE
  5
508
100
AcDbEntity
  8
InnerRing
  6
ByLayer
 62
  256
370
   -1
100
AcDbLine
 10
-23.73184686194937
 20
60.51280397172968
 11
-23.54929419378053
 21
60.04732086425484
  0
LINE
  5
509
100
AcDbEntity
  8
OuterRing
  6
ByLayer
 62
  256
370
   -1
100
AcDbLine
 10
-23.73184686194937
 20
60.51280397172968
 11
-23.91439953011821
 21
60.97828707920453
  0
LINE
  5
50A
100
AcDbEntity
  8
InnerRing
  6
ByLayer
 62
  256
370
   -1
100
AcDbLine
 10
-23.35309339051205
 20
60.65997880888207
 11
-23.17345421058504
 21
60.19336358727529
  0
LINE
  5
50B
100
AcDbEntity
  8
OuterRing
  6
ByLayer
 62
  256
370
   -1
100
AcDbLine
 10
-23.35309339051205
 20
60.65997880888207
 11
-23.53273257043907
 21
61.12659403048886
  0
LINE
  5
50C
100
AcDbEntity
  8
InnerRing
  6
ByLayer
 62
  256
370
   -1
100
AcDbLine
 10
-22.97429610961699
 20
60.80445475676628
 11
-22.79757075492762
 21
60.33672818171424
  0
LINE
  5
50D
100
AcDbEntity
  8
OuterRing
  6
ByLayer
 62
  256
370
   -1
100
AcDbLine
 10
-22.97429610961699
 20
60.80445475676628
 11
-23.15102146430635
 21
61.27218133181833
  0
LINE
  5
50E
100
AcDbEntity
  8
InnerRing
  6
ByLayer
 62
  256
370
   -1
100
AcDbLine
 10
-22.59547197649643
 20
60.94624390525937
 11
-22.4216606536003
 21
60.47742664444968
  0
LINE
  5
50F
100
AcDbEntity
  8
OuterRing
  6
ByLayer
 62
  256
370
   -1
100
AcDbLine
 10
-22.59547197649643
 20
60.94624390525937
 11
-22.76928329939255
 21
61.41506116606905
  0
LINE
  5
510
100
AcDbEntity
  8
InnerRing
  6
ByLayer
 62
  256
370
   -1
100
AcDbLine
 10
-22.21663775750043
 20
61.08535836640402
 11
-21.87484333046196
 21
60.1455836223055
  0
LINE
  5
511
100
AcDbEntity
  8
OuterRing
  6
ByLayer
 62
  256
370
   -1
100
AcDbLine
 10
-22.21663775750043
 20
61.08535836640402
 11
-22.5584321845389
 21
62.02513311050255
  0
LINE
  5
512
100
AcDbEntity
  8
InnerRing
  6
ByLayer
 62
  256
370
   -1
100
AcDbLine
 10
-21.83781002969762
 20
61.22181027302965
 11
-21.66982687562302
 21
60.75087327092942
  0
LINE
  5
513
100
AcDbEntity
  8
OuterRing
  6
ByLayer
 62
  256
370
   -1
100
AcDbLine
 10
-21.83781002969762
 20
61.22181027302965
 11
-22.00579318377222
 21
61.69274727512988
  0
LINE
  5
514
100
AcDbEntity
  8
InnerRing
  6
ByLayer
 62
  256
370
   -1
100
AcDbLine
 10
-21.45900518246505
 20
61.35561177739928
 11
-21.2939359118307
 21
60.88364553295775
  0
LINE
  5
515
100
AcDbEntity
  8
OuterRing
  6
ByLayer
 62
  256
370
   -1
100
AcDbLine
 10
-21.45900518246505
 20
61.35561177739928
 11
-21.6240744530994
 21
61.82757802184081
  0
LINE
  5
516
100
AcDbEntity
  8
InnerRing
  6
ByLayer
 62
  256
370
   -1
100
AcDbLine
 10
-21.08023941906972
 20
61.48677504988125
 11
-20.91808373123072
 21
61.01379985718985
  0
LINE
  5
517
100
AcDbEntity
  8
OuterRing
  6
ByLayer
 62
  256
370
   -1
100
AcDbLine
 10
-21.08023941906972
 20
61.48677504988125
 11
-21.24239510690872
 21
61.95975024257264
  0
LINE
  5
518
100
AcDbEntity
  8
InnerRing
  6
ByLayer
 62
  256
370
   -1
100
AcDbLine
 10
-20.70152875823961
 20
61.61531227764554
 11
-20.54228622933007
 21
61.14134833704827
  0
LINE
  5
519
100
AcDbEntity
  8
OuterRing
  6
ByLayer
 62
  256
370
   -1
100
AcDbLine
 10
-20.70152875823961
 20
61.61531227764554
 11
-20.86077128714915
 21
62.08927621824282
  0
LINE
  5
51A
100
AcDbEntity
  8
InnerRing
  6
ByLayer
 62
  256
370
   -1
100
AcDbLine
 10
-20.32288903572501
 20
61.74123566338471
 11
-20.01022920440616
 21
60.79137049933264
  0
LINE
  5
51B
100
AcDbEntity
  8
OuterRing
  6
ByLayer
 62
  256
370
   -1
100
AcDbLine
 10
-20.32288903572501
 20
61.74123566338471
 11
-20.63554886704385
 21
62.69110082743679
  0
LINE
  5
51C
100
AcDbEntity
  8
InnerRing
  6
ByLayer
 62
  256
370
   -1
100
AcDbLine
 10
-19.94433590585023
 20
61.86455742405835
 11
-19.7909179373437
 21
61.38867621310405
  0
LINE
  5
51D
100
AcDbEntity
  8
OuterRing
  6
ByLayer
 62
  256
370
   -1
100
AcDbLine
 10
-19.94433590585023
 20
61.86455742405835
 11
-20.09775387435678
 21
62.34043863501264
  0
LINE
  5
51E
100
AcDbEntity
  8
InnerRing
  6
ByLayer
 62
  256
370
   -1
100
AcDbLine
 10
-19.56588484305561
 20
61.98528978966128
 11
-19.41537803657057
 21
61.50847986820234
  0
LINE
  5
51F
100
AcDbEntity
  8
OuterRing
  6
ByLayer
 62
  256
370
   -1
100
AcDbLine
 10
-19.56588484305561
 20
61.98528978966128
 11
-19.71639164954065
 21
62.46209971112021
  0
LINE
  5
520
100
AcDbEntity
  8
InnerRing
  6
ByLayer
 62
  256
370
   -1
100
AcDbLine
 10
-19.18755114342948
 20
62.10344500201481
 11
-19.03995459617234
 21
61.62572619430701
  0
LINE
  5
521
100
AcDbEntity
  8
OuterRing
  6
ByLayer
 62
  256
370
   -1
100
AcDbLine
 10
-19.18755114342948
 20
62.10344500201481
 11
-19.33514769068663
 21
62.58116380972262
  0
LINE
  5
522
100
AcDbEntity
  8
InnerRing
  6
ByLayer
 62
  256
370
   -1
100
AcDbLine
 10
-18.80934992623073
 20
62.21903531358072
 11
-18.66466261910588
 21
61.7404273496301
  0
LINE
  5
523
100
AcDbEntity
  8
OuterRing
  6
ByLayer
 62
  256
370
   -1
100
AcDbLine
 10
-18.80934992623073
 20
62.21903531358072
 11
-18.95403723335559
 21
62.69764327753133
  0
LINE
  5
524
100
AcDbEntity
  8
InnerRing
  6
ByLayer
 62
  256
370
   -1
100
AcDbLine
 10
-18.43129613540099
 20
62.33207298629777
 11
-17.86417933123481
 21
60.41416304825784
  0
LINE
  5
525
100
AcDbEntity
  8
OuterRing
  6
ByLayer
 62
  256
370
   -1
100
AcDbLine
 10
-18.43129613540099
 20
62.33207298629777
 11
-18.99841293956718
 21
64.2499829243377
  0
TEXT
  5
526
100
AcDbEntity
  8
Numbers
  6
ByLayer
 62
  256
370
   -1
100
AcDbText
 10
-17.86417933123481
 20
60.41416304825784
 30
0
 40
3
  1
9
 50
-253.527303398157
 41
1
 51
0
  7
opensans-italic
 71
    0
 72
    2
 11
-17.86417933123481
 21
60.41416304825784
 31
0
210
0
220
0
230
1
100
AcDbText
 73
    2
  0
TEXT
  5
527
100
AcDbEntity
  8
Numbers
  6
ByLayer
 62
  256
370
   -1
100
AcDbText
 10
-18.99841293956718
 20
64.2499829243377
 30
0
 40
3
  1
9
 50
-253.527303398157
 41
1
 51
0
  7
opensans-italic
 71
    0
 11
-18.99841293956718
 21
64.2499829243377
 31
0
210
0
220
0
230
1
100
AcDbText
 73
    2
  0
LINE
  5
528
100
AcDbEntity
  8
InnerRing
  6
ByLayer
 62
  256
370
   -1
100
AcDbLine
 10
-17.48690315394416
 20
62.60357991428747
 11
-17.35238851429843
 21
62.1220139149468
  0
LINE
  5
529
100
AcDbEntity
  8
OuterRing
  6
ByLayer
 62
  256
370
   -1
100
AcDbLine
 10
-17.48690315394416
 20
62.60357991428747
 11
-17.62141779358988
 21
63.08514591362815
  0
LINE
  5
52A
100
AcDbEntity
  8
InnerRing
  6
ByLayer
 62
  256
370
   -1
100
AcDbLine
 10
-16.54374953106747
 20
62.8594014563717
 11
-16.28923030751258
 21
61.89233374165829
  0
LINE
  5
52B
100
AcDbEntity
  8
OuterRing
  6
ByLayer
 62
  256
370
   -1
100
AcDbLine
 10
-16.54374953106747
 20
62.8594014563717
 11
-16.79826875462235
 21
63.82646917108512
  0
LINE
  5
52C
100
AcDbEntity
  8
InnerRing
  6
ByLayer
 62
  256
370
   -1
100
AcDbLine
 10
-15.6020547809154
 20
63.09972968732366
 11
-15.48203897490836
 21
62.61434715126732
  0
LINE
  5
52D
100
AcDbEntity
  8
OuterRing
  6
ByLayer
 62
  256
370
   -1
100
AcDbLine
 10
-15.6020547809154
 20
63.09972968732366
 11
-15.72207058692244
 21
63.58511222337999
  0
LINE
  5
52E
100
AcDbEntity
  8
InnerRing
  6
ByLayer
 62
  256
370
   -1
100
AcDbLine
 10
-14.66203197182966
 20
63.32475675797772
 11
-14.43646224918612
 21
62.35052973093191
  0
LINE
  5
52F
100
AcDbEntity
  8
OuterRing
  6
ByLayer
 62
  256
370
   -1
100
AcDbLine
 10
-14.66203197182966
 20
63.32475675797772
 11
-14.88760169447319
 21
64.29898378502354
  0
LINE
  5
530
100
AcDbEntity
  8
InnerRing
  6
ByLayer
 62
  256
370
   -1
100
AcDbLine
 10
-13.72388786568692
 20
63.53467479927832
 11
-13.61831949748933
 21
63.04594653159156
  0
LINE
  5
531
100
AcDbEntity
  8
OuterRing
  6
ByLayer
 62
  256
370
   -1
100
AcDbLine
 10
-13.72388786568692
 20
63.53467479927832
 11
-13.82945623388451
 21
64.02340306696507
  0
LINE
  5
532
100
AcDbEntity
  8
InnerRing
  6
ByLayer
 62
  256
370
   -1
100
AcDbLine
 10
-12.78782305485823
 20
63.72967583094736
 11
-12.59108731555272
 21
62.74921927970202
  0
LINE
  5
533
100
AcDbEntity
  8
OuterRing
  6
ByLayer
 62
  256
370
   -1
100
AcDbLine
 10
-12.78782305485823
 20
63.72967583094736
 11
-12.98455879416374
 21
64.71013238219271
  0
LINE
  5
534
100
AcDbEntity
  8
InnerRing
  6
ByLayer
 62
  256
370
   -1
100
AcDbLine
 10
-11.85403209680045
 20
63.90995167458684
 11
-11.76284723451737
 21
63.4183366617054
  0
LINE
  5
535
100
AcDbEntity
  8
OuterRing
  6
ByLayer
 62
  256
370
   -1
100
AcDbLine
 10
-11.85403209680045
 20
63.90995167458684
 11
-11.94521695908353
 21
64.40156668746828
  0
LINE
  5
536
100
AcDbEntity
  8
InnerRing
  6
ByLayer
 62
  256
370
   -1
100
AcDbLine
 10
-10.92270364629131
 20
64.07569387104049
 11
-10.75466205173298
 21
63.08991396533217
  0
LINE
  5
537
100
AcDbEntity
  8
OuterRing
  6
ByLayer
 62
  256
370
   -1
100
AcDbLine
 10
-10.92270364629131
 20
64.07569387104049
 11
-11.09074524084964
 21
65.0614737767488
  0
LINE
  5
538
100
AcDbEntity
  8
InnerRing
  6
ByLayer
 62
  256
370
   -1
100
AcDbLine
 10
-9.994020585324709
 20
64.22709360184459
 11
-9.917143503899135
 21
63.73303903567655
  0
LINE
  5
539
100
AcDbEntity
  8
OuterRing
  6
ByLayer
 62
  256
370
   -1
100
AcDbLine
 10
-9.994020585324709
 20
64.22709360184459
 11
-10.07089766675028
 21
64.72114816801262
  0
LINE
  5
53A
100
AcDbEntity
  8
InnerRing
  6
ByLayer
 62
  256
370
   -1
100
AcDbLine
 10
-9.068160150679677
 20
64.36434161460541
 11
-8.858894916433224
 21
62.87901065426836
  0
LINE
  5
53B
100
AcDbEntity
  8
OuterRing
  6
ByLayer
 62
  256
370
   -1
100
AcDbLine
 10
-9.068160150679677
 20
64.36434161460541
 11
-9.277425384926131
 21
65.84967257494246
  0
LINE
  5
53C
100
AcDbEntity
  8
InnerRing
  6
ByLayer
 62
  256
370
   -1
100
AcDbLine
 10
-8.145294059184355
 20
64.48762815214572
 11
-8.082637951036782
 21
63.99156947405228
  0
LINE
  5
53D
100
AcDbEntity
  8
OuterRing
  6
ByLayer
 62
  256
370
   -1
100
AcDbLine
 10
-8.145294059184355
 20
64.48762815214572
 11
-8.207950167331926
 21
64.98368683023914
  0
LINE
  5
53E
100
AcDbEntity
  8
InnerRing
  6
ByLayer
 62
  256
370
   -1
100
AcDbLine
 10
-7.225588630691884
 20
64.59714288527022
 11
-7.11442572868124
 21
63.60334068703528
  0
LINE
  5
53F
100
AcDbEntity
  8
OuterRing
  6
ByLayer
 62
  256
370
   -1
100
AcDbLine
 10
-7.225588630691884
 20
64.59714288527022
 11
-7.336751532702528
 21
65.59094508350513
  0
LINE
  5
540
100
AcDbEntity
  8
InnerRing
  6
ByLayer
 62
  256
370
   -1
100
AcDbLine
 10
-6.30920490879071
 20
64.69307484900445
 11
-6.260672563338473
 21
64.19543581170441
  0
LINE
  5
541
100
AcDbEntity
  8
OuterRing
  6
ByLayer
 62
  256
370
   -1
100
AcDbLine
 10
-6.30920490879071
 20
64.69307484900445
 11
-6.357737254242945
 21
65.19071388630448
  0
LINE
  5
542
100
AcDbEntity
  8
InnerRing
  6
ByLayer
 62
  256
370
   -1
100
AcDbLine
 10
-5.396298779271799
 20
64.77561238216764
 11
-5.313278798052233
 21
63.77906449936506
  0
LINE
  5
543
100
AcDbEntity
  8
OuterRing
  6
ByLayer
 62
  256
370
   -1
100
AcDbLine
 10
-5.396298779271799
 20
64.77561238216764
 11
-5.479318760491365
 21
65.77216026497022
  0
LINE
  5
544
100
AcDbEntity
  8
InnerRing
  6
ByLayer
 62
  256
370
   -1
100
AcDbLine
 10
-4.487021086374621
 20
64.84494307014565
 11
-4.452505539556354
 21
64.34613581575991
  0
LINE
  5
545
100
AcDbEntity
  8
OuterRing
  6
ByLayer
 62
  256
370
   -1
100
AcDbLine
 10
-4.487021086374621
 20
64.84494307014565
 11
-4.521536633192887
 21
65.34375032453137
  0
LINE
  5
546
100
AcDbEntity
  8
InnerRing
  6
ByLayer
 62
  256
370
   -1
100
AcDbLine
 10
-3.581517746838001
 20
64.90125369073455
 11
-3.526417473809724
 21
63.90277286472325
  0
LINE
  5
547
100
AcDbEntity
  8
OuterRing
  6
ByLayer
 62
  256
370
   -1
100
AcDbLine
 10
-3.581517746838001
 20
64.90125369073455
 11
-3.636618019866278
 21
65.89973451674585
  0
LINE
  5
548
100
AcDbEntity
  8
InnerRing
  6
ByLayer
 62
  256
370
   -1
100
AcDbLine
 10
-2.679929861780414
 20
64.94473016293114
 11
-2.659315016689796
 21
64.44515531552398
  0
LINE
  5
549
100
AcDbEntity
  8
OuterRing
  6
ByLayer
 62
  256
370
   -1
100
AcDbLine
 10
-2.679929861780414
 20
64.94473016293114
 11
-2.700544706871033
 21
65.4443050103383
  0
LINE
  5
54A
100
AcDbEntity
  8
InnerRing
  6
ByLayer
 62
  256
370
   -1
100
AcDbLine
 10
-1.782393826434532
 20
64.97555749855086
 11
-1.754972382950924
 21
63.97593353703468
  0
LINE
  5
54B
100
AcDbEntity
  8
OuterRing
  6
ByLayer
 62
  256
370
   -1
100
AcDbLine
 10
-1.782393826434532
 20
64.97555749855086
 11
-1.80981526991814
 21
65.97518146006702
  0
LINE
  5
54C
100
AcDbEntity
  8
InnerRing
  6
ByLayer
 62
  256
370
   -1
100
AcDbLine
 10
-0.8890414377660756
 20
64.99391975655827
 11
-0.8822026574755674
 21
64.49396652766167
  0
LINE
  5
54D
100
AcDbEntity
  8
OuterRing
  6
ByLayer
 62
  256
370
   -1
100
AcDbLine
 10
-0.8890414377660756
 20
64.99391975655827
 11
-0.8958802180565839
 21
65.49387298545487
  0
LINE
  5
54E
100
AcDbEntity
  8
InnerRing
  6
ByLayer
 62
  256
370
   -1
100
AcDbLine
 10
-1.194030629168669e-14
 20
65
 11
-1.157291225194249e-14
 21
63
  0
LINE
  5
54F
100
AcDbEntity
  8
OuterRing
  6
ByLayer
 62
  256
370
   -1
100
AcDbLine
 10
-1.194030629168669e-14
 20
65
 11
-1.23077003314309e-14
 21
67
  0
TEXT
  5
550
100
AcDbEntity
  8
Numbers
  6
ByLayer
 62
  256
370
   -1
100
AcDbText
 10
-1.157291225194249e-14
 20
63
 30
0
 40
3
  1
1
 50
-270
 41
1
 51
0
  7
opensans-italic
 71
    0
 72
    2
 11
-1.157291225194249e-14
 21
63
 31
0
210
0
220
0
230
1
100
AcDbText
 73
    2
  0
TEXT
  5
551
100
AcDbEntity
  8
Numbers
  6
ByLayer
 62
  256
370
   -1
100
AcDbText
 10
-1.23077003314309e-14
 20
67
 30
0
 40
3
  1
1
 50
-270
 41
1
 51
0
  7
opensans-italic
 71
    0
 11
-1.23077003314309e-14
 21
67
 31
0
210
0
220
0
230
1
100
AcDbText
 73
    2
  0
CIRCLE
  5
552
100
AcDbEntity
  8
Compass
  6
ByLayer
 62
  256
370
   -1
100
AcDbCircle
 10
0
 20
0
 40
50
  0
CIRCLE
  5
553
100
AcDbEntity
  8
Compass
  6
ByLayer
 62
  256
370
   -1
100
AcDbCircle
 10
0
 20
0
 40
55
  0
LINE
  5
554
100
AcDbEntity
  8
Compass
  6
ByLayer
 62
  256
370
   -1
100
AcDbLine
 10
50
 20
0
 11
55
 21
0
  0
LINE
  5
555
100
AcDbEntity
  8
Compass
  6
ByLayer
 62
  256
370
   -1
100
AcDbLine
 10
49.2403876506104
 20
8.682408883346517
 11
54.16442641567144
 21
9.550649771681169
  0
LINE
  5
556
100
AcDbEntity
  8
Compass
  6
ByLayer
 62
  256
370
   -1
100
AcDbLine
 10
46.98463103929542
 20
17.10100716628343
 11
51.68309414322496
 21
18.81110788291178
  0
LINE
  5
557
100
AcDbEntity
  8
Compass
  6
ByLayer
 62
  256
370
   -1
100
AcDbLine
 10
43.30127018922194
 20
25
 11
47.63139720814413
 21
27.5
  0
LINE
  5
558
100
AcDbEntity
  8
Compass
  6
ByLayer
 62
  256
370
   -1
100
AcDbLine
 10
38.3022221559489
 20
32.13938048432696
 11
42.13244437154379
 21
35.35331853275966
  0
LINE
  5
559
100
AcDbEntity
  8
Compass
  6
ByLayer
 62
  256
370
   -1
100
AcDbLine
 10
32.13938048432697
 20
38.3022221559489
 11
35.35331853275967
 21
42.13244437154379
  0
LINE
  5
55A
100
AcDbEntity
  8
Compass
  6
ByLayer
 62
  256
370
   -1
100
AcDbLine
 10
25.00000000000001
 20
43.30127018922193
 11
27.50000000000001
 21
47.63139720814412
  0
LINE
  5
55B
100
AcDbEntity
  8
Compass
  6
ByLayer
 62
  256
370
   -1
100
AcDbLine
 10
17.10100716628344
 20
46.98463103929542
 11
18.81110788291178
 21
51.68309414322496
  0
LINE
  5
55C
100
AcDbEntity
  8
Compass
  6
ByLayer
 62
  256
370
   -1
100
AcDbLine
 10
8.68240888334652
 20
49.2403876506104
 11
9.550649771681172
 21
54.16442641567144
  0
LINE
  5
55D
100
AcDbEntity
  8
Compass
  6
ByLayer
 62
  256
370
   -1
100
AcDbLine
 10
3.061616997868383e-15
 20
50
 11
3.367778697655221e-15
 21
55
  0
LINE
  5
55E
100
AcDbEntity
  8
Compass
  6
ByLayer
 62
  256
370
   -1
100
AcDbLine
 10
-8.682408883346515
 20
49.2403876506104
 11
-9.550649771681167
 21
54.16442641567144
  0
LINE
  5
55F
100
AcDbEntity
  8
Compass
  6
ByLayer
 62
  256
370
   -1
100
AcDbLine
 10
-17.10100716628343
 20
46.98463103929542
 11
-18.81110788291178
 21
51.68309414322496
  0
LINE
  5
560
100
AcDbEntity
  8
Compass
  6
ByLayer
 62
  256
370
   -1
100
AcDbLine
 10
-24.99999999999999
 20
43.30127018922194
 11
-27.49999999999999
 21
47.63139720814413
  0
LINE
  5
561
100
AcDbEntity
  8
Compass
  6
ByLayer
 62
  256
370
   -1
100
AcDbLine
 10
-32.13938048432697
 20
38.3022221559489
 11
-35.35331853275967
 21
42.13244437154379
  0
LINE
  5
562
100
AcDbEntity
  8
Compass
  6
ByLayer
 62
  256
370
   -1
100
AcDbLine
 10
-38.3022221559489
 20
32.13938048432697
 11
-42.13244437154378
 21
35.35331853275967
  0
LINE
  5
563
100
AcDbEntity
  8
Compass
  6
ByLayer
 62
  256
370
   -1
100
AcDbLine
 10
-43.30127018922194
 20
25
 11
-47.63139720814413
 21
27.5
  0
LINE
  5
564
100
AcDbEntity
  8
Compass
  6
ByLayer
 62
  256
370
   -1
100
AcDbLine
 10
-46.98463103929542
 20
17.10100716628344
 11
-51.68309414322496
 21
18.81110788291179
  0
LINE
  5
565
100
AcDbEntity
  8
Compass
  6
ByLayer
 62
  256
370
   -1
100
AcDbLine
 10
-49.2403876506104
 20
8.682408883346513
 11
-54.16442641567144
 21
9.550649771681165
  0
LINE
  5
566
100
AcDbEntity
  8
Compass
  6
ByLayer
 62
  256
370
   -1
100
AcDbLine
 10
-50
 20
6.123233995736766e-15
 11
-55
 21
6.735557395310443e-15
  0
LINE
  5
567
100
AcDbEntity
  8
Compass
  6
ByLayer
 62
  256
370
   -1
100
AcDbLine
 10
-49.2403876506104
 20
-8.682408883346524
 11
-54.16442641567144
 21
-9.550649771681176
  0
LINE
  5
568
100
AcDbEntity
  8
Compass
  6
ByLayer
 62
  256
370
   -1
100
AcDbLine
 10
-46.98463103929542
 20
-17.10100716628343
 11
-51.68309414322496
 21
-18.81110788291178
  0
LINE
  5
569
100
AcDbEntity
  8
Compass
  6
ByLayer
 62
  256
370
   -1
100
AcDbLine
 10
-43.30127018922193
 20
-25.00000000000001
 11
-47.63139720814412
 21
-27.50000000000001
  0
LINE
  5
56A
100
AcDbEntity
  8
Compass
  6
ByLayer
 62
  256
370
   -1
100
AcDbLine
 10
-38.3022221559489
 20
-32.13938048432696
 11
-42.13244437154379
 21
-35.35331853275966
  0
LINE
  5
56B
100
AcDbEntity
  8
Compass
  6
ByLayer
 62
  256
370
   -1
100
AcDbLine
 10
-32.13938048432697
 20
-38.3022221559489
 11
-35.35331853275967
 21
-42.13244437154378
  0
LINE
  5
56C
100
AcDbEntity
  8
Compass
  6
ByLayer
 62
  256
370
   -1
100
AcDbLine
 10
-25.00000000000002
 20
-43.30127018922192
 11
-27.50000000000002
 21
-47.63139720814411
  0
LINE
  5
56D
100
AcDbEntity
  8
Compass
  6
ByLayer
 62
  256
370
   -1
100
AcDbLine
 10
-17.10100716628343
 20
-46.98463103929542
 11
-18.81110788291177
 21
-51.68309414322496
  0
LINE
  5
56E
100
AcDbEntity
  8
Compass
  6
ByLayer
 62
  256
370
   -1
100
AcDbLine
 10
-8.682408883346517
 20
-49.2403876506104
 11
-9.550649771681169
 21
-54.16442641567144
  0
LINE
  5
56F
100
AcDbEntity
  8
Compass
  6
ByLayer
 62
  256
370
   -1
100
AcDbLine
 10
-9.184850993605149e-15
 20
-50
 11
-1.010333609296566e-14
 21
-55
  0
LINE
  5
570
100
AcDbEntity
  8
Compass
  6
ByLayer
 62
  256
370
   -1
100
AcDbLine
 10
8.682408883346499
 20
-49.24038765061041
 11
9.550649771681149
 21
-54.16442641567145
  0
LINE
  5
571
100
AcDbEntity
  8
Compass
  6
ByLayer
 62
  256
370
   -1
100
AcDbLine
 10
17.10100716628345
 20
-46.98463103929542
 11
18.8111078829118
 21
-51.68309414322496
  0
LINE
  5
572
100
AcDbEntity
  8
Compass
  6
ByLayer
 62
  256
370
   -1
100
AcDbLine
 10
25.00000000000001
 20
-43.30127018922193
 11
27.50000000000001
 21
-47.63139720814412
  0
LINE
  5
573
100
AcDbEntity
  8
Compass
  6
ByLayer
 62
  256
370
   -1
100
AcDbLine
 10
32.13938048432696
 20
-38.3022221559489
 11
35.35331853275966
 21
-42.1324443715438
  0
LINE
  5
574
100
AcDbEntity
  8
Compass
  6
ByLayer
 62
  256
370
   -1
100
AcDbLine
 10
38.30222215594889
 20
-32.13938048432698
 11
42.13244437154378
 21
-35.35331853275968
  0
LINE
  5
575
100
AcDbEntity
  8
Compass
  6
ByLayer
 62
  256
370
   -1
100
AcDbLine
 10
43.30127018922192
 20
-25.00000000000002
 11
47.63139720814411
 21
-27.50000000000002
  0
LINE
  5
576
100
AcDbEntity
  8
Compass
  6
ByLayer
 62
  256
370
   -1
100
AcDbLine
 10
46.98463103929542
 20
-17.10100716628343
 11
51.68309414322496
 21
-18.81110788291177
  0
LINE
  5
577
100
AcDbEntity
  8
Compass
  6
ByLayer
 62
  256
370
   -1
100
AcDbLine
 10
49.2403876506104
 20
-8.68240888334652
 11
54.16442641567144
 21
-9.55064977168117
  0
TEXT
  5
578
100
AcDbEntity
  8
CompassNumbers
  6
ByLayer
 62
  256
370
   -1
100
AcDbText
 10
3.429011037612589e-15
 20
-56
 30
0
 40
3.8
  1
18
 50
-90
 41
1
 51
0
  7
opensans-italic
 71
    0
 11
3.429011037612589e-15
 21
-56
 31
0
210
0
220
0
230
1
100
AcDbText
 73
    2
  0
TEXT
  5
579
100
AcDbEntity
  8
CompassNumbers
  6
ByLayer
 62
  256
370
   -1
100
AcDbText
 10
28.00000000000001
 20
-48.49742261192856
 30
0
 40
3.8
  1
15
 50
-59.99999999999999
 41
1
 51
0
  7
opensans-italic
 71
    0
 11
28.00000000000001
 21
-48.49742261192856
 31
0
210
0
220
0
230
1
100
AcDbText
 73
    2
  0
TEXT
  5
57A
100
AcDbEntity
  8
CompassNumbers
  6
ByLayer
 62
  256
370
   -1
100
AcDbText
 10
48.49742261192857
 20
-28
 30
0
 40
3.8
  1
12
 50
-30
 41
1
 51
0
  7
opensans-italic
 71
    0
 11
48.49742261192857
 21
-28
 31
0
210
0
220
0
230
1
100
AcDbText
 73
    2
  0
TEXT
  5
57B
100
AcDbEntity
  8
CompassNumbers
  6
ByLayer
 62
  256
370
   -1
100
AcDbText
 10
56
 20
0
 30
0
 40
3.8
  1
09
 50
0
 41
1
 51
0
  7
opensans-italic
 71
    0
 11
56
 21
0
 31
0
210
0
220
0
230
1
100
AcDbText
 73
    2
  0
TEXT
  5
57C
100
AcDbEntity
  8
CompassNumbers
  6
ByLayer
 62
  256
370
   -1
100
AcDbText
 10
48.49742261192857
 20
28
 30
0
 40
3.8
  1
06
 50
30
 41
1
 51
0
  7
opensans-italic
 71
    0
 11
48.49742261192857
 21
28
 31
0
210
0
220
0
230
1
100
AcDbText
 73
    2
  0
TEXT
  5
57D
100
AcDbEntity
  8
CompassNumbers
  6
ByLayer
 62
  256
370
   -1
100
AcDbText
 10
28.00000000000001
 20
48.49742261192856
 30
0
 40
3.8
  1
03
 50
59.99999999999999
 41
1
 51
0
  7
opensans-italic
 71
    0
 11
28.00000000000001
 21
48.49742261192856
 31
0
210
0
220
0
230
1
100
AcDbText
 73
    2
  0
TEXT
  5
57E
100
AcDbEntity
  8
CompassNumbers
  6
ByLayer
 62
  256
370
   -1
100
AcDbText
 10
3.429011037612589e-15
 20
56
 30
0
 40
3.8
  1
36
 50
270
 41
1
 51
0
  7
opensans-italic
 71
    0
 72
    2
 11
3.429011037612589e-15
 21
56
 31
0
210
0
220
0
230
1
100
AcDbText
 73
    2
  0
TEXT
  5
57F
100
AcDbEntity
  8
CompassNumbers
  6
ByLayer
 62
  256
370
   -1
100
AcDbText
 10
-27.99999999999999
 20
48.49742261192857
 30
0
 40
3.8
  1
33
 50
300.0000000000001
 41
1
 51
0
  7
opensans-italic
 71
    0
 72
    2
 11
-27.99999999999999
 21
48.49742261192857
 31
0
210
0
220
0
230
1
100
AcDbText
 73
    2
  0
TEXT
  5
580
100
AcDbEntity
  8
CompassNumbers
  6
ByLayer
 62
  256
370
   -1
100
AcDbText
 10
-48.49742261192857
 20
28
 30
0
 40
3.8
  1
30
 50
329.9999999999999
 41
1
 51
0
  7
opensans-italic
 71
    0
 72
    2
 11
-48.49742261192857
 21
28
 31
0
210
0
220
0
230
1
100
AcDbText
 73
    2
  0
TEXT
  5
581
100
AcDbEntity
  8
CompassNumbers
  6
ByLayer
 62
  256
370
   -1
100
AcDbText
 10
-56
 20
6.858022075225178e-15
 30
0
 40
3.8
  1
27
 50
360
 41
1
 51
0
  7
opensans-italic
 71
    0
 72
    2
 11
-56
 21
6.858022075225178e-15
 31
0
210
0
220
0
230
1
100
AcDbText
 73
    2
  0
TEXT
  5
582
100
AcDbEntity
  8
CompassNumbers
  6
ByLayer
 62
  256
370
   -1
100
AcDbText
 10
-48.49742261192856
 20
-28.00000000000001
 30
0
 40
3.8
  1
24
 50
390
 41
1
 51
0
  7
opensans-italic
 71
    0
 72
    2
 11
-48.49742261192856
 21
-28.00000000000001
 31
0
210
0
220
0
230
1
100
AcDbText
 73
    2
  0
TEXT
  5
583
100
AcDbEntity
  8
CompassNumbers
  6
ByLayer
 62
  256
370
   -1
100
AcDbText
 10
-28.00000000000002
 20
-48.49742261192855
 30
0
 40
3.8
  1
21
 50
420
 41
1
 51
0
  7
opensans-italic
 71
    0
 72
    2
 11
-28.00000000000002
 21
-48.49742261192855
 31
0
210
0
220
0
230
1
100
AcDbText
 73
    2
  0
LINE
  5
584
100
AcDbEntity
  8
awaAngle
  6
ByLayer
 62
  256
370
   -1
100
AcDbLine
 10
31.94855331891568
 20
-38.46153846153846
 11
0
 21
-38.46153846153846
  0
LINE
  5
585
100
AcDbEntity
  8
awaAngle
  6
ByLayer
 62
  256
370
   -1
100
AcDbLine
 10
38.72062853500064
 20
-31.63404694082776
 11
0
 21
-38.46153846153846
  0
LINE
  5
586
100
AcDbEntity
  8
awaAngle
  6
ByLayer
 62
  256
370
   -1
100
AcDbLine
 10
44.82838207414163
 20
-22.1453417362383
 11
0
 21
-38.46153846153846
  0
LINE
  5
587
100
AcDbEntity
  8
awaAngle
  6
ByLayer
 62
  256
370
   -1
100
AcDbLine
 10
48.94828781075202
 20
-10.20123131762949
 11
0
 21
-38.46153846153846
  0
LINE
  5
588
100
AcDbEntity
  8
awaAngle
  6
ByLayer
 62
  256
370
   -1
100
AcDbLine
 10
49.88450249814899
 20
3.396529186120461
 11
0
 21
-38.46153846153846
  0
LINE
  5
589
100
AcDbEntity
  8
awaAngle
  6
ByLayer
 62
  256
370
   -1
100
AcDbLine
 10
46.87431863578567
 20
17.40109917306484
 11
0
 21
-38.46153846153846
  0
LINE
  5
58A
100
AcDbEntity
  8
awaAngle
  6
ByLayer
 62
  256
370
   -1
100
AcDbLine
 10
39.73125776508535
 20
30.35501863620487
 11
0
 21
-38.46153846153846
  0
LINE
  5
58B
100
AcDbEntity
  8
awaAngle
  6
ByLayer
 62
  256
370
   -1
100
AcDbLine
 10
28.85984974219791
 20
40.8302470340036
 11
0
 21
-38.46153846153846
  0
LINE
  5
58C
100
AcDbEntity
  8
awaAngle
  6
ByLayer
 62
  256
370
   -1
100
AcDbLine
 10
15.18191311458164
 20
47.63936937220407
 11
0
 21
-38.46153846153846
  0
LINE
  5
58D
100
AcDbEntity
  8
awaAngle
  6
ByLayer
 62
  256
370
   -1
100
AcDbLine
 10
0
 20
49.99999999999999
 11
0
 21
-38.46153846153846
  0
LINE
  5
58E
100
AcDbEntity
  8
awaAngle
  6
ByLayer
 62
  256
370
   -1
100
AcDbLine
 10
-15.18191311458164
 20
47.63936937220407
 11
0
 21
-38.46153846153846
  0
LINE
  5
58F
100
AcDbEntity
  8
awaAngle
  6
ByLayer
 62
  256
370
   -1
100
AcDbLine
 10
-28.85984974219791
 20
40.8302470340036
 11
0
 21
-38.46153846153846
  0
LINE
  5
590
100
AcDbEntity
  8
awaAngle
  6
ByLayer
 62
  256
370
   -1
100
AcDbLine
 10
-39.73125776508535
 20
30.35501863620487
 11
0
 21
-38.46153846153846
  0
LINE
  5
591
100
AcDbEntity
  8
awaAngle
  6
ByLayer
 62
  256
370
   -1
100
AcDbLine
 10
-46.87431863578567
 20
17.40109917306484
 11
0
 21
-38.46153846153846
  0
LINE
  5
592
100
AcDbEntity
  8
awaAngle
  6
ByLayer
 62
  256
370
   -1
100
AcDbLine
 10
-49.88450249814899
 20
3.396529186120461
 11
0
 21
-38.46153846153846
  0
LINE
  5
593
100
AcDbEntity
  8
awaAngle
  6
ByLayer
 62
  256
370
   -1
100
AcDbLine
 10
-48.94828781075202
 20
-10.20123131762949
 11
0
 21
-38.46153846153846
  0
LINE
  5
594
100
AcDbEntity
  8
awaAngle
  6
ByLayer
 62
  256
370
   -1
100
AcDbLine
 10
-44.82838207414163
 20
-22.1453417362383
 11
0
 21
-38.46153846153846
  0
LINE
  5
595
100
AcDbEntity
  8
awaAngle
  6
ByLayer
 62
  256
370
   -1
100
AcDbLine
 10
-38.72062853500064
 20
-31.63404694082776
 11
0
 21
-38.46153846153846
  0
LINE
  5
596
100
AcDbEntity
  8
awaAngle
  6
ByLayer
 62
  256
370
   -1
100
AcDbLine
 10
-31.94855331891568
 20
-38.46153846153846
 11
0
 21
-38.46153846153846
  0
LINE
  5
597
100
AcDbEntity
  8
awaAngle
  6
ByLayer
 62
  256
370
   -1
100
AcDbLine
 10
-25.56600763785953
 20
-42.96951539709178
 11
0
 21
-38.46153846153846
  0
LINE
  5
598
100
AcDbEntity
  8
awaAngle
  6
ByLayer
 62
  256
370
   -1
100
AcDbLine
 10
-20.10578170158242
 20
-45.77944453756854
 11
0
 21
-38.46153846153846
  0
LINE
  5
599
100
AcDbEntity
  8
awaAngle
  6
ByLayer
 62
  256
370
   -1
100
AcDbLine
 10
-15.63961843442747
 20
-47.49107637467819
 11
0
 21
-38.46153846153846
  0
LINE
  5
59A
100
AcDbEntity
  8
awaAngle
  6
ByLayer
 62
  256
370
   -1
100
AcDbLine
 10
-12.00728122844867
 20
-48.53684371177162
 11
0
 21
-38.46153846153846
  0
LINE
  5
59B
100
AcDbEntity
  8
awaAngle
  6
ByLayer
 62
  256
370
   -1
100
AcDbLine
 10
-8.997097366085352
 20
-49.18386157049058
 11
0
 21
-38.46153846153846
  0
LINE
  5
59C
100
AcDbEntity
  8
awaAngle
  6
ByLayer
 62
  256
370
   -1
100
AcDbLine
 10
-6.422588388760796
 20
-49.58578786697409
 11
0
 21
-38.46153846153846
  0
LINE
  5
59D
100
AcDbEntity
  8
awaAngle
  6
ByLayer
 62
  256
370
   -1
100
AcDbLine
 10
-4.137249369638708
 20
-49.82853768327367
 11
0
 21
-38.46153846153846
  0
LINE
  5
59E
100
AcDbEntity
  8
awaAngle
  6
ByLayer
 62
  256
370
   -1
100
AcDbLine
 10
-2.027292217440532
 20
-49.95888395736142
 11
0
 21
-38.46153846153846
  0
LINE
  5
59F
100
AcDbEntity
  8
awaAngle
  6
ByLayer
 62
  256
370
   -1
100
AcDbLine
 10
-1.413053999016177e-15
 20
-50
 11
0
 21
-38.46153846153846
  0
LINE
  5
5A0
100
AcDbEntity
  8
awaAngle
  6
ByLayer
 62
  256
370
   -1
100
AcDbLine
 10
2.027292217440534
 20
-49.95888395736142
 11
0
 21
-38.46153846153846
  0
LINE
  5
5A1
100
AcDbEntity
  8
awaAngle
  6
ByLayer
 62
  256
370
   -1
100
AcDbLine
 10
4.137249369638704
 20
-49.82853768327367
 11
0
 21
-38.46153846153846
  0
LINE
  5
5A2
100
AcDbEntity
  8
awaAngle
  6
ByLayer
 62
  256
370
   -1
100
AcDbLine
 10
6.422588388760799
 20
-49.58578786697409
 11
0
 21
-38.46153846153846
  0
LINE
  5
5A3
100
AcDbEntity
  8
awaAngle
  6
ByLayer
 62
  256
370
   -1
100
AcDbLine
 10
8.997097366085351
 20
-49.18386157049058
 11
0
 21
-38.46153846153846
  0
LINE
  5
5A4
100
AcDbEntity
  8
awaAngle
  6
ByLayer
 62
  256
370
   -1
100
AcDbLine
 10
12.00728122844867
 20
-48.53684371177162
 11
0
 21
-38.46153846153846
  0
LINE
  5
5A5
100
AcDbEntity
  8
awaAngle
  6
ByLayer
 62
  256
370
   -1
100
AcDbLine
 10
15.63961843442745
 20
-47.49107637467819
 11
0
 21
-38.46153846153846
  0
LINE
  5
5A6
100
AcDbEntity
  8
awaAngle
  6
ByLayer
 62
  256
370
   -1
100
AcDbLine
 10
20.10578170158242
 20
-45.77944453756854
 11
0
 21
-38.46153846153846
  0
LINE
  5
5A7
100
AcDbEntity
  8
awaAngle
  6
ByLayer
 62
  256
370
   -1
100
AcDbLine
 10
25.56600763785953
 20
-42.96951539709178
 11
0
 21
-38.46153846153846
  0
ARC
  5
5A8
100
AcDbEntity
  8
awaSpeed
  6
ByLayer
 62
  256
370
   -1
100
AcDbCircle
 10
0
 20
-38.46153846153846
 40
15.38461538461538
100
AcDbArc
 50
-41.49083169128118
 51
-138.5092326702689
  0
ARC
  5
5A9
100
AcDbEntity
  8
awaSpeed
  6
ByLayer
 62
  256
370
   -1
100
AcDbCircle
 10
0
 20
-38.46153846153846
 40
23.07692307692308
100
AcDbArc
 50
-15.96201987029153
 51
-164.0380444912585
  0
ARC
  5
5AA
100
AcDbEntity
  8
awaSpeed
  6
ByLayer
 62
  256
370
   -1
100
AcDbCircle
 10
0
 20
-38.46153846153846
 40
30.76923076923077
100
AcDbArc
 50
-1.790785299649385
 51
-178.2092790619007
  0
ARC
  5
5AB
100
AcDbEntity
  8
awaSpeed
  6
ByLayer
 62
  256
370
   -1
100
AcDbCircle
 10
0
 20
-38.46153846153846
 40
38.46153846153846
100
AcDbArc
 50
8.916799441317782
 51
171.0832649202323
  0
ARC
  5
5AC
100
AcDbEntity
  8
awaSpeed
  6
ByLayer
 62
  256
370
   -1
100
AcDbCircle
 10
0
 20
-38.46153846153846
 40
46.15384615384615
100
AcDbArc
 50
18.20996337551107
 51
161.790100986039
  0
ARC
  5
5AD
100
AcDbEntity
  8
awaSpeed
  6
ByLayer
 62
  256
370
   -1
100
AcDbCircle
 10
0
 20
-38.46153846153846
 40
53.84615384615385
100
AcDbArc
 50
26.97306468619109
 51
153.026999675359
  0
ARC
  5
5AE
100
AcDbEntity
  8
awaSpeed
  6
ByLayer
 62
  256
370
   -1
100
AcDbCircle
 10
0
 20
-38.46153846153846
 40
61.53846153846153
100
AcDbArc
 50
35.75886167653712
 51
144.241202685013
  0
ARC
  5
5AF
100
AcDbEntity
  8
awaSpeed
  6
ByLayer
 62
  256
370
   -1
100
AcDbCircle
 10
0
 20
-38.46153846153846
 40
69.23076923076923
100
AcDbArc
 50
45.09948816526618
 51
134.9005761962839
  0
ARC
  5
5B0
100
AcDbEntity
  8
awaSpeed
  6
ByLayer
 62
  256
370
   -1
100
AcDbCircle
 10
0
 20
-38.46153846153846
 40
76.92307692307692
100
AcDbArc
 50
55.84279748890448
 51
124.1572668726456
  0
ARC
  5
5B1
100
AcDbEntity
  8
awaSpeed
  6
ByLayer
 62
  256
370
   -1
100
AcDbCircle
 10
0
 20
-38.46153846153846
 40
84.61538461538461
100
AcDbArc
 50
70.59298185908405
 51
109.407082502466
  0
ENDSEC
  0
SECTION
  2
OBJECTS
  0
DICTIONARY
  5
C
330
0
100
AcDbDictionary
281
    1
  3
ACAD_GROUP
350
D
  0
DICTIONARY
  5
D
330
C
100
AcDbDictionary
281
    1
  0
ENDSEC
  0
EOF
